5563068	12305419
5563068	12984253
5563069	5560661
5563070	4016904
5563071	5560660
5563071	9023248
5563072	5560659
5563073	5560656
5563073	12255552
5563074	5560655
5563074	12255552
5563075	5560654
5563075	12255552
5563076	3738505
5563077	3738505
5563078	3738505
5563079	3738505
5563080	2264755
5563081	5560652
5563082	3738505
5563083	3738505
5563084	295531
5563085	2264755
5563086	829673
5563087	2643164
5563088	2236966
5563089	2236966
5563090	1111838
5563091	3151479
5563091	10256849
5563092	3151479
5563093	3151479
5563094	2240332
5563094	3686026
5563095	2240332
5563095	3686026
5563096	2240332
5563097	4929566
5563098	3199885
5563098	13750723
5563099	3199885
5563099	7167132
5563099	13773419
5563100	4206730
5563101	3084752
5563101	3383613
5563102	3820351
5563102	10051694
5563103	3035156
5563104	3820351
5563105	2723282
5563106	5504193
5563107	4029037
5563108	2547984
5563108	9167525
5563109	2547984
5563110	1795439
5563110	9513450
5563111	4015126
5563112	1326825
5563113	3818082
5563113	9771450
5563114	3818082
5563114	9771451
5563115	620891
5563116	2855395
5563117	3183466
5563117	10940024
5563118	3492711
5563118	7519184
5563118	9084606
5563118	13392923
5563119	3733258
5563120	5565028
5563121	3821071
5563122	3822034
5563123	4354013
5563124	56692
5563125	4846686
5563126	2682667
5563126	9813291
5563126	9813298
5563126	9813305
5563127	3024013
5563128	3442130
5563128	5861076
5563129	4937913
5563130	5471300
5563131	5471300
5563132	5573273
5563133	297680
5563134	2210575
5563135	2974594
5563136	3144529
5563137	4846686
5563138	3189023
5563139	4012200
5563140	2187241
5563141	5563142
5563141	5579648
5563142	5563141
5563142	5563793
5563142	5563794
5563142	5579648
5563142	6690221
5563143	682997
5563144	682997
5563145	4806038
5563146	5114243
5563147	5114243
5563148	5270638
5563149	5270638
5563150	5270638
5563151	12872480
5563152	5563154
5563153	5629423
5563153	7064639
5563154	5563152
5563155	8117279
5563155	8117280
5563156	6800095
5563156	13196007
5563157	12871917
5563158	5562713
5563159	715854
5563159	14027867
5563159	14027870
5563160	746496
5563160	762868
5563161	3704104
5563161	3704117
5563161	3704178
5563161	3704197
5563161	5563479
5563161	6885575
5563162	343296
5563163	4663410
5563164	4663410
5563165	3422157
5563165	5563362
5563165	5563366
5563166	3153275
5563166	3157326
5563166	3660093
5563166	3910297
5563166	10357627
5563167	3422157
5563167	5563366
5563168	3422157
5563168	5563366
5563169	4664488
5563170	4664488
5563170	5563358
5563171	1398680
5563171	2297378
5563171	5952769
5563171	6533826
5563172	5563466
5563173	238841
5563174	2869047
5563175	2869047
5563176	914102
5563177	5563463
5563178	297624
5563179	5563457
5563180	688875
5563180	5563343
5563181	5562645
5563182	3955450
5563183	1438806
5563184	941437
5563185	1804117
5563186	941437
5563189	3818171
5563189	6710635
5563189	9480646
5563190	3818171
5563190	6710633
5563190	6710634
5563191	1389599
5563192	2509062
5563193	5155117
5563195	3908836
5563196	272857
5563197	5245394
5563198	5245393
5563199	5562663
5563200	5245392
5563201	5562654
5563201	6166642
5563202	2019090
5563203	5561975
5563204	5245391
5563205	5561977
5563206	5245390
5563207	2019089
5563207	2019090
5563208	5245388
5563209	5245387
5563210	2019090
5563211	5245386
5563212	5245385
5563213	288086
5563214	5245384
5563215	369660
5563215	829214
5563216	5245383
5563217	2572500
5563218	3902105
5563219	5245380
5563220	4139918
5563221	1987122
5563222	5244891
5563223	3093217
5563224	5244890
5563225	5244888
5563226	5244884
5563227	5244881
5563228	5244880
5563229	5244879
5563230	5244879
5563231	5245383
5563232	5244878
5563233	5244877
5563234	848686
5563235	5244876
5563236	5244875
5563237	5396759
5563238	5244742
5563239	1590805
5563239	1835380
5563240	5244741
5563241	5244739
5563242	3598603
5563243	5244733
5563244	5244732
5563245	5244731
5563246	5244729
5563247	5244728
5563248	5244727
5563249	5244726
5563250	4470140
5563251	5244724
5563252	5244083
5563253	4470140
5563254	5244081
5563255	5244080
5563256	3346980
5563257	5244079
5563257	5246311
5563257	5246312
5563258	1555045
5563259	5244078
5563260	3346980
5563261	5244076
5563262	5244075
5563263	5244073
5563264	5244072
5563265	2120758
5563266	5244068
5563267	5244067
5563268	5244066
5563269	5243818
5563270	5562830
5563271	5243164
5563272	5243165
5563273	5243166
5563274	3918999
5563274	5769822
5563275	5243168
5563276	5248609
5563277	5243172
5563278	3526772
5563279	3944810
5563280	1825091
5563280	1825092
5563280	8365832
5563281	5243143
5563282	5243151
5563283	5243287
5563284	5243413
5563285	5243411
5563286	2951601
5563287	5243409
5563288	5243405
5563289	5243403
5563290	5243401
5563291	3735674
5563291	5597369
5563292	5243399
5563293	4850008
5563294	5243397
5563295	1523160
5563296	5243414
5563297	5187005
5563298	4614353
5563299	2376552
5563299	13350941
5563300	5331571
5563301	5243410
5563302	5008830
5563303	5331571
5563304	3759507
5563304	3760600
5563304	5563305
5563304	12528031
5563304	12796221
5563304	12796222
5563304	13496006
5563305	3759507
5563305	5563304
5563305	12796221
5563305	12796222
5563305	13496006
5563306	5243408
5563307	259215
5563308	5243406
5563309	279996
5563309	506390
5563309	1229066
5563310	2669689
5563311	5243404
5563312	5243400
5563313	2902838
5563314	5243396
5563315	5539169
5563316	5243267
5563317	5539169
5563318	5243175
5563319	3822443
5563319	7104885
5563319	7104886
5563320	5243173
5563321	2060340
5563321	5563351
5563321	7943007
5563322	5243171
5563323	2060340
5563323	7943007
5563324	2396164
5563325	5243169
5563326	5243167
5563327	5243163
5563328	1652415
5563329	5242915
5563330	5237396
5563331	1388351
5563332	5243181
5563333	4015194
5563333	5151259
5563334	1025051
5563334	11986070
5563334	11986195
5563335	2267353
5563335	8752364
5563335	11521960
5563336	2267353
5563336	11521959
5563337	2267353
5563338	2267353
5563338	7011661
5563338	11521960
5563338	12404297
5563339	898869
5563340	2267353
5563340	4949795
5563340	11521959
5563341	2267353
5563342	3151279
5563343	5563180
5563344	3151279
5563345	2248928
5563346	2248928
5563347	3422656
5563348	3023612
5563349	3530282
5563350	3530282
5563351	2428563
5563351	5563321
5563351	7943007
5563351	11905221
5563351	12404928
5563351	12404929
5563352	265450
5563353	265450
5563354	265450
5563355	5546923
5563356	5546923
5563357	1603570
5563358	4664488
5563358	5563170
5563358	5993174
5563358	7106960
5563358	8837098
5563358	11905220
5563359	1939266
5563360	1939266
5563361	5524312
5563362	3422157
5563362	5563165
5563362	11905219
5563362	12558458
5563362	13213745
5563363	5541767
5563363	5542927
5563364	3899900
5563365	3899900
5563365	10355539
5563366	3422157
5563366	5563165
5563366	5563167
5563366	5563168
5563367	4585889
5563367	4585891
5563368	3594009
5563368	3599345
5563369	2247812
5563369	4693506
5563370	3211185
5563370	3211186
5563370	8859783
5563371	3028174
5563371	5675781
5563371	10997745
5563371	10997746
5563372	2044595
5563372	2644640
5563372	5664504
5563373	2644640
5563374	2044595
5563374	2644640
5563375	2644640
5563376	2044595
5563376	2644640
5563377	3946232
5563378	2644640
5563379	2868614
5563379	6439442
5563379	6773637
5563380	2868614
5563380	6439442
5563381	2868614
5563381	6439442
5563382	3424188
5563383	3153850
5563384	58671
5563385	58671
5563386	58671
5563387	58671
5563388	58671
5563389	3153762
5563389	8455616
5563390	3153762
5563390	8165771
5563391	1928275
5563392	5289967
5563393	3153707
5563394	3153707
5563395	4615569
5563396	3153713
5563397	3153713
5563398	4099510
5563399	23750
5563399	2739138
5563399	3646647
5563400	3434421
5563401	2902096
5563402	3028174
5563402	10793168
5563403	3732604
5563404	3732604
5563405	4498566
5563406	4498566
5563407	4498566
5563408	4498566
5563409	4498566
5563410	4498566
5563411	4498566
5563412	4498566
5563413	5551155
5563414	3826336
5563414	3871834
5563415	3826336
5563416	5551155
5563417	3826336
5563418	3826336
5563419	4498772
5563420	4498772
5563421	1137365
5563422	1137365
5563423	5552906
5563424	1137365
5563425	1137365
5563426	2663037
5563426	13918008
5563427	4664362
5563428	4663592
5563429	4663592
5563430	2544666
5563431	2544666
5563432	2544666
5563433	2544666
5563434	2643299
5563434	13557210
5563434	13557212
5563435	1521235
5563436	2643299
5563436	8883811
5563436	8883910
5563436	10136532
5563436	10136533
5563436	10136534
5563436	13557210
5563436	13557212
5563437	1018733
5563438	3355238
5563439	3355238
5563440	405730
5563441	1054900
5563442	503481
5563442	1056914
5563443	30017
5563443	192851
5563443	6075728
5563444	397562
5563445	2712870
5563446	3820853
5563446	13778661
5563446	13778663
5563447	2541667
5563448	2541667
5563449	1090390
5563450	1090390
5563452	257789
5563452	882856
5563452	1073751
5563452	2189600
5563452	3354815
5563452	5563460
5563452	5563464
5563453	2537732
5563454	2541277
5563455	2978033
5563456	2985703
5563457	5563179
5563458	3142671
5563459	3431161
5563460	882856
5563460	3354815
5563460	4264393
5563460	5563452
5563460	11905218
5563460	13158966
5563461	3905384
5563462	3910398
5563462	6785473
5563463	5563177
5563464	882856
5563464	2189600
5563464	2496685
5563464	3354815
5563464	5563452
5563464	7282196
5563464	9770360
5563465	1954692
5563466	5563172
5563467	4134163
5563468	251579
5563469	4134163
5563470	4498724
5563471	4498724
5563472	251579
5563473	4498724
5563474	4498724
5563475	3287165
5563476	766038
5563477	35127
5563478	766038
5563479	5563161
5563480	766038
5563481	3201260
5563482	3201260
5563483	3201260
5563484	2545805
5563485	1092763
5563486	3439432
5563487	2645875
5563488	1411236
5563489	2645875
5563490	1411236
5563491	2644939
5563491	8923175
5563492	2644939
5563495	5357251
5563495	6162970
5563496	34167
5563497	2406557
5563498	2629831
5563498	5563499
5563499	2629831
5563499	5563498
5563500	2953535
5563501	4013481
5563501	8098084
5563501	8098086
5563501	8098087
5563502	5322342
5563503	5322342
5563504	3823623
5563505	3823623
5563506	2007736
5563507	464444
5563508	2643915
5563509	2643915
5563510	3730735
5563511	5179202
5563512	5179202
5563513	2811837
5563514	4382030
5563514	6574599
5563514	6574602
5563515	2543049
5563516	2543049
5563517	2811837
5563518	1961487
5563519	1961487
5563520	5162643
5563521	2978127
5563521	2978211
5563521	4311300
5563521	7497233
5563522	3408728
5563523	3820812
5563523	10319996
5563523	12461091
5563524	3820812
5563524	10319996
5563524	12461091
5563525	3820812
5563525	10319996
5563525	12461091
5563526	3820812
5563526	10319996
5563526	12461091
5563527	3373028
5563529	3413185
5563530	3068848
5563531	5072008
5563531	10658543
5563532	3068848
5563533	3068848
5563534	2408155
5563535	2408155
5563536	5347119
5563536	10740743
5563536	12943047
5563537	2642559
5563538	3825140
5563539	3825140
5563540	3825140
5563541	3825140
5563542	38410
5563543	3826628
5563544	3826628
5563545	3826628
5563546	3826628
5563547	3826628
5563548	3826628
5563549	3826628
5563550	3826628
5563551	244953
5563552	249242
5563553	249242
5563554	249242
5563555	2734410
5563556	249242
5563557	249242
5563558	249242
5563559	249242
5563560	249242
5563561	5127380
5563562	3618497
5563562	7575190
5563563	2293238
5563563	11061041
5563564	2293238
5563565	2293238
5563566	2293238
5563567	5228207
5563568	3168503
5563569	3478121
5563569	5112153
5563569	6398523
5563569	10028476
5563569	10028482
5563569	10028484
5563570	4487325
5563571	3420022
5563572	3420022
5563573	305553
5563574	3417705
5563575	2243498
5563576	3417705
5563577	2264464
5563579	3123977
5563580	3283218
5563581	1029156
5563582	5255764
5563583	5255764
5563584	955148
5563585	5625628
5563585	12384742
5563586	5389581
5563587	1029059
5563588	5569877
5563588	5625554
5563588	5625621
5563588	5662139
5563588	8487371
5563588	10730769
5563589	2195426
5563589	2195941
5563590	1029152
5563591	61425
5563592	2195426
5563592	2195946
5563593	4760523
5563594	4801865
5563595	1740526
5563596	56027
5563596	13869424
5563596	13869425
5563597	2644469
5563598	2644469
5563599	2892472
5563600	2497445
5563601	4614602
5563602	4558443
5563603	3919314
5563605	4605986
5563606	2030071
5563607	2544543
5563608	4079241
5563609	4079241
5563610	4079241
5563611	4079241
5563612	4430090
5563613	4430090
5563614	4430090
5563615	4430090
5563616	4430090
5563617	4430090
5563618	2240801
5563618	10190758
5563619	2406526
5563619	5734102
5563619	11485405
5563620	2226682
5563621	2956592
5563622	2215178
5563623	4610798
5563623	4946362
5563623	4946378
5563623	4946379
5563624	4498164
5563625	3200120
5563625	9636219
5563625	9671953
5563626	3439401
5563627	1887552
5563628	5288665
5563628	12408307
5563629	3667566
5563630	4133609
5563631	3422140
5563631	8455991
5563632	2643310
5563633	1872494
5563633	9666181
5563634	2360573
5563635	2081218
5563635	5583064
5563636	5524834
5563636	9395648
5563637	4002933
5563638	2549232
5563639	2646142
5563640	3825778
5563641	531187
5563642	2642430
5563643	3416829
5563644	2549409
5563644	8560244
5563645	2241095
5563646	2241095
5563647	4496265
5563648	4329670
5563648	5563944
5563649	3419673
5563650	5136939
5563651	2235944
5563651	5801146
5563651	6584077
5563652	5573779
5563653	4498841
5563654	3511288
5563655	271771
5563655	2492880
5563656	2059902
5563657	813252
5563657	5563943
5563658	5563942
5563658	9868872
5563659	2254426
5563659	2388579
5563659	5563668
5563659	9960224
5563660	3223001
5563661	1093328
5563661	3887843
5563662	2713092
5563662	4247692
5563662	6687471
5563663	3127860
5563664	5562508
5563665	4135309
5563666	5562508
5563667	2713151
5563668	5563659
5563668	5563931
5563669	1131305
5563670	3358349
5563670	8909088
5563671	2261990
5563671	7169424
5563672	731832
5563673	44011
5563674	1996965
5563675	5562507
5563676	2187749
5563676	5563930
5563677	2187749
5563677	5563928
5563677	13897849
5563678	5562507
5563679	4667019
5563680	2236296
5563680	5809697
5563680	5902888
5563680	9311814
5563680	9311815
5563681	4666591
5563681	4667009
5563681	7961608
5563682	2173233
5563682	2173269
5563682	2190123
5563683	2173233
5563684	4667012
5563685	5562506
5563685	7865475
5563686	4667013
5563686	5563927
5563686	7117234
5563687	2166221
5563688	3408925
5563689	3408925
5563690	5562504
5563691	2167285
5563691	5563926
5563692	2167285
5563692	5563926
5563693	1094535
5563693	7066552
5563694	4811724
5563695	4811724
5563696	3382743
5563697	3382743
5563698	1094428
5563699	1094428
5563700	1026157
5563700	11517568
5563700	11517579
5563701	21284
5563701	1391877
5563702	21284
5563703	4664283
5563704	269097
5563704	2944603
5563705	4666998
5563706	4666998
5563707	2142125
5563707	5563925
5563708	2142125
5563708	5563923
5563709	1437
5563710	4667000
5563710	10095029
5563712	5560346
5563713	28129
5563714	28129
5563715	2145317
5563715	5563920
5563715	11928957
5563716	36088
5563717	2359005
5563717	3390020
5563717	5563919
5563717	6083198
5563718	5560343
5563719	1093674
5563719	1355830
5563719	5563918
5563720	1344590
5563720	5563917
5563721	2342542
5563721	2342970
5563721	5202369
5563721	7492030
5563721	11922392
5563722	5559851
5563722	11952793
5563722	11952804
5563722	11952806
5563723	4666989
5563724	2111843
5563725	570638
5563725	2111843
5563725	8395982
5563725	9276622
5563726	4666992
5563726	5563916
5563727	1127077
5563727	2111923
5563727	6813396
5563728	4666993
5563728	11526689
5563729	5559850
5563730	1820659
5563732	246328
5563732	2119428
5563732	2249592
5563732	4778939
5563732	12544938
5563732	12544939
5563733	5559516
5563734	4666986
5563735	2111538
5563735	8479290
5563735	10758438
5563735	10758440
5563735	10852017
5563736	4666987
5563736	5563914
5563736	7578598
5563736	7578603
5563737	4666987
5563738	2111565
5563738	4568650
5563738	12886398
5563739	5559497
5563740	2118748
5563740	4182962
5563740	5563913
5563740	7716429
5563741	4470195
5563742	3350030
5563743	5559494
5563744	5559494
5563745	5559494
5563746	4666976
5563747	5559494
5563748	3415392
5563748	4666977
5563748	5579355
5563749	2111227
5563749	13190396
5563750	2111227
5563750	2190954
5563750	9391914
5563750	9391922
5563751	2111301
5563751	8941417
5563751	9212775
5563751	9215057
5563751	12091725
5563752	2111301
5563752	2191663
5563752	9212775
5563752	9215057
5563752	12091725
5563753	5559492
5563754	5559492
5563755	3745312
5563756	307119
5563756	594021
5563756	617571
5563756	1953327
5563756	3597142
5563756	3597143
5563756	4692490
5563756	7707702
5563756	12503840
5563757	4028755
5563757	4028835
5563758	1502944
5563759	5559491
5563760	5559491
5563761	1140824
5563761	4666971
5563761	5563912
5563762	2093028
5563762	5563908
5563762	7840027
5563763	2378094
5563764	4666974
5563765	1331831
5563766	4666975
5563767	903827
5563767	1372960
5563767	5563906
5563768	5559490
5563768	5559506
5563768	5559576
5563768	5559709
5563768	5559864
5563768	5569050
5563769	903827
5563769	1372960
5563769	5563906
5563770	1146936
5563770	4588139
5563770	5563904
5563771	4629807
5563771	5563902
5563771	12477025
5563772	2275834
5563772	5563901
5563773	2275834
5563773	5563901
5563773	7449016
5563774	4630550
5563775	8325919
5563775	8325920
5563775	8325921
5563776	2060034
5563776	5563898
5563776	7115704
5563777	2060034
5563777	5563898
5563778	4530127
5563778	5563897
5563779	2079905
5563779	2989680
5563779	6555015
5563779	8750869
5563780	5559171
5563781	2081088
5563781	2081098
5563781	5563896
5563781	10756338
5563781	11444566
5563781	12423045
5563782	3820709
5563782	5563895
5563782	13692980
5563783	3820709
5563783	5563894
5563784	5559170
5563784	5563785
5563785	5559170
5563785	5563784
5563786	456605
5563786	5563893
5563787	27897
5563787	5563891
5563788	5563789
5563789	4340724
5563789	5563788
5563789	5568639
5563789	13244188
5563790	5573777
5563790	5573781
5563791	5563795
5563791	13282321
5563793	5563142
5563794	5563142
5563795	5563791
5563796	5568301
5563797	5563799
5563798	5563852
5563798	5563853
5563798	5568300
5563798	10353061
5563798	10353062
5563798	10353063
5563798	10353064
5563798	10353065
5563798	10353066
5563799	5563797
5563800	2021664
5563800	5563851
5563800	5886994
5563800	9964382
5563801	5563804
5563801	5563808
5563801	5563810
5563801	13727178
5563802	5563850
5563802	5568299
5563802	5718514
5563802	5972725
5563802	8057091
5563803	5568298
5563803	5713522
5563803	13778244
5563803	13778246
5563804	5563801
5563804	10997747
5563804	10997748
5563804	13727178
5563805	5568297
5563805	5622238
5563806	5568295
5563807	5568294
5563807	5573776
5563807	9871337
5563808	5563801
5563808	13727178
5563809	1056053
5563810	5563801
5563810	5568635
5563810	13727178
5563811	5568291
5563812	5563844
5563812	5568286
5563813	1076450
5563814	2046931
5563815	3946268
5563816	2323227
5563817	5559168
5563817	8005671
5563818	5555290
5563818	5555292
5563818	5711013
5563819	5568281
5563819	5573759
5563819	5587356
5563819	6572784
5563820	3310806
5563821	3666250
5563822	3251657
5563823	3310806
5563824	4464192
5563825	5563841
5563825	5568278
5563825	5573765
5563826	5559169
5563827	5559162
5563827	8465056
5563828	5563839
5563828	5568277
5563828	6296691
5563828	6296692
5563828	10107300
5563829	4495588
5563830	2372848
5563830	5563888
5563831	2372848
5563831	5563886
5563832	5559080
5563833	10197030
5563834	2372848
5563834	5563888
5563835	2372848
5563835	5563886
5563836	3488993
5563836	11619476
5563836	14030507
5563837	5563881
5563838	5559078
5563839	5563828
5563839	5563878
5563840	3619201
5563840	7779723
5563841	5563825
5563841	5563877
5563842	4720404
5563843	4987286
5563843	8080316
5563844	5563812
5563845	4720404
5563846	60087
5563846	1928561
5563846	12200471
5563846	13281537
5563847	252746
5563848	4720404
5563849	4720404
5563850	5563802
5563850	5563868
5563850	8057091
5563850	13557700
5563851	5563800
5563851	5563866
5563852	5563798
5563852	5563864
5563853	5563798
5563853	5563860
5563854	2046704
5563855	4500872
5563856	243017
5563857	3403301
5563858	2271762
5563858	2284722
5563858	3215379
5563859	3142912
5563860	5563853
5563861	3446896
5563862	923949
5563863	3689863
5563863	5561841
5563863	7254999
5563864	5563852
5563865	1023840
5563866	5563851
5563866	12386922
5563867	1887788
5563868	5563850
5563869	3444460
5563870	1094196
5563870	3726794
5563871	3818338
5563872	4708257
5563872	4708875
5563872	12838063
5563872	12838066
5563872	12838067
5563873	3390710
5563874	314574
5563875	632240
5563876	2361396
5563876	5568799
5563877	5563841
5563878	5563839
5563879	2638779
5563880	2753432
5563881	5563837
5563882	2081138
5563882	2083231
5563883	2080699
5563883	2081138
5563883	2083231
5563883	4579593
5563884	5152638
5563884	8069712
5563885	2081138
5563885	2083231
5563886	5563831
5563886	5563835
5563887	5561773
5563887	5561795
5563888	5563830
5563888	5563834
5563889	5561773
5563889	5562941
5563890	242209
5563890	1640517
5563890	13675370
5563891	5563787
5563892	5561767
5563892	5578988
5563893	27901
5563893	190738
5563893	5563786
5563893	6795630
5563894	5563783
5563895	5563782
5563896	5563781
5563897	5563778
5563898	5563776
5563898	5563777
5563899	5559575
5563899	14028074
5563900	5559575
5563900	12015808
5563900	14028074
5563901	5563772
5563901	5563773
5563901	6909020
5563902	5563771
5563903	3939937
5563903	5554035
5563903	8748193
5563904	4588139
5563904	5563770
5563905	5554018
5563905	11485012
5563906	5563767
5563906	5563769
5563906	7267823
5563907	5551009
5563907	5561847
5563907	7267829
5563908	5563762
5563908	7267834
5563909	5551002
5563909	7267844
5563910	5551002
5563910	10736280
5563911	5551001
5563912	5563761
5563913	5563740
5563914	5563736
5563916	5563726
5563917	5563720
5563918	5563719
5563919	5563717
5563920	5563715
5563921	5548459
5563922	5548462
5563922	7980956
5563922	7980959
5563923	5563708
5563924	5544748
5563924	8648201
5563924	8648209
5563925	5563707
5563925	9677420
5563925	9677423
5563926	5563691
5563926	5563692
5563927	5563686
5563928	5563677
5563929	5544749
5563930	5563676
5563931	5563668
5563932	2483584
5563932	2645199
5563933	2483584
5563933	2645199
5563933	9868885
5563934	281844
5563934	606135
5563934	874999
5563934	3926291
5563935	320992
5563935	8073994
5563935	8403294
5563936	320992
5563936	6960489
5563936	8403295
5563937	871690
5563938	2667347
5563938	11467303
5563939	871690
5563940	871690
5563941	3023209
5563942	5563658
5563943	5563657
5563944	4329670
5563944	5563648
5563945	5544747
5563945	7745895
5563946	5544722
5563946	8130860
5563947	5544722
5563948	2083429
5563948	2083956
5563948	2083958
5563948	3458668
5563948	4613374
5563948	8614992
5563948	8819869
5563949	2083429
5563949	7563313
5563949	11917007
5563950	4574684
5563951	4574684
5563952	2602987
5563952	2602992
5563952	5244709
5563952	5561758
5563952	5561799
5563952	6760865
5563952	10146724
5563952	10146740
5563953	687570
5563953	687571
5563954	784108
5563954	948836
5563954	10111434
5563955	2047595
5563956	2047595
5563957	2047595
5563958	2047595
5563959	3178323
5563960	4011750
5563960	6767045
5563961	1822857
5563961	1823377
5563961	2052221
5563961	2063504
5563962	1093638
5563963	251107
5563964	2376184
5563965	256815
5563966	4530118
5563967	2064845
5563967	7170393
5563968	3590982
5563969	33772
5563970	4663345
5563971	14846
5563972	4502735
5563975	266499
5563977	2674429
5563978	5564176
5563979	3498633
5563980	1419216
5563982	2046689
5563983	271910
5563984	2323010
5563985	5064715
5563985	5064716
5563985	5564159
5563986	5064715
5563986	5064716
5563986	5564157
5563987	4502765
5563988	3056443
5563988	5564150
5563989	1348915
5563990	73361
5563990	708069
5563990	5564142
5563991	15311
5563991	73361
5563991	708069
5563991	5038623
5563991	5564140
5563991	10748325
5563992	2349310
5563993	5565018
5563994	5565021
5563996	5565023
5563997	5287174
5563998	1750070
5563999	2679017
5564000	3250296
5564000	3250297
5564000	5564129
5564001	1807456
5564001	2412334
5564001	5564125
5564001	11310475
5564001	11346479
5564002	4255991
5564002	4657027
5564002	4658808
5564002	5564124
5564002	9066585
5564002	9352956
5564002	10794775
5564003	2042225
5564003	2229161
5564003	5564122
5564003	6356901
5564004	2042225
5564004	2229161
5564004	5564118
5564004	6356901
5564005	2042225
5564005	2229161
5564005	5564116
5564005	6115067
5564006	2042225
5564006	2229161
5564006	5564112
5564007	4502322
5564007	5564107
5564008	2044434
5564008	5564106
5564008	11854960
5564008	11854962
5564009	5243179
5564010	5243177
5564011	5243182
5564012	5243180
5564013	5243178
5564014	2749746
5564014	3234691
5564014	5564103
5564015	5243176
5564016	5243174
5564017	5243170
5564018	5242914
5564019	5242913
5564020	5242140
5564021	5242380
5564022	5238972
5564023	5243137
5564024	5243078
5564025	2311316
5564025	2311341
5564025	2311345
5564025	5564098
5564025	13637778
5564026	5243077
5564027	2542638
5564027	5564096
5564027	9611757
5564028	5243055
5564029	5243054
5564030	2011458
5564030	5564093
5564030	7849189
5564031	2011458
5564031	5285273
5564032	2011459
5564032	5564090
5564033	5242926
5564034	5242922
5564035	5242922
5564036	5242922
5564037	5247104
5564037	5247105
5564037	5247126
5564037	5564088
5564037	11094971
5564037	11591354
5564037	13481003
5564038	5242428
5564039	4501861
5564039	5564085
5564040	5242421
5564041	5242386
5564042	4502177
5564042	5564077
5564043	4502177
5564043	5564077
5564044	5242142
5564045	2030133
5564045	2031144
5564046	5242138
5564047	5242136
5564048	5242131
5564049	2275970
5564049	2275971
5564049	5242128
5564050	5241830
5564051	5241821
5564052	5241820
5564053	9681
5564053	381710
5564053	2032978
5564053	5564073
5564053	6014366
5564053	6318058
5564053	6947926
5564053	8068450
5564053	8068452
5564053	9195730
5564054	2032978
5564054	5564072
5564054	9195730
5564055	5241819
5564056	5241819
5564057	5241818
5564058	5241817
5564059	5241816
5564060	5241815
5564061	5241814
5564062	5241813
5564063	5239631
5564063	7170237
5564064	2245679
5564064	5239351
5564065	5239299
5564066	5239280
5564067	5238963
5564068	5233163
5564069	5243072
5564070	5243070
5564071	5242917
5564072	5564054
5564073	5564053
5564074	5242916
5564075	5242145
5564076	5242143
5564077	5564042
5564077	5564043
5564078	5242141
5564079	5242139
5564080	5242137
5564081	5242134
5564082	5242133
5564082	5242325
5564083	952383
5564083	5781846
5564084	5242132
5564085	5564039
5564086	5242130
5564087	5242129
5564088	5564037
5564088	11094971
5564088	13481003
5564089	5242127
5564090	5564032
5564091	5242126
5564092	5241832
5564093	5564030
5564094	5241831
5564095	5241829
5564096	5564027
5564097	5241828
5564098	5564025
5564099	5241827
5564100	5241827
5564101	5241827
5564102	5241827
5564103	5564014
5564104	5241827
5564105	5241827
5564105	5729505
5564106	5564008
5564107	5564007
5564108	5241826
5564109	5241825
5564110	5241825
5564111	723854
5564111	892659
5564112	5564006
5564113	5241825
5564114	5241825
5564115	5241825
5564116	5564005
5564117	5241825
5564118	2229161
5564118	5564004
5564119	1354467
5564120	5241823
5564121	5241824
5564122	2229161
5564122	5564003
5564123	5241822
5564124	5564002
5564124	10794775
5564125	5564001
5564126	5242931
5564127	2333208
5564128	5242929
5564129	5564000
5564130	5242927
5564131	5242925
5564132	5242923
5564133	2800523
5564134	5242921
5564135	4654756
5564136	5242919
5564137	71799
5564137	449357
5564138	5242932
5564139	1662479
5564140	5563991
5564141	5242930
5564142	5563990
5564143	5242928
5564144	5242924
5564145	5242920
5564146	5242918
5564147	882014
5564148	5242291
5564149	5242292
5564150	3056443
5564150	5563988
5564150	6691181
5564151	4221636
5564152	345029
5564153	3731224
5564154	3880609
5564155	3670763
5564155	3670764
5564155	3670765
5564155	3671256
5564155	3671258
5564155	3674612
5564155	5679583
5564156	882014
5564157	5563986
5564158	5242202
5564159	5563985
5564160	5241984
5564161	2882774
5564162	2271492
5564163	5241999
5564164	5242034
5564165	2271492
5564167	5241604
5564168	5241219
5564169	1975497
5564170	691453
5564170	5120649
5564170	5120651
5564171	637595
5564172	5238978
5564173	5238971
5564174	2080807
5564174	2080812
5564175	5238970
5564175	6652152
5564176	5563978
5564177	247239
5564178	1670468
5564180	2204875
5564181	4498480
5564181	4992948
5564182	1542320
5564183	4915596
5564183	4915597
5564184	4965451
5564185	5004100
5564187	4139768
5564188	5237906
5564188	6885668
5564189	5545414
5564190	2011433
5564190	3804183
5564190	3976930
5564190	6952167
5564191	433347
5564192	2276558
5564193	3679796
5564193	5568276
5564193	5582279
5564193	8220438
5564193	8814717
5564193	8814727
5564193	8814738
5564193	8814739
5564193	8814742
5564194	1665747
5564195	5564201
5564195	5573693
5564195	10646727
5564196	2049521
5564197	4608288
5564197	4608291
5564198	4666492
5564199	4501533
5564200	878632
5564201	5564195
5564202	2011451
5564202	4253992
5564203	884416
5564203	3069340
5564203	3492829
5564203	8194662
5564203	8194663
5564203	8194666
5564203	8194667
5564204	2333108
5564205	280880
5564206	4805371
5564207	3170462
5564208	5564402
5564209	289461
5564210	5040822
5564211	5564403
5564212	3726090
5564214	5564404
5564217	5564405
5564218	685281
5564219	5314464
5564220	11262715
5564221	4631901
5564221	5564271
5564221	5568275
5564221	5582265
5564221	7520035
5564222	2276649
5564223	904274
5564224	3884359
5564225	2848166
5564226	2910792
5564227	69196
5564228	5564406
5564228	13839634
5564229	1943731
5564229	1946076
5564229	7063639
5564230	4498903
5564231	59651
5564232	2396935
5564233	2672656
5564234	2011409
5564234	11047849
5564234	11048882
5564234	11048884
5564235	1676677
5564236	39272
5564237	39272
5564238	1821797
5564239	3724480
5564240	773450
5564241	773450
5564242	773450
5564243	773450
5564244	3729610
5564245	3341264
5564247	4956905
5564249	4166713
5564251	1572935
5564252	4501258
5564254	2191227
5564255	4672720
5564256	4548437
5564257	2108946
5564257	2112482
5564257	5713797
5564257	5713799
5564258	1553468
5564259	5550839
5564260	3729004
5564261	2869272
5564262	3325695
5564263	2644368
5564264	2240379
5564265	4501437
5564265	7820347
5564265	7820348
5564266	2111493
5564267	5568271
5564268	2097067
5564269	1201631
5564270	2290433
5564271	3312645
5564271	3312646
5564271	3312833
5564271	5166880
5564271	5374411
5564271	5564221
5564271	7510416
5564271	7510417
5564271	7514304
5564271	7518658
5564271	7518659
5564271	7520035
5564271	12505679
5564271	13695701
5564272	2545333
5564273	2012966
5564274	2547650
5564275	2011395
5564275	3304895
5564275	6096454
5564275	6098918
5564275	10812255
5564275	12155431
5564276	2011395
5564276	6098918
5564276	12154081
5564276	12155430
5564277	3178498
5564278	4500475
5564279	3721800
5564281	1665620
5564281	8650006
5564281	8650007
5564282	790488
5564283	1980485
5564284	2268758
5564285	1617084
5564286	2839820
5564287	2648752
5564287	5576358
5564287	10216698
5564288	4380519
5564289	2547430
5564290	4501965
5564290	5365269
5564291	2587698
5564293	2451150
5564293	4086940
5564293	8983557
5564294	3655942
5564295	3655942
5564296	3940959
5564297	2258311
5564298	4081939
5564299	2007799
5564299	8471138
5564300	3724109
5564301	3576060
5564302	443981
5564303	2952116
5564303	5369668
5564304	1582087
5564305	2547736
5564306	495565
5564307	1780016
5564307	1783982
5564307	1783983
5564307	3367511
5564307	5564310
5564308	3121863
5564308	5564311
5564309	3121863
5564310	1780016
5564310	1781629
5564310	1783982
5564310	1783983
5564310	1791702
5564310	3027535
5564310	3367511
5564310	5564307
5564311	5564308
5564311	5564319
5564311	8782827
5564311	8782828
5564311	12584537
5564311	13598214
5564312	1484299
5564313	1096197
5564313	1652889
5564313	3407472
5564314	3730407
5564315	1655332
5564315	6288413
5564316	1121807
5564317	238668
5564317	2657077
5564317	11472112
5564318	238668
5564318	2657077
5564318	11472112
5564318	12255353
5564319	5564311
5564319	8782828
5564319	9551462
5564319	13598214
5564321	946967
5564322	1521603
5564322	1522143
5564324	1880185
5564325	3659179
5564326	4255376
5564326	4255398
5564326	4255424
5564327	3726464
5564328	5521337
5564329	314861
5564330	5521337
5564331	796429
5564332	5206261
5564333	464448
5564333	7003477
5564334	464448
5564334	7003477
5564335	5205521
5564335	5206261
5564335	5206262
5564335	5549004
5564336	2548415
5564336	8297282
5564337	2290270
5564337	8126039
5564338	3721621
5564339	1779269
5564340	2111228
5564340	9391923
5564340	9391924
5564341	2361806
5564342	2361806
5564343	435022
5564343	2152230
5564343	2485161
5564344	1887526
5564344	5411296
5564344	5411297
5564344	6677053
5564344	6677056
5564344	9715591
5564345	3106606
5564346	3175460
5564347	37370
5564347	4499896
5564347	6463078
5564348	1461972
5564349	1461972
5564350	3562120
5564351	2218243
5564351	2884058
5564352	2646014
5564353	2546856
5564353	3137084
5564354	3312070
5564355	1790455
5564355	9572102
5564355	10326246
5564356	1790455
5564357	3951816
5564358	294044
5564358	381696
5564358	527422
5564358	4710886
5564358	4710887
5564359	2549494
5564359	8041708
5564360	2011911
5564361	4608260
5564362	4593065
5564363	1867744
5564363	1997613
5564363	1998896
5564363	2002730
5564363	2071199
5564363	2919073
5564363	3411832
5564363	3736368
5564363	3783012
5564363	5147514
5564363	5367736
5564363	5633852
5564363	5710597
5564363	6961455
5564363	7204153
5564364	2070251
5564364	8001986
5564365	4564094
5564365	4571452
5564366	73276
5564366	139650
5564366	568454
5564366	660176
5564366	841958
5564367	267996
5564367	525201
5564367	6067657
5564368	3987192
5564368	3987194
5564368	3987593
5564369	1695397
5564370	5557286
5564371	5158257
5564372	803320
5564372	2343466
5564373	5564375
5564373	5568058
5564373	7478163
5564374	4186907
5564374	4188194
5564375	5564373
5564375	7478161
5564375	7478163
5564375	7478278
5564375	7478281
5564375	9768692
5564375	9768693
5564375	9768930
5564376	4580686
5564376	10088994
5564377	4134722
5564378	1783656
5564379	4583782
5564380	4265607
5564381	10106795
5564381	10106798
5564381	10106808
5564381	10106817
5564381	10106827
5564381	10106830
5564381	10106833
5564381	10106843
5564381	10106844
5564381	10106845
5564381	10106846
5564381	10106847
5564381	10106848
5564381	10106849
5564383	5562512
5564383	5567419
5564384	4876408
5564385	4876408
5564386	4876408
5564387	4876408
5564387	5159661
5564388	4876408
5564389	4876408
5564390	4876408
5564391	4876392
5564392	4876392
5564393	4876387
5564394	5539115
5564394	5539501
5564394	9688374
5564394	9824517
5564395	3738158
5564396	3818301
5564397	4499927
5564398	2958505
5564398	6436004
5564399	5455887
5564399	5576301
5564399	5579646
5564399	5626571
5564399	5628421
5564400	4016775
5564401	4494780
5564402	5564208
5564402	5578389
5564402	11379366
5564402	11379370
5564403	5564211
5564403	5578391
5564404	5564214
5564404	5578392
5564404	12199470
5564404	13361911
5564405	5564217
5564405	5578396
5564406	5564228
5564406	5568784
5564406	5568786
5564406	5584989
5564407	1841600
5564407	7487816
5564408	2643092
5564409	4889693
5564409	5592938
5564409	6151950
5564410	2985365
5564411	3442110
5564412	5541495
5564412	5543016
5564412	10205737
5564413	5541489
5564414	338474
5564414	813694
5564415	5541489
5564416	5219359
5564417	310670
5564418	3428368
5564419	21197
5564419	11969039
5564420	381130
5564420	8322081
5564421	5562506
5564422	29307
5564423	29307
5564424	29307
5564425	29307
5564426	5557975
5564426	5576299
5564427	5557968
5564427	5584465
5564427	5676743
5564427	7107052
5564428	29299
5564429	2662102
5564429	5552773
5564429	5552782
5564429	5564905
5564429	5564910
5564429	5566500
5564429	5578388
5564429	5578648
5564429	5579645
5564429	6056889
5564429	6059379
5564429	10693983
5564429	12564631
5564430	3913853
5564430	5881149
5564431	3913853
5564431	5881149
5564432	3913853
5564433	3913853
5564434	3913853
5564435	3913853
5564436	2242190
5564437	29268
5564438	5550374
5564438	5550375
5564438	5564570
5564438	5564901
5564438	5568773
5564438	5578387
5564438	5578651
5564438	5785729
5564438	5786488
5564439	4572224
5564440	5549005
5564441	2007780
5564441	3666131
5564441	7976053
5564442	2007780
5564442	3666131
5564443	5548604
5564444	4541963
5564445	1830398
5564445	7154006
5564445	7154007
5564445	7154031
5564446	1830398
5564446	7154031
5564446	7580970
5564447	332679
5564447	4046477
5564447	4753800
5564447	5547259
5564447	5564889
5564447	8171699
5564447	9947152
5564448	890395
5564449	5511023
5564449	5564571
5564449	5564895
5564449	5578376
5564449	5578377
5564449	5578653
5564449	5579412
5564449	5785700
5564449	5788091
5564449	9536410
5564449	12040008
5564449	12242626
5564450	558001
5564451	5546847
5564451	5578384
5564451	5582246
5564451	5607514
5564451	5607544
5564451	5786554
5564451	14013294
5564451	14013295
5564452	2832289
5564453	2007785
5564453	2007852
5564454	2007785
5564454	2007852
5564454	13219390
5564455	1103313
5564455	13333247
5564456	2007784
5564457	2007784
5564458	3330620
5564458	5970717
5564458	11056921
5564459	2561030
5564460	3512380
5564461	11296131
5564462	2622969
5564462	5564471
5564463	3922256
5564464	5565866
5564464	6214177
5564464	11435479
5564465	3161775
5564465	4499329
5564465	5154770
5564465	5593898
5564465	6274546
5564466	5167832
5564467	4499330
5564468	5566062
5564469	19117
5564470	4987904
5564471	2622967
5564471	2622969
5564471	2623146
5564471	2631756
5564471	5564462
5564472	5566060
5564472	5620212
5564473	657147
5564473	6135125
5564473	6135126
5564473	6135130
5564474	727756
5564474	5564512
5564475	2160873
5564476	2538799
5564477	2538799
5564477	8488685
5564478	2622967
5564478	2623146
5564478	2631756
5564479	244241
5564481	244241
5564482	5052709
5564483	2014383
5564484	2014383
5564485	2014383
5564486	2014383
5564487	5648175
5564488	2014383
5564489	2014383
5564491	1475648
5564492	4874195
5564493	4512728
5564494	4873778
5564495	3442271
5564495	4100552
5564495	4818140
5564495	5564499
5564495	5706366
5564495	5706437
5564496	4873778
5564497	3000238
5564498	1123646
5564499	3442271
5564499	4100552
5564499	4818140
5564499	5564495
5564499	5706366
5564499	5706437
5564500	1123646
5564501	3731665
5564501	3922598
5564501	3922599
5564501	4878391
5564502	4698729
5564503	3910668
5564505	4592910
5564506	4872232
5564507	5541767
5564507	5542929
5564507	5567371
5564507	7848032
5564509	4872232
5564510	4872232
5564511	3965959
5564511	3966047
5564512	5564474
5564513	4514087
5564514	4416084
5564515	4416084
5564516	2258184
5564517	2397358
5564518	2002555
5564518	2002629
5564518	5059006
5564518	6805153
5564518	6806219
5564518	6837782
5564519	4499332
5564519	9545406
5564520	4499332
5564520	8718966
5564521	4869856
5564522	3342470
5564522	12555747
5564523	2006405
5564523	3024879
5564523	8737105
5564523	8737106
5564524	4869856
5564525	4869856
5564525	9513447
5564526	4869856
5564527	3658355
5564528	3780634
5564528	4869732
5564528	13759013
5564528	13759014
5564529	4869740
5564529	10363037
5564529	10363038
5564530	4869740
5564530	10363038
5564531	4869740
5564531	10363037
5564532	3858272
5564532	6165952
5564532	6165955
5564532	11406668
5564533	3857260
5564534	3342827
5564534	4002326
5564534	6166407
5564534	12145531
5564534	12162634
5564534	13546342
5564535	3342827
5564535	4002326
5564535	6166406
5564536	4552893
5564536	7717348
5564538	4499881
5564539	4499881
5564540	5058235
5564540	12466927
5564541	321675
5564541	1912031
5564541	4499882
5564541	5945786
5564541	6267161
5564541	6486979
5564542	1543173
5564542	5564710
5564542	5564712
5564543	1367038
5564543	6166405
5564543	7708867
5564543	7709066
5564543	11270941
5564544	1553487
5564544	5564702
5564545	2597333
5564545	6166404
5564546	5075114
5564546	5564562
5564546	5564563
5564546	13816645
5564547	3735472
5564547	4298587
5564548	5075114
5564548	5564564
5564548	5564565
5564549	5566109
5564549	8329114
5564550	3735472
5564550	7104748
5564551	1900981
5564552	2809590
5564553	2007770
5564554	2007770
5564555	2280630
5564555	6165988
5564555	6173823
5564556	2280630
5564556	6165987
5564556	6173824
5564557	2821238
5564558	1963559
5564559	2892797
5564560	5075114
5564560	5564564
5564560	5564565
5564561	5075114
5564561	5564562
5564561	5564563
5564561	11234028
5564561	11863399
5564561	11863400
5564562	5564546
5564562	5564561
5564562	5566103
5564563	5564546
5564563	5564561
5564563	5566103
5564564	5564548
5564564	5564560
5564564	5564566
5564565	5564548
5564565	5564560
5564565	5564566
5564566	5564564
5564566	5564565
5564567	5075114
5564567	5565841
5564567	5566010
5564567	11199613
5564568	5075114
5564568	5566011
5564568	11234085
5564568	11234087
5564568	11234090
5564568	11234091
5564569	4499036
5564570	5550375
5564570	5564438
5564570	5572381
5564570	5578651
5564570	5785729
5564570	5786488
5564571	5564449
5564571	5578653
5564571	5593385
5564571	5785700
5564571	5831077
5564571	12040008
5564571	12304909
5564572	3360617
5564572	4499284
5564572	5566100
5564572	7150909
5564572	7150912
5564572	7636588
5564572	8677397
5564572	13945076
5564573	4499284
5564573	5566100
5564574	1994457
5564574	2025028
5564575	1994457
5564575	2025027
5564575	2060893
5564575	13199205
5564576	1895170
5564577	1895170
5564578	1895170
5564579	1895170
5564580	18157
5564581	2662400
5564581	5564583
5564582	2662400
5564582	5564583
5564582	5564586
5564583	2662400
5564583	2662401
5564583	5564581
5564583	5564582
5564584	2376
5564585	2376
5564586	2662400
5564586	2662401
5564586	5564582
5564587	2379614
5564587	5568269
5564588	5568268
5564588	7894370
5564588	7894371
5564588	11491575
5564588	13377937
5564588	13377938
5564589	1573736
5564589	7985342
5564589	7985343
5564590	1573736
5564590	7985342
5564590	7985343
5564591	1972620
5564591	5566098
5564591	11975366
5564592	453394
5564593	1846029
5564593	1977541
5564593	4512875
5564594	5238969
5564595	5238967
5564596	2023744
5564596	2622268
5564596	2646436
5564597	5238966
5564598	5238965
5564599	5238965
5564600	5238964
5564601	5238962
5564602	5238961
5564603	5237950
5564604	1802294
5564605	5241156
5564607	5241155
5564609	5241154
5564610	5241153
5564611	5241152
5564613	5241151
5564614	5241150
5564615	5241149
5564615	5242358
5564615	5662218
5564615	5662266
5564615	5665185
5564615	6331341
5564615	6544890
5564615	6544891
5564615	7231529
5564615	7231706
5564615	9706547
5564616	5241148
5564617	5241147
5564618	5241146
5564619	5241144
5564620	3726148
5564620	13548119
5564620	13548120
5564621	5241143
5564622	5241142
5564623	5241141
5564624	5241140
5564625	5241139
5564626	5241138
5564627	5241137
5564628	5240992
5564629	5240991
5564630	5240990
5564631	5240989
5564632	5240988
5564633	5240987
5564634	5240986
5564635	5240985
5564636	5240984
5564637	4353656
5564637	5566094
5564638	5240983
5564639	5240982
5564640	5240981
5564641	5240980
5564642	5240979
5564643	1983482
5564643	2258879
5564643	5566097
5564643	5916465
5564643	6728969
5564644	3725470
5564644	9735138
5564644	9795080
5564645	5240978
5564646	5240977
5564647	5240976
5564648	5240975
5564649	5240974
5564650	3729145
5564651	5240973
5564652	5240375
5564653	5240374
5564654	4313684
5564654	5228199
5564655	5240373
5564656	5240372
5564657	5240371
5564658	5211683
5564658	5240370
5564659	5240369
5564660	5240368
5564661	5240367
5564662	5240366
5564663	5240365
5564664	5240364
5564665	5240363
5564666	5240362
5564667	5240361
5564668	1904830
5564669	5240360
5564670	5564672
5564671	5240359
5564672	3091951
5564672	5564670
5564672	5584446
5564673	1904830
5564674	5240358
5564675	5240357
5564676	1904830
5564677	1904830
5564678	5240356
5564679	5240304
5564680	5240302
5564681	2988953
5564682	27154
5564683	5240301
5564684	5240130
5564685	3724158
5564686	5240127
5564687	3724158
5564688	5239649
5564689	5239648
5564690	5239647
5564691	5239646
5564692	5239645
5564693	1690459
5564694	1690459
5564695	5239644
5564696	5239643
5564697	2633524
5564698	5239642
5564699	5239641
5564700	5239640
5564700	12519251
5564701	5239639
5564702	1553487
5564702	5564544
5564702	5566081
5564703	5239638
5564704	27154
5564704	13504943
5564705	5239637
5564705	7168545
5564706	5239636
5564707	27154
5564708	5239635
5564709	3393243
5564710	5564542
5564710	5566090
5564711	5239634
5564712	5564542
5564712	5566090
5564713	5239633
5564714	5239632
5564715	1748470
5564716	1748470
5564717	5239630
5564718	5239515
5564719	2609444
5564719	4918184
5564719	4926046
5564720	2547704
5564721	5239514
5564722	2547704
5564723	5239513
5564724	304498
5564725	5239512
5564726	5239511
5564727	5239510
5564728	5239509
5564729	295848
5564730	242754
5564730	1127862
5564731	5239508
5564732	3238507
5564733	1094881
5564733	5581849
5564733	8430493
5564734	2894508
5564735	2894508
5564736	2894508
5564737	3327787
5564738	2240663
5564738	2594082
5564738	13317301
5564738	13317315
5564738	13317320
5564739	1564541
5564740	1564541
5564741	289508
5564742	5566057
5564742	5659768
5564742	5659769
5564743	3109043
5564744	5556571
5564744	5578373
5564745	766043
5564746	21638
5564747	2361437
5564748	40967
5564749	1649726
5564750	1649726
5564751	3725922
5564752	5929844
5564754	569296
5564754	5179987
5564754	5179991
5564754	9630599
5564755	2985577
5564756	3415295
5564757	287225
5564757	4037448
5564757	7854067
5564757	7854070
5564758	1951954
5564759	42563
5564760	1128014
5564761	3324403
5564762	3324403
5564763	3022484
5564764	63895
5564765	2891126
5564766	3730952
5564767	2266191
5564768	2891126
5564769	2891126
5564770	3903579
5564771	1632246
5564772	3903579
5564773	5276240
5564774	3903579
5564775	3728417
5564776	3417344
5564776	3417345
5564777	1112415
5564778	3308544
5564779	3626620
5564779	5756881
5564780	2262186
5564781	1907924
5564782	5371521
5564783	3724603
5564784	3724603
5564785	3428388
5564786	3436579
5564787	3436579
5564788	3436579
5564789	4131204
5564790	2645854
5564790	3611649
5564790	3611651
5564791	2646395
5564791	7582331
5564791	7582332
5564792	33921
5564793	1922950
5564794	3823500
5564794	6664200
5564795	4494921
5564796	4494921
5564797	1394207
5564797	2673972
5564798	2543383
5564799	3721633
5564800	2543383
5564801	2863870
5564802	1487645
5564803	3921677
5564803	5822812
5564804	3729544
5564805	3733357
5564806	2269420
5564807	2649826
5564808	286337
5564808	5713899
5564808	5713901
5564809	2544579
5564810	3738353
5564810	4197398
5564810	4197400
5564810	6315549
5564811	3422306
5564812	885458
5564813	3419963
5564813	6467327
5564814	3413004
5564815	5239507
5564816	1132125
5564816	2420481
5564817	1132125
5564817	2420481
5564818	5239507
5564819	3737683
5564820	5239505
5564821	3417309
5564822	5239504
5564823	2883043
5564824	5239503
5564825	2834046
5564826	3724453
5564827	5239502
5564828	5239501
5564829	21550
5564830	5239500
5564831	5239499
5564832	3060508
5564833	5239498
5564834	4665157
5564834	5724460
5564834	9738279
5564835	5239218
5564836	5239497
5564837	5239496
5564838	5239226
5564839	5239225
5564840	5239224
5564841	4097602
5564842	5239223
5564843	5239222
5564844	5239221
5564845	5239220
5564846	2663621
5564846	5584442
5564846	12097039
5564846	13402260
5564847	5239219
5564848	5239217
5564849	5239216
5564850	5239215
5564851	2663621
5564852	5239214
5564853	4498039
5564854	4498039
5564854	8080063
5564854	8080064
5564855	5239213
5564856	253716
5564856	6873473
5564857	5239212
5564857	5239279
5564858	253716
5564858	6873473
5564859	5239211
5564860	1057894
5564861	5239210
5564862	1640043
5564863	5239209
5564864	5239208
5564865	2663621
5564866	5239207
5564867	2985361
5564868	5238980
5564869	2985361
5564870	5238979
5564871	2544211
5564872	5238977
5564873	2283199
5564874	5238976
5564875	5238975
5564876	2958511
5564877	5238974
5564878	5238973
5564879	2775668
5564880	5792851
5564880	5792852
5564881	5239258
5564882	3723194
5564883	5239289
5564884	3723194
5564885	5080985
5564886	5239290
5564887	1954692
5564888	5565839
5564889	5564447
5564889	6000969
5564890	5239362
5564891	1026764
5564892	9689873
5564893	11559692
5564894	5226860
5564895	5564449
5564895	5578653
5564896	2545784
5564897	5243159
5564898	5229060
5564899	4480231
5564900	5238574
5564901	5564438
5564901	5578651
5564902	5238572
5564903	5237060
5564904	5237076
5564905	5564429
5564906	5237572
5564907	5238513
5564908	1564891
5564909	1564891
5564910	5564429
5564910	5566490
5564910	5566494
5564910	5566496
5564910	5566500
5564910	5578648
5564910	6056889
5564911	5237398
5564912	5230103
5564912	5237393
5564913	4480231
5564914	5238186
5564915	5237387
5564916	5237940
5564918	5237386
5564919	5238201
5564920	5237401
5564921	5238211
5564921	12087681
5564922	5238212
5564923	1651955
5564924	1651955
5564925	5238240
5564926	2661859
5564927	3168086
5564928	5238033
5564929	2545796
5564929	3431191
5564930	5238193
5564931	501725
5564932	5238192
5564933	5237399
5564934	5569869
5564935	5238190
5564936	2888238
5564938	5238191
5564939	5514038
5564940	2888238
5564941	5238188
5564942	2888238
5564943	5237397
5564944	5237395
5564945	3413183
5564946	5518036
5564946	7110388
5564947	5237391
5564948	311892
5564949	3413183
5564950	3921154
5564951	5288724
5564952	5518299
5564953	4495801
5564954	5238189
5564955	3030952
5564955	9961038
5564956	5238210
5564957	5238187
5564958	1093508
5564959	5237389
5564960	3730370
5564961	5536717
5564962	4501265
5564963	5237394
5564964	5554035
5564965	5237944
5564966	2216535
5564967	5237392
5564968	3723287
5564969	17296
5564970	5237390
5564971	1028521
5564972	301218
5564973	3722823
5564974	5562954
5564975	2545238
5564976	17296
5564977	1123478
5564978	5237385
5564978	7174099
5564979	262028
5564980	5237942
5564981	5237388
5564982	5227254
5564982	5238204
5564983	1190151
5564983	3122419
5564984	5237938
5564985	2253263
5564986	5238202
5564987	5237936
5564988	323487
5564988	5605344
5564989	2544646
5564990	5238200
5564991	2267477
5564992	323487
5564993	5237934
5564994	2970109
5564995	5237932
5564996	323487
5564997	5237930
5564998	5237928
5564999	561098
5565000	5238198
5565001	5237403
5565002	409798
5565003	5237947
5565004	5237945
5565005	1992227
5565006	5237943
5565007	1295035
5565008	5237941
5565009	2243642
5565009	8037338
5565010	842996
5565011	4515263
5565011	11068321
5565012	5565086
5565012	5568267
5565013	5199990
5565014	2292412
5565015	2292412
5565016	690133
5565017	4530139
5565018	5563993
5565018	5568041
5565019	690133
5565020	1613707
5565021	5563994
5565022	2160696
5565023	5563996
5565024	2959159
5565025	3730731
5565026	4501763
5565027	665518
5565028	5563120
5565028	5568038
5565029	895649
5565029	1236925
5565030	1951641
5565031	5243176
5565031	5748362
5565031	6439461
5565032	1961772
5565033	30084
5565033	6365218
5565033	8375721
5565033	11718544
5565033	11718546
5565034	5565037
5565034	5565038
5565034	5565081
5565034	5565082
5565034	5568772
5565034	5573692
5565035	5559999
5565036	5565080
5565036	5568266
5565036	6367469
5565036	9231625
5565037	5565034
5565038	5565034
5565040	1977723
5565040	1977724
5565040	5565818
5565041	1977723
5565041	1977724
5565041	5565819
5565042	1977723
5565042	1977724
5565042	5565818
5565043	1977723
5565043	1977724
5565043	5565819
5565044	8723162
5565045	45710
5565046	2230468
5565047	3367296
5565048	1977723
5565048	1978560
5565048	5565818
5565049	1977723
5565049	1978561
5565049	5565819
5565050	3442090
5565051	273409
5565051	2893679
5565052	1846029
5565052	5566077
5565052	13228968
5565053	1846027
5565053	2008774
5565053	5566078
5565054	2569580
5565054	12337155
5565055	2499058
5565056	3518521
5565056	3555615
5565058	3050451
5565059	3490475
5565060	3560918
5565060	5847570
5565060	5847735
5565060	9310016
5565060	9310048
5565060	10753993
5565061	5366275
5565062	5568265
5565062	5579637
5565062	5579930
5565062	5880064
5565062	10877745
5565062	12468480
5565062	12468533
5565063	3419467
5565064	2976359
5565065	2497620
5565065	7764452
5565066	2561610
5565066	6707106
5565067	5568264
5565067	6035679
5565067	11632382
5565068	5568260
5565068	8642520
5565069	5568258
5565070	2199748
5565072	5565079
5565072	5568257
5565073	5561831
5565074	5563052
5565075	5568254
5565075	13323934
5565075	13323935
5565076	5568251
5565076	5575210
5565076	7257847
5565076	7257848
5565077	2722174
5565078	5568250
5565078	9211421
5565078	9211422
5565078	10012593
5565078	10987634
5565079	5565072
5565080	5565036
5565080	5566076
5565080	6367469
5565080	9231625
5565081	5565034
5565081	5566073
5565082	5565034
5565082	5566074
5565083	5565175
5565083	5568247
5565084	501041
5565084	885427
5565084	2497620
5565084	5576297
5565084	7918637
5565084	7918639
5565084	7918641
5565084	7950590
5565084	7954903
5565084	8647453
5565084	8686074
5565084	8686075
5565084	8737722
5565084	11747405
5565084	11884976
5565084	12490346
5565085	501041
5565085	885427
5565085	1158153
5565085	1890248
5565085	2497620
5565085	4266285
5565085	5576297
5565085	7295335
5565085	7764452
5565085	7836555
5565085	7836556
5565085	7918637
5565085	7918639
5565085	7918641
5565085	7950590
5565085	7954903
5565085	8160259
5565085	10998424
5565085	11505638
5565085	12259488
5565085	12473349
5565085	12473350
5565085	12473352
5565085	13372922
5565086	5565012
5565086	5566075
5565087	5291829
5565088	5568245
5565088	5573689
5565089	3010152
5565090	4497996
5565090	5566070
5565091	1954926
5565092	1954926
5565093	5568241
5565093	9926807
5565094	1956033
5565094	1956681
5565094	3645662
5565094	9968787
5565094	12502439
5565095	1496798
5565095	1496802
5565095	4498218
5565095	8593821
5565096	5565174
5565096	5568240
5565096	5573687
5565096	6402257
5565096	12132879
5565097	1496798
5565097	1496802
5565097	4498218
5565097	8593821
5565098	15260
5565099	5565173
5565099	5568239
5565099	5582241
5565099	6482280
5565099	11858381
5565099	11858382
5565100	5565101
5565100	5565102
5565100	5565821
5565100	5568238
5565100	5569349
5565100	5582243
5565100	5979698
5565100	6054556
5565100	8763056
5565100	11078333
5565101	5565100
5565101	5566067
5565101	5569349
5565101	5979698
5565101	11078333
5565102	5565100
5565102	5566067
5565102	11078333
5565103	15260
5565103	7262541
5565104	5565114
5565104	5568237
5565104	6140838
5565104	13680801
5565104	13680802
5565105	5568234
5565105	11240322
5565106	5565113
5565106	5568231
5565106	5582678
5565106	6060819
5565106	6061003
5565106	6061509
5565106	6061726
5565106	6061727
5565106	6149399
5565106	9211658
5565106	9959670
5565107	1954595
5565107	5566065
5565108	1954595
5565108	5566066
5565109	4497990
5565109	5566058
5565110	4497974
5565110	6356572
5565111	1895604
5565111	1953106
5565111	5566061
5565112	1895604
5565112	1953106
5565112	5566064
5565112	13313995
5565112	13313996
5565113	5565106
5565113	5566055
5565113	5582678
5565113	6060819
5565113	6061509
5565113	12275121
5565113	13210998
5565114	5565104
5565114	5566056
5565114	9600945
5565114	9600949
5565115	5568228
5565115	5573676
5565115	8037096
5565115	8037097
5565116	5565118
5565116	5568227
5565116	6156721
5565116	6196906
5565116	7344473
5565116	12486765
5565116	13390579
5565117	566227
5565117	1935385
5565117	1935399
5565117	5566053
5565118	5565116
5565118	5566051
5565118	7372265
5565119	1951347
5565119	2025000
5565120	1951347
5565120	2025001
5565121	5559081
5565122	4877438
5565123	4877438
5565124	4877559
5565124	9496895
5565124	13821058
5565125	4877556
5565125	8953607
5565126	4877555
5565127	4877555
5565128	3618647
5565128	5568226
5565128	5579635
5565128	6561638
5565128	13392564
5565128	13393020
5565129	4877550
5565130	4877550
5565131	4877539
5565132	2837921
5565133	2837921
5565134	4877491
5565135	2835746
5565136	2835747
5565137	2835748
5565137	5965794
5565138	2835748
5565139	2835751
5565140	2835751
5565141	4877394
5565142	4877394
5565143	4877394
5565144	4877394
5565145	4877394
5565146	4877394
5565146	9467439
5565147	4877390
5565147	9513398
5565148	1301551
5565148	1591768
5565148	5808962
5565148	7575924
5565149	4877390
5565149	9513398
5565150	2835774
5565151	2835774
5565152	2835781
5565152	7787480
5565153	2835781
5565153	13697108
5565154	4877303
5565154	9463110
5565155	5568224
5565155	5579634
5565155	8259106
5565155	8259107
5565155	8259109
5565155	8259111
5565155	8259113
5565155	8259114
5565155	12551430
5565155	12551432
5565155	12551433
5565156	5565161
5565156	5565163
5565156	5568222
5565156	5573667
5565156	10721327
5565157	5565164
5565157	5565166
5565157	5568221
5565157	5573672
5565158	5565168
5565158	5565169
5565158	5568220
5565158	5573674
5565158	5712597
5565158	13961873
5565159	4875305
5565160	4875305
5565161	5565156
5565161	5566049
5565162	2835687
5565163	5565156
5565163	5566050
5565164	5565157
5565164	5565815
5565164	13254357
5565165	5565172
5565165	5568219
5565165	6573603
5565166	5565157
5565166	5565815
5565167	1277
5565168	5565158
5565168	5566048
5565169	5565158
5565169	5566048
5565170	5566140
5565170	5568218
5565171	1368
5565172	5565165
5565172	5565802
5565173	5565099
5565173	5565806
5565174	5565096
5565174	5565812
5565175	5565083
5565175	5565800
5565176	5565183
5565176	5565184
5565176	5565362
5565176	5568217
5565176	5622185
5565176	5622199
5565176	12437737
5565177	5565181
5565177	5565182
5565177	5565362
5565177	5568216
5565177	5826561
5565177	5826562
5565178	2020978
5565178	5019661
5565178	5019662
5565178	5565361
5565178	5568215
5565178	5582217
5565178	6196919
5565178	10018904
5565179	1935175
5565179	1935313
5565179	5565798
5565179	5890606
5565180	1935175
5565180	5565799
5565180	11178558
5565181	5565177
5565181	5565796
5565181	5826562
5565182	5565177
5565182	5565796
5565182	5826562
5565183	5565176
5565183	5565797
5565183	5622185
5565183	5622199
5565183	12437737
5565184	5565176
5565184	5565797
5565184	5622185
5565184	5622199
5565184	12437737
5565185	316690
5565185	1291732
5565185	3833483
5565186	2827412
5565187	2827412
5565188	2821649
5565188	2931753
5565189	2821649
5565190	2821649
5565191	2821649
5565192	2821655
5565193	2821655
5565193	2927958
5565194	4495957
5565195	306226
5565195	363305
5565195	2821661
5565196	2821669
5565197	2821672
5565197	9474486
5565198	2821671
5565198	9485869
5565199	4495957
5565200	2821682
5565200	9559191
5565200	9559192
5565200	9559198
5565200	9559199
5565201	2407144
5565201	5565793
5565202	2821683
5565203	1913100
5565203	5565795
5565204	2821517
5565205	2821517
5565206	2821517
5565207	2821517
5565208	12581
5565208	40350
5565208	352775
5565208	502057
5565208	1898298
5565209	2821525
5565210	4001432
5565210	5345285
5565211	1898341
5565211	5565791
5565212	1898341
5565212	5565792
5565213	1901735
5565213	1911500
5565213	1911502
5565214	1901735
5565215	4494697
5565216	1897849
5565216	5565786
5565216	6137867
5565216	6980548
5565216	10476072
5565216	12483381
5565217	1897849
5565217	5565786
5565217	6137867
5565217	6980548
5565217	12483382
5565218	1897849
5565218	5565788
5565219	1897849
5565219	5565788
5565220	1897849
5565220	5565785
5565221	1897848
5565221	1900888
5565221	5565786
5565221	6980532
5565221	6980548
5565221	12483381
5565221	12763021
5565222	1897848
5565222	5565786
5565222	6980548
5565222	12483382
5565222	12763022
5565223	1897848
5565223	1900890
5565223	5565788
5565224	1897848
5565224	5565788
5565225	2821574
5565226	1897848
5565226	5565785
5565226	6980532
5565226	13253424
5565227	2821400
5565228	2821414
5565229	2821414
5565230	5447234
5565231	2821444
5565232	2821449
5565233	5446076
5565234	2821259
5565235	5194838
5565235	5432423
5565235	5568873
5565235	7623543
5565235	12963185
5565235	12963258
5565235	12963259
5565235	12963289
5565236	1058034
5565236	1285668
5565236	5522765
5565236	5565816
5565236	5582195
5565236	5582205
5565236	8894166
5565236	8894170
5565236	13253404
5565236	13253405
5565237	4202059
5565237	5568214
5565237	5731720
5565237	5731721
5565237	5742615
5565238	5568213
5565238	5575601
5565239	5565243
5565239	5568212
5565240	5568211
5565240	5573601
5565240	5573651
5565240	12347783
5565241	5568854
5565242	5568210
5565242	11500509
5565242	11619940
5565242	12007149
5565242	12259015
5565242	12259017
5565242	12259085
5565242	12259086
5565243	5565239
5565243	5565784
5565244	5571833
5565244	5572550
5565244	5924848
5565244	10883670
5565245	5565810
5565245	5567417
5565245	5571835
5565245	10704348
5565246	5565809
5565246	5571836
5565246	5571842
5565247	5565805
5565247	5567416
5565247	5569560
5565247	5571837
5565247	6729692
5565248	5565804
5565248	5565814
5565248	5571840
5565249	5565803
5565249	5565811
5565249	5565825
5565249	5567379
5565249	5571846
5565249	9657467
5565250	5565801
5565250	5565808
5565250	5565827
5565250	5567415
5565250	5579633
5565250	8096396
5565250	8635483
5565250	11448068
5565251	5565794
5565251	5567411
5565251	5571769
5565252	5565790
5565252	5567409
5565252	5571771
5565252	7173799
5565253	5565787
5565253	7189936
5565254	5565783
5565254	5567407
5565254	5569563
5565254	5571776
5565254	9415691
5565255	5565776
5565255	5567406
5565255	5987678
5565255	7173797
5565255	13981142
5565256	5565773
5565256	5730098
5565256	8185906
5565256	9295889
5565256	11163395
5565256	13073458
5565257	5565767
5565257	5567403
5565257	6153796
5565258	5565760
5565258	5571764
5565259	5565753
5565259	5571763
5565260	5565750
5565260	5567399
5565260	11919807
5565260	12316927
5565261	5565717
5565261	5569600
5565261	5571760
5565261	8498333
5565261	8498336
5565261	10737727
5565261	10737728
5565262	5565724
5565263	5565726
5565263	5571754
5565263	8500148
5565263	8500177
5565263	8500178
5565263	8500179
5565263	8500180
5565263	12133134
5565263	12618540
5565263	12618541
5565263	12618542
5565263	12985607
5565264	5565728
5565264	5565789
5565265	5565730
5565265	5565757
5565265	5565761
5565265	5569602
5565265	5571752
5565265	5571753
5565265	5808936
5565265	5857667
5565265	5857668
5565265	7697260
5565265	7697261
5565266	5565736
5565266	5579632
5565267	5565359
5565267	5565360
5565267	5565740
5565267	5565745
5565267	5569064
5565268	5565742
5565269	5565709
5565269	5569603
5565269	5571747
5565269	5571748
5565269	5694420
5565269	5970698
5565269	6091149
5565270	5565713
5565270	5571749
5565271	2851323
5565272	2851436
5565272	13717147
5565273	5565729
5565273	5576296
5565273	10996098
5565275	4877612
5565275	9111101
5565276	5562954
5565276	5565781
5565276	5566123
5565276	6275952
5565278	2315160
5565278	5562947
5565278	5565782
5565279	5504587
5565280	5498455
5565280	5504808
5565280	11600369
5565280	13773318
5565281	5558248
5565282	5558248
5565283	5558870
5565283	8377241
5565284	5558870
5565285	5559166
5565286	5559085
5565286	7284567
5565287	5559085
5565288	255110
5565288	567516
5565289	357310
5565290	857375
5565291	704385
5565292	5487183
5565292	5487206
5565292	13771878
5565293	5487183
5565293	9467415
5565293	10127678
5565294	913849
5565294	5487787
5565295	872703
5565296	5561758
5565297	5561758
5565298	5490899
5565299	5491151
5565300	5491151
5565301	5491551
5565302	5491551
5565303	5491549
5565304	5491549
5565304	9562345
5565305	1235438
5565306	5495122
5565306	12299189
5565307	5495122
5565308	5495121
5565309	5495120
5565310	5420436
5565310	6800441
5565311	1248653
5565312	1249727
5565313	5420429
5565313	5566025
5565314	5496156
5565315	5420415
5565315	5565993
5565316	5496406
5565317	1265525
5565318	5497098
5565319	5497098
5565320	5497098
5565321	5497098
5565322	5497098
5565323	5497098
5565324	5497098
5565325	1268253
5565326	5497098
5565327	5497098
5565328	5416582
5565328	5565988
5565329	5497094
5565329	9490303
5565330	5497094
5565331	5497713
5565332	5416577
5565332	5565984
5565333	5497713
5565334	5497713
5565335	5414275
5565335	5565982
5565335	9031929
5565335	12802335
5565335	12802339
5565336	5499278
5565336	9824483
5565337	5499278
5565337	10071761
5565338	5413820
5565338	5565979
5565339	5499366
5565340	1171454
5565340	5499366
5565341	23787
5565341	1207967
5565341	1318571
5565341	1417453
5565341	1731421
5565341	2254835
5565341	2531908
5565341	2778386
5565341	2778392
5565341	3107238
5565341	5610647
5565343	5407850
5565343	5565970
5565344	5398256
5565344	5565953
5565344	13857483
5565345	1780577
5565345	9467581
5565346	1780577
5565347	2361214
5565348	1780577
5565348	1783057
5565348	5565778
5565348	5566122
5565348	9969445
5565348	10592059
5565348	13088235
5565348	13088452
5565348	13088453
5565348	13088459
5565349	1515833
5565349	5565572
5565349	13844861
5565350	1619738
5565350	5565569
5565351	1626283
5565352	1703471
5565352	5565566
5565353	3738043
5565353	5565772
5565354	1726781
5565354	5565563
5565355	5464263
5565356	1845080
5565357	5384753
5565357	5565943
5565358	5384334
5565358	5565892
5565358	5998344
5565358	5998371
5565358	5998373
5565359	5565267
5565359	13819943
5565360	5565267
5565360	8443194
5565360	9496865
5565361	5565178
5565361	6196919
5565361	10018904
5565362	5565176
5565362	5565177
5565362	13828761
5565363	3057771
5565363	10051599
5565364	3057771
5565364	10051599
5565365	3054966
5565366	3054966
5565367	3050765
5565368	3050765
5565369	3050765
5565369	9683552
5565370	3050765
5565370	9490113
5565371	3050765
5565372	3050765
5565373	3050642
5565374	3050641
5565375	1839851
5565375	3050641
5565376	3050641
5565376	7824482
5565377	3050641
5565377	9609851
5565378	3050533
5565378	9118300
5565379	3050533
5565380	3050484
5565381	3050443
5565382	3050443
5565382	8282849
5565382	13803091
5565383	3050443
5565383	8282850
5565383	8282852
5565384	2141431
5565384	5565751
5565384	5565956
5565384	13703514
5565385	2554365
5565385	5565747
5565386	2623996
5565386	5565727
5565386	5565972
5565387	1787237
5565387	5565731
5565387	5565974
5565388	3705272
5565388	5565733
5565388	5565975
5565388	5583532
5565388	5583533
5565388	9789552
5565389	2108553
5565389	5565737
5565389	5565976
5565389	13833574
5565390	4705359
5565390	5565719
5565390	13194290
5565391	3907737
5565392	3907737
5565393	3907737
5565393	8443193
5565394	1067865
5565394	5565722
5565394	5565971
5565395	3907737
5565396	3907737
5565397	3907737
5565398	1075164
5565398	5565706
5565398	5565959
5565399	994920
5565399	5565715
5565399	6108900
5565399	8950720
5565400	3907741
5565401	3907741
5565402	3907741
5565403	3907741
5565404	3907740
5565404	8449170
5565405	3907739
5565406	3907738
5565407	3907738
5565408	3907736
5565408	8449448
5565408	13648396
5565409	3907736
5565409	13648396
5565410	3907736
5565411	3907736
5565412	3907736
5565413	3907736
5565414	3907735
5565415	3907735
5565416	3907735
5565417	3907735
5565418	3907735
5565419	3907735
5565420	3907735
5565421	3907735
5565422	3907735
5565423	3907735
5565424	3907735
5565425	3907735
5565426	3907734
5565427	3907734
5565428	3907734
5565429	3907734
5565430	3907734
5565431	3907734
5565432	3907733
5565433	3907733
5565434	3907733
5565435	3907733
5565436	3907733
5565437	3907733
5565438	3907732
5565438	9474506
5565439	3907732
5565440	3907732
5565441	3907732
5565442	3907732
5565443	3907732
5565444	3907749
5565445	3907750
5565446	3907750
5565447	3907751
5565447	9666358
5565448	3907751
5565449	3907751
5565449	9666358
5565450	3907751
5565450	9496786
5565451	3907751
5565451	9666358
5565452	3907751
5565453	3907748
5565454	3907748
5565455	3907748
5565456	3907748
5565457	3907748
5565458	3907748
5565459	3907748
5565460	3907747
5565461	3907747
5565462	3907747
5565463	3907747
5565463	10156149
5565464	3907747
5565465	3907747
5565466	3907747
5565467	3907746
5565467	9851284
5565468	3907746
5565469	3907746
5565469	9851284
5565470	3907746
5565470	8131083
5565470	8131084
5565471	3907746
5565472	3907746
5565473	1895628
5565473	9712986
5565474	2235810
5565475	2239737
5565475	9712981
5565476	2236936
5565476	9712987
5565477	2239878
5565478	3826427
5565479	2276379
5565479	5566046
5565480	4068959
5565480	5733357
5565480	5906636
5565480	12861770
5565481	2643823
5565482	2111504
5565483	1895628
5565484	2400188
5565485	2315138
5565486	5499820
5565486	5691953
5565486	5698751
5565487	2315138
5565488	2400156
5565489	6405383
5565489	7664004
5565489	7664005
5565490	5565491
5565491	5565490
5565495	4293012
5565495	5569736
5565495	5587085
5565495	5630925
5565495	5649206
5565495	8958229
5565495	8958231
5565495	12170364
5565496	1935536
5565497	3907756
5565498	3907756
5565498	4257046
5565499	3907755
5565499	10016602
5565500	3907755
5565501	3907754
5565501	8076800
5565502	3907754
5565503	65087
5565504	3907754
5565505	5568832
5565505	8642302
5565505	8642304
5565505	10877746
5565505	10877747
5565505	10877748
5565505	10997749
5565505	10997750
5565506	65087
5565507	3907754
5565508	3907767
5565509	3907767
5565509	8133351
5565510	3907767
5565511	3907767
5565512	3907767
5565513	3907767
5565514	1918428
5565515	3907766
5565516	3907766
5565517	3907766
5565518	3907766
5565519	3907766
5565520	3907766
5565521	3907765
5565522	4978574
5565522	5568711
5565522	5568831
5565522	5569074
5565522	8028362
5565522	8028363
5565522	8028364
5565522	8566672
5565522	11722436
5565522	11722437
5565522	11722438
5565523	3907765
5565524	3907765
5565525	3907765
5565526	1208010
5565527	3907765
5565528	3907765
5565529	5584407
5565530	3907765
5565531	3907765
5565532	5565539
5565533	3907765
5565534	5584414
5565535	3907765
5565536	9849899
5565537	3907765
5565538	3907765
5565539	5565532
5565540	3907785
5565540	7957814
5565540	7957815
5565541	3907785
5565541	7957808
5565541	7957809
5565541	8243642
5565541	8243643
5565541	8243644
5565541	8243645
5565542	3907784
5565543	3907784
5565544	3907784
5565545	3907783
5565546	3907783
5565547	3907783
5565548	3907783
5565549	647968
5565549	648040
5565549	14018840
5565550	3907796
5565551	3907796
5565552	3907791
5565552	6707656
5565552	6707657
5565552	6707658
5565552	6707659
5565553	3907791
5565553	13730810
5565554	3907790
5565554	13730799
5565555	3907790
5565555	5568417
5565555	13730800
5565555	13730801
5565556	3907803
5565556	9703068
5565556	13781810
5565557	3907803
5565557	9703068
5565558	3907803
5565558	13781811
5565559	3907803
5565560	3907803
5565560	9508881
5565561	3907803
5565562	647916
5565563	5565354
5565564	3907816
5565564	13751751
5565565	3907816
5565565	13751751
5565566	577645
5565566	1703471
5565566	5565352
5565566	10742992
5565566	13436255
5565567	3907816
5565567	8165725
5565567	8165726
5565567	13824808
5565568	3907816
5565568	13824808
5565569	5565350
5565570	3907815
5565571	3907815
5565572	1189851
5565572	5565349
5565572	8014196
5565572	13844861
5565573	3907815
5565574	3907815
5565575	3907815
5565576	3907815
5565577	3907814
5565578	3907814
5565579	3907814
5565580	3907814
5565581	3907814
5565581	9484483
5565582	3907814
5565583	4881828
5565583	5566029
5565583	6533825
5565584	1268253
5565585	3907813
5565586	3907813
5565587	3907813
5565588	3907813
5565589	3907813
5565590	3907813
5565591	3907813
5565592	3907813
5565593	3907813
5565594	3907813
5565595	3907813
5565596	3907813
5565597	3907812
5565598	3907812
5565598	10163521
5565598	10163523
5565599	3907811
5565600	3907811
5565601	3907822
5565601	13802120
5565602	3907822
5565602	13802121
5565603	3907821
5565603	13735038
5565604	3907821
5565604	13735039
5565605	3907820
5565605	13802129
5565606	3907820
5565606	13802129
5565607	3907820
5565607	13802130
5565608	3907820
5565608	13802130
5565609	3907819
5565609	13802131
5565610	3907819
5565610	13802133
5565611	3907818
5565611	4028955
5565611	8165742
5565611	13751751
5565612	3907818
5565612	13824784
5565613	3907817
5565613	13824641
5565614	3907817
5565614	13751747
5565615	3907823
5565615	4029106
5565615	7249729
5565615	13803094
5565616	3907823
5565616	10051683
5565617	3907824
5565617	13803096
5565618	3907824
5565619	3907824
5565619	4029103
5565619	13803096
5565620	3907824
5565621	3907825
5565622	3907825
5565622	13803065
5565623	3907826
5565623	10028406
5565624	3907826
5565624	13803066
5565625	3907827
5565625	4029098
5565625	7249704
5565625	13803075
5565626	3907827
5565627	3907885
5565627	4029288
5565628	3907885
5565629	3907885
5565629	8453339
5565630	3907885
5565631	3907884
5565632	3907884
5565633	3907884
5565633	9480685
5565634	3907884
5565635	3907895
5565636	3907895
5565637	3907894
5565638	3907894
5565639	3907889
5565639	9732136
5565640	3907889
5565641	3907889
5565641	9732136
5565642	3907889
5565643	3907889
5565644	3907889
5565645	730599
5565646	3907954
5565646	13773319
5565647	3907954
5565647	13773321
5565648	3907953
5565648	13770016
5565649	3907953
5565649	13770017
5565650	3907952
5565651	3907952
5565652	3907952
5565653	3907952
5565654	8349565
5565655	3907951
5565655	13776805
5565656	3907951
5565656	13776806
5565657	3907950
5565657	13776783
5565658	3907950
5565658	8443189
5565659	3907949
5565660	3907949
5565660	9824627
5565661	3907949
5565662	3907949
5565663	3908014
5565663	13802825
5565664	3908014
5565664	13802826
5565665	3908013
5565665	13802806
5565666	3908013
5565666	13802810
5565667	3908012
5565667	13821054
5565668	3908012
5565668	13819939
5565669	3908012
5565669	3992703
5565669	13802851
5565670	3908012
5565670	13802852
5565671	3908076
5565672	3908076
5565673	3908076
5565674	3908076
5565675	3908068
5565675	12779811
5565676	3908068
5565676	3990707
5565676	12779809
5565677	3908068
5565678	3908068
5565679	3908067
5565679	12779810
5565680	3908067
5565681	3908067
5565681	8165749
5565681	8165750
5565681	12779807
5565682	3908067
5565683	3908074
5565683	13802232
5565684	3908074
5565684	13802233
5565685	3908073
5565685	13802221
5565686	3908073
5565686	13802222
5565687	3908075
5565688	2317295
5565689	3908075
5565690	3908075
5565691	3908075
5565692	3908075
5565693	3908075
5565694	2317316
5565695	3908075
5565696	3908075
5565697	2317327
5565697	4411214
5565697	8981956
5565698	2317263
5565698	2325834
5565698	5566032
5565698	8866653
5565698	8866654
5565698	8866655
5565698	8866656
5565698	8936745
5565699	3908072
5565699	13802596
5565700	2317263
5565700	2325834
5565700	4335844
5565700	8866653
5565700	8866654
5565700	8866655
5565700	8866656
5565700	8996455
5565701	3908072
5565701	9955811
5565701	13727342
5565702	3908072
5565702	13802137
5565703	3908072
5565703	13802137
5565704	3908086
5565705	3908086
5565706	5565398
5565707	3908085
5565708	3908085
5565708	7579306
5565708	7579307
5565708	7579308
5565709	5565269
5565710	3908084
5565711	3908084
5565712	3908084
5565712	8231110
5565713	5565270
5565714	3908084
5565715	5565399
5565715	8950720
5565716	3908077
5565717	5565261
5565718	3908077
5565719	5565390
5565720	3908077
5565721	3908077
5565722	5565394
5565723	5565725
5565724	5565262
5565725	5565723
5565726	5565263
5565726	8500148
5565726	8500177
5565726	8500178
5565726	12618542
5565727	5565386
5565728	5565264
5565729	5565273
5565730	5565265
5565731	5565387
5565732	3908206
5565732	9490160
5565733	5565388
5565734	3908206
5565735	3908205
5565736	5565266
5565737	5565389
5565738	3908205
5565739	3908205
5565740	5565267
5565741	3908296
5565742	5565268
5565743	3908296
5565744	3908295
5565744	9513502
5565745	5565267
5565745	5569055
5565745	5569335
5565746	3908295
5565747	5565385
5565748	3908294
5565749	3908294
5565750	5565260
5565751	5565384
5565752	3908294
5565753	5565259
5565754	3908294
5565755	3628784
5565755	5565758
5565756	3628784
5565756	5565758
5565757	5565265
5565758	3628784
5565758	5565755
5565758	5565756
5565759	3908293
5565760	5565258
5565761	5565265
5565762	3908293
5565763	3908292
5565763	10041826
5565764	3908292
5565764	10700232
5565765	3908292
5565766	3908292
5565767	5565257
5565768	3908291
5565769	3908291
5565770	3908291
5565771	3908291
5565772	5565353
5565773	5565256
5565773	8185906
5565774	3908287
5565775	3908287
5565776	5565255
5565777	273828
5565778	5565348
5565778	13088235
5565779	273828
5565780	1120797
5565781	5565276
5565782	5565278
5565783	5565254
5565783	5569563
5565784	5565243
5565785	5565220
5565785	5565226
5565785	6980532
5565785	8409607
5565786	5565216
5565786	5565217
5565786	5565221
5565786	5565222
5565786	6137867
5565786	6980532
5565786	6980548
5565786	8409607
5565787	5565253
5565788	5565218
5565788	5565219
5565788	5565223
5565788	5565224
5565789	5565264
5565790	5565252
5565791	5565211
5565792	5565212
5565793	5565201
5565794	5565251
5565795	5565203
5565796	5565181
5565796	5565182
5565797	5565183
5565797	5565184
5565798	5565179
5565799	5565180
5565800	5565175
5565801	5565250
5565801	5565808
5565802	5565172
5565803	5565249
5565803	5565811
5565803	5565825
5565804	5565248
5565804	5565814
5565805	5565247
5565806	5565173
5565807	2233461
5565807	2387304
5565807	3209118
5565808	5565250
5565808	5565801
5565808	5565827
5565808	5567415
5565809	5565246
5565810	5565245
5565811	5565249
5565811	5565803
5565811	5565825
5565811	5567379
5565811	5571846
5565811	9131033
5565811	9131035
5565811	9131037
5565811	9131039
5565811	9657467
5565811	11197813
5565812	5565174
5565813	2776645
5565814	5565248
5565814	5565804
5565814	5565822
5565815	5565164
5565815	5565166
5565816	264496
5565816	3642499
5565816	5565236
5565816	8894166
5565816	8894170
5565816	11144223
5565817	2487611
5565818	5565040
5565818	5565042
5565818	5565048
5565819	5565041
5565819	5565043
5565819	5565049
5565820	663017
5565821	5565100
5565821	5569057
5565821	5569349
5565821	11078333
5565822	5565814
5565823	2550026
5565824	5842749
5565824	12236974
5565825	5565249
5565825	5565803
5565825	5565811
5565825	5567379
5565825	5571846
5565825	5581076
5565825	9657467
5565825	11197813
5565826	3949361
5565827	5565250
5565827	5565808
5565828	2698628
5565829	3915738
5565830	5266547
5565831	4398601
5565831	4398715
5565831	7478932
5565831	10140284
5565832	410200
5565833	1989872
5565834	49444
5565835	2639776
5565836	292340
5565836	1679011
5565836	10838253
5565837	312078
5565838	508321
5565839	5564888
5565839	5584400
5565840	3042342
5565841	5564567
5565841	5566010
5565841	5566011
5565841	5566059
5565841	11199613
5565842	3129221
5565843	255177
5565844	900283
5565845	2267188
5565845	2548286
5565845	3481121
5565846	2267188
5565847	2267188
5565847	2548286
5565847	5566043
5565848	2267188
5565849	2267196
5565849	2298974
5565849	2400696
5565849	6828875
5565849	12076459
5565850	2267196
5565850	5512643
5565850	10488173
5565850	12076459
5565851	33767
5565852	2267224
5565852	5566040
5565852	8430707
5565852	8430708
5565853	2267224
5565853	5566039
5565854	2282049
5565854	5640303
5565854	5677163
5565854	10253072
5565855	2282049
5565855	5640303
5565855	10253072
5565856	2282050
5565857	2297351
5565858	309983
5565859	2298181
5565859	2298182
5565860	2342370
5565860	4033163
5565861	2342587
5565861	2342939
5565861	2346466
5565861	5566036
5565861	10997751
5565861	12990933
5565861	12990934
5565862	885221
5565862	907776
5565862	1485198
5565862	9040953
5565862	10983919
5565863	2342630
5565863	2343955
5565863	12359702
5565864	2354544
5565864	2354830
5565864	6550772
5565864	6550773
5565864	13463409
5565865	2438091
5565865	2438267
5565865	4974009
5565865	6388344
5565865	10297673
5565866	5564464
5565867	2438277
5565867	2438279
5565867	3494315
5565867	3494316
5565868	2439646
5565868	5716807
5565869	2439646
5565869	5716807
5565870	2439978
5565870	4516311
5565870	4902011
5565870	5555008
5565871	2460821
5565871	2460865
5565871	4666934
5565871	4671699
5565871	7603450
5565871	8863861
5565871	12890350
5565872	2466807
5565872	5779403
5565872	5779404
5565872	13122176
5565872	13122178
5565872	13889206
5565873	285159
5565873	2470153
5565873	7120164
5565873	9731315
5565874	2470154
5565875	2470495
5565875	2738974
5565875	5652744
5565876	2468560
5565876	2473720
5565876	2473805
5565876	4815264
5565877	2473772
5565877	2473799
5565877	4815262
5565877	5389658
5565877	7761320
5565877	7761323
5565877	7761324
5565878	2473772
5565878	4815262
5565878	5389658
5565878	7761320
5565878	7761323
5565878	7761324
5565879	2474819
5565879	3091255
5565879	4976180
5565879	4976181
5565879	7834893
5565879	11094458
5565879	12913654
5565880	2474819
5565880	3091255
5565880	5566030
5565880	5566031
5565880	7834895
5565880	7834896
5565880	12913654
5565881	2475754
5565881	3946040
5565881	5585888
5565881	10785642
5565881	10785644
5565881	11683903
5565881	11683904
5565882	2044723
5565883	2353998
5565884	2761556
5565885	4305425
5565885	10616014
5565885	10616020
5565885	10616046
5565885	10616308
5565885	10616309
5565885	11606546
5565885	11606547
5565886	241434
5565887	2095767
5565888	3721839
5565889	57112
5565890	2858950
5565891	3628475
5565892	5565358
5565892	5565994
5565893	5182081
5565894	2881939
5565895	25489
5565896	2268369
5565897	1773673
5565897	6865781
5565898	2533424
5565899	1961227
5565900	2218053
5565900	6712158
5565900	7846155
5565900	11083482
5565901	2218053
5565901	6712158
5565901	11083482
5565902	2218053
5565903	2218053
5565904	2218053
5565904	7846154
5565905	2218053
5565906	244003
5565907	3938806
5565908	3938806
5565909	4128220
5565910	2376100
5565911	5166549
5565911	6089183
5565912	5166549
5565913	2644331
5565914	2644331
5565915	2644331
5565916	531882
5565916	5739132
5565917	915173
5565917	6533824
5565918	273389
5565919	273389
5565920	273389
5565921	273389
5565922	1488836
5565923	1488836
5565924	1488836
5565925	1488836
5565926	1488836
5565927	1488836
5565928	3394314
5565929	252462
5565930	3348438
5565931	3348438
5565931	6908229
5565932	3348438
5565933	2290304
5565934	2290304
5565935	2290304
5565936	2290304
5565937	2290304
5565937	3907284
5565938	2290304
5565938	3907284
5565939	2952817
5565940	2952817
5565941	3226018
5565942	58922
5565943	5565357
5565943	5565980
5565944	3832003
5565945	1027586
5565946	1891054
5565946	1892029
5565947	1891054
5565947	1892029
5565948	1891054
5565948	1892029
5565949	1891054
5565949	1892029
5565950	1891054
5565950	1892029
5565951	1891054
5565951	1892029
5565952	1134119
5565952	12442412
5565953	5397278
5565953	5398256
5565953	5565344
5565953	5565973
5565954	2892390
5565955	4013860
5565955	11214926
5565956	5565384
5565957	4666607
5565958	4879986
5565959	5565398
5565960	4879986
5565961	2151533
5565962	4129981
5565962	6106536
5565963	2542820
5565964	1895886
5565964	5447419
5565965	1024771
5565966	4927683
5565967	3416980
5565968	2957258
5565969	2724525
5565970	5565343
5565970	10720160
5565971	5565394
5565972	5565386
5565973	5565953
5565974	5565387
5565975	5565388
5565975	5583532
5565975	5583533
5565976	5565389
5565977	2291335
5565978	3155855
5565979	5565338
5565980	5565943
5565981	3989926
5565982	5565335
5565983	4497369
5565984	5565332
5565985	3543000
5565986	3374794
5565986	3819093
5565986	4635365
5565986	6841985
5565986	9518875
5565987	3907893
5565988	5565328
5565989	3907893
5565990	3907893
5565991	328657
5565992	3907893
5565993	5420415
5565993	5565315
5565994	5565892
5565995	610408
5565995	2149882
5565995	4297243
5565995	10731008
5565996	1092892
5565997	5121405
5565998	1656118
5565998	1656120
5565998	1666277
5565999	5720940
5565999	11036048
5566000	2549603
5566002	3730102
5566003	3907892
5566003	10033934
5566004	3730102
5566005	1344027
5566006	3907892
5566006	10033935
5566007	3907891
5566007	10033930
5566008	3907891
5566008	9508877
5566008	10033928
5566009	3907890
5566010	5564567
5566010	5565841
5566011	5564568
5566011	5565841
5566012	3907890
5566013	253684
5566014	297092
5566015	3907890
5566016	3907890
5566017	5270624
5566018	437029
5566019	308414
5566019	6923938
5566020	2267429
5566021	3930980
5566022	2031344
5566023	4478362
5566024	268909
5566025	5565313
5566026	4498898
5566027	67344
5566028	1867722
5566029	807074
5566029	5565583
5566030	2474819
5566030	3091255
5566030	5565880
5566030	7834895
5566030	7834896
5566030	12913654
5566031	2474819
5566031	3091255
5566031	5565880
5566031	7834895
5566031	7834896
5566031	12913654
5566032	2325834
5566032	5565698
5566032	5567178
5566032	8866653
5566032	8866654
5566032	8866655
5566032	8866656
5566033	2821330
5566034	5584870
5566035	2400156
5566036	5565861
5566037	1526106
5566039	2267224
5566039	2389600
5566039	2390105
5566039	5565853
5566040	2267224
5566040	2389600
5566040	2390106
5566040	5565852
5566041	1690093
5566042	2820099
5566043	2267188
5566043	2548286
5566043	5565847
5566043	12461785
5566044	3038327
5566045	3038327
5566046	2276379
5566046	5565479
5566047	265227
5566048	5565168
5566048	5565169
5566049	5565161
5566050	5565163
5566051	5565118
5566052	289120
5566053	5565117
5566054	1816224
5566055	5565113
5566056	5565114
5566057	5564742
5566057	10497926
5566058	5565109
5566059	5565841
5566059	5568709
5566059	5568795
5566059	11199613
5566060	5564472
5566061	5565111
5566062	5564468
5566063	2000262
5566064	5565112
5566065	5565107
5566066	5565108
5566067	5565101
5566067	5565102
5566067	5569629
5566068	5561963
5566069	5561961
5566069	12289429
5566069	12298411
5566069	12530636
5566070	5565090
5566071	4009573
5566072	5561960
5566073	5565081
5566074	5565082
5566075	5565086
5566076	5565080
5566076	6367469
5566077	5565052
5566078	5565053
5566079	2500603
5566080	5561941
5566080	12239733
5566080	13671544
5566081	5564702
5566081	8091380
5566081	8365756
5566082	5561930
5566083	2307051
5566083	5018751
5566083	5566727
5566084	1926189
5566084	5566747
5566085	5452977
5566085	5561803
5566085	9771467
5566086	2252712
5566086	2602257
5566086	3845971
5566086	5566680
5566086	7154416
5566087	806242
5566087	5452977
5566087	5561803
5566087	8735491
5566087	9771467
5566087	11094132
5566088	360405
5566088	5566744
5566089	2824670
5566090	1845488
5566090	5564710
5566090	5564712
5566091	3733368
5566092	1057250
5566093	42322
5566094	5564637
5566095	2315434
5566096	246092
5566097	5564643
5566098	5564591
5566099	3007245
5566099	3007580
5566099	6819198
5566099	8513249
5566099	12930900
5566099	12930901
5566100	5564572
5566100	5564573
5566101	365127
5566101	843832
5566101	5804892
5566101	6533805
5566101	6533806
5566102	2582977
5566103	5564562
5566103	5564563
5566104	1413438
5566104	5566743
5566104	13676011
5566105	2676139
5566106	534239
5566106	6533804
5566107	61700
5566108	1235872
5566109	5564549
5566110	2317475
5566111	3007245
5566111	8513249
5566112	703133
5566112	1045228
5566112	6357420
5566113	1227120
5566114	631785
5566115	4482123
5566115	5566682
5566115	5566741
5566116	1127260
5566117	3289579
5566118	1134573
5566118	1138353
5566118	5566740
5566119	1209042
5566120	6340
5566120	867054
5566120	5566739
5566121	14858
5566121	665855
5566121	1066464
5566121	1593994
5566121	5566739
5566122	5565348
5566123	5562954
5566123	5565276
5566123	6275952
5566124	1094243
5566124	1281887
5566124	5566678
5566125	2434170
5566125	5566736
5566126	1482656
5566127	1141124
5566127	1278929
5566127	5566667
5566127	10589270
5566128	17047
5566129	4705243
5566129	5566735
5566129	7678821
5566129	11595721
5566130	4666958
5566131	693381
5566131	693383
5566131	5566660
5566132	19398
5566133	4625200
5566134	19242
5566135	1540800
5566135	8545132
5566136	2245912
5566136	8315905
5566137	4405044
5566138	29469
5566140	5565170
5566141	313048
5566142	5561831
5566142	5566556
5566142	6860482
5566142	6860507
5566143	1477139
5566144	47063
5566144	7678761
5566145	4499667
5566146	3723314
5566147	2762011
5566148	2230302
5566149	2889285
5566150	4500606
5566151	62962
5566152	69280
5566153	941255
5566154	5566554
5566155	1897783
5566156	3068901
5566157	5566547
5566158	607270
5566159	2331813
5566160	3417260
5566161	5566543
5566161	5566548
5566161	8321192
5566163	5518317
5566164	2360876
5566164	2649333
5566164	3772129
5566164	4577913
5566165	1445776
5566166	3121703
5566166	11509265
5566167	2250337
5566168	2510387
5566169	5513516
5566169	9085149
5566170	5513516
5566170	8598944
5566170	9085149
5566171	2891364
5566172	2891364
5566173	1895568
5566173	3364032
5566174	2829174
5566175	3328470
5566176	1895568
5566176	5566639
5566176	5566640
5566177	3328470
5566178	1895780
5566178	1907346
5566178	5566537
5566178	5566638
5566179	1895780
5566179	1907347
5566179	5566536
5566179	5566636
5566179	5566637
5566180	4012962
5566180	6106930
5566180	10055754
5566180	10520828
5566181	3311997
5566182	5566531
5566183	4638968
5566184	5566531
5566185	5258934
5566186	34997
5566187	5258934
5566188	277600
5566188	1590464
5566189	2653201
5566190	2713423
5566191	2260450
5566192	2713423
5566193	2244631
5566193	3329783
5566194	1895818
5566194	5566527
5566194	7341635
5566194	12229146
5566194	12229148
5566194	12229156
5566195	3329783
5566196	895920
5566197	1028666
5566198	1893690
5566198	2382328
5566198	5566526
5566199	3414169
5566200	1965366
5566202	2546714
5566203	3519622
5566204	3358599
5566205	3308241
5566206	19551
5566207	2255304
5566208	3178539
5566209	2014611
5566209	12064502
5566210	2360748
5566211	3434177
5566212	3474556
5566213	2549734
5566214	2549734
5566215	297395
5566215	5566523
5566216	3872641
5566216	9457405
5566217	5566522
5566217	5566631
5566218	4012839
5566219	5566521
5566219	5566632
5566220	2273829
5566221	515192
5566221	755157
5566221	5566390
5566221	7282667
5566221	7282668
5566222	2990256
5566223	3819825
5566224	3403288
5566225	2240365
5566226	4765200
5566226	11320687
5566227	5373389
5566228	3563836
5566229	5373389
5566230	1893631
5566230	4779851
5566230	5566519
5566231	2646263
5566232	3436593
5566232	3610206
5566232	5566356
5566232	13665672
5566233	5553247
5566234	931530
5566234	5566376
5566235	1093415
5566236	5151220
5566237	5151220
5566238	5151220
5566239	2210716
5566239	5566341
5566240	3110585
5566240	4494677
5566241	1893661
5566241	5566518
5566242	1893661
5566242	5566517
5566243	1992114
5566243	3052278
5566243	4982161
5566243	11510413
5566243	12494090
5566244	1893663
5566245	2245558
5566245	5566350
5566245	5566351
5566245	6623681
5566246	2245558
5566247	2237325
5566247	10582579
5566248	3372029
5566248	7950500
5566248	7950501
5566249	3200354
5566250	3121656
5566251	1094416
5566251	5566322
5566252	2647540
5566253	4666822
5566254	2974626
5566254	4058666
5566254	5566335
5566254	6101209
5566255	1853489
5566255	3825873
5566256	4952281
5566256	4989743
5566256	5566280
5566256	5566282
5566256	8475486
5566257	3515277
5566257	5257345
5566258	2284037
5566258	4514084
5566258	6328540
5566259	4500293
5566260	4952282
5566260	4989745
5566260	5566279
5566260	5566281
5566260	5566509
5566260	5566512
5566260	7923092
5566260	8651856
5566260	13188329
5566261	3409039
5566262	1891023
5566262	3072642
5566262	5566510
5566263	2617172
5566264	4494670
5566265	26610
5566266	3308463
5566267	1166370
5566268	1951657
5566269	19765
5566270	2319883
5566270	6350285
5566271	1195579
5566272	2317337
5566272	3878875
5566272	3878876
5566272	12766287
5566272	13973693
5566273	2317341
5566273	3828450
5566273	3828456
5566273	8051637
5566273	12797539
5566274	2317344
5566274	3828450
5566274	3828451
5566274	8051639
5566274	12797541
5566275	2317353
5566275	2326494
5566275	6144931
5566275	8051641
5566275	8395661
5566276	2317356
5566276	2317360
5566276	2317363
5566276	3828446
5566276	3828448
5566276	8051642
5566276	13973694
5566277	2317356
5566277	3878877
5566277	3878878
5566277	13973694
5566278	2053590
5566279	5566260
5566279	5566509
5566279	5566512
5566279	5566623
5566279	7528104
5566279	10710580
5566279	10710582
5566280	5566256
5566280	5566507
5566280	5566623
5566280	7528105
5566280	8475486
5566280	8475773
5566280	10710583
5566280	10710585
5566281	5566260
5566281	5566509
5566281	5566512
5566281	5566623
5566282	5566256
5566282	5566507
5566282	5566623
5566282	7528105
5566282	8475773
5566283	2319221
5566284	266079
5566285	2319221
5566285	2325800
5566286	2319226
5566286	3828440
5566286	3828445
5566287	5558548
5566287	5566506
5566287	5566620
5566287	8091029
5566287	8091030
5566287	8410552
5566287	9302356
5566287	10328040
5566287	11882703
5566287	12198395
5566288	2319226
5566288	2325798
5566288	3828440
5566288	3828445
5566289	2319241
5566289	3828440
5566289	3828441
5566290	4144929
5566290	5566505
5566291	2319241
5566291	3828440
5566291	3828441
5566291	5568031
5566292	2319246
5566293	2319246
5566295	2319250
5566296	2319250
5566297	1887474
5566297	8828984
5566298	2319250
5566299	1887474
5566300	2319250
5566300	2319258
5566300	2319262
5566300	3337075
5566300	3828435
5566300	3828436
5566300	3828440
5566300	3828441
5566301	233932
5566301	1887527
5566301	7240047
5566301	8618988
5566301	8620315
5566301	13112145
5566304	1886840
5566304	5566498
5566304	6887092
5566304	11623242
5566305	1886840
5566305	5566497
5566305	6887092
5566305	12695481
5566305	13010040
5566308	436387
5566309	2319286
5566309	3496282
5566309	5569567
5566309	10268718
5566310	2262795
5566310	4062880
5566310	4822940
5566310	4822942
5566310	5296577
5566310	6593806
5566313	344635
5566313	633378
5566313	2777372
5566313	5566323
5566314	633378
5566317	1886573
5566317	5566495
5566317	6186145
5566317	6186147
5566321	1868878
5566322	1094416
5566322	5566251
5566323	253902
5566323	633378
5566323	2777377
5566323	2777379
5566323	2777380
5566323	3626379
5566323	5566313
5566323	11496912
5566324	4013022
5566324	11554552
5566325	4013022
5566325	8877984
5566325	11554545
5566326	4013022
5566326	11554556
5566326	11554558
5566326	11554560
5566328	4013022
5566329	3721426
5566332	1886666
5566332	5566493
5566332	6732650
5566333	23926
5566334	4015541
5566334	5566492
5566334	5566600
5566335	2974626
5566335	5566254
5566335	5652271
5566336	1886835
5566336	5566601
5566336	9416358
5566338	1886835
5566338	9416358
5566339	1886835
5566339	5566610
5566339	9416358
5566340	24943
5566341	2210716
5566341	5566239
5566342	4496830
5566342	5402415
5566343	1369971
5566344	1886334
5566344	5566489
5566344	6941078
5566344	12200180
5566345	2831763
5566345	11375448
5566346	2379331
5566347	3724887
5566348	58493
5566349	5321697
5566349	11816862
5566349	11816863
5566349	11816864
5566349	11816865
5566349	11816866
5566349	11816867
5566349	11816868
5566349	11816869
5566349	11816870
5566349	11816871
5566349	11816872
5566349	11816873
5566349	11816874
5566349	11816875
5566349	11816876
5566349	11816877
5566350	2245558
5566350	2552732
5566350	5566245
5566350	5945638
5566350	6623681
5566351	5566245
5566351	6623681
5566352	3938817
5566352	5566486
5566353	3393006
5566353	3998081
5566354	869418
5566355	3938817
5566355	5566484
5566355	5566486
5566355	13185050
5566356	5566232
5566357	3201270
5566358	1886504
5566358	5566479
5566358	5566602
5566359	2311238
5566360	2700616
5566361	300563
5566362	2958717
5566362	5566371
5566363	1886554
5566363	5566477
5566363	6930157
5566363	10786384
5566364	1886554
5566364	5566474
5566364	6930158
5566365	3417432
5566365	5566373
5566366	2062506
5566366	5566374
5566367	2062506
5566368	2062506
5566369	300563
5566369	2922985
5566369	2923039
5566370	2062506
5566371	2546927
5566371	2958714
5566371	2958717
5566371	3719935
5566371	5566362
5566371	6438914
5566372	2062506
5566373	3417432
5566373	5531335
5566373	5566365
5566373	5758530
5566374	5566366
5566374	5841063
5566375	2869134
5566376	5566234
5566377	300563
5566378	3151251
5566378	3922275
5566379	3330028
5566380	3151251
5566380	3922275
5566381	300563
5566382	1037201
5566382	2188690
5566382	5865701
5566383	3391892
5566383	5568488
5566384	807525
5566385	1875954
5566385	5566468
5566385	5566592
5566386	1875954
5566386	5566468
5566386	5566592
5566387	4375739
5566388	1590653
5566389	2548963
5566390	5566221
5566391	745451
5566392	1559421
5566392	5612383
5566392	5612387
5566392	6197851
5566392	8710084
5566392	8710086
5566393	2548963
5566393	6887010
5566394	1877091
5566394	13715933
5566395	2163125
5566395	2164439
5566396	1877100
5566396	2251154
5566396	10044992
5566397	2548963
5566398	1495817
5566398	4508472
5566398	10463267
5566399	3823331
5566399	6027393
5566399	7782419
5566399	12684976
5566399	12685003
5566400	1495817
5566400	3053491
5566400	4508472
5566400	10463267
5566401	1877592
5566401	5566463
5566401	5566588
5566401	10735555
5566401	10735556
5566401	10735557
5566402	1877592
5566402	5566462
5566402	5566590
5566402	10735558
5566402	10735560
5566402	10735562
5566403	2273099
5566405	2883704
5566406	415945
5566406	476367
5566406	3190441
5566407	3170690
5566408	5391066
5566408	5399038
5566408	5561505
5566408	6114189
5566409	1886252
5566410	1867469
5566410	5566586
5566411	4849262
5566411	5569685
5566411	5581931
5566412	3408762
5566412	4849262
5566412	5150199
5566412	5150202
5566412	5500837
5566412	9666387
5566412	11068341
5566412	14001035
5566413	4524307
5566413	5587082
5566414	3679465
5566414	5566430
5566415	3409026
5566415	3583453
5566415	5612380
5566417	3313107
5566418	2962722
5566419	2080551
5566420	1559563
5566420	5792863
5566421	1500652
5566421	5612378
5566422	5158712
5566423	864175
5566423	10997752
5566424	5158712
5566425	2648113
5566425	2909258
5566426	5158712
5566427	2009261
5566428	2009261
5566428	11568870
5566429	2242984
5566430	3200888
5566430	5566414
5566431	2242984
5566431	9212900
5566433	2242984
5566434	2242984
5566435	2242984
5566435	5708310
5566436	2242984
5566437	2242984
5566438	2242984
5566439	2242984
5566439	7850813
5566439	7850814
5566440	2242984
5566440	10688319
5566441	2242984
5566442	3448816
5566443	3312896
5566443	5981943
5566444	2545146
5566445	2240826
5566445	3711556
5566445	5128111
5566445	5146735
5566445	7450387
5566445	10582581
5566446	3819399
5566447	4006888
5566448	30120
5566449	3712826
5566450	5429434
5566451	2891753
5566452	2891753
5566453	2331905
5566454	2544049
5566455	4498631
5566456	2548389
5566457	2540161
5566458	3413052
5566458	8798975
5566459	2646380
5566459	5969719
5566460	51494
5566461	2451216
5566462	5566402
5566463	5566401
5566464	1199681
5566465	3890948
5566466	2248119
5566466	6382072
5566466	9822150
5566466	13748824
5566467	2954780
5566468	5566385
5566468	5566386
5566469	5154757
5566470	2064579
5566471	1870099
5566471	12478915
5566472	3417440
5566473	1874246
5566474	5566364
5566475	2360759
5566475	6560704
5566475	11666727
5566475	11666728
5566476	1844198
5566476	1935211
5566477	5566363
5566478	3436538
5566478	5809587
5566479	5566358
5566480	2921281
5566481	2628674
5566481	5568477
5566481	6957614
5566482	2644222
5566483	1094669
5566484	5566355
5566485	1094669
5566485	5484514
5566485	11901297
5566486	5566352
5566486	5566355
5566487	3729420
5566488	3729420
5566489	5566344
5566490	5564910
5566491	3729420
5566492	4015540
5566492	5566334
5566493	5566332
5566493	6732650
5566494	5564910
5566495	5566317
5566496	5564910
5566497	5566305
5566498	5566304
5566499	3230726
5566500	5564429
5566500	5564910
5566500	10693983
5566501	338500
5566501	5566582
5566502	65095
5566502	338155
5566502	1685467
5566503	274139
5566504	23357
5566504	338147
5566504	715920
5566504	760147
5566504	761868
5566504	913738
5566505	5566290
5566506	5566287
5566506	12235108
5566507	5566280
5566507	5566282
5566508	1991936
5566509	5566260
5566509	5566279
5566509	5566281
5566509	5566512
5566510	5566262
5566511	217979
5566512	4952282
5566512	4989743
5566512	4989745
5566512	5566260
5566512	5566279
5566512	5566281
5566512	5566509
5566512	6884454
5566512	10707621
5566512	10710712
5566512	11174563
5566512	11174569
5566512	11174570
5566513	2208125
5566514	3728866
5566515	4009109
5566516	3725146
5566517	5566242
5566518	5566241
5566519	5566230
5566519	5630727
5566520	1837463
5566521	5566219
5566522	5566217
5566523	5566215
5566524	338101
5566524	5566571
5566525	4474569
5566526	2643853
5566526	5566198
5566527	1895818
5566527	5566194
5566528	338100
5566528	5566573
5566529	4519886
5566530	55288
5566531	5566182
5566531	5566184
5566532	311565
5566533	898471
5566534	2661907
5566534	12112707
5566535	5094982
5566536	5566179
5566537	5566178
5566538	3557348
5566539	2059
5566540	298319
5566541	52603
5566541	338084
5566541	390275
5566541	404131
5566542	338083
5566543	5566161
5566543	5566548
5566544	338082
5566544	344342
5566544	12165114
5566545	5322575
5566546	10588785
5566547	5566157
5566548	5566161
5566548	5566543
5566549	338051
5566549	2051170
5566549	6830279
5566550	338050
5566550	1567204
5566550	1567206
5566550	8826845
5566551	338050
5566551	1567204
5566551	1567206
5566551	8826845
5566551	13317689
5566552	338047
5566553	338042
5566554	5566154
5566555	97551
5566555	306151
5566555	388703
5566556	5566142
5566557	338035
5566558	23912
5566558	12778810
5566559	2587698
5566559	5730354
5566560	1340252
5566561	4013913
5566561	7762451
5566562	2261216
5566563	1978785
5566563	1979297
5566563	1988190
5566563	5567201
5566564	2261216
5566564	6328741
5566565	2390852
5566565	6144092
5566565	11976723
5566566	3917735
5566567	3733020
5566567	4359507
5566568	2293181
5566569	32671
5566570	1978785
5566571	5566524
5566572	1978785
5566572	5999218
5566573	5566528
5566574	32671
5566575	1860462
5566575	8873408
5566575	11488027
5566576	1978785
5566577	1860438
5566578	1978785
5566579	4124406
5566579	4577909
5566580	1978785
5566581	5360479
5566582	5566501
5566583	3921620
5566583	4009943
5566584	1978785
5566585	5360479
5566585	9027656
5566586	5566410
5566587	3823282
5566588	5566401
5566589	4502945
5566589	11452229
5566589	11452232
5566589	11452234
5566589	11452235
5566590	5566402
5566591	4502945
5566591	7748447
5566592	5566385
5566592	5566386
5566593	4494950
5566594	2361298
5566594	10701204
5566595	3921669
5566595	4009984
5566595	5750898
5566596	2541306
5566597	2541306
5566598	2713650
5566599	3311001
5566600	5566334
5566601	5566336
5566602	5566358
5566603	2272774
5566604	5542600
5566605	3409097
5566606	2014396
5566607	2014396
5566608	3409097
5566609	2014396
5566610	5566339
5566610	8689173
5566611	2014396
5566612	4500473
5566612	6100655
5566613	2014396
5566614	2014396
5566614	13242102
5566615	4500473
5566616	2014396
5566617	2103975
5566617	2103976
5566617	5743545
5566618	2014396
5566619	3330005
5566619	3770988
5566619	5612634
5566619	5612635
5566620	5566287
5566620	10328040
5566621	2408377
5566622	2711972
5566623	5566279
5566623	5566280
5566623	5566281
5566623	5566282
5566623	10707621
5566623	11174569
5566623	11174570
5566624	2711972
5566624	7892112
5566624	7892114
5566624	8049204
5566625	1860660
5566626	1860660
5566626	9045217
5566627	1860660
5566628	1860660
5566629	3732635
5566629	8556277
5566630	3732635
5566631	5566217
5566632	5566219
5566633	3221363
5566634	3227206
5566635	3168368
5566636	5566179
5566637	5566179
5566638	5566178
5566639	5566176
5566640	5566176
5566641	2711973
5566642	2250927
5566643	2250927
5566644	2250927
5566644	2711961
5566644	8482465
5566644	8523897
5566645	2713573
5566645	5696726
5566646	2713688
5566647	2713688
5566648	238511
5566648	510373
5566649	2756866
5566650	4811056
5566650	9176182
5566651	2203580
5566652	2538865
5566653	3728636
5566654	3728636
5566655	3722479
5566655	7241232
5566656	134706
5566656	317436
5566657	3722479
5566658	3735754
5566658	4048819
5566658	5753686
5566658	8005660
5566659	2406222
5566660	5566131
5566661	256592
5566662	2396229
5566662	11590791
5566662	13479580
5566663	2396229
5566663	4615025
5566664	5088066
5566664	5104455
5566664	12119659
5566665	5282481
5566666	5282481
5566667	1141124
5566667	5566127
5566668	3594065
5566668	6195817
5566669	3594065
5566670	3636199
5566671	3636199
5566671	8314679
5566672	43946
5566673	2236838
5566673	8304406
5566673	11990616
5566674	2236838
5566675	2522339
5566676	2522339
5566676	11436493
5566677	2522339
5566678	5566124
5566679	3725243
5566680	5566086
5566681	3312654
5566682	5566115
5566683	2958328
5566684	3768744
5566685	3768744
5566685	11527327
5566685	11527328
5566686	5374444
5566687	2548221
5566687	6872329
5566687	8910054
5566687	8910055
5566687	10470579
5566687	10470580
5566688	2548221
5566688	5000755
5566688	5000756
5566688	5689296
5566688	6872329
5566688	9482297
5566688	9482299
5566689	238760
5566690	1860709
5566690	7013684
5566691	1860709
5566692	3454315
5566693	2255725
5566694	3454315
5566694	7911053
5566695	1862547
5566696	4495056
5566697	1862556
5566698	132832
5566698	1862556
5566698	5340279
5566699	2711693
5566700	4495056
5566701	3185065
5566702	5149971
5566702	11268290
5566703	5149971
5566704	2236757
5566704	10582582
5566705	3824395
5566705	6145057
5566707	3133618
5566708	4665197
5566708	11708636
5566708	11708638
5566708	11708643
5566708	11708645
5566708	11708648
5566708	11708649
5566708	11708652
5566708	11708653
5566709	1893770
5566709	4666854
5566709	6740711
5566710	1855102
5566710	1857929
5566711	4666854
5566711	6740711
5566712	2675006
5566713	3817976
5566713	5108846
5566713	9442904
5566714	1855178
5566714	1858389
5566715	1093622
5566716	1093622
5566717	3181195
5566718	3724166
5566719	3181195
5566720	3721820
5566720	5722069
5566720	11610305
5566720	11610306
5566721	1677142
5566722	2647888
5566723	59496
5566724	2439850
5566724	5568432
5566725	2439850
5566726	1573741
5566727	5566083
5566728	3405401
5566728	4023571
5566729	1897696
5566730	3479732
5566731	263241
5566732	1573741
5566733	4495056
5566734	2016961
5566734	11606377
5566734	11606379
5566735	5566129
5566735	7678821
5566735	11595721
5566736	5566125
5566737	4983593
5566737	5034734
5566738	2236269
5566738	2236424
5566739	2628971
5566739	5566120
5566739	5566121
5566740	5566118
5566741	5566115
5566742	1994394
5566742	3895659
5566742	7915887
5566743	5566104
5566744	5566088
5566745	5363361
5566745	5368452
5566746	2647928
5566746	2885528
5566746	3704455
5566747	5566084
5566748	1587145
5566749	1587145
5566750	3408754
5566751	3199818
5566752	4918991
5566752	4921630
5566753	2549640
5566753	5875926
5566754	1024461
5566754	13339613
5566754	13339616
5566755	1024461
5566755	13339613
5566755	13339616
5566756	3822349
5566757	318144
5566758	4300736
5566758	6933694
5566759	4495946
5566759	4786955
5566759	5566763
5566759	6592326
5566760	2366727
5566761	5266179
5566762	337933
5566763	4495946
5566763	4786955
5566763	5566759
5566763	6592326
5566763	10836216
5566764	5266179
5566765	954378
5566766	3618733
5566767	3618733
5566767	7959686
5566768	32633
5566768	6892162
5566768	6892163
5566769	32633
5566769	6892162
5566769	6892163
5566770	314291
5566770	10184480
5566771	328656
5566772	812160
5566773	4375735
5566774	409629
5566775	2685955
5566776	1138310
5566776	5798381
5566776	8047393
5566777	5324857
5566778	1860405
5566778	6832063
5566779	1860405
5566779	6832065
5566780	5324857
5566781	676345
5566781	1383430
5566781	5798377
5566782	2376439
5566782	3985784
5566783	1523613
5566783	5954408
5566784	2203316
5566784	8757412
5566785	2273239
5566785	10582584
5566786	2273239
5566786	10582585
5566786	11525375
5566787	3723105
5566788	3023420
5566788	5568424
5566788	8327015
5566788	8327016
5566789	4501722
5566789	11622599
5566789	11622600
5566789	11622601
5566789	11622602
5566790	303202
5566790	10585979
5566791	18834
5566792	1840406
5566792	5798375
5566793	303202
5566793	10585979
5566794	303202
5566794	10585979
5566795	59710
5566796	2644921
5566796	4860101
5566797	312453
5566798	4500606
5566799	2548171
5566800	242626
5566801	2646996
5566802	3620152
5566803	48400
5566804	4529981
5566805	2290856
5566806	5560359
5566807	3730582
5566808	1665211
5566808	5568408
5566809	3425617
5566810	5322582
5566811	5322582
5566812	3449356
5566813	20286
5566814	2539243
5566815	2234765
5566815	5360667
5566815	6138561
5566815	12946550
5566816	3921269
5566817	3921269
5566818	3753522
5566818	3921269
5566819	4907522
5566820	3921269
5566821	3129582
5566822	1850261
5566822	1851513
5566822	1852046
5566823	1850261
5566823	1851514
5566823	1852048
5566824	731343
5566825	1860405
5566825	2271352
5566825	5647299
5566825	13263538
5566825	13263539
5566826	1860405
5566826	2271352
5566826	5647300
5566827	3921358
5566827	9800972
5566827	9800979
5566828	3921358
5566829	1850262
5566829	1852042
5566830	1850262
5566830	1852044
5566831	4013702
5566831	9155634
5566831	11955386
5566832	1851343
5566833	1326905
5566834	3921436
5566835	3906946
5566836	681352
5566837	5206934
5566837	8317384
5566838	2203682
5566838	2460060
5566838	5568401
5566839	3222934
5566840	1845146
5566840	6910323
5566841	681972
5566841	1547235
5566841	2857832
5566842	2052041
5566843	3625146
5566843	13548027
5566844	3921208
5566844	5036788
5566844	6642026
5566844	6885098
5566844	8658060
5566844	8659373
5566844	8659390
5566844	8745382
5566845	2052041
5566846	2052041
5566847	2052041
5566848	2912024
5566849	3358785
5566849	3963456
5566849	6821110
5566849	9795111
5566850	1521785
5566851	1845502
5566851	5567943
5566852	2052041
5566853	2052041
5566854	4666403
5566854	5568383
5566855	1846830
5566855	5567942
5566856	3476904
5566857	3729057
5566857	5568388
5566857	7295590
5566857	7295591
5566858	2996821
5566859	316112
5566859	5567939
5566859	13961008
5566860	30804
5566861	3825989
5566861	4577081
5566861	5567938
5566861	6462791
5566861	6480550
5566862	3170527
5566863	402749
5566864	3539512
5566864	5568396
5566865	402749
5566866	3539512
5566866	8300397
5566867	3539512
5566868	402749
5566869	1464837
5566870	1564744
5566870	2250451
5566871	4663797
5566871	7487302
5566872	1816716
5566873	5567936
5566874	3439376
5566875	1841684
5566875	1842896
5566876	5154774
5566877	4700050
5566878	5154774
5566879	63942
5566880	3419947
5566881	3181667
5566881	4156882
5566882	3417051
5566882	5688523
5566883	3449264
5566884	3449264
5566885	3183993
5566886	3223038
5566887	3413083
5566888	4502000
5566889	2272918
5566889	6636112
5566890	3539354
5566890	6636113
5566891	1839434
5566891	5567933
5566891	5949336
5566892	436103
5566892	1839472
5566892	1849307
5566892	5567931
5566893	436103
5566893	1839472
5566893	1849306
5566893	5567930
5566894	4442556
5566895	4824093
5566896	3127608
5566896	3937210
5566896	3937211
5566896	3937216
5566896	3937217
5566897	4856391
5566898	4856391
5566899	3436813
5566899	3439173
5566899	5567929
5566900	4856391
5566901	1828627
5566901	11857894
5566902	4856391
5566903	1828627
5566904	1828625
5566905	5072694
5566906	5072694
5566907	5072694
5566908	1828804
5566908	13460318
5566909	1828804
5566909	13007785
5566910	1120753
5566911	1120753
5566912	1828703
5566913	1120753
5566914	1120753
5566915	1828694
5566915	12530406
5566916	1828694
5566916	3351836
5566916	3351838
5566917	1828694
5566918	62487
5566919	1828627
5566920	427988
5566921	427988
5566922	427988
5566923	1828625
5566924	427988
5566925	349838
5566926	2807657
5566927	486974
5566927	6873281
5566928	323531
5566929	3777898
5566930	416547
5566931	1808071
5566932	1808071
5566933	2258337
5566934	2258337
5566935	2258337
5566936	2258337
5566937	3163256
5566937	6687469
5566937	12343644
5566937	13301688
5566938	2869057
5566939	2961504
5566940	3189125
5566941	3289154
5566942	4165654
5566942	5566948
5566943	5289663
5566944	2612719
5566945	3500604
5566946	5009664
5566947	2076240
5566948	4577583
5566948	5566942
5566948	5569565
5566949	1828988
5566949	5567926
5566950	3823071
5566950	5567924
5566951	1830504
5566951	11470681
5566952	1778051
5566953	3950011
5566953	5324454
5566954	3844661
5566955	2645872
5566956	1101231
5566957	4436451
5566958	2645872
5566959	4436451
5566960	4165654
5566960	5567921
5566961	4436451
5566962	4843591
5566963	3410910
5566964	5237939
5566965	4436451
5566966	3417284
5566967	5237937
5566967	5854400
5566968	5149140
5566969	5237935
5566970	5237933
5566971	5566986
5566972	5238205
5566973	5237931
5566974	4489924
5566975	5237400
5566976	4501401
5566976	5238199
5566977	4489924
5566978	5238197
5566979	5238196
5566980	4624870
5566980	4624873
5566981	5238194
5566982	5238195
5566983	5238032
5566984	5237998
5566985	5237961
5566986	5566971
5566987	4958080
5566988	5224436
5566989	3673168
5566990	4760115
5566992	5298173
5566992	11559280
5566993	2435732
5566994	3430995
5566995	5225055
5566996	1925729
5566996	7967062
5566996	7967063
5566997	5225059
5566998	5225081
5566999	644836
5567000	5226704
5567001	2273605
5567001	7531312
5567002	5226705
5567003	3449421
5567004	3449421
5567005	3449421
5567006	5226706
5567007	5226707
5567008	5226708
5567009	294482
5567009	1362579
5567009	1362583
5567009	3015632
5567010	5226709
5567011	3284229
5567012	5226710
5567014	3416823
5567015	5226711
5567016	3431253
5567017	1362580
5567017	1362581
5567018	4604434
5567019	5226712
5567020	5226713
5567021	3555997
5567022	5226714
5567023	5298902
5567024	5226715
5567025	5226716
5567026	543460
5567027	5226717
5567028	1362580
5567028	1362581
5567029	5227240
5567030	5227241
5567031	5227245
5567032	5227247
5567032	12139078
5567033	2121120
5567033	2121145
5567033	3253269
5567033	3662467
5567033	4869026
5567033	8723012
5567034	1505439
5567035	2121145
5567035	3662472
5567036	5227249
5567037	5227262
5567038	5288947
5567039	294482
5567039	1362579
5567039	1362583
5567039	3015632
5567040	294482
5567040	1362579
5567040	1362583
5567040	3015632
5567041	1362580
5567041	1362581
5567042	1362580
5567042	1362581
5567043	2182066
5567043	2187304
5567043	8077458
5567044	5567920
5567045	5412351
5567046	4873842
5567047	294482
5567047	1362579
5567047	1362583
5567047	3015632
5567048	2564822
5567049	4388004
5567050	460501
5567051	5347412
5567052	5252956
5567052	5252958
5567053	3820373
5567053	5567916
5567053	13315440
5567053	13315441
5567055	2288831
5567056	5389935
5567056	5389936
5567057	3820831
5567057	6594363
5567057	9979293
5567058	4490402
5567059	2912653
5567059	2912878
5567059	5567914
5567059	13301999
5567060	546104
5567061	2912653
5567061	2912878
5567061	5567911
5567061	13301999
5567062	2912653
5567062	2912878
5567062	5567914
5567062	13301999
5567063	2912653
5567063	2912878
5567063	5567911
5567063	13301999
5567064	2912646
5567064	3231173
5567064	5567908
5567064	5567909
5567064	13301999
5567065	4828727
5567066	2537279
5567067	426021
5567067	2865955
5567068	626178
5567069	4678993
5567070	3884733
5567071	313248
5567072	4997071
5567073	3819410
5567073	5567906
5567074	3819410
5567074	4413860
5567075	2014317
5567076	3819410
5567076	5567906
5567076	13315465
5567076	13315466
5567077	5396431
5567078	5567084
5567079	5396431
5567080	3731600
5567081	790586
5567082	1782754
5567082	12478237
5567083	2858296
5567084	5567078
5567085	2858298
5567086	3902006
5567087	1885286
5567088	3913270
5567089	3928155
5567090	648426
5567091	1437329
5567092	293568
5567092	6960103
5567093	3819730
5567094	1573415
5567095	5567097
5567096	1029134
5567097	5567095
5567097	5567098
5567098	5567097
5567098	5567900
5567099	680572
5567100	1029134
5567101	1553409
5567102	15825
5567103	3819258
5567103	5567897
5567104	2663080
5567104	7893612
5567105	3819258
5567105	5567896
5567106	33252
5567107	3819280
5567107	5567894
5567107	8317248
5567107	8740059
5567107	12305405
5567108	3819336
5567108	5567893
5567109	2477099
5567109	6636114
5567110	5567892
5567111	4474090
5567112	2548503
5567112	2710861
5567112	6636116
5567113	2547323
5567113	2777249
5567113	2818913
5567113	2970625
5567113	2973895
5567113	4228769
5567113	5546886
5567113	13121380
5567114	2956256
5567114	2982463
5567115	1756115
5567115	1756117
5567115	3072075
5567116	1756115
5567116	1756117
5567116	2054193
5567116	3072072
5567116	5816581
5567116	12638634
5567116	12638638
5567117	648139
5567118	286656
5567119	3347096
5567119	9735638
5567119	9737419
5567120	3818064
5567120	5567889
5567121	1764753
5567121	5788273
5567121	7373860
5567121	7419397
5567121	7455582
5567121	9930795
5567121	9930796
5567121	13281656
5567122	1764884
5567122	1766859
5567122	1771611
5567122	5567887
5567122	12525629
5567123	3766989
5567123	4784954
5567123	9265765
5567124	1404488
5567125	3974901
5567126	1827182
5567127	1913259
5567128	48086
5567129	676937
5567130	2488856
5567131	68378
5567132	3725626
5567133	4855132
5567134	3865483
5567135	2738709
5567136	2264232
5567137	3725615
5567138	1486068
5567138	13187774
5567139	2063281
5567140	2734819
5567141	3014147
5567141	6839419
5567142	2701088
5567142	9193465
5567143	3279700
5567144	682228
5567145	3540583
5567145	5568371
5567145	9735599
5567145	11527207
5567146	4655284
5567146	8213178
5567146	12930494
5567147	2474438
5567148	3918094
5567148	4588114
5567148	4966335
5567149	755888
5567150	1875983
5567150	5567885
5567151	3919330
5567151	5567880
5567152	3919330
5567152	5567879
5567152	13123049
5567153	3919330
5567153	5567880
5567154	3919330
5567154	5567879
5567154	13123049
5567155	3919331
5567155	5567874
5567156	3919331
5567156	5567873
5567157	3919331
5567157	5567874
5567158	3919331
5567158	5567873
5567159	3919332
5567159	5567872
5567160	332745
5567160	5568374
5567161	3919332
5567161	5567871
5567161	13286266
5567161	13286267
5567162	1875985
5567162	13286287
5567162	13286288
5567163	1875985
5567164	1875986
5567165	2057769
5567166	2057769
5567167	21737
5567168	1767293
5567168	1778539
5567169	4629602
5567170	997664
5567170	1426687
5567170	1745661
5567170	10890971
5567170	10900911
5567170	11188289
5567171	1745661
5567172	326576
5567173	319327
5567174	1749338
5567174	1763327
5567174	5567347
5567175	3369378
5567176	239477
5567177	2312345
5567178	5566032
5567179	2358982
5567180	3385910
5567181	1637645
5567182	957403
5567183	2367115
5567184	3745444
5567185	4593010
5567186	2947829
5567186	3078554
5567186	4394924
5567186	4394925
5567186	4890982
5567186	4891790
5567186	5045193
5567186	5045194
5567186	8614298
5567186	8863454
5567187	4747434
5567188	4959127
5567189	4711289
5567190	4711289
5567191	5371010
5567192	4069637
5567192	4069651
5567193	4604460
5567194	2533129
5567195	4602318
5567196	3875853
5567197	1923422
5567197	1927602
5567198	3117732
5567198	13838002
5567198	13838003
5567199	3908539
5567200	5562600
5567201	1978785
5567201	5566563
5567202	4601564
5567203	4598827
5567203	4599249
5567203	4599320
5567203	12700539
5567203	12713903
5567203	13082766
5567204	3818894
5567205	4442358
5567206	4534318
5567208	5366427
5567209	3387540
5567210	3998211
5567211	2240279
5567212	320541
5567212	504556
5567212	2522444
5567212	7020098
5567212	7020099
5567213	2543864
5567214	430473
5567215	4293913
5567216	300709
5567217	5216308
5567218	1551255
5567219	2954231
5567220	3428330
5567221	3917149
5567222	4192100
5567222	4192102
5567222	4192131
5567223	2954444
5567224	5373548
5567225	5184881
5567226	3041989
5567227	1738935
5567228	3170961
5567228	10277709
5567228	10277710
5567229	2652819
5567230	5402492
5567231	2100016
5567232	3722341
5567233	3648413
5567233	12004456
5567234	3722341
5567235	29671
5567236	1028011
5567237	2825199
5567237	8317918
5567238	3735464
5567238	5708537
5567239	3735464
5567240	4495654
5567240	7040347
5567240	7040348
5567241	62984
5567242	3544948
5567243	376334
5567244	1094586
5567244	11708469
5567244	11708470
5567245	4401460
5567246	4401460
5567246	8465265
5567246	8465266
5567247	3314989
5567247	7176138
5567248	4401460
5567249	2890988
5567250	59633
5567251	2890988
5567252	34616
5567253	1967758
5567254	4857312
5567255	4857312
5567256	3467381
5567257	3729728
5567259	458052
5567260	2548326
5567260	8309931
5567261	3396740
5567261	5526072
5567261	12293277
5567262	3396740
5567263	1681508
5567264	2544400
5567265	3422213
5567265	5862209
5567265	7533375
5567266	2247762
5567266	4693460
5567267	5306650
5567269	1085745
5567270	2360328
5567270	2372221
5567271	3831447
5567272	2206700
5567272	5568367
5567272	7462810
5567273	907558
5567273	5868949
5567274	1797182
5567274	5220035
5567275	1887708
5567275	11999227
5567275	12823404
5567276	630385
5567277	1675367
5567277	2073103
5567278	2361843
5567279	3921590
5567280	3921590
5567281	1994478
5567281	7958056
5567282	5567870
5567282	10777219
5567283	127503
5567284	2734352
5567285	5567867
5567286	40348
5567287	3519664
5567287	11519011
5567288	5103485
5567289	5103485
5567290	1943439
5567291	2642973
5567291	3706449
5567292	2953900
5567292	11516671
5567292	11516672
5567293	1194594
5567294	2953900
5567294	5968848
5567294	10482691
5567294	11455518
5567294	11455519
5567295	267931
5567296	1170106
5567296	7968856
5567297	2953900
5567298	3151423
5567298	11079755
5567298	11079757
5567299	5553936
5567299	5691853
5567299	6389176
5567300	2361485
5567301	4471225
5567301	4472732
5567302	4664962
5567303	540238
5567304	3473115
5567304	4664962
5567305	2056295
5567306	5567855
5567307	39074
5567307	10326153
5567308	3171167
5567308	5567324
5567309	5567852
5567310	5567845
5567311	4062450
5567312	576633
5567313	3171789
5567313	6561088
5567313	11527348
5567313	11527349
5567313	11527350
5567313	11527351
5567313	12442329
5567314	1525930
5567315	3824307
5567316	5293414
5567317	5567812
5567318	2403428
5567319	3753121
5567320	3287065
5567321	3792573
5567321	3794719
5567322	5553749
5567323	4904044
5567324	3171167
5567324	5567308
5567324	5567787
5567324	8553591
5567325	3287065
5567325	7124557
5567326	3826656
5567327	3738387
5567328	4493632
5567328	6144236
5567329	2098921
5567330	1995771
5567331	5567778
5567332	1368080
5567333	4585123
5567334	3736624
5567334	5567756
5567335	3736648
5567335	5567754
5567336	2539637
5567337	3948713
5567338	5358678
5567339	4217659
5567340	5567751
5567342	4860808
5567343	2860143
5567344	5567750
5567344	6214458
5567345	2918574
5567346	2930571
5567347	5567174
5567348	3806802
5567349	1497963
5567350	1913627
5567351	5567749
5567351	5912730
5567351	5912731
5567351	10050849
5567351	10968828
5567352	2286761
5567353	2332780
5567354	465150
5567355	1051700
5567356	5219302
5567357	2260238
5567358	5567747
5567358	9820017
5567359	280076
5567360	1691778
5567361	5567734
5567362	1691778
5567362	2028965
5567363	4511796
5567364	4196695
5567365	5567732
5567366	5311622
5567366	5311623
5567367	1686062
5567368	3890564
5567369	5503570
5567370	1714236
5567371	5564507
5567372	5567389
5567372	5567727
5567373	1885630
5567374	5567724
5567375	298619
5567376	298619
5567377	2267036
5567378	3737331
5567379	5565249
5567379	5565811
5567379	5565825
5567379	5581076
5567379	9657467
5567380	1677493
5567380	6881902
5567380	6881903
5567381	4028830
5567382	3736233
5567383	333316
5567383	1237077
5567383	1680667
5567383	11467079
5567383	11467206
5567383	11467213
5567383	11467214
5567384	1677493
5567385	4144389
5567387	1677493
5567388	3457645
5567389	5567372
5567389	5568029
5567390	3736534
5567390	5567681
5567390	6013138
5567390	6440148
5567390	8168964
5567390	8168965
5567391	409591
5567392	4440671
5567393	3736049
5567393	4263057
5567393	5567675
5567394	3736049
5567394	4263057
5567394	5567675
5567395	1671926
5567395	1671955
5567395	1674560
5567395	5567669
5567396	1671926
5567396	1674563
5567396	5567661
5567397	45786
5567398	5567649
5567399	5565260
5567400	5001430
5567401	3727309
5567402	5556533
5567403	5565257
5567403	5568019
5567404	245975
5567405	509223
5567405	6702132
5567406	5565255
5567407	5565254
5567407	5569563
5567408	288516
5567409	5565252
5567409	5569549
5567410	2855374
5567411	5565251
5567413	5184634
5567413	5184646
5567413	5185153
5567413	5206562
5567413	5281583
5567413	5578368
5567413	5578370
5567413	5724546
5567413	6817268
5567413	6984838
5567413	7527359
5567413	7547938
5567413	7547940
5567413	7882156
5567413	8382821
5567413	11122462
5567413	12904597
5567414	5184637
5567414	5184639
5567414	5206445
5567414	5206559
5567414	5281583
5567414	5578368
5567414	5578370
5567414	5724575
5567414	6817269
5567414	6984839
5567414	7527360
5567414	7882157
5567414	8381801
5567414	10710898
5567414	11122462
5567415	5565250
5567415	5565808
5567415	5569558
5567415	8218907
5567416	5565247
5567416	5569560
5567416	9021864
5567416	9021871
5567417	5565245
5567418	58861
5567419	5562512
5567419	5564383
5567419	5568020
5567419	5569562
5567419	9153084
5567419	11069642
5567420	291664
5567421	1665056
5567421	5567629
5567423	5567464
5567424	863168
5567426	3735697
5567426	5567613
5567430	2965460
5567432	656296
5567432	1655476
5567432	5567579
5567432	8833746
5567432	10930414
5567432	12666864
5567433	3472259
5567433	6927557
5567434	2029431
5567434	5618371
5567434	6391561
5567435	2259333
5567436	3077347
5567437	49957
5567438	1536382
5567439	2748729
5567440	2265881
5567441	3513916
5567441	10685057
5567442	1655827
5567442	1662436
5567442	1666861
5567442	2375686
5567442	10195638
5567443	1655769
5567443	1662436
5567443	1666861
5567444	4604670
5567445	2551947
5567446	3725009
5567447	315159
5567447	464067
5567447	2279009
5567448	5396430
5567449	3727309
5567450	24544
5567451	245975
5567452	1873538
5567452	5567560
5567453	2564307
5567454	1658048
5567454	5567555
5567455	1658050
5567455	5567551
5567456	5331706
5567457	3734666
5567457	5591228
5567458	2040820
5567458	2040822
5567458	3032718
5567458	5569247
5567458	5569249
5567458	8299635
5567458	11878456
5567459	1986606
5567460	2888939
5567461	1644371
5567462	132246
5567462	297610
5567462	689101
5567462	2904482
5567462	2904483
5567463	916675
5567463	1187672
5567463	2105777
5567463	3307055
5567463	3459698
5567463	4180884
5567463	5281563
5567463	5281564
5567463	5568792
5567463	5582186
5567463	5582189
5567463	6327872
5567463	6984840
5567463	6984841
5567463	7527345
5567463	8155679
5567463	8155680
5567463	8836076
5567463	12792195
5567464	5567423
5567464	5568018
5567464	5569556
5567465	2784296
5567466	3065458
5567467	619882
5567468	261446
5567469	3417245
5567470	3166231
5567471	2644400
5567472	3106597
5567473	3442492
5567474	3417260
5567475	2944154
5567475	5939050
5567476	1476197
5567477	2367594
5567478	3417086
5567479	3431000
5567480	3046971
5567481	727135
5567482	3417007
5567482	10578818
5567483	3489126
5567484	282365
5567484	700213
5567485	5364570
5567485	5364571
5567486	295970
5567486	4049710
5567486	6481306
5567486	12916445
5567487	3599279
5567488	2821254
5567488	3028980
5567488	5347948
5567488	7176378
5567488	13980588
5567489	328855
5567490	3480403
5567490	3480404
5567490	7242739
5567491	1040935
5567492	5270358
5567493	4299651
5567494	3633840
5567495	1148326
5567496	5307055
5567497	3904149
5567498	4124406
5567498	4577622
5567498	4577909
5567499	2276088
5567500	3933141
5567500	10078658
5567501	462171
5567502	285199
5567503	3877586
5567504	2645570
5567505	46437
5567506	3002008
5567507	1497644
5567508	2548693
5567509	2959183
5567510	281841
5567511	1098119
5567512	31088
5567513	268571
5567514	1127426
5567515	2629014
5567516	2957113
5567516	2983931
5567517	792987
5567518	5227875
5567519	3912047
5567520	5227881
5567521	5227881
5567522	268070
5567523	2545208
5567524	5227882
5567525	2790413
5567526	2812699
5567527	5228808
5567528	2724529
5567529	5228816
5567530	5229533
5567531	3734355
5567531	5628238
5567532	5229544
5567533	3734355
5567534	5229546
5567535	3852794
5567535	5568357
5567536	2095094
5567536	2240210
5567536	6556851
5567537	5229975
5567538	36248
5567539	5229978
5567540	2648471
5567541	5230622
5567542	3936587
5567543	2252595
5567544	5230890
5567545	3731111
5567546	5230895
5567547	2880581
5567548	2360019
5567549	2408294
5567549	7168962
5567550	5230896
5567551	5567455
5567552	5230901
5567553	5231059
5567554	5286041
5567554	13684885
5567555	5567454
5567555	6034627
5567555	6034629
5567556	29198
5567557	5231068
5567558	5231067
5567559	5231066
5567560	5567452
5567561	5231065
5567562	2274053
5567563	5231064
5567564	5231063
5567565	33429
5567566	2033445
5567567	5231062
5567568	5178617
5567569	3907753
5567570	3044760
5567570	6162763
5567570	9964965
5567571	5231061
5567572	395839
5567573	5231060
5567574	3907753
5567575	2274053
5567576	5231058
5567577	4502297
5567577	8300396
5567578	5231057
5567579	5567432
5567580	3907752
5567581	4496271
5567582	2279380
5567582	11523581
5567582	11523582
5567583	3907752
5567584	2646514
5567585	2646514
5567586	847125
5567587	1122374
5567588	4500890
5567588	5568350
5567589	5231056
5567590	4401057
5567591	4444107
5567591	4444287
5567592	933600
5567593	4952846
5567593	5568787
5567593	10449771
5567594	5231055
5567595	1084994
5567595	10141077
5567596	5231054
5567597	2245497
5567597	3783864
5567597	12148203
5567598	8286299
5567599	3424366
5567599	8297676
5567600	1649015
5567600	3734899
5567601	2544780
5567602	3171317
5567602	5128231
5567602	8358674
5567602	10582586
5567602	11638438
5567602	11638439
5567603	5453680
5567605	5453680
5567606	2202514
5567607	3350504
5567607	11251047
5567607	11251049
5567608	3823762
5567608	5654898
5567609	569701
5567611	3023320
5567613	5567426
5567614	1877447
5567616	2546613
5567617	3737426
5567618	8234238
5567619	1891195
5567619	6377987
5567619	6377988
5567619	12226093
5567621	2073194
5567622	5231047
5567624	5261247
5567624	7330527
5567625	2846100
5567626	1264960
5567627	2267819
5567628	746403
5567629	5567421
5567630	1682132
5567631	979659
5567632	504945
5567633	2249974
5567633	9453820
5567634	2249974
5567635	2408586
5567636	2327611
5567637	3129464
5567638	3129464
5567639	2645703
5567639	10326692
5567640	3907745
5567640	13776749
5567641	3907744
5567642	5430749
5567642	5568061
5567642	5568062
5567642	5568063
5567642	5568064
5567642	8445186
5567643	2739584
5567643	7770050
5567643	7770067
5567644	133721
5567644	308230
5567644	1637339
5567644	2307678
5567644	2307680
5567645	1637337
5567645	2307097
5567645	12588211
5567645	13376223
5567645	13390891
5567646	4529730
5567647	3907741
5567648	2111690
5567649	5567398
5567650	3907741
5567651	2111690
5567651	6102883
5567652	3178345
5567653	3178345
5567653	7411335
5567654	3264777
5567655	3757290
5567656	3502161
5567657	1638324
5567657	1638448
5567657	5182328
5567657	11298446
5567658	3721535
5567659	1890928
5567660	5275476
5567660	6140961
5567661	5567396
5567662	5275476
5567662	6140961
5567663	1936479
5567663	5953368
5567663	10275141
5567663	11445897
5567664	4398854
5567665	3417002
5567666	2846100
5567667	2641932
5567668	2641932
5567669	5567395
5567670	3732385
5567671	3736415
5567671	8314728
5567671	10635874
5567671	11513068
5567672	3943748
5567674	5326089
5567674	12653561
5567675	4263057
5567675	5567393
5567675	5567394
5567676	4616535
5567677	2516444
5567678	395045
5567679	2546833
5567679	5567683
5567680	1647860
5567680	1693239
5567680	10163933
5567680	12229130
5567680	12229151
5567681	5567390
5567681	6440148
5567681	8168965
5567682	4736898
5567683	1849068
5567683	5567679
5567685	2546833
5567685	11708607
5567685	11708608
5567686	3731643
5567687	5179245
5567688	50075
5567690	5204226
5567691	2546833
5567692	2952355
5567693	1121345
5567694	3023965
5567695	3171256
5567695	4131248
5567696	1484535
5567697	10743220
5567697	10743738
5567697	13246080
5567698	322341
5567698	447822
5567699	2631547
5567700	2098948
5567701	5231031
5567702	3216956
5567702	3731517
5567702	7115838
5567702	13935358
5567703	4494976
5567704	5230623
5567705	5230618
5567706	4494976
5567706	5568337
5567707	5230119
5567708	1824777
5567709	5230118
5567710	2588717
5567710	6948950
5567710	6948953
5567710	6948954
5567710	7270883
5567711	5230117
5567712	1096214
5567713	5230108
5567714	3537624
5567715	5229979
5567715	5230155
5567716	3844689
5567717	317875
5567718	1671775
5567719	3123508
5567720	2537734
5567721	2713778
5567721	4542917
5567721	7485760
5567721	10489928
5567721	10489985
5567722	3733938
5567723	3912972
5567724	5567374
5567725	4724159
5567725	8313814
5567726	321591
5567727	5567372
5567728	303297
5567729	531485
5567730	914063
5567731	305673
5567732	5567365
5567733	456529
5567733	488993
5567734	5567361
5567735	1103230
5567736	2195627
5567737	70034
5567737	1344047
5567737	1344048
5567737	1344049
5567737	7968903
5567738	70267
5567739	67253
5567740	444525
5567740	851096
5567741	886966
5567741	7335247
5567742	886966
5567743	1442554
5567743	6917180
5567744	326476
5567745	1442554
5567745	6917180
5567746	48242
5567747	5567358
5567748	4104519
5567749	5567351
5567749	5912730
5567749	7360750
5567750	5567344
5567751	5567340
5567752	3222017
5567753	253390
5567754	5567335
5567755	319076
5567755	631893
5567756	5567334
5567757	3724557
5567758	5231048
5567759	319076
5567760	5229539
5567760	7222262
5567761	5229538
5567762	289137
5567763	5229537
5567764	5229536
5567765	5229535
5567766	5346841
5567767	5229534
5567768	1709287
5567769	5228817
5567770	5228815
5567771	5228814
5567772	5346670
5567773	24005
5567774	5229977
5567775	5229973
5567776	5229968
5567777	1635015
5567778	5567331
5567779	2275676
5567780	5229965
5567781	5229551
5567782	5229548
5567783	1635332
5567783	1712593
5567783	8603062
5567784	1740537
5567785	1635332
5567786	5229545
5567787	3171167
5567787	5567324
5567788	5229543
5567789	1635332
5567789	1712593
5567789	8603062
5567790	5229542
5567791	5229541
5567792	5228802
5567793	5228801
5567794	5228800
5567795	5228799
5567796	5228798
5567797	1777857
5567798	5227892
5567799	5227891
5567800	5227890
5567801	2644281
5567802	5227889
5567803	2889355
5567804	3732271
5567805	5227888
5567806	1635829
5567806	1638981
5567806	1638982
5567806	2801192
5567806	5020426
5567806	11875875
5567807	5228813
5567807	5230887
5567808	3174757
5567809	1635828
5567809	1638984
5567809	13704982
5567809	13871615
5567810	278796
5567810	508429
5567811	3826462
5567811	10908588
5567811	10908589
5567812	5567317
5567813	5228812
5567814	3728394
5567815	5228811
5567815	8117984
5567816	5228810
5567817	5073902
5567818	5346081
5567819	3732272
5567820	5228809
5567821	41193
5567821	1328814
5567822	5228807
5567823	41193
5567823	1328814
5567824	5228806
5567825	5228805
5567826	49699
5567827	5228804
5567828	313722
5567829	5228803
5567830	3730148
5567830	13363765
5567831	1623271
5567831	1624981
5567832	5346007
5567833	5227887
5567834	3147901
5567835	3281688
5567836	5345408
5567837	3825437
5567837	4267846
5567838	3921397
5567839	5345318
5567840	4013185
5567841	1624893
5567841	1624912
5567841	1624947
5567842	5345205
5567843	1624893
5567844	2320383
5567845	5567310
5567846	2320383
5567847	5337442
5567848	3731693
5567849	294115
5567850	317908
5567851	2877262
5567852	5567309
5567853	5335609
5567854	424925
5567855	5567306
5567856	1155805
5567856	1158150
5567857	804223
5567858	1318660
5567858	6921491
5567859	2538754
5567860	5335480
5567862	4664011
5567862	6765192
5567863	35568
5567864	40980
5567864	5299595
5567865	2266930
5567865	4799925
5567866	1864469
5567866	2274157
5567866	5390818
5567866	5772965
5567867	5567285
5567868	5322552
5567868	6855696
5567869	1530065
5567870	5567282
5567871	5567161
5567872	5567159
5567873	5567156
5567873	5567158
5567874	5567155
5567874	5567157
5567875	5322671
5567876	1530065
5567877	3729832
5567878	3729832
5567879	5567152
5567879	5567154
5567880	5567151
5567880	5567153
5567881	1828338
5567882	62582
5567883	2361826
5567884	595258
5567884	1587265
5567884	3331074
5567884	13568653
5567885	5567150
5567886	1587265
5567886	1587639
5567886	3331074
5567886	13568653
5567887	5567122
5567888	2640508
5567889	5567120
5567890	2955770
5567890	6462428
5567891	3729864
5567892	5567110
5567893	3819336
5567893	5567108
5567894	3819280
5567894	5567107
5567894	8740059
5567894	13089746
5567895	289729
5567896	5567105
5567897	5567103
5567898	917738
5567899	1588876
5567899	1626775
5567899	5568763
5567900	5567098
5567901	1588876
5567901	5568762
5567902	917738
5567903	289729
5567903	5568761
5567904	3729902
5567904	5568760
5567904	7094299
5567904	7261430
5567905	2221143
5567905	3670249
5567906	5567073
5567906	5567076
5567907	13514147
5567908	5567064
5567909	5567064
5567910	2538378
5567910	5434516
5567910	10624378
5567910	10624391
5567911	5567061
5567911	5567063
5567912	3150457
5567913	2541481
5567913	5567915
5567914	5567059
5567914	5567062
5567915	2541481
5567915	5567913
5567916	5567053
5567917	2722412
5567918	4500796
5567919	1609235
5567919	1609263
5567919	1609265
5567919	1612722
5567919	5039318
5567920	5567044
5567921	5566960
5567922	3729925
5567922	4035940
5567922	4085434
5567922	5568759
5567922	7777958
5567923	1553332
5567923	1556057
5567923	1556061
5567923	1612077
5567923	1612104
5567923	1612105
5567923	4775588
5567923	4775589
5567924	5566950
5567925	247140
5567925	8399333
5567925	12763166
5567926	1828988
5567926	5566949
5567927	755619
5567928	247140
5567928	12763166
5567929	5566899
5567930	5566893
5567931	5566892
5567932	247140
5567932	12763166
5567933	5566891
5567934	462616
5567934	822805
5567935	2712521
5567936	5566873
5567937	462616
5567937	822804
5567937	3440806
5567938	5566861
5567939	5566859
5567940	2727946
5567941	1578305
5567941	2983168
5567941	6947591
5567941	10081754
5567941	10081755
5567941	10081759
5567942	5566855
5567943	5566851
5567944	3442503
5567944	3442536
5567944	3444406
5567944	3990336
5567944	5174745
5567944	5568758
5567945	3729704
5567945	5568757
5567946	3732751
5567946	3769975
5567946	3769980
5567946	4958988
5567946	6818583
5567947	2264137
5567948	1582126
5567948	1600386
5567948	1600519
5567948	5568756
5567948	5636495
5567948	8685533
5567949	2264137
5567950	1582126
5567950	1582128
5567950	1600386
5567950	1600519
5567950	1879071
5567950	1908597
5567950	2256327
5567950	5568756
5567951	1582126
5567951	1582129
5567951	5568755
5567952	3732751
5567952	3971320
5567953	2891549
5567954	3729830
5567954	5568754
5567954	7609978
5567955	3721887
5567956	3856935
5567957	5384413
5567958	2891549
5567958	5568753
5567959	3722852
5567960	3122039
5567961	4047337
5567961	8212184
5567961	8212186
5567962	3299694
5567963	1556523
5567963	5568752
5567964	3299694
5567965	4047337
5567966	3826235
5567967	4502477
5567968	1138304
5567969	4104464
5567969	5726842
5567969	5726843
5567969	8192584
5567969	8192586
5567969	12671624
5567970	3723276
5567971	3723276
5567972	4404672
5567973	1126751
5567974	996738
5567975	4494284
5567976	29649
5567977	1064083
5567978	1064083
5567979	1064083
5567980	1064083
5567981	251953
5567982	3727040
5567983	3727040
5567984	50757
5567985	288438
5567985	6896006
5567986	2258389
5567987	2545485
5567988	37641
5567988	2715949
5567989	2092598
5567989	13545456
5567990	1198841
5567991	3524784
5567992	2002559
5567993	2543815
5567994	802622
5567995	2543815
5567996	1549333
5567997	2474270
5567998	2541934
5567999	1838092
5568000	2207464
5568001	2549037
5568002	1954871
5568003	1954871
5568004	133690
5568004	395106
5568004	537998
5568004	2458261
5568004	2458262
5568006	339907
5568006	384579
5568006	1557834
5568006	2458260
5568007	1047609
5568008	910515
5568009	910515
5568010	3129478
5568011	42267
5568011	42272
5568012	1867756
5568013	4502163
5568014	1353328
5568014	1355452
5568014	2935009
5568014	5537244
5568015	280588
5568016	922012
5568017	4498469
5568017	10578192
5568018	5567464
5568019	5567403
5568020	5562512
5568020	5567419
5568020	5569562
5568020	9153084
5568020	11069642
5568021	4495362
5568022	5444092
5568023	3371192
5568023	8038298
5568023	8276835
5568024	3371192
5568024	8038298
5568024	8276835
5568025	3824816
5568026	4494785
5568026	7850822
5568026	7850823
5568026	7850824
5568027	4494785
5568028	2955558
5568028	3824509
5568028	5255424
5568028	5568054
5568028	8434863
5568028	9608696
5568028	10957829
5568029	5567389
5568030	5539031
5568031	2319241
5568031	5566291
5568032	4501601
5568032	7844241
5568033	3096119
5568034	3096119
5568035	3168219
5568036	5215568
5568037	5270639
5568038	5565028
5568039	2897082
5568039	3424550
5568039	6377914
5568039	10084662
5568039	11927865
5568040	3824375
5568040	11188858
5568041	5565018
5568042	3824375
5568042	11188858
5568043	3824375
5568044	4499766
5568045	3168505
5568046	2272733
5568047	2272733
5568048	2272733
5568049	2986983
5568050	2953032
5568051	3732708
5568051	5697961
5568052	5425037
5568053	3151210
5568054	37374
5568054	356592
5568054	5568028
5568054	7904307
5568055	3151210
5568056	2143498
5568057	2217183
5568058	5564373
5568059	2217183
5568059	2740665
5568059	9000775
5568060	2549766
5568060	3261583
5568060	4910324
5568061	5567642
5568061	5568064
5568061	5568703
5568061	5568705
5568061	5579630
5568061	7058619
5568061	7483393
5568061	8445186
5568061	10584734
5568062	5567642
5568062	5803882
5568062	7874031
5568062	8445186
5568063	5567642
5568064	5567642
5568064	5568061
5568064	8445186
5568065	2203792
5568065	9929638
5568066	2203793
5568067	2203794
5568067	11826966
5568067	11826967
5568068	2203794
5568069	2203812
5568070	2203811
5568070	8915774
5568071	2203810
5568071	2204063
5568071	12023864
5568072	2203819
5568073	2203823
5568073	2460260
5568074	2203825
5568075	5155362
5568075	5155702
5568075	5155943
5568075	8716019
5568075	9233994
5568075	13409980
5568076	4582234
5568077	3207810
5568078	4585194
5568079	2228749
5568080	2307069
5568080	5334921
5568080	5529395
5568080	5568088
5568080	5569690
5568080	5733356
5568081	2427489
5568082	2644242
5568083	2047174
5568084	3430270
5568085	4614344
5568086	2964709
5568087	4614344
5568088	2205468
5568088	2310355
5568088	2525381
5568088	5568080
5568088	6132627
5568088	7450259
5568088	7450260
5568088	7450261
5568089	2919223
5568090	4535525
5568091	2009834
5568092	1356380
5568093	3645675
5568094	4972782
5568095	3821628
5568096	4180481
5568097	5568209
5568097	6162745
5568097	6162746
5568098	5568207
5568098	6062178
5568099	5568202
5568099	5587345
5568099	6379388
5568099	13754229
5568099	13754230
5568100	4415586
5568100	5686138
5568101	5568200
5568101	5575606
5568101	6162731
5568101	6162732
5568101	13717085
5568102	5568199
5568102	5579629
5568102	7366290
5568102	8243100
5568102	8284009
5568102	8286465
5568102	8286467
5568102	8297365
5568102	8738537
5568102	9211652
5568102	10576966
5568102	13524469
5568103	5568198
5568103	8397277
5568103	10877749
5568104	5568197
5568104	6037446
5568104	6920116
5568104	6920117
5568104	7257780
5568104	7257781
5568104	7257782
5568104	7767442
5568105	5568196
5568105	5582176
5568105	6108104
5568105	9525904
5568105	9526318
5568105	11325463
5568106	5568195
5568106	5568697
5568106	5575602
5568106	7805299
5568107	5568190
5568107	5568695
5568107	5568696
5568107	5575608
5568107	6367170
5568107	6367176
5568107	10320259
5568108	5568187
5568108	8373093
5568108	8373094
5568109	5568186
5568109	5575576
5568109	6333132
5568110	5568185
5568110	6169748
5568111	944439
5568111	1972789
5568111	5569761
5568111	10977214
5568112	5568182
5568112	5575491
5568113	5568181
5568113	5575463
5568113	12269585
5568114	5568180
5568114	13613088
5568115	5568179
5568115	5570380
5568115	5575442
5568115	6135536
5568115	8801431
5568115	8802319
5568115	10688703
5568116	5568178
5568116	5568689
5568116	5568690
5568116	5572608
5568116	5575449
5568116	9325890
5568117	5568177
5568117	5570371
5568118	5568176
5568118	5568766
5568118	5568768
5568118	5568769
5568118	5568770
5568118	5568771
5568118	5570355
5568118	5570378
5568118	5582163
5568118	6037866
5568119	5568175
5568119	5570354
5568119	5575440
5568119	5582172
5568119	11704382
5568119	13389079
5568119	13389124
5568120	5568174
5568120	5570374
5568121	5568173
5568121	5576247
5568122	5568172
5568122	5569598
5568122	5570352
5568122	5700161
5568122	6291815
5568122	7523948
5568122	8801437
5568123	5568171
5568123	5575409
5568123	7024060
5568124	5568170
5568124	5570349
5568124	5587342
5568124	5700259
5568125	5568169
5568125	5570347
5568125	5575405
5568125	5575407
5568126	5568168
5568126	5568466
5568126	5568471
5568126	5569593
5568126	5570343
5568126	5582140
5568126	5838070
5568126	12773028
5568126	12885048
5568127	5568133
5568127	5568167
5568127	5575402
5568127	6062187
5568127	6062188
5568127	6062241
5568127	6062242
5568128	4097602
5568129	5568132
5568129	5568166
5568129	5568462
5568129	5570341
5568129	5575394
5568129	5582137
5568129	6070535
5568129	7342489
5568129	7342491
5568129	7838023
5568129	7839078
5568129	7863416
5568130	4097563
5568131	5568165
5568131	6120524
5568131	6568916
5568131	6568917
5568131	6568918
5568131	7323023
5568131	9436979
5568132	5568129
5568133	5568127
5568134	5568164
5568134	5568644
5568134	5568647
5568134	5568651
5568134	5568653
5568134	5569591
5568134	5572607
5568134	5572821
5568134	5573270
5568134	5573271
5568134	5579590
5568134	5582150
5568134	10194195
5568134	10303907
5568134	10305406
5568134	11745160
5568134	12492402
5568134	12492403
5568134	13556522
5568135	5568163
5568135	5568458
5568135	5569587
5568135	5570922
5568135	5573770
5568135	5575389
5568135	5582130
5568135	11297568
5568136	770097
5568136	1644106
5568136	6060958
5568137	661268
5568138	1647935
5568139	3330288
5568139	3408274
5568139	3562822
5568140	5568162
5568140	5570339
5568140	5575387
5568140	5582145
5568141	29071
5568142	2640340
5568143	3339971
5568144	5568161
5568144	5570334
5568144	5575385
5568145	1679661
5568146	5568160
5568146	5569586
5568146	5579589
5568147	56218
5568148	278032
5568149	5568150
5568149	5568159
5568149	5568634
5568149	7074182
5568150	5568149
5568150	5568158
5568150	5568445
5568150	5568631
5568150	5570330
5568150	5582119
5568150	10624152
5568151	312375
5568152	4120176
5568152	5569582
5568152	5570327
5568152	5575705
5568152	5575707
5568152	5582125
5568152	5886992
5568152	7162468
5568152	12382768
5568153	3492510
5568154	281483
5568155	5568157
5568155	5568440
5568155	5575640
5568156	307340
5568157	5568155
5568158	5568150
5568159	5568149
5568160	5568146
5568161	5568144
5568162	5568140
5568162	7342525
5568163	5568135
5568164	5568134
5568164	5572820
5568165	5568131
5568166	5568129
5568167	5568127
5568168	5568126
5568169	5568125
5568170	5568124
5568171	5568123
5568172	5568122
5568173	5568121
5568174	5568120
5568175	5568119
5568176	5568118
5568177	5568117
5568178	5568116
5568179	5568115
5568180	5568114
5568181	5568113
5568182	5568112
5568183	3907797
5568184	3907797
5568185	5568110
5568186	5568109
5568187	5568108
5568188	3907800
5568188	6475550
5568188	9118347
5568189	3907800
5568190	5568107
5568191	3907800
5568192	3907800
5568192	11852057
5568193	3907800
5568194	3907800
5568194	11852055
5568195	5568106
5568196	5568105
5568197	5568104
5568198	5568103
5568199	5568102
5568200	5568101
5568201	3907950
5568201	3907953
5568201	13819957
5568202	5568099
5568203	3907949
5568204	3907949
5568205	3907797
5568206	3907796
5568207	5568098
5568208	3907791
5568208	8443186
5568209	5568097
5568210	5565242
5568211	5565240
5568212	5565239
5568213	5565238
5568214	5565237
5568214	5731720
5568215	5565178
5568216	5565177
5568217	5565176
5568218	5565170
5568219	5565165
5568220	5565158
5568221	5565157
5568222	5565156
5568223	3908460
5568224	5565155
5568225	3908459
5568226	5565128
5568226	7800300
5568227	5565116
5568228	5565115
5568229	3908444
5568229	8231322
5568229	13802614
5568230	3908444
5568230	13802616
5568231	5565106
5568231	5582678
5568232	3908443
5568232	13752245
5568233	3908443
5568233	10018927
5568233	13752247
5568234	5565105
5568235	3908444
5568236	3908443
5568237	5565104
5568238	5565100
5568239	5565099
5568240	5565096
5568241	5565093
5568242	3908442
5568243	3908442
5568244	3908442
5568244	13754018
5568245	5565088
5568246	3908442
5568246	13754018
5568247	5565083
5568248	3908442
5568248	13802624
5568249	3908442
5568249	13802624
5568250	5565078
5568251	5565076
5568252	3908450
5568252	13802135
5568253	3908450
5568253	13802135
5568254	5565075
5568255	3908450
5568255	13768065
5568256	3908450
5568256	13768065
5568257	5565072
5568258	5565069
5568258	5757923
5568259	3908406
5568259	13751471
5568260	5565068
5568261	3908405
5568261	10041848
5568261	13751407
5568262	3908404
5568262	13751497
5568263	3908404
5568263	13751497
5568264	5565067
5568265	5565062
5568266	5565036
5568266	6367469
5568267	5565012
5568268	5564588
5568268	5992355
5568269	5564587
5568270	3908380
5568271	5564267
5568272	3908379
5568272	9964769
5568273	3908378
5568274	3908378
5568275	5564221
5568276	2546991
5568276	5564193
5568276	8220438
5568276	8814717
5568276	8814727
5568276	8814738
5568276	8814739
5568276	8814742
5568277	5563828
5568278	5563825
5568279	3908377
5568280	3908377
5568280	4828147
5568280	4828148
5568280	13814434
5568281	5563819
5568282	3908377
5568282	4828149
5568282	4828150
5568282	13750615
5568283	3908376
5568283	9937475
5568284	3908376
5568284	6010839
5568284	9937475
5568284	13810186
5568285	3908376
5568285	13802409
5568286	5563812
5568287	3908375
5568287	13802595
5568288	3908375
5568288	13802595
5568289	3908375
5568290	3908375
5568291	5563811
5568292	3908375
5568292	13260118
5568292	13819945
5568293	3908375
5568293	13236403
5568293	13819945
5568294	5563807
5568295	5563806
5568296	3594031
5568296	3599320
5568296	3600471
5568296	4548650
5568296	4813302
5568296	4994737
5568297	5563805
5568298	5563803
5568299	5563802
5568300	5563798
5568301	5563796
5568302	1563913
5568303	2017687
5568304	2610306
5568304	14004355
5568305	2994261
5568306	291804
5568307	2047540
5568308	3168307
5568309	3530214
5568310	3731284
5568311	2155579
5568312	2265761
5568313	3731104
5568314	325189
5568315	3908374
5568316	3908373
5568317	46162
5568318	3908372
5568319	3908372
5568319	8133317
5568320	1125980
5568320	3908371
5568321	46963
5568322	3908370
5568322	13820910
5568323	3908369
5568323	13821053
5568324	3908369
5568324	13821053
5568325	5449210
5568326	3908368
5568326	10205564
5568326	13802371
5568327	3908367
5568327	13802362
5568328	3908366
5568328	13802386
5568329	3908366
5568329	13802386
5568330	646044
5568331	3907799
5568331	11833792
5568332	3907799
5568333	3907799
5568333	11833794
5568334	3907799
5568335	3907799
5568336	3907799
5568337	5567706
5568337	5568751
5568337	5681302
5568338	1640713
5568339	2658098
5568340	7860593
5568341	3725622
5568342	2875974
5568343	3055364
5568344	3756472
5568345	1805416
5568346	1636139
5568347	1516356
5568348	482309
5568348	5730168
5568349	1954623
5568350	4500890
5568350	5567588
5568350	5568750
5568351	802815
5568352	3069679
5568354	1665093
5568355	6440699
5568355	6678968
5568355	8297185
5568355	11220579
5568356	2199013
5568357	3852793
5568357	3852794
5568357	5567535
5568357	12039940
5568357	12816511
5568357	12816512
5568357	12817239
5568359	663797
5568362	5569555
5568363	2040818
5568363	5568749
5568364	1026576
5568364	1412962
5568365	1918854
5568366	1923635
5568367	2206700
5568367	5567272
5568368	410321
5568368	1601763
5568368	2402166
5568369	1923634
5568371	5567145
5568371	5568748
5568374	5567160
5568374	5568747
5568375	5568376
5568376	5568375
5568376	7039121
5568377	1728393
5568377	5568378
5568378	1728393
5568378	5568377
5568381	7770272
5568383	4666403
5568383	5566854
5568383	5568746
5568384	3907798
5568385	5568390
5568386	3907798
5568387	3907798
5568388	5566857
5568388	5568744
5568389	3907798
5568390	5568385
5568391	3907798
5568391	13820938
5568392	3476904
5568392	5568743
5568393	3907798
5568393	13820938
5568394	3907798
5568394	13783514
5568395	3907798
5568395	13783514
5568396	3539512
5568396	5566864
5568396	5568740
5568397	3907795
5568398	3907795
5568399	3907795
5568400	3907795
5568401	2203682
5568401	5566838
5568402	3907795
5568403	3907795
5568404	3907974
5568404	13820202
5568405	5568411
5568405	5569551
5568405	7051998
5568405	8306859
5568405	12199605
5568406	3907974
5568407	3907974
5568407	13776807
5568408	1665211
5568408	3198490
5568408	5566808
5568408	6873136
5568408	6877078
5568408	12301416
5568408	12301418
5568408	12302111
5568408	12312838
5568409	3907974
5568409	13776808
5568410	3907974
5568411	5568405
5568411	8306859
5568412	3907973
5568413	3907973
5568413	13776785
5568414	3907973
5568414	5568416
5568414	13776787
5568415	3907973
5568415	5568416
5568416	3907973
5568416	4810360
5568416	5568414
5568416	5568415
5568416	13819958
5568417	3907790
5568417	4817460
5568417	5565555
5568417	13730800
5568417	13730801
5568418	3907789
5568418	4813204
5568418	5568419
5568418	13751968
5568419	3907789
5568419	4813204
5568419	5568418
5568419	8231199
5568419	13751968
5568420	3907789
5568420	4813203
5568420	13730965
5568421	3907789
5568421	4813204
5568421	5568422
5568421	13751968
5568422	3907789
5568422	4813204
5568422	5568421
5568422	8455597
5568423	3907789
5568423	4813203
5568423	13730965
5568424	3023420
5568424	4670513
5568424	5566788
5568424	13418086
5568425	3907777
5568426	3907776
5568427	3907775
5568428	3907775
5568429	3907774
5568430	3907774
5568431	3907773
5568431	9955817
5568431	9955819
5568432	5566724
5568432	5568735
5568433	3907773
5568434	3907772
5568435	3907772
5568436	3907772
5568437	3907772
5568438	661518
5568438	5549094
5568439	3907731
5568440	5568155
5568441	3907731
5568442	3907731
5568443	3907731
5568444	661518
5568444	697621
5568444	5549094
5568445	5568150
5568446	3907731
5568446	8443325
5568447	3907731
5568448	3907731
5568449	3907731
5568450	3907731
5568451	3907731
5568452	3907731
5568453	3907731
5568454	3907721
5568455	3907720
5568455	4845903
5568456	2852079
5568457	3907719
5568457	4824203
5568458	5568135
5568458	5570922
5568459	3907719
5568459	4824203
5568460	3907718
5568460	4819452
5568461	3907717
5568461	4808385
5568462	5568129
5568463	3907716
5568463	4814101
5568464	3907716
5568464	4814101
5568465	4501976
5568466	5568126
5568466	5568470
5568466	5570343
5568467	286480
5568468	1870974
5568468	1870991
5568469	2476739
5568470	5568466
5568471	5568126
5568471	5570343
5568471	12773028
5568472	3723061
5568473	260060
5568474	298331
5568475	1870974
5568475	1870991
5568475	1871174
5568475	1871175
5568475	1871176
5568475	5570473
5568476	20581
5568477	2628674
5568477	5566481
5568477	5568734
5568478	57234
5568479	1025109
5568480	2887705
5568481	1095885
5568482	5553963
5568483	1600605
5568484	5553959
5568485	597152
5568485	9778238
5568485	9778239
5568485	9778241
5568486	5553957
5568487	2064630
5568488	3391892
5568488	5566383
5568488	5568732
5568488	6127853
5568488	8465228
5568489	2064630
5568490	2361802
5568491	2361802
5568492	2361802
5568493	1122532
5568494	2361802
5568495	3183349
5568496	3788676
5568497	1398215
5568498	3788676
5568499	3724887
5568500	3989588
5568501	4822830
5568502	4822830
5568503	5228948
5568504	1572737
5568505	3044394
5568506	3907660
5568506	9164227
5568507	602103
5568508	3907660
5568509	3907659
5568509	5568519
5568510	1244048
5568511	3907659
5568511	5568516
5568512	1244048
5568513	1244048
5568514	2113457
5568515	1244048
5568516	3907659
5568516	5568511
5568516	9520771
5568517	1641931
5568518	1641931
5568519	3907659
5568519	5568509
5568519	9688419
5568520	1761905
5568521	1887326
5568522	390082
5568523	3775597
5568524	2640996
5568525	2648291
5568526	67778
5568527	2745315
5568528	2745315
5568529	2854513
5568530	2854513
5568531	2854513
5568532	2854513
5568533	3181213
5568534	3181213
5568535	4616528
5568536	3303901
5568537	3303901
5568538	3330677
5568539	3330677
5568540	3523512
5568541	2887651
5568542	3821348
5568543	4530029
5568544	4957015
5568545	5279017
5568546	5279017
5568547	25019
5568548	25019
5568549	25019
5568550	2056957
5568551	25019
5568552	1009237
5568553	3382052
5568554	4206283
5568555	1565742
5568556	4607332
5568556	13068331
5568556	13068333
5568557	5375572
5568557	5568564
5568557	5568566
5568557	5568568
5568558	1975259
5568559	5329147
5568559	8025772
5568560	36280
5568561	453390
5568562	2377215
5568563	1084050
5568564	5568557
5568565	2654830
5568566	5568557
5568567	5568569
5568567	5568570
5568567	5568625
5568568	4501619
5568568	5134068
5568568	5375572
5568568	5568557
5568569	5568567
5568570	5568567
5568571	2230420
5568572	858100
5568572	1218108
5568572	1807289
5568572	2702211
5568572	5840429
5568573	24959
5568574	24025
5568574	186888
5568575	270552
5568576	4701632
5568577	2626620
5568578	5568580
5568578	5568581
5568578	5568582
5568578	5568813
5568578	12811327
5568578	12811909
5568579	3527390
5568580	5568578
5568580	12811327
5568580	12811909
5568581	5568578
5568581	12811327
5568581	12811909
5568582	5568578
5568582	12811327
5568582	12811909
5568583	2537282
5568584	5568585
5568584	5568587
5568584	5568588
5568584	5568624
5568584	8940403
5568585	5568584
5568586	2783737
5568587	5568584
5568588	5568584
5568589	3618711
5568590	304755
5568591	5568592
5568591	5568593
5568591	5568595
5568591	5568629
5568591	6198840
5568592	5568591
5568592	6198840
5568593	5568591
5568593	6198840
5568594	264896
5568595	5568591
5568595	6198840
5568596	5568598
5568596	5568599
5568596	5568600
5568596	6198840
5568596	9000994
5568597	906811
5568597	1061569
5568598	5568596
5568598	5568599
5568598	5568600
5568599	5568596
5568599	5568598
5568599	9204887
5568600	5568596
5568600	5568598
5568601	3902976
5568602	5568604
5568602	13039544
5568602	13039545
5568603	906811
5568603	1061567
5568603	1357925
5568603	3456225
5568603	3932711
5568604	5568602
5568605	2640368
5568606	293754
5568607	749488
5568608	372276
5568609	1023054
5568610	3219226
5568611	2597131
5568611	5569447
5568612	2768656
5568613	5165259
5568614	1590955
5568615	3642741
5568615	3642754
5568615	5569452
5568616	3642741
5568616	5569451
5568617	3071128
5568618	1121138
5568619	5568724
5568619	13436304
5568620	5569448
5568620	5569450
5568622	4604721
5568622	5216864
5568622	5569441
5568622	7526363
5568623	963055
5568624	5568584
5568624	5568723
5568624	8940403
5568624	13436303
5568625	5568567
5568625	5568722
5568625	13436302
5568626	1950729
5568626	2045702
5568626	2045896
5568626	2123191
5568626	3703694
5568626	9870938
5568626	12670338
5568627	452811
5568628	452811
5568629	5568591
5568629	5568721
5568629	13436301
5568630	3721525
5568631	5568150
5568632	452811
5568633	2541983
5568634	5568149
5568635	5563810
5568635	5568720
5568636	2011376
5568637	2011376
5568638	2011376
5568639	5563789
5568639	5568719
5568639	8484507
5568640	265893
5568641	2545574
5568642	1949786
5568643	4666039
5568644	5568134
5568644	5572607
5568644	5579590
5568644	10305417
5568644	10305421
5568644	11745160
5568645	4632210
5568646	4632210
5568647	5568134
5568648	5119634
5568649	5350464
5568650	1119260
5568651	5568134
5568652	5485100
5568652	8685904
5568653	5568134
5568654	3728036
5568655	21637
5568656	48294
5568657	48294
5568658	2691616
5568658	2691946
5568659	3168494
5568660	3168494
5568661	3168494
5568662	3168494
5568663	3168494
5568664	1217243
5568665	3168494
5568666	373609
5568666	377211
5568666	387585
5568666	406828
5568666	564125
5568666	564581
5568666	684763
5568666	685454
5568666	909978
5568666	971832
5568666	971836
5568666	1109529
5568666	2285492
5568666	5698149
5568667	4729637
5568667	4729641
5568667	5569434
5568667	5569436
5568667	7322739
5568667	7322740
5568668	3394413
5568669	3394413
5568670	3394413
5568671	3674107
5568671	3674108
5568671	5569415
5568672	2918819
5568673	60986
5568674	4165665
5568674	5569433
5568674	6807698
5568675	60986
5568676	4205649
5568676	4205653
5568677	734036
5568677	734099
5568677	850461
5568677	2077842
5568677	2269400
5568677	9532970
5568677	9722946
5568678	5568680
5568679	4475858
5568680	5568678
5568680	5568698
5568680	5572329
5568680	5572335
5568680	5572376
5568680	5678463
5568680	9729930
5568680	13342601
5568680	13342602
5568681	2012486
5568682	2012486
5568683	355055
5568684	3291467
5568684	5569397
5568685	3559366
5568685	5569408
5568686	1852563
5568687	3730198
5568687	4142386
5568687	4142388
5568687	6868586
5568688	5460677
5568688	5552210
5568688	5552212
5568688	5569375
5568688	6144621
5568688	9075122
5568689	5568116
5568690	5568116
5568691	1593325
5568692	1593325
5568692	5569388
5568693	1987149
5568694	3477425
5568695	5568107
5568695	5568696
5568695	6367170
5568696	5568107
5568696	5568695
5568696	5569370
5568697	5568106
5568698	5568680
5568699	1634183
5568700	5311651
5568700	5569362
5568701	5311651
5568701	5311654
5568701	5596879
5568702	4601378
5568702	5569368
5568702	12210108
5568703	5568061
5568704	2069669
5568705	5568061
5568706	4477159
5568707	741054
5568708	4563981
5568708	5569359
5568709	5566059
5568709	5569081
5568710	2388641
5568711	5565522
5568711	5569061
5568711	9707775
5568712	266596
5568713	1559780
5568713	5511527
5568714	5289453
5568714	7712327
5568715	1559780
5568715	5511527
5568716	3727996
5568716	5568717
5568717	5568716
5568718	330091
5568718	373752
5568718	448963
5568719	5568639
5568720	5568635
5568721	5568629
5568722	5568625
5568723	5568624
5568724	5568619
5568725	1522350
5568725	5569324
5568725	5669260
5568725	5670745
5568725	12445908
5568725	12813381
5568726	5158337
5568726	6611057
5568727	5178956
5568728	2123619
5568728	2123677
5568728	4591915
5568728	4591917
5568728	5569327
5568728	11915934
5568728	12576591
5568729	2123619
5568729	4591915
5568729	4591917
5568729	11915934
5568729	12576591
5568730	811192
5568730	5569348
5568731	55991
5568731	1494650
5568731	5380561
5568732	5568488
5568733	4542919
5568733	13252018
5568734	5568477
5568735	5568432
5568735	6583350
5568735	13632104
5568736	5385285
5568737	3861612
5568737	4765627
5568737	11759134
5568738	3440189
5568739	3440189
5568739	5569308
5568740	5568396
5568741	1688158
5568742	4376878
5568743	5568392
5568744	5568388
5568745	4196801
5568746	5568383
5568747	5568374
5568748	5568371
5568749	5568363
5568750	5568350
5568751	5568337
5568752	5567963
5568753	5567958
5568754	5567954
5568755	5567951
5568756	5567948
5568756	5567950
5568757	5567945
5568758	5567944
5568759	5567922
5568760	5567904
5568761	5567903
5568762	5567901
5568763	5567899
5568764	5634884
5568764	5775337
5568764	5775360
5568764	5775366
5568764	5776437
5568765	5634885
5568765	5984209
5568766	5568118
5568768	5568118
5568769	5568118
5568770	5568118
5568771	5568118
5568772	5565034
5568773	5564438
5568773	5786488
5568773	9535620
5568774	1902472
5568775	3820428
5568775	7927892
5568776	3725311
5568777	2012166
5568778	3721631
5568779	3730092
5568780	2203484
5568780	4637662
5568780	4637669
5568780	7971920
5568781	2203484
5568782	2203484
5568783	12298374
5568783	12298375
5568783	12298376
5568783	12298377
5568784	5564406
5568785	314886
5568786	5564406
5568787	5567593
5568788	3150486
5568789	3150486
5568790	3150486
5568791	317608
5568792	5567463
5568793	2279341
5568794	2279341
5568795	5566059
5568796	2203484
5568797	2243227
5568797	2243304
5568798	2272673
5568799	2361396
5568799	5563876
5568799	5713892
5568799	7924059
5568800	3922027
5568801	2892971
5568802	5369048
5568802	5685749
5568802	6773152
5568803	1008901
5568803	10121947
5568804	1654
5568805	1877606
5568805	5766788
5568806	2203296
5568806	3296659
5568806	12625864
5568807	5436830
5568807	10490502
5568808	1654
5568809	1010103
5568810	1010103
5568810	7929244
5568810	12159558
5568811	2266269
5568812	1010103
5568812	12159559
5568813	5568578
5568813	13436300
5568814	3730893
5568814	7009322
5568815	2485297
5568816	3730893
5568816	7256424
5568816	7256426
5568817	318331
5568818	2654831
5568819	318331
5568820	337088
5568820	456237
5568820	456238
5568821	4637662
5568823	10847104
5568823	10847108
5568823	12870705
5568823	13731633
5568823	13743121
5568825	3052132
5568826	337088
5568826	456238
5568827	318331
5568828	318331
5568829	318331
5568830	318331
5568831	5565522
5568832	5565505
5568833	4132341
5568833	7073718
5568834	318331
5568835	318331
5568836	3728193
5568837	848769
5568838	318331
5568839	3402576
5568840	318331
5568841	3428324
5568843	470859
5568843	13974741
5568844	3428324
5568845	73532
5568845	9031466
5568846	5913770
5568846	10741418
5568847	2713256
5568848	2042802
5568849	4501572
5568850	297416
5568851	275044
5568852	275044
5568853	2144541
5568854	5565241
5568855	2094440
5568856	2951350
5568857	3408751
5568857	6830691
5568858	2094440
5568859	1839617
5568861	1839617
5568862	2996559
5568862	6786659
5568863	1839617
5568864	3151196
5568865	4497550
5568866	3060446
5568867	1839617
5568867	7188882
5568868	5454810
5568868	8656363
5568868	9968426
5568869	3919605
5568869	6815108
5568870	4014412
5568870	8329751
5568871	4014412
5568872	1839617
5568873	5565235
5568874	4014412
5568875	3483477
5568875	5501902
5568876	3327773
5568877	16856
5568878	1950740
5568880	258250
5568881	3921790
5568882	258250
5568882	5569461
5568882	5569462
5568883	2951733
5568884	30342
5568885	2398
5568886	2398
5568887	325086
5568887	10662344
5568887	10705674
5568888	3483477
5568889	1845504
5568889	8343071
5568890	4015865
5568890	5665576
5568890	6714891
5568891	2398
5568892	4666077
5568893	2398
5568894	2549715
5568894	4907111
5568895	2549715
5568895	9502521
5568896	2398
5568897	2398
5568898	2549715
5568899	2835657
5568900	2398
5568901	2398
5568902	3416982
5568903	2398
5568904	2244631
5568904	4378590
5568904	11667031
5568904	11667032
5568905	2255458
5568905	2515431
5568905	10861588
5568906	416180
5568907	2398
5568908	2255458
5568908	5816799
5568909	543112
5568910	2611769
5568910	2614767
5568910	3038680
5568910	3597513
5568910	5569459
5568910	12914929
5568911	2398
5568912	3392614
5568913	2398
5568915	3416982
5568916	2398
5568917	4497102
5568918	1845504
5568918	8343071
5568919	1845504
5568920	2398
5568923	3710669
5568923	5569457
5568923	9815957
5568924	5287384
5568925	2470096
5568925	7216248
5568925	7216249
5568925	7216250
5568926	2470096
5568927	2486613
5568927	2486621
5568928	2046742
5568929	2545068
5568929	8159386
5568930	3825021
5568931	3001428
5568933	3001428
5568934	1884389
5568935	3997956
5568936	62210
5568936	4323914
5568936	9960945
5568936	10795235
5568937	3178322
5568938	8830929
5568939	3178322
5568940	3726688
5568941	3178322
5568942	843453
5568942	1540366
5568942	1540367
5568942	1540798
5568942	1635826
5568942	1638989
5568942	1638990
5568942	6985600
5568942	6985601
5568943	62210
5568944	4942525
5568945	2162938
5568946	3726766
5568946	5013058
5568947	276944
5568948	3417234
5568949	3726799
5568950	5170085
5568951	314613
5568951	5569455
5568953	1540366
5568953	1541143
5568954	2075156
5568955	3417234
5568956	3417234
5568957	1552922
5568958	286814
5568959	1552922
5568960	3417234
5568961	62210
5568962	62210
5568963	3417234
5568964	2235873
5568966	3727562
5568966	7307006
5568967	3424091
5568968	3151450
5568969	1723815
5568970	1737133
5568972	1550034
5568973	1550034
5568973	5518485
5568974	3424226
5568975	62210
5568976	3725833
5568976	13751468
5568977	2030096
5568978	40488
5568979	2030096
5568980	62210
5568982	2030096
5568983	3417473
5568984	62210
5568985	1573427
5568985	6001197
5568985	11557834
5568985	11666905
5568986	62210
5568987	57512
5568988	1573427
5568988	11647150
5568988	11647151
5568989	1877591
5568990	1526299
5568990	10090559
5568991	1877591
5568992	954414
5568993	5562584
5568994	2064696
5568996	2288143
5568997	5562579
5568998	304743
5568999	2288143
5569000	2465503
5569000	7478299
5569001	2953587
5569003	366492
5569004	3723258
5569004	12378496
5569004	12496941
5569005	4497293
5569006	2289921
5569007	5422340
5569007	8618349
5569008	3738172
5569009	4498876
5569010	3738172
5569011	4498876
5569012	268503
5569013	3738172
5569014	344238
5569014	5579583
5569016	3738172
5569017	2731574
5569017	2731575
5569018	3738172
5569018	5997569
5569019	3150826
5569020	291131
5569022	4502365
5569022	10582588
5569023	3150826
5569024	12367106
5569025	4502365
5569025	10582590
5569028	4300690
5569030	2241170
5569030	5861967
5569030	8952004
5569031	2241170
5569031	3310202
5569031	5861967
5569031	8952004
5569032	3394520
5569033	5360478
5569033	5423540
5569035	3342872
5569036	2549299
5569037	3577356
5569038	2248906
5569039	2952746
5569040	2544260
5569041	3818728
5569042	2218205
5569042	7292350
5569042	7292351
5569043	2218205
5569044	2218205
5569044	7292350
5569044	7292351
5569044	7292353
5569044	7292356
5569044	7292358
5569044	7292360
5569044	7292361
5569044	7292362
5569045	4908423
5569046	3726116
5569046	5678468
5569046	5777347
5569046	7482762
5569046	13218750
5569046	13636945
5569048	1529092
5569049	1529092
5569050	5559709
5569050	5563768
5569052	5571359
5569052	5571368
5569052	5571445
5569052	5571449
5569055	5565745
5569055	5569064
5569057	5565821
5569057	5569629
5569057	13131824
5569057	13131825
5569057	13960293
5569058	2218205
5569060	4949947
5569061	5568711
5569061	5569074
5569062	5078120
5569062	5917504
5569062	11664963
5569062	11664964
5569062	11664965
5569062	11664966
5569062	11664967
5569062	11664968
5569063	2243111
5569064	5565267
5569064	5569055
5569064	5569335
5569065	2892686
5569066	2546229
5569066	6106559
5569067	2546229
5569067	4262059
5569067	6876871
5569068	2275903
5569069	3728743
5569070	10544657
5569071	3728743
5569071	8578587
5569072	2243111
5569073	2243111
5569074	5565522
5569074	5569061
5569075	5569804
5569076	2243111
5569077	2243111
5569078	270197
5569079	2644312
5569080	681264
5569081	5568709
5569081	5570510
5569081	8379704
5569082	2644312
5569083	2388064
5569084	2373414
5569084	5589401
5569084	9583347
5569084	11426804
5569085	2644312
5569086	376721
5569086	5589400
5569087	2373414
5569088	2644312
5569089	1812647
5569090	5270368
5569091	3821326
5569091	7169947
5569092	3821326
5569092	7169947
5569093	1573734
5569094	2956300
5569095	3405383
5569095	5367278
5569095	5367279
5569096	3717845
5569096	8268649
5569097	3860060
5569098	2148543
5569098	8060822
5569099	982350
5569099	1046890
5569099	5019468
5569099	6324294
5569100	2148543
5569100	8060822
5569100	8060830
5569101	4123012
5569101	6533799
5569102	4573508
5569102	12220018
5569103	368446
5569103	5618369
5569103	6533794
5569104	290370
5569105	303390
5569105	1047223
5569106	1047212
5569107	954080
5569108	1047195
5569109	2546203
5569110	1047192
5569110	5569543
5569110	5996798
5569110	5996799
5569110	13229422
5569111	1047487
5569112	1092692
5569113	1047175
5569113	1346877
5569113	1646126
5569113	5569541
5569114	2146008
5569115	5290142
5569116	415340
5569117	2146008
5569118	1047173
5569118	5569539
5569119	1047173
5569119	5569538
5569120	5191993
5569120	10129012
5569121	3696792
5569122	769456
5569123	1354434
5569124	4541487
5569125	1046939
5569125	5569536
5569126	5569535
5569127	1046925
5569127	5569531
5569128	28112
5569129	1046915
5569129	11013466
5569130	17877
5569131	1046915
5569131	11013466
5569132	2892240
5569133	3024166
5569134	3024166
5569135	3273900
5569136	2360839
5569136	5569576
5569137	2918719
5569138	5241781
5569139	2719912
5569140	330361
5569141	4519456
5569142	3908701
5569143	5307220
5569144	3909511
5569145	29326
5569145	5569574
5569146	33006
5569146	5569553
5569147	1046897
5569147	5569524
5569147	12818911
5569148	1046888
5569148	5569515
5569148	5569519
5569148	10593519
5569148	11669934
5569149	65728
5569149	5569566
5569150	3596864
5569150	5569568
5569151	4582331
5569151	5569572
5569151	13790253
5569152	3636244
5569152	3640285
5569152	3966630
5569152	6275202
5569152	8285867
5569152	8286063
5569152	8378090
5569152	8378091
5569154	70305
5569155	2570891
5569155	5574735
5569155	5589664
5569156	2570891
5569156	5574734
5569156	5589664
5569156	5629649
5569156	7790358
5569157	3634804
5569158	2586990
5569158	5574733
5569158	5653782
5569158	10997753
5569158	10997754
5569159	5136513
5569160	2587644
5569160	4054761
5569160	4054762
5569160	5574727
5569161	5518714
5569162	242957
5569162	468459
5569162	488901
5569162	2587645
5569162	2588433
5569162	2588434
5569162	3910129
5569162	5574724
5569162	10849014
5569163	2588725
5569163	3251165
5569163	4444727
5569163	5677259
5569163	11028333
5569163	11028335
5569164	2588744
5569164	2589441
5569165	2588744
5569165	2589441
5569166	27247
5569167	1633967
5569167	5569513
5569168	2628937
5569168	2629887
5569168	2630090
5569168	2631256
5569168	5880007
5569168	11133900
5569168	11133901
5569168	11287739
5569169	2628937
5569169	2631256
5569169	5880011
5569169	11287739
5569169	12127337
5569169	12416024
5569170	45822
5569171	2257404
5569171	2257757
5569172	2257404
5569173	16114
5569173	1180966
5569174	389742
5569174	2631408
5569175	2631450
5569175	10765141
5569176	2631450
5569177	2631450
5569177	5695493
5569178	3819543
5569178	5569550
5569179	2631450
5569179	5695493
5569179	5695494
5569180	2631840
5569180	2638275
5569180	5574704
5569181	3822276
5569182	2631840
5569182	2638275
5569182	5574703
5569183	3905947
5569184	5193578
5569184	5569547
5569184	5569548
5569185	5332222
5569185	5569506
5569186	5095233
5569186	7161990
5569187	2631943
5569188	2631954
5569188	5508040
5569188	5574701
5569188	8081564
5569189	298053
5569190	2629743
5569190	2635008
5569190	9735618
5569191	4500606
5569192	2629728
5569192	2635014
5569192	7816736
5569192	7816737
5569192	9946431
5569193	2548402
5569193	2613513
5569193	2635886
5569193	3883848
5569193	3883849
5569193	8720374
5569193	12483312
5569194	404102
5569195	1887543
5569195	2020222
5569195	2020227
5569195	3679003
5569196	2650010
5569196	5574697
5569196	6596334
5569197	2650191
5569197	3068387
5569198	2650196
5569198	3109054
5569198	3901264
5569198	8287976
5569198	8599769
5569199	2650860
5569199	3901702
5569199	4975504
5569200	436511
5569200	5569537
5569201	2650860
5569201	3901701
5569201	4975504
5569202	2654662
5569203	1931630
5569203	1932701
5569203	2456793
5569203	2656404
5569204	2657002
5569205	2665553
5569205	8786586
5569205	8786588
5569206	2668573
5569206	5574691
5569206	5686362
5569206	5686363
5569207	2668573
5569207	5623183
5569208	5569219
5569208	5569502
5569209	2610383
5569209	5569532
5569210	2670811
5569210	5574689
5569210	5694704
5569210	5694705
5569210	5694706
5569210	5694707
5569210	5694709
5569210	5694710
5569211	2667926
5569211	2669226
5569211	2968560
5569211	13869602
5569212	3192714
5569213	2667926
5569213	2669226
5569213	2968561
5569213	7832627
5569213	13869602
5569214	1046810
5569214	11652374
5569215	5523300
5569215	5569516
5569215	5569518
5569215	5569520
5569216	5420762
5569217	1951592
5569217	5569512
5569218	2240317
5569218	3685928
5569219	5569208
5569219	6177585
5569220	2698765
5569221	270575
5569221	560369
5569221	1046806
5569221	5569500
5569222	3184190
5569223	5286162
5569224	1046803
5569224	5569498
5569225	1046803
5569225	5569498
5569226	2291880
5569226	5569488
5569227	2203567
5569228	38003
5569228	1046799
5569228	5569494
5569229	38003
5569229	1046799
5569229	5569494
5569230	2549858
5569231	1398221
5569232	2670832
5569232	5687032
5569232	7302117
5569232	7302121
5569232	7302122
5569232	7302129
5569232	11987450
5569233	2670832
5569233	5652285
5569233	5687032
5569233	10775374
5569233	10775380
5569233	10775383
5569233	10775387
5569233	10775396
5569233	10775398
5569233	10775399
5569233	10775400
5569234	2111253
5569235	2674944
5569235	3100858
5569235	4639584
5569236	2675027
5569236	4597080
5569237	2675028
5569237	4597084
5569237	7744932
5569237	7744934
5569237	10707439
5569238	308236
5569239	2676727
5569239	2676774
5569239	4213586
5569239	5574669
5569239	5933913
5569240	4540450
5569241	2682126
5569241	4814174
5569241	5581005
5569241	8103205
5569242	2111253
5569243	4665304
5569244	4665304
5569245	2203104
5569246	2203104
5569247	2040820
5569247	5567458
5569248	1046793
5569248	5569490
5569249	2040820
5569249	5567458
5569250	1626168
5569251	2040820
5569251	3032874
5569252	2040820
5569252	3032874
5569253	2539626
5569254	1337204
5569254	5569486
5569255	1337204
5569255	5569486
5569256	1337204
5569256	5569486
5569257	3756564
5569258	3756564
5569259	1046788
5569259	5569484
5569260	1950195
5569261	3003454
5569262	275198
5569263	1046746
5569263	1540207
5569263	5569482
5569263	6159297
5569264	1465076
5569265	1046735
5569265	5569478
5569266	5262005
5569267	3591672
5569268	3591672
5569269	5569270
5569269	5580973
5569270	5569269
5569270	7911988
5569271	5262066
5569272	1023533
5569272	5569470
5569274	1022735
5569274	5569467
5569275	5569466
5569276	67319
5569276	1022255
5569276	5569309
5569276	8483026
5569277	5262295
5569278	67319
5569278	714957
5569278	1786060
5569278	1786433
5569278	2110396
5569278	5569305
5569278	12678948
5569278	13654071
5569279	314328
5569279	390973
5569279	582610
5569279	1022254
5569279	1193818
5569279	5569302
5569280	2515077
5569280	5999217
5569280	12051407
5569281	244931
5569282	530066
5569283	1022241
5569283	5569297
5569284	9828953
5569285	5445731
5569285	5999215
5569286	463563
5569287	1126710
5569287	2903052
5569288	5445731
5569288	5999216
5569289	591835
5569290	5445731
5569290	5999215
5569292	5445731
5569292	5999216
5569293	5445731
5569295	5445731
5569296	5445730
5569296	5445731
5569297	5569283
5569298	435247
5569299	591824
5569300	591824
5569301	591822
5569302	5569279
5569303	591822
5569304	1750719
5569305	5569278
5569306	591807
5569307	591800
5569307	1649190
5569307	3657572
5569307	12684233
5569308	5568739
5569309	5569276
5569310	2618940
5569311	288594
5569312	591822
5569313	3408707
5569314	3408707
5569315	591822
5569316	3408707
5569318	2348093
5569319	2690449
5569320	3480406
5569321	1126074
5569322	2418674
5569323	1928105
5569324	5568725
5569324	12813381
5569324	13126395
5569325	43461
5569326	591787
5569327	5568728
5569327	12576591
5569328	5264180
5569329	62893
5569329	591783
5569329	2102304
5569330	5264180
5569331	287416
5569332	591767
5569333	3311958
5569334	3311958
5569335	5565745
5569335	5569064
5569336	3311958
5569337	3311958
5569338	325997
5569338	716315
5569339	44392
5569340	2249366
5569340	8332620
5569340	8332622
5569340	8480473
5569341	2249366
5569341	8332620
5569341	8332622
5569342	2248280
5569343	2248280
5569344	5264177
5569345	2248280
5569346	5345525
5569347	2248280
5569348	5568730
5569349	5565100
5569349	5565101
5569349	5565821
5569350	2545029
5569351	1745343
5569352	589444
5569352	7870914
5569353	589444
5569354	2719494
5569355	3222874
5569356	4844508
5569356	6712422
5569356	8276509
5569356	8722037
5569356	9979053
5569357	43701
5569357	589402
5569358	2259753
5569359	5568708
5569360	2673592
5569360	13180733
5569361	589440
5569361	2175283
5569361	2175929
5569362	5568700
5569363	4764633
5569364	589363
5569364	9159653
5569365	23374
5569366	2367314
5569367	2367314
5569368	5568702
5569369	262585
5569370	5568696
5569370	13126385
5569371	838284
5569372	291331
5569372	898438
5569373	291331
5569373	898438
5569374	813086
5569375	5568688
5569375	13126384
5569376	589349
5569377	61102
5569377	11384953
5569378	4967241
5569378	4969080
5569379	5260902
5569379	6980810
5569380	5005412
5569381	39147
5569381	39149
5569381	360580
5569381	428862
5569381	589348
5569381	724023
5569381	928256
5569381	988950
5569381	1069908
5569381	1866233
5569382	3946878
5569383	17234
5569384	39147
5569384	39149
5569384	589348
5569385	1028558
5569385	5569577
5569385	5591031
5569386	589348
5569387	589348
5569388	456564
5569388	5568692
5569388	10248688
5569388	10248689
5569389	2248060
5569389	5155360
5569389	5156148
5569389	6142386
5569390	1093682
5569390	5569581
5569391	291331
5569391	724245
5569392	291331
5569393	2249580
5569393	5569589
5569394	284287
5569395	2940583
5569396	5985075
5569397	5568684
5569398	589329
5569399	958326
5569399	2995100
5569399	2995101
5569399	2995102
5569399	2995103
5569399	6329200
5569400	589300
5569401	71989
5569402	2728225
5569403	1975394
5569404	1975394
5569405	4904953
5569406	1975394
5569407	1975394
5569408	5568685
5569408	13126365
5569409	5270160
5569410	1796663
5569410	5774225
5569410	5984908
5569411	461702
5569411	589296
5569412	309620
5569413	454701
5569413	589296
5569413	767181
5569413	6843043
5569414	2376180
5569415	5568671
5569415	13126369
5569416	589126
5569417	2780308
5569417	12177999
5569417	12178000
5569418	589126
5569419	914126
5569420	817625
5569420	3904246
5569420	6020370
5569421	1122398
5569422	1277305
5569423	2643897
5569424	589107
5569424	949877
5569424	949878
5569425	311237
5569426	4502533
5569427	584129
5569428	1663276
5569429	584122
5569429	12568507
5569429	12927246
5569430	599912
5569430	1277305
5569430	5569439
5569430	6036998
5569430	10963506
5569430	10963531
5569431	584122
5569431	12927246
5569433	5568674
5569433	9751400
5569434	4729637
5569434	4900697
5569434	4900698
5569434	5568667
5569434	9932967
5569435	584115
5569436	4729641
5569436	4900697
5569436	4900698
5569436	5568667
5569436	9932967
5569437	584107
5569438	1135168
5569439	5569430
5569439	5584396
5569439	5584398
5569439	6036998
5569439	8780495
5569439	8780496
5569439	13619774
5569439	13619776
5569440	584107
5569441	501626
5569441	613643
5569441	613649
5569441	5568622
5569441	7526363
5569441	10717179
5569443	326466
5569444	582466
5569444	13879186
5569445	582466
5569446	582466
5569447	5568611
5569448	5568620
5569450	5568620
5569451	5568616
5569452	5568615
5569453	10307167
5569454	750504
5569454	2844270
5569454	5551033
5569454	5584614
5569454	5728001
5569455	5568951
5569456	5090379
5569457	5568923
5569458	2046861
5569458	9827012
5569459	3038680
5569459	5568910
5569459	12914929
5569460	464232
5569460	464233
5569460	557596
5569460	7575624
5569461	5568882
5569462	5568882
5569463	68101
5569464	557256
5569465	557240
5569465	562892
5569465	564508
5569465	964880
5569465	1059092
5569465	9464856
5569465	11426749
5569466	5569275
5569467	5569274
5569468	534030
5569469	534030
5569470	5569272
5569471	534027
5569472	534027
5569473	534019
5569474	534019
5569475	5306949
5569475	5308761
5569476	1475445
5569477	965015
5569478	5569265
5569479	533978
5569480	533978
5569481	1128696
5569481	1128713
5569482	5569263
5569483	32289
5569484	5569259
5569485	533972
5569486	5569254
5569486	5569255
5569486	5569256
5569487	5569606
5569488	5569226
5569489	533969
5569489	5569597
5569490	5569248
5569491	533959
5569491	5569595
5569492	2327554
5569492	2627286
5569492	4971368
5569493	533959
5569493	5569595
5569494	5569228
5569494	5569229
5569495	2171521
5569495	10582592
5569496	5569590
5569497	2171520
5569497	3959345
5569498	5569224
5569498	5569225
5569499	425843
5569499	425844
5569500	5569221
5569501	587298
5569501	2187256
5569501	9940401
5569502	5569208
5569503	508174
5569503	713876
5569503	8771834
5569504	2187256
5569504	3503144
5569505	587298
5569505	1953088
5569505	2187256
5569506	5569185
5569507	11623
5569507	5569588
5569508	5569740
5569508	5569754
5569508	5570310
5569508	5572606
5569508	5573784
5569508	5573785
5569508	5573786
5569508	5573787
5569508	5984668
5569508	5984670
5569508	6330428
5569508	8897829
5569508	11133244
5569509	11623
5569509	54165
5569509	5569588
5569510	3503144
5569511	54165
5569511	508174
5569512	5569217
5569513	5569167
5569514	3503144
5569515	5569148
5569516	5569215
5569517	508040
5569517	5569573
5569518	5569215
5569519	5569148
5569520	5569215
5569521	5569738
5569521	5570315
5569521	5575618
5569521	5579588
5569521	5699212
5569521	5821274
5569521	11357812
5569522	508040
5569522	5569573
5569523	280112
5569524	5569147
5569525	280112
5569526	887114
5569527	508034
5569527	5569584
5569528	5571943
5569528	5571944
5569528	5880059
5569528	6043697
5569528	6897571
5569528	13530090
5569529	5570918
5569529	5571946
5569529	12676585
5569530	312076
5569530	508032
5569530	5569580
5569531	5569127
5569532	5569209
5569533	1020595
5569533	7197007
5569533	7197008
5569534	508014
5569534	5569579
5569535	5569126
5569536	5569125
5569537	5569200
5569538	5569119
5569539	5569118
5569540	508040
5569540	5569573
5569541	5569113
5569542	5569570
5569542	13657692
5569543	5569110
5569544	60059
5569544	222729
5569544	222730
5569544	414452
5569544	787513
5569545	26744
5569545	881207
5569545	1103513
5569545	3194029
5569545	3194098
5569545	7218465
5569545	7218466
5569546	2012467
5569546	4483277
5569546	5862802
5569546	8772172
5569546	8772174
5569546	9038559
5569546	9038566
5569547	5569184
5569548	5569184
5569549	5567409
5569550	3819543
5569550	5317973
5569550	5569178
5569551	5568405
5569551	5618367
5569551	8306859
5569552	1246912
5569552	3344652
5569553	5569146
5569554	2243383
5569555	5568362
5569555	9668436
5569556	5567464
5569556	5579462
5569556	5603278
5569557	1970909
5569557	4761388
5569557	4761459
5569557	5682429
5569557	12737043
5569558	5567415
5569558	6140415
5569559	1877411
5569559	8796462
5569560	5565247
5569560	5567416
5569560	6729692
5569561	1877411
5569561	5775287
5569561	7199803
5569562	5567419
5569562	5568020
5569562	6055207
5569563	5565254
5569563	5565783
5569563	5567407
5569564	1877411
5569565	4165654
5569565	4166592
5569565	4577583
5569565	5566948
5569565	9741258
5569566	5569149
5569567	2319286
5569567	4533445
5569567	5566309
5569567	9730474
5569567	10188162
5569568	5569150
5569569	658356
5569569	658423
5569569	731528
5569569	12343543
5569570	5569542
5569571	1567740
5569571	5570526
5569572	5569151
5569572	13790253
5569573	5569517
5569573	5569522
5569573	5569540
5569574	5569145
5569575	1884728
5569575	1885248
5569576	5569136
5569577	5569385
5569578	1343070
5569578	3529322
5569578	3856045
5569578	4423958
5569578	4423984
5569578	6302370
5569578	10192797
5569578	12492305
5569579	5569534
5569580	5569530
5569581	5569390
5569582	5568152
5569583	68943
5569583	508012
5569583	10191939
5569584	5569527
5569585	68943
5569585	368220
5569585	522356
5569585	10117567
5569585	10191944
5569586	5568146
5569587	5568135
5569587	12120429
5569588	5569507
5569588	5569509
5569589	5569393
5569590	5569496
5569591	5568134
5569592	2270470
5569592	11818004
5569593	5568126
5569593	12773026
5569594	2270470
5569595	5569491
5569595	5569493
5569596	508011
5569597	5569489
5569598	5568122
5569599	508005
5569599	11322859
5569600	5565261
5569601	507998
5569602	5565265
5569603	5565269
5569604	507992
5569605	5562502
5569605	5571893
5569606	5569487
5569607	507986
5569607	8015751
5569608	3323802
5569608	4461503
5569609	639752
5569609	641651
5569609	881853
5569609	3872975
5569609	5569753
5569610	2045743
5569610	2979941
5569610	7917729
5569611	497610
5569611	497939
5569613	8165535
5569616	2274506
5569616	2646741
5569619	801146
5569620	801146
5569621	801146
5569622	2747501
5569622	5202462
5569622	5395927
5569623	801146
5569624	801146
5569625	801146
5569626	1514260
5569626	1632923
5569627	2293029
5569628	2272894
5569628	2383115
5569628	8754967
5569629	5566067
5569629	5569057
5569630	5569799
5569630	5907050
5569631	3369749
5569631	5241604
5569632	2645482
5569632	8435459
5569632	8754962
5569633	2960937
5569634	497939
5569634	5569798
5569635	4531554
5569636	4531554
5569637	497606
5569637	5569797
5569638	497735
5569639	4531554
5569640	4531554
5569641	497600
5569641	5569796
5569642	2741784
5569642	2951822
5569643	2741784
5569643	2951822
5569644	2741784
5569644	2951822
5569645	497581
5569645	5569794
5569646	2741784
5569646	2951822
5569647	497581
5569647	1518067
5569647	5569794
5569648	497790
5569648	785883
5569648	5569793
5569649	431644
5569649	497488
5569649	5569792
5569649	13239784
5569650	431644
5569650	497488
5569650	5569791
5569651	24983
5569652	24983
5569653	497484
5569653	497947
5569653	519391
5569653	1913271
5569653	3080899
5569653	3634117
5569654	24983
5569655	24983
5569656	508026
5569656	5569789
5569657	317689
5569658	497471
5569658	5569788
5569659	1234986
5569660	369819
5569661	1234986
5569662	1234986
5569663	497469
5569663	5569787
5569664	1234986
5569665	4500300
5569666	497455
5569666	5569786
5569667	3732577
5569668	3732577
5569669	5360585
5569669	5569780
5569669	6677935
5569670	497438
5569670	5569778
5569671	54929
5569671	497431
5569671	5569777
5569671	11165600
5569672	3472475
5569672	5569759
5569673	3422676
5569674	240689
5569675	240689
5569676	497428
5569676	497957
5569676	5569755
5569676	12885646
5569677	240689
5569678	240689
5569679	497428
5569679	5569755
5569680	103040
5569680	372190
5569680	5569751
5569680	11836615
5569681	5322676
5569682	497417
5569682	5569749
5569683	1783110
5569683	1783238
5569683	5569748
5569683	9149947
5569684	497417
5569684	5569747
5569685	5566411
5569686	3835124
5569686	4129982
5569686	4131695
5569686	4131715
5569686	4427931
5569687	5322713
5569688	497413
5569688	497973
5569688	822468
5569688	5569745
5569689	5322712
5569690	2203443
5569690	2469234
5569690	5568080
5569691	70644
5569691	423523
5569691	594351
5569692	5165842
5569693	1830623
5569693	1831910
5569694	299788
5569694	527192
5569694	527193
5569694	712116
5569694	3313522
5569694	3937150
5569694	4649124
5569695	299788
5569695	527192
5569695	527193
5569695	712116
5569695	3313522
5569695	3937150
5569695	4649124
5569696	1098487
5569696	2242062
5569696	4552974
5569697	31229
5569698	296559
5569698	315806
5569698	1268815
5569699	296559
5569699	315806
5569699	1268815
5569700	296559
5569700	315806
5569700	1268815
5569701	296559
5569701	315806
5569701	1268815
5569702	497410
5569702	5569744
5569702	12203715
5569703	497410
5569703	5569744
5569703	6847131
5569703	12203166
5569703	12203707
5569703	12204197
5569703	12204198
5569704	5544971
5569705	497390
5569705	5569743
5569706	1550010
5569707	4902771
5569708	953763
5569708	2220778
5569709	299788
5569709	527192
5569709	527193
5569709	712116
5569709	3313522
5569709	4649124
5569710	299788
5569710	527192
5569710	527193
5569710	712116
5569710	3313522
5569710	4649124
5569711	5538581
5569712	2012731
5569712	2108449
5569713	4897571
5569713	6051424
5569714	4902770
5569715	4902770
5569716	241836
5569717	241813
5569718	2229746
5569719	1830631
5569720	1830631
5569721	1830631
5569721	1831900
5569722	1830631
5569723	5524619
5569724	2951779
5569725	5220149
5569726	5288927
5569727	497354
5569727	497357
5569727	2934714
5569728	773320
5569728	2002086
5569728	3452116
5569729	3413230
5569730	4132519
5569731	1195679
5569731	1195936
5569733	65631
5569733	668277
5569734	757522
5569734	1508159
5569735	255926
5569735	702661
5569736	5565495
5569736	5569908
5569737	262240
5569737	1247702
5569738	5569521
5569739	452809
5569740	5569508
5569741	29540
5569743	5569705
5569744	5569702
5569744	5569703
5569745	5569688
5569746	5414280
5569746	5572815
5569746	7342107
5569747	5569684
5569748	5569683
5569749	5569682
5569750	435946
5569750	1723894
5569751	5569680
5569752	4657357
5569753	5569609
5569754	5569508
5569755	5569676
5569755	5569679
5569756	281616
5569757	1848801
5569757	9455831
5569758	122387
5569758	281616
5569758	551855
5569758	1054228
5569759	5569672
5569760	5036618
5569761	5568111
5569762	5036618
5569763	64693
5569764	64693
5569765	1243488
5569765	1247191
5569765	5569772
5569765	9865840
5569765	9865841
5569766	1243488
5569766	5569771
5569767	64693
5569768	2541446
5569769	2541446
5569770	138919
5569770	373297
5569770	4771541
5569770	5590180
5569770	5668943
5569771	5569766
5569772	5569765
5569773	2360078
5569774	2360078
5569775	468108
5569775	760002
5569775	761876
5569775	763324
5569776	468104
5569777	5569671
5569778	5569670
5569779	281038
5569780	5569669
5569780	5976215
5569781	2286422
5569781	5215858
5569781	5215859
5569782	2236810
5569783	1868213
5569784	468074
5569785	1271424
5569785	12046093
5569786	5569666
5569787	5569663
5569788	497951
5569788	5569658
5569789	5569656
5569790	27296
5569791	431644
5569791	5569650
5569792	431644
5569792	5569649
5569793	5569648
5569794	5569645
5569794	5569647
5569795	452768
5569796	5569641
5569797	5569637
5569798	5569634
5569799	5569630
5569799	5907050
5569800	5569801
5569801	5569800
5569801	5569901
5569801	5572814
5569801	5577133
5569801	5707972
5569802	2577623
5569802	5132864
5569802	12011572
5569803	5227886
5569804	5569075
5569805	5227885
5569806	5227884
5569807	1643747
5569808	5227883
5569809	2796723
5569810	5227880
5569811	5227879
5569812	5227878
5569813	5227877
5569814	5227876
5569815	5227874
5569816	5227873
5569817	5227265
5569818	5227264
5569819	467991
5569820	5227263
5569821	2018294
5569821	2657676
5569822	5227261
5569823	467983
5569824	801270
5569825	322885
5569826	467957
5569827	4612748
5569828	4793300
5569829	4811715
5569830	322866
5569831	4811716
5569832	1071635
5569833	322866
5569834	322866
5569835	1534955
5569835	5181515
5569836	305084
5569836	1188818
5569837	3217203
5569838	5570917
5569838	5584392
5569838	8976254
5569839	1053538
5569840	2354649
5569841	305080
5569842	4096860
5569843	1356114
5569844	5550866
5569845	284644
5569845	5999213
5569845	6019688
5569846	5569848
5569846	5569979
5569846	5649205
5569846	10495971
5569847	261892
5569847	1349695
5569847	5999208
5569848	5569846
5569848	5569897
5569848	5569898
5569849	1938404
5569849	5001404
5569849	5249561
5569849	8562675
5569849	8613899
5569850	5258451
5569851	3712573
5569852	1021839
5569852	1021851
5569853	2101489
5569853	2578815
5569854	3499389
5569855	1357204
5569855	5264432
5569855	5999207
5569855	8653254
5569856	4860627
5569857	5365691
5569858	4811826
5569859	1329
5569859	437177
5569859	467054
5569859	467935
5569859	1020071
5569859	1248469
5569859	5024608
5569860	2026183
5569861	5264430
5569862	38491
5569862	467931
5569863	38491
5569863	467056
5569863	467931
5569864	4722804
5569864	4986183
5569864	4986319
5569865	3852363
5569866	4722804
5569866	4986183
5569866	4986319
5569867	8598622
5569868	2578207
5569868	4403863
5569869	5564934
5569870	4092480
5569870	4092949
5569871	70204
5569873	70204
5569874	70204
5569875	261892
5569875	446978
5569875	1945548
5569875	4500152
5569875	5264434
5569876	2264097
5569876	13078457
5569877	5563588
5569878	696079
5569879	5264493
5569879	6019687
5569880	2262890
5569880	8132315
5569881	2262890
5569881	8132315
5569882	2852200
5569883	2546280
5569884	3196382
5569884	3226004
5569885	3647669
5569886	1823569
5569887	2546280
5569888	5264487
5569889	3487334
5569889	11480278
5569889	11480279
5569890	2546280
5569891	5264487
5569892	3846000
5569893	4146831
5569894	4220122
5569895	5302490
5569896	4454278
5569897	5569848
5569897	13961202
5569898	5569848
5569899	3329576
5569900	1108897
5569901	5569801
5569901	5577133
5569902	3714301
5569903	5327363
5569904	2466590
5569905	2953597
5569905	4142596
5569905	5306758
5569906	8826
5569906	431845
5569906	467891
5569906	12447394
5569907	3430457
5569908	5569736
5569909	4510853
5569910	463972
5569911	463972
5569912	1391986
5569913	2049506
5569914	752027
5569915	1818398
5569916	3591592
5569916	4540948
5569917	5244712
5569918	463957
5569919	3535253
5569920	3665347
5569921	3642202
5569921	3642203
5569922	2387159
5569923	4205183
5569924	1069537
5569924	1806641
5569924	5252969
5569924	7836651
5569924	7836660
5569924	12786385
5569925	4786466
5569926	4051653
5569927	463809
5569928	463794
5569928	1388696
5569929	310870
5569930	61618
5569930	463787
5569930	520300
5569930	969669
5569931	463784
5569932	463784
5569933	53256
5569934	463794
5569934	1388696
5569935	3731371
5569936	2148949
5569937	5584385
5569938	29775
5569939	5572813
5569939	5579626
5569939	5995335
5569939	8454238
5569939	8998789
5569939	13728248
5569939	13728251
5569940	257576
5569941	253860
5569942	253860
5569943	253860
5569944	1001997
5569945	253860
5569946	3902012
5569947	33828
5569948	64559
5569949	1784272
5569949	5999205
5569949	13948625
5569950	239903
5569951	3001249
5569952	3421764
5569953	1573758
5569954	26149
5569955	463601
5569955	5570314
5569956	463591
5569956	5570311
5569957	2082735
5569958	463584
5569958	5570306
5569959	2299210
5569960	903267
5569960	2669889
5569961	463566
5569961	5570297
5569962	2812679
5569963	1723124
5569963	7976003
5569964	463568
5569964	5570270
5569965	463552
5569965	520316
5569965	533185
5569965	539450
5569965	1492019
5569966	4701631
5569967	463534
5569967	5570254
5569967	6786398
5569968	48850
5569969	2393501
5569970	463534
5569970	5570254
5569971	2901252
5569972	5570251
5569973	461807
5569974	3448982
5569974	7457048
5569975	3448982
5569975	7457048
5569976	3448982
5569976	7457048
5569977	5569978
5569977	5569980
5569977	5569981
5569977	8913132
5569977	10753397
5569978	5569977
5569978	10753397
5569979	5569846
5569980	5569977
5569980	10240632
5569980	10753397
5569981	5569977
5569981	8983807
5569981	8983808
5569981	10753397
5569982	4878969
5569983	5569984
5569983	8096931
5569984	5569983
5569984	13052231
5569985	1446152
5569986	5569987
5569986	12657851
5569987	5569986
5569988	675576
5569988	11510588
5569988	11656344
5569989	514361
5569990	5569991
5569990	6845597
5569991	5569990
5569992	1956043
5569992	1957333
5569992	9293483
5569993	3277957
5569994	5569995
5569994	5570117
5569994	8038564
5569994	8038565
5569995	5569994
5569995	5570117
5569995	7196047
5569996	2009249
5569997	50982
5569998	540024
5569999	2312539
5570000	3312104
5570000	13616668
5570000	13616670
5570001	3312104
5570002	1968864
5570002	5570238
5570003	5570004
5570003	5572812
5570003	7452186
5570004	5570003
5570004	5570011
5570004	7452186
5570005	1953903
5570005	5488754
5570005	5572811
5570005	5582112
5570005	6291282
5570005	12794653
5570005	12794654
5570006	304946
5570006	5570235
5570007	461806
5570007	5570233
5570008	38903
5570008	249676
5570008	461805
5570008	723060
5570008	783812
5570008	784070
5570008	784073
5570008	13833241
5570009	38903
5570009	249676
5570009	440119
5570009	461805
5570009	722523
5570009	13833238
5570010	2081795
5570010	5570229
5570011	5570004
5570011	5584375
5570011	7452186
5570013	1447358
5570014	1447358
5570015	2402615
5570016	4397858
5570017	1028161
5570018	1028161
5570019	1866769
5570019	5570226
5570020	5227260
5570021	5227259
5570022	5227258
5570023	5073908
5570023	5570224
5570024	5227257
5570025	5227257
5570026	5227256
5570027	5227255
5570028	5227253
5570029	5227251
5570030	3007771
5570031	5227250
5570032	5227248
5570033	5227246
5570034	5227244
5570035	268778
5570036	5227243
5570037	5227242
5570038	5227239
5570039	5227238
5570040	5227237
5570041	5227236
5570042	5227234
5570043	309416
5570044	5226733
5570045	5226732
5570046	5226731
5570047	3667618
5570048	5226730
5570049	5226729
5570050	65379
5570051	5226728
5570052	2011765
5570053	5226727
5570054	5226726
5570055	5226725
5570056	3756459
5570057	461800
5570057	5570220
5570058	5226724
5570059	5226723
5570060	10594
5570060	253043
5570060	439746
5570060	461792
5570060	5570214
5570061	5226722
5570062	5226721
5570063	5226720
5570064	5226719
5570065	16729
5570066	5226718
5570067	5231010
5570068	1838906
5570069	5230930
5570070	1934667
5570071	3160175
5570071	3374133
5570071	5552224
5570071	5552225
5570071	8786141
5570071	8786296
5570072	3160175
5570072	3374133
5570072	5552224
5570072	5552225
5570072	8786141
5570072	8786296
5570073	5230902
5570074	4686098
5570075	5230900
5570076	90497
5570076	1418386
5570076	10017931
5570077	5230899
5570078	5230898
5570079	3380058
5570080	1522781
5570081	306348
5570081	2885199
5570081	4236661
5570081	4236664
5570082	4860618
5570083	5307321
5570084	4588429
5570084	12909405
5570085	5403762
5570086	3721601
5570087	3721601
5570088	461788
5570089	27122
5570090	243185
5570090	439678
5570090	439681
5570090	439720
5570090	461787
5570090	1366177
5570090	2146329
5570090	4629604
5570090	4629605
5570090	5570149
5570090	9128715
5570091	321791
5570092	3559306
5570093	1293478
5570094	3450348
5570095	2644646
5570095	4724852
5570095	8355332
5570096	4011763
5570096	4317281
5570096	4317282
5570096	5541055
5570096	5541056
5570096	5542091
5570096	5542093
5570096	5570098
5570096	8101879
5570096	9751070
5570096	11195758
5570096	12505675
5570096	12508332
5570097	678756
5570098	4011763
5570098	5541055
5570098	5570096
5570098	8101879
5570098	11195758
5570099	3271669
5570099	3271670
5570099	4757435
5570099	5570100
5570099	5578968
5570100	2898821
5570100	3271669
5570100	3271670
5570100	3649080
5570100	3649081
5570100	5570099
5570100	5578968
5570100	5918203
5570100	8052226
5570100	8052228
5570101	897706
5570102	3271669
5570103	280707
5570104	2876200
5570105	387423
5570106	2419635
5570107	4861654
5570108	441455
5570109	2683853
5570110	48899
5570111	1112127
5570112	372422
5570113	30078
5570113	460505
5570113	642286
5570113	5570147
5570113	6536217
5570114	695513
5570115	460504
5570115	2352414
5570116	2508983
5570117	5569994
5570117	5569995
5570117	10893335
5570118	4143941
5570119	4170436
5570120	1141035
5570120	1436013
5570120	6467332
5570121	7424
5570121	16998
5570121	5570143
5570122	3419562
5570122	3485752
5570123	3767475
5570124	3337242
5570124	12957026
5570125	34534
5570126	3925688
5570126	3925698
5570126	8656761
5570127	4668802
5570128	5419021
5570128	5419022
5570129	1553427
5570130	5542877
5570131	2902862
5570132	2208741
5570133	4339388
5570133	5570141
5570133	8974785
5570134	1183760
5570135	2640817
5570136	7457
5570136	252724
5570136	355352
5570136	668331
5570136	6953320
5570137	2668578
5570137	10151290
5570138	1833145
5570139	268616
5570140	7213
5570141	5570133
5570142	7213
5570143	5570121
5570144	298775
5570146	2931755
5570147	5570113
5570148	4017179
5570149	5570090
5570150	30337
5570151	7486
5570152	7486
5570153	30337
5570154	7231
5570155	7231
5570156	286353
5570157	1893779
5570158	286353
5570158	7977155
5570159	7233
5570159	5571276
5570160	847681
5570161	2719888
5570162	1671768
5570163	3308305
5570163	3551052
5570163	3551053
5570163	6652257
5570164	3733457
5570165	1953607
5570166	3733457
5570167	9730352
5570168	2470627
5570169	7490
5570170	4529793
5570171	4529793
5570172	9321365
5570173	1498924
5570173	1498930
5570174	267671
5570175	7493
5570175	252562
5570175	503807
5570175	1493596
5570176	277132
5570177	3920475
5570178	852269
5570179	5160394
5570180	9330127
5570181	1449821
5570182	2099995
5570183	2290438
5570183	2291521
5570183	2291524
5570183	4033965
5570183	12928498
5570184	5570204
5570184	5570232
5570184	5649204
5570185	9329933
5570185	9331216
5570186	3093786
5570187	3157903
5570189	3202106
5570190	3393161
5570191	4493923
5570191	5302345
5570191	5302347
5570192	7509
5570192	5571274
5570193	569914
5570193	4206710
5570194	312933
5570195	312933
5570196	898546
5570197	2654268
5570198	3168086
5570199	574450
5570200	3444741
5570201	3444741
5570202	574450
5570203	595800
5570204	5570184
5570204	8541545
5570204	8542453
5570204	8542771
5570204	12451840
5570205	5358239
5570206	5492091
5570207	5492091
5570208	2106238
5570209	3847124
5570209	10610162
5570210	1028600
5570210	13240840
5570210	13240841
5570211	4388544
5570212	1634455
5570213	4206319
5570214	5570060
5570215	2026620
5570215	5643065
5570215	5643066
5570215	5643067
5570216	1330117
5570217	1330117
5570218	2241547
5570219	2241547
5570220	5570057
5570221	4980369
5570222	4142452
5570223	4980369
5570224	5570023
5570225	5293409
5570226	5570019
5570227	4710967
5570228	20506
5570229	5570010
5570230	5531835
5570231	21073
5570232	5570184
5570233	5570007
5570234	57639
5570234	330823
5570235	5570006
5570236	858956
5570237	5541546
5570238	5570002
5570239	869453
5570241	2241572
5570242	652501
5570243	869453
5570244	461437
5570244	532682
5570245	1543929
5570246	869453
5570247	869453
5570248	3609736
5570249	296678
5570249	1331796
5570249	7385320
5570249	12380286
5570249	12380287
5570251	5569972
5570252	5571934
5570254	5569967
5570254	5569970
5570255	1290209
5570257	8590190
5570257	8590191
5570258	14019
5570259	1290209
5570260	2179168
5570262	2769858
5570262	5228926
5570262	8593938
5570263	10745185
5570263	13788790
5570264	4495933
5570265	1360431
5570266	5230897
5570267	5995583
5570268	5230894
5570270	5569964
5570271	5230892
5570273	5230891
5570274	2241078
5570274	5570280
5570276	5230889
5570277	2241078
5570277	5570280
5570278	5230888
5570279	2860142
5570280	2241078
5570280	5570274
5570280	5570277
5570281	5230886
5570282	12937431
5570283	7269
5570283	5571272
5570284	5230885
5570286	2516418
5570287	7531
5570287	252390
5570288	5230884
5570289	12870995
5570290	5395479
5570291	5230635
5570292	5230634
5570293	5230633
5570294	5230632
5570295	5395479
5570295	11677629
5570296	5230631
5570297	5569961
5570298	5230630
5570299	5230629
5570300	2343424
5570301	7541
5570301	5571270
5570301	6924240
5570302	5230628
5570303	2508852
5570304	5230627
5570305	64938
5570306	5569958
5570307	292631
5570307	2777314
5570307	3529501
5570307	4848471
5570307	4848473
5570307	4848634
5570308	4096849
5570309	64938
5570310	5569508
5570310	6001668
5570310	6330428
5570310	8547699
5570311	5569956
5570312	7573
5570312	1544738
5570312	5571269
5570312	11994407
5570313	7317
5570313	5571268
5570314	5569955
5570315	5569521
5570316	17327
5570317	3248095
5570318	7574
5570318	847067
5570318	5571267
5570318	12368893
5570319	17327
5570320	4872035
5570321	941301
5570323	17327
5570324	3947910
5570325	4615557
5570326	5375120
5570326	5375146
5570326	5375147
5570326	13687132
5570326	13687133
5570327	5568152
5570328	1586726
5570329	5399585
5570330	5568150
5570330	10624152
5570331	5545538
5570332	2361135
5570333	2361135
5570334	5568144
5570334	5575385
5570335	4258898
5570336	3745499
5570337	3730316
5570337	4139851
5570337	11454416
5570338	4258898
5570339	5568140
5570339	5575387
5570339	9507218
5570340	3136760
5570341	5568129
5570341	7863416
5570341	7863417
5570342	5006732
5570343	5568126
5570343	5568466
5570343	5568471
5570343	12773028
5570343	12885048
5570344	3129914
5570345	254081
5570346	3129914
5570347	5568125
5570347	5575405
5570348	4999848
5570349	5568124
5570350	2642254
5570351	2548447
5570352	5568122
5570353	3181914
5570354	5568119
5570354	7469094
5570354	13389124
5570354	13659064
5570355	5568118
5570355	5570378
5570355	5570405
5570355	5570407
5570356	1558356
5570356	2276370
5570356	7533057
5570356	10112743
5570357	4320583
5570358	5493214
5570359	2539311
5570360	2548447
5570361	2515315
5570362	3655209
5570363	2645027
5570364	5362137
5570365	4665085
5570366	4471225
5570366	4472731
5570367	3204427
5570368	3989547
5570369	4737418
5570370	391772
5570370	394825
5570371	5568117
5570372	3722141
5570372	7174383
5570373	4256902
5570374	5568120
5570375	4282326
5570376	2033441
5570376	6367996
5570377	2033441
5570377	6367996
5570378	5568118
5570378	5570355
5570378	5571266
5570379	18317
5570379	563178
5570379	982320
5570379	2805060
5570379	5597612
5570380	5568115
5570380	7107009
5570380	8802319
5570380	8933422
5570380	10688703
5570381	1390181
5570382	4252865
5570382	5587416
5570383	265897
5570384	4252865
5570384	5587416
5570385	4252865
5570385	5587416
5570386	3360328
5570387	3497753
5570388	3360328
5570388	7166987
5570388	7166988
5570389	7324
5570389	5571263
5570390	3360328
5570391	3497753
5570392	3360328
5570393	2897190
5570393	5571261
5570394	7324
5570394	3652048
5570394	5571260
5570394	11622441
5570395	3826337
5570396	271887
5570397	3821789
5570398	3821789
5570399	3904991
5570400	3501976
5570401	4531565
5570402	5014232
5570403	5009630
5570404	7076
5570405	5570355
5570406	3907808
5570407	5570355
5570408	3907808
5570409	7338
5570409	5571259
5570410	1516150
5570410	1517666
5570411	3907808
5570412	3907807
5570413	2543326
5570414	3907807
5570415	3907807
5570416	3907807
5570417	3903517
5570418	3907807
5570418	3907809
5570419	2376036
5570420	3907807
5570421	3907806
5570422	2376036
5570423	3907806
5570423	9513475
5570424	3907806
5570425	3907805
5570425	8231327
5570426	2576275
5570427	3907805
5570428	7601
5570428	5571258
5570429	3907805
5570430	3665346
5570430	6710728
5570431	3907804
5570432	3665346
5570432	6710728
5570433	3907804
5570434	3907804
5570435	3907804
5570436	3907804
5570437	3907804
5570438	3907802
5570438	13776863
5570439	2547078
5570440	3907802
5570441	3907802
5570441	8231717
5570441	13776865
5570442	3907802
5570443	3907802
5570444	3907802
5570445	7358
5570445	5571256
5570446	5350178
5570447	3907801
5570447	12553349
5570447	12553350
5570447	13783515
5570448	3907801
5570449	3907801
5570449	13783516
5570450	3907801
5570451	2259735
5570452	3907801
5570453	3907801
5570454	3907801
5570455	2640489
5570456	3907801
5570457	538917
5570458	3907801
5570458	13783516
5570459	1040726
5570460	3907801
5570461	3907801
5570461	5970357
5570461	13783515
5570462	3907801
5570463	3371916
5570464	2128286
5570465	1665602
5570465	7481386
5570466	2912622
5570467	2753502
5570468	7361
5570468	5571252
5570469	1423265
5570470	7361
5570470	5571251
5570471	3907809
5570472	3907809
5570473	5568475
5570474	4471306
5570474	6151279
5570474	6151280
5570474	6151282
5570474	6151283
5570475	2691067
5570476	559401
5570476	559407
5570477	3907819
5570477	13802133
5570478	3903220
5570479	3907818
5570479	13824784
5570480	7387
5570480	5571248
5570480	10755525
5570481	4980113
5570482	3907817
5570482	13824641
5570483	7387
5570483	5571248
5570483	10755525
5570483	10755526
5570483	10758420
5570483	10758421
5570484	3356500
5570485	3907816
5570485	13824808
5570486	3907816
5570486	13835177
5570487	3226096
5570488	5322575
5570489	5380361
5570489	7814770
5570490	3907815
5570491	5380361
5570492	2537978
5570492	12627626
5570493	3907814
5570494	3970471
5570494	9711921
5570494	10341517
5570494	12822122
5570495	2642636
5570496	3516307
5570496	3516308
5570497	3907813
5570498	2231578
5570499	3907813
5570500	3907812
5570501	7676
5570501	5571247
5570502	3907811
5570503	2649141
5570504	2541154
5570504	3309300
5570505	2649141
5570505	9979421
5570506	3907810
5570507	3907810
5570508	3733909
5570509	3907810
5570510	5077178
5570510	5569081
5570511	3907810
5570512	2027684
5570513	3907810
5570514	2801783
5570515	3907810
5570516	2064692
5570517	5001413
5570518	3907826
5570518	10028406
5570519	3907825
5570520	3731267
5570521	3531549
5570522	247391
5570523	4665391
5570523	5271607
5570524	3907827
5570524	9111204
5570525	3907824
5570525	8231729
5570526	5569571
5570526	5571243
5570527	1326188
5570528	3907824
5570529	3907823
5570529	10051683
5570530	3907822
5570530	13802129
5570531	2361694
5570532	3907821
5570532	13802359
5570533	5552615
5570533	5571241
5570534	5552615
5570534	5571239
5570535	2033961
5570536	4529602
5570537	3907820
5570537	13802129
5570538	3907820
5570538	13802129
5570539	1458020
5570540	3325412
5570541	1570519
5570541	9366802
5570542	5322565
5570543	4500360
5570544	2951907
5570545	5535133
5570545	5571238
5570545	5615732
5570546	5535132
5570546	5571237
5570547	3381773
5570548	2549196
5570548	7763121
5570549	802673
5570550	5224374
5570551	5019143
5570552	845547
5570552	850424
5570552	996997
5570552	1221063
5570552	1231149
5570552	5535123
5570552	6141419
5570552	6141420
5570552	9932890
5570553	2549196
5570554	48316
5570555	2549196
5570556	620712
5570557	263761
5570558	4134941
5570559	254534
5570560	2248275
5570560	5948503
5570561	258706
5570562	2248275
5570563	4949586
5570564	314679
5570564	10206861
5570565	4530062
5570565	7123051
5570566	3123532
5570566	3359727
5570567	3123532
5570567	3359727
5570568	876050
5570569	3923041
5570569	4705620
5570570	3923041
5570570	4705620
5570571	2790097
5570572	1961517
5570572	12383188
5570573	3920465
5570574	324385
5570574	8316290
5570575	1884433
5570576	324385
5570576	8316290
5570577	3826371
5570577	5535117
5570577	5571235
5570578	324385
5570578	8316744
5570579	3734381
5570579	5535115
5570579	5571233
5570580	324385
5570580	8316744
5570581	2892990
5570581	4797268
5570581	4797269
5570581	5535114
5570581	5571223
5570582	2892990
5570582	4797265
5570582	5535113
5570582	5571221
5570583	436789
5570583	8176028
5570584	2892990
5570584	4797268
5570584	5535114
5570584	5571223
5570585	2892990
5570585	4797265
5570585	5535113
5570585	5571221
5570586	436789
5570586	8176028
5570587	53432
5570587	5535108
5570587	5571215
5570588	3563787
5570589	53432
5570589	5535109
5570589	5571219
5570590	53432
5570590	5535108
5570590	5571215
5570591	1868205
5570591	6729355
5570592	3907895
5570593	3563787
5570594	3907894
5570595	2891322
5570595	5535107
5570595	5571211
5570596	2891322
5570596	5571210
5570597	3907893
5570598	2891322
5570598	5535106
5570598	5571208
5570599	2891322
5570599	5571205
5570600	3907893
5570601	3907892
5570601	10033935
5570602	3907891
5570602	9508877
5570602	10033930
5570603	3907890
5570604	3907890
5570605	2643746
5570606	2243034
5570606	5535134
5570606	5535137
5570606	5571202
5570607	1028579
5570607	5916086
5570608	2530499
5570608	5571193
5570608	12888513
5570609	1252369
5570610	2376176
5570610	9819040
5570610	12816384
5570611	1252369
5570612	1252369
5570613	1252369
5570613	9927490
5570614	1252369
5570615	707476
5570615	1252369
5570616	480990
5570616	1799986
5570617	2301885
5570617	2304802
5570618	2301885
5570618	2304802
5570619	5062406
5570620	1929636
5570620	2758698
5570621	2215676
5570621	5535104
5570622	1152247
5570622	5571191
5570622	12300656
5570623	2215676
5570623	5535104
5570623	6531764
5570623	6765549
5570624	2215676
5570624	5535103
5570624	6531764
5570624	6765549
5570625	2215676
5570625	5535103
5570626	2215676
5570627	2215676
5570628	1663832
5570628	5571788
5570629	4466540
5570630	3765694
5570631	5347976
5570632	71623
5570632	181831
5570633	509935
5570633	3297069
5570634	509935
5570635	2429015
5570636	2321795
5570637	4041602
5570638	897300
5570639	30025
5570639	5571186
5570640	1170104
5570641	3643210
5570641	3823298
5570642	30025
5570642	5571186
5570643	1929645
5570643	5571787
5570644	275289
5570645	275289
5570645	5571786
5570646	1094846
5570646	5535094
5570646	5571182
5570648	3434352
5570648	4952506
5570648	5535089
5570648	5535090
5570648	5571180
5570648	6960228
5570648	13141970
5570649	3203738
5570649	5535088
5570649	5571161
5570653	3287279
5570653	5535084
5570653	5535085
5570655	1253386
5570656	3825175
5570657	3825175
5570658	1253386
5570659	3310513
5570660	5535082
5570660	5571157
5570661	5535081
5570661	5571142
5570662	3203738
5570662	5535087
5570662	5571140
5570663	3734626
5570664	5162565
5570665	5162565
5570666	4895969
5570667	1725563
5570668	759306
5570669	759306
5570670	4849991
5570671	4666544
5570672	4016320
5570673	4016320
5570675	5630917
5570675	5698734
5570675	5698735
5570675	9159335
5570675	9188491
5570675	10589878
5570675	10589881
5570676	5575439
5570677	2337881
5570677	5571785
5570677	5580976
5570678	2342659
5570679	2342380
5570679	2342381
5570679	5580979
5570679	5580980
5570680	2342380
5570680	2342381
5570680	5571781
5570681	2342380
5570681	2342381
5570682	1746558
5570683	5575466
5570683	5575473
5570684	868741
5570685	1746558
5570685	9854935
5570685	9854936
5570685	10795319
5570686	338104
5570687	2270273
5570688	4841178
5570688	4932666
5570688	5570690
5570688	5570895
5570689	3559370
5570689	5570894
5570690	4841178
5570690	4841187
5570690	4932666
5570690	5570688
5570690	5570895
5570690	5572810
5570691	5570893
5570691	5575487
5570692	5575499
5570692	12259247
5570692	13714305
5570693	1591321
5570694	351568
5570695	351568
5570696	3282827
5570697	374875
5570698	374875
5570699	56828
5570699	2634388
5570700	56828
5570700	458605
5570700	461456
5570700	1641307
5570700	5254780
5570700	8104332
5570700	8344112
5570701	2562919
5570701	6625987
5570702	5122462
5570702	5122463
5570702	5578364
5570702	5772856
5570702	5772857
5570703	5122464
5570703	5122465
5570703	5572809
5570704	280173
5570704	381025
5570705	5183093
5570705	5183094
5570705	5183438
5570705	5776103
5570705	12340070
5570706	5122460
5570706	5122461
5570706	5572651
5570707	5571932
5570707	7967817
5570707	7967820
5570707	8106409
5570707	9234012
5570708	5571931
5570708	9857102
5570709	296856
5570710	5571926
5570710	5582106
5570710	5587337
5570710	5826634
5570710	5826635
5570711	296856
5570712	296856
5570714	5570915
5570714	5572650
5570714	5579624
5570714	13779670
5570715	6063458
5570716	303494
5570717	526658
5570717	5999202
5570718	526658
5570719	526658
5570720	2975867
5570721	767497
5570721	786334
5570721	7535124
5570722	319728
5570722	855189
5570722	5571139
5570723	1606689
5570723	5571138
5570724	1153734
5570724	5571136
5570725	2417972
5570725	5571132
5570726	260662
5570726	1231116
5570726	7431300
5570727	1615432
5570727	5571129
5570728	1615432
5570728	5571129
5570729	5570730
5570729	5570731
5570729	5570736
5570729	5570737
5570729	5570741
5570729	5572808
5570729	7052413
5570729	10753421
5570729	12692053
5570730	5570729
5570731	5570729
5570732	2745504
5570732	5571122
5570733	4470895
5570733	5571120
5570733	13371695
5570733	13371699
5570733	13371707
5570733	13371715
5570733	13371719
5570734	2571244
5570734	3591227
5570734	5571119
5570735	3069445
5570735	3267280
5570735	3555148
5570735	9767219
5570735	12968738
5570736	5570729
5570737	5570729
5570738	2434101
5570738	5571118
5570738	7364424
5570738	7364726
5570739	4705538
5570739	5571116
5570740	1782346
5570740	5571115
5570741	5570729
5570741	5571112
5570741	10753520
5570742	4721818
5570742	5571110
5570743	2078284
5570743	5571103
5570744	2644038
5570744	4431511
5570744	5571102
5570745	3511091
5570745	5571101
5570746	805336
5570746	1388020
5570746	5571099
5570747	4887156
5570747	5571098
5570748	5091788
5570748	5571095
5570749	1782322
5570749	3597679
5570749	5571094
5570750	1822682
5570750	5571093
5570751	1147927
5570751	5571087
5570752	4544055
5570753	4418192
5570753	5571075
5570753	13514930
5570754	2557653
5570754	5571070
5570754	10883012
5570755	1838121
5570755	1911764
5570755	5571058
5570755	13924598
5570756	4705499
5570756	5571057
5570758	4705487
5570758	5571055
5570758	13939793
5570759	553129
5570759	5571054
5570759	13244535
5570760	2203169
5570760	5140788
5570760	5140789
5570760	6946573
5570760	7001879
5570760	9155344
5570760	12651507
5570761	5505223
5570761	5571048
5570762	3382783
5570762	5571047
5570763	5505166
5570764	1218383
5570764	5571045
5570765	1017821
5570765	5571043
5570766	2699167
5570766	5571041
5570766	10038961
5570767	5554742
5570767	5554743
5570767	8055126
5570767	8055127
5570767	8055128
5570767	11811047
5570768	5504889
5570769	5504881
5570769	5571002
5570770	5504881
5570770	5571002
5570771	5504881
5570771	5571002
5570772	5504881
5570772	5571002
5570773	5504885
5570773	5570998
5570774	5504885
5570774	5570998
5570775	5504866
5570775	5570996
5570776	5504717
5570776	5570981
5570777	2026393
5570777	5068590
5570777	5572122
5570777	11060742
5570778	2026393
5570778	5161931
5570778	5572121
5570778	5572122
5570779	5503924
5570780	2996280
5570780	5571611
5570780	13520374
5570781	4382045
5570781	5571607
5570781	5618619
5570782	300622
5570783	23168
5570783	5506185
5570783	5570979
5570784	4382045
5570784	5571607
5570784	5618619
5570785	2648390
5570785	4667211
5570785	4667455
5570786	2648390
5570786	4667211
5570786	4667455
5570786	8389913
5570787	3183905
5570787	4499706
5570787	4755932
5570787	7168703
5570788	1868379
5570788	5571604
5570788	5571605
5570788	8003381
5570789	1868379
5570789	5571599
5570789	5571600
5570789	5681468
5570789	8003381
5570790	3246222
5570791	1868379
5570791	5571604
5570791	5571605
5570791	6599984
5570792	1868379
5570792	5571599
5570792	5571600
5570792	5681468
5570793	5506191
5570794	1027687
5570794	3325868
5570794	12734349
5570794	13096696
5570795	2111536
5570795	5657484
5570795	6921424
5570796	2111536
5570796	5077526
5570796	5901520
5570796	5902188
5570796	6921424
5570797	2547516
5570798	2542530
5570798	2627008
5570798	5815775
5570799	3307247
5570800	2542530
5570800	2627008
5570800	5815775
5570801	2956588
5570802	5506041
5570802	5570970
5570803	5505957
5570803	5570969
5570803	11648550
5570804	3358977
5570804	3369456
5570804	10997755
5570805	2331637
5570805	5218401
5570805	5571571
5570806	3822816
5570806	3989666
5570807	437051
5570808	5505895
5570808	5570967
5570809	2547629
5570809	3560605
5570809	5571567
5570809	9635734
5570810	1841606
5570811	2547629
5570811	3560605
5570811	5571567
5570811	5870371
5570812	5505895
5570812	5570967
5570813	3826668
5570814	3342779
5570814	5571565
5570815	5505887
5570815	5570966
5570816	3342779
5570816	5461022
5570816	8808189
5570817	3342779
5570817	5571563
5570818	3123310
5570818	5199105
5570818	5549917
5570818	5549920
5570818	5549921
5570818	5549942
5570818	5549944
5570818	5549945
5570818	7420185
5570818	13741140
5570819	5505863
5570819	5570965
5570819	5570983
5570819	5570984
5570819	10682640
5570819	13669176
5570820	4663571
5570820	5571560
5570820	6198254
5570821	1610202
5570822	248975
5570822	248976
5570822	1783394
5570822	3498776
5570823	248975
5570823	248976
5570823	1783394
5570823	3498776
5570824	248975
5570824	248976
5570824	1783394
5570824	3498776
5570825	5505789
5570825	5570964
5570826	2026881
5570826	5571557
5570827	5505670
5570827	5570963
5570828	5571558
5570829	3315276
5570829	5571553
5570829	5831181
5570830	3315276
5570830	5571552
5570830	6209416
5570830	9025054
5570831	3315276
5570831	5571551
5570831	8244540
5570831	10260579
5570831	10260580
5570831	13132560
5570832	2956061
5570832	5571550
5570832	5593360
5570832	8056697
5570833	2956061
5570833	5571550
5570833	5601315
5570834	3822871
5570834	3989118
5570834	5691196
5570834	5691197
5570835	5504707
5570836	3822871
5570836	3989120
5570836	5659545
5570837	3822871
5570837	3989117
5570837	7887847
5570838	3822871
5570838	3989119
5570838	5659545
5570839	3822871
5570839	3989117
5570839	3989120
5570840	5505356
5570840	5570961
5570840	12325286
5570841	2643659
5570841	3508675
5570842	5505356
5570842	5570960
5570842	10260006
5570843	3620229
5570843	4889897
5570843	5585375
5570843	5663756
5570843	5663757
5570843	5663758
5570844	2122116
5570845	5506265
5570845	5570959
5570846	1192131
5570846	1192606
5570846	5570956
5570847	5506264
5570847	5570952
5570848	5506252
5570848	5570951
5570848	5571197
5570848	7418654
5570848	7422214
5570848	13350011
5570849	3598231
5570850	2183973
5570850	5570950
5570851	41288
5570851	1182984
5570851	2172657
5570851	2285656
5570852	47623
5570852	2711142
5570852	5570949
5570853	2297069
5570853	5570948
5570853	5571200
5570853	8425448
5570854	1858662
5570854	1863642
5570854	1926019
5570854	5570947
5570855	427717
5570855	5650264
5570855	5650266
5570856	427719
5570856	538126
5570856	5114167
5570856	13707002
5570857	5506247
5570857	5570946
5570858	1256148
5570858	1256205
5570858	5570945
5570859	1886584
5570859	5570943
5570859	13530337
5570860	5570941
5570861	1027493
5570861	1785328
5570863	5570940
5570863	5571156
5570864	1098659
5570864	1099265
5570864	3501338
5570864	3850609
5570864	4505706
5570864	4565674
5570864	5358442
5570864	5571149
5570864	7421990
5570864	7421991
5570864	12200914
5570864	12591007
5570865	1098659
5570865	3501338
5570865	3850609
5570865	4505707
5570865	4505708
5570865	4505709
5570865	4565677
5570865	4896386
5570865	4896387
5570865	5358443
5570865	5571148
5570865	10752634
5570865	12161731
5570865	12200910
5570866	252832
5570866	667054
5570866	5580982
5570866	5580983
5570866	5580985
5570866	6161161
5570867	5580990
5570870	5570939
5570872	2114222
5570872	5570935
5570873	3844734
5570873	5581011
5570874	5570875
5570875	5570874
5570878	7983651
5570879	5570880
5570880	5570879
5570882	5570883
5570883	5570882
5570884	5570885
5570884	5572073
5570884	5572074
5570884	8135347
5570884	8819671
5570885	5570884
5570887	5570888
5570887	12659240
5570888	5570887
5570889	5570890
5570889	7846174
5570890	5570889
5570891	8168032
5570892	8168033
5570893	5570691
5570893	5572075
5570894	5570689
5570895	5570688
5570895	5570690
5570897	4497179
5570898	1225128
5570899	3731651
5570900	4317548
5570901	773437
5570902	23192
5570903	27210
5570904	412016
5570905	2541141
5570906	2541141
5570907	3448124
5570907	5982308
5570907	6533787
5570907	6533788
5570907	11190617
5570908	2541141
5570909	2541141
5570910	2541141
5570911	2541141
5570912	2541141
5570913	2541141
5570915	5570714
5570915	5572626
5570916	1591119
5570916	4383719
5570916	9503906
5570916	11328732
5570916	11328733
5570916	11328734
5570917	5569838
5570918	5569529
5570918	5572625
5570918	5573778
5570918	11136533
5570919	3360201
5570920	3360201
5570921	3360201
5570922	5568135
5570922	5568458
5570922	5573770
5570922	7004864
5570923	5572616
5570923	5572675
5570923	5573272
5570923	5573274
5570923	5573742
5570923	6175248
5570923	13825052
5570923	13825053
5570924	2954644
5570925	2954644
5570926	2954644
5570927	2648650
5570927	5675304
5570928	2648650
5570928	3988635
5570928	5675305
5570929	2648650
5570930	2648650
5570931	2648650
5570932	2648650
5570933	3822069
5570934	5056366
5570935	5570872
5570936	5056366
5570937	3148445
5570937	6305997
5570938	3148445
5570939	5570870
5570940	5570863
5570941	5570860
5570942	3651941
5570942	4942940
5570942	5358470
5570942	9022911
5570942	13521585
5570943	5570859
5570944	3651941
5570944	4942940
5570944	5358470
5570944	9022911
5570945	5570858
5570946	5570857
5570947	5570854
5570948	1039380
5570948	1039382
5570948	1322005
5570948	1322215
5570948	5570853
5570948	13553301
5570949	5570852
5570950	5570850
5570951	5570848
5570952	5570847
5570953	663452
5570953	12637409
5570954	715700
5570955	1572093
5570956	1192131
5570956	5570846
5570957	3903547
5570958	3914606
5570959	5570845
5570960	5570842
5570960	5570980
5570961	5505356
5570961	5570840
5570961	5570977
5570962	273164
5570962	579577
5570963	5570827
5570963	5603392
5570963	11608448
5570964	5570825
5570965	5570819
5570966	5570815
5570967	5570808
5570967	5570812
5570968	2719206
5570968	5576289
5570968	5579617
5570968	10680820
5570969	5570803
5570970	5570802
5570971	5572622
5570971	5572623
5570971	5572624
5570971	5972911
5570971	5972912
5570971	5972913
5570972	5571029
5570972	5571030
5570972	5572615
5570973	804157
5570974	2025892
5570975	32445
5570976	5334099
5570977	5570961
5570978	249283
5570979	5570783
5570980	5570960
5570981	5570776
5570982	3399344
5570983	5570819
5570984	5570819
5570984	10682640
5570985	4414341
5570986	5571019
5570986	5571745
5570987	5571016
5570987	5571645
5570987	5571647
5570987	5571648
5570987	5571650
5570987	5571742
5570987	5571744
5570987	5571755
5570987	5571757
5570988	5571015
5570988	5571642
5570988	5571741
5570988	5602427
5570988	7683112
5570989	5571013
5570989	5572221
5570989	5572222
5570989	5926620
5570989	6017743
5570989	7093066
5570989	10668901
5570990	5571012
5570990	5571639
5570990	5571736
5570990	6056233
5570990	7255430
5570990	8196218
5570990	8196219
5570990	8709565
5570991	5571010
5570991	5571011
5570992	1114659
5570992	1653474
5570992	5571644
5570992	5602429
5570992	7704448
5570992	8354444
5570992	9374081
5570992	9374082
5570992	9384860
5570993	5571008
5570993	5571738
5570994	5571007
5570994	5768602
5570994	11080649
5570995	5571005
5570995	5571728
5570996	5570775
5570997	38725
5570998	5570773
5570998	5570774
5570999	272393
5571000	1568643
5571001	1153980
5571002	5570769
5571002	5570770
5571002	5570771
5571002	5570772
5571003	3600105
5571003	6324316
5571003	6324317
5571005	5570995
5571006	730411
5571006	6533790
5571006	10484050
5571006	10676450
5571006	10984195
5571006	10984196
5571006	11226583
5571007	5570994
5571008	5570993
5571009	970413
5571009	7841956
5571010	5570991
5571011	5570991
5571012	5570990
5571013	5570989
5571014	2203866
5571014	2460303
5571014	5358476
5571014	5561267
5571014	5661947
5571015	5570988
5571016	5570987
5571017	303174
5571018	303174
5571019	5570986
5571020	5222086
5571020	6169585
5571021	800326
5571021	840132
5571022	236052
5571023	3121522
5571024	2669232
5571025	367186
5571026	3379093
5571027	1972315
5571028	3749937
5571029	5570972
5571030	5570972
5571032	2279348
5571032	2393535
5571032	3515751
5571032	6005250
5571033	2904271
5571034	34946
5571035	253484
5571036	547428
5571037	2044405
5571037	4896833
5571037	4896834
5571038	358916
5571038	1670750
5571039	31782
5571040	547428
5571041	5570766
5571042	2285962
5571043	5570765
5571044	3958046
5571044	8502901
5571045	5570764
5571046	102190
5571046	301504
5571047	5570762
5571048	5570761
5571049	710465
5571049	5579577
5571049	5817891
5571049	8098212
5571049	8098213
5571049	11964817
5571050	528455
5571051	3931880
5571051	3931893
5571051	5571086
5571052	1067015
5571052	2940135
5571052	2940137
5571052	5571778
5571052	5580992
5571052	5580994
5571052	5581004
5571052	5581006
5571052	7789286
5571052	13866415
5571053	3931891
5571053	5572610
5571054	5570759
5571055	5570758
5571056	4766160
5571057	5570756
5571058	5570755
5571059	3728383
5571060	299819
5571060	541282
5571060	541285
5571060	672099
5571060	1158383
5571060	3484499
5571060	4513871
5571060	5571775
5571060	5581002
5571060	8667674
5571060	8667679
5571060	8957973
5571060	9621087
5571060	13426623
5571060	13426624
5571061	275140
5571061	1661706
5571061	8022618
5571061	8022620
5571061	9837592
5571062	2030683
5571062	2199919
5571062	2199920
5571062	2245526
5571062	2649035
5571062	5777383
5571062	6117211
5571063	2199920
5571063	2245526
5571063	5777384
5571063	5878775
5571063	6117211
5571063	9598169
5571063	9664812
5571063	9664815
5571064	3457599
5571065	2815186
5571065	7432305
5571065	8738719
5571066	3312955
5571066	7421235
5571067	2815186
5571067	5572653
5571068	2991604
5571068	3048076
5571068	5858603
5571068	5914425
5571068	5914426
5571069	3056419
5571069	3109944
5571070	5570754
5571071	4545571
5571072	4545571
5571073	2887794
5571074	5063664
5571075	5570753
5571076	275579
5571076	9245338
5571077	1938187
5571077	1938196
5571078	2295404
5571078	12835909
5571079	23150
5571080	5286003
5571081	4280138
5571082	4012412
5571082	5371804
5571083	3930031
5571083	7345200
5571084	3938110
5571085	2237458
5571086	5571051
5571087	5570751
5571088	826255
5571088	826259
5571088	1136705
5571088	1633554
5571089	1064642
5571090	1967915
5571091	3585320
5571092	4329429
5571092	4332804
5571093	5570750
5571094	5570749
5571095	5570748
5571096	5371964
5571097	1476662
5571098	5570747
5571099	5570746
5571100	1593685
5571101	5570745
5571102	5570744
5571102	9464244
5571102	9464247
5571103	5570743
5571104	3924437
5571105	5294806
5571106	5389775
5571107	5389775
5571108	2070870
5571109	5301098
5571110	5570742
5571111	4583900
5571112	5570741
5571113	4583900
5571114	2034318
5571115	5570740
5571116	5570739
5571117	826748
5571118	5570738
5571119	2571244
5571119	5570734
5571119	9945962
5571120	5570733
5571121	1460510
5571122	5570732
5571123	5369727
5571124	1623538
5571125	5571127
5571126	2499787
5571126	4869190
5571127	5571125
5571127	5572071
5571128	4218817
5571129	5570727
5571129	5570728
5571130	5302808
5571131	5359175
5571132	5570725
5571133	539240
5571134	4592381
5571135	2251069
5571135	3880307
5571135	11026443
5571135	13034260
5571136	5570724
5571138	5570723
5571139	5570722
5571140	5570662
5571141	5571143
5571142	5570661
5571143	5571141
5571144	459852
5571145	4841180
5571145	13365797
5571146	4872024
5571146	4875244
5571146	6106670
5571147	4872024
5571147	4875244
5571148	1098659
5571148	5570865
5571148	12161731
5571149	1098659
5571149	5570864
5571150	2194414
5571151	1919647
5571152	4833468
5571153	3400147
5571154	4946544
5571155	4962030
5571155	6160859
5571155	6161101
5571155	7632857
5571155	7667119
5571155	8962284
5571156	5570863
5571157	5570660
5571158	1920897
5571159	911184
5571160	2378401
5571160	6533780
5571161	5570649
5571162	3656710
5571163	5571164
5571164	5571163
5571165	2857967
5571166	1784460
5571167	4653777
5571168	1889751
5571169	1137002
5571170	3356779
5571171	2027620
5571171	8224220
5571171	8224221
5571173	1562118
5571174	1130418
5571174	1755073
5571174	5358451
5571176	422319
5571176	3141921
5571177	602843
5571178	2894732
5571179	1848079
5571180	5570648
5571181	3284079
5571182	5570646
5571183	338933
5571184	1535050
5571185	5571190
5571185	5572060
5571186	5570639
5571186	5570642
5571187	4589929
5571188	694457
5571189	4601529
5571190	5571185
5571190	9146104
5571190	9146108
5571191	5570622
5571192	3848577
5571193	5570608
5571195	1393626
5571196	2979806
5571197	5570848
5571198	2393640
5571199	5601689
5571200	5570853
5571201	16376
5571202	5570606
5571203	2595381
5571204	5523397
5571204	5571209
5571204	5571826
5571205	5570599
5571206	3932609
5571207	1554076
5571208	5570598
5571209	797276
5571209	5571204
5571209	6548608
5571210	5570596
5571211	5570595
5571212	1927074
5571213	3636466
5571213	4085014
5571214	2089391
5571215	5570587
5571215	5570590
5571216	2351702
5571217	363317
5571218	383817
5571218	438294
5571219	53432
5571219	704772
5571219	5570589
5571220	5434826
5571221	5570582
5571221	5570585
5571222	3568789
5571223	5570581
5571223	5570584
5571224	1572925
5571225	810228
5571226	1699509
5571227	3765735
5571228	1995587
5571228	1995594
5571228	1995602
5571229	4062146
5571230	2045444
5571231	4724221
5571232	4599613
5571233	5570579
5571234	269034
5571235	5570577
5571236	2462102
5571237	5570546
5571238	5570545
5571239	5570534
5571240	779261
5571240	8017371
5571241	5570533
5571242	1841940
5571242	8007788
5571242	8008444
5571243	5570526
5571243	9561313
5571244	4022390
5571245	2682177
5571246	2732983
5571247	5570501
5571248	5570480
5571248	5570483
5571248	9280879
5571249	1847010
5571250	5361055
5571251	5570470
5571252	5570468
5571253	531962
5571254	2291740
5571255	4604447
5571256	5570445
5571257	538809
5571258	5570428
5571259	5570409
5571260	5570394
5571261	5570393
5571262	625351
5571263	5570389
5571264	2144070
5571264	8441180
5571264	10139933
5571264	10139934
5571265	71317
5571265	779844
5571265	5839500
5571265	8287820
5571265	10775636
5571266	5570378
5571267	5570318
5571268	5570313
5571269	5570312
5571270	5570301
5571271	5572594
5571272	5570283
5571273	1324404
5571273	6199305
5571274	5570192
5571275	5295709
5571276	5570159
5571277	59791
5571278	8286316
5571278	8866645
5571278	8866646
5571278	8866648
5571278	8866649
5571278	8866650
5571280	62989
5571281	3592562
5571282	3688595
5571283	1723774
5571286	3893069
5571287	7522164
5571288	5572577
5571290	2128
5571291	2967107
5571292	2967107
5571293	2967107
5571294	3325708
5571295	3176848
5571296	1141035
5571297	63422
5571298	1141035
5571299	519774
5571300	3822109
5571301	1141035
5571302	3822109
5571304	2548152
5571305	2192212
5571306	2880143
5571307	2026602
5571308	1216417
5571309	2451745
5571310	5360478
5571311	2272918
5571312	663032
5571313	4828588
5571314	5535096
5571314	12120310
5571315	1094632
5571315	4135415
5571316	1663559
5571317	2548045
5571317	4795896
5571317	5535079
5571318	2661874
5571319	3736122
5571319	5535078
5571320	1570647
5571320	5535077
5571320	6266553
5571321	1570647
5571321	5535077
5571322	3204725
5571323	6167173
5571324	3519902
5571325	3202014
5571325	5535073
5571326	413608
5571327	2218132
5571327	5535072
5571328	44999
5571329	2218132
5571329	5535072
5571330	2218132
5571330	5535071
5571331	5535069
5571332	251373
5571332	1830002
5571333	3178294
5571334	251373
5571334	1830003
5571335	3178294
5571336	3178294
5571337	3167749
5571338	253843
5571339	2149796
5571340	1167464
5571340	1168025
5571340	1217523
5571341	3317854
5571342	2672578
5571343	2062511
5571343	5535066
5571343	11549440
5571344	2062511
5571344	5535065
5571345	3312846
5571345	5535062
5571345	5537426
5571345	11630561
5571346	2538619
5571347	2712838
5571348	5087190
5571348	5535058
5571348	5535059
5571349	2712838
5571350	5087190
5571350	5535059
5571351	5087190
5571351	5535058
5571352	5295687
5571353	4135197
5571353	5535057
5571353	13261037
5571354	4135197
5571354	5535057
5571354	5571403
5571355	3734623
5571355	5535056
5571355	5571401
5571356	5571387
5571356	5918437
5571356	5918438
5571357	5571385
5571357	5918391
5571357	5918395
5571357	10978972
5571357	11814052
5571358	1493845
5571359	5569052
5571359	5572292
5571359	7238032
5571360	2540293
5571361	3934352
5571362	398161
5571363	2546047
5571364	807299
5571365	2452102
5571366	2856094
5571367	2626595
5571368	5569052
5571369	3439556
5571369	5535038
5571369	6352254
5571370	3731445
5571371	3439556
5571371	5535037
5571371	6352254
5571372	2544942
5571372	5535035
5571373	2544942
5571373	5535034
5571374	2544942
5571374	5535035
5571375	1956373
5571376	1232689
5571377	598692
5571378	3022546
5571378	3037310
5571378	7871958
5571379	1709248
5571380	5535030
5571381	5535029
5571382	34619
5571383	629336
5571384	266010
5571384	8081396
5571385	5571357
5571385	5918391
5571385	9017476
5571386	3820006
5571386	5535017
5571386	5535018
5571387	5571356
5571389	3831398
5571389	5535013
5571389	10195685
5571389	13413987
5571389	13413988
5571390	3831398
5571390	5535011
5571390	13413990
5571390	13413992
5571391	2202425
5571392	5524462
5571393	1104251
5571394	2644002
5571394	5524456
5571395	2644002
5571395	5524456
5571396	5524454
5571397	3405183
5571397	5524453
5571398	5524451
5571399	5524443
5571400	3312580
5571400	5524441
5571400	5524442
5571401	5571355
5571402	10790605
5571403	5571354
5571404	10790606
5571405	2430996
5571406	5524438
5571407	5524437
5571408	2237440
5571408	3698079
5571408	5524434
5571408	6615138
5571408	10661367
5571409	4440673
5571409	10092827
5571409	10092834
5571409	10092885
5571409	10092890
5571409	10093615
5571410	4459683
5571411	2680423
5571412	3338033
5571412	7874292
5571413	3738832
5571413	5524431
5571414	3738832
5571414	3815263
5571414	5524430
5571415	3738832
5571415	5524431
5571416	3327618
5571416	5524426
5571416	5524429
5571417	3742650
5571418	5094976
5571419	37787
5571419	2306745
5571420	3327618
5571420	5524429
5571421	2663574
5571422	2610674
5571423	5185265
5571423	5524407
5571424	3148277
5571424	5524402
5571424	5524405
5571425	2373983
5571426	2373983
5571427	5524405
5571428	4196568
5571429	3148277
5571429	5524402
5571430	1563884
5571431	4450021
5571432	5524398
5571433	313428
5571435	313428
5571436	5524391
5571437	5524390
5571438	5524388
5571439	5524387
5571440	2958870
5571441	5524391
5571442	5524390
5571443	5524388
5571444	5524387
5571445	5569052
5571446	272138
5571447	1920574
5571448	1936543
5571449	5569052
5571450	5265432
5571450	5524372
5571450	10870923
5571450	13996232
5571451	3727924
5571452	1694587
5571453	3366425
5571454	657155
5571455	3728474
5571456	5081023
5571457	738221
5571458	2840069
5571459	5234852
5571460	5234758
5571461	538923
5571462	994823
5571463	3153851
5571464	2152755
5571465	2801167
5571466	2610947
5571467	24471
5571468	2447404
5571469	2761654
5571470	5526988
5571471	4954591
5571472	5100544
5571473	5526988
5571474	5100544
5571475	5100544
5571476	5100544
5571477	284520
5571478	5100544
5571479	5526990
5571480	5100544
5571481	1522624
5571481	11684087
5571481	11684090
5571481	11684098
5571481	11684099
5571482	3772786
5571483	3000373
5571484	3209296
5571485	5437078
5571486	3595733
5571487	4538175
5571488	31127
5571489	3286929
5571490	3286929
5571491	3286929
5571492	289417
5571493	3286929
5571494	2554369
5571495	696926
5571495	5915147
5571496	1105139
5571497	3291062
5571497	5232848
5571498	5524367
5571499	5524367
5571500	4015931
5571500	5524363
5571500	5524365
5571501	4015931
5571501	5524363
5571501	5524365
5571502	3772779
5571502	5999199
5571503	3823022
5571503	6029739
5571503	6029740
5571503	6029741
5571503	6029742
5571503	6029743
5571503	6029744
5571503	11616531
5571504	1938912
5571505	3772779
5571505	5571514
5571506	5524355
5571507	5524354
5571508	5231785
5571509	3396573
5571509	7966990
5571510	3396573
5571511	1327600
5571512	2557781
5571513	257744
5571513	2611894
5571513	5524350
5571514	5571505
5571514	5999199
5571515	5524350
5571516	5524344
5571516	8800509
5571517	1940437
5571518	59284
5571520	2932103
5571520	5524318
5571521	2932103
5571521	5524318
5571522	1742340
5571524	1773445
5571525	2707238
5571527	281665
5571528	3188789
5571528	6906378
5571529	687100
5571531	5524306
5571532	5524305
5571534	4011599
5571534	5524299
5571535	4011599
5571535	5524297
5571536	3184176
5571536	3429181
5571536	5524285
5571536	9124784
5571537	51681
5571538	5521752
5571539	1148281
5571539	2897148
5571539	4244873
5571539	11737270
5571540	4854672
5571541	1006008
5571542	289961
5571543	2686432
5571544	289961
5571545	289961
5571546	289961
5571547	1146489
5571547	2727286
5571548	1146489
5571548	2727286
5571549	3419585
5571550	2956061
5571550	5570832
5571550	5570833
5571551	3315276
5571551	5570831
5571551	6209546
5571551	6209547
5571551	8244540
5571551	10260579
5571551	10260580
5571552	3315276
5571552	5570830
5571552	6209546
5571552	6209547
5571553	3315276
5571553	5570829
5571554	1599956
5571556	1635557
5571556	8099584
5571557	5570826
5571558	5570828
5571559	2259191
5571560	4663571
5571560	5570820
5571561	451179
5571562	465537
5571563	5570817
5571564	466680
5571565	5570814
5571566	2740757
5571567	2547629
5571567	5570809
5571567	5570811
5571568	268653
5571569	518469
5571570	2147102
5571571	5570805
5571571	5616398
5571572	862771
5571573	2323273
5571573	4784027
5571573	8048357
5571574	293005
5571575	522440
5571576	5360716
5571576	6906380
5571577	3643362
5571578	2081539
5571579	3643362
5571580	506446
5571580	530025
5571581	1370411
5571582	534314
5571583	545139
5571584	3564116
5571585	545438
5571586	546503
5571587	4939865
5571587	6942076
5571588	546696
5571589	546964
5571590	2540361
5571591	4045260
5571592	547537
5571593	1390300
5571593	7992967
5571594	551823
5571595	289949
5571597	554105
5571598	554106
5571598	7225133
5571599	1868379
5571599	5570789
5571599	5570792
5571600	1868379
5571600	5570789
5571600	5570792
5571601	3066679
5571602	5572573
5571603	3772728
5571604	1868379
5571604	5570788
5571604	5570791
5571605	1868379
5571605	5570788
5571605	5570791
5571606	2535448
5571606	2535449
5571607	4382045
5571607	5570781
5571607	5570784
5571608	61716
5571608	4914332
5571609	1567064
5571610	61716
5571610	1004379
5571610	1383453
5571610	3162979
5571610	3322227
5571611	2996280
5571611	5570780
5571611	6044675
5571612	3885785
5571613	13668227
5571614	4406959
5571615	3772724
5571615	5282410
5571615	5999195
5571622	1529561
5571623	5160246
5571624	3780332
5571624	3780626
5571624	3780654
5571624	4057527
5571625	622475
5571626	5289442
5571627	1725078
5571628	5289442
5571629	1608467
5571629	1611153
5571630	3726454
5571630	5452160
5571631	1930534
5571632	3726454
5571633	2148288
5571634	2154988
5571635	2275590
5571636	2401919
5571637	2569957
5571638	2635247
5571639	5570990
5571640	2875555
5571641	2916973
5571642	5570988
5571643	4663881
5571644	5570992
5571645	5570987
5571645	5571647
5571646	3498365
5571647	5570987
5571647	5571645
5571648	5570987
5571649	1232266
5571649	1505586
5571649	1505589
5571649	13262873
5571650	5570987
5571651	3566486
5571652	644857
5571652	2595379
5571652	2595381
5571652	10010041
5571653	5572559
5571654	3769760
5571655	3932671
5571655	6954889
5571655	6954942
5571656	4036413
5571657	1297843
5571658	925220
5571658	1291994
5571658	9978953
5571659	4037837
5571660	4283407
5571661	4711061
5571662	4898353
5571663	1954634
5571663	1966145
5571663	1966147
5571664	2248918
5571664	8721686
5571664	10710424
5571664	10710425
5571665	2248918
5571665	10710424
5571665	10710425
5571666	4947313
5571667	4947338
5571668	37296
5571668	3902890
5571669	5051394
5571670	2380226
5571671	2380226
5571672	2380226
5571673	2380226
5571674	1886299
5571675	1886299
5571676	1886299
5571677	1886299
5571678	1886299
5571679	2732876
5571679	2732877
5571680	1886299
5571681	1886299
5571682	1886299
5571683	1575786
5571684	1575786
5571685	5289442
5571686	1866492
5571687	3126558
5571688	1874310
5571688	1876863
5571688	1877727
5571689	3126558
5571690	3126558
5571691	1451579
5571691	1991613
5571691	7700872
5571692	2582581
5571693	2548511
5571694	5571727
5571694	5571729
5571694	5571732
5571694	5571812
5571695	5571723
5571695	5571811
5571696	5571715
5571696	5571810
5571696	5572485
5571696	5576017
5571696	5602432
5571696	8631556
5571696	8631561
5571697	5571809
5571697	5572128
5571697	5572129
5571697	5572484
5571697	6385350
5571697	6385351
5571697	8597688
5571697	8597689
5571697	11069603
5571698	5571716
5571698	5571808
5571698	5572482
5571698	5583264
5571698	7744194
5571699	5571718
5571699	5571804
5571699	7418533
5571699	7418534
5571699	7418536
5571699	7418537
5571699	7960937
5571699	10946844
5571699	11654113
5571699	11654114
5571699	11654115
5571699	11654116
5571700	5571709
5571700	5571719
5571700	5571799
5571700	7772657
5571700	7772658
5571700	9427280
5571700	13803217
5571701	5571714
5571701	5571798
5571701	8437206
5571701	10364822
5571701	10486690
5571702	5571708
5571702	5571713
5571702	5571796
5571702	5583265
5571702	6369307
5571702	6369308
5571702	6653373
5571703	5571794
5571703	12350686
5571704	3730511
5571704	4718953
5571704	12547749
5571705	31640
5571706	1457372
5571707	31640
5571708	5571702
5571708	6653373
5571709	5571700
5571710	662630
5571711	2363290
5571712	1451537
5571713	5571702
5571713	6653373
5571714	5571701
5571715	5571696
5571715	8631556
5571715	8631561
5571716	5571698
5571717	19772
5571718	5571699
5571719	5571700
5571719	7350141
5571719	12530404
5571720	2660327
5571721	992914
5571721	9414666
5571722	301905
5571723	5571695
5571725	1292903
5571725	1292966
5571725	1423156
5571725	3115441
5571725	13786375
5571726	2477170
5571727	5571694
5571727	5621884
5571727	14003050
5571728	5570995
5571729	5571694
5571730	1700609
5571730	1701746
5571730	6874182
5571731	5411381
5571732	5571694
5571733	5411383
5571734	5411386
5571735	5411389
5571736	5570990
5571737	2543987
5571737	4046147
5571737	11560183
5571737	11562048
5571738	5570993
5571739	5411391
5571740	1423156
5571741	5570988
5571742	5570987
5571743	1423156
5571743	5653410
5571744	5570987
5571745	5570986
5571746	2751157
5571747	5565269
5571748	5565269
5571749	5565270
5571750	1225682
5571750	10010676
5571751	4604249
5571752	5565265
5571752	5857667
5571752	7697261
5571753	5565265
5571753	5857668
5571753	7697260
5571754	5565263
5571754	8500178
5571754	8500179
5571754	12618542
5571755	5570987
5571756	975930
5571756	2049377
5571757	5570987
5571758	1473446
5571759	2471552
5571760	5565261
5571761	2141002
5571762	2181955
5571763	5565259
5571764	5565258
5571765	1691462
5571766	1125243
5571766	1126355
5571767	1527911
5571768	2984428
5571769	5565251
5571770	5411397
5571771	5565252
5571772	5411685
5571773	4958603
5571774	275783
5571774	1243065
5571775	1010636
5571775	2012314
5571775	5379782
5571775	5571060
5571775	8252497
5571775	9621087
5571776	5565254
5571777	5411691
5571778	5571052
5571778	7789286
5571778	7789481
5571779	5411692
5571780	312295
5571781	2342381
5571781	4033136
5571781	5570680
5571782	5562512
5571783	5411693
5571784	5562508
5571785	5570677
5571785	5800756
5571785	6477281
5571786	5570645
5571787	1929645
5571787	5570643
5571787	6216563
5571788	5570628
5571788	5661658
5571789	5411698
5571790	1290039
5571790	5571797
5571791	485185
5571792	2115417
5571793	322335
5571794	5571703
5571795	1029606
5571796	5571702
5571797	5571790
5571798	5571701
5571799	5571700
5571800	3177985
5571801	3177985
5571802	3177985
5571803	3177985
5571804	5571699
5571805	3177985
5571806	3177985
5571807	313147
5571808	5571698
5571809	5571697
5571810	5571696
5571811	5571695
5571812	5571694
5571812	5621884
5571813	2941448
5571813	6174543
5571813	8326919
5571813	10631829
5571813	11180049
5571813	11180053
5571814	1822867
5571815	1864468
5571816	5181566
5571817	3009576
5571818	3009576
5571819	3772691
5571819	8816833
5571820	5749895
5571821	5181583
5571822	526230
5571822	526232
5571822	598039
5571822	598613
5571822	1118603
5571822	1118604
5571822	1980138
5571822	2596419
5571822	2597823
5571822	4523918
5571822	5572649
5571822	5657901
5571822	7452225
5571822	7916347
5571822	8280570
5571822	8450166
5571822	10153701
5571822	12758789
5571822	12758791
5571822	13640915
5571823	5181612
5571824	454607
5571825	5181616
5571825	5185774
5571825	5810765
5571826	821032
5571826	2122040
5571826	5523397
5571826	5571204
5571826	5572476
5571826	5572816
5571826	6003521
5571826	6069402
5571827	5181617
5571828	2376419
5571828	2376423
5571828	4398473
5571828	7793905
5571828	13305503
5571829	3772691
5571829	8816833
5571830	1455074
5571830	4575570
5571831	3772691
5571831	5338055
5571831	6062881
5571831	8816833
5571832	5562511
5571833	5565244
5571834	5181619
5571835	5565245
5571836	5565246
5571837	3287323
5571837	5565247
5571837	12930938
5571838	5241289
5571838	12996598
5571839	5182078
5571840	5565248
5571841	4317200
5571841	10714932
5571842	5565246
5571843	5182079
5571844	381017
5571845	5571925
5571845	11843268
5571846	5565249
5571846	5565811
5571846	5565825
5571847	2077373
5571847	2077374
5571848	5131382
5571849	1193057
5571850	5182084
5571851	1794909
5571852	5182085
5571854	5019889
5571855	2424383
5571855	10111422
5571856	1904012
5571856	5856651
5571857	2371476
5571858	1043534
5571858	1860392
5571859	4303115
5571859	4303190
5571860	5264963
5571861	5484916
5571862	424106
5571862	518758
5571863	5562506
5571864	5562505
5571865	5562505
5571865	13165888
5571866	530387
5571867	5562504
5571868	668964
5571869	4503570
5571869	6569256
5571870	1676910
5571871	2931402
5571872	545148
5571872	2071959
5571873	2368407
5571874	2411655
5571875	47306
5571875	862400
5571876	5364550
5571877	2570645
5571878	5364550
5571879	5364550
5571880	859901
5571881	410279
5571881	524581
5571882	4303191
5571883	4935735
5571884	1840722
5571885	1840722
5571886	1840722
5571887	1840722
5571888	1467131
5571888	4622091
5571889	1840722
5571890	1840722
5571891	1569709
5571892	4666285
5571892	10175800
5571893	5562502
5571893	5569605
5571894	1923954
5571895	2034612
5571896	3910287
5571897	2390334
5571898	640864
5571898	2620646
5571900	13192273
5571901	3878778
5571902	4229157
5571903	1995403
5571904	5562500
5571904	13229871
5571905	5182088
5571906	1204004
5571907	962733
5571907	1678852
5571907	13300976
5571908	5182090
5571909	1352273
5571909	2069127
5571910	630176
5571911	630176
5571912	3355170
5571913	4622806
5571914	1521880
5571915	2538638
5571915	2977658
5571916	1916315
5571916	2111962
5571916	7349101
5571916	7814261
5571917	1925211
5571918	3007008
5571918	3007010
5571919	1808248
5571920	3640803
5571921	4128417
5571922	1776101
5571922	1837732
5571923	1801445
5571924	1422745
5571924	6917153
5571925	5571845
5571925	9199671
5571925	9199672
5571926	5570710
5571927	48253
5571927	623403
5571928	752743
5571928	3506432
5571928	5572648
5571928	5575678
5571928	7684311
5571928	9937413
5571928	9937414
5571928	9983511
5571928	10280211
5571928	11123644
5571929	456543
5571929	456544
5571930	2911793
5571931	5570708
5571932	5570707
5571933	473620
5571934	5570252
5571935	3989144
5571936	3330614
5571936	11698105
5571937	3330614
5571938	3170761
5571939	245317
5571939	662363
5571940	245317
5571940	662363
5571941	4918768
5571942	245317
5571942	662363
5571943	5569528
5571944	5569528
5571945	5374489
5571945	9816795
5571946	5569529
5571947	5374489
5571948	5374489
5571949	2224983
5571950	2114463
5571950	5572115
5571950	13989037
5571951	3599143
5571952	2540529
5571953	2713111
5571954	2713111
5571955	4014532
5571956	4014532
5571957	4014532
5571958	4969829
5571959	4499753
5571959	5571961
5571959	5571967
5571960	1950874
5571961	4499753
5571961	5571959
5571962	1580342
5571962	5572109
5571963	4591303
5571963	8502619
5571964	2137075
5571964	5572106
5571964	12203734
5571964	12203751
5571965	1360547
5571966	5571969
5571966	5571971
5571966	5571980
5571966	5571984
5571966	5571991
5571966	5572361
5571966	5572807
5571966	10815361
5571966	11223403
5571966	14025812
5571966	14025815
5571966	14025816
5571966	14025818
5571966	14025819
5571966	14025820
5571966	14025822
5571967	4499753
5571967	5571959
5571968	3598762
5571969	5571966
5571970	5509217
5571971	5571966
5571972	1290109
5571972	1404548
5571973	5289118
5571973	8096787
5571974	3575481
5571975	3575481
5571976	3575481
5571977	4489139
5571977	5539359
5571977	5539362
5571977	5539363
5571978	1395563
5571978	1395568
5571979	3973994
5571979	8061032
5571979	8061033
5571980	5571966
5571981	921317
5571982	5215615
5571982	5380421
5571983	4447435
5571984	5571966
5571985	5562498
5571985	5572104
5571986	5492292
5571987	4963240
5571988	2662955
5571989	2662955
5571990	643677
5571991	5571966
5571992	5375569
5571993	2525259
5571993	2692818
5571993	6668217
5571994	2525259
5571994	2692818
5571994	6668218
5571995	2548687
5571996	2548687
5571997	2548687
5571998	2548687
5571999	2548687
5572000	2548687
5572001	2548687
5572002	3724871
5572002	5572097
5572003	2548687
5572004	5271214
5572005	1542534
5572006	5399659
5572007	3820287
5572008	1843155
5572009	5556840
5572009	5572013
5572009	6089330
5572010	2548061
5572011	24932
5572012	24932
5572013	5572009
5572014	5492292
5572015	252233
5572015	1256365
5572015	4892109
5572015	7788938
5572015	7842688
5572016	4221807
5572017	5256594
5572017	8189716
5572018	4853369
5572018	5933965
5572019	4594386
5572020	1900973
5572021	5072647
5572022	19318
5572022	650700
5572022	5047284
5572023	5373444
5572024	4037351
5572024	5344133
5572024	9250967
5572025	5047982
5572026	1364022
5572027	1364022
5572028	1936853
5572029	5280984
5572030	5280984
5572031	5280984
5572032	5280984
5572033	5298870
5572033	7423240
5572034	5535139
5572035	5298870
5572035	7423240
5572036	5298870
5572037	5298870
5572038	887218
5572038	4758199
5572038	8836052
5572039	19306
5572040	1331243
5572041	27780
5572042	27780
5572043	27780
5572044	27780
5572045	4391420
5572045	4445413
5572045	4878108
5572045	5012262
5572045	8662887
5572045	10265749
5572046	32785
5572047	51297
5572048	51297
5572049	51297
5572050	51297
5572051	4321588
5572052	51297
5572053	51297
5572054	69428
5572055	69428
5572056	4134818
5572057	69428
5572058	69428
5572059	69428
5572060	5571185
5572060	5572817
5572060	6178270
5572061	69428
5572062	4856878
5572063	254000
5572063	11159827
5572064	3983889
5572064	3987887
5572064	5552368
5572064	5552659
5572064	5552661
5572064	6370928
5572065	254000
5572065	11159827
5572066	3817995
5572066	3828293
5572066	5296044
5572066	11763680
5572067	3817995
5572067	5296044
5572067	5572072
5572067	5572076
5572067	6468030
5572068	2077054
5572069	3817995
5572069	5296044
5572069	6468030
5572070	2077054
5572071	5571127
5572071	5572328
5572071	5572470
5572071	5572647
5572071	8337539
5572072	5572067
5572073	5570884
5572073	5584370
5572074	5570884
5572074	5584368
5572075	5570893
5572075	5584367
5572076	5572067
5572077	3652133
5572077	5552228
5572078	2563676
5572079	2184857
5572079	3904315
5572080	2184857
5572080	3904315
5572081	2184857
5572081	3904315
5572082	3904314
5572082	7274103
5572083	3904314
5572083	7274103
5572084	3904314
5572084	7274103
5572085	5558985
5572086	2118866
5572086	2707025
5572086	10524829
5572087	255995
5572087	484680
5572088	255995
5572088	484680
5572089	288986
5572089	4696091
5572089	5572093
5572089	5572094
5572089	5572095
5572089	5572096
5572090	255995
5572090	484680
5572091	255995
5572091	484680
5572092	5342773
5572093	5572089
5572094	5572089
5572095	5572089
5572096	5572089
5572097	5572002
5572098	2373415
5572099	256898
5572099	689189
5572100	4311161
5572100	4311357
5572101	256898
5572101	689189
5572102	256898
5572102	689189
5572102	10091420
5572103	256898
5572103	689189
5572104	5571985
5572105	301855
5572106	5571964
5572107	301855
5572108	4404179
5572109	1580189
5572109	5571962
5572110	2012127
5572110	2466427
5572111	2012127
5572111	2466427
5572112	2012127
5572112	2466427
5572113	2012127
5572113	2466427
5572114	2012127
5572114	2466426
5572115	5571950
5572115	11226873
5572116	2012127
5572116	2466426
5572117	678719
5572117	7073309
5572118	2561305
5572118	2561307
5572119	4811824
5572120	4492580
5572121	5570778
5572122	5570777
5572122	5570778
5572122	7896710
5572123	5151879
5572124	4585079
5572125	5531176
5572125	5531198
5572126	3669988
5572128	5571697
5572129	5571697
5572129	6385350
5572129	6385351
5572130	2534709
5572131	1495886
5572132	5415882
5572133	2505300
5572134	1026704
5572135	1026704
5572136	3517010
5572137	3910672
5572137	9337586
5572138	3910672
5572138	9337586
5572139	3910672
5572139	9337586
5572140	5237221
5572141	3910671
5572141	9337559
5572142	3910671
5572142	9337559
5572143	3910671
5572143	9337559
5572144	4594182
5572144	6063812
5572144	7959354
5572144	8737562
5572144	8737571
5572145	1935449
5572145	3911663
5572146	1935449
5572147	4594182
5572148	1935449
5572148	3911663
5572149	1935450
5572149	3911662
5572149	8293325
5572150	5299471
5572150	13422107
5572151	1935450
5572151	3911662
5572152	1935450
5572152	3911662
5572153	5389778
5572153	12126567
5572154	5389776
5572154	5389778
5572155	1965972
5572155	4960874
5572156	3793210
5572157	5377473
5572157	5377474
5572158	410596
5572158	1003687
5572159	442935
5572160	495626
5572160	721680
5572160	721684
5572161	495626
5572161	721680
5572161	721684
5572162	495626
5572162	721680
5572163	1028364
5572163	5801111
5572164	1028364
5572164	5801111
5572165	1898345
5572165	5987483
5572166	1898345
5572167	1898345
5572167	5987484
5572168	1008835
5572168	1013024
5572169	2007790
5572169	4763011
5572169	6151257
5572170	4564078
5572171	944674
5572172	3374692
5572173	3374692
5572174	4839221
5572175	550585
5572175	1566433
5572175	3111492
5572175	7788938
5572176	550585
5572176	1566433
5572176	3111492
5572176	7788938
5572177	4855500
5572178	616295
5572178	5572327
5572179	616295
5572179	5572327
5572180	2006609
5572181	2006609
5572182	19300
5572182	4571992
5572182	11023685
5572183	19319
5572184	5060110
5572185	19323
5572186	19323
5572188	4983112
5572189	3945326
5572190	2007848
5572191	23046
5572191	822427
5572191	1752276
5572192	23046
5572192	822427
5572192	1752276
5572193	23046
5572193	1752276
5572194	23046
5572194	1752276
5572195	2007854
5572196	2007854
5572197	4720443
5572198	2007916
5572199	2249534
5572200	5405847
5572201	3824172
5572201	5350960
5572201	5350961
5572201	5350964
5572201	5350966
5572202	2259034
5572202	10119583
5572203	3914086
5572203	4638578
5572203	9776653
5572204	3914086
5572204	7900818
5572204	9776653
5572205	3914086
5572205	7900818
5572205	9776653
5572206	3919926
5572207	3919926
5572208	3919926
5572209	3919925
5572210	3919925
5572211	3919925
5572212	1184177
5572213	4878874
5572214	1184177
5572215	2471846
5572216	2471846
5572217	1053877
5572218	2471846
5572219	578813
5572220	2649126
5572220	9331083
5572221	5570989
5572222	5570989
5572223	5572226
5572224	3723384
5572225	3723384
5572226	5572223
5572226	5572227
5572227	5572226
5572230	1476749
5572230	9843795
5572231	4647220
5572232	1476749
5572232	9843796
5572233	4647220
5572234	4647220
5572235	4647219
5572236	4647219
5572237	4647219
5572238	2144666
5572240	2891687
5572241	2891687
5572242	2891687
5572243	2891687
5572244	2891687
5572245	2891687
5572246	1488805
5572246	1488819
5572246	1488924
5572246	1897597
5572247	3726111
5572247	6480797
5572248	3726029
5572249	3726029
5572250	3726029
5572251	3726029
5572252	3012339
5572252	5918292
5572253	3012339
5572253	5918292
5572254	3012339
5572255	3171253
5572256	3171253
5572257	3171253
5572258	3334021
5572259	3334021
5572260	3334021
5572261	3911663
5572262	3913204
5572263	2595381
5572264	3736739
5572264	3762499
5572264	7248399
5572265	3913205
5572266	3913204
5572267	3913204
5572268	3913205
5572269	3913205
5572270	3913570
5572271	3913570
5572272	3913570
5572273	3913570
5572274	3913570
5572275	3723104
5572276	3913570
5572277	3913571
5572278	3913571
5572279	3913571
5572280	3723225
5572281	3913572
5572282	3913572
5572283	3913572
5572284	1468427
5572284	1470235
5572285	1468427
5572285	1470236
5572286	3991317
5572287	3991317
5572288	400311
5572288	4397600
5572289	4397600
5572290	4397600
5572291	499588
5572292	5571359
5572293	3721612
5572293	13262859
5572294	3721612
5572295	280749
5572296	289239
5572297	289239
5572298	306362
5572299	306362
5572300	306362
5572301	306362
5572302	378543
5572303	378543
5572304	431680
5572305	431680
5572306	431680
5572307	431680
5572308	431680
5572309	431680
5572310	431680
5572311	1428539
5572311	4539586
5572311	6297346
5572311	6743305
5572312	431680
5572313	431680
5572314	431680
5572315	3721858
5572316	431680
5572317	431680
5572318	302861
5572319	302861
5572320	1329084
5572322	1580107
5572322	4799208
5572322	6431086
5572322	7106454
5572322	10150538
5572323	1580107
5572323	4799208
5572323	6431086
5572323	10150538
5572326	5561473
5572327	616295
5572327	5572178
5572327	5572179
5572328	5572071
5572328	5572378
5572329	5568680
5572330	751751
5572330	5578778
5572330	5579571
5572330	6533764
5572330	6533765
5572331	582849
5572332	3438239
5572332	5578766
5572332	6167765
5572333	3536138
5572333	10815463
5572334	3536138
5572335	5568680
5572335	5572376
5572335	5678463
5572336	3154034
5572337	3154034
5572338	3089305
5572339	3089305
5572340	3722514
5572341	2955792
5572342	5572343
5572342	5572344
5572342	5572349
5572342	5572360
5572342	5572465
5572342	5579607
5572342	5716132
5572342	6537005
5572342	6538898
5572342	9022581
5572342	13631672
5572343	5572342
5572343	5572465
5572343	5716132
5572343	13631672
5572343	13631717
5572344	5572342
5572345	7466931
5572345	7468129
5572345	8337537
5572345	10263444
5572346	6322906
5572346	6323378
5572346	6323381
5572347	5913884
5572348	13781487
5572349	5572342
5572349	6538898
5572351	6559513
5572351	6560366
5572352	13309526
5572353	6323949
5572353	6325564
5572353	6325569
5572353	6325575
5572354	5926328
5572355	5912597
5572355	5912598
5572355	10346186
5572355	10987842
5572355	10987843
5572355	12285159
5572356	8337916
5572357	6595570
5572358	7422652
5572358	9539980
5572358	13772974
5572359	1895584
5572360	5572342
5572360	5716132
5572360	13631672
5572360	13631717
5572360	13706921
5572361	5571966
5572362	4609531
5572362	8670013
5572363	255982
5572364	3727136
5572365	1312184
5572365	2056630
5572365	7694434
5572366	1633608
5572367	2026377
5572368	5955695
5572369	3162085
5572370	2241022
5572370	10753558
5572371	5930815
5572371	5933923
5572371	11273531
5572372	5889560
5572373	601209
5572374	2364851
5572375	1309334
5572375	5303325
5572376	5568680
5572376	5572335
5572377	7525522
5572378	5572328
5572379	320806
5572381	5564570
5572382	1143050
5572383	1053862
5572383	8983697
5572383	8983699
5572383	10883422
5572383	11529718
5572384	3142957
5572385	6763426
5572386	36836
5572388	5379252
5572389	36836
5572390	2486560
5572391	26123
5572392	2145865
5572393	34393
5572394	1462981
5572395	1954699
5572395	1967485
5572395	7763306
5572396	2348106
5572398	5572405
5572399	2537318
5572400	3123418
5572402	593655
5572404	719460
5572405	5572398
5572406	899111
5572408	1550037
5572410	2137611
5572412	53049
5572414	3842390
5572415	5471685
5572415	6777665
5572415	10460663
5572417	262001
5572418	433381
5572418	7122095
5572419	890884
5572420	2445364
5572420	4974314
5572421	5311648
5572422	2293568
5572422	13592513
5572423	2042023
5572424	3153892
5572425	4468488
5572426	33801
5572427	3591779
5572428	280062
5572429	4011549
5572430	4011549
5572432	4628676
5572435	4728210
5572436	1096122
5572437	1740358
5572438	6761619
5572438	6767243
5572438	6767523
5572439	5280580
5572440	2719676
5572441	5572444
5572444	5572441
5572446	5323462
5572447	2547234
5572447	3881392
5572447	5027980
5572447	5029897
5572449	2547234
5572450	2349840
5572451	2775011
5572451	2775016
5572452	2895079
5572454	5572766
5572454	5572770
5572454	6594697
5572455	3209828
5572456	4057743
5572456	5572765
5572457	471422
5572458	5572764
5572459	5299661
5572459	5299663
5572459	9461667
5572460	4075358
5572461	3430761
5572462	2464926
5572462	8917726
5572463	2234120
5572463	4578457
5572463	5143795
5572463	5590696
5572463	8240849
5572463	8241250
5572464	5299661
5572464	5299664
5572464	9461669
5572465	5572342
5572465	5572343
5572465	6537005
5572465	9022581
5572465	13631672
5572466	5299767
5572467	1954699
5572467	5572763
5572467	7763305
5572468	1954699
5572468	1967486
5572468	5572761
5572468	7763305
5572469	5572471
5572470	5572071
5572471	5572469
5572471	14018089
5572472	1967485
5572472	5572762
5572473	4902046
5572474	1967486
5572474	5572761
5572475	5299830
5572476	5571826
5572477	2046761
5572477	5369613
5572477	5370182
5572477	13459194
5572478	5386541
5572479	5382468
5572479	5382470
5572479	12882672
5572480	3400134
5572481	5375266
5572482	5571698
5572483	5299834
5572484	5571697
5572485	5571696
5572486	3785197
5572486	5252967
5572486	13197852
5572487	4549914
5572488	5299838
5572489	2415868
5572490	5299962
5572492	2643402
5572493	2775530
5572493	5572760
5572494	3486566
5572495	5572497
5572496	5300267
5572497	5572495
5572498	5300268
5572499	2944605
5572500	5300484
5572501	2775529
5572501	5572759
5572502	5300486
5572503	5293281
5572504	4481498
5572505	5300487
5572506	27967
5572506	5572757
5572507	27967
5572507	5572757
5572508	274213
5572508	963875
5572508	7469951
5572508	10742477
5572509	5300489
5572510	3619705
5572510	5359245
5572511	12539
5572511	40692
5572513	5300493
5572514	5366409
5572515	4096573
5572515	8076116
5572516	5300498
5572517	5572755
5572518	5300511
5572518	8225100
5572519	5318618
5572520	1116942
5572521	5572752
5572521	7947820
5572522	2037745
5572523	5572750
5572524	5572747
5572524	5968467
5572525	5300515
5572526	3549934
5572527	5572744
5572528	5572740
5572529	3648695
5572531	3619169
5572531	5572739
5572532	1868244
5572532	2094491
5572532	5380398
5572532	5380400
5572532	5714431
5572532	8958675
5572533	3620213
5572534	1342910
5572535	1342910
5572536	1342910
5572536	8854717
5572537	51318
5572537	1343733
5572537	5572738
5572537	6921453
5572538	5572737
5572539	2821693
5572540	2273656
5572541	5572736
5572541	5913779
5572541	11359249
5572542	5572735
5572542	5930784
5572542	5930788
5572543	3577035
5572544	14670
5572545	5572733
5572545	6462531
5572545	6462537
5572545	13452217
5572546	3592870
5572547	5572730
5572548	3548595
5572549	5319754
5572550	5565244
5572551	3427826
5572551	12631078
5572551	13562484
5572552	3999998
5572552	7466900
5572552	7867773
5572553	1022732
5572554	3723504
5572554	5319756
5572555	5572729
5572557	2273705
5572557	3592875
5572557	3679312
5572558	1331830
5572558	5572725
5572559	5571653
5572560	3592907
5572560	5572723
5572561	5572722
5572561	6322899
5572561	6323401
5572561	6323427
5572562	3592909
5572562	5572721
5572562	5861954
5572562	5861955
5572563	829421
5572564	3862639
5572565	5322505
5572566	1334618
5572566	5082686
5572566	7714148
5572566	10984236
5572567	1334618
5572568	4234003
5572569	5572720
5572570	2213641
5572570	2218698
5572570	2218699
5572570	2218701
5572570	4381266
5572570	4381268
5572570	9387668
5572570	9450030
5572570	9450041
5572570	9450043
5572571	5322179
5572572	5322179
5572573	5571602
5572574	2642093
5572575	5572719
5572575	5890073
5572576	3642734
5572577	5571288
5572578	3436802
5572578	5304987
5572579	1523338
5572580	4488657
5572581	5572718
5572582	4601524
5572583	3728361
5572584	3213894
5572585	3511765
5572586	3511765
5572587	1742791
5572588	5445622
5572589	5397488
5572590	1943460
5572591	5242292
5572592	333481
5572592	606576
5572592	723178
5572592	917309
5572593	5242291
5572594	5571271
5572595	2685917
5572596	2685917
5572597	2663510
5572598	4402001
5572599	5410386
5572601	5300515
5572603	5572717
5572603	5930675
5572603	5930677
5572603	9051998
5572603	10718999
5572603	10719000
5572604	5572716
5572605	5572716
5572606	5569508
5572607	5568134
5572607	5568644
5572608	5568116
5572609	5572715
5572610	5571053
5572611	3417320
5572612	1318440
5572613	1318440
5572614	1318440
5572615	5570972
5572616	5570923
5572616	5572675
5572616	10252907
5572617	5572618
5572617	5986460
5572618	5572617
5572618	5572714
5572618	5986461
5572619	1275469
5572619	5572673
5572620	1275469
5572620	5572674
5572621	1275469
5572621	5572673
5572622	5570971
5572622	5972912
5572623	5570971
5572624	5570971
5572625	5570918
5572626	5570915
5572627	623916
5572628	4865162
5572629	3444544
5572629	3843218
5572630	5135732
5572631	3349491
5572632	1280493
5572632	5858309
5572632	10526413
5572632	12003733
5572632	13260591
5572633	5277813
5572634	3447166
5572634	5572663
5572635	28067
5572636	5559234
5572636	6672342
5572636	7088749
5572636	7482770
5572636	8325917
5572636	10461324
5572637	639757
5572638	5288993
5572639	4060722
5572640	818046
5572641	818046
5572642	2267895
5572643	1244807
5572643	7967948
5572643	10871784
5572644	1244807
5572644	7967949
5572645	1244807
5572645	2549811
5572646	1244807
5572646	12294204
5572646	13829267
5572646	13829272
5572647	5572071
5572648	5571928
5572648	9983511
5572649	5571822
5572649	8280570
5572650	5570714
5572651	5570706
5572652	2412870
5572652	5584363
5572653	5571067
5572653	5576270
5572653	10874091
5572653	10874093
5572654	1736626
5572654	2923573
5572654	2923589
5572654	2923591
5572654	5578117
5572654	10215038
5572654	10215039
5572654	10215040
5572654	10215041
5572654	12028978
5572654	12028979
5572654	12028980
5572656	5572658
5572657	2882736
5572657	5584360
5572657	13750350
5572657	13750352
5572658	5572656
5572659	3221298
5572659	5584361
5572660	1372548
5572660	5578762
5572661	1372548
5572661	3954515
5572662	4841802
5572663	5572634
5572664	139386
5572665	139386
5572666	646641
5572667	1109388
5572668	4890957
5572669	5393662
5572670	4469398
5572671	5244720
5572672	4481450
5572673	5572619
5572673	5572621
5572674	5572620
5572675	5570923
5572675	5572616
5572675	6175248
5572676	3439656
5572676	6667440
5572677	3448923
5572678	5390951
5572679	3598486
5572680	4614564
5572681	4614564
5572682	5368258
5572683	4646696
5572684	4668834
5572684	4693227
5572684	4890892
5572684	4892161
5572684	5998523
5572685	706992
5572685	5510383
5572686	5572687
5572687	5572686
5572688	2252848
5572689	2946027
5572689	3141040
5572689	8411861
5572690	5572692
5572691	3427770
5572692	5572690
5572693	1132191
5572693	1228870
5572693	5227047
5572693	10346617
5572694	4009082
5572695	5572696
5572696	5572695
5572697	3361483
5572698	2306665
5572698	2306801
5572698	2307713
5572698	2324882
5572698	7307018
5572699	3439751
5572699	3610904
5572700	1277027
5572700	4559229
5572700	5603917
5572700	5628195
5572700	12574820
5572701	3492687
5572702	3731345
5572703	4586004
5572704	3439458
5572705	3439458
5572706	3439458
5572706	3610076
5572707	251107
5572709	5578763
5572710	1216330
5572710	11451010
5572711	3439642
5572712	345645
5572712	475826
5572712	476382
5572713	3436583
5572713	8965660
5572714	5572618
5572714	5986461
5572715	5572609
5572716	5572604
5572716	5572605
5572717	5572603
5572718	5572581
5572719	5572575
5572720	5572569
5572721	5572562
5572722	5572561
5572722	6322899
5572722	6323399
5572722	6323427
5572722	9480543
5572723	5572560
5572724	3251708
5572725	5572558
5572726	4057117
5572727	4588426
5572728	4134784
5572729	5572555
5572730	5572547
5572731	5279596
5572732	2291674
5572733	5572545
5572733	6462531
5572733	6462537
5572734	2315138
5572735	5572542
5572736	5572541
5572736	5913779
5572737	5572538
5572738	5572537
5572739	5572531
5572740	5572528
5572741	4664745
5572742	4801958
5572743	2400188
5572744	5572527
5572745	2209643
5572746	1895628
5572746	9712982
5572747	5572524
5572747	5968467
5572748	3826983
5572749	2407917
5572750	5572523
5572751	801146
5572752	5572521
5572753	3881960
5572753	5660282
5572754	4501075
5572754	10544140
5572755	5572517
5572756	4501075
5572757	5572506
5572757	5572507
5572758	4935635
5572759	5572501
5572760	2775530
5572760	5572493
5572760	13285293
5572761	5572468
5572761	5572474
5572762	5572472
5572763	5572467
5572764	5572458
5572765	5572456
5572765	7917164
5572765	7929908
5572766	5572454
5572766	5572770
5572767	1868225
5572767	8492160
5572768	5008024
5572768	5008511
5572768	5008512
5572769	5008024
5572769	5008511
5572769	5008512
5572770	5572454
5572770	5572766
5572771	1494219
5572771	1494290
5572771	1494607
5572771	1693112
5572771	1693123
5572771	2024027
5572771	3537959
5572771	6006710
5572772	2407482
5572773	2919389
5572774	2919389
5572775	5572806
5572775	7316842
5572776	5405851
5572777	2031211
5572777	5573420
5572778	4678930
5572778	5573419
5572778	11041592
5572780	1358017
5572780	5573418
5572781	1028752
5572781	5572782
5572782	1028752
5572782	5572781
5572783	136171
5572783	248012
5572783	5573417
5572783	12309347
5572785	5494790
5572785	5573415
5572786	4065610
5572786	5573413
5572786	13882493
5572787	5579216
5572787	5601875
5572787	5689777
5572787	9360327
5572787	13259063
5572788	5572805
5572788	6464173
5572788	6464174
5572790	5573328
5572790	6760641
5572791	5572798
5572791	5579218
5572791	5579219
5572791	5698086
5572792	5573325
5572793	5572802
5572793	5572803
5572793	5579217
5572793	5814472
5572793	7826962
5572793	9379034
5572793	10650716
5572793	11066499
5572793	11120523
5572793	13361544
5572794	5572801
5572794	8440251
5572795	5572800
5572795	6594736
5572795	8023529
5572795	8023530
5572795	12307691
5572796	5572799
5572797	1426851
5572798	5572791
5572799	5572796
5572800	5572795
5572801	5572794
5572802	5572793
5572803	5572793
5572804	3155847
5572805	5572788
5572806	5572775
5572807	5571966
5572807	14025812
5572808	5570729
5572809	5570703
5572810	5570690
5572811	5570005
5572812	5570003
5572813	5569939
5572814	5569801
5572815	5569746
5572816	5571826
5572817	5572060
5572820	5568164
5572821	5568134
5572822	707195
5572822	7681778
5572822	7853241
5572823	464308
5572823	464312
5572824	5573324
5572824	7366399
5572824	8023529
5572824	8023530
5572825	5572832
5572825	8036170
5572826	5573322
5572826	5579606
5572826	8036170
5572827	2203827
5572829	2203830
5572829	5414893
5572829	7924855
5572830	5573319
5572830	7221868
5572830	9452184
5572831	5572839
5572831	5579220
5572831	5621530
5572832	5572825
5572833	5572838
5572834	3738419
5572835	3738420
5572836	3738423
5572837	5573315
5572837	5805655
5572837	9009613
5572838	5572833
5572839	5572831
5572840	3738407
5572841	3738406
5572842	3738427
5572843	3738428
5572843	11089169
5572844	3738404
5572845	3738429
5572846	3738403
5572847	3738401
5572847	9608679
5572848	3738430
5572849	3738400
5572850	3738431
5572850	12852576
5572851	3738398
5572852	3738432
5572853	3738396
5572854	3738433
5572855	2407917
5572855	5999192
5572856	2407917
5572857	2407917
5572858	2642581
5572858	3938377
5572859	3417543
5572859	5573620
5572859	5824144
5572860	3818794
5572860	5572868
5572860	10997756
5572861	2541468
5572861	13242663
5572862	1678951
5572862	2541468
5572862	12559242
5572862	13705883
5572863	3415438
5572863	5572867
5572863	5639318
5572864	3415438
5572864	5572867
5572865	3415438
5572865	5585326
5572865	5639318
5572866	3970816
5572866	12697254
5572866	12697255
5572867	3415438
5572867	5572863
5572867	5572864
5572868	3818794
5572868	5572860
5572868	6599321
5572869	3368203
5572869	5585323
5572869	5707702
5572869	5707703
5572869	5707705
5572869	5707706
5572869	5707707
5572869	5707708
5572869	13324656
5572870	3310850
5572870	3310851
5572870	4293663
5572870	7996465
5572870	9283429
5572871	3310850
5572871	3310851
5572871	4293663
5572871	5673590
5572871	7996465
5572871	9283429
5572872	2958043
5572872	5585316
5572872	5585318
5572872	5880405
5572872	5880407
5572873	3826246
5572873	4569611
5572873	5594892
5572873	7848469
5572873	8323858
5572873	8323859
5572874	3826246
5572874	4569611
5572875	2275881
5572875	5585314
5572875	6360458
5572875	7554119
5572875	7554120
5572876	4945638
5572876	4948341
5572876	9038253
5572876	9952260
5572877	4945638
5572877	7125828
5572877	9952260
5572877	11165089
5572878	4133465
5572878	5679589
5572878	7279718
5572878	10152232
5572879	4494193
5572879	5585312
5572879	5585313
5572879	8688900
5572879	11935581
5572880	2014301
5572880	2627711
5572880	2627713
5572881	2014301
5572881	5585309
5572881	5787011
5572881	5787012
5572881	5787013
5572881	5787014
5572881	5787015
5572881	5787017
5572882	3359951
5572882	5585304
5572882	5585307
5572882	5932781
5572883	3359951
5572883	5585303
5572883	5585306
5572883	5932781
5572883	10997757
5572883	10997758
5572883	13454277
5572883	13454279
5572884	2237009
5572884	3780496
5572884	5098906
5572884	5573590
5572884	5585300
5572884	6909587
5572884	6909589
5572884	9786893
5572885	2712815
5572885	5585296
5572885	5585298
5572886	2712815
5572886	5585299
5572886	5744667
5572886	7281756
5572887	3733838
5572887	6308032
5572887	7052489
5572887	7052490
5572887	7052491
5572888	4749997
5572889	1026092
5572889	1493263
5572889	1640082
5572889	4896545
5572889	11556478
5572890	2649168
5572890	5671181
5572890	7318693
5572890	7318696
5572890	12548214
5572891	2649168
5572891	5671181
5572891	7318702
5572891	12548215
5572892	3200346
5572892	5576291
5572893	3200346
5572893	5576291
5572894	3907885
5572895	3907885
5572896	3907884
5572897	3907884
5572898	3907883
5572898	13802858
5572899	3907883
5572899	13802858
5572900	3907883
5572901	3907883
5572902	3907883
5572903	3907883
5572904	3907883
5572904	13802858
5572905	3907883
5572905	13802858
5572906	3907882
5572907	3907882
5572907	12553343
5572907	12553344
5572908	3907882
5572909	3907882
5572910	3907882
5572911	3907882
5572912	3907882
5572913	3907882
5572914	3907882
5572915	3907882
5572916	3907882
5572917	3907883
5572917	13824667
5572918	3907883
5572918	13802860
5572919	3907883
5572920	3907883
5572921	3907886
5572922	3907886
5572923	3907886
5572924	3907886
5572925	5524613
5572926	3907886
5572927	3907886
5572928	3907886
5572929	3907886
5572930	3907886
5572931	3907886
5572932	3907881
5572932	13802227
5572933	3907881
5572933	13802229
5572934	3907881
5572934	9513329
5572934	13802229
5572935	3907880
5572935	13738441
5572936	3907880
5572936	13738441
5572937	3907880
5572937	13738442
5572938	5476819
5572938	8626098
5572939	3907879
5572939	13751761
5572940	3907879
5572940	13751761
5572941	3907879
5572941	13751727
5572942	3907879
5572942	9469296
5572942	9469300
5572942	13754046
5572943	3907879
5572943	6725117
5572943	13751727
5572944	3907879
5572944	13751727
5572945	3907908
5572946	3907908
5572947	3907908
5572948	3907907
5572949	3907907
5572950	3907907
5572951	3907911
5572952	3907911
5572953	3907911
5572954	3907910
5572955	3907910
5572956	3907910
5572957	3907909
5572958	3907909
5572959	3907909
5572960	3907909
5572961	3907909
5572962	3907909
5572963	3907938
5572964	3907938
5572965	3907938
5572966	3907937
5572967	3907937
5572968	3907937
5572969	3907937
5572970	3907937
5572971	3907937
5572972	3907939
5572972	8243646
5572972	8243647
5572973	3907939
5572974	3907939
5572975	3907972
5572975	13788481
5572976	3907972
5572976	13802875
5572977	3907972
5572977	13823095
5572978	3907971
5572978	13821086
5572979	3907971
5572979	13788302
5572980	3907971
5572980	13788303
5572981	3907970
5572982	3907970
5572983	3907970
5572984	3907970
5572985	3907970
5572986	3907970
5572987	3907969
5572988	3907969
5572989	3907969
5572989	8133373
5572990	3907968
5572991	3907968
5572992	3907968
5572993	3907967
5572994	3907967
5572995	3907967
5572995	10163399
5572996	3907967
5572997	3907967
5572998	3907967
5572999	3908077
5573000	3908077
5573000	8133407
5573000	8133409
5573000	8450338
5573001	3908076
5573002	3908076
5573003	3908075
5573004	3908075
5573005	3908075
5573006	3908075
5573007	3908074
5573007	13746732
5573008	3908073
5573008	9111007
5573008	13740961
5573009	3908078
5573010	3908078
5573011	3908078
5573012	3908078
5573013	3908078
5573014	3908078
5573015	3908079
5573016	3908079
5573017	3908079
5573017	8453319
5573018	3908080
5573019	3908080
5573020	3908080
5573020	10163470
5573021	3908084
5573022	3908084
5573023	3908085
5573024	3908086
5573025	3908127
5573026	3908127
5573027	3908127
5573027	7280792
5573027	7280794
5573027	7280796
5573028	3908126
5573029	3908126
5573030	3908126
5573030	10205743
5573031	3908125
5573032	3908125
5573033	3908125
5573034	3908125
5573035	3908125
5573036	3908125
5573037	3908212
5573037	13761235
5573038	3908212
5573038	13730896
5573039	3908211
5573039	13730807
5573040	3908211
5573040	9935005
5573040	13760400
5573041	3908210
5573041	13735042
5573042	3908210
5573042	13735042
5573043	3908210
5573043	13735042
5573044	3908210
5573044	13735042
5573045	3908246
5573046	3908246
5573046	9666450
5573047	3908245
5573047	9666376
5573048	3908245
5573049	3908244
5573050	3908244
5573051	3908244
5573052	3908244
5573053	3908240
5573053	4542460
5573053	9569000
5573053	13730947
5573054	3908240
5573054	13730947
5573055	3908239
5573055	13723152
5573056	3908239
5573056	13730927
5573057	3908238
5573057	13736440
5573058	3908238
5573058	13736440
5573059	3908238
5573059	13736440
5573060	3908238
5573060	13736440
5573061	3908298
5573062	3908298
5573062	6475570
5573063	3908298
5573064	3908298
5573065	3908297
5573066	3908297
5573067	3908297
5573068	3908297
5573069	3908299
5573070	3908299
5573071	3907708
5573072	3907707
5573073	3907707
5573074	3907709
5573074	6475638
5573075	3908003
5573075	3908066
5573075	3990710
5573075	13802861
5573076	3908004
5573076	3908067
5573076	12779807
5573077	3908004
5573077	3908067
5573078	3908003
5573078	3908066
5573078	13802865
5573079	3908003
5573079	3908066
5573079	13802865
5573080	3908066
5573081	3908003
5573081	3908066
5573082	1811085
5573082	3908065
5573082	12196377
5573083	3908065
5573083	12196379
5573084	3908065
5573084	12196379
5573084	13802837
5573085	3908065
5573086	3908065
5573086	13802837
5573087	1811085
5573087	3908065
5573087	12196377
5573088	3908064
5573088	3990714
5573088	10004058
5573088	12132870
5573088	13774586
5573089	3908064
5573089	10004058
5573089	12132870
5573090	3908064
5573090	10004058
5573090	12196378
5573091	3908064
5573091	10004058
5573091	12196378
5573091	13774587
5573092	3908064
5573092	12196378
5573092	13774587
5573093	3908064
5573093	12196378
5573094	3908063
5573095	3908063
5573096	3908063
5573096	13802862
5573097	3908063
5573097	13802862
5573098	3908063
5573099	3908063
5573099	13802862
5573100	3908063
5573100	13802862
5573101	3908063
5573102	3908063
5573103	3908063
5573104	3908063
5573104	13802863
5573105	3908063
5573105	13802863
5573106	3908005
5573107	3908005
5573107	8326654
5573108	3908005
5573108	12779811
5573109	3908005
5573109	12779809
5573110	3908005
5573110	12779809
5573111	3908005
5573111	12779811
5573112	3908004
5573112	12779810
5573113	3908004
5573114	3908004
5573115	3908004
5573115	12779807
5573116	3908003
5573117	3908003
5573118	3908003
5573118	13802865
5573119	3908003
5573119	13802865
5573120	4116533
5573120	5573301
5573120	5805188
5573120	6642829
5573121	5573300
5573122	5573298
5573122	7153237
5573122	7636926
5573122	9251263
5573122	9251279
5573123	5573297
5573123	8954687
5573124	5109948
5573124	5110426
5573124	5573294
5573124	5715528
5573124	8212633
5573124	8212636
5573124	8212637
5573124	9710952
5573124	9710953
5573125	5573292
5573125	5610065
5573125	5610071
5573125	11619913
5573126	5573291
5573126	5579569
5573126	7754445
5573126	8738766
5573127	5573286
5573127	5573287
5573127	5573289
5573128	2959632
5573128	5586049
5573128	5586050
5573128	12295225
5573128	12295226
5573129	5573283
5573129	5709452
5573129	5709454
5573130	3908003
5573131	3908003
5573131	3908066
5573132	3908003
5573132	3908066
5573132	13802861
5573133	3908003
5573133	3908066
5573133	5982269
5573134	3164391
5573135	3164391
5573135	5636145
5573135	5636146
5573135	9357816
5573136	3820832
5573136	5585282
5573136	5823845
5573136	8497614
5573137	3820832
5573137	5585281
5573137	5585283
5573138	2648458
5573138	4798061
5573138	5645783
5573139	2648458
5573139	5585279
5573139	7294970
5573140	3056285
5573140	3436796
5573141	3436796
5573141	5951909
5573142	3819314
5573142	5585257
5573142	5585261
5573142	5644360
5573143	1970107
5573143	4018223
5573143	5684951
5573143	5684952
5573143	8605278
5573144	2545590
5573144	3952920
5573145	3178353
5573145	5585256
5573145	5585277
5573145	5682348
5573145	7874564
5573146	3178353
5573146	5585255
5573146	5682348
5573147	3620040
5573147	5585254
5573147	5710665
5573148	3620040
5573148	4135991
5573148	5646780
5573149	67081
5573149	6323272
5573150	2542161
5573150	2543316
5573150	3933877
5573150	5700688
5573151	3734026
5573151	5708100
5573151	5708103
5573151	5708104
5573151	5708105
5573151	5708106
5573151	5708108
5573151	7173881
5573151	7559853
5573152	3734026
5573152	5708097
5573152	5708100
5573152	5708103
5573152	5708104
5573152	5708105
5573152	5708106
5573152	5708108
5573152	5708111
5573152	7173881
5573153	1094370
5573153	5585218
5573154	2361306
5573154	4356409
5573155	3618890
5573155	5700560
5573155	5700561
5573155	10877750
5573155	10997760
5573155	10997761
5573156	2323206
5573156	4587916
5573156	5979599
5573156	7231430
5573157	2511842
5573157	6374792
5573157	6374795
5573157	8354340
5573158	2869219
5573158	3714237
5573158	7462303
5573159	4663235
5573159	5585208
5573159	5585212
5573159	5814227
5573159	6328908
5573160	4663235
5573160	5585205
5573160	5585210
5573160	5814227
5573161	4846647
5573161	5585202
5573161	8718696
5573162	4846647
5573162	5585201
5573162	5616408
5573163	5012999
5573163	8406348
5573164	5012999
5573164	8406347
5573164	9060488
5573165	3028298
5573165	5585172
5573165	5585173
5573166	2208394
5573166	5585170
5573166	5696524
5573167	2208394
5573167	5585169
5573167	5648807
5573167	8089380
5573167	8089381
5573168	2236004
5573168	2238692
5573168	2646859
5573168	5345671
5573168	5345675
5573168	5585164
5573168	5585165
5573168	6485109
5573168	9574531
5573169	3403360
5573169	3778636
5573169	6911141
5573170	4666084
5573170	4674323
5573170	4674324
5573170	5588043
5573171	1662699
5573171	1714249
5573171	2107573
5573171	2236803
5573171	3023615
5573171	5472615
5573171	5602324
5573171	5718720
5573171	7742761
5573172	1662699
5573172	1714249
5573172	1714250
5573172	2107573
5573172	2236803
5573172	2675135
5573172	3023615
5573172	5472615
5573172	5718720
5573172	7742761
5573173	1514517
5573173	2316137
5573173	5585154
5573173	13123447
5573174	3415145
5573174	6817766
5573175	2325179
5573175	6213164
5573176	5227706
5573176	5585118
5573176	5585123
5573176	5761784
5573177	5227706
5573177	5585116
5573177	5898182
5573178	5227706
5573178	5585118
5573178	5839515
5573179	5227706
5573179	5585116
5573179	5585117
5573180	4499900
5573180	5585075
5573180	5585085
5573180	5585087
5573180	5690514
5573180	5690515
5573181	1867959
5573181	3782699
5573181	5693458
5573181	5774141
5573181	5774635
5573181	12287408
5573182	3419735
5573182	5585066
5573182	5585069
5573182	5649993
5573183	5077901
5573183	5585056
5573183	5585058
5573183	5597869
5573183	5597870
5573184	5551148
5573184	5641113
5573185	3567733
5573185	5585049
5573185	8254935
5573186	3567733
5573186	5580114
5573186	5585046
5573187	2361530
5573187	3886474
5573187	5951881
5573187	9210686
5573187	11057109
5573188	4083545
5573188	5585009
5573188	7780335
5573189	4083545
5573189	5585008
5573190	3907677
5573191	3907677
5573192	3907677
5573193	3907676
5573194	3907676
5573194	9731969
5573195	3907676
5573195	9731969
5573196	3908478
5573196	8303210
5573197	3908477
5573197	4249384
5573198	3908476
5573198	13802388
5573199	3908476
5573199	13802388
5573200	3908475
5573201	3908474
5573201	7035776
5573201	13965837
5573202	3908473
5573203	3908473
5573204	3908472
5573204	13740947
5573205	3908471
5573205	7872194
5573206	3908470
5573206	13802390
5573207	3908470
5573207	13802390
5573208	3908392
5573209	3908391
5573209	9824455
5573209	9824456
5573210	3908390
5573211	3908390
5573212	3908359
5573212	13767467
5573213	3908359
5573213	13736569
5573214	3908358
5573214	13736545
5573215	3908358
5573215	13767358
5573216	3908357
5573216	13768067
5573217	3908357
5573217	13768067
5573218	3908357
5573218	13736569
5573219	3908357
5573219	13736545
5573220	3908295
5573221	3908295
5573222	3908264
5573223	3908264
5573224	3908263
5573225	3908263
5573225	10051680
5573226	3908263
5573226	10051680
5573227	3908263
5573228	3908262
5573229	35310
5573229	2731088
5573230	3908262
5573231	3908262
5573232	3908262
5573234	3908032
5573235	3908031
5573236	3908030
5573237	3908032
5573238	3908031
5573239	3908030
5573240	5524617
5573240	5576285
5573241	3908030
5573242	3908030
5573243	3908030
5573244	3908030
5573245	2331710
5573246	3908031
5573247	3908032
5573248	2537988
5573249	3908026
5573250	3908025
5573251	327184
5573252	3908024
5573253	3908026
5573254	3908025
5573255	401381
5573255	645127
5573255	5408427
5573255	5575672
5573255	8559713
5573256	3908024
5573257	3908026
5573258	5388918
5573258	5584327
5573259	3908025
5573260	328571
5573261	3908024
5573262	3908024
5573263	3908024
5573263	6725147
5573264	3908024
5573265	1795315
5573265	5388430
5573265	5574054
5573265	7840076
5573265	12041242
5573266	1826786
5573266	2733239
5573266	5388414
5573266	5574053
5573266	12915934
5573266	12915935
5573267	5385069
5573267	5584326
5573268	5385032
5573268	5578106
5573268	5578107
5573268	5578108
5573268	5578208
5573268	5578209
5573268	5772798
5573268	5772799
5573268	5772800
5573268	5772801
5573268	6601179
5573268	9746026
5573268	10051966
5573268	12071587
5573268	12071588
5573269	363282
5573269	1877322
5573269	3514212
5573269	5384994
5573269	5574055
5573269	9859653
5573269	10926461
5573270	5568134
5573271	5568134
5573272	5570923
5573273	5563132
5573273	5574056
5573274	5570923
5573275	5552618
5573276	1368211
5573276	5552378
5573276	5574060
5573276	5575659
5573277	5552300
5573277	5574058
5573277	5575662
5573277	8429299
5573277	8429300
5573278	4237871
5573278	5552158
5573278	5574059
5573278	5575651
5573278	5583158
5573279	5020374
5573279	5552073
5573279	5574035
5573279	5575655
5573279	5772600
5573279	6558451
5573279	6573289
5573279	10877751
5573280	5551575
5573280	5574033
5573280	7527086
5573280	7527087
5573280	7527088
5573281	5551204
5573281	5574109
5573281	5575649
5573281	8351272
5573282	367787
5573282	536156
5573282	804587
5573282	1458912
5573283	5573129
5573284	5551019
5573284	5574028
5573284	5574030
5573284	5575643
5573285	1021953
5573286	5573127
5573287	5573127
5573288	1516875
5573288	5550233
5573288	5574027
5573288	6803287
5573288	11276898
5573288	13488936
5573289	5573127
5573290	5550203
5573290	5574026
5573290	5574077
5573291	5573126
5573291	6272060
5573292	5573125
5573293	5550090
5573293	5578112
5573294	5573124
5573295	5550042
5573295	5584323
5573295	8010562
5573295	10036252
5573295	12698886
5573296	395810
5573296	1196106
5573296	2505160
5573296	5550018
5573296	6177987
5573296	8886649
5573296	12194878
5573296	12194918
5573297	5573123
5573298	5573122
5573298	6356347
5573300	5573121
5573301	5573120
5573301	5805188
5573302	95691
5573302	5549687
5573302	5576283
5573302	10324121
5573303	5549532
5573303	5574022
5573303	7933574
5573304	5310514
5573304	5310555
5573304	5310559
5573304	5310560
5573304	5310795
5573304	5360781
5573304	5548519
5573305	3083814
5573305	3083817
5573305	5548516
5573305	5574018
5573305	5723814
5573305	5979404
5573305	5990951
5573305	5991212
5573305	7118954
5573305	7361798
5573305	7911562
5573305	9829685
5573305	9927556
5573305	11199088
5573305	11763580
5573305	13211692
5573306	7527583
5573307	1971140
5573307	5574017
5573307	5579595
5573307	10476554
5573308	587898
5573308	1323170
5573308	1475242
5573308	5538581
5573308	5543548
5573308	5574016
5573308	5575637
5573308	5579594
5573308	5978450
5573308	5978452
5573308	8991017
5573308	9948877
5573308	9948878
5573309	5542275
5573309	5574014
5573309	5574015
5573309	5575638
5573309	9447768
5573309	9447769
5573309	9927555
5573309	9927559
5573309	9927560
5573309	9927566
5573309	9927567
5573309	10737319
5573309	10737320
5573310	5525690
5573310	5574013
5573310	6000359
5573310	6592579
5573310	7005893
5573310	11148742
5573312	551713
5573312	1585775
5573312	2010058
5573312	5524949
5573312	5574103
5573312	5574107
5573312	9637925
5573312	10135146
5573312	12113124
5573313	5505598
5573314	5502146
5573314	5574012
5573315	5572837
5573316	5050364
5573316	5500591
5573316	5573702
5573316	5573705
5573317	1155944
5573317	1168155
5573317	2461857
5573317	2569923
5573317	2639270
5573317	3648477
5573317	5341742
5573317	5341743
5573317	5471197
5573317	5500544
5573317	5574007
5573317	5575631
5573317	5575633
5573317	5575635
5573317	5919993
5573317	5919994
5573317	11317024
5573317	13470170
5573317	13470171
5573317	13470172
5573318	5500541
5573318	5574005
5573318	11328083
5573318	11328084
5573319	5572830
5573320	2953608
5573320	2998769
5573320	5331972
5573320	5500523
5573320	5582090
5573320	5582091
5573320	6624829
5573320	6740331
5573320	6803088
5573320	6803089
5573320	6803121
5573320	11668063
5573321	5573330
5573322	5572826
5573323	1441873
5573323	5574101
5573324	5572824
5573325	5572792
5573326	1441872
5573326	5574003
5573327	5496313
5573327	5574000
5573327	5575622
5573327	5941121
5573327	10527743
5573328	5572790
5573329	934190
5573329	5574111
5573329	11532002
5573329	11532003
5573330	5573321
5573331	1451001
5573331	5573988
5573331	5575611
5573331	11419150
5573331	13363808
5573332	1451027
5573332	5573986
5573332	5575616
5573332	5575617
5573332	8678154
5573333	1415248
5573333	1441881
5573333	5575620
5573333	5579591
5573333	6582365
5573333	9983517
5573334	8172379
5573335	1441838
5573335	5577561
5573336	5451949
5573336	5573984
5573336	5604622
5573336	8069118
5573336	8069119
5573336	8628230
5573336	10877752
5573336	12217790
5573338	5449388
5573338	5573983
5573339	5449345
5573339	5573981
5573339	9240436
5573339	9240437
5573339	9240439
5573339	9240441
5573339	12917632
5573339	13697709
5573340	5449342
5573340	5573980
5573340	5575639
5573340	5575641
5573340	8364151
5573342	655252
5573342	5222681
5573342	5224904
5573342	5449333
5573342	13596588
5573342	13596589
5573343	3288886
5573343	5442269
5573343	5573597
5573343	5573976
5573343	5582085
5573343	5582087
5573343	5583157
5573343	6841956
5573343	13445492
5573344	5420411
5573344	5573978
5573345	5336657
5573345	5419367
5573345	5574100
5573345	5575604
5573347	1275054
5573347	5574113
5573349	2242202
5573349	2242210
5573349	2595697
5573349	2599091
5573349	2887321
5573349	3485721
5573350	8590403
5573351	5418242
5573351	5574112
5573351	10268700
5573351	10877753
5573352	1013677
5573352	1014716
5573352	5414804
5573352	5573461
5573352	5573462
5573352	5574099
5573352	10720105
5573352	10720117
5573352	10720118
5573352	10720119
5573352	10720125
5573352	10720191
5573352	10725149
5573354	5414481
5573354	5584322
5573354	6036747
5573355	5410863
5573355	5577548
5573355	5577551
5573355	10618921
5573355	10626686
5573356	5401363
5573356	5574096
5573356	5893806
5573356	9689603
5573356	13383488
5573356	13383489
5573356	13383491
5573356	13383492
5573356	14013701
5573357	2186407
5573357	2400830
5573357	4035493
5573357	4387143
5573359	5394798
5573359	5584321
5573359	5673179
5573359	7061891
5573360	5573517
5573361	5573455
5573361	5573456
5573361	5573514
5573361	5912194
5573361	6285799
5573362	5573512
5573362	5573513
5573362	5576004
5573362	5578064
5573362	7646937
5573362	8363647
5573362	8868800
5573362	10286065
5573362	10286066
5573362	10326704
5573362	10326705
5573362	10326706
5573362	10877173
5573363	5573510
5573363	5578067
5573363	8866545
5573363	9834200
5573363	13905741
5573364	5573458
5573364	5573509
5573365	5573508
5573365	6751101
5573365	6751102
5573366	4104905
5573366	5586047
5573366	6642148
5573366	8129658
5573366	8195071
5573366	8195072
5573366	8195073
5573366	8195074
5573367	5573507
5573368	5573459
5573368	5573460
5573368	5573505
5573369	5463982
5573369	5574118
5573369	5579587
5573369	6287705
5573369	11521916
5573370	5390934
5573370	5574117
5573370	8494246
5573370	8494247
5573370	8494248
5573370	8494249
5573370	8494250
5573370	8494251
5573370	8494252
5573370	8494253
5573370	8494254
5573370	8494255
5573370	8494256
5573370	8494257
5573370	8494258
5573370	8494259
5573370	13764129
5573370	13764130
5573370	13764131
5573371	5390925
5573371	5574116
5573371	5575489
5573371	5579586
5573371	6275332
5573371	7876653
5573371	13271735
5573372	5390927
5573372	5574115
5573372	8850009
5573372	10033548
5573373	2531708
5573373	5386941
5573373	5574114
5573373	5575522
5573373	5575525
5573373	5576042
5573373	7694168
5573373	9212224
5573374	2590197
5573374	3415552
5573374	5189376
5573374	11339870
5573375	349366
5573375	5618361
5573375	6113008
5573375	6113011
5573376	5385038
5573376	5577537
5573376	5577541
5573378	3850938
5573378	5384168
5573378	5574119
5573378	10719162
5573378	12351462
5573378	12351463
5573379	2974025
5573379	5930253
5573380	2974025
5573380	3605499
5573380	5932222
5573380	6533752
5573385	3908023
5573385	13823097
5573386	3908023
5573386	13284355
5573386	13802876
5573387	3908023
5573387	13802877
5573388	3908022
5573388	13788304
5573389	3908022
5573389	7579303
5573389	7579304
5573389	7579305
5573389	13788305
5573390	3908022
5573390	13821089
5573391	3908021
5573392	3908021
5573393	3908021
5573394	3908021
5573395	3908021
5573396	3908021
5573397	2249921
5573398	5573452
5573398	5573454
5573398	5573503
5573398	5575994
5573398	5578084
5573398	5578085
5573398	6397219
5573398	6875902
5573398	6875903
5573398	7460037
5573398	8061302
5573398	8061303
5573398	8082952
5573398	8580478
5573398	8580479
5573398	8585570
5573398	8585571
5573398	8585573
5573398	13666151
5573399	5573502
5573399	12908788
5573400	5261953
5573400	5573500
5573400	6653058
5573400	10691121
5573400	10691122
5573401	5573498
5573401	5578083
5573401	7682452
5573402	5573496
5573402	6112347
5573402	12787869
5573403	5573495
5573403	5941991
5573404	4974701
5573404	5573491
5573404	10522910
5573405	5573407
5573405	5573489
5573405	5718274
5573405	9675641
5573406	5573451
5573406	5573488
5573406	5578088
5573406	13675805
5573407	5095288
5573407	5095290
5573407	5573405
5573407	5573487
5573407	5718274
5573407	10877754
5573408	5573411
5573408	13119741
5573408	13695093
5573409	2138845
5573409	5578760
5573409	6533741
5573409	6533743
5573410	704010
5573410	722238
5573411	5573408
5573411	13695093
5573411	13719250
5573412	4429506
5573412	4953018
5573412	5225104
5573413	5572786
5573414	3900130
5573415	5572785
5573416	2060183
5573416	5573447
5573416	5573448
5573417	5572783
5573417	12309347
5573418	239980
5573418	5572780
5573418	6267366
5573419	5572778
5573420	5572777
5573420	11652054
5573421	1365837
5573421	6792992
5573422	5574120
5573422	11628007
5573423	5573484
5573423	5916964
5573424	5573598
5573424	5576281
5573424	5583155
5573424	9289726
5573424	10162977
5573424	10162978
5573425	5573483
5573426	5576279
5573428	995341
5573429	1812946
5573429	3288544
5573429	7578279
5573430	2172211
5573430	3858948
5573430	3940219
5573430	4092443
5573430	7635963
5573430	8190664
5573431	5573480
5573431	7594684
5573432	3859757
5573432	5578089
5573432	5578090
5573433	5573479
5573433	5583259
5573433	5583260
5573433	5583261
5573433	5583262
5573433	6316933
5573433	6316934
5573433	6316935
5573434	5573444
5573434	5573445
5573434	5573478
5573434	5579580
5573435	5573476
5573436	5573446
5573436	5573474
5573436	5578091
5573436	6602611
5573437	5573472
5573437	5579579
5573438	5573470
5573438	5575992
5573438	5914863
5573438	7806627
5573438	12105414
5573439	5573468
5573440	3060708
5573441	61788
5573442	2539146
5573443	2571497
5573444	5573434
5573445	5573434
5573446	5573436
5573447	1309815
5573447	5573416
5573448	1309815
5573448	5573416
5573449	367646
5573449	5578757
5573449	5578758
5573449	5579566
5573450	59584
5573451	5573406
5573451	5578088
5573452	5573398
5573452	5578084
5573452	8082952
5573453	66691
5573454	5573398
5573454	8082952
5573455	5573361
5573456	5573361
5573457	257305
5573458	5573364
5573459	5573368
5573460	5573368
5573461	5573352
5573461	10720117
5573461	10725149
5573462	5573352
5573462	10720117
5573462	10725149
5573463	703127
5573464	3884578
5573465	3966952
5573466	4497499
5573467	3178007
5573468	5573439
5573469	675619
5573470	5573438
5573470	5746234
5573471	3163460
5573472	5573437
5573473	3593252
5573474	5573436
5573475	5468145
5573476	5573435
5573477	5468186
5573478	5573434
5573479	5573433
5573479	6316933
5573479	6316934
5573480	5573431
5573481	3179451
5573482	5053856
5573483	5573425
5573484	5573423
5573485	1524025
5573486	2889826
5573487	5573407
5573488	5573406
5573488	5573780
5573489	5573405
5573490	2158142
5573490	13457271
5573491	5573404
5573492	1762498
5573492	6690456
5573493	1762498
5573493	6690456
5573494	351204
5573495	5573403
5573496	5573402
5573497	4462116
5573498	5573401
5573499	3097935
5573500	5573400
5573501	2829912
5573502	5573399
5573503	5573398
5573504	3970644
5573505	5573368
5573506	2759319
5573507	5573367
5573508	5573365
5573509	5573364
5573510	5573363
5573511	2807539
5573512	5573362
5573513	5573362
5573514	5573361
5573515	3907951
5573515	13820203
5573516	5640
5573516	382084
5573516	5048968
5573517	5573360
5573518	3907954
5573518	13814548
5573519	3907952
5573520	3907952
5573521	470895
5573522	3907966
5573522	13824600
5573523	3907965
5573523	13822032
5573524	3907964
5573525	3907964
5573526	3543631
5573527	3907964
5573528	3907964
5573529	656919
5573530	3907965
5573530	13788308
5573531	3907966
5573531	13802885
5573532	3907966
5573532	13802887
5573533	3907965
5573533	13788309
5573534	2755289
5573535	3907964
5573536	3907964
5573537	2806851
5573538	2927738
5573539	3866036
5573539	5971323
5573540	3908010
5573540	13736580
5573541	4006352
5573542	3908010
5573542	13736581
5573543	3908010
5573543	13736581
5573544	4028543
5573545	3908008
5573545	13736576
5573546	5303285
5573547	3908008
5573547	13736576
5573548	3908008
5573548	9471705
5573548	9471707
5573548	13740963
5573549	238970
5573550	238970
5573551	5365044
5573552	3908006
5573552	13802136
5573553	238970
5573554	3908006
5573554	13736593
5573555	5489106
5573556	3908006
5573556	13754046
5573557	3908006
5573557	13736593
5573558	418205
5573559	743228
5573559	1001645
5573560	743228
5573561	3908006
5573561	13754046
5573562	3908006
5573562	13802136
5573565	2450746
5573566	2549444
5573566	2577381
5573566	2618829
5573566	2618830
5573566	3366958
5573566	3780495
5573566	5372475
5573566	9687778
5573567	3908014
5573567	13814403
5573568	3908013
5573568	13802806
5573569	3908012
5573569	13819939
5573570	3908012
5573570	13819939
5573571	3284055
5573572	3908044
5573573	3908043
5573573	9480741
5573574	3908042
5573575	3908042
5573576	3908044
5573576	9118398
5573577	3908043
5573577	9480741
5573577	10123707
5573578	3908042
5573579	3908042
5573580	3908044
5573580	10156144
5573580	10156145
5573581	5543512
5573581	5544602
5573581	6903563
5573582	3908043
5573582	9480741
5573583	3908042
5573584	3908042
5573585	3908066
5573585	13802865
5573586	3908066
5573586	13802865
5573587	3012475
5573588	4010335
5573588	4022729
5573588	4101799
5573590	2237009
5573590	2605320
5573590	3780496
5573590	5560530
5573590	5572884
5573590	6909587
5573590	6909589
5573591	1543601
5573592	1702461
5573592	1703943
5573593	313477
5573594	2837299
5573594	3145136
5573595	308784
5573596	44634
5573597	644594
5573597	5573343
5573598	5573424
5573598	5573695
5573599	3535934
5573600	3592865
5573601	5565240
5573601	5573651
5573601	12347783
5573602	309710
5573603	1064389
5573604	3684383
5573605	5393303
5573605	5636394
5573606	1811084
5573606	3908097
5573607	3908096
5573607	13774590
5573608	3908097
5573608	8165757
5573608	8165758
5573609	3908096
5573610	779153
5573611	3908097
5573612	3908096
5573613	3908097
5573613	8165758
5573613	8243671
5573613	13819369
5573614	3908096
5573614	13774590
5573615	2230224
5573616	3908097
5573617	3908096
5573618	3908097
5573618	8449501
5573619	3908096
5573619	13774591
5573620	5572859
5573621	2323312
5573621	5235361
5573621	6165936
5573621	6165938
5573622	3908100
5573622	13736630
5573623	3908099
5573623	9484363
5573623	13736623
5573624	2276508
5573625	3908098
5573625	13751483
5573626	2323312
5573626	5235361
5573626	6165934
5573626	6165935
5573627	3908098
5573627	13751483
5573628	1175621
5573628	1585310
5573628	2491213
5573628	3709991
5573628	7147019
5573628	7147020
5573628	12733990
5573629	3908098
5573629	13751483
5573630	574988
5573631	3908098
5573631	13751483
5573632	6471503
5573632	6471510
5573632	6477882
5573632	6477883
5573632	6477885
5573632	12770662
5573633	3908099
5573633	6725110
5573633	13736623
5573634	1793694
5573634	1793695
5573634	6165928
5573634	6165929
5573634	6165930
5573634	6165931
5573634	12448421
5573635	3908100
5573635	13736630
5573636	1790844
5573636	3639387
5573636	6165933
5573637	3908100
5573637	13739600
5573638	1509534
5573638	6165926
5573638	6165927
5573639	3908099
5573639	6558767
5573639	13739595
5573640	3908098
5573640	13751945
5573641	3908098
5573641	13751945
5573642	1632801
5573643	2610582
5573644	3908124
5573644	13736641
5573645	3908123
5573645	13736638
5573646	3908122
5573646	13802235
5573647	3908122
5573647	13802603
5573648	3908124
5573648	13736642
5573649	3908123
5573649	13736639
5573650	3908122
5573650	13751494
5573651	5565240
5573651	5573601
5573651	12347783
5573651	12353812
5573651	12353814
5573652	3908122
5573652	13751494
5573653	3908122
5573653	13751494
5573654	3908122
5573654	13802237
5573655	3908123
5573655	9480579
5573655	13736639
5573656	3908124
5573656	13736642
5573658	3908151
5573658	9496898
5573658	13754051
5573659	3908150
5573659	13754050
5573660	3908149
5573660	13751730
5573661	3908149
5573661	13755605
5573662	3908149
5573662	13751730
5573663	3908149
5573663	13755605
5573664	3908150
5573664	13754050
5573665	3908151
5573665	13754051
5573666	3908151
5573666	13707026
5573667	5565156
5573668	3908150
5573668	13802598
5573669	3908149
5573669	13755606
5573670	3908149
5573670	13751731
5573671	4768328
5573672	5565157
5573674	5565158
5573675	4465731
5573675	4470292
5573676	5565115
5573677	1521112
5573678	3908187
5573679	3120449
5573680	3908187
5573681	3908186
5573682	3908186
5573683	3908187
5573683	8231114
5573684	3908186
5573685	4031641
5573686	4008794
5573686	12481613
5573687	5565096
5573687	6402257
5573688	3580392
5573689	5565088
5573690	3684384
5573691	3695338
5573691	3695386
5573692	5565034
5573693	5564195
5573694	4176583
5573694	4176586
5573695	5573598
5573696	338105
5573697	128829
5573698	128829
5573699	5485519
5573700	1433114
5573701	4815125
5573701	4908167
5573701	4908168
5573701	5472649
5573701	5514040
5573701	5514841
5573701	6852932
5573701	6852933
5573701	8003109
5573701	10702406
5573701	10702445
5573701	12382715
5573702	5573316
5573702	7976074
5573703	5516033
5573704	3714756
5573705	5573316
5573706	3840965
5573707	4039936
5573709	4070831
5573710	936505
5573711	1970563
5573712	4499664
5573712	4755950
5573712	5520496
5573712	5520812
5573712	6805896
5573712	6934427
5573712	8349950
5573712	12707664
5573712	13110929
5573713	1216450
5573713	7492074
5573714	5523474
5573714	8758966
5573715	129100
5573715	6827740
5573716	5529143
5573716	8032168
5573717	5516033
5573718	5533774
5573718	5578896
5573719	5316994
5573719	8199831
5573720	5426351
5573721	3908185
5573722	3908185
5573723	3908185
5573724	3908185
5573725	3908185
5573726	3908185
5573727	3787551
5573728	5535076
5573729	2104431
5573729	2112711
5573729	4774432
5573729	5347057
5573729	7715181
5573729	7715182
5573729	7715183
5573729	7947391
5573729	7947392
5573729	7947393
5573729	7947394
5573729	7947395
5573729	7947396
5573729	7947397
5573729	7947398
5573729	7947399
5573729	7947400
5573730	790603
5573731	4340079
5573732	1896450
5573733	5279356
5573734	2323018
5573734	2509199
5573734	3463903
5573735	5535242
5573735	5535243
5573735	5535244
5573735	5535246
5573735	5578900
5573735	7478065
5573736	1099202
5573737	5540476
5573738	1610571
5573739	3666262
5573740	260664
5573740	510932
5573740	2300365
5573741	260664
5573741	2300365
5573742	5570923
5573742	6175248
5573742	6176739
5573742	10277388
5573743	2420888
5573744	3436685
5573744	3436686
5573745	3563997
5573746	3563997
5573747	3563997
5573748	3563997
5573749	3563997
5573750	3563997
5573752	3563997
5573753	3386246
5573754	3563997
5573755	2509017
5573756	4743963
5573757	1082512
5573757	1176171
5573758	1082512
5573758	1176171
5573759	5563819
5573759	6572784
5573760	3436736
5573760	3610127
5573760	6983061
5573761	3563997
5573762	3563997
5573763	3563997
5573764	3563997
5573765	5563825
5573766	5241727
5573767	829279
5573768	829279
5573769	1227305
5573770	5568135
5573770	5570922
5573771	303898
5573772	303898
5573773	303898
5573774	303898
5573775	303898
5573776	5563807
5573777	5563790
5573778	5570918
5573779	5563652
5573780	5573488
5573781	5563790
5573782	2137449
5573784	5569508
5573785	5569508
5573786	5569508
5573787	5569508
5573788	1199094
5573789	2420686
5573790	5289612
5573790	5595290
5573791	3436755
5573792	1967814
5573793	2579734
5573794	13432
5573794	32695
5573794	10488197
5573795	3439435
5573796	3439435
5573797	2564658
5573797	5119621
5573798	914882
5573798	1196613
5573798	11885867
5573799	1830933
5573800	3255623
5573801	2565990
5573802	2509254
5573803	590741
5573804	2565991
5573805	2565991
5573806	3223036
5573806	8761052
5573807	3223036
5573808	3223036
5573809	1158069
5573809	1464426
5573809	13544281
5573809	13544282
5573810	5209645
5573810	7989425
5573810	8020685
5573810	8020687
5573810	8020688
5573810	8020690
5573810	8020692
5573810	8020693
5573810	12120973
5573811	138701
5573812	2730962
5573812	2730963
5573812	6310957
5573813	4704571
5573814	3434359
5573815	1160344
5573816	1160344
5573817	1164813
5573817	13630383
5573818	5289034
5573819	2859815
5573820	4547097
5573821	3434423
5573822	3434423
5573823	1246512
5573824	1164821
5573824	1193221
5573824	7071906
5573824	7361214
5573825	1166453
5573825	5574065
5573826	1169550
5573826	5574064
5573827	284377
5573827	2205879
5573827	4718614
5573828	311820
5573828	2205879
5573828	2825441
5573828	10862602
5573829	1173606
5573829	1173612
5573829	5574057
5573830	411986
5573831	5155177
5573831	7107921
5573832	5155177
5573833	54066
5573833	963727
5573834	2867358
5573835	2867358
5573836	4545871
5573837	4694497
5573838	3908184
5573839	4907660
5573840	3908184
5573841	3908184
5573842	3330528
5573843	2714813
5573843	2957039
5573843	3434085
5573843	9271299
5573843	10212287
5573844	425220
5573845	3908209
5573846	3908208
5573847	425220
5573847	548453
5573847	2829227
5573847	12125008
5573847	12125212
5573848	1526170
5573848	2768838
5573848	3434087
5573848	10742249
5573849	3908207
5573850	3908207
5573851	3908208
5573852	3908209
5573853	3908207
5573854	1140086
5573854	5574051
5573855	1140086
5573855	5574051
5573856	3908207
5573857	5556847
5573858	3908215
5573858	7251732
5573858	13766436
5573859	5553182
5573860	3908214
5573860	13765395
5573861	3908213
5573861	8449496
5573862	3908213
5573862	8449496
5573863	3908214
5573863	7251726
5573863	7251728
5573864	3908215
5573865	5553167
5573866	5553162
5573867	5553162
5573867	13645919
5573867	13645921
5573868	5553162
5573869	3356274
5573870	5553163
5573871	3736211
5573872	5553163
5573873	5553163
5573875	5509997
5573875	12307771
5573876	1383747
5573877	3909335
5573878	3909335
5573879	3909336
5573880	3909336
5573881	3910668
5573882	3910668
5573883	3910669
5573884	3910669
5573885	3910669
5573886	3910669
5573887	3910669
5573888	3910669
5573889	3910669
5573890	3428624
5573890	5574050
5573890	9311777
5573891	3428624
5573891	5574050
5573892	3428664
5573892	5574049
5573892	6370502
5573892	7037483
5573893	42781
5573893	503562
5573893	1125757
5573893	10763482
5573893	10865495
5573893	13778416
5573893	13778417
5573894	42781
5573894	1125757
5573894	10763482
5573895	42781
5573895	1125757
5573895	10763482
5573895	10865499
5573896	1140587
5573896	5574046
5573897	1140587
5573897	5574046
5573898	2625922
5573899	3851596
5573900	1125794
5573901	3851596
5573902	1126517
5573902	5574040
5573902	8861765
5573902	9392195
5573902	10979546
5573902	10979549
5573902	10979556
5573902	10979558
5573903	3190118
5573904	4662831
5573905	5574036
5573905	5574037
5573905	5574068
5573905	8476379
5573905	9969417
5573906	5574038
5573906	5574069
5573908	44233
5573909	44233
5573910	243849
5573911	1244807
5573912	1126503
5573912	1126518
5573912	1129571
5573912	1129768
5573912	4756242
5573912	5574025
5573912	6603433
5573912	12255927
5573913	1972489
5573914	5574023
5573915	2408487
5573915	8006269
5573916	5574009
5573917	480156
5573917	482216
5573918	480156
5573918	482216
5573919	2408487
5573920	3910670
5573920	8243681
5573921	3910670
5573921	8133413
5573921	8133414
5573922	3910671
5573923	3910671
5573924	3910672
5573925	3910672
5573926	7353
5573926	253241
5573926	5573979
5573927	3904378
5573928	3428358
5573928	5573977
5573930	5792488
5573930	9750827
5573930	9750833
5573930	9750838
5573930	9750843
5573931	4496374
5573931	5573961
5573932	1121306
5573932	1121565
5573932	1339594
5573932	5573960
5573932	12366338
5573933	3904684
5573933	13730733
5573934	2023329
5573934	3904685
5573935	1112517
5573936	5573959
5573937	5573957
5573938	1107991
5573938	3526711
5573938	5573956
5573939	3906094
5573940	3906094
5573941	3906093
5573942	3906093
5573942	8443132
5573943	3835995
5573944	259884
5573945	259884
5573946	953261
5573947	5325859
5573948	5325842
5573949	3426071
5573949	5573954
5573950	3426128
5573950	5573953
5573951	2093402
5573952	2093402
5573953	5573950
5573954	5573949
5573955	1105324
5573955	1105340
5573955	1245065
5573955	1566174
5573956	5573938
5573957	5573937
5573958	1107951
5573958	1658502
5573958	2252657
5573958	3985130
5573958	11259574
5573958	11259596
5573958	11259599
5573959	5573936
5573960	5573932
5573961	5573931
5573962	414839
5573963	2080232
5573964	2344560
5573965	5078109
5573966	384303
5573967	426530
5573967	875115
5573967	10774447
5573968	3422355
5573968	5574341
5573968	11172105
5573969	441880
5573969	6811666
5573970	580345
5573970	1625495
5573971	1098292
5573972	289114
5573973	3424190
5573973	5574339
5573973	11172073
5573974	1099000
5573974	5574328
5573974	10709948
5573975	1963188
5573976	5573343
5573977	5573928
5573978	5573344
5573979	5573926
5573980	5573340
5573981	5573339
5573982	1801787
5573983	5573338
5573984	5573336
5573985	531272
5573986	5573332
5573986	13218206
5573987	3182185
5573988	5573331
5573989	3728897
5573990	5574093
5573990	5574469
5573990	5575972
5573990	5586029
5573990	6084800
5573990	6979917
5573990	7875151
5573990	8501915
5573990	11173165
5573990	12890843
5573991	5574473
5573991	5949211
5573992	5574092
5573992	5574476
5573992	5575975
5573992	5579555
5573992	5579556
5573993	5574091
5573993	5574477
5573993	5579576
5573993	7926333
5573994	5574090
5573994	5574479
5573994	8468981
5573995	5574186
5573995	5574480
5573995	5579575
5573996	5574088
5573996	5574481
5573996	5575979
5573996	5578093
5573996	5586027
5573996	6569433
5573996	10283124
5573996	10547536
5573996	10547538
5573996	13388956
5573997	5574184
5573997	5574485
5573998	3983518
5573998	4666102
5573998	4674308
5573998	5574486
5573998	5575982
5573998	11017202
5573998	11175028
5573999	5574087
5573999	5574488
5573999	9980062
5574000	5573327
5574001	3713314
5574002	3826869
5574003	5573326
5574004	3913316
5574005	5573318
5574006	5279751
5574006	6464193
5574007	1092095
5574007	5573317
5574008	281375
5574009	5573916
5574010	725914
5574010	725915
5574010	726807
5574010	1068270
5574010	1107636
5574010	1149260
5574010	1688011
5574010	2127481
5574010	3341497
5574010	4706949
5574010	7281520
5574010	12718577
5574010	12718578
5574010	13431415
5574010	13828717
5574011	489429
5574012	5573314
5574013	5573310
5574014	5573309
5574015	5573309
5574016	5573308
5574017	5573307
5574018	5573305
5574018	5975586
5574018	5979404
5574019	1779638
5574020	5354797
5574021	954422
5574022	5573303
5574023	5573914
5574023	10236905
5574024	6113
5574025	5573912
5574026	5573290
5574027	5573288
5574028	5573284
5574028	5575646
5574029	2890236
5574030	5573284
5574030	5575646
5574031	72620
5574032	1068770
5574032	1068771
5574032	1190872
5574032	1465646
5574032	4472102
5574032	5728008
5574032	5975542
5574032	11522133
5574032	13354218
5574033	5573280
5574034	1360717
5574035	5573279
5574036	5573905
5574037	5573905
5574038	5573906
5574039	2537123
5574040	1126517
5574040	5573902
5574040	9076699
5574041	2016875
5574042	3907003
5574042	11284767
5574042	11284768
5574042	11284771
5574042	11284773
5574043	1679831
5574044	1084452
5574046	5573896
5574046	5573897
5574047	3422190
5574048	3422190
5574049	3428664
5574049	5573892
5574049	6370500
5574049	6370502
5574050	5573890
5574050	5573891
5574051	5573854
5574051	5573855
5574052	2681044
5574052	5574265
5574053	5573266
5574054	5573265
5574055	5573269
5574056	5573273
5574057	5573829
5574058	5573277
5574059	4237871
5574059	5573278
5574060	5573276
5574061	5601684
5574061	5615337
5574061	5615341
5574061	12899420
5574062	5601683
5574062	5615244
5574063	2495944
5574063	4150560
5574063	5579565
5574063	5753165
5574064	5573826
5574065	5573825
5574067	278508
5574067	870379
5574067	7342961
5574067	7817956
5574067	12456320
5574068	5573905
5574068	5578903
5574068	6994240
5574068	9969417
5574068	10026313
5574068	10318494
5574069	5573906
5574069	5578901
5574069	6994241
5574069	8739036
5574069	9016477
5574070	66783
5574071	5578892
5574072	2629942
5574073	1192201
5574073	1192209
5574073	2118073
5574073	4467881
5574073	5574260
5574073	10951177
5574074	1459501
5574074	5574255
5574074	8828943
5574074	11477239
5574075	1025723
5574075	1147828
5574075	1307660
5574075	5574250
5574075	6214043
5574075	8265627
5574075	8265629
5574076	3084408
5574077	5573290
5574078	3955432
5574078	7869794
5574078	7869795
5574079	274611
5574079	1105653
5574079	1106128
5574079	3196928
5574079	11318342
5574080	3621235
5574082	3419726
5574082	5370139
5574083	3859114
5574083	7484236
5574085	1062745
5574085	1064624
5574085	5574248
5574085	9824343
5574086	3910173
5574087	5573999
5574088	5573996
5574089	5534985
5574089	5574240
5574089	9709975
5574090	5573994
5574091	5573993
5574092	5573992
5574093	5573990
5574094	1002109
5574094	5574247
5574094	8640727
5574095	3417649
5574095	10919630
5574096	5573356
5574097	1006014
5574097	5574245
5574098	5122233
5574098	5574237
5574098	5574238
5574098	9869082
5574099	5573352
5574100	5573345
5574101	5573323
5574102	36992
5574102	891123
5574102	6890102
5574103	512427
5574103	1585775
5574103	5573312
5574104	1898013
5574105	296359
5574105	5574243
5574106	3724625
5574107	5573312
5574108	1495889
5574109	5573281
5574110	1657131
5574111	5573329
5574112	5573351
5574113	5573347
5574114	5573373
5574114	5576035
5574114	5576041
5574114	5576042
5574114	9212224
5574115	5573372
5574116	5573371
5574117	5573370
5574118	5573369
5574119	5573378
5574120	5573422
5574122	14981
5574122	17057
5574122	418922
5574122	559993
5574122	568090
5574122	1450300
5574122	2708488
5574123	1009199
5574123	3805826
5574124	1010094
5574124	5574229
5574125	1010094
5574125	5574229
5574126	3910017
5574127	1037210
5574127	1037211
5574127	5574215
5574128	1037211
5574128	5574219
5574129	1037211
5574129	5574215
5574130	2540480
5574130	5574210
5574131	338099
5574132	2582139
5574133	2100369
5574134	1610765
5574135	2532843
5574136	4526925
5574137	2269440
5574138	325952
5574139	255149
5574140	5494324
5574140	5574207
5574141	1850087
5574142	887293
5574143	253738
5574143	810200
5574144	713203
5574144	5574167
5574144	5574170
5574144	5574173
5574144	9542347
5574145	687340
5574146	3614146
5574147	2474322
5574148	4494870
5574149	2425719
5574149	7819586
5574150	3785487
5574150	5548506
5574150	5578754
5574150	5578755
5574151	2705611
5574152	3162006
5574153	5103220
5574153	5574214
5574154	736284
5574155	411125
5574156	3821556
5574156	4627550
5574156	5574199
5574156	6455935
5574156	6569386
5574156	6569387
5574156	7460138
5574156	8322836
5574156	10028727
5574157	2272650
5574158	5558692
5574159	5558692
5574160	739435
5574161	3820801
5574162	713203
5574162	2199497
5574162	12920659
5574163	2549740
5574163	4779607
5574163	6737064
5574163	6740544
5574164	713203
5574164	713215
5574164	723557
5574164	12920661
5574165	4530633
5574165	5039227
5574166	4498170
5574167	5574144
5574167	5574170
5574167	5574173
5574167	9542347
5574167	9842995
5574168	2308008
5574168	8563949
5574168	13022975
5574169	934619
5574170	5574144
5574170	5574167
5574170	9542347
5574170	9842995
5574171	4665371
5574172	1295102
5574173	5574144
5574173	5574167
5574173	8833077
5574173	8833078
5574173	9842993
5574173	9842994
5574174	2238521
5574175	5084854
5574176	4303526
5574176	11906584
5574177	4663938
5574178	3684079
5574179	2542237
5574179	3246205
5574180	3907095
5574181	3907095
5574182	3907096
5574183	3907096
5574184	5573997
5574185	3908170
5574185	13738422
5574186	5573995
5574187	3908170
5574187	13751739
5574188	713203
5574188	713215
5574188	2199497
5574188	4555907
5574188	8615293
5574188	8615294
5574188	12920663
5574189	954761
5574189	5574204
5574190	3908170
5574190	13751740
5574192	3908170
5574192	13738426
5574193	3908170
5574193	13751403
5574194	1029957
5574195	3908170
5574195	13738426
5574196	3908171
5574196	9824245
5574196	13802412
5574197	3908172
5574197	9824241
5574197	13802138
5574198	3908171
5574198	9824244
5574198	13736603
5574199	5574156
5574200	3908172
5574200	7366438
5574200	7366441
5574200	9496905
5574200	13802138
5574201	3908172
5574201	8929410
5574201	9496905
5574201	9824238
5574201	13802139
5574202	2955719
5574203	2955719
5574204	1895718
5574204	5574189
5574205	17897
5574206	3918320
5574207	5574140
5574208	3918321
5574209	954761
5574210	5574130
5574211	3918384
5574212	3918384
5574213	2549554
5574213	7966207
5574213	7966210
5574213	7966214
5574213	7966217
5574214	5574153
5574215	5574127
5574215	5574129
5574216	3918383
5574217	3918383
5574218	3918383
5574219	5574128
5574220	2631029
5574221	3918383
5574222	975728
5574222	975946
5574222	2612750
5574222	2612751
5574222	4718693
5574223	3918383
5574224	3918383
5574225	3918382
5574226	3918382
5574227	3179706
5574227	12432478
5574228	3918385
5574229	5574124
5574229	5574125
5574231	3179706
5574232	5212527
5574233	3918385
5574234	3918386
5574235	2265226
5574236	1213650
5574236	12636753
5574237	5574098
5574238	5574098
5574239	3918386
5574239	8133402
5574240	5574089
5574241	5118005
5574242	953205
5574242	1111966
5574243	5574105
5574244	953316
5574245	5574097
5574246	4715854
5574246	4716408
5574247	5574094
5574248	5574085
5574249	954344
5574249	958026
5574250	5574075
5574250	8265627
5574251	3415409
5574251	12530637
5574252	3415409
5574252	8803824
5574252	8803825
5574252	11794503
5574253	954758
5574253	1876996
5574253	9143244
5574254	954758
5574254	1876996
5574255	5574074
5574256	3919158
5574257	3919159
5574258	2756841
5574258	13864484
5574259	3760631
5574260	5574073
5574261	3917348
5574261	8443024
5574261	9513499
5574262	910545
5574263	3920288
5574263	9593746
5574264	1085780
5574265	5574052
5574266	914033
5574267	3879721
5574268	921337
5574268	9483972
5574269	4687138
5574270	3413211
5574271	3413211
5574272	3413279
5574273	2075351
5574274	2307642
5574275	5574276
5574276	5574275
5574277	1094081
5574277	1287994
5574277	3893462
5574277	4873791
5574277	10940139
5574278	40482
5574278	487338
5574278	546709
5574278	1320161
5574278	1728915
5574279	40482
5574279	487338
5574279	546709
5574279	1320161
5574279	1728915
5574280	1925579
5574282	2319185
5574284	2319185
5574285	945580
5574285	2362928
5574286	945580
5574286	5574393
5574287	1815778
5574287	1815932
5574288	1815932
5574289	3655851
5574290	4766942
5574291	4766942
5574292	1332126
5574292	6848280
5574293	887387
5574293	5574388
5574294	4867211
5574294	4867212
5574295	3413017
5574295	5574384
5574296	3413017
5574296	5574382
5574297	4497069
5574297	5329172
5574297	5532580
5574298	5557294
5574299	3413133
5574300	5557294
5574300	7903091
5574301	4486526
5574301	5402332
5574302	5294779
5574303	879720
5574303	1928807
5574303	2427455
5574303	4150052
5574303	11171697
5574303	11171701
5574303	11171702
5574303	11171709
5574304	3947598
5574304	4486526
5574304	5999188
5574304	11171712
5574304	11171713
5574304	11171714
5574304	11171719
5574304	11171722
5574305	5302837
5574306	881307
5574306	5448302
5574306	5574377
5574307	5302837
5574308	975290
5574309	1950130
5574309	1950463
5574309	8043872
5574309	11171730
5574310	2893704
5574311	814762
5574312	3432526
5574312	10051426
5574313	884388
5574313	1105281
5574313	11171917
5574313	11171921
5574313	11171922
5574314	3410938
5574315	887198
5574315	910976
5574315	912816
5574315	1342023
5574315	1410388
5574315	1410389
5574315	5574368
5574315	11171932
5574315	11171934
5574315	11171936
5574315	13359007
5574315	13859751
5574316	2504392
5574317	2899008
5574318	3449806
5574318	8474549
5574319	4602063
5574319	13440514
5574320	5270870
5574321	3690573
5574321	4525582
5574321	4526946
5574321	6058069
5574321	11171947
5574321	13901223
5574322	1605519
5574322	1753529
5574322	5046830
5574322	11171950
5574323	1605515
5574323	2086638
5574323	5574355
5574323	11171960
5574324	1605514
5574324	5574351
5574324	11171962
5574324	11171973
5574325	3196341
5574326	4486526
5574326	11171714
5574326	11171722
5574327	2199644
5574327	2689424
5574328	1508257
5574328	5573974
5574329	1330678
5574329	11171987
5574329	11171994
5574329	11171996
5574330	4486526
5574331	1602075
5574331	5574349
5574331	10859199
5574331	11172000
5574331	11172002
5574332	3947598
5574332	4486526
5574332	11171714
5574332	11171722
5574333	1602066
5574333	1628114
5574333	1948391
5574333	3642439
5574333	3693260
5574333	5574347
5574333	11172018
5574333	11172021
5574333	11172023
5574333	11172042
5574333	11172047
5574334	1602066
5574334	5574347
5574335	4486526
5574336	1545115
5574337	1489828
5574337	5574346
5574338	288831
5574338	5574344
5574339	5573973
5574339	11172057
5574339	11172070
5574339	11172073
5574339	11172078
5574339	11172084
5574339	11172085
5574339	11172090
5574339	11172094
5574340	887236
5574340	5574343
5574341	5573968
5574341	11172097
5574341	11172098
5574341	11172101
5574341	11172105
5574342	4305334
5574343	3320749
5574343	5574340
5574343	11172205
5574344	5574338
5574345	3910259
5574345	11172212
5574345	11172216
5574345	11172222
5574345	11172226
5574345	11172231
5574345	11172236
5574346	5574337
5574347	5574333
5574347	5574334
5574348	3410740
5574349	5574331
5574350	875818
5574350	875819
5574350	900500
5574350	1966874
5574350	3688423
5574350	5696476
5574350	8333650
5574350	11172248
5574350	11172253
5574350	11172257
5574350	11172261
5574350	11730345
5574350	12339939
5574351	5574324
5574352	3268880
5574352	3268890
5574352	3274464
5574353	5579058
5574353	10464000
5574354	5579059
5574354	11172278
5574354	11172282
5574354	11172285
5574355	2086638
5574355	5574323
5574355	11172293
5574355	11172299
5574355	11172306
5574356	5574396
5574357	5574397
5574357	11172309
5574358	4499801
5574359	3632260
5574360	5574398
5574360	13606277
5574361	3916061
5574361	11172349
5574362	13320706
5574362	13321222
5574362	13322210
5574363	3594092
5574363	3599211
5574363	9876538
5574363	10140232
5574363	11172373
5574364	5574400
5574365	2044558
5574365	8075272
5574366	585433
5574367	4815269
5574367	6740191
5574367	8443853
5574367	11172738
5574367	11172739
5574367	11172742
5574367	11172755
5574368	5574315
5574369	5574402
5574369	10671751
5574369	12334829
5574369	12334830
5574369	12353436
5574370	585433
5574371	5579056
5574372	305622
5574373	2236910
5574373	2607421
5574373	3838117
5574373	5348097
5574373	5348114
5574373	5348120
5574373	5348130
5574373	7489404
5574373	8801365
5574373	12379831
5574374	5579044
5574375	593257
5574375	5579046
5574375	6626119
5574376	4096672
5574376	11172770
5574377	5574306
5574378	5086286
5574378	11172772
5574378	11172798
5574378	11172799
5574378	11172800
5574380	3732936
5574381	3024383
5574381	11172841
5574381	11172842
5574382	5574296
5574383	5579048
5574383	7086071
5574384	5574295
5574385	5579051
5574386	5574403
5574387	5574404
5574388	1507425
5574388	2469831
5574388	5574293
5574388	11172844
5574389	5574406
5574390	135442
5574390	685375
5574390	4098026
5574391	2650040
5574391	7255042
5574391	11172845
5574392	5574407
5574392	13501069
5574393	5574286
5574393	11172847
5574393	11172848
5574394	5574408
5574395	5574410
5574396	5574356
5574396	11268616
5574396	11669931
5574397	5574357
5574397	8333615
5574397	11172309
5574397	11172849
5574397	11172850
5574397	12656137
5574398	5574360
5574398	13606277
5574399	13320706
5574399	13321222
5574399	13322210
5574400	5574364
5574401	3273005
5574401	4618320
5574401	8074484
5574401	11172851
5574402	5574369
5574402	10671751
5574402	12334829
5574402	12334830
5574402	12354688
5574402	12355150
5574402	12608466
5574403	324673
5574403	5574386
5574404	5574387
5574405	358460
5574405	2129925
5574405	2530993
5574405	11172852
5574405	13834514
5574406	5574389
5574407	5574392
5574408	5574394
5574409	2662911
5574410	5574395
5574411	2662911
5574412	2662911
5574413	5360622
5574413	11172856
5574414	2662911
5574415	3598481
5574416	3594107
5574417	5579041
5574418	2547353
5574418	4737491
5574419	4737491
5574420	2452049
5574421	4254632
5574422	2033298
5574422	8738869
5574422	11172987
5574422	11172988
5574422	11172989
5574422	11172994
5574422	11173008
5574423	2033298
5574423	8738869
5574424	2033298
5574424	8738869
5574425	1401028
5574425	11173016
5574426	2358826
5574426	11173021
5574426	11173023
5574426	11173027
5574426	11173029
5574426	11173033
5574426	11173037
5574426	11173043
5574427	2358826
5574428	4458105
5574429	1413608
5574429	11173052
5574429	11173056
5574430	2091142
5574430	11173058
5574430	11173063
5574430	11173065
5574430	11173067
5574430	11173072
5574430	11173075
5574431	2269288
5574431	2269293
5574431	11173082
5574431	11173091
5574431	11173094
5574431	11173100
5574431	11173102
5574432	2269288
5574432	2269293
5574433	1640062
5574434	330825
5574435	2269288
5574435	2269293
5574436	3596760
5574436	3596878
5574436	3596879
5574436	3650996
5574436	3651004
5574437	3962770
5574437	8650179
5574437	8657182
5574437	10175752
5574438	3737874
5574438	11173107
5574439	3436419
5574440	2912549
5574441	1655354
5574442	28943
5574442	10175788
5574443	660408
5574443	11173112
5574443	11173115
5574443	11173118
5574443	11173121
5574443	11173122
5574444	660408
5574444	1435145
5574445	20284
5574446	1841183
5574446	2352859
5574446	11173129
5574446	11173132
5574446	11173133
5574447	1025587
5574447	2077949
5574448	5194202
5574448	12365098
5574449	1025587
5574449	2077950
5574450	1860606
5574450	11173143
5574450	11173146
5574450	11173148
5574450	11173153
5574450	11173158
5574451	1860606
5574452	1860606
5574453	4664334
5574454	2648453
5574455	2648454
5574456	2648454
5574457	2763793
5574457	3184890
5574457	3460096
5574457	13160152
5574458	2843262
5574459	2763793
5574459	3184890
5574459	13969245
5574459	13969246
5574459	13969247
5574460	2763793
5574460	3184890
5574461	2869896
5574462	2869896
5574463	2732984
5574463	9072250
5574464	3184911
5574465	3184911
5574466	3184911
5574467	3184911
5574468	2272149
5574469	5573990
5574469	11173164
5574469	11173165
5574469	11173168
5574469	11173170
5574469	11173175
5574469	11173179
5574470	2548757
5574471	3184920
5574472	3184920
5574473	5573991
5574474	3184929
5574474	11173184
5574474	11173185
5574474	11173187
5574474	11173188
5574474	11173189
5574474	11173190
5574474	13166629
5574475	3184929
5574475	13231628
5574476	5573992
5574477	5573993
5574478	3184954
5574479	5573994
5574480	5573995
5574481	5573996
5574482	4667026
5574483	4967233
5574483	11174983
5574483	11174985
5574483	11174986
5574483	11174995
5574483	11174998
5574484	5078316
5574484	5078624
5574484	5717625
5574484	11175002
5574484	11175006
5574484	11175007
5574484	11175010
5574484	11175012
5574484	11175014
5574484	11175018
5574485	5573997
5574486	4674308
5574486	5573998
5574486	11175022
5574486	11175028
5574486	11175032
5574487	5090027
5574488	5573999
5574489	253488
5574489	530869
5574489	696589
5574490	1176639
5574490	11366179
5574491	1495735
5574491	1771304
5574492	2273664
5574493	2862238
5574494	3721383
5574494	10810554
5574495	3934292
5574495	9149859
5574496	4077314
5574497	5212517
5574498	22234
5574498	185103
5574498	401544
5574498	762054
5574499	847206
5574499	1035596
5574500	1657660
5574501	2007473
5574501	4577772
5574501	4577774
5574502	5579030
5574502	13144110
5574503	2014041
5574503	3761945
5574504	2014778
5574505	5579038
5574506	5154747
5574507	3410758
5574507	7636017
5574508	2044703
5574509	2547989
5574509	3290142
5574509	11778933
5574510	2091104
5574510	8677512
5574511	2547989
5574511	3290142
5574512	2299498
5574512	7525060
5574512	7765559
5574513	3713009
5574514	3713009
5574515	3713009
5574516	3713009
5574517	3713009
5574518	3713009
5574519	2547989
5574519	3290144
5574520	2301259
5574520	4298827
5574521	2547989
5574521	3290144
5574522	2547989
5574522	3290143
5574522	5739323
5574523	2457439
5574524	2537669
5574525	3903795
5574525	7891799
5574526	8698630
5574526	8698632
5574526	13385121
5574526	13385130
5574526	13385133
5574527	3361979
5574527	7957305
5574527	10713655
5574527	10713656
5574527	10713660
5574528	10672566
5574530	3458246
5574530	3734772
5574530	5296504
5574531	8040113
5574531	8040114
5574531	8040117
5574531	12828211
5574532	12655911
5574532	12655915
5574532	12655956
5574533	21674
5574534	3166151
5574535	13385223
5574535	13385224
5574535	13385226
5574535	13385228
5574535	13385229
5574535	13385230
5574535	13385233
5574535	13385246
5574535	13385266
5574536	3358346
5574537	3388819
5574539	1028174
5574541	1028174
5574542	4445309
5574547	1141000
5574548	8886541
5574550	952702
5574554	3407699
5574556	4494610
5574557	1880115
5574557	1880116
5574558	2249189
5574558	4494610
5574558	6933866
5574559	5579015
5574560	4494610
5574561	441792
5574562	5579021
5574562	8698687
5574562	10838884
5574563	3916498
5574564	5579022
5574565	2743650
5574565	9459182
5574565	10997762
5574565	10997763
5574566	34664
5574567	4494610
5574568	3914447
5574569	2751492
5574569	5574628
5574569	5574630
5574570	4460638
5574571	5579023
5574572	2751492
5574572	5371412
5574572	5574625
5574572	5842136
5574573	4655478
5574573	4655480
5574574	5579024
5574574	7466529
5574574	7466530
5574574	8571722
5574574	8762347
5574575	5579000
5574576	5579001
5574577	2751657
5574577	8756949
5574578	5579002
5574579	5579004
5574580	5351514
5574581	5579005
5574582	2753140
5574582	2753191
5574582	2754583
5574582	4240895
5574582	12829781
5574583	2258994
5574583	2258995
5574583	5579006
5574583	10717314
5574584	3912822
5574585	5579007
5574585	5579009
5574585	5579018
5574586	3912822
5574586	5803441
5574587	2753595
5574587	4068222
5574587	7024302
5574587	10150553
5574587	13690726
5574588	3912822
5574589	327236
5574590	2519473
5574590	2519474
5574590	2756922
5574590	12642317
5574591	2758864
5574591	4486508
5574591	5911545
5574591	6379858
5574592	1025740
5574593	2758865
5574593	5574602
5574593	5574603
5574593	8289607
5574594	3903710
5574595	3409252
5574596	2760954
5574596	5574616
5574596	8445178
5574596	12645785
5574596	12645786
5574597	1093991
5574598	1531539
5574598	2760955
5574598	2761004
5574598	9523927
5574599	3917089
5574600	3917089
5574601	1529450
5574602	5574593
5574603	5574593
5574604	2764804
5574605	319786
5574605	1213274
5574606	1717382
5574607	2764811
5574607	5644090
5574607	5644092
5574607	8129914
5574608	3910545
5574608	10057837
5574609	3910545
5574609	10057837
5574610	863326
5574611	2768878
5574611	5608550
5574612	3910545
5574612	10057837
5574613	2768878
5574614	3598500
5574615	2776265
5574615	5217864
5574615	11301712
5574616	2760954
5574616	2764900
5574616	5574596
5574616	5991737
5574616	7699822
5574616	12109546
5574616	13452432
5574617	3916871
5574618	3916871
5574618	9164239
5574618	9164241
5574619	1877562
5574620	3920003
5574621	3920003
5574621	9851076
5574622	2301273
5574623	2789148
5574623	6085959
5574623	6198082
5574623	10997764
5574623	10997765
5574624	2789179
5574624	2790296
5574624	5574637
5574624	9059641
5574625	5574572
5574626	2547197
5574626	2792765
5574626	3307342
5574626	5707870
5574626	10201475
5574627	3910687
5574628	2751492
5574628	5574569
5574629	2540459
5574630	5574569
5574631	2544955
5574632	2794059
5574632	3933492
5574632	6645861
5574632	8826623
5574632	10997766
5574632	13141322
5574633	2794059
5574633	5574640
5574633	8826625
5574633	11287799
5574633	11287802
5574633	13141322
5574634	2545857
5574635	2547843
5574635	2799006
5574635	2803386
5574635	3308726
5574635	10997767
5574636	2807675
5574636	3013772
5574636	6051380
5574637	2789179
5574637	5574624
5574638	2662150
5574639	2811609
5574640	5574633
5574641	2811861
5574641	5101906
5574641	5574661
5574641	10504874
5574641	11410426
5574642	2812972
5574642	2812980
5574643	2662927
5574644	2812973
5574644	2812978
5574644	4287390
5574644	5893911
5574644	5893913
5574644	5893915
5574644	9364273
5574644	10671333
5574645	2801783
5574645	10063545
5574646	2812981
5574646	13872366
5574647	2815189
5574647	3720201
5574647	11940050
5574648	3377099
5574649	3536353
5574650	2819452
5574650	5574858
5574650	6543271
5574651	3390622
5574652	2819453
5574652	2819472
5574653	2827309
5574653	5256802
5574653	5256803
5574653	5646601
5574653	10470119
5574654	3183727
5574654	3812919
5574654	5066264
5574654	5372339
5574654	8756168
5574654	11263739
5574654	11755829
5574654	13277410
5574655	2830253
5574655	5550832
5574656	3729413
5574657	3918229
5574658	5101021
5574659	3918229
5574660	2847491
5574660	5697416
5574660	5697417
5574660	5697418
5574661	5574641
5574662	2837214
5574662	5468125
5574662	8200582
5574663	35678
5574664	44088
5574664	2424200
5574664	2424201
5574664	2424202
5574665	3915260
5574666	3915260
5574667	2847816
5574667	5279354
5574667	5351744
5574668	2847816
5574668	5574809
5574668	5592924
5574668	10560477
5574669	2676727
5574669	2676774
5574669	2676923
5574669	5569239
5574669	5933913
5574670	55879
5574671	2847864
5574671	5574744
5574671	5673490
5574671	5673492
5574671	5673494
5574671	5673497
5574671	5673498
5574671	5673499
5574671	5673501
5574671	5673502
5574671	5673503
5574671	5673506
5574671	6887458
5574671	6887462
5574672	3903421
5574672	12780943
5574672	12780945
5574673	3903421
5574673	12780946
5574674	2869035
5574674	5616979
5574675	2869204
5574675	3962305
5574675	3962306
5574675	5646999
5574676	70084
5574677	2871141
5574677	5574739
5574677	5678109
5574678	3911832
5574678	10090335
5574678	12569550
5574679	2871298
5574679	6470522
5574680	2877263
5574681	2877263
5574682	3903566
5574683	168181
5574683	246313
5574684	3903566
5574685	70084
5574686	3910946
5574687	3910946
5574688	3910946
5574689	2670811
5574689	5569210
5574690	395613
5574690	395614
5574690	10153173
5574690	12349738
5574690	13575976
5574690	13575979
5574691	2668573
5574691	5569206
5574691	10163742
5574692	259199
5574693	510569
5574694	3914260
5574694	6475545
5574695	432759
5574695	432760
5574696	2236294
5574697	5569196
5574698	2236294
5574699	1771972
5574699	11655038
5574700	836975
5574701	2631954
5574701	5569188
5574701	13569871
5574702	1095681
5574702	5805692
5574703	2631840
5574703	5569182
5574704	2631840
5574704	5569180
5574705	3521976
5574706	2250255
5574707	808717
5574707	6049666
5574708	1950642
5574709	808717
5574709	6049666
5574710	2241155
5574711	3133065
5574712	3161773
5574713	3217434
5574714	3426255
5574716	4577855
5574717	4049115
5574718	4563345
5574719	4665542
5574719	10175815
5574720	1782081
5574720	2351501
5574721	3906628
5574721	10018950
5574722	1273520
5574723	27991
5574724	2587645
5574724	5569162
5574724	10849014
5574725	434818
5574725	485474
5574727	1522077
5574727	2587644
5574727	5569160
5574729	3909706
5574730	3909706
5574731	663830
5574732	3909706
5574733	5569158
5574734	5569156
5574735	5569155
5574736	941410
5574736	941567
5574737	3915888
5574738	3915888
5574739	2871141
5574739	5574677
5574740	3915888
5574740	6729758
5574740	6729760
5574741	1223650
5574742	1828703
5574743	1849025
5574744	2847864
5574744	5574671
5574744	6887462
5574745	2235914
5574745	2456631
5574746	3920745
5574747	2361129
5574748	3920745
5574749	1420816
5574749	5575482
5574749	10849268
5574750	3920745
5574751	2372885
5574752	3915889
5574753	2713181
5574754	1420821
5574754	5576276
5574754	6028020
5574755	3915889
5574755	9474495
5574756	1868002
5574756	6316946
5574757	2716243
5574758	3915889
5574759	2865344
5574760	3910802
5574760	9703097
5574761	3008801
5574761	3010305
5574761	3010306
5574762	3910802
5574762	6710631
5574762	6710632
5574763	3910802
5574763	9703097
5574764	3910802
5574765	3910802
5574766	3097129
5574767	3910802
5574769	3151407
5574769	6644321
5574769	6678712
5574769	6678713
5574769	9848226
5574770	5452164
5574771	3178644
5574772	2005557
5574772	5450974
5574772	5575475
5574772	11140100
5574772	14018924
5574772	14018925
5574773	3555029
5574773	5022898
5574773	10301370
5574774	3915932
5574774	7268560
5574775	3915932
5574776	5370600
5574776	5575471
5574776	12452843
5574776	13000867
5574777	4499557
5574778	1863038
5574778	9446309
5574779	3914118
5574779	9702977
5574780	3908969
5574780	10071831
5574780	13802629
5574781	713281
5574781	5576121
5574781	5576122
5574781	5577534
5574781	5582075
5574781	11035902
5574781	11035903
5574781	11523673
5574781	13191562
5574782	3904925
5574783	67205
5574784	3904925
5574785	3904925
5574786	5375192
5574787	3904925
5574788	3904925
5574789	3904925
5574790	5375189
5574791	398513
5574791	2248045
5574791	11008498
5574792	2548844
5574793	5375187
5574794	4512643
5574795	2548844
5574796	320508
5574797	4512643
5574798	292841
5574798	8453726
5574799	1164182
5574800	2011607
5574801	3733706
5574801	7172042
5574802	3733706
5574802	7172042
5574802	10873071
5574803	3915671
5574803	6577010
5574804	461177
5574805	449105
5574805	618647
5574805	2229796
5574806	1433924
5574807	5574820
5574807	12893169
5574808	1433924
5574809	5574668
5574810	2272811
5574811	2329603
5574812	2427952
5574813	2663270
5574814	5578998
5574815	1787028
5574816	2929227
5574816	10160974
5574817	3153882
5574817	5913503
5574817	9857680
5574817	9857681
5574817	9857682
5574818	4708063
5574819	3914574
5574819	10712770
5574820	5574807
5574821	3920681
5574822	4667205
5574822	4668137
5574823	4002164
5574823	4012814
5574824	3904870
5574824	9520909
5574825	3904941
5574825	13760298
5574826	3904941
5574826	13760298
5574827	1766267
5574827	5575470
5574827	5579570
5574827	6792046
5574827	10568207
5574828	3904941
5574828	13760298
5574829	4091060
5574829	4091511
5574830	3904942
5574830	8280345
5574830	9702995
5574831	3904943
5574831	9593749
5574831	10277906
5574831	13760298
5574832	3904947
5574832	9683604
5574833	4440128
5574834	3904947
5574835	3904948
5574836	3904948
5574837	3904948
5574838	1873066
5574838	5575230
5574838	5575239
5574838	5576663
5574838	5577647
5574838	5827962
5574838	5911114
5574838	5913137
5574838	6290189
5574838	6290190
5574838	9818295
5574838	11129071
5574838	12587531
5574838	13600777
5574838	13601098
5574838	13601101
5574838	13601113
5574838	13601125
5574838	13601134
5574838	13601693
5574839	3904948
5574840	3904948
5574841	3904948
5574842	3904949
5574842	12808660
5574842	12808661
5574843	3904949
5574844	3904950
5574845	644470
5574845	1992828
5574845	2428463
5574846	3904951
5574847	3904950
5574848	3904951
5574849	1516356
5574850	3904957
5574851	2040517
5574851	5575465
5574851	5582072
5574852	3904957
5574853	3904957
5574854	2007268
5574854	10160751
5574854	12008616
5574855	3904958
5574856	2081730
5574856	5576272
5574857	3904959
5574857	9110946
5574858	5574650
5574859	2331590
5574859	2428604
5574859	10161722
5574860	3905000
5574860	8458237
5574861	854317
5574861	1398765
5574861	2456341
5574862	3905001
5574863	2459378
5574864	854317
5574864	2456343
5574864	2456345
5574865	3905002
5574866	3905014
5574867	3905015
5574867	10156134
5574868	2969029
5574869	3905060
5574870	3905060
5574870	9683554
5574871	3905060
5574872	3052905
5574873	3905061
5574874	3409303
5574875	3409303
5574875	7636096
5574876	3409333
5574877	3905062
5574878	3409333
5574879	3905063
5574880	3130810
5574880	3468029
5574881	3905063
5574882	3905063
5574883	3405228
5574884	3905158
5574885	3905158
5574886	3905158
5574887	3905159
5574888	3905160
5574889	3905161
5574890	3905161
5574891	3698200
5574892	3905161
5574893	3905192
5574894	3734210
5574895	3905192
5574896	3905192
5574896	9593646
5574897	2361814
5574898	2447580
5574899	4009507
5574900	3905184
5574901	3905184
5574902	885193
5574902	3706733
5574902	5576271
5574902	6643151
5574902	7027056
5574903	3905184
5574904	3905185
5574905	3905186
5574906	66224
5574907	3706726
5574907	5575222
5574907	5785044
5574907	7536056
5574907	8143525
5574907	9023824
5574907	13805866
5574908	3905193
5574909	5575275
5574909	5575458
5574909	5575726
5574909	5576660
5574909	5577652
5574909	7794626
5574909	10018053
5574909	10018628
5574910	3905194
5574911	1839574
5574912	1230823
5574913	3907094
5574914	3907094
5574915	3907094
5574916	3704973
5574916	5575453
5574916	5579568
5574916	12457646
5574917	3907094
5574918	3907094
5574919	2537677
5574920	3907094
5574921	2721339
5574922	1274170
5574922	1967883
5574922	4189395
5574922	5575214
5574922	5582067
5574922	10310910
5574922	12647010
5574923	3909531
5574924	3909531
5574924	9623651
5574925	1615628
5574925	1616516
5574925	4185346
5574925	5023893
5574925	7826832
5574925	7845635
5574926	3909531
5574926	9623651
5574927	3909532
5574928	3909533
5574929	3909538
5574930	3909540
5574931	3116493
5574932	3911816
5574933	878586
5574933	2113672
5574933	3841530
5574933	4264875
5574933	5575216
5574933	5575915
5574933	11309835
5574934	3911817
5574935	3185393
5574936	742019
5574936	742020
5574936	837793
5574936	972506
5574937	4265120
5574937	5575450
5574937	5576119
5574937	5583153
5574937	14022196
5574938	3911846
5574938	9167528
5574938	13739628
5574939	4265074
5574939	5575191
5574939	5575193
5574939	5575399
5574939	5575400
5574939	8064327
5574940	3911847
5574940	5478211
5574940	5583363
5574941	5497842
5574942	4267359
5574942	5575198
5574942	5575202
5574942	5575213
5574942	5575598
5574942	5576117
5574942	5576118
5574942	5578701
5574942	6888423
5574942	8369726
5574942	8369728
5574942	11873944
5574942	12356381
5574943	3912660
5574944	3912660
5574945	1547709
5574946	3912426
5574946	11021534
5574946	12546546
5574946	12546549
5574946	12718744
5574946	12718745
5574947	1685011
5574947	4267328
5574947	5575447
5574947	5579564
5574948	3912425
5574948	12718741
5574948	12718742
5574949	3408988
5574949	8021225
5574950	843163
5574950	13311702
5574951	843163
5574952	3912661
5574953	4504264
5574953	5576273
5574953	5582061
5574953	5582066
5574953	5583154
5574954	3912661
5574955	843163
5574956	843163
5574957	2376270
5574958	3409096
5574958	7913622
5574958	13433762
5574959	3912663
5574960	3409107
5574961	3912664
5574962	2376270
5574963	3914112
5574964	3914112
5574965	2272117
5574965	3323674
5574965	3430362
5574965	3437246
5574965	3445319
5574965	3446161
5574965	3515862
5574965	4859596
5574965	5963960
5574965	6103853
5574965	6874547
5574965	9641001
5574965	10714363
5574965	12302871
5574966	851091
5574966	8400743
5574966	11984620
5574967	3914113
5574967	9513358
5574968	851091
5574968	8400743
5574968	10676522
5574968	13315452
5574968	13315453
5574969	3914113
5574970	3914155
5574971	3914154
5574972	4952952
5574972	5575183
5574972	5576665
5574972	5578705
5574972	8809296
5574973	5036768
5574974	3408667
5574974	6105961
5574975	3910861
5574976	5112370
5574976	5156033
5574976	5575259
5574977	4500720
5574978	4663342
5574979	826488
5574979	879179
5574979	1115587
5574979	10304942
5574979	10304943
5574979	10304944
5574980	826488
5574980	1115592
5574981	5128384
5574981	7707200
5574982	774891
5574982	5575321
5574983	788132
5574983	788138
5574983	788140
5574983	5575289
5574983	11585329
5574984	788132
5574984	788138
5574984	788140
5574984	3144643
5574984	11585329
5574985	788140
5574985	5575291
5574985	11585329
5574986	788140
5574986	3144643
5574986	11585329
5574987	70957
5574987	788132
5574987	788133
5574987	788136
5574987	788144
5574987	3144647
5574988	264173
5574989	3914156
5574990	3914156
5574990	10041875
5574991	3914156
5574991	9824639
5574991	10041875
5574992	900607
5574994	5584320
5574995	70957
5574995	788133
5574995	788136
5574995	3144647
5574996	70957
5574996	334106
5574996	334118
5574996	353021
5574996	374004
5574996	445794
5574996	3192808
5574997	2868503
5574997	12145766
5574997	13419182
5574998	2868503
5574998	12145766
5574999	2241027
5574999	3013786
5574999	5575316
5574999	6017218
5575000	2241027
5575000	3013786
5575000	5575317
5575000	6017224
5575001	2243055
5575001	5655931
5575001	7547370
5575001	7547372
5575002	2243055
5575002	5655931
5575003	2868498
5575003	8619892
5575004	2868498
5575005	2868512
5575005	7697233
5575005	13003275
5575005	13003276
5575006	2868512
5575006	13003277
5575007	3919364
5575007	5575303
5575007	10544356
5575008	3919364
5575008	5575305
5575008	10544356
5575009	3919364
5575009	5575293
5575009	10544356
5575010	3919364
5575010	5575292
5575010	10544356
5575011	1841709
5575011	2400999
5575011	9259855
5575012	3909535
5575013	3909536
5575013	8443031
5575014	3909534
5575015	3909534
5575015	8131097
5575016	3909534
5575017	794452
5575018	796886
5575018	7263608
5575019	3918371
5575020	3918369
5575021	3909539
5575021	9623588
5575022	3909539
5575022	7683120
5575022	9623588
5575023	3909539
5575023	9623588
5575024	48317
5575025	5575182
5575025	5575355
5575025	5575404
5575025	5576116
5575025	5582054
5575026	5439703
5575026	12990404
5575027	3909541
5575029	3909541
5575030	3909541
5575031	5280481
5575032	3909541
5575033	3909541
5575034	3909541
5575035	3909542
5575036	10098119
5575036	10187742
5575037	4419657
5575038	5575181
5575038	5575352
5575038	5575446
5575038	5579585
5575038	12780920
5575038	12780921
5575038	12780922
5575038	12998042
5575039	3909542
5575040	2732337
5575040	5575063
5575040	13666747
5575041	4419657
5575042	3909543
5575043	3909543
5575044	3909544
5575045	3909544
5575045	9851200
5575046	3909544
5575046	9851200
5575047	3909544
5575048	9730403
5575048	11512999
5575049	3909544
5575050	3909544
5575051	6140867
5575051	9730427
5575052	325387
5575052	5157178
5575052	5854144
5575053	3909545
5575054	5579563
5575054	6100595
5575055	3909545
5575056	772912
5575056	5575281
5575056	5619223
5575056	10879385
5575057	3909546
5575058	3909546
5575058	9731997
5575059	8801082
5575059	11527268
5575059	11527269
5575060	2732337
5575060	2732338
5575060	4700597
5575060	4870686
5575060	4872137
5575061	1094970
5575062	5086385
5575062	5229480
5575062	5241789
5575062	5575069
5575062	7969735
5575062	8558757
5575063	2732337
5575063	5575040
5575064	2539011
5575064	5419874
5575064	5419878
5575064	7173662
5575065	2954993
5575066	4498111
5575067	9733264
5575068	5068376
5575069	5086385
5575069	5228009
5575069	5575062
5575069	7969735
5575071	238732
5575072	2538495
5575072	8891360
5575073	2573673
5575074	3575395
5575075	4567031
5575075	5575278
5575076	139050
5575076	947703
5575077	3706983
5575078	772912
5575078	5575281
5575078	5619223
5575079	3706983
5575080	409483
5575080	506745
5575080	5575284
5575081	3907366
5575082	20973
5575083	20973
5575084	20973
5575085	4496931
5575086	20973
5575087	1135890
5575087	5575273
5575087	11092638
5575087	11093009
5575088	4167175
5575089	1686375
5575089	5575270
5575090	329310
5575091	5250867
5575092	3023358
5575092	5705615
5575092	7030544
5575093	869524
5575094	5251384
5575094	10890155
5575095	1160500
5575095	5575257
5575096	4976777
5575097	1091075
5575097	1129650
5575097	5575269
5575098	33464
5575098	51404
5575098	214109
5575098	214110
5575098	214112
5575098	404619
5575098	994671
5575098	2764342
5575099	11957
5575099	33464
5575100	2034572
5575101	749759
5575101	761910
5575101	9008572
5575102	2369411
5575102	5575244
5575103	2047537
5575105	1984585
5575105	5575247
5575105	7120771
5575105	7120778
5575105	10206257
5575107	10573634
5575108	10998972
5575109	2451183
5575109	2484697
5575109	5575248
5575110	9735598
5575111	2767894
5575112	5109136
5575112	5575290
5575112	5575294
5575112	5575528
5575113	2992310
5575114	3131628
5575115	2619225
5575116	4888508
5575117	3636126
5575118	2376338
5575118	8001756
5575119	321408
5575119	638695
5575120	680062
5575120	803375
5575121	321408
5575121	638695
5575122	2541355
5575123	594609
5575123	5575151
5575123	8545739
5575123	8545740
5575124	2542969
5575125	3578293
5575125	3578295
5575125	5575280
5575126	533870
5575127	594609
5575128	533870
5575129	3030567
5575129	3032871
5575130	3819319
5575131	5053329
5575131	6480566
5575131	7798990
5575132	533870
5575133	2208470
5575133	7189366
5575133	11556354
5575134	36964
5575134	199761
5575134	369792
5575134	940982
5575135	2218110
5575135	3550650
5575135	5066905
5575135	11456854
5575135	11456855
5575135	11456989
5575135	11456991
5575135	11456992
5575136	2539427
5575136	5578747
5575137	3727358
5575138	26613
5575139	3734254
5575140	3727629
5575140	13282885
5575141	3909135
5575142	3909135
5575143	778173
5575143	5578752
5575144	3132952
5575145	3636127
5575145	5578744
5575146	4012867
5575147	21267
5575147	594005
5575147	1127864
5575147	1221705
5575147	3636128
5575147	4618558
5575147	4942939
5575147	5749746
5575147	8222287
5575148	5435623
5575149	3300717
5575150	3636124
5575151	594609
5575151	5575123
5575152	3691490
5575152	7701234
5575153	246019
5575154	246019
5575155	3636130
5575156	3636121
5575156	5578738
5575156	6035119
5575156	12194073
5575157	1172610
5575158	1172610
5575159	2548938
5575159	3526651
5575159	3527258
5575159	3636120
5575159	3739617
5575159	4805383
5575159	10582593
5575160	5575192
5575160	11893484
5575161	3636119
5575161	5578740
5575161	7707739
5575162	2208976
5575163	3636118
5575163	5578743
5575164	1515064
5575164	1515245
5575164	12330918
5575165	3636117
5575166	3636137
5575167	2240647
5575168	3636115
5575168	5576680
5575168	8434454
5575169	3636138
5575169	5578728
5575170	2240647
5575171	3636138
5575171	5578728
5575172	3636138
5575172	5578733
5575172	5578735
5575173	322971
5575173	3420078
5575174	322971
5575175	322971
5575176	3636139
5575176	8288695
5575176	8288696
5575176	8288697
5575176	8289322
5575176	8289329
5575176	8289330
5575176	8289331
5575176	10923720
5575176	10923721
5575177	3636113
5575177	5576669
5575178	3636140
5575178	5576670
5575178	5578719
5575178	5578721
5575178	5578723
5575179	3636141
5575179	4777195
5575179	5578726
5575179	5578727
5575180	3636111
5575180	5466605
5575180	5576673
5575180	10582594
5575181	5575038
5575181	5692202
5575181	5692206
5575181	11268861
5575181	12780475
5575181	12780920
5575181	12780921
5575181	12780922
5575182	5575025
5575182	5575355
5575182	5630335
5575182	5851060
5575183	4952952
5575183	5574972
5575183	5575195
5575183	5575196
5575184	2025958
5575185	2025958
5575186	2025958
5575187	5539498
5575187	5579227
5575188	5539498
5575189	5539498
5575190	2977934
5575190	3072109
5575190	4634744
5575190	5032057
5575190	5032059
5575190	8265006
5575191	5574939
5575192	5575160
5575193	5574939
5575194	2425792
5575194	4533189
5575195	5575183
5575195	5576665
5575195	5578705
5575196	5575183
5575196	5576666
5575196	5578708
5575197	2383051
5575197	5575610
5575197	11737678
5575197	12386035
5575197	12386036
5575198	5574942
5575198	5575213
5575198	11873944
5575199	1021817
5575199	1440962
5575199	2038453
5575199	2597722
5575199	2597723
5575200	206667
5575200	1614152
5575200	5576668
5575200	5578711
5575200	9505027
5575200	11291680
5575201	3738573
5575202	5574942
5575202	5575209
5575203	3738573
5575204	3818708
5575205	3818708
5575206	3822217
5575206	6137765
5575206	6137934
5575207	49420
5575207	513448
5575207	2199542
5575207	5575607
5575207	10901000
5575208	4497899
5575209	5575202
5575209	5575213
5575209	5578701
5575209	5578702
5575209	5578704
5575209	11873944
5575209	12356381
5575210	5565076
5575211	2471237
5575211	5575605
5575212	1845291
5575212	5575600
5575213	5574942
5575213	5575198
5575213	5575209
5575213	5575598
5575213	11873944
5575214	1274170
5575214	1683243
5575214	4189395
5575214	5574922
5575215	2104402
5575215	3094699
5575215	3556771
5575215	3931631
5575215	4774419
5575215	5582346
5575215	5603648
5575215	10976481
5575216	5574933
5575216	5575233
5575217	63497
5575217	642191
5575217	877497
5575217	5575595
5575218	5247887
5575219	5785044
5575219	5785045
5575220	1951687
5575220	5575265
5575221	4206608
5575222	5574907
5575222	5575258
5575223	1107846
5575223	5575245
5575224	5575444
5575225	984535
5575225	4456531
5575225	5575593
5575226	5126819
5575226	5575243
5575226	5575246
5575227	3557413
5575228	5575441
5575228	7041897
5575229	159269
5575230	5574838
5575230	5575239
5575230	13600777
5575230	13601101
5575231	5575437
5575232	1365836
5575233	2113672
5575233	5575216
5575233	5578700
5575234	6294100
5575234	6294101
5575234	6294126
5575234	6294303
5575234	8230007
5575234	10760915
5575234	10760919
5575235	1141351
5575235	12330836
5575237	1820435
5575238	1546197
5575239	5574838
5575239	5575230
5575239	5576663
5575239	5911114
5575239	13600777
5575239	13601101
5575240	2180630
5575241	5575397
5575241	5583179
5575242	3888993
5575243	5575226
5575243	5575557
5575243	5899001
5575244	5575102
5575245	5575223
5575245	5576664
5575246	5575226
5575246	5575557
5575247	5575105
5575248	5575109
5575249	2037198
5575249	5575615
5575250	959824
5575250	10877755
5575250	10877756
5575250	10877757
5575250	10997768
5575250	10997769
5575251	5190892
5575251	5192108
5575252	1914599
5575252	5575603
5575252	12271140
5575253	1602195
5575254	5575552
5575254	8265008
5575254	8265010
5575255	5577519
5575255	5577520
5575255	6445527
5575255	7342079
5575255	7342080
5575255	7342081
5575255	13866677
5575256	5577525
5575257	5575095
5575258	3706783
5575258	5575222
5575259	5574976
5575260	1928323
5575261	1104983
5575261	5575551
5575262	2073585
5575262	2073587
5575263	297989
5575263	1347558
5575263	5575596
5575264	3624318
5575265	5575220
5575265	5576662
5575266	5575328
5575266	5575329
5575266	5575330
5575266	5575331
5575266	5575332
5575266	5575333
5575266	5575334
5575266	5575337
5575266	5575379
5575266	10353166
5575266	10353167
5575266	10353168
5575266	10353169
5575266	10353170
5575266	10353171
5575266	13760334
5575267	2159696
5575267	5575594
5575268	959824
5575269	5575097
5575270	5575089
5575271	5575342
5575271	5575344
5575271	5575377
5575271	8014406
5575271	8234665
5575271	8234666
5575271	8234667
5575271	8234668
5575271	11924508
5575272	966612
5575272	13521805
5575273	5575087
5575273	11092638
5575273	11093009
5575274	4406417
5575274	5575545
5575274	5575548
5575275	5574909
5575275	5575726
5575275	5576660
5575275	7469153
5575276	5575346
5575276	5575348
5575276	5575374
5575276	7962167
5575276	11061864
5575276	11792795
5575276	13137561
5575276	13137562
5575276	13137564
5575277	5176371
5575278	5575075
5575279	45708
5575280	5575125
5575280	5575537
5575280	10027658
5575281	5575056
5575281	5575078
5575281	9176776
5575282	5575324
5575282	5575371
5575282	6948976
5575282	6961391
5575283	695225
5575284	5575080
5575285	4915608
5575285	5575591
5575286	1831107
5575286	5575531
5575287	5297890
5575288	5286278
5575289	5574983
5575290	5109136
5575290	5575112
5575290	5575528
5575291	5574985
5575292	5575010
5575293	5575009
5575294	5109136
5575294	5575112
5575294	5575528
5575295	1240401
5575295	5575526
5575296	5575370
5575296	5575671
5575296	5577926
5575296	12474795
5575296	12474796
5575296	12500193
5575297	5575583
5575297	5575584
5575298	4963228
5575299	462858
5575300	1935231
5575300	1935767
5575300	2055298
5575300	5575518
5575300	10764996
5575301	4900541
5575302	1976222
5575303	5575007
5575304	132989
5575305	5575008
5575306	5147518
5575306	5889023
5575306	7759920
5575308	2647824
5575308	3520553
5575308	4855496
5575308	4855497
5575309	13057
5575309	5575566
5575310	1819962
5575311	4604682
5575311	5575575
5575312	5291020
5575312	5575573
5575313	2408605
5575313	2409224
5575313	5575496
5575314	987192
5575314	5575492
5575314	13969127
5575314	13969129
5575314	13969131
5575314	13969132
5575315	2178783
5575315	5575486
5575316	5574999
5575317	5575000
5575318	5066830
5575319	5575322
5575319	5575339
5575319	5575367
5575319	5575432
5575319	5575476
5575319	5575959
5575319	5579582
5575319	5579584
5575319	11560903
5575319	11560910
5575319	11560911
5575319	11560912
5575319	12572398
5575319	12572399
5575319	12962594
5575319	13338334
5575319	13338463
5575320	3212649
5575320	5575481
5575321	5574982
5575322	5575319
5575322	5575432
5575322	5575476
5575322	5579582
5575322	5579584
5575322	11560903
5575322	11560910
5575322	11560911
5575322	11560912
5575322	13338334
5575323	2247302
5575323	2255976
5575323	2988677
5575324	5575282
5575324	5575468
5575325	5575360
5575325	6094645
5575326	5575336
5575326	5575417
5575326	5582052
5575326	5585993
5575326	5585994
5575326	9980757
5575326	12685097
5575326	13374258
5575327	2328635
5575328	5575266
5575328	5575929
5575329	5575266
5575329	5575927
5575330	5575266
5575330	5575929
5575331	5575266
5575331	5575927
5575332	5575266
5575332	5575925
5575333	5575266
5575333	5575925
5575334	5575266
5575334	5575923
5575335	4926615
5575335	5575549
5575335	9150021
5575336	5575326
5575337	5575266
5575337	5575920
5575338	5490101
5575339	5575319
5575339	5575432
5575339	5579582
5575339	5579584
5575339	11560903
5575339	11560910
5575339	11560911
5575339	11560912
5575339	13338463
5575340	3925926
5575341	1616074
5575341	5575365
5575342	5575271
5575342	5575362
5575342	8014406
5575344	5575271
5575344	5575362
5575344	8014406
5575345	5575512
5575345	5575739
5575345	5576239
5575345	7429671
5575346	5575276
5575346	5575359
5575347	3797232
5575347	3797235
5575347	5575535
5575348	5575276
5575348	5575357
5575349	5575500
5575349	5579573
5575349	5795013
5575349	5795015
5575350	4614172
5575351	1819641
5575352	5575038
5575352	5579585
5575353	4605307
5575353	5575516
5575354	5199525
5575355	5575025
5575355	5575182
5575355	5851060
5575356	1952151
5575356	2075980
5575356	3373051
5575356	5575609
5575357	5575348
5575358	2913172
5575358	2913174
5575358	2913206
5575359	5575346
5575360	5575325
5575361	3516330
5575361	7041885
5575362	5575342
5575362	5575344
5575363	3544976
5575364	1680378
5575365	5575341
5575366	3636475
5575366	3639891
5575366	3639892
5575366	3639894
5575366	3639895
5575366	4331589
5575366	4331590
5575366	4331591
5575366	4331592
5575366	4331593
5575366	4331594
5575366	4331595
5575366	4331596
5575366	10364398
5575366	10364399
5575366	10364400
5575366	10364409
5575367	5575319
5575367	5575432
5575367	5579582
5575367	11560903
5575367	11560910
5575367	11560911
5575367	11560912
5575367	13338334
5575367	13338463
5575368	3647310
5575369	5419927
5575370	5575296
5575371	5575282
5575372	1436235
5575373	284364
5575374	5575276
5575374	11792809
5575375	5158329
5575376	5300234
5575376	9415082
5575376	9415084
5575376	12600341
5575377	5575271
5575378	4469313
5575379	5575266
5575380	5090498
5575381	2892836
5575382	5512025
5575383	547329
5575383	4265074
5575383	7555672
5575383	7555673
5575384	3643600
5575385	5568144
5575385	5570334
5575386	4235484
5575387	5568140
5575387	5570339
5575388	4235484
5575389	5568135
5575390	2320084
5575391	5179980
5575391	12173520
5575392	4265074
5575393	4265074
5575394	5568129
5575395	4265074
5575396	4265074
5575397	5575241
5575398	999057
5575399	5574939
5575400	5574939
5575401	3606539
5575402	5568127
5575403	4097155
5575404	5575025
5575405	5568125
5575405	5570347
5575406	2417475
5575407	5568125
5575409	5568123
5575410	240290
5575410	1645752
5575411	2161582
5575412	5230626
5575413	5230625
5575414	5230624
5575415	5230621
5575416	5230620
5575417	5575326
5575418	5230619
5575419	4450432
5575420	5230617
5575421	3576418
5575422	250010
5575423	5230616
5575424	5230122
5575425	5230121
5575426	5230120
5575427	5230116
5575428	5230115
5575429	5230114
5575430	5230113
5575431	5230112
5575432	5575319
5575432	5575322
5575432	5575339
5575432	5575367
5575432	5575476
5575432	5575959
5575432	5579582
5575432	5579584
5575432	11560903
5575432	11560910
5575432	11560911
5575433	5230111
5575434	5230110
5575436	5230109
5575437	5575231
5575438	1895723
5575438	1895884
5575438	1907463
5575438	1907465
5575438	1982696
5575438	3494692
5575438	7701931
5575438	9677705
5575438	9677707
5575439	5570676
5575439	6758242
5575440	5568119
5575441	5575228
5575442	5568115
5575443	1863788
5575443	9841021
5575444	5575224
5575446	5575038
5575447	5574947
5575448	5390934
5575448	5400139
5575448	5575451
5575448	5575455
5575448	5575456
5575448	5575459
5575448	5575462
5575449	5568116
5575449	10758252
5575449	13336988
5575450	5574937
5575451	5390934
5575451	5400139
5575451	5575448
5575451	5575455
5575451	5575456
5575451	5575459
5575451	5575462
5575451	5579559
5575452	5229976
5575453	5574916
5575454	5229974
5575455	5390934
5575455	5400139
5575455	5575448
5575455	5575451
5575456	5390934
5575456	5575448
5575456	5575451
5575457	5229972
5575458	5574909
5575459	5390934
5575459	5575448
5575459	5575451
5575460	5229971
5575461	5229970
5575462	5390934
5575462	5575448
5575462	5575451
5575463	5568113
5575463	12269585
5575464	5229969
5575465	5574851
5575466	5570683
5575467	5229967
5575468	5575324
5575469	5229966
5575470	5574827
5575471	5574776
5575471	11034674
5575472	5229964
5575473	5570683
5575474	1096460
5575475	5574772
5575475	11140100
5575476	5575319
5575476	5575322
5575476	5575432
5575476	5575959
5575476	5579582
5575476	5579584
5575476	11560903
5575476	11560910
5575476	11560911
5575476	11560912
5575476	13338334
5575476	13338463
5575477	5229963
5575479	5230107
5575480	5230106
5575481	5575320
5575482	5574749
5575483	5230105
5575484	5230104
5575485	5229980
5575486	5575315
5575487	5570691
5575488	5227287
5575489	5390925
5575489	5400143
5575489	5573371
5575489	5575493
5575489	5575495
5575490	5226786
5575491	5568112
5575492	5575314
5575493	5390925
5575493	5400143
5575493	5412204
5575493	5575489
5575493	5575495
5575493	7876654
5575493	9927589
5575493	12450481
5575493	12728075
5575493	12728077
5575493	13681437
5575493	13908866
5575494	5226806
5575495	5390925
5575495	5400143
5575495	5575489
5575495	5575493
5575496	5575313
5575497	5306367
5575498	5226819
5575499	5570692
5575499	12259247
5575500	5575349
5575501	5226837
5575502	5226841
5575503	5226843
5575504	5226986
5575505	5226993
5575506	61716
5575506	1355686
5575506	4879102
5575507	5226846
5575508	5229962
5575509	3490017
5575511	5229961
5575512	5575345
5575513	5229557
5575513	8813591
5575514	5229552
5575515	5229550
5575515	6344486
5575516	5575353
5575517	5229549
5575518	5575300
5575519	5229547
5575520	5228698
5575521	2595695
5575522	5386941
5575522	5573373
5575522	5576032
5575522	5576035
5575522	5576038
5575522	5576041
5575522	5576042
5575522	9212224
5575523	5227706
5575524	5226979
5575525	5386941
5575525	5573373
5575525	5576035
5575525	5576041
5575525	5576042
5575525	9212224
5575526	5575295
5575527	5226978
5575528	5575112
5575528	5575290
5575528	5575294
5575529	5226801
5575530	5226765
5575531	5575286
5575532	2925410
5575533	2360011
5575534	5225080
5575535	5575347
5575536	4328612
5575537	5575280
5575538	5225079
5575539	2397728
5575540	5225078
5575541	2640886
5575542	5005253
5575543	5225077
5575544	5225076
5575545	5575274
5575546	4125687
5575547	5225075
5575548	5575274
5575549	5575335
5575550	5226848
5575551	5575261
5575552	5575254
5575552	8265010
5575552	12669582
5575553	5226851
5575554	5226852
5575555	5226912
5575556	463040
5575556	3552960
5575556	4282850
5575557	5575243
5575557	5575246
5575558	5226920
5575559	5226925
5575560	5226927
5575561	4282848
5575561	9983520
5575562	2515730
5575563	5226974
5575564	4282848
5575564	4334424
5575565	3958896
5575566	5575309
5575567	5226975
5575568	5226981
5575569	909049
5575571	889661
5575571	4274299
5575571	4344783
5575572	4274298
5575572	9983518
5575573	5575312
5575574	5345245
5575575	5575311
5575576	5568109
5575577	3593283
5575577	5324589
5575577	7965117
5575578	5349290
5575579	1326450
5575579	4270755
5575579	4627155
5575579	9958156
5575579	11697985
5575580	1326450
5575580	4270755
5575580	12058158
5575581	4270755
5575581	4627059
5575582	920674
5575583	2565679
5575583	5575297
5575584	2565679
5575584	5575297
5575585	748126
5575585	9178952
5575586	4293911
5575587	4293911
5575588	4465427
5575588	4470288
5575589	285398
5575590	3330075
5575590	5347409
5575590	8084427
5575591	5575285
5575593	5575225
5575594	5575267
5575595	5575217
5575596	5575263
5575597	3391849
5575598	5574942
5575598	5575213
5575598	11873944
5575599	3053277
5575600	5575212
5575601	1171082
5575601	1171083
5575601	5565238
5575601	10857577
5575602	5568106
5575603	5575252
5575603	9133567
5575603	9161486
5575604	5573345
5575605	5575211
5575606	5568101
5575607	5575207
5575608	5568107
5575609	4674181
5575609	5575356
5575610	5575197
5575610	11737678
5575611	5573331
5575612	1796846
5575613	2099166
5575614	2784310
5575615	5575249
5575616	5573332
5575617	5573332
5575618	5569521
5575619	4533749
5575620	68991
5575620	5573333
5575620	9983517
5575621	971739
5575621	971740
5575621	971864
5575621	2787926
5575621	5309461
5575621	14006301
5575622	5573327
5575623	3559400
5575624	2849740
5575625	3284316
5575626	3559714
5575627	1441873
5575627	5575629
5575628	5539201
5575628	5539202
5575629	1441873
5575629	5575627
5575630	1682546
5575631	1092095
5575631	3178312
5575631	5573317
5575632	3835982
5575633	1092095
5575633	3178312
5575633	5573317
5575634	139306
5575635	1092095
5575635	3178312
5575635	5573317
5575636	3181528
5575636	5411303
5575637	5573308
5575638	5573309
5575638	9983515
5575639	5573340
5575640	5568155
5575641	5573340
5575642	801470
5575643	5573284
5575643	5575646
5575644	5288657
5575645	4584548
5575646	5574028
5575646	5574030
5575646	5575643
5575646	5633030
5575647	1302747
5575648	21504
5575648	1207168
5575649	5573281
5575650	21509
5575651	4237871
5575651	5442523
5575651	5573278
5575652	21509
5575653	21509
5575654	4165592
5575655	5573279
5575656	5369566
5575657	3493746
5575658	5575661
5575659	5573276
5575660	5225064
5575661	5575658
5575662	5573277
5575663	303584
5575664	5225063
5575665	5225062
5575666	5357012
5575668	5225061
5575671	2648450
5575671	5575296
5575671	5576189
5575672	5573255
5575673	4775325
5575674	1897244
5575675	371008
5575675	1355690
5575676	2201957
5575676	5933701
5575677	371008
5575677	1355690
5575678	5571928
5575678	9983511
5575679	1109739
5575679	1323544
5575679	5585543
5575679	13320896
5575680	891511
5575681	886214
5575681	1590410
5575682	886214
5575682	1590410
5575683	4992649
5575684	332443
5575684	737329
5575684	737330
5575684	737331
5575684	3662380
5575685	737331
5575685	737332
5575685	737333
5575685	737334
5575685	874582
5575685	874584
5575685	874585
5575685	5576188
5575686	5279495
5575687	1409539
5575687	11581657
5575688	745119
5575688	6274187
5575688	6737607
5575688	7948256
5575689	1627297
5575689	11581650
5575689	11946584
5575690	4546390
5575691	749147
5575692	1885868
5575692	2364884
5575692	5107357
5575692	5108478
5575693	3402552
5575693	7715430
5575694	3402552
5575694	6197031
5575694	6197685
5575695	3402572
5575695	3402817
5575695	5576186
5575696	2111559
5575696	2249858
5575696	2249859
5575696	6600052
5575696	11676763
5575697	5029294
5575697	6996201
5575698	2237764
5575699	2237764
5575699	6853922
5575700	5955
5575701	3559394
5575702	2570142
5575702	8982003
5575703	2432818
5575704	2432818
5575704	6003012
5575705	5568152
5575706	2423799
5575707	5568152
5575708	2423799
5575709	2162062
5575710	2549629
5575711	707328
5575711	1644896
5575711	4866983
5575711	5576185
5575712	2913682
5575713	1450151
5575714	4601287
5575714	4601290
5575715	5301601
5575715	8193738
5575715	11789976
5575716	3360562
5575716	6003012
5575717	3360562
5575718	3409390
5575719	4500894
5575719	5902892
5575720	38901
5575720	392041
5575720	827540
5575720	870459
5575720	5576184
5575721	2040497
5575721	2041992
5575721	2041993
5575722	3402341
5575722	3403687
5575722	5575735
5575722	5576183
5575723	687530
5575723	687531
5575724	3737195
5575724	3748728
5575724	5494783
5575724	5575734
5575725	2001261
5575726	5574909
5575726	5575275
5575727	930026
5575728	1549160
5575729	4599100
5575730	3053031
5575731	4502294
5575732	2785245
5575733	4502294
5575734	5575724
5575734	5578822
5575734	5590304
5575735	5575722
5575736	2060351
5575736	2060386
5575737	17283
5575737	477321
5575738	17283
5575738	2255932
5575739	5575345
5575740	872950
5575740	1279600
5575741	17283
5575741	2255932
5575742	17283
5575742	477321
5575743	2931943
5575744	4550721
5575744	4550722
5575745	21516
5575745	1179165
5575747	2724548
5575748	803699
5575748	949173
5575748	1319939
5575748	5581032
5575748	6778971
5575748	6778973
5575748	8389255
5575749	4653776
5575749	4653778
5575750	3925052
5575751	21527
5575752	21527
5575753	21527
5575754	4919214
5575755	21543
5575755	1120008
5575756	1057301
5575757	59928
5575757	1296858
5575758	59928
5575758	1296858
5575759	567919
5575760	5576057
5575761	5576182
5575762	5576181
5575763	5225060
5575764	5225058
5575765	1513354
5575765	5576179
5575766	1513354
5575766	5576178
5575767	5225057
5575768	5225056
5575768	6396838
5575769	3402343
5575769	5576177
5575770	3402343
5575770	5576175
5575771	5225054
5575772	3402343
5575772	5576175
5575773	5225053
5575774	5225074
5575775	5225073
5575776	5225072
5575777	5225071
5575778	5225070
5575779	5225069
5575780	5225068
5575781	5225067
5575782	5225066
5575783	5225065
5575784	5223693
5575785	5223696
5575786	1201997
5575786	5575800
5575786	5575830
5575787	5223704
5575788	5223705
5575789	5223708
5575790	684463
5575791	5224366
5575792	3402437
5575793	3402437
5575794	5224367
5575795	3402438
5575795	5576174
5575796	3402438
5575796	5576173
5575797	687932
5575797	1847554
5575797	2416337
5575797	2508123
5575797	5576170
5575798	5224368
5575799	5224369
5575800	1201997
5575800	5575786
5575801	5225052
5575802	5224444
5575803	5224442
5575804	5224440
5575805	5224439
5575806	5224438
5575807	5224437
5575808	5223695
5575809	5223663
5575810	5223689
5575811	5224380
5575812	5224381
5575813	5224382
5575814	5224383
5575815	5224384
5575816	5224385
5575818	5224386
5575819	3394367
5575819	4004956
5575819	5576169
5575820	5224387
5575821	5224388
5575822	5576167
5575823	5576166
5575824	5224389
5575825	5224370
5575826	5224371
5575827	5224372
5575828	3394382
5575829	5224373
5575830	10430
5575830	379675
5575830	444782
5575830	533907
5575830	1201997
5575830	3713534
5575830	5575786
5575830	8745420
5575830	8780332
5575830	9750981
5575830	9750982
5575830	9750983
5575830	11752000
5575830	11752001
5575830	11752002
5575830	12280331
5575830	12280332
5575830	13506766
5575831	5224374
5575832	634292
5575832	1085437
5575833	5224375
5575834	5224376
5575835	3402268
5575835	3403896
5575835	8212859
5575836	5224377
5575837	5224378
5575838	5224379
5575839	5223713
5575840	5223712
5575841	5223711
5575842	5223711
5575843	4497285
5575843	5223710
5575844	5223709
5575845	5223707
5575846	5223706
5575847	5223703
5575848	5223702
5575849	5224390
5575850	5224391
5575851	5224392
5575852	5224393
5575853	3402307
5575854	5224394
5575855	5224395
5575856	5576165
5575857	5223719
5575858	5223718
5575859	3371189
5575859	5576164
5575859	8716597
5575860	5223717
5575861	5223716
5575862	5223662
5575863	5223661
5575864	5222895
5575865	5222814
5575866	3392614
5575866	5576162
5575867	5223223
5575868	5222897
5575869	5222896
5575870	5222894
5575871	5223701
5575872	5223700
5575873	5223699
5575874	5223698
5575875	5223697
5575876	5223694
5575877	5223692
5575878	5223691
5575879	5223665
5575880	5223664
5575881	3371188
5575881	5576161
5575881	7371415
5575882	5210649
5575883	5211624
5575884	297738
5575884	344612
5575884	574175
5575884	4739343
5575884	9843133
5575884	9843137
5575885	5215068
5575886	5209098
5575887	3364632
5575887	5576160
5575888	5220105
5575889	3364632
5575889	5576159
5575890	5222813
5575891	594702
5575892	594702
5575893	5222812
5575894	594702
5575895	34785
5575895	4344783
5575896	3368215
5575897	5209987
5575898	5214242
5575899	5212123
5575900	5206938
5575901	5213833
5575902	5217290
5575903	5220155
5575904	5220159
5575905	5220169
5575906	5220170
5575907	5210679
5575908	5209273
5575909	5208891
5575910	5219359
5575911	5208773
5575912	5209158
5575913	5210636
5575914	5208739
5575915	5574933
5575916	5216442
5575917	5208748
5575918	5220158
5575919	3821936
5575919	5220149
5575920	5575337
5575921	5220142
5575922	5219337
5575923	5575334
5575924	5213849
5575925	5575332
5575925	5575333
5575926	5221379
5575926	6638903
5575926	12747595
5575927	5575329
5575927	5575331
5575928	5221377
5575929	5575328
5575929	5575330
5575930	5221376
5575931	5221375
5575932	5221374
5575933	5221117
5575934	5221369
5575935	5221371
5575936	5222028
5575937	5221378
5575938	5221116
5575939	5220918
5575940	5220162
5575941	5220161
5575942	5220160
5575943	5221361
5575944	5221360
5575945	5221359
5575946	5221358
5575947	5221357
5575948	5221356
5575949	5221355
5575950	5221354
5575951	5221353
5575952	5221352
5575953	5221373
5575954	5221372
5575955	5221370
5575956	5221368
5575957	5221367
5575958	5221366
5575959	5575319
5575959	5575432
5575959	5575476
5575959	5579582
5575959	11560903
5575959	11560910
5575959	11560911
5575959	11560912
5575960	2238838
5575960	5221364
5575961	5221363
5575962	5221362
5575963	5210242
5575963	5214649
5575964	3360640
5575965	5212527
5575966	5212530
5575966	5216299
5575967	531537
5575967	5576153
5575967	12018624
5575967	13032824
5575968	5220915
5575969	5220916
5575970	5220917
5575971	5220919
5575972	5573990
5575973	2996559
5575973	3364598
5575973	5576154
5575974	5210201
5575975	5573992
5575976	5218281
5575977	5221351
5575978	531539
5575978	5576153
5575978	12018624
5575978	13032827
5575979	5573996
5575980	5221350
5575981	5221349
5575982	3200011
5575982	4666102
5575982	5573998
5575983	5221348
5575984	3364606
5575984	5576150
5575984	12225382
5575985	5221346
5575986	2781695
5575986	5221345
5575986	5432193
5575986	6985799
5575987	5221344
5575988	3364609
5575988	5576148
5575988	5822348
5575988	12064795
5575989	5221343
5575990	3364609
5575990	5576147
5575990	5822349
5575990	12064795
5575991	5221342
5575992	5573438
5575993	5220138
5575994	5573398
5575994	5578084
5575994	5578085
5575995	5220139
5575996	5220140
5575997	5220141
5575998	3364611
5575998	5576145
5575998	12297345
5575999	5220143
5576000	5220144
5576001	5220145
5576002	5220146
5576003	5220147
5576004	5573362
5576005	5220148
5576006	5218402
5576007	2407169
5576007	5218403
5576008	5218413
5576009	5220921
5576010	5219425
5576011	5220001
5576012	5220089
5576013	5220093
5576014	5220101
5576015	5220102
5576016	5220166
5576017	5571696
5576018	5220166
5576019	5220166
5576020	5220166
5576021	5220167
5576022	5220168
5576023	5220231
5576024	239172
5576024	7865726
5576025	5220234
5576026	569604
5576026	1314536
5576026	4322732
5576026	5576144
5576027	569604
5576027	1314539
5576027	5576143
5576027	10755803
5576027	13570938
5576028	5220227
5576029	5220224
5576030	5220218
5576031	5220213
5576032	5575522
5576032	5576038
5576032	5576136
5576032	5576137
5576032	7694161
5576032	7694162
5576032	7694163
5576033	5220211
5576033	7174160
5576034	5220150
5576035	5574114
5576035	5575522
5576035	5575525
5576035	7694164
5576036	5220151
5576037	5220152
5576038	5575522
5576038	5576032
5576038	5576115
5576038	5576136
5576038	5576137
5576038	7694161
5576038	7694162
5576038	7694163
5576038	7694390
5576039	5220153
5576040	5220154
5576041	5574114
5576041	5575522
5576041	5575525
5576041	7694164
5576042	2531708
5576042	5386941
5576042	5573373
5576042	5574114
5576042	5575522
5576042	5575525
5576042	7694168
5576042	9212224
5576043	5220156
5576044	5220157
5576045	5220163
5576046	5220165
5576047	5220171
5576048	4665089
5576048	5220190
5576049	5220183
5576050	5219930
5576051	5210208
5576052	5210216
5576053	5210231
5576054	3347293
5576055	5210235
5576056	5210243
5576057	5575760
5576058	5210249
5576059	5210893
5576060	5211701
5576061	5211711
5576062	5211712
5576063	5576141
5576063	7973156
5576063	9393394
5576063	12430013
5576063	13443736
5576064	5211716
5576065	5212503
5576066	5576140
5576066	9393394
5576066	13044995
5576066	13624056
5576067	5212523
5576068	5212524
5576069	3342769
5576069	5576138
5576070	3342769
5576070	5576135
5576070	13945125
5576071	5212525
5576072	5217975
5576073	508263
5576073	4524012
5576073	5576134
5576074	2162986
5576074	2162987
5576074	3443840
5576074	3443844
5576074	4461527
5576074	4461528
5576074	4461529
5576074	4461532
5576074	4461537
5576074	4461563
5576074	4461564
5576074	4461638
5576074	4461639
5576074	4461640
5576074	4461642
5576074	5105578
5576074	7582018
5576074	7582019
5576074	12419287
5576074	12419302
5576075	5217999
5576076	5218243
5576077	5218278
5576078	5218280
5576079	5218394
5576080	3347199
5576081	3347199
5576082	5218395
5576083	3347199
5576084	3347199
5576084	13178617
5576085	5218396
5576086	5218397
5576087	3221065
5576087	3295072
5576087	4859508
5576087	7585999
5576087	8762250
5576087	8762251
5576087	8762252
5576087	8762255
5576087	10059895
5576087	11298133
5576087	11298134
5576088	5218398
5576089	3221039
5576089	4705406
5576089	4817146
5576089	5260415
5576089	5381500
5576089	5511175
5576089	5512101
5576089	5580838
5576089	5885511
5576089	6136732
5576089	6136733
5576089	6607559
5576089	7432069
5576089	7828436
5576089	8659248
5576089	8929613
5576089	8929614
5576089	8931155
5576089	10888118
5576089	12419274
5576089	12419278
5576089	12419279
5576089	13334085
5576089	13334187
5576089	13739543
5576089	13739559
5576089	13741978
5576090	5581034
5576090	5675734
5576090	6552454
5576090	6552455
5576090	7434426
5576090	7434427
5576090	8978511
5576090	8978518
5576091	5581036
5576091	5675728
5576092	3554194
5576093	812559
5576093	2638616
5576093	4858496
5576093	6138504
5576094	2091121
5576094	2178783
5576095	3330113
5576096	3327399
5576097	464586
5576097	3821840
5576098	464586
5576098	3821840
5576099	3330065
5576099	5145355
5576099	5576131
5576100	475455
5576100	478860
5576101	5576129
5576102	456737
5576102	5576128
5576103	458056
5576104	458056
5576105	462914
5576105	1703641
5576105	13608108
5576106	462915
5576106	5576126
5576107	2788213
5576107	5576108
5576107	5576109
5576107	5953744
5576108	5576107
5576109	5576107
5576110	132571
5576110	1529760
5576110	1767690
5576111	3312002
5576111	5576125
5576112	435089
5576112	453302
5576112	453340
5576112	453643
5576113	435088
5576113	435089
5576113	453302
5576114	3312003
5576114	5576124
5576115	5576038
5576115	7694161
5576115	7694162
5576116	5575025
5576117	5574942
5576117	11873944
5576117	12356381
5576118	5574942
5576118	11873944
5576118	12356381
5576119	4265120
5576119	5574937
5576120	2491688
5576120	11848646
5576120	11848648
5576120	11848649
5576120	11848650
5576121	713281
5576121	5574781
5576122	713281
5576122	5574781
5576122	5926710
5576123	3359249
5576124	5576114
5576125	5576111
5576126	1703358
5576126	5576106
5576127	4720590
5576128	5576102
5576129	5576101
5576130	2371908
5576131	5576099
5576132	5389598
5576133	5442256
5576133	5442258
5576134	5576073
5576135	5576070
5576136	5576032
5576136	5576038
5576137	5576032
5576137	5576038
5576138	5576069
5576139	5089649
5576140	5576066
5576140	9393394
5576141	5576063
5576141	7973156
5576141	9393394
5576142	5103050
5576143	5576027
5576144	236837
5576144	5576026
5576145	5575998
5576146	4249475
5576147	5575990
5576148	5575988
5576149	3066121
5576149	5576151
5576150	5575984
5576151	5576149
5576152	5018156
5576153	5575967
5576153	5575978
5576154	5575973
5576155	3477932
5576156	3477932
5576157	2543163
5576158	2543163
5576159	5575889
5576160	5575887
5576161	5575881
5576162	5575866
5576163	4588188
5576163	9809868
5576164	5575859
5576165	5575856
5576165	13446981
5576165	13446982
5576165	13446983
5576166	5575823
5576167	5575822
5576168	5535083
5576169	5575819
5576170	5575797
5576171	3154654
5576171	3252422
5576171	3252424
5576171	3252425
5576171	10352346
5576172	5041704
5576172	13650179
5576173	5575796
5576174	5575795
5576175	5575770
5576175	5575772
5576176	1143722
5576176	2111572
5576176	2501489
5576176	2501490
5576176	2501491
5576176	2501492
5576176	2703166
5576176	2703167
5576176	2703168
5576176	3159029
5576176	3159030
5576176	3159031
5576176	3159032
5576176	3159033
5576176	3159035
5576176	4590639
5576176	4603510
5576176	4603512
5576176	4603516
5576176	5048101
5576176	5048103
5576176	5048104
5576176	5048106
5576176	5659938
5576176	6581147
5576176	6581659
5576176	6581660
5576176	6581661
5576176	6581662
5576176	6581663
5576176	6581664
5576176	7039185
5576176	7421974
5576176	7938872
5576176	7938876
5576176	8292107
5576176	8292108
5576176	8307647
5576176	8598421
5576176	8633257
5576176	8633258
5576176	8633259
5576176	8633260
5576176	8633261
5576176	8633262
5576176	8861598
5576176	8861599
5576177	5575769
5576178	5575766
5576179	5575765
5576180	5093306
5576180	12376145
5576181	5575762
5576182	5575761
5576183	5575722
5576184	5575720
5576185	5575711
5576186	5575695
5576187	5109077
5576187	5174470
5576188	5575685
5576189	5575671
5576190	2111726
5576190	11526004
5576190	11526008
5576190	11702381
5576191	3154734
5576191	8812593
5576192	3154734
5576192	5353947
5576193	5576258
5576193	5579548
5576193	5936004
5576193	6070681
5576193	7274177
5576193	7274178
5576193	7274179
5576193	7876486
5576193	8597878
5576193	8683340
5576193	8844203
5576193	8844204
5576193	11183294
5576193	12360088
5576194	2235571
5576194	2235573
5576194	5471409
5576194	5576266
5576195	5576224
5576195	5576259
5576195	5586022
5576195	5946549
5576195	5946550
5576195	6112348
5576196	5576260
5576196	5579546
5576196	5579547
5576196	5580101
5576196	5586021
5576196	5752554
5576196	5946551
5576196	5946552
5576196	6112349
5576196	6644277
5576197	2725936
5576197	5576225
5576197	5576694
5576197	5586020
5576197	5586024
5576197	5859992
5576197	5936005
5576197	6112351
5576197	6994070
5576197	8046899
5576197	8508766
5576197	8509147
5576197	8509155
5576197	8511136
5576197	8511137
5576197	8723135
5576197	12389149
5576197	12389972
5576197	13598624
5576198	5576262
5576198	5577912
5576198	5586019
5576198	6615245
5576198	6897076
5576198	6897077
5576198	6897078
5576199	5576263
5576199	5586017
5576199	5586018
5576199	5586051
5576199	6112359
5576199	6138936
5576199	6138937
5576199	8233177
5576199	8233186
5576199	8233187
5576199	8233188
5576199	8233189
5576199	8233190
5576199	9359145
5576199	9359148
5576199	9359149
5576199	12510383
5576199	12888627
5576199	12888629
5576200	5576264
5576200	5578100
5576200	5759371
5576200	5957872
5576200	6626050
5576200	6774454
5576200	6774455
5576200	6774456
5576200	7957977
5576200	8486110
5576200	8486117
5576200	8510700
5576200	8925306
5576200	8925310
5576200	9776130
5576200	9776131
5576200	9776132
5576200	9776134
5576200	10124848
5576200	10964137
5576200	10964138
5576200	12729615
5576201	5576265
5576201	5946553
5576201	5946554
5576201	6112362
5576201	8846473
5576202	2611643
5576202	5576226
5576202	5576565
5576202	5578097
5576202	12724097
5576203	5244756
5576203	7804173
5576204	5290988
5576205	3658895
5576206	4008984
5576207	5553711
5576208	4081979
5576209	3466618
5576209	11133102
5576209	11133104
5576210	2572788
5576211	4217363
5576212	3211929
5576213	3358840
5576214	2497521
5576215	4110393
5576216	3640802
5576217	4450840
5576218	2565613
5576219	1203571
5576219	6808103
5576219	6808104
5576220	4289265
5576221	4598375
5576222	1740113
5576222	5561587
5576222	6331463
5576222	6784527
5576222	7360195
5576222	10997770
5576222	12997704
5576223	2238688
5576223	2238712
5576223	2956103
5576223	2956113
5576223	3043917
5576223	12865835
5576224	5576195
5576224	5586022
5576224	5921167
5576224	8322575
5576224	10849518
5576225	5576197
5576225	5586020
5576225	5859992
5576225	8390331
5576225	8509147
5576225	8509155
5576225	8511136
5576225	8511137
5576225	10849516
5576226	5576202
5576226	5578097
5576226	12723498
5576226	12724097
5576227	5598149
5576228	5598158
5576229	5598171
5576230	5598177
5576230	8911187
5576231	5490079
5576232	3407481
5576233	5389569
5576234	1461378
5576234	8066898
5576235	1266983
5576235	7261788
5576235	7728905
5576235	9738737
5576236	1266983
5576236	7728905
5576236	9738737
5576237	1266983
5576238	1266983
5576239	5575345
5576239	10145856
5576240	3398692
5576240	7562952
5576241	2322119
5576242	5524405
5576243	1816238
5576244	540172
5576245	2349845
5576246	1091080
5576247	5568121
5576248	872642
5576249	1511187
5576249	7977280
5576249	7977284
5576250	5524355
5576251	262812
5576252	237070
5576252	2796243
5576253	4533777
5576253	8088893
5576254	33281
5576255	3383162
5576256	1798929
5576256	6081822
5576256	9562421
5576256	10370560
5576256	10436855
5576257	4730749
5576257	8101403
5576258	5576193
5576259	5576195
5576260	5576196
5576261	12483
5576262	5576198
5576263	5576199
5576264	5576200
5576264	5759371
5576264	7957977
5576264	8486110
5576264	8486117
5576264	8510700
5576264	8925306
5576264	8925310
5576264	10124848
5576264	12729614
5576264	12729615
5576265	5576201
5576265	5946553
5576266	5576194
5576267	1336964
5576267	1336966
5576268	139457
5576269	4653149
5576269	4657802
5576269	6120104
5576269	7632365
5576270	5572653
5576271	5574902
5576272	5574856
5576273	5574953
5576274	5290159
5576275	1334597
5576276	5574754
5576277	3793388
5576278	4605023
5576279	5573426
5576280	4860237
5576281	5573424
5576282	5369667
5576283	5573302
5576284	2364941
5576284	2365978
5576285	5573240
5576286	2378884
5576287	5538487
5576288	2533209
5576289	5570968
5576290	2645010
5576290	5366481
5576290	5366482
5576291	5572892
5576291	5572893
5576292	5329117
5576293	4610772
5576294	1951112
5576295	3274799
5576296	5565273
5576297	5565084
5576297	5565085
5576297	7918637
5576297	7918639
5576297	7918641
5576298	4525379
5576298	4528107
5576298	6199553
5576298	7550832
5576298	8294725
5576298	9463773
5576299	1678402
5576299	5564426
5576300	1260921
5576301	5564399
5576302	4857026
5576302	4857027
5576303	3559401
5576304	1042546
5576305	4196680
5576305	5577466
5576306	4827455
5576306	4907301
5576306	9702522
5576307	254080
5576307	729901
5576307	1047961
5576307	1136819
5576307	1566037
5576307	11490278
5576308	5557224
5576309	5557222
5576310	5557223
5576311	5556850
5576312	5556559
5576313	4693483
5576314	4607619
5576315	4498243
5576316	2491692
5576316	5577463
5576317	4855542
5576317	5577464
5576318	4535482
5576318	5583146
5576318	5583147
5576319	3043432
5576320	3925798
5576321	2046178
5576322	3663442
5576323	4604304
5576323	8033867
5576324	4971009
5576325	2897086
5576326	400854
5576327	3725800
5576328	368523
5576328	645264
5576328	645266
5576328	1489194
5576328	1677149
5576328	5579545
5576328	6139916
5576329	4878925
5576329	5577462
5576330	1293320
5576330	1668328
5576330	1781790
5576330	2136624
5576330	3192815
5576330	3193299
5576330	4703784
5576330	5577514
5576330	5582045
5576330	5913004
5576330	6076295
5576330	6147431
5576330	6147432
5576330	6147436
5576330	6725007
5576330	8669660
5576330	8669661
5576330	9032608
5576330	10114633
5576330	12895492
5576331	1254731
5576332	680654
5576333	3940845
5576334	4450570
5576335	2120049
5576335	5583058
5576335	5583060
5576335	5583061
5576335	6157644
5576335	8947282
5576335	8947283
5576336	4092959
5576337	2584660
5576337	2584663
5576338	3357104
5576339	524445
5576340	1611313
5576340	5577508
5576340	5577511
5576340	5579543
5576340	5580115
5576340	5583057
5576340	8291754
5576340	11045858
5576341	2122843
5576342	97710
5576343	3876701
5576343	5577503
5576343	5577505
5576343	8386455
5576343	10482133
5576343	10482134
5576343	10482135
5576343	10482136
5576343	10482137
5576343	10482139
5576343	11320553
5576344	994648
5576345	1476909
5576345	5577496
5576345	5583053
5576346	889758
5576347	843941
5576347	1962207
5576347	2205218
5576347	5577500
5576347	5583052
5576347	6147443
5576347	6147444
5576347	6147445
5576347	8634783
5576348	713172
5576348	5197413
5576348	5576564
5576348	5578022
5576348	5656676
5576348	5845582
5576348	6074861
5576348	8634784
5576348	8638597
5576348	8638600
5576349	713172
5576349	5197413
5576349	5576563
5576349	5578022
5576349	6074885
5576349	8634784
5576349	8638597
5576349	8638600
5576350	5576562
5576350	5578026
5576350	5588832
5576350	5589030
5576350	6074865
5576350	8634785
5576350	8638233
5576350	9699441
5576351	5576561
5576351	5578023
5576352	5329737
5576352	5343260
5576352	5577482
5576352	8181693
5576353	2172191
5576353	2179867
5576353	2179868
5576353	4887179
5576353	5141825
5576353	5576560
5576353	5957873
5576353	6112363
5576353	8508728
5576353	8661471
5576353	8665562
5576353	12876499
5576354	5576559
5576354	5579254
5576354	5579255
5576354	6112364
5576355	5576558
5576355	5576692
5576355	5576693
5576355	5579536
5576355	8866068
5576355	10011098
5576355	10123330
5576355	10691611
5576355	12402998
5576355	13000868
5576356	5576557
5576356	5586004
5576356	5788430
5576356	6112365
5576356	6579395
5576356	6615393
5576356	6955717
5576356	11177214
5576356	12467157
5576356	12468435
5576356	12468438
5576356	13382230
5576356	13382231
5576357	5576555
5576357	5576556
5576357	5577911
5576357	5586002
5576357	5586003
5576357	6112366
5576357	6166378
5576357	6166379
5576357	6166380
5576357	6166381
5576357	11724483
5576357	11724484
5576358	4183462
5576358	4859954
5576358	5564287
5576358	6112367
5576358	6643140
5576359	5576554
5576359	5586008
5576359	5586010
5576359	5957874
5576359	5957875
5576359	6112368
5576359	6396469
5576359	8837785
5576359	13690737
5576359	13690739
5576360	5576553
5576360	5586001
5576360	6112370
5576360	6615140
5576360	7803503
5576360	8290939
5576360	8290940
5576360	8290941
5576360	10917177
5576360	13340920
5576361	5576552
5576361	5586011
5576361	5586013
5576361	6112372
5576361	11363663
5576362	4573746
5576362	5576551
5576362	5578061
5576362	6796940
5576362	6796952
5576362	6803374
5576362	12181963
5576363	3905059
5576364	5329736
5576364	5577483
5576364	5577485
5576364	5577486
5576364	5577487
5576364	5577488
5576364	5577489
5576364	5577490
5576364	5577492
5576364	5577493
5576364	8431163
5576365	3905059
5576366	3905059
5576366	4037062
5576367	5253276
5576367	5253711
5576367	5577470
5576368	3905257
5576368	11279913
5576369	3905257
5576369	4010132
5576369	13736645
5576370	3905258
5576370	13736601
5576371	5213109
5576371	5213115
5576371	5213118
5576371	5577471
5576371	5577472
5576371	8974582
5576372	5213109
5576372	5213115
5576372	5213118
5576372	5577473
5576372	5577474
5576373	3905258
5576374	4923156
5576374	5213103
5576374	5577475
5576374	5577476
5576374	5577477
5576374	5577478
5576374	5577479
5576374	5577480
5576374	5577481
5576374	5579539
5576374	6306838
5576374	8052234
5576374	8052235
5576374	8052236
5576374	8052238
5576374	8060459
5576374	9834721
5576375	5210853
5576375	5210964
5576375	5577467
5576375	5579538
5576375	8052232
5576375	12226899
5576375	12226900
5576375	12226901
5576376	5182056
5576376	5182123
5576376	5182128
5576376	5577469
5576376	5582043
5576376	5583698
5576376	8052231
5576376	9980762
5576376	12016474
5576377	959081
5576377	2814466
5576377	5576550
5576377	7290560
5576377	7290561
5576377	7566687
5576378	3909469
5576379	3909470
5576380	3909526
5576381	3909526
5576382	3909527
5576383	3909527
5576384	3909527
5576385	3909527
5576386	3909528
5576387	3909528
5576388	3909529
5576389	3909529
5576390	3909537
5576391	3909537
5576392	3909570
5576393	3909570
5576394	3909570
5576395	3909570
5576396	2254882
5576396	3909571
5576396	9490154
5576397	2254882
5576397	3909572
5576398	3910454
5576399	3910454
5576400	3910454
5576401	3910455
5576402	3910456
5576403	3910473
5576404	3910474
5576405	3910769
5576406	3910768
5576407	3910856
5576408	3910856
5576409	3910856
5576410	3910856
5576411	3910857
5576411	9731943
5576412	3910858
5576413	3910864
5576414	3910865
5576414	9562362
5576415	3910866
5576416	3910866
5576417	3910866
5576418	3910866
5576418	7107807
5576419	3910871
5576420	3910872
5576421	3910947
5576422	3910948
5576423	3911019
5576424	3911020
5576425	3911020
5576425	8187667
5576426	3911021
5576427	3911022
5576427	4830468
5576427	4830469
5576427	10018941
5576428	3911023
5576429	3911884
5576429	12571764
5576429	12571765
5576429	12571767
5576430	3911884
5576431	3911884
5576432	3911885
5576433	3911886
5576433	10971120
5576433	10971121
5576434	3911935
5576435	3911936
5576435	3911937
5576436	3912424
5576437	3912424
5576438	3912620
5576439	3912620
5576440	3912620
5576441	3912620
5576442	4681919
5576442	4681920
5576443	3912620
5576444	3912620
5576445	3912620
5576445	5576446
5576446	3912620
5576446	5576445
5576447	3912621
5576448	3912622
5576449	3912621
5576450	3912622
5576451	3914081
5576452	3914117
5576453	3914117
5576453	10041855
5576454	3914117
5576454	10041855
5576455	5576456
5576455	5576472
5576455	5576473
5576456	5576455
5576460	5576467
5576460	5576471
5576460	5584312
5576460	6177611
5576460	6177613
5576461	5576465
5576461	5576469
5576461	5576470
5576462	5576464
5576462	5576466
5576462	5576468
5576463	5576474
5576463	5576475
5576464	5576462
5576464	10480741
5576464	13156585
5576465	5576461
5576466	5576462
5576466	10193236
5576466	13105375
5576466	13105376
5576466	13105377
5576467	5576460
5576467	13127909
5576467	13254434
5576468	5576462
5576469	5576461
5576470	5576461
5576470	5587700
5576471	5576460
5576472	5576455
5576473	5576455
5576474	5576463
5576475	5576463
5576476	4696159
5576477	5346095
5576478	4801718
5576479	443600
5576480	2360505
5576480	5576483
5576480	5576484
5576480	13621584
5576481	2360505
5576481	5576483
5576481	5576484
5576481	13621584
5576482	2360505
5576482	5576483
5576482	5576484
5576482	13621584
5576483	2360505
5576483	5576480
5576483	5576481
5576483	5576482
5576483	13621584
5576484	2360505
5576484	5576480
5576484	5576481
5576484	5576482
5576484	5576485
5576484	13621584
5576485	2360505
5576485	5576484
5576485	13621584
5576486	5576549
5576486	5576684
5576486	5576685
5576486	6112373
5576486	6117693
5576486	6117694
5576486	8830927
5576486	8830928
5576486	10928984
5576486	11813461
5576487	1164678
5576487	4472632
5576487	5410869
5576487	5576548
5576487	7823576
5576487	13340919
5576488	5576547
5576488	5576686
5576488	5576687
5576488	5578010
5576488	5586000
5576488	7291197
5576488	8450553
5576488	8739943
5576488	9033431
5576488	9033432
5576488	9033434
5576488	9033435
5576488	9033436
5576488	9033440
5576488	9033441
5576488	9033442
5576488	9033443
5576488	9033451
5576488	9033453
5576488	9033455
5576488	9033464
5576488	9033465
5576489	5576546
5576489	5577910
5576489	5580269
5576489	5580271
5576489	5580272
5576489	5580276
5576489	5580284
5576489	5580295
5576489	5585999
5576489	5726751
5576489	11603967
5576490	5576545
5576490	5576688
5576490	8094392
5576491	5576544
5576491	5576689
5576491	5579531
5576491	5580163
5576491	5580168
5576491	5580986
5576491	6792546
5576491	8348812
5576491	8667230
5576492	5576543
5576492	5576690
5576492	5579533
5576492	8848081
5576492	12445604
5576492	13000869
5576493	4553312
5576493	5585997
5576493	5585998
5576493	5924653
5576493	6644911
5576494	5576542
5576494	5585996
5576494	6112376
5576494	9683735
5576494	9775463
5576494	10164353
5576495	5576541
5576495	5576691
5576495	5578012
5576495	6619032
5576495	12997195
5576496	10205511
5576497	13720594
5576499	3092730
5576499	9961362
5576499	9961363
5576500	3092730
5576500	5578673
5576500	5911262
5576501	3092730
5576502	3502133
5576503	3092730
5576509	3958714
5576510	2425824
5576510	3620818
5576510	5560480
5576510	5576511
5576511	2425824
5576511	3620818
5576511	3620820
5576511	3620821
5576511	5560480
5576511	5576510
5576512	1030602
5576513	289565
5576514	313108
5576515	1064145
5576516	298533
5576517	298533
5576518	1064145
5576519	5168423
5576520	4529725
5576521	3820313
5576522	3820313
5576523	3820313
5576523	5576524
5576524	3820313
5576524	5576523
5576525	3820313
5576526	3820313
5576527	28294
5576527	1271937
5576528	3210904
5576530	1514268
5576531	275566
5576532	1845236
5576533	3912839
5576534	5176343
5576535	5176343
5576536	5176342
5576536	5576537
5576537	5176342
5576537	5576536
5576538	166658
5576538	247844
5576538	5577121
5576538	5819346
5576538	5819347
5576538	9679847
5576539	166658
5576539	247844
5576539	5577121
5576539	5610585
5576539	13940651
5576540	68694
5576540	231327
5576540	5585003
5576540	5923421
5576540	10997771
5576541	5576495
5576542	5576494
5576543	5576492
5576544	5576491
5576545	5576490
5576546	5576489
5576547	5576488
5576548	5576487
5576549	5576486
5576550	5576377
5576551	5576362
5576551	6796940
5576551	6796952
5576552	5576361
5576553	5576360
5576554	5576359
5576555	5576357
5576556	5576357
5576557	5576356
5576558	5576355
5576559	5576354
5576560	5576353
5576561	5576351
5576562	5576350
5576563	5576349
5576564	5576348
5576565	5576202
5576566	2359703
5576566	2360392
5576566	3081892
5576566	5210603
5576566	5446856
5576566	5582292
5576566	6858938
5576567	3519722
5576567	4668341
5576567	4668343
5576567	5676644
5576567	6945474
5576568	3519722
5576568	4668345
5576569	3808759
5576569	5584999
5576570	3808759
5576570	5024221
5576571	953831
5576571	5584997
5576572	2045349
5576572	5498949
5576572	7026304
5576572	9965396
5576573	2406415
5576573	5585039
5576573	5601522
5576574	2406415
5576574	5584992
5576574	5601522
5576574	9820780
5576575	2406368
5576575	4368498
5576576	2492894
5576576	2519642
5576577	3360206
5576577	10514059
5576577	10997772
5576577	10997773
5576578	3360206
5576578	6328892
5576578	10514060
5576578	13783407
5576579	3360206
5576579	5824155
5576579	5824156
5576579	5824158
5576579	5824159
5576579	5824160
5576579	5824161
5576579	5824163
5576579	5824164
5576580	2395932
5576580	5584987
5576580	8724993
5576580	13650607
5576581	2395932
5576581	5584984
5576581	5623004
5576581	8724994
5576582	3168497
5576582	3590325
5576582	3590327
5576582	6302131
5576582	11206943
5576583	3168497
5576583	3590326
5576583	3590328
5576583	5806633
5576584	3818903
5576584	4855399
5576585	3818903
5576585	4855401
5576586	2018746
5576586	5579870
5576586	5584977
5576586	9085778
5576587	2018746
5576587	5579870
5576587	5584976
5576587	12736082
5576587	12736084
5576588	3730508
5576588	5584975
5576588	6579698
5576589	2314900
5576589	3509789
5576589	7560671
5576590	2314900
5576590	3509791
5576590	5717350
5576590	10997774
5576591	2546729
5576591	5632989
5576591	7092723
5576592	2546729
5576592	5632989
5576592	7422949
5576593	2546729
5576593	5632989
5576593	7422949
5576593	7993358
5576593	7993359
5576594	2546729
5576594	5632989
5576595	4979563
5576595	5584968
5576595	5584969
5576595	5584970
5576595	5584971
5576596	1845481
5576596	5584804
5576596	5584956
5576596	5584958
5576596	13719430
5576597	1845481
5576597	5584804
5576597	5584955
5576597	5584957
5576598	2642044
5576598	5584943
5576598	10877758
5576598	10997775
5576598	10997776
5576599	4666009
5576599	5716934
5576599	5716935
5576599	10268269
5576600	3185249
5576600	5578444
5576601	3185249
5576601	5578444
5576601	9841760
5576602	2956596
5576602	5584861
5576602	5862737
5576602	5862744
5576603	997513
5576603	5815488
5576603	12866335
5576604	997513
5576604	5584859
5576604	6471922
5576605	2954216
5576605	4526605
5576606	2663079
5576606	4311742
5576606	5584856
5576607	2663079
5576607	4311741
5576607	5584855
5576607	13448537
5576607	13448539
5576607	13448584
5576608	3131720
5576608	6290340
5576609	3131720
5576609	6290340
5576610	3151544
5576610	3151545
5576610	4311586
5576610	5656910
5576611	3151544
5576611	8546730
5576612	2549493
5576612	3513653
5576612	5377302
5576612	5430740
5576612	5914488
5576612	5914490
5576612	5914494
5576612	5914496
5576612	6118653
5576612	6599781
5576612	8860949
5576612	9061527
5576613	3393189
5576613	4116218
5576613	5546977
5576613	5546980
5576614	3434237
5576614	5625175
5576615	3824432
5576615	5584709
5576616	3824432
5576616	5584706
5576617	3171946
5576617	5860055
5576617	5860061
5576617	5860063
5576617	5860067
5576617	5860068
5576617	5860070
5576617	5860073
5576617	5860075
5576617	5860077
5576618	4664563
5576618	5584704
5576618	6144828
5576619	250899
5576620	1095504
5576620	5584703
5576621	2713492
5576621	5584569
5576621	9700238
5576622	507001
5576623	4310529
5576623	5680539
5576624	4651858
5576624	5584564
5576624	5584565
5576624	5584566
5576624	12565690
5576625	4651858
5576625	5584560
5576625	5584561
5576625	5584563
5576625	5713835
5576625	5713836
5576626	507001
5576627	5135012
5576627	5135852
5576628	1095620
5576628	5584557
5576628	5762129
5576628	10184453
5576629	2640185
5576630	4015698
5576630	5582661
5576631	2956387
5576631	3788294
5576632	2956387
5576632	3788294
5576632	5648265
5576633	4905015
5576633	4908744
5576633	4914149
5576633	8931893
5576633	9769672
5576633	11734514
5576634	5095920
5576634	5584522
5576634	6388828
5576634	6388829
5576635	4665381
5576635	4748217
5576635	6314136
5576636	4665381
5576636	6314136
5576637	298993
5576638	1023867
5576638	2689651
5576638	5584518
5576638	7579883
5576639	3420011
5576639	4142670
5576640	3474354
5576640	5584505
5576640	10013524
5576641	2643105
5576641	4378993
5576641	5584504
5576642	5054335
5576642	5702686
5576642	6439101
5576643	2074366
5576643	7060709
5576643	9865443
5576644	4102979
5576644	5584491
5576644	5584502
5576644	10574071
5576645	3023839
5576645	4855990
5576646	2111907
5576646	2991715
5576646	4905661
5576646	5283101
5576646	5596731
5576646	9774833
5576647	2111907
5576647	2991714
5576647	5935846
5576647	6602224
5576647	7632794
5576647	9774833
5576647	10055023
5576647	11983186
5576648	3387491
5576648	5584487
5576648	5708838
5576649	3387491
5576649	5584486
5576649	5622314
5576650	2387606
5576650	5584483
5576651	2387606
5576651	5584482
5576651	5584501
5576652	2835729
5576652	2851415
5576652	5584478
5576652	5584489
5576652	6833933
5576652	6838037
5576653	2015292
5576653	5584476
5576653	5584477
5576654	2273931
5576654	2274541
5576654	2548479
5576655	2548479
5576655	8969468
5576656	4495955
5576656	5584473
5576656	6046934
5576657	3349513
5576657	4210017
5576657	5596734
5576657	10997777
5576658	3349513
5576658	4210018
5576659	3073367
5576660	5574909
5576660	5575275
5576660	5577652
5576660	10018053
5576661	3073367
5576662	5575265
5576662	5577651
5576663	5574838
5576663	5575239
5576663	5577647
5576663	11129071
5576663	13600777
5576663	13601134
5576664	5575245
5576664	5577645
5576665	5574972
5576665	5575195
5576665	5577642
5576665	5578705
5576666	5575196
5576666	5577641
5576667	3726576
5576668	5575200
5576668	5577638
5576668	12399737
5576668	12399738
5576668	13608166
5576669	5575177
5576669	5577636
5576670	3636140
5576670	5575178
5576670	5577635
5576671	299348
5576672	1368295
5576673	5575180
5576673	5577633
5576673	8377544
5576674	258766
5576675	522153
5576676	1918201
5576677	3832511
5576678	25449
5576679	3636137
5576679	5577631
5576680	3636115
5576680	3640644
5576680	5575168
5576680	5577630
5576680	8434454
5576680	13164567
5576681	2272803
5576681	2853236
5576681	2943169
5576681	5708705
5576681	6210690
5576681	6394042
5576681	6469867
5576681	6942112
5576681	9159537
5576681	12870044
5576682	1365251
5576682	5577629
5576683	3368513
5576683	5577609
5576684	5576486
5576685	5576486
5576686	5576488
5576686	8450553
5576687	5576488
5576688	5576490
5576689	5576491
5576690	5576492
5576691	5576495
5576692	5576355
5576693	5576355
5576694	5576197
5576695	3818839
5576696	3689852
5576697	3689852
5576698	998952
5576698	5577606
5576699	3689852
5576700	2911757
5576700	5577437
5576701	3158724
5576701	3715394
5576701	8455583
5576702	3360295
5576703	3360295
5576704	2646425
5576705	237828
5576706	405769
5576706	4915318
5576706	9954238
5576706	9954239
5576706	10078575
5576706	10078578
5576706	12939565
5576707	3689227
5576707	13814543
5576708	2012178
5576709	2012178
5576709	9474491
5576709	13769416
5576710	2012145
5576710	13765678
5576711	3907478
5576711	6624980
5576712	3907478
5576712	13763878
5576713	2512564
5576714	792069
5576715	3133091
5576716	762151
5576716	1562830
5576716	5593891
5576718	882157
5576718	1234393
5576718	1237172
5576718	2100059
5576718	4454723
5576718	4646149
5576718	5627492
5576719	2648831
5576719	9732107
5576719	9766015
5576720	2648831
5576720	9593631
5576720	9724425
5576720	9732107
5576720	9766006
5576720	9766013
5576721	5984
5576722	5984
5576723	455823
5576724	620483
5576725	5460854
5576726	4421641
5576727	2232856
5576727	4418217
5576728	631257
5576729	272600
5576729	631257
5576729	633074
5576730	631257
5576732	780110
5576733	1474404
5576734	8301285
5576736	5640860
5576737	5640861
5576738	5640862
5576739	5643170
5576740	5643171
5576741	5643172
5576741	6565651
5576742	25130
5576742	187991
5576742	454789
5576743	28868
5576744	31812
5576746	42609
5576747	5576918
5576747	5577978
5576747	8005620
5576747	10186481
5576747	10186482
5576747	10186483
5576747	10186485
5576747	12884820
5576748	5576917
5576748	5579542
5576748	5585995
5576748	5586048
5576748	5694956
5576748	5694964
5576748	5694965
5576748	5694966
5576748	5694967
5576748	5694968
5576749	460811
5576749	1236172
5576749	2401797
5576749	5576914
5576749	5579251
5576749	5579252
5576749	5579253
5576749	5579541
5576749	5580246
5576749	5580251
5576749	5580255
5576749	10605717
5576749	11292207
5576749	11292208
5576749	11292209
5576749	11292210
5576749	11292211
5576749	11292212
5576749	13397520
5576749	13397521
5576750	2614514
5576750	5577909
5576750	5577981
5576750	5579540
5576750	5580245
5576750	7592134
5576750	11573523
5576751	5576912
5576751	5577982
5576751	5579537
5576751	5579717
5576751	5580879
5576751	6112377
5576751	6954149
5576751	7415091
5576751	9962694
5576752	5576911
5576752	5580240
5576752	5580243
5576752	6469917
5576752	6469918
5576752	8975612
5576752	8975613
5576753	5576910
5576753	5579532
5576753	5579534
5576753	5579535
5576753	5579719
5576753	5580239
5576753	6929981
5576753	8893678
5576753	12557655
5576753	13704585
5576754	1199152
5576754	5577096
5576754	5579513
5576754	5579530
5576754	5579720
5576754	5580237
5576754	5801288
5576754	5809688
5576754	7464902
5576754	9312044
5576754	10542674
5576754	12707630
5576754	13666149
5576755	5576907
5576755	5579528
5576755	5579721
5576755	5580236
5576755	5585990
5576755	5585991
5576755	7666892
5576755	11588639
5576755	11588640
5576755	11591338
5576756	5576905
5576756	5580231
5576756	5580233
5576756	5580235
5576756	5585988
5576756	5585989
5576756	6611443
5576757	5645342
5576758	5645343
5576759	47957
5576759	1107016
5576759	9727792
5576760	52475
5576760	215177
5576760	1057133
5576760	10208860
5576761	5647155
5576762	140463
5576762	274110
5576762	10121400
5576764	328635
5576764	10160984
5576765	161562
5576765	252954
5576765	395048
5576765	2223546
5576766	519418
5576766	614307
5576767	754838
5576768	1024336
5576768	1673679
5576769	2237009
5576769	3780496
5576769	5578800
5576769	5578801
5576769	5578806
5576769	5578809
5576769	5578810
5576769	5578816
5576769	6909587
5576770	1026722
5576770	2613886
5576771	1026804
5576773	1027869
5576774	9161930
5576775	1125479
5576776	1432084
5576776	13608951
5576777	1144623
5576777	3695336
5576778	1468143
5576779	1550913
5576780	1761900
5576780	7928049
5576781	1789142
5576782	1796730
5576782	7499409
5576783	3222795
5576784	3222795
5576785	5577422
5576786	3161700
5576787	3161700
5576788	1823648
5576789	1938887
5576790	2053812
5576790	3884333
5576791	2238815
5576791	9469375
5576792	2241174
5576793	2248884
5576794	2251234
5576795	2273834
5576796	2386849
5576797	2408156
5576798	2458500
5576799	2542603
5576800	2549015
5576800	5675190
5576801	2554169
5576802	2631795
5576802	8227513
5576803	2542603
5576803	5577411
5576803	8484163
5576804	2741472
5576805	2905563
5576806	2979206
5576806	10660445
5576806	13879029
5576807	3142580
5576808	3144519
5576809	3168160
5576810	3174854
5576811	1689655
5576811	4940089
5576811	5577405
5576811	5577408
5576812	3201878
5576813	3202319
5576814	3202683
5576815	3308300
5576816	3364629
5576817	3419879
5576817	7014110
5576817	7014115
5576817	13558941
5576817	13558943
5576818	3428469
5576819	3442165
5576820	3564976
5576821	3600717
5576822	3730664
5576823	3912625
5576824	3914511
5576825	3916513
5576825	10236439
5576826	4013267
5576827	935199
5576827	3697447
5576828	4172104
5576828	4962405
5576828	9815981
5576828	10117530
5576829	4279700
5576830	4455651
5576830	5579455
5576830	5579558
5576830	5580013
5576830	5580027
5576830	5580030
5576830	6694275
5576830	7296480
5576830	7296481
5576830	12727828
5576830	12727832
5576831	4350119
5576831	10810557
5576832	4497865
5576833	4519924
5576833	7586015
5576833	7588197
5576833	7588201
5576834	4833052
5576835	4915367
5576836	4980096
5576837	749159
5576838	5071312
5576838	9818018
5576839	921666
5576839	5578674
5576839	5578678
5576839	5739137
5576840	4010991
5576840	4919404
5576840	6533740
5576840	7991107
5576841	4628761
5576841	4919404
5576841	5578685
5576842	5076214
5576843	5434706
5576844	21486
5576845	22934
5576845	185802
5576846	2518027
5576846	3867591
5576846	5578668
5576847	3442279
5576848	3442279
5576849	4220932
5576849	4221029
5576849	4222255
5576849	4222534
5576850	4220932
5576850	4222258
5576850	4222260
5576850	4222535
5576850	4236199
5576851	2011578
5576852	2011578
5576853	2011578
5576854	2011578
5576855	2011578
5576856	2011578
5576857	1025025
5576857	1306168
5576857	9490310
5576858	1716125
5576858	5577403
5576859	2261239
5576860	2261239
5576861	2646109
5576861	5504250
5576861	5576862
5576862	2646109
5576862	5504250
5576862	5576861
5576862	6626359
5576863	308588
5576864	2646109
5576864	3886473
5576864	12339961
5576865	2684292
5576865	5576903
5576865	5577601
5576865	5577987
5576865	10028085
5576866	5576901
5576866	5585910
5576867	5576900
5576867	5585908
5576867	6485230
5576868	5576898
5576868	5580229
5576868	5924669
5576868	6644908
5576868	13998556
5576868	13998557
5576868	13998558
5576868	13998559
5576868	13998560
5576868	13998561
5576869	5576897
5576869	5577602
5576869	5580228
5576869	5585900
5576869	8360700
5576869	8360701
5576869	8366212
5576869	8653951
5576869	10471130
5576869	10471133
5576870	5433609
5576870	5577692
5576870	5577694
5576870	5577907
5576870	5577991
5576870	5585895
5576870	7085421
5576870	7903861
5576870	7903876
5576870	7903877
5576870	12439169
5576870	12439170
5576871	5576895
5576871	5577603
5576871	5577908
5576871	5579522
5576871	5579523
5576871	5580227
5576871	5684594
5576871	5684596
5576871	5977165
5576871	12406164
5576872	5576894
5576872	5577992
5576872	5580220
5576872	5580222
5576872	5580224
5576873	5576892
5576873	5585891
5576873	13080810
5576874	5576891
5576874	5577604
5576874	5579529
5576874	6112378
5576874	7322785
5576874	7898672
5576874	8163843
5576875	5576876
5576876	5576875
5576877	2953798
5576878	2011815
5576879	302296
5576879	3588470
5576880	302296
5576880	3588470
5576881	302296
5576882	302296
5576883	980457
5576883	980462
5576884	980457
5576884	980462
5576885	980457
5576885	980462
5576886	2647450
5576887	3726058
5576888	3970159
5576888	6212577
5576889	2329584
5576890	2329584
5576891	5576874
5576892	5576873
5576893	3943171
5576894	5576872
5576895	5576871
5576896	1093825
5576897	5576869
5576897	6356664
5576898	5576868
5576899	447049
5576899	5577387
5576900	5576867
5576901	5576866
5576902	3022274
5576903	5576865
5576904	3296413
5576904	6151285
5576905	5576756
5576906	2879320
5576906	5577385
5576906	13235887
5576907	5576755
5576908	2319769
5576909	1695047
5576909	5577383
5576910	5576753
5576910	5850950
5576911	5576752
5576912	5576751
5576913	2576687
5576914	5576749
5576915	2923711
5576916	2955983
5576916	3445442
5576916	5805738
5576916	8983585
5576916	8983586
5576917	5576748
5576918	5576747
5576919	3217149
5576919	5577364
5576920	2621115
5576921	1786767
5576921	1786771
5576922	1868911
5576922	5577357
5576922	13048686
5576923	388090
5576923	3020132
5576924	5578863
5576924	5579486
5576924	5585887
5576924	7503753
5576925	5578861
5576925	5580214
5576925	5684622
5576925	5684634
5576925	6282548
5576925	6282549
5576926	881637
5576926	1778414
5576927	2229799
5576927	5577313
5576928	3671399
5576929	2096311
5576929	5577305
5576930	2543775
5576930	5577301
5576931	2307232
5576932	2533917
5576933	1614891
5576933	1754774
5576933	5577293
5576933	7742664
5576934	2938991
5576935	3038272
5576936	3390128
5576936	5577286
5576937	4175282
5576938	4760613
5576939	5064528
5576940	1134801
5576940	5577267
5576941	3448331
5576942	5576945
5576943	2795857
5576943	3617900
5576943	4711112
5576943	6817087
5576944	2196478
5576945	5576942
5576946	2631203
5576947	3195527
5576948	1918279
5576948	5577256
5576949	2634118
5576950	5576952
5576951	4479681
5576952	5576950
5576953	2498889
5576954	3692890
5576955	2280892
5576956	3127556
5576956	6014994
5576956	9083329
5576956	9083330
5576956	9083332
5576956	9083335
5576956	9083351
5576956	9083353
5576956	9083370
5576956	9083374
5576956	9083375
5576956	9144016
5576956	9144024
5576956	9145509
5576956	9145514
5576956	12083725
5576957	2280892
5576958	518502
5576958	602070
5576959	518502
5576960	2641096
5576961	547755
5576962	808009
5576962	8017378
5576963	2785712
5576964	266019
5576964	736408
5576964	12514655
5576965	376075
5576965	1878530
5576966	2261572
5576967	5481864
5576967	5482746
5576967	5482747
5576967	5577686
5576967	5579518
5576967	5579723
5576967	5579725
5576967	13407981
5576968	1898008
5576968	1906966
5576968	2224559
5576968	3627778
5576968	3675662
5576968	5379144
5576968	5577687
5576968	5577968
5576968	5578063
5576968	5578858
5576968	5579514
5576968	9806854
5576968	9970913
5576968	10021327
5576968	11140872
5576968	11539056
5576969	5577688
5576969	5577905
5576969	5578857
5576969	5579493
5576969	5579512
5576969	5579726
5576969	9315191
5576969	9315192
5576970	5578856
5576970	5579510
5576970	5580204
5576970	5580206
5576970	5585876
5576970	11474673
5576970	13944529
5576971	5577906
5576971	5578855
5576971	5579489
5576971	5579491
5576971	5579507
5576971	5977327
5576971	5977328
5576971	9963254
5576971	11715391
5576971	13840982
5576971	13840984
5576972	2479598
5576972	3478614
5576972	3478615
5576972	5579505
5576972	5580199
5576972	5580200
5576972	5580201
5576972	5891075
5576972	5924676
5576973	5578864
5576973	5579498
5576973	5579502
5576973	5585873
5576974	5577921
5576974	5578854
5576974	5579494
5576974	5579496
5576974	6576423
5576974	10590307
5576974	10594285
5576974	11470234
5576974	11515044
5576974	11877620
5576974	11877621
5576974	11877623
5576974	11877625
5576975	5577971
5576975	5578852
5576975	5579490
5576975	5581956
5576976	5577970
5576976	5578850
5576976	5579488
5576976	6644889
5576976	6900751
5576976	10692739
5576976	13607479
5576977	2166229
5576978	5292381
5576979	447284
5576980	2367140
5576981	3036578
5576982	3556539
5576983	4075581
5576984	1818470
5576984	7462808
5576985	3654583
5576986	5371987
5576987	5381690
5576988	1968194
5576989	2084185
5576990	3300921
5576991	284281
5576991	1363040
5576991	6165891
5576992	1663712
5576993	2077387
5576993	10227530
5576994	2401925
5576995	2040738
5576996	5218399
5576997	5218400
5576998	4522832
5576999	2689093
5576999	8250742
5576999	8250744
5577000	5218404
5577001	5218405
5577002	1160770
5577003	5218406
5577004	5218407
5577005	4828993
5577005	10997778
5577006	5218408
5577007	5218409
5577008	5218410
5577009	5218411
5577010	5218412
5577011	2366242
5577011	10795079
5577012	5218414
5577013	5218415
5577014	5218416
5577015	5218417
5577016	5218418
5577017	380003
5577018	5218419
5577019	2674481
5577019	10997779
5577020	5218420
5577021	518758
5577021	3067409
5577022	3886888
5577023	663164
5577023	1460740
5577024	1138205
5577025	4123494
5577025	11965900
5577025	11965901
5577026	5218421
5577027	3661767
5577028	242736
5577029	790014
5577030	1092975
5577031	1850342
5577032	4116461
5577033	5218432
5577034	5218433
5577034	6643866
5577035	5218434
5577036	5218435
5577037	5218436
5577038	5218437
5577039	5218438
5577039	13193440
5577040	41275
5577041	5218441
5577042	5218443
5577043	5218626
5577044	5218422
5577045	5218423
5577046	5218424
5577046	12000618
5577047	5218425
5577048	2512057
5577049	5218426
5577050	5218427
5577051	5218428
5577052	5218429
5577053	5218430
5577054	5218431
5577055	5219315
5577056	3435586
5577057	5218647
5577058	5218648
5577059	3935165
5577060	5218650
5577061	5549496
5577062	5218658
5577063	3626259
5577064	5219309
5577065	5219310
5577066	4552047
5577067	5219311
5577068	5219312
5577069	5219313
5577070	5219314
5577071	5219317
5577071	5219500
5577072	5219318
5577073	5386528
5577073	5386530
5577074	5219319
5577075	5219320
5577076	5219321
5577077	5219322
5577078	5219323
5577079	5219324
5577080	3436172
5577081	5219325
5577082	5219326
5577083	4502849
5577083	4551292
5577083	4551293
5577084	5219327
5577085	4502849
5577085	4551292
5577085	4551293
5577086	5219328
5577087	5219329
5577088	5219330
5577089	5219331
5577090	5219466
5577090	5219911
5577091	5219731
5577092	2751818
5577093	5219480
5577094	3616268
5577094	3625552
5577094	5983010
5577094	6028441
5577094	7076826
5577094	11483211
5577094	11505160
5577094	11505161
5577094	11505162
5577094	11505450
5577094	11505459
5577094	11505599
5577094	11507193
5577094	11507198
5577094	11507205
5577094	11507247
5577095	4614011
5577095	7714067
5577096	5576754
5577096	5579513
5577096	5579530
5577096	5801288
5577097	1095665
5577097	3111667
5577097	5556417
5577097	5601130
5577097	5801288
5577097	5805094
5577098	5219481
5577099	5482624
5577099	8853788
5577100	5219332
5577101	5219333
5577102	5219334
5577103	5219335
5577104	2056208
5577104	7053121
5577105	4216048
5577106	5219336
5577107	5219338
5577108	5219339
5577109	884914
5577109	2516883
5577109	5577208
5577109	5577252
5577110	4104497
5577111	4278365
5577111	5219340
5577112	884914
5577112	2516883
5577112	5577208
5577112	5577246
5577113	5219341
5577114	4142253
5577115	5219342
5577116	5219402
5577117	5219414
5577118	485602
5577118	5577242
5577119	3942279
5577120	5219422
5577121	247844
5577121	5576538
5577121	5576539
5577122	5219418
5577122	8580492
5577123	5219427
5577124	4564022
5577125	3371291
5577125	5218768
5577125	6329500
5577126	3371291
5577126	5218768
5577126	6329500
5577127	3371291
5577127	5218768
5577127	6329500
5577128	3371291
5577128	5218768
5577128	6329500
5577129	1497547
5577130	10463
5577130	5577235
5577131	5218439
5577132	4614263
5577133	5569801
5577133	5569901
5577133	5707972
5577133	5707973
5577134	5218440
5577135	5218442
5577136	1040856
5577137	454777
5577137	455669
5577138	454777
5577138	455701
5577138	519234
5577139	454777
5577139	11461061
5577140	5218625
5577141	5218627
5577142	454777
5577142	455669
5577142	4274715
5577143	5218628
5577144	454777
5577144	455701
5577144	519234
5577145	5218629
5577146	5218630
5577147	2222346
5577148	5218631
5577149	5218632
5577150	4995124
5577150	9433943
5577150	12199363
5577151	5218633
5577152	2135700
5577153	5218634
5577153	5219768
5577153	5219769
5577154	5218635
5577155	5386204
5577156	5386204
5577157	1806870
5577158	2508936
5577159	2120794
5577159	2122921
5577159	5577167
5577159	5577611
5577161	369447
5577161	5578665
5577161	5618357
5577162	56369
5577163	56369
5577164	56369
5577165	5226424
5577166	5226424
5577167	2120794
5577167	2122921
5577167	5577159
5577168	5226424
5577169	5226424
5577170	4442576
5577171	4151816
5577171	5578666
5577172	1782667
5577172	1782669
5577172	1782670
5577172	1785856
5577172	1787034
5577173	4963341
5577174	790796
5577175	3423025
5577176	3734778
5577176	5359242
5577176	9714249
5577177	5185894
5577178	1157715
5577178	7778459
5577179	5218646
5577180	5218649
5577181	2307636
5577182	5218651
5577183	5218652
5577184	5218653
5577185	892562
5577186	1196756
5577187	5218654
5577188	1800461
5577189	5218655
5577190	5218656
5577191	3559357
5577192	5218657
5577193	5218659
5577194	5218636
5577195	5218637
5577196	5218638
5577197	5218639
5577198	5218640
5577199	5218641
5577200	5218642
5577201	5218643
5577202	66019
5577203	5218644
5577204	5218645
5577205	5218670
5577206	5218671
5577207	5218672
5577208	884914
5577208	885176
5577208	885177
5577208	2516883
5577208	5577109
5577208	5577112
5577209	5218673
5577210	5218674
5577211	5210202
5577212	5578430
5577212	5578432
5577212	5578434
5577212	5579481
5577212	6075423
5577212	6733882
5577212	6733883
5577212	6733884
5577212	6733885
5577212	8496319
5577213	4455595
5577213	5579479
5577213	5580296
5577213	8814863
5577214	5578439
5577214	5579476
5577215	5578477
5577215	5579525
5577215	5579526
5577215	5579527
5577215	5581289
5577215	5581307
5577215	9983531
5577216	4059373
5577216	4243985
5577216	12518552
5577216	12529044
5577216	13797137
5577216	13799674
5577216	14023459
5577217	5578441
5577217	5579473
5577217	5580193
5577217	5580194
5577217	5580195
5577217	5774198
5577217	6672745
5577217	7036177
5577217	12348738
5577217	13016793
5577217	13257596
5577217	13456816
5577217	13456819
5577218	5578443
5577218	5578447
5577218	5579471
5577218	5579487
5577218	5580189
5577218	5580190
5577219	5578845
5577219	5579469
5577219	5580188
5577219	5585625
5577220	2444516
5577220	4932742
5577220	5578448
5577220	5580184
5577220	5585624
5577220	6029018
5577222	5578842
5577222	5579465
5577222	5579520
5577222	5579521
5577222	8773094
5577222	8773095
5577222	13051002
5577223	5578840
5577223	5579463
5577223	5929711
5577223	6877867
5577223	6877868
5577223	6877869
5577224	348250
5577224	403270
5577224	406503
5577224	550948
5577224	689690
5577224	1612996
5577224	1932705
5577224	2660683
5577224	2660684
5577224	2883442
5577224	3803473
5577224	4834824
5577224	5578455
5577224	8425873
5577224	13340793
5577224	13349301
5577225	5578836
5577225	5579453
5577225	5579474
5577225	6627847
5577225	6627863
5577225	7222665
5577225	7222862
5577225	7222870
5577225	7248479
5577225	7714720
5577226	5577382
5577226	5577384
5577226	5578465
5577227	5285906
5577227	5577924
5577227	5578834
5577227	5579451
5577227	5579472
5577227	9521096
5577228	5577915
5577228	5578468
5577228	5578471
5577228	5578476
5577228	5578646
5577228	5579413
5577228	5579449
5577228	5583183
5577228	5677013
5577228	5785732
5577228	6056888
5577228	6332448
5577228	7460090
5577228	8065107
5577228	8065108
5577228	8080175
5577228	9978852
5577228	9978858
5577228	10634690
5577228	11220097
5577228	11481346
5577228	13666148
5577229	5578833
5577229	5579447
5577229	5581666
5577229	5581667
5577230	2076335
5577230	3263101
5577230	3704290
5577230	4594804
5577230	4594805
5577230	4744334
5577230	5578832
5577230	8494260
5577230	8494261
5577230	8494262
5577230	9845586
5577231	3968906
5577231	5577922
5577231	5577949
5577231	5578004
5577231	5579444
5577231	7345647
5577231	13738942
5577232	5210203
5577233	5210204
5577234	5218660
5577235	5577130
5577237	5218661
5577238	5218662
5577239	5218663
5577240	5218665
5577241	5218666
5577242	5577118
5577243	5218667
5577244	5218668
5577244	5219726
5577245	5218669
5577246	884914
5577246	2516883
5577246	5577112
5577246	5578889
5577247	5210217
5577248	5210218
5577250	583739
5577251	5210219
5577252	5577109
5577253	5210220
5577254	560987
5577255	5210221
5577256	5576948
5577257	5210222
5577258	5210223
5577259	5210224
5577260	575305
5577261	418679
5577261	575305
5577262	575305
5577262	972784
5577263	5210225
5577264	2389846
5577264	6177555
5577265	5210226
5577266	4817061
5577267	5576940
5577267	6948411
5577268	588909
5577269	5210205
5577270	4817061
5577271	589142
5577272	5210206
5577273	4817061
5577274	871785
5577275	5210207
5577276	590215
5577277	871785
5577279	594466
5577281	5210209
5577282	5210210
5577283	601129
5577284	5210211
5577285	5210212
5577286	5576936
5577287	40632
5577287	601224
5577288	54602
5577288	139817
5577288	139833
5577288	449356
5577288	747979
5577288	2695143
5577289	5210213
5577290	5210214
5577291	5210215
5577292	1264335
5577293	5576933
5577294	5210239
5577295	5210240
5577296	5210227
5577296	6802637
5577297	5210228
5577298	5210229
5577299	5210230
5577300	608011
5577300	6383726
5577301	5576930
5577302	609660
5577303	612843
5577303	3079674
5577303	3663118
5577304	626296
5577304	882179
5577305	5576929
5577306	5210241
5577307	757065
5577307	1191361
5577307	6790888
5577307	7999134
5577307	12988072
5577308	5210244
5577309	5210245
5577310	5210246
5577311	5210247
5577312	1029666
5577313	5576927
5577314	5210248
5577315	5210250
5577316	5210232
5577317	5210233
5577318	261189
5577318	5577320
5577319	5210234
5577320	261189
5577320	5577318
5577321	5210236
5577321	11970416
5577322	5541846
5577323	261189
5577323	5577325
5577324	5210237
5577325	261189
5577325	5577323
5577326	5210238
5577327	2007892
5577327	4422624
5577327	5984452
5577328	4943102
5577329	657089
5577330	5210552
5577331	254963
5577332	5210891
5577333	34756
5577333	1046778
5577334	34756
5577335	34756
5577335	971688
5577335	13765040
5577336	5211668
5577337	34756
5577338	34756
5577339	5211669
5577340	34756
5577341	1278101
5577342	5211670
5577343	5211671
5577344	1278100
5577344	1278101
5577345	5211672
5577346	40352
5577347	1490702
5577348	5211673
5577349	1490702
5577350	5211674
5577351	1898082
5577352	5211675
5577353	5211676
5577353	7517475
5577354	1898082
5577354	9853462
5577355	5211677
5577356	68946
5577356	577788
5577357	5576922
5577358	68946
5577359	68946
5577359	444113
5577360	68946
5577361	68946
5577361	444113
5577362	1356774
5577362	1401401
5577362	8530885
5577363	68946
5577364	5576919
5577365	5211678
5577366	68946
5577367	68946
5577367	9513397
5577368	5211679
5577369	68946
5577370	68946
5577371	311104
5577372	810614
5577372	8626102
5577373	261394
5577374	1687594
5577374	5577376
5577375	1687594
5577375	6630634
5577376	1687594
5577376	5577374
5577377	1687594
5577378	5320883
5577379	261394
5577380	758863
5577380	7892688
5577381	758863
5577381	1285360
5577382	5577226
5577383	5576909
5577384	5577226
5577385	5576906
5577386	4634387
5577386	12894992
5577386	12894993
5577387	5576899
5577388	307003
5577389	307003
5577390	3768923
5577391	5005957
5577392	411667
5577393	2794591
5577394	411667
5577395	411667
5577396	2794591
5577397	2390580
5577398	1638142
5577398	10981584
5577399	1638142
5577399	9513008
5577400	626638
5577400	5338680
5577400	5340138
5577400	6580254
5577400	6580255
5577401	1956085
5577401	1957164
5577402	1956085
5577402	1957164
5577402	5898968
5577403	5576858
5577404	620095
5577405	5576811
5577406	5211680
5577407	5211681
5577408	5576811
5577409	3511791
5577409	4183318
5577410	5211682
5577411	5576803
5577412	5211685
5577413	580478
5577413	2318770
5577413	9930044
5577413	10159521
5577414	5084608
5577414	11013970
5577415	628490
5577415	8829598
5577415	9958899
5577416	5211686
5577417	31199
5577418	5211688
5577419	274488
5577419	341364
5577419	523956
5577419	847840
5577419	848370
5577419	12506655
5577420	5211689
5577421	2202828
5577421	2377469
5577421	5744616
5577421	12091481
5577422	5576785
5577423	5211690
5577424	437148
5577424	437149
5577424	437224
5577424	475866
5577424	475881
5577424	888601
5577424	948773
5577424	974262
5577424	1306641
5577424	1812996
5577424	5296269
5577424	11040937
5577424	11885814
5577424	11885815
5577425	5211691
5577426	4999827
5577426	5269595
5577427	5218306
5577428	5211692
5577429	5211693
5577430	5211694
5577431	5211695
5577432	5211697
5577433	5211698
5577434	247580
5577435	576084
5577435	5577458
5577435	5577459
5577436	1740473
5577436	3330942
5577436	8163458
5577437	5576700
5577438	256474
5577438	5577439
5577439	256474
5577439	5577438
5577440	2927795
5577441	2927795
5577442	2927795
5577443	2927795
5577444	2012999
5577444	2299969
5577444	4521627
5577444	5033001
5577444	12553710
5577445	2927795
5577446	1012609
5577446	1014229
5577446	8658965
5577447	2927795
5577448	2569530
5577448	4873382
5577449	1465915
5577450	2166219
5577450	2300045
5577450	6687823
5577451	2166219
5577451	5577452
5577451	6687823
5577451	6688435
5577452	2166219
5577452	5577451
5577453	4497454
5577453	6824596
5577454	5250548
5577454	5251432
5577454	5251717
5577455	3434205
5577455	4037044
5577456	2360730
5577456	4858546
5577457	5277585
5577457	5277618
5577458	576081
5577458	576084
5577458	576099
5577458	736308
5577458	4595678
5577458	5577435
5577458	10908136
5577458	11098159
5577459	3110852
5577459	5577435
5577459	5578944
5577460	2265579
5577460	2265672
5577461	835647
5577461	1915767
5577461	5578942
5577461	8493641
5577461	10839180
5577462	5576329
5577463	5576316
5577464	5576317
5577465	5253830
5577466	5576305
5577467	5576375
5577468	1069930
5577469	5576376
5577470	5576367
5577470	5578670
5577471	5576371
5577472	5576371
5577473	5576372
5577474	5576372
5577475	5576374
5577476	5576374
5577477	5576374
5577478	5576374
5577479	5576374
5577480	5576374
5577481	5576374
5577482	5576352
5577483	5576364
5577484	1304180
5577485	5576364
5577486	5576364
5577487	5576364
5577488	5576364
5577489	5576364
5577490	5576364
5577491	2085907
5577491	3616347
5577491	10854580
5577492	5576364
5577493	5576364
5577494	5211699
5577495	5211700
5577496	5576345
5577497	5211709
5577498	2099947
5577498	9844901
5577499	5211710
5577500	843941
5577500	916252
5577500	1891336
5577500	5576347
5577501	5211713
5577502	5211714
5577503	5576343
5577504	5211702
5577504	7182194
5577505	5576343
5577506	5211703
5577507	5211704
5577508	5576340
5577509	5211705
5577510	5211706
5577511	5576340
5577512	5211707
5577513	5211708
5577514	5576330
5577514	10317546
5577514	10317547
5577515	5211715
5577516	5211715
5577517	1010264
5577518	5211717
5577518	7961334
5577519	5575255
5577520	5575255
5577521	5212487
5577522	5212488
5577523	5212489
5577524	5212490
5577525	5575256
5577526	5212491
5577527	5212492
5577528	248748
5577528	2027356
5577529	5212493
5577530	5212494
5577531	5212495
5577532	5212496
5577533	5212497
5577534	5574781
5577536	1887393
5577536	4663781
5577536	11942030
5577536	11942050
5577537	5573376
5577538	5212498
5577539	5212499
5577540	5212500
5577541	5573376
5577542	2307962
5577543	5212501
5577544	5212502
5577545	5212504
5577546	5212505
5577547	3434214
5577547	5212506
5577548	5573355
5577549	2545590
5577550	5212507
5577551	5573355
5577552	5212508
5577553	5212509
5577554	5212510
5577555	5212511
5577556	5212512
5577557	5212513
5577558	5212514
5577559	5212515
5577560	5212516
5577561	5573335
5577561	5580833
5577562	5212517
5577563	5212518
5577564	5212519
5577565	5212520
5577566	5212521
5577567	5212522
5577568	5212526
5577569	5212528
5577570	5577575
5577570	5577576
5577570	5577577
5577571	5212529
5577572	5212531
5577573	5212532
5577574	5212533
5577575	5577570
5577576	5577570
5577577	5577570
5577578	1391589
5577579	5212535
5577580	1045988
5577580	6484667
5577580	6484685
5577580	8457741
5577581	5212536
5577582	5213253
5577583	5213255
5577584	5213787
5577585	5213789
5577586	5213793
5577587	5213794
5577588	5213795
5577589	5213796
5577589	6621414
5577590	5213798
5577591	5213799
5577592	5213800
5577593	5213801
5577594	5213802
5577595	2860370
5577595	4226472
5577595	4226476
5577595	4226477
5577595	12433148
5577596	5213803
5577596	7169154
5577597	5213804
5577598	5213805
5577599	5213806
5577600	5213807
5577601	5576865
5577602	5576869
5577602	8892036
5577603	5576871
5577604	5576874
5577605	3555399
5577606	5576698
5577607	2960003
5577607	5579448
5577607	7021470
5577607	7192928
5577607	7192929
5577608	3961053
5577608	5579446
5577609	5576683
5577610	4802033
5577611	2120794
5577611	2648791
5577611	5577159
5577611	5698378
5577611	13613110
5577612	3738828
5577612	4359880
5577612	6533680
5577612	6533682
5577612	6533683
5577613	456201
5577614	26895
5577614	40588
5577614	456201
5577614	649659
5577615	3312108
5577615	3312286
5577615	3312287
5577616	3312197
5577617	3312197
5577618	254390
5577618	497305
5577618	760459
5577619	254390
5577619	497305
5577619	760459
5577620	825722
5577621	3312198
5577621	3312199
5577622	456469
5577622	456470
5577622	556086
5577623	5512144
5577624	26895
5577624	40588
5577624	456201
5577624	5577650
5577625	5512144
5577626	3312235
5577627	5577628
5577627	10191362
5577628	5577627
5577629	5576682
5577630	5576680
5577631	5576679
5577632	3575294
5577633	5576673
5577634	687942
5577635	5576670
5577636	5576669
5577637	687942
5577637	11977778
5577637	11977779
5577638	5576668
5577639	687942
5577639	11977780
5577639	11977781
5577640	687942
5577641	5576666
5577641	10235329
5577642	5576665
5577643	687942
5577644	687942
5577645	5576664
5577646	687942
5577647	5574838
5577647	5576663
5577647	13600777
5577648	442538
5577648	1152159
5577648	1410411
5577648	6783298
5577648	10856851
5577649	687942
5577650	5577624
5577651	5576662
5577652	5574909
5577652	5576660
5577653	257541
5577653	350363
5577653	410887
5577653	674823
5577653	5202646
5577653	11183716
5577656	13558010
5577659	1249413
5577660	5647124
5577660	5647125
5577661	3227085
5577663	436913
5577664	441953
5577664	570145
5577665	441953
5577665	13979555
5577666	3422190
5577666	5337686
5577668	1249413
5577669	1249413
5577670	1249413
5577671	5337686
5577672	1249413
5577673	3197117
5577673	13412766
5577674	674823
5577675	674823
5577675	8238164
5577676	3882428
5577677	2245291
5577677	5983074
5577677	8244758
5577678	5151941
5577679	2245291
5577680	4493692
5577680	5579753
5577681	4493692
5577681	4793595
5577682	4493692
5577682	5579758
5577683	4493692
5577683	4793595
5577684	3713726
5577685	3713726
5577686	5576967
5577687	1906966
5577687	5576968
5577688	5576969
5577689	3171216
5577690	2647241
5577691	5531598
5577692	5576870
5577693	244653
5577694	5576870
5577695	4499183
5577695	8443128
5577696	4499189
5577697	250053
5577697	339241
5577697	485243
5577697	961782
5577697	2136484
5577697	7900931
5577697	7900932
5577698	2548531
5577699	5578977
5577699	5603267
5577700	4866033
5577700	4918982
5577701	2543237
5577701	6625897
5577702	1891114
5577703	3995444
5577704	4015170
5577705	1093607
5577705	13776835
5577706	1093607
5577706	13776837
5577707	3199894
5577708	3199895
5577708	11242479
5577709	1797655
5577710	2812041
5577710	2812042
5577710	2812882
5577711	2187213
5577711	9872790
5577712	2545047
5577713	2187213
5577714	3001845
5577715	2187213
5577716	2111282
5577717	3721391
5577718	3820058
5577718	6807753
5577718	6830562
5577718	10485235
5577719	2545047
5577720	2111282
5577721	2111282
5577722	4014255
5577722	5802096
5577723	4015262
5577723	5557846
5577723	5766451
5577724	410529
5577725	4015575
5577726	4016005
5577727	4016631
5577727	4593209
5577728	4016631
5577728	4593209
5577729	5072017
5577729	5577865
5577729	5577867
5577730	1891113
5577730	2885230
5577730	5268214
5577731	3821226
5577732	2539185
5577733	2161111
5577733	3821226
5577734	3821226
5577735	2539445
5577735	5476503
5577735	5478591
5577736	2545047
5577737	2951531
5577737	2985841
5577737	7206608
5577737	7206609
5577738	2545047
5577739	2485303
5577740	2545047
5577741	2485303
5577742	5408956
5577743	2044812
5577744	3177242
5577745	2540085
5577746	3619683
5577747	4657568
5577747	4658969
5577748	3685913
5577748	5297921
5577748	8827747
5577749	2283279
5577749	2283285
5577750	5201591
5577751	2662830
5577751	5578253
5577752	3619004
5577752	5578264
5577753	4443303
5577754	3655853
5577755	4429330
5577755	4429331
5577756	2538699
5577757	2538699
5577758	4429330
5577758	4429331
5577759	4015109
5577760	4993030
5577761	5134293
5577761	5577860
5577762	1914895
5577762	5577854
5577762	5577858
5577764	4899286
5577765	2200760
5577766	2905950
5577766	6888316
5577766	6888319
5577767	5412149
5577768	1580079
5577769	2286550
5577770	4765593
5577771	2547030
5577772	4765775
5577773	4714398
5577774	4998824
5577774	4998830
5577774	5152807
5577775	2610583
5577775	4688642
5577775	6208395
5577776	4765808
5577777	1928749
5577777	2610583
5577777	6208395
5577777	11110821
5577777	12334239
5577778	808315
5577779	5375535
5577780	6285783
5577781	3291468
5577782	2647124
5577783	2574625
5577783	2647124
5577784	2411217
5577785	2837155
5577786	2565397
5577787	163202
5577788	2677763
5577789	6330463
5577790	2312344
5577791	2647124
5577792	2677763
5577793	2647124
5577795	2647124
5577796	4500153
5577797	2962824
5577798	4500168
5577798	6475531
5577799	2647124
5577800	4500168
5577801	2963680
5577802	2963680
5577803	2647124
5577804	3428225
5577805	2647124
5577806	5512137
5577807	2647124
5577808	2253794
5577808	4756252
5577809	3716243
5577810	2253794
5577810	4756252
5577811	2253794
5577811	4756252
5577812	2253794
5577812	4756252
5577813	1533857
5577813	1533921
5577814	2253794
5577814	4756252
5577815	2253794
5577815	4756252
5577816	4667957
5577816	9707441
5577817	75916
5577817	5624055
5577817	5624058
5577818	407581
5577818	5577857
5577819	3883642
5577820	863501
5577821	4916735
5577822	5512142
5577823	4916735
5577824	1278348
5577825	5512143
5577826	1526517
5577827	5512144
5577828	5093785
5577829	5512146
5577830	5488842
5577831	5512147
5577831	10500825
5577832	3400964
5577833	4810154
5577834	5512150
5577835	2211608
5577836	5512156
5577837	5512542
5577838	5512544
5577838	11183527
5577839	5512548
5577840	5512550
5577841	83265
5577842	68983
5577843	1610750
5577844	1506109
5577845	1848595
5577846	5349513
5577847	5349513
5577848	4782180
5577849	273945
5577850	273945
5577851	3823260
5577852	5382107
5577853	787757
5577854	5577762
5577855	4805428
5577855	4805429
5577856	5060187
5577857	5577818
5577858	5577762
5577859	4219257
5577860	5134293
5577860	5577761
5577861	1889006
5577862	5089714
5577863	4610607
5577864	4885399
5577865	5577729
5577865	12389489
5577865	12421789
5577866	1147052
5577867	5577729
5577868	2045970
5577869	5132104
5577870	5279442
5577871	5375186
5577872	2922427
5577872	3637608
5577872	3637609
5577872	6978080
5577873	4818118
5577874	4462816
5577875	1229287
5577877	5151946
5577877	8123779
5577878	5405950
5577878	5405951
5577878	5405954
5577878	5405961
5577878	6759453
5577879	4684049
5577881	3213237
5577882	5369626
5577883	1890844
5577883	2045593
5577883	2045594
5577883	2045595
5577883	2045596
5577884	1521752
5577884	2103346
5577884	2266375
5577885	325261
5577885	2892140
5577885	12121019
5577886	4783890
5577886	4850179
5577887	3204724
5577888	3168146
5577889	4080054
5577889	4080471
5577889	4497987
5577889	8187032
5577889	9946124
5577890	3204724
5577891	3925595
5577891	7039790
5577892	3168146
5577893	4360389
5577894	3843644
5577895	7367746
5577896	1103697
5577896	14018560
5577897	2400196
5577897	12569976
5577898	5529756
5577899	303899
5577899	317090
5577899	5956615
5577900	303899
5577900	5956615
5577900	6584593
5577901	5368012
5577901	6067943
5577902	4180772
5577903	436261
5577903	2042152
5577903	12609935
5577904	6596325
5577905	5576969
5577905	5579512
5577905	6693597
5577906	5576971
5577907	5576870
5577907	5577991
5577908	5576871
5577909	5576750
5577910	5576489
5577911	5576357
5577911	6352725
5577911	7272676
5577912	5576198
5577913	5093610
5577914	5093610
5577915	5577228
5577915	5578646
5577915	6056888
5577916	5117494
5577917	4727561
5577918	4727561
5577919	4727561
5577920	4727561
5577921	5576974
5577921	5579494
5577921	5579496
5577921	12158895
5577921	12158986
5577921	12158988
5577922	5577231
5577923	1914875
5577924	5577227
5577925	436263
5577925	436264
5577925	620295
5577925	13982728
5577926	5575296
5577927	3221330
5577928	2011695
5577929	5146643
5577930	3818068
5577931	436262
5577932	3818068
5577933	250695
5577933	7824303
5577933	7824304
5577934	4667072
5577934	5578761
5577934	5578789
5577935	2380409
5577936	3226390
5577936	5780296
5577937	5150339
5577938	5512149
5577939	3185803
5577939	5199079
5577939	5577959
5577940	5651842
5577940	6565863
5577940	9714684
5577941	5651309
5577941	5924931
5577941	6565864
5577941	8450928
5577942	2375895
5577942	2606688
5577942	3790060
5577942	6565865
5577942	6785065
5577942	7969727
5577942	10167623
5577942	11573054
5577943	5601681
5577943	7167167
5577944	5651300
5577944	8451042
5577944	8451046
5577944	12678435
5577945	5651306
5577945	8450967
5577945	8450969
5577945	8450975
5577945	8450981
5577945	9676718
5577945	9676720
5577945	9687064
5577946	5645387
5577946	8911614
5577947	5651305
5577947	8451033
5577947	8451036
5577948	5645388
5577949	5577231
5577949	5578004
5577949	5579444
5577949	8318546
5577950	5645386
5577951	5651299
5577952	5645385
5577953	5651298
5577953	8451089
5577954	5645382
5577955	250695
5577955	7824303
5577955	7824304
5577956	250695
5577956	7824303
5577956	7824304
5577957	5645380
5577958	5645381
5577959	5199074
5577959	5199079
5577959	5577939
5577960	5578970
5577961	5645378
5577962	5512144
5577962	5578073
5577963	5512545
5577963	5578072
5577963	8724963
5577964	5513643
5577964	5578069
5577965	5513643
5577965	5578066
5577966	3356298
5577967	3356298
5577968	5576968
5577968	5578063
5577968	5747270
5577969	3356298
5577970	5576976
5577970	5578031
5577971	5576975
5577971	5578003
5577971	10758156
5577971	13829173
5577971	13829177
5577972	5111864
5577973	5178445
5577973	9395193
5577974	5178445
5577974	9395193
5577975	5651294
5577975	8451165
5577976	5496408
5577976	5803143
5577977	5497092
5577977	8126602
5577978	5576747
5577979	3199877
5577979	6879561
5577980	3199877
5577980	6879562
5577981	5576750
5577982	5576751
5577982	7415091
5577983	5577985
5577983	6330462
5577984	433994
5577985	5577983
5577986	3199879
5577987	5576865
5577988	3199879
5577989	3199879
5577989	10757205
5577990	3199879
5577991	5576870
5577991	5577907
5577991	7903861
5577991	7903876
5577991	7903877
5577992	5576872
5577993	435040
5577993	435041
5577993	589115
5577993	988962
5577994	5482620
5577995	3822529
5577996	5482888
5577997	3822529
5577998	435041
5577999	3822529
5578000	3822529
5578001	5482897
5578002	3822529
5578003	5577971
5578004	5577231
5578004	5577949
5578005	3199059
5578005	7410483
5578005	7410840
5578005	7462015
5578006	425430
5578006	3374773
5578006	5998789
5578007	425430
5578007	3374773
5578007	5998794
5578008	3199866
5578009	3199866
5578010	5576488
5578010	7291197
5578011	426275
5578011	13948036
5578011	13973054
5578012	5576495
5578013	426275
5578014	426275
5578015	426275
5578016	426275
5578017	426275
5578018	3199871
5578019	3199871
5578019	13165320
5578020	3199871
5578022	713173
5578022	5576348
5578022	5576349
5578022	8634784
5578022	8638597
5578022	8638600
5578023	5576351
5578024	3199872
5578024	3199950
5578024	5939002
5578025	430439
5578025	753177
5578025	782197
5578025	785708
5578026	5576350
5578026	8634785
5578026	8638233
5578027	3199873
5578028	3199873
5578029	3184919
5578030	5262881
5578031	5577970
5578032	297512
5578033	297512
5578034	320747
5578034	530104
5578036	2835745
5578036	7839357
5578036	10757839
5578037	2835745
5578038	2958300
5578039	2958303
5578039	8219884
5578039	8219886
5578040	3170960
5578041	3170960
5578042	3174744
5578044	3185036
5578045	3199948
5578046	5645377
5578047	3200054
5578047	11602877
5578047	13114025
5578048	3200054
5578048	9868628
5578049	3200054
5578050	3200072
5578050	9777579
5578050	9777580
5578051	3200324
5578052	3200597
5578053	3200597
5578055	3200597
5578056	3822529
5578057	4495369
5578058	2951874
5578058	11760068
5578059	2951874
5578060	2951874
5578061	5576362
5578061	6796937
5578061	6796940
5578061	6796952
5578061	13165388
5578062	5645376
5578063	1898008
5578063	3627778
5578063	5379144
5578063	5576968
5578063	5577968
5578063	6882457
5578064	5573362
5578064	11652377
5578065	3737448
5578066	5513643
5578066	5577965
5578067	5573363
5578068	3737448
5578068	13587402
5578069	5577964
5578070	5260877
5578071	20755
5578072	5577963
5578073	5577962
5578074	63994
5578075	63994
5578076	272966
5578077	40929
5578078	5166570
5578078	5167541
5578079	3413189
5578080	5166570
5578080	5167538
5578081	5166570
5578082	5166570
5578082	13624316
5578083	5573401
5578083	5578310
5578084	5573398
5578084	5573452
5578084	5575994
5578084	8580479
5578084	8585571
5578084	8585573
5578085	5573398
5578085	5575994
5578085	8585571
5578085	8585573
5578086	2400997
5578087	4498175
5578087	4528631
5578087	4528632
5578087	4528633
5578087	4528683
5578087	10060965
5578087	11600908
5578088	5573406
5578088	5573451
5578089	1895739
5578089	1897547
5578089	1907413
5578089	5573432
5578089	5578304
5578090	5573432
5578090	5578301
5578091	5573436
5578092	3413189
5578093	5573996
5578093	5578288
5578094	3413189
5578095	297546
5578095	5578278
5578096	297546
5578096	5578278
5578097	2611643
5578097	5576202
5578097	5576226
5578098	1914955
5578100	5576200
5578100	5578269
5578100	5758404
5578100	5759371
5578100	8486110
5578100	8486117
5578100	8510700
5578100	8925310
5578100	9776132
5578100	10124848
5578100	12729614
5578100	12729615
5578101	5500567
5578101	5578267
5578102	297566
5578103	297671
5578103	5578261
5578104	2044852
5578104	2191568
5578104	2509630
5578105	5126412
5578106	5573268
5578106	5578664
5578107	5573268
5578108	5573268
5578108	5578208
5578108	5578209
5578109	3913853
5578109	5881149
5578110	3201782
5578111	5645371
5578112	5573293
5578113	5601676
5578114	5645373
5578114	8451223
5578115	4765110
5578116	3229806
5578117	5572654
5578118	2210565
5578118	5367267
5578118	5367268
5578119	2545770
5578119	3953701
5578119	5366491
5578119	5819880
5578119	6909975
5578120	2066353
5578124	2621447
5578124	5782850
5578124	5782853
5578124	5782854
5578124	5782855
5578124	5782856
5578126	3305709
5578127	46221
5578128	46221
5578129	4665366
5578129	4678523
5578129	5690981
5578129	12758183
5578129	12758860
5578130	4665366
5578130	4678523
5578130	5690981
5578130	12758183
5578130	12758860
5578131	1408635
5578131	1408644
5578131	2520459
5578132	24481
5578132	330215
5578133	4867390
5578133	5578663
5578134	4867390
5578134	5578663
5578135	5489802
5578136	5581050
5578136	5581051
5578136	5581053
5578137	5581054
5578137	5581055
5578137	5581056
5578139	4919039
5578139	4919265
5578141	5056383
5578142	992447
5578142	992460
5578143	4827414
5578144	2217940
5578145	2044986
5578146	4817728
5578146	4827414
5578147	3411825
5578148	2549723
5578148	4628115
5578151	2044986
5578155	886881
5578155	1368834
5578160	2044986
5578162	1465962
5578162	5578941
5578163	3912789
5578163	3968087
5578163	4835008
5578164	1465962
5578170	4395448
5578171	5365427
5578175	4581404
5578176	5784896
5578176	5784900
5578176	5784904
5578176	5784905
5578178	3529911
5578178	7446587
5578180	3327618
5578180	5524426
5578180	5524429
5578180	9776028
5578181	3529911
5578182	2634537
5578182	3529911
5578183	4080946
5578184	5578660
5578185	3529911
5578186	4170729
5578187	5782756
5578187	5782757
5578187	5782758
5578187	5782759
5578188	5784855
5578188	5784856
5578188	5784857
5578188	5784858
5578190	314235
5578191	5403414
5578192	2634537
5578192	3529911
5578193	5967
5578196	319189
5578196	5578254
5578196	7860254
5578196	7860257
5578197	10082284
5578198	10202934
5578199	3529911
5578201	319203
5578201	5578251
5578201	8332467
5578201	11281964
5578202	2631768
5578202	2634537
5578202	2637743
5578202	3529911
5578202	5609557
5578202	9716496
5578202	13868105
5578203	1686888
5578204	320760
5578204	5578246
5578205	320760
5578205	5578246
5578206	3529911
5578207	530104
5578207	5578238
5578208	5385032
5578208	5573268
5578208	5578108
5578208	9746026
5578208	12071587
5578208	12071588
5578209	5385032
5578209	5573268
5578209	5578108
5578209	5578659
5578209	9746026
5578209	12071587
5578209	12071588
5578210	375859
5578211	375859
5578212	4860135
5578213	5541654
5578213	9718146
5578214	5561946
5578214	5578218
5578215	1495620
5578215	1496751
5578216	4962273
5578217	4962273
5578218	5561946
5578218	5578214
5578219	1053353
5578220	376006
5578221	5578231
5578222	746053
5578223	5178668
5578224	5178668
5578225	3201782
5578226	3201782
5578227	3201782
5578228	376008
5578229	376008
5578230	3201782
5578231	322709
5578231	5578221
5578232	3201782
5578233	1021644
5578234	316082
5578234	755877
5578235	257050
5578236	2217617
5578237	316082
5578237	755877
5578238	5578207
5578239	377178
5578240	377178
5578241	4517903
5578242	2217617
5578243	2495069
5578244	2217617
5578245	5368590
5578246	5578204
5578246	5578205
5578247	377178
5578248	3504275
5578249	6592904
5578249	7588699
5578250	2217617
5578251	5578201
5578252	2217617
5578253	2662830
5578253	5577751
5578254	5578196
5578255	1076231
5578256	1123918
5578256	1801684
5578256	1801988
5578256	1977547
5578256	2135403
5578256	4215813
5578256	8961860
5578256	10280102
5578257	2217617
5578258	4564066
5578260	4592502
5578260	4877557
5578260	11479017
5578261	5578103
5578262	2217617
5578263	4592502
5578263	11479017
5578264	3619004
5578264	5577752
5578265	2217617
5578266	4550378
5578266	10202353
5578267	5578101
5578268	1272323
5578269	5578100
5578269	5758404
5578269	5759371
5578269	6626050
5578269	8486110
5578269	8486117
5578269	8510700
5578269	8925306
5578269	8925310
5578269	9776131
5578269	9776132
5578269	9776134
5578269	10124848
5578269	12729614
5578269	12729615
5578270	742368
5578270	8974981
5578272	1293071
5578272	5604794
5578273	5578306
5578274	4674308
5578275	5578656
5578276	3647752
5578277	3647752
5578278	5578095
5578278	5578096
5578280	5578657
5578283	957740
5578283	8975051
5578283	8975053
5578286	957740
5578287	407581
5578287	12068002
5578288	5578093
5578288	5586027
5578289	1499361
5578289	1499363
5578290	5416293
5578291	1538829
5578292	407581
5578293	1499361
5578293	1499363
5578295	3166156
5578295	11076511
5578296	3236358
5578297	407581
5578297	12068002
5578298	3236358
5578299	3166156
5578300	407581
5578301	5578090
5578302	316082
5578302	755877
5578303	407581
5578304	5578089
5578305	407581
5578306	5578273
5578306	5580173
5578307	8598570
5578307	10255800
5578308	377188
5578309	5579414
5578310	5578083
5578311	3984758
5578312	3757971
5578312	5578314
5578312	5578321
5578312	5578324
5578312	5578327
5578312	5579517
5578312	5974156
5578312	8060930
5578312	9985775
5578313	2417430
5578314	5578312
5578315	3514433
5578318	380870
5578320	1738138
5578321	5578312
5578322	4062189
5578322	4072878
5578323	2199854
5578323	2894058
5578324	5578312
5578325	3466099
5578325	3467127
5578326	377182
5578327	5578312
5578329	1543643
5578330	2544400
5578332	2544400
5578335	2544989
5578336	826342
5578336	5579417
5578338	3152252
5578339	3152252
5578340	3152252
5578341	3152252
5578342	377199
5578343	1206627
5578344	3181708
5578344	7214268
5578345	377199
5578346	3200055
5578346	3200380
5578346	12188413
5578347	3200596
5578348	3200598
5578349	396520
5578349	488753
5578350	3200599
5578351	3200712
5578352	3200878
5578353	9939205
5578354	3200878
5578355	3200923
5578356	3200923
5578358	377202
5578359	3200945
5578360	3200945
5578361	3201139
5578362	3201139
5578363	35290
5578364	5570702
5578365	3200055
5578365	3200380
5578365	12188420
5578366	3200055
5578366	3200380
5578366	12188422
5578367	801145
5578368	5206445
5578368	5208377
5578368	5208378
5578368	5567413
5578368	5567414
5578368	5578370
5578368	8381801
5578369	3200411
5578370	5206445
5578370	5567413
5578370	5567414
5578370	5578368
5578370	5578654
5578370	8381801
5578371	3200411
5578372	5091808
5578373	5564744
5578373	9818351
5578374	3200601
5578375	3200601
5578376	5564449
5578377	5564449
5578377	5578653
5578378	1633584
5578379	2783756
5578380	1633584
5578381	3201140
5578382	3201143
5578383	273291
5578384	5564451
5578384	5578652
5578385	3201140
5578386	3201143
5578387	5564438
5578387	5578651
5578388	5552773
5578388	5552782
5578388	5564429
5578388	5578648
5578389	5564402
5578390	3201248
5578390	8285784
5578390	10633676
5578391	5564403
5578392	5564404
5578392	9983521
5578393	2376327
5578393	9958570
5578393	9958571
5578394	3201248
5578395	453859
5578395	8974967
5578396	5564405
5578397	3201248
5578398	2376327
5578399	3124564
5578400	3201280
5578401	3124564
5578402	3201280
5578402	5782070
5578403	4274024
5578404	1092975
5578405	3201539
5578406	3183487
5578407	3424325
5578408	4511250
5578409	3202368
5578410	3183487
5578411	3202368
5578412	3201539
5578413	3442644
5578414	3183487
5578415	5207407
5578418	3442644
5578419	3825860
5578420	3442644
5578420	13715918
5578421	3442644
5578422	3736288
5578422	6265235
5578423	2451373
5578424	3618703
5578424	4699799
5578425	3736288
5578426	3618703
5578426	4699799
5578427	3831485
5578428	1213521
5578429	3905484
5578430	5577212
5578430	12582900
5578431	3905483
5578432	5577212
5578433	3905484
5578434	5577212
5578435	3986733
5578436	3986733
5578437	31787
5578438	31787
5578439	5577214
5578440	3986733
5578441	5577217
5578442	3986733
5578443	5577218
5578444	3185249
5578444	5576600
5578444	5576601
5578445	4011506
5578446	4011506
5578447	5577218
5578448	5577220
5578449	4011506
5578450	4011506
5578451	2540513
5578452	971232
5578453	3921611
5578453	7214277
5578454	4310566
5578455	531797
5578455	5577224
5578456	2540513
5578457	5361958
5578458	4664711
5578459	3921611
5578459	7214277
5578460	2010925
5578460	2583383
5578461	5341279
5578461	5341281
5578461	5342179
5578462	2276490
5578462	2597047
5578462	7217456
5578463	3516156
5578463	3516328
5578464	2038376
5578464	2039061
5578464	2054589
5578465	5577226
5578466	2540513
5578467	2540513
5578468	5577228
5578468	5578646
5578469	2540513
5578470	4809266
5578470	7706051
5578471	5577228
5578471	5578646
5578472	2540513
5578473	4809266
5578474	2540513
5578475	2540513
5578476	5577228
5578476	5578646
5578476	5685133
5578477	5577215
5578477	9983530
5578477	9983531
5578478	19930
5578478	861507
5578478	5578694
5578479	2540513
5578480	3427822
5578481	2540513
5578482	5578644
5578483	19930
5578483	5578694
5578484	5511645
5578485	2540513
5578486	30418
5578486	1360540
5578486	1360541
5578486	2720648
5578486	5578690
5578486	6736828
5578487	30418
5578487	1360540
5578487	1360543
5578487	2720648
5578487	5578647
5578487	6736826
5578488	5512137
5578488	5916991
5578489	3741666
5578490	3669545
5578490	3669954
5578490	3671033
5578491	5512139
5578491	5578642
5578492	2543347
5578492	3199874
5578493	5512140
5578494	5497608
5578495	2540513
5578497	1070851
5578497	1070966
5578497	7886247
5578498	3201140
5578499	2163803
5578500	3201140
5578500	5578645
5578501	3972994
5578502	4081216
5578503	3170992
5578504	5512143
5578505	5512144
5578505	5578638
5578506	5512144
5578507	3172327
5578507	5672808
5578508	3172327
5578509	3172327
5578510	3172327
5578511	5512146
5578511	5578630
5578512	3172327
5578514	3172327
5578515	5578629
5578516	5512148
5578516	5578627
5578516	5578628
5578518	297679
5578518	5578643
5578519	3172327
5578519	5672807
5578520	3172327
5578521	3172327
5578522	320745
5578522	5578582
5578523	3172327
5578524	320745
5578524	5578582
5578526	5512155
5578527	418093
5578528	5512155
5578529	1886568
5578529	5578578
5578529	8126685
5578529	11142727
5578529	11142728
5578530	1886568
5578530	5578575
5578530	8126684
5578531	5512548
5578533	1656118
5578534	1886569
5578536	1886569
5578537	1886570
5578538	1886570
5578538	5595809
5578539	10205542
5578540	1950852
5578540	2172160
5578541	2314831
5578543	2314873
5578544	2314873
5578544	13262909
5578545	3611395
5578546	4474137
5578547	2539645
5578548	2539645
5578549	2540240
5578549	11657781
5578550	2540240
5578551	2202544
5578551	2202868
5578551	2549438
5578551	2582018
5578551	2582019
5578551	4775663
5578551	5197250
5578551	5197251
5578552	2540664
5578552	7645173
5578552	11508138
5578553	2540664
5578554	1465994
5578555	2958301
5578556	1465994
5578556	7801562
5578557	2958301
5578558	2986666
5578558	3203836
5578560	911619
5578561	2446180
5578561	2446182
5578561	2447068
5578561	2447069
5578562	5578568
5578563	3731227
5578563	3961727
5578563	3980793
5578563	6101773
5578564	5242244
5578564	8975027
5578565	2987079
5578566	2987079
5578567	71710
5578567	1537247
5578567	1537999
5578567	5578572
5578568	5578562
5578568	5578574
5578568	5579419
5578569	2987079
5578570	5578573
5578570	5578591
5578570	5578594
5578570	5578595
5578570	5578598
5578570	5578601
5578570	5579515
5578570	5579516
5578570	8505324
5578570	8505325
5578571	2987079
5578572	1537999
5578572	5578567
5578573	5578570
5578573	5578598
5578573	5578601
5578573	5579515
5578573	5579516
5578573	8505324
5578573	8505325
5578573	10103410
5578573	12946473
5578573	12997995
5578573	13552242
5578574	5578568
5578575	5578530
5578576	3619876
5578577	3183487
5578577	13058075
5578578	5578529
5578579	3314709
5578580	4765586
5578581	3121632
5578582	5578522
5578582	5578524
5578583	5347362
5578584	4614581
5578585	4614581
5578586	1961329
5578587	4235260
5578587	4235261
5578588	4900478
5578588	4900489
5578589	2642478
5578590	899085
5578591	5578570
5578592	5367403
5578593	2288253
5578593	2288799
5578593	2288800
5578593	2288801
5578593	2288803
5578593	3757979
5578594	5578570
5578595	5578570
5578596	5178070
5578597	3313010
5578597	4871944
5578598	5578570
5578598	5578573
5578599	1094672
5578599	2374533
5578599	7695776
5578599	13254432
5578599	13416569
5578599	13416571
5578600	354181
5578601	5578570
5578601	5578573
5578601	8165428
5578602	1219479
5578602	1220067
5578603	4614598
5578603	8460519
5578603	8505159
5578603	8505160
5578604	5403396
5578605	4932622
5578606	27150
5578606	3301711
5578607	1664180
5578608	3023343
5578609	2247541
5578609	4693296
5578610	3092454
5578610	3092455
5578610	6647044
5578610	6647045
5578611	3820006
5578611	4135176
5578611	5535016
5578611	5535017
5578611	5535018
5578611	6625871
5578611	7774674
5578612	4135320
5578612	4957694
5578613	3101540
5578614	5578965
5578615	5395490
5578615	5396350
5578616	3142588
5578617	3142588
5578617	13201741
5578618	3142588
5578619	3142588
5578620	3101540
5578620	3102076
5578620	3801975
5578621	3150560
5578622	2245672
5578622	4679141
5578623	3153993
5578624	3185262
5578624	5452563
5578624	5452564
5578624	13278806
5578625	488671
5578626	3185262
5578626	13278805
5578626	13278806
5578627	5513782
5578627	5578516
5578628	5578516
5578629	5375551
5578629	5378333
5578629	5578515
5578629	9198196
5578630	5512146
5578630	5513779
5578630	5578511
5578630	6139619
5578630	12345039
5578631	70342
5578631	2229346
5578631	2229347
5578631	2241381
5578631	2241382
5578631	2241383
5578631	13149325
5578631	13149329
5578632	3659535
5578633	4542937
5578633	5580397
5578634	2557607
5578634	2557608
5578634	3659535
5578634	7995847
5578634	8969187
5578634	10139964
5578635	5302732
5578636	4805457
5578637	5578718
5578637	13268147
5578638	5578505
5578638	11062323
5578639	2886574
5578639	4516602
5578639	4550798
5578639	4550799
5578639	5047170
5578639	5578641
5578640	3248502
5578640	3248646
5578640	5552238
5578641	2886574
5578641	4516602
5578641	4550798
5578641	4550799
5578641	5047170
5578641	5578639
5578642	5578491
5578643	5578518
5578644	5578482
5578644	5618354
5578644	5625674
5578644	10080040
5578645	5578500
5578646	5577228
5578646	5577915
5578646	5578468
5578646	5578471
5578646	5578476
5578646	5579413
5578646	5583183
5578646	5785732
5578646	6056888
5578647	5578487
5578648	2662102
5578648	5552782
5578648	5564429
5578648	5564910
5578648	5578388
5578648	5785730
5578648	6056889
5578648	6059379
5578649	3200719
5578650	3200949
5578650	6356788
5578651	5550374
5578651	5550375
5578651	5564438
5578651	5564570
5578651	5564901
5578651	5578387
5578651	5785729
5578651	5786488
5578651	7188123
5578651	7188124
5578652	5578384
5578652	5579411
5578652	5785727
5578652	5785728
5578653	5564449
5578653	5564571
5578653	5564895
5578653	5578377
5578653	5579412
5578653	5785700
5578654	5184635
5578654	5184639
5578654	5206559
5578654	5206562
5578654	5578370
5578654	5785691
5578654	5786499
5578654	5786539
5578654	7527360
5578654	7547938
5578654	7882106
5578654	7882157
5578654	8381801
5578654	8382811
5578654	8382821
5578655	3201279
5578655	8740016
5578655	13278824
5578655	13278825
5578656	322717
5578656	5578275
5578656	5584818
5578656	5785686
5578656	5785689
5578656	8790539
5578657	5578280
5578657	5579553
5578657	5582035
5578657	5785684
5578658	361405
5578659	5385032
5578659	5578209
5578659	6601179
5578660	418113
5578660	587664
5578660	706889
5578660	5578184
5578660	5579409
5578660	5785682
5578661	3201537
5578662	3201537
5578662	6812411
5578663	5578133
5578663	5578134
5578663	5785681
5578663	6933359
5578664	5578106
5578665	5577161
5578666	5577171
5578667	3902166
5578668	5576846
5578668	9719519
5578669	3201622
5578670	5253711
5578670	5577470
5578671	134319
5578671	313840
5578671	618627
5578671	942654
5578671	1340541
5578671	12307717
5578672	3201799
5578673	5576500
5578673	5785680
5578673	10954309
5578674	5576839
5578674	5578678
5578675	3201800
5578675	3202581
5578676	803336
5578677	3201800
5578677	3202581
5578678	5576839
5578678	5578674
5578679	3202017
5578680	3201997
5578681	3911174
5578682	5578722
5578683	3920825
5578684	3202137
5578685	5576841
5578686	3202366
5578686	13917407
5578687	3921164
5578687	3966111
5578688	5446167
5578689	3202366
5578690	5578486
5578691	3202367
5578692	3202367
5578692	5578912
5578694	5578478
5578694	5578483
5578695	3202629
5578695	5578909
5578697	2411968
5578698	2411968
5578699	3958854
5578700	5575233
5578701	5574942
5578701	5575209
5578701	12356376
5578701	12356377
5578702	5575209
5578703	305888
5578704	5575209
5578705	5574972
5578705	5575195
5578705	5576665
5578705	8809296
5578705	12149046
5578706	2359702
5578707	4969892
5578708	5575196
5578709	5006693
5578709	5673719
5578710	3098906
5578711	5575200
5578712	1505592
5578712	2509696
5578712	5006715
5578712	5770903
5578712	8348370
5578713	2111729
5578713	5006859
5578713	5274487
5578713	8117483
5578713	9081463
5578713	10100761
5578714	2111729
5578714	5006859
5578714	5274487
5578714	9081464
5578714	10100761
5578715	5017259
5578716	41821
5578717	5041942
5578717	5637082
5578718	5578637
5578718	5635460
5578718	6793114
5578718	9298488
5578718	13268147
5578719	5575178
5578720	3130447
5578721	5575178
5578722	5578682
5578723	5575178
5578724	5045474
5578725	3439399
5578726	5575179
5578727	5575179
5578728	5575169
5578728	5575171
5578729	264671
5578730	5041942
5578730	5637082
5578730	5796332
5578731	5041965
5578731	5750687
5578732	5041965
5578732	5589661
5578733	5575172
5578734	534730
5578735	5575172
5578736	5085474
5578736	10665372
5578737	5085474
5578737	5225390
5578738	3636121
5578738	5575156
5578739	2802360
5578739	5578897
5578740	3636119
5578740	5575161
5578741	4873859
5578741	4875099
5578741	5012348
5578741	5087331
5578741	10192352
5578742	3716417
5578743	3636118
5578743	5575163
5578744	3636127
5578744	5575145
5578745	5121175
5578745	5121197
5578746	5121175
5578746	5121197
5578746	5653835
5578747	2539427
5578747	5575136
5578748	5121203
5578748	5545666
5578748	5797128
5578749	5121203
5578749	5601512
5578749	5797128
5578750	3024184
5578750	8974940
5578751	5123828
5578751	5123838
5578752	5575143
5578753	3619544
5578753	5578895
5578754	5574150
5578755	5574150
5578756	2980203
5578756	12378696
5578757	5573449
5578758	5573449
5578758	5579566
5578759	314918
5578760	5573409
5578760	6533741
5578761	4667072
5578761	5577934
5578761	5578789
5578762	5572660
5578763	5572709
5578764	4667072
5578765	4667072
5578765	5578777
5578766	5572332
5578766	6167765
5578767	5578831
5578767	5581292
5578767	6067085
5578767	6067086
5578767	6070123
5578768	5578829
5578768	5578907
5578768	5579243
5578768	5579511
5578768	5581294
5578768	7611210
5578768	8070408
5578768	8802256
5578768	10128641
5578769	5578827
5578769	5581302
5578769	6956319
5578769	6956560
5578769	8802258
5578770	1998538
5578770	2452395
5578770	4952507
5578770	7189151
5578770	8071637
5578771	5578824
5578771	5581311
5578771	7266872
5578771	7673409
5578771	12651982
5578772	5578820
5578772	5579244
5578772	5580148
5578772	5585620
5578772	8802265
5578772	11463443
5578773	5578818
5578773	5579506
5578773	5579508
5578773	5579509
5578773	5580146
5578773	5581313
5578773	12330150
5578773	12598022
5578773	12951563
5578774	3370849
5578774	5578815
5578774	5578906
5578774	5580143
5578774	5580144
5578774	5580145
5578774	5585617
5578774	5585618
5578774	5596842
5578774	5596845
5578774	5910487
5578774	5910488
5578774	5925049
5578774	6936581
5578774	6936582
5578774	6936583
5578774	6936584
5578774	6936585
5578774	6936586
5578774	6936587
5578774	6936588
5578774	6974640
5578774	6974641
5578775	675601
5578775	2198214
5578775	5581328
5578775	7083000
5578775	7706361
5578775	8802270
5578775	12155146
5578776	5578813
5578776	5578905
5578776	5579504
5578776	5580136
5578776	5580141
5578776	6112379
5578776	7550412
5578776	8100256
5578776	8100257
5578776	8802279
5578776	9467223
5578776	10365348
5578776	11832418
5578776	13073619
5578777	4667072
5578777	5578765
5578778	5572330
5578779	5578790
5578779	5578811
5578779	5579501
5578780	5578808
5578780	5924677
5578781	5578804
5578781	5579497
5578781	5579499
5578781	5580131
5578781	5580384
5578781	5580387
5578781	6112381
5578781	6891587
5578781	6891588
5578781	10219713
5578782	3887247
5578782	5578792
5578782	5585613
5578782	5585614
5578783	5578794
5578783	5578799
5578784	3922285
5578784	5578796
5578784	5579246
5578784	5585610
5578784	5585611
5578784	5929712
5578784	8664577
5578784	8664579
5578784	8802280
5578784	9936252
5578784	12213297
5578786	5578795
5578786	7104110
5578786	8023572
5578786	8023575
5578786	8471005
5578786	8471007
5578786	8802282
5578786	10071931
5578786	12441096
5578787	5578793
5578787	5579495
5578788	5578791
5578788	5581342
5578788	5581349
5578788	5585603
5578788	5585607
5578788	5932336
5578788	7549118
5578788	7549119
5578788	11979816
5578788	12511381
5578789	4667072
5578789	4668447
5578789	4668789
5578789	5577934
5578789	5578761
5578790	5578779
5578791	5578788
5578792	5578782
5578793	5578787
5578794	5578783
5578795	5578786
5578796	5578784
5578797	5578798
5578797	5578802
5578797	5578821
5578797	10812662
5578797	11005389
5578797	11005394
5578797	11005398
5578798	5578797
5578798	5578802
5578798	5578821
5578798	5578830
5578798	5578844
5578798	5578848
5578798	5580443
5578798	8505327
5578798	8505328
5578798	8802286
5578798	9176902
5578798	9176909
5578798	9176911
5578798	10812662
5578798	11005398
5578799	5578783
5578800	5576769
5578801	5576769
5578802	5578797
5578802	5578798
5578802	11005398
5578803	1954263
5578804	5578781
5578805	1954263
5578806	5576769
5578807	538123
5578807	7872529
5578808	5578780
5578809	5576769
5578810	5576769
5578811	5578779
5578812	538123
5578813	5578776
5578814	2877272
5578814	7809041
5578814	12418270
5578815	5578774
5578816	5576769
5578817	906328
5578817	7809042
5578818	5578773
5578818	6354081
5578819	906328
5578819	8974950
5578820	5578772
5578821	5578797
5578821	5578798
5578821	9176902
5578821	9176909
5578821	10812662
5578822	5575734
5578823	2005191
5578823	8975049
5578823	8975050
5578824	5578771
5578825	2083030
5578825	4366796
5578825	7809050
5578826	4008918
5578827	5578769
5578828	2203599
5578829	5578768
5578830	5578798
5578830	7446510
5578830	10812662
5578831	5578767
5578832	5577230
5578833	5577229
5578834	5577227
5578835	435084
5578836	5577225
5578836	6532416
5578837	448320
5578838	448320
5578839	448320
5578840	5577223
5578841	2203766
5578842	5577222
5578843	2203766
5578843	8974928
5578844	5578798
5578844	10812662
5578845	5577219
5578846	631038
5578846	8974924
5578847	631038
5578848	5578798
5578848	10812662
5578849	1102981
5578850	5576976
5578851	1102981
5578852	5576975
5578853	2203859
5578854	5576974
5578855	5576971
5578856	5576970
5578857	5576969
5578858	5576968
5578859	5578860
5578859	5578862
5578860	5578859
5578861	5576925
5578862	5578859
5578863	5576924
5578864	5576973
5578865	5578911
5578866	3730661
5578866	4529719
5578867	2266864
5578868	3722813
5578869	1829639
5578870	2203860
5578870	8974934
5578871	2203860
5578872	3048304
5578873	3048304
5578874	2507216
5578875	3048304
5578876	3048304
5578877	3154733
5578878	3738018
5578878	5535892
5578879	2044425
5578879	2236800
5578880	1549767
5578881	4902767
5578881	5860706
5578881	5975527
5578882	735999
5578883	3036129
5578883	3037828
5578884	630605
5578884	8613291
5578885	2267967
5578886	5277926
5578886	5578904
5578887	1694943
5578888	2263223
5578888	5604790
5578889	884914
5578889	1756763
5578889	5577246
5578890	1694943
5578891	1029137
5578891	8783792
5578892	5574071
5578893	5189185
5578893	5578902
5578894	1025807
5578894	6142690
5578895	5578753
5578895	5578899
5578896	5573718
5578897	5578739
5578898	5580117
5578899	5578895
5578900	5531741
5578900	5535242
5578900	5535243
5578900	5535244
5578900	5535246
5578900	5573735
5578900	5785662
5578901	5574069
5578902	5578893
5578903	5574068
5578904	5578886
5578905	5578776
5578905	8416330
5578906	5578774
5578907	5578768
5578907	8802256
5578908	3922022
5578908	4241676
5578909	5578695
5578909	5578914
5578910	5580110
5578911	5578865
5578911	5578964
5578912	5578692
5578913	3334034
5578914	5578909
5578914	12816401
5578915	3202630
5578915	10841614
5578916	3202630
5578916	10841617
5578916	13976776
5578916	13976777
5578917	4487345
5578918	3241042
5578919	3636103
5578920	1887259
5578921	2953297
5578922	3203834
5578923	3203834
5578924	3419791
5578925	1092512
5578926	3202630
5578927	3202630
5578928	2069500
5578929	2069500
5578930	2069500
5578931	3203842
5578932	4497051
5578933	3204018
5578934	4497051
5578935	3579490
5578935	3581629
5578936	1841589
5578937	3581628
5578938	1841589
5578939	3579490
5578939	3581628
5578940	3581629
5578941	5578162
5578941	10243871
5578942	5577461
5578943	3737482
5578944	5577459
5578945	5534319
5578946	4086609
5578946	5604801
5578947	4495855
5578948	5237931
5578948	10135908
5578949	5237931
5578950	5237931
5578951	5277921
5578952	5277921
5578952	5549688
5578953	5507980
5578954	249966
5578955	249966
5578956	289013
5578957	5507979
5578958	884226
5578959	1490331
5578959	1982886
5578960	325769
5578960	876080
5578960	891825
5578960	1314800
5578960	2077346
5578960	3409794
5578961	2446593
5578961	7997828
5578962	2538156
5578962	3436495
5578962	5814327
5578963	2538156
5578964	5578911
5578964	5580317
5578965	5578614
5578966	3088414
5578967	3088414
5578968	3271669
5578968	3271670
5578968	4757435
5578968	5570099
5578968	5570100
5578968	5582041
5578968	5582594
5578968	5918203
5578968	8052226
5578968	8052228
5578968	10854284
5578969	3161793
5578970	5577960
5578971	3161793
5578972	3161793
5578973	3161793
5578974	4433461
5578974	5582593
5578974	8052224
5578975	3182038
5578976	3182038
5578977	5577699
5578978	3182038
5578979	3182038
5578980	3183619
5578980	3921659
5578981	3751997
5578981	5582590
5578982	3122077
5578983	3122077
5578984	3122077
5578984	13880744
5578985	3122077
5578986	3201276
5578986	5579161
5578987	5512558
5578987	5597820
5578987	9526433
5578988	5561767
5578988	5563892
5578989	3202374
5578989	5579154
5578990	3202375
5578990	5579150
5578991	3202375
5578991	5579150
5578992	5541976
5578992	5542921
5578992	5971111
5578993	3202581
5578993	5579120
5578994	3202581
5578994	5579124
5578995	3202581
5578995	5579120
5578996	3202581
5578996	5579120
5578996	13563368
5578997	3202581
5578997	5579124
5578998	5574814
5578999	3202581
5578999	5579120
5579000	5574575
5579001	5574576
5579002	5574578
5579003	3202586
5579003	5579116
5579004	5574579
5579005	5574581
5579006	5574583
5579007	5574585
5579008	3363728
5579008	3957104
5579008	4181613
5579009	5574585
5579010	3203848
5579010	5579105
5579011	3415484
5579011	5579102
5579012	3504282
5579012	5579091
5579013	3504282
5579013	5579091
5579014	3722393
5579014	5579082
5579015	5574559
5579017	3921075
5579017	5579078
5579018	5574585
5579019	3911309
5579020	58049
5579020	2768368
5579021	5574562
5579022	5574564
5579023	5574571
5579024	5574574
5579025	5213808
5579026	131124
5579026	291470
5579026	5579074
5579027	2773693
5579028	5213809
5579029	5213810
5579030	5574502
5579031	5213811
5579032	2387131
5579033	5213812
5579034	5213813
5579035	5213814
5579036	5213815
5579037	5213816
5579038	5574505
5579039	5213817
5579040	5213818
5579041	5574417
5579042	5213819
5579043	297584
5579043	916605
5579043	916607
5579043	916608
5579043	2885651
5579043	5579070
5579044	5574374
5579045	5213820
5579046	5574375
5579047	5213821
5579048	5574383
5579049	5213822
5579050	5213823
5579051	5574385
5579052	5213824
5579053	2885651
5579053	5579066
5579054	5213825
5579055	5213826
5579056	5574371
5579057	5213827
5579058	5574353
5579059	5574354
5579060	297590
5579060	5579063
5579061	297590
5579062	297590
5579063	5579060
5579064	319204
5579065	954191
5579066	5579053
5579067	5215566
5579068	954192
5579069	5217969
5579070	5579043
5579071	5217982
5579072	391761
5579072	1423262
5579073	1423262
5579074	291470
5579074	5579026
5579075	5218008
5579076	5218213
5579077	5213828
5579078	5579017
5579079	5213831
5579080	5213832
5579081	5213834
5579082	5579014
5579083	5213835
5579084	5213836
5579085	2476352
5579085	2731212
5579086	5214618
5579087	2476352
5579087	2731212
5579088	5214619
5579089	2537609
5579089	6134188
5579090	5214620
5579091	5579012
5579091	5579013
5579092	5214621
5579093	5214622
5579094	5214623
5579096	2538018
5579097	5214626
5579098	5214627
5579099	2543764
5579100	2538018
5579100	11041040
5579101	5214628
5579102	5579011
5579103	5214629
5579104	5214630
5579105	5579010
5579106	2641259
5579107	5214631
5579108	5214632
5579109	5214633
5579110	1806866
5579111	5214634
5579112	244561
5579113	5214635
5579114	5214636
5579115	5214637
5579116	5579003
5579117	5214638
5579118	5214639
5579119	5214640
5579120	5578993
5579120	5578995
5579120	5578996
5579120	5578999
5579121	3129354
5579121	3129370
5579121	10220101
5579121	12159355
5579122	5214641
5579123	5214642
5579124	5578994
5579124	5578997
5579125	5214643
5579126	2995485
5579126	5702707
5579127	5214644
5579128	3023338
5579129	5214645
5579130	5214646
5579130	8255976
5579131	3168029
5579131	8175271
5579132	5214647
5579133	3168029
5579133	8175271
5579134	1951615
5579135	5214648
5579135	7176224
5579136	3168029
5579136	8175271
5579137	5214650
5579138	3168029
5579138	8175271
5579139	5214651
5579140	5214652
5579140	5214704
5579140	6443508
5579141	5214653
5579142	5214654
5579143	5214655
5579144	5214656
5579145	5214657
5579146	5214658
5579147	5214660
5579148	5214662
5579149	5214663
5579150	5578990
5579150	5578991
5579151	5214664
5579152	5214665
5579153	5214666
5579154	5578989
5579155	5214667
5579156	5214670
5579157	5215290
5579158	1893825
5579159	5215291
5579160	5215292
5579161	5578986
5579162	5215293
5579163	5215294
5579164	5215295
5579165	5215296
5579166	5215297
5579167	5215299
5579168	5215300
5579169	5215301
5579170	5215302
5579171	5215303
5579172	5215304
5579173	5215305
5579174	5215306
5579175	5215307
5579176	5215308
5579177	5215309
5579178	5215311
5579179	5215312
5579180	1102619
5579181	5215313
5579182	5215314
5579183	1102619
5579184	5215313
5579185	5215315
5579186	5215316
5579187	3913258
5579187	3918554
5579188	5215317
5579189	5215318
5579190	3913258
5579190	3918554
5579191	5215319
5579192	5215320
5579193	5215321
5579194	5215322
5579195	5215323
5579196	5215324
5579197	5215325
5579198	3177899
5579198	6652160
5579199	5215326
5579199	7802338
5579200	5215327
5579201	5215328
5579202	2291626
5579203	1876966
5579204	1876966
5579205	1876966
5579206	1876966
5579207	2545755
5579208	5584552
5579209	5584551
5579210	5584554
5579211	5584543
5579212	274829
5579212	379827
5579212	447438
5579212	8085316
5579213	3154784
5579214	2380408
5579215	292926
5579216	5572787
5579216	5689777
5579217	5572793
5579218	5572791
5579218	5698086
5579219	5572791
5579219	5698086
5579220	5572831
5579221	5539029
5579222	5539029
5579223	5539114
5579224	5539115
5579225	5539162
5579225	5655292
5579226	5539171
5579227	5539498
5579227	5575187
5579228	5541489
5579229	5541766
5579230	5562503
5579231	5506969
5579232	5506978
5579233	1658567
5579234	495128
5579235	773378
5579235	1138341
5579235	9891349
5579236	773378
5579236	1138341
5579236	9891336
5579236	9933008
5579237	267933
5579237	1337472
5579237	1354191
5579238	267933
5579238	1337472
5579238	1354191
5579239	1177018
5579240	1177018
5579242	1177018
5579242	5604799
5579243	5578768
5579244	5578772
5579245	267933
5579245	1337472
5579245	12658181
5579246	5578784
5579247	289490
5579248	289490
5579249	64579
5579249	641023
5579250	2203354
5579251	5576749
5579252	5576749
5579253	5576749
5579254	5576354
5579255	5576354
5579256	2645389
5579257	2645389
5579258	1867959
5579258	3782699
5579259	3737283
5579260	2250996
5579261	2250996
5579262	2313626
5579262	2548219
5579262	4092160
5579262	4092163
5579262	4092164
5579262	5042875
5579262	5723457
5579262	6474903
5579262	7373688
5579262	7451559
5579262	11065013
5579263	2212250
5579264	4013946
5579264	5200723
5579264	6841805
5579265	2212250
5579266	5270079
5579266	5271107
5579267	5270079
5579267	5584434
5579267	9595221
5579267	9595223
5579268	2869336
5579268	3714010
5579268	5799363
5579269	2869336
5579269	3714011
5579269	5799363
5579269	11249552
5579269	11249554
5579269	11249556
5579270	3579671
5579271	3579671
5579272	2241551
5579272	6475544
5579272	13736602
5579273	1163882
5579273	7498890
5579274	2241551
5579275	3283434
5579275	5847564
5579275	12391852
5579276	39510
5579277	39510
5579278	39510
5579279	2546275
5579280	2546275
5579281	3090307
5579281	4226577
5579282	4497744
5579282	5503206
5579283	4497744
5579283	5584426
5579284	2643414
5579284	3508744
5579284	4867678
5579284	7786823
5579284	12488872
5579285	2643414
5579285	3508744
5579285	7786823
5579285	12488872
5579286	2645503
5579287	2956356
5579287	5584421
5579287	5650227
5579288	2956356
5579288	2980367
5579289	2645503
5579290	3330299
5579290	5584418
5579290	5626007
5579290	8206574
5579291	3823419
5579291	5584356
5579291	8716867
5579292	3309971
5579293	4870462
5579293	4875845
5579293	9015314
5579294	2301288
5579294	2307396
5579294	5584355
5579294	5584430
5579294	6063288
5579294	6080383
5579294	6080540
5579294	11084433
5579294	11823113
5579295	3223093
5579295	4927201
5579296	1027156
5579296	5712338
5579297	2548932
5579297	5584353
5579297	5584354
5579297	5602311
5579297	5657387
5579297	5791116
5579297	9131239
5579298	3728978
5579298	5584351
5579298	5795883
5579298	8349280
5579299	3728978
5579299	8349280
5579299	8532778
5579300	2272877
5579300	3508677
5579300	7709007
5579300	10772492
5579301	2642310
5579301	5584324
5579301	5632841
5579301	8393477
5579302	3168382
5579302	5584325
5579303	3205234
5579303	5584350
5579303	5650228
5579304	3321174
5579304	5641167
5579305	2387520
5579305	6213237
5579306	2406158
5579306	4047721
5579306	4047724
5579306	10119258
5579307	2406158
5579307	5584303
5579307	5584305
5579307	5704339
5579307	5704340
5579308	3439636
5579308	5584302
5579308	12633311
5579309	2123581
5579309	2146280
5579309	4356487
5579309	7052473
5579309	9275061
5579309	10792878
5579309	12072163
5579310	2208683
5579310	5630325
5579311	2029950
5579311	3079116
5579311	3733870
5579311	5584281
5579312	3820906
5579312	5584279
5579312	11827379
5579313	4500277
5579313	5624783
5579314	4500277
5579314	5584277
5579314	7922785
5579315	4050497
5579315	5584266
5579316	5000013
5579317	4890064
5579317	5584261
5579318	1028899
5579318	1976669
5579319	2007228
5579319	5584259
5579319	5584260
5579320	2644821
5579320	5584255
5579320	5818688
5579320	7176709
5579321	2644821
5579321	5584256
5579321	7176709
5579322	2644821
5579322	5584255
5579322	7176709
5579323	3826254
5579324	5579331
5579324	5582588
5579325	4887859
5579325	5584254
5579326	4887859
5579326	4913380
5579326	5071654
5579326	5795901
5579327	3201756
5579327	5584250
5579327	5584252
5579327	5644623
5579327	11176658
5579328	3201756
5579328	5584249
5579328	5584251
5579328	5644623
5579329	3342773
5579329	5461083
5579329	8349499
5579330	3342773
5579331	5579324
5579332	3342773
5579332	5461084
5579332	8459840
5579333	2738262
5579334	4012170
5579334	4205760
5579334	6328172
5579335	4012170
5579335	4205765
5579335	9476934
5579335	9476947
5579336	1025174
5579336	4069414
5579336	6905202
5579337	3148365
5579337	5584237
5579338	3737417
5579338	4124294
5579339	2663049
5579339	5056010
5579339	6053031
5579340	1027741
5579340	4176491
5579340	5728125
5579340	5810183
5579341	1027741
5579341	4176491
5579341	5810183
5579342	2544239
5579342	5584239
5579342	8901528
5579343	3199065
5579343	5584235
5579343	5594971
5579343	7066250
5579343	8854179
5579344	2251291
5579344	5584230
5579344	5584231
5579344	8105347
5579345	2011321
5579345	2244718
5579345	5584229
5579345	5846237
5579346	2545601
5579346	5584211
5579346	7172074
5579347	2545601
5579347	5584210
5579347	7172074
5579348	2545601
5579348	5584206
5579348	7172074
5579349	2545601
5579349	5584206
5579349	7172074
5579350	2545601
5579350	5584204
5579350	7172074
5579351	2545601
5579351	5584203
5579351	7172074
5579352	2954716
5579352	5584201
5579352	11024630
5579353	2954716
5579353	5584200
5579353	8268028
5579353	11024631
5579354	3415392
5579354	5681754
5579354	5681756
5579355	3415392
5579355	4666977
5579355	5563748
5579355	13748011
5579356	3822207
5579356	5584198
5579356	5584216
5579357	1096117
5579357	5584193
5579358	2955509
5579358	4097150
5579358	7477307
5579359	4384243
5579359	5584190
5579359	5584191
5579359	11373589
5579360	4502014
5579360	4745941
5579360	5894940
5579360	13783352
5579361	549857
5579361	1886508
5579361	6799868
5579362	1886508
5579362	5584142
5579362	6799868
5579363	36413
5579363	549857
5579363	1886508
5579363	6799866
5579363	6799867
5579364	1886508
5579364	2062053
5579364	5584140
5579364	11364262
5579365	2892781
5579365	7930453
5579365	8455709
5579366	2892781
5579366	8455709
5579367	3326672
5579367	4229740
5579367	10605396
5579367	10605397
5579368	3326672
5579368	4229741
5579369	3142955
5579370	3142955
5579370	5581029
5579371	3819312
5579371	5774570
5579372	3819312
5579372	5584131
5579372	12687023
5579373	2323194
5579373	5584128
5579373	7230370
5579374	3200703
5579374	5584084
5579375	2852836
5579375	2987600
5579375	5579745
5579375	5609734
5579376	2852836
5579376	5579745
5579376	5584081
5579376	6208685
5579377	4011978
5579377	5579742
5579377	5584086
5579377	5643488
5579377	10669299
5579378	5579549
5579378	5580096
5579378	8623966
5579378	8802290
5579378	12018955
5579378	12018956
5579378	13324650
5579378	13347736
5579379	4719932
5579379	5580093
5579379	5581195
5579379	6195375
5579379	8032597
5579379	8802291
5579380	634726
5579380	1009698
5579380	4416702
5579380	4568857
5579380	5580088
5579380	5580089
5579380	5580091
5579380	5585585
5579380	5585586
5579380	8802293
5579380	10356675
5579380	11589342
5579380	13372071
5579380	13372080
5579380	13372081
5579380	13372083
5579380	13372084
5579381	5579544
5579381	5585580
5579381	5585582
5579381	5585583
5579381	5585584
5579381	5924682
5579381	8802295
5579381	10219204
5579381	10219205
5579382	5579503
5579382	5581197
5579382	5585579
5579382	7364703
5579382	7364704
5579382	8802301
5579383	5579500
5579384	5579492
5579384	7853452
5579384	8802302
5579385	5584098
5579385	5910503
5579385	5910504
5579385	5925052
5579385	5925053
5579386	5579485
5579386	5859992
5579386	8000603
5579387	5579484
5579388	5579475
5579388	5580081
5579388	5581199
5579389	5579470
5579389	5580074
5579389	5580076
5579389	5580078
5579389	5799940
5579390	5579468
5579390	5579482
5579390	5579483
5579390	5580069
5579390	5580070
5579390	5581200
5579390	5581201
5579390	5581203
5579390	5581205
5579390	5748800
5579390	5888720
5579390	5889465
5579390	6112382
5579390	6957212
5579390	10054953
5579390	13155712
5579390	13340917
5579391	5579467
5579391	5579480
5579391	5593482
5579391	5830889
5579391	7592135
5579392	5579466
5579392	5579478
5579392	5580060
5579392	5580063
5579392	5581202
5579392	9474481
5579392	12408298
5579393	5579464
5579393	5579477
5579393	5580056
5579393	6609752
5579393	7818578
5579394	5579461
5579394	5580051
5579394	5580052
5579394	5580054
5579394	5585576
5579394	8738451
5579394	8738453
5579394	8738454
5579394	8742658
5579394	9524561
5579394	9524562
5579394	10029805
5579394	10518356
5579394	10636771
5579395	5579459
5579395	5580047
5579395	5580048
5579395	5585575
5579395	5621535
5579395	7636544
5579396	5579457
5579396	5580045
5579396	7372494
5579397	2700231
5579397	5153301
5579397	5580037
5579397	5580038
5579397	5580039
5579397	5580040
5579397	5910505
5579397	5910506
5579397	5925054
5579397	6535950
5579397	8434767
5579397	8434769
5579397	9957898
5579397	10099146
5579397	10193831
5579397	11451052
5579398	5165678
5579399	2645503
5579400	2645503
5579401	2645503
5579402	2645503
5579403	2554306
5579404	3178475
5579404	7205033
5579404	7205034
5579405	3426075
5579406	4014334
5579406	6834681
5579407	4014334
5579407	6834682
5579408	4450022
5579409	5578660
5579411	5578652
5579412	5564449
5579412	5578653
5579413	5577228
5579413	5578646
5579413	5677928
5579413	5685133
5579413	6056888
5579413	7416500
5579413	13982769
5579414	5578309
5579415	1618734
5579416	1618734
5579417	5578336
5579418	3344390
5579418	5603274
5579419	5578568
5579420	2616954
5579421	1901626
5579422	1901626
5579423	646290
5579423	2249633
5579424	2249633
5579425	2249633
5579426	5537773
5579427	5536767
5579428	2645629
5579429	2645629
5579430	4950748
5579431	4950748
5579432	2951771
5579433	2951771
5579434	2240171
5579435	2240171
5579436	5206135
5579436	5466249
5579436	5580035
5579436	10518021
5579437	2647102
5579437	9609800
5579438	261282
5579439	261282
5579439	4908188
5579439	5579443
5579440	57330
5579440	5579441
5579440	9496930
5579441	57330
5579441	5579440
5579442	2012421
5579443	261282
5579443	743150
5579443	4684063
5579443	4908188
5579443	5579439
5579444	5577231
5579444	5577949
5579446	5577608
5579447	5577229
5579448	1872052
5579448	1872057
5579448	1872073
5579448	1872176
5579448	2576785
5579448	4468900
5579448	5577607
5579448	7018878
5579448	7021470
5579449	5577228
5579450	253984
5579451	5577227
5579452	253984
5579453	5577225
5579454	715045
5579455	4455651
5579455	5576830
5579455	5579558
5579455	5580027
5579455	5580030
5579455	12727828
5579455	12727832
5579456	715045
5579457	5579396
5579458	715045
5579459	5579395
5579460	715045
5579461	5579394
5579462	5569556
5579462	5603278
5579462	10354770
5579463	5577223
5579464	5579393
5579465	5577222
5579465	5579520
5579465	5579521
5579466	5579392
5579467	5579391
5579468	5579390
5579469	5577219
5579470	5579389
5579471	5577218
5579472	5577227
5579472	5580465
5579472	5619604
5579472	8055268
5579473	5577217
5579474	5577225
5579474	5580462
5579474	5580472
5579474	6532416
5579474	7222665
5579474	7222862
5579474	7222870
5579475	5579388
5579476	5577214
5579477	5579393
5579477	5580460
5579478	5579392
5579478	5580451
5579479	5577213
5579480	5579391
5579480	5580446
5579481	5577212
5579482	5579390
5579482	5580437
5579482	5581201
5579482	5748800
5579483	5579390
5579483	5580432
5579483	5581200
5579484	5579387
5579485	5579386
5579486	5576924
5579487	5577218
5579487	5580426
5579488	5576976
5579488	10694523
5579489	5576971
5579489	5580417
5579489	13840984
5579490	5576975
5579491	5576971
5579491	5580414
5579491	13840982
5579492	5579384
5579493	5576969
5579493	5579726
5579493	5580399
5579494	5576974
5579494	5577921
5579494	12158895
5579494	12158986
5579494	12158988
5579495	5578787
5579495	5580393
5579496	5576974
5579496	5577921
5579497	5578781
5579497	5580387
5579498	5576973
5579499	5578781
5579499	5580384
5579499	13305312
5579500	5579383
5579501	5578779
5579501	5580382
5579502	5576973
5579503	5579382
5579503	8802301
5579504	5578776
5579504	5580369
5579505	5576972
5579506	5578773
5579506	5580297
5579507	5576971
5579507	6588674
5579507	11497708
5579508	5578773
5579508	5580297
5579509	5578773
5579509	5580291
5579510	5576970
5579511	5578768
5579511	5580285
5579511	5581294
5579511	8802256
5579511	9992959
5579512	5576969
5579512	5577905
5579512	5579726
5579512	5579727
5579513	5576754
5579513	5577096
5579513	5580262
5579513	5809688
5579514	1898008
5579514	5576968
5579514	9806854
5579515	5578570
5579515	5578573
5579515	5580247
5579515	8505324
5579516	5578570
5579516	5578573
5579516	5580241
5579516	8505325
5579517	5578312
5579517	5580238
5579517	5974156
5579517	10338325
5579518	5576967
5579518	5579725
5579519	5481277
5579519	5482746
5579519	5579723
5579519	5579724
5579519	5583955
5579520	5577222
5579520	5579465
5579520	5580230
5579520	13051002
5579520	13052114
5579521	5577222
5579521	5579465
5579521	5580226
5579521	13051002
5579521	13052116
5579522	5576871
5579522	5580197
5579522	5684594
5579523	5576871
5579523	5580178
5579523	5684596
5579524	1146637
5579524	1146638
5579524	1147545
5579524	5581178
5579524	5584089
5579524	8111344
5579524	8111345
5579524	11294124
5579524	11526692
5579525	5577215
5579525	5580175
5579525	8493776
5579526	5577215
5579526	5580175
5579527	5577215
5579527	5580174
5579528	5576755
5579528	5579721
5579528	5579722
5579529	5576874
5579529	5580166
5579530	5576754
5579530	5577096
5579530	5579720
5579531	5576491
5579531	5580163
5579532	5576753
5579532	5580156
5579532	5850950
5579532	6929981
5579533	5576492
5579533	5580152
5579534	5576753
5579534	5579535
5579534	5579719
5579534	13704585
5579535	5576753
5579535	5579534
5579535	5579718
5579535	5579719
5579535	5580881
5579536	5576355
5579536	5580149
5579537	5576751
5579537	5579717
5579537	5580879
5579538	5210964
5579538	5576375
5579538	5580122
5579538	7290560
5579539	5576374
5579539	5580120
5579540	5576750
5579540	5579716
5579541	458663
5579541	5576749
5579542	5576748
5579542	5579715
5579543	5576340
5579543	5580115
5579544	5579381
5579545	5576328
5579545	5580106
5579546	5576196
5579546	5580101
5579546	5946551
5579546	13883792
5579547	5576196
5579547	5580101
5579547	5946552
5579548	5576193
5579548	5580098
5579549	5579378
5579550	768255
5579551	2162663
5579552	3773397
5579553	5578657
5579553	5580031
5579553	5582035
5579553	5723708
5579553	5741494
5579553	10008643
5579554	35659
5579555	5573992
5579555	5580086
5579556	5573992
5579556	5580086
5579557	5165849
5579558	4455650
5579558	5576830
5579558	5579455
5579558	5580030
5579558	5582585
5579558	5582586
5579558	6486900
5579558	10877759
5579558	11316743
5579558	12022214
5579558	12727828
5579558	12727832
5579558	13271668
5579559	5575451
5579559	5580072
5579560	2146875
5579561	2183098
5579562	3205378
5579563	5575054
5579563	5580009
5579563	5584087
5579564	5574947
5579564	5580065
5579565	4150560
5579565	5574063
5579565	5580007
5579565	5581175
5579565	5584082
5579565	5753165
5579565	7551498
5579566	5573449
5579566	5578758
5579566	5584080
5579566	8055212
5579566	8468744
5579567	5253885
5579568	5574916
5579568	5580049
5579569	5573126
5579569	5580033
5579570	5574827
5579571	5572330
5579571	5582583
5579571	6533764
5579571	6533765
5579571	11303302
5579571	11303306
5579571	11749863
5579571	11864832
5579572	319719
5579573	5575349
5579574	2133067
5579575	5573995
5579575	5580025
5579576	5573993
5579576	5580005
5579577	256295
5579577	476505
5579577	689241
5579577	5571049
5579577	5581168
5579577	5581231
5579577	5817891
5579577	6330728
5579577	6330729
5579577	7455599
5579577	8098212
5579577	8098213
5579577	11964817
5579577	11964818
5579577	13206927
5579578	19216
5579579	5573437
5579579	5579996
5579579	5579997
5579580	5573434
5579581	324047
5579582	5575319
5579582	5575322
5579582	5575339
5579582	5575367
5579582	5575432
5579582	5575476
5579582	5575959
5579582	5579584
5579582	11560903
5579582	11560910
5579582	11560911
5579582	11560912
5579582	13338334
5579582	13338463
5579583	5569014
5579583	5579994
5579583	5584077
5579583	10877760
5579584	5575319
5579584	5575322
5579584	5575339
5579584	5575432
5579584	5575476
5579584	5579582
5579584	11560903
5579584	11560910
5579584	11560911
5579584	11560912
5579585	5575038
5579585	5575352
5579585	13734592
5579586	5573371
5579586	5579993
5579587	5463982
5579587	5573369
5579588	5569521
5579589	5568146
5579590	5568134
5579590	5568644
5579590	10194195
5579591	1441881
5579591	5573333
5579591	5579988
5579591	6394597
5579591	9983517
5579592	5535239
5579592	5579987
5579592	13579819
5579593	5336024
5579593	5579986
5579594	5573308
5579594	5579985
5579595	1210675
5579595	1971133
5579595	2137282
5579595	3354562
5579595	5573307
5579595	5579984
5579595	9462417
5579595	12375906
5579595	12375908
5579596	5146842
5579596	5192481
5579598	5146842
5579598	5192481
5579598	5581346
5579599	5579601
5579600	4618453
5579600	5579603
5579600	13582097
5579601	5579599
5579602	2359361
5579603	4618453
5579603	4627663
5579603	5579600
5579604	3200476
5579604	3999041
5579604	4350773
5579604	13770019
5579605	3200476
5579606	5572826
5579606	5579983
5579607	5572342
5579607	5579957
5579607	6537005
5579607	13631672
5579608	3536212
5579609	3536212
5579610	3536212
5579610	7706133
5579610	7706136
5579611	4164114
5579611	4241496
5579611	5579612
5579611	5581343
5579612	4164114
5579612	4241496
5579612	5579611
5579613	4224899
5579614	5243046
5579614	6537433
5579614	6537447
5579614	6538339
5579614	12023712
5579615	39763
5579616	1114587
5579617	2719206
5579617	5570968
5579617	5579956
5579618	4597902
5579618	4597905
5579618	4597910
5579618	4597938
5579618	4597983
5579618	4599329
5579618	4599340
5579618	5581327
5579618	6066409
5579618	13830267
5579619	534286
5579620	3032
5579621	2821962
5579621	5579894
5579622	2821962
5579622	5579895
5579623	2821962
5579623	5579895
5579623	5581312
5579624	5570714
5579624	5579954
5579625	3442090
5579625	5581299
5579625	8588631
5579626	5569939
5579626	5579951
5579626	8998789
5579627	5408242
5579627	5581279
5579628	5579990
5579628	5579991
5579628	5580991
5579628	5581162
5579629	5568102
5579629	5579947
5579629	8286465
5579629	10576966
5579630	5568061
5579630	5579946
5579631	5315065
5579632	5565266
5579632	5579944
5579633	5565250
5579633	5579940
5579634	5565155
5579634	5579938
5579635	5565128
5579635	5579935
5579635	13398424
5579635	13398425
5579636	2258346
5579636	9467429
5579637	5565062
5579637	5579930
5579637	5880064
5579637	12468480
5579638	5579647
5579639	2218280
5579640	2218280
5579641	2218280
5579642	2218280
5579643	2218280
5579643	9851229
5579644	2218280
5579644	9851229
5579645	5564429
5579646	5564399
5579646	5579925
5579647	5579638
5579648	5563141
5579648	5563142
5579648	5579923
5579648	12773029
5579649	5109415
5579649	5579650
5579650	3550614
5579650	5108454
5579650	5109415
5579650	5579649
5579650	8034454
5579651	3104402
5579651	5581229
5579652	5559856
5579652	5579922
5579653	4464696
5579653	4823873
5579653	5581226
5579653	5581227
5579654	2210538
5579654	5581244
5579655	247623
5579655	5579921
5579656	2539236
5579656	5579919
5579657	2539236
5579657	5579919
5579657	5685907
5579658	3819902
5579658	9118293
5579659	2011354
5579659	8096437
5579659	13760411
5579660	2011354
5579660	6624797
5579661	2011354
5579661	13760302
5579662	4879975
5579663	3616333
5579664	3616333
5579665	3823423
5579665	9467431
5579666	3823423
5579666	13802419
5579667	4012180
5579668	4012180
5579668	9824671
5579669	1895551
5579670	1895551
5579671	2267094
5579672	2187227
5579672	2198986
5579673	3155754
5579674	2592866
5579675	3168112
5579676	2217885
5579676	13723271
5579677	2217885
5579677	8317234
5579677	13723271
5579678	2217885
5579679	2217885
5579680	2217885
5579680	9520894
5579681	2217885
5579682	3076183
5579683	3076183
5579684	2011404
5579685	2011404
5579686	2549261
5579687	750632
5579688	917363
5579689	794601
5579689	947314
5579690	794601
5579690	947314
5579691	1577991
5579692	1577991
5579693	5579694
5579693	13123916
5579694	5579693
5579695	770854
5579696	770854
5579697	800285
5579697	11186043
5579699	5579700
5579699	9033367
5579700	5579699
5579701	912451
5579702	2224455
5579702	13774387
5579702	13774389
5579703	639989
5579704	835315
5579705	5579707
5579705	12623381
5579706	875295
5579707	5579705
5579709	8819729
5579710	5579979
5579711	5579712
5579712	5579711
5579713	5580912
5579715	5579542
5579715	12018496
5579716	5579540
5579717	5576751
5579717	5579537
5579717	5580879
5579717	7415091
5579717	8773488
5579718	5579535
5579718	5580881
5579719	5576753
5579719	5579534
5579719	5579535
5579719	6929981
5579719	8300240
5579719	8623165
5579719	13704585
5579720	5576754
5579720	5579530
5579720	5801288
5579720	9312044
5579721	5576755
5579721	5579528
5579722	5579528
5579722	6457067
5579723	5481277
5579723	5482746
5579723	5576967
5579723	5579519
5579723	5579741
5579723	5583955
5579723	5865522
5579723	8539736
5579723	12748444
5579724	5579519
5579724	6457039
5579725	5576967
5579725	5579518
5579726	5576969
5579726	5579493
5579726	5579512
5579726	8770379
5579727	5579512
5579728	1927074
5579729	5579730
5579730	5579729
5579731	942639
5579732	979199
5579733	548577
5579734	1017655
5579735	1044086
5579736	1159984
5579737	741288
5579737	1179416
5579738	1258760
5579739	5520725
5579740	2187189
5579741	5579723
5579742	4011978
5579742	5579377
5579743	5006983
5579743	5008425
5579744	4613934
5579745	5579375
5579745	5579376
5579746	4662270
5579747	4682335
5579748	4696268
5579748	11183110
5579749	2608585
5579749	4702271
5579750	4716745
5579751	4942661
5579752	4493748
5579752	4569246
5579752	4793559
5579752	5680803
5579752	12575924
5579752	12575934
5579752	13193837
5579753	4493692
5579753	5577680
5579754	2842967
5579755	4611315
5579756	3019354
5579756	6165889
5579756	6165890
5579757	258353
5579758	4493692
5579758	5577682
5579759	480420
5579760	637018
5579760	10997780
5579760	10997781
5579761	508667
5579762	656170
5579762	6165845
5579763	1837255
5579764	1253823
5579764	7446894
5579764	7446900
5579765	553107
5579765	11183766
5579766	2976908
5579767	3011684
5579768	3133665
5579769	308012
5579770	2272283
5579771	1039524
5579772	5537471
5579772	5539152
5579773	2549735
5579773	4614918
5579774	3265338
5579775	2835026
5579776	3287286
5579776	3287348
5579776	5369700
5579776	13326541
5579777	993171
5579777	1325676
5579777	1325680
5579777	1328981
5579778	2875442
5579779	1139906
5579779	1148130
5579780	1436332
5579780	1862984
5579780	4579564
5579781	297438
5579782	1006268
5579782	1593338
5579783	3729612
5579783	4186994
5579784	2329577
5579784	2424561
5579784	2424562
5579784	2424563
5579784	3026084
5579784	5579785
5579785	2424561
5579785	2424562
5579785	5579784
5579786	181340
5579786	250755
5579787	181340
5579787	250755
5579788	1886002
5579789	1886002
5579790	2248959
5579790	4097196
5579790	10074343
5579791	2248959
5579791	4097196
5579791	4974549
5579791	13760303
5579792	1731913
5579792	2689447
5579793	61389
5579793	408667
5579794	3096133
5579794	13378174
5579795	2069219
5579796	3096133
5579797	4959144
5579798	3096133
5579799	3766310
5579799	4594043
5579800	3096133
5579801	5390602
5579802	5343745
5579803	2322811
5579803	2322815
5579804	60144
5579805	4464194
5579806	19894
5579807	61709
5579807	4426352
5579807	4426353
5579808	427094
5579809	1821405
5579810	3122837
5579811	5438694
5579812	2470712
5579813	3831470
5579813	3831490
5579813	3831491
5579813	3831492
5579813	5489827
5579813	5489828
5579813	5723334
5579813	7833391
5579813	7833392
5579813	7833393
5579814	2200408
5579814	5102266
5579814	5579815
5579814	5579816
5579815	2200408
5579815	5579814
5579815	5579816
5579816	2200408
5579816	5102266
5579816	5579814
5579816	5579815
5579817	2570317
5579818	1975676
5579818	2065277
5579818	2070635
5579818	2070636
5579818	3009289
5579819	3594102
5579819	3599198
5579820	1489962
5579820	2781071
5579821	4878815
5579821	5580154
5579822	1058945
5579822	1058947
5579823	2273214
5579823	2525954
5579823	2551518
5579823	2617678
5579823	4774643
5579823	5291927
5579824	2542303
5579824	5364565
5579825	2160759
5579826	2970360
5579826	4236668
5579826	10992048
5579827	4458312
5579828	128493
5579829	4833132
5579830	1708607
5579830	8755732
5579831	1782601
5579831	11183593
5579832	2064391
5579833	5290056
5579833	5290530
5579833	8995880
5579833	8996105
5579834	539645
5579835	1845846
5579836	2360558
5579836	3886522
5579837	51897
5579837	937355
5579837	1395233
5579837	2064459
5579839	5493416
5579840	3513853
5579841	5580878
5579841	5582990
5579841	5582993
5579842	17450
5579843	3513853
5579844	3639486
5579844	5579845
5579845	3638413
5579845	3639486
5579845	3639547
5579845	5579844
5579846	2427788
5579847	3865838
5579848	3207480
5579849	3207480
5579850	3495020
5579850	3514486
5579850	4422217
5579851	2821469
5579851	5270606
5579851	12459856
5579852	3791057
5579853	282835
5579853	1828209
5579853	2343208
5579853	4001343
5579853	4002137
5579854	3185880
5579854	3189360
5579854	3189361
5579854	3189362
5579854	4272917
5579854	5311601
5579854	5311603
5579854	5579856
5579855	3653332
5579856	3185880
5579856	5311601
5579856	5579854
5579857	3653332
5579859	3653332
5579861	3653332
5579863	267849
5579864	26242
5579864	189095
5579864	1587722
5579864	5580863
5579864	10512898
5579865	1520633
5579865	1813533
5579866	2492234
5579866	2519658
5579866	5579881
5579867	1901325
5579868	3158800
5579869	2562395
5579870	2018746
5579870	2409631
5579870	5576586
5579870	5576587
5579871	1546934
5579872	3900493
5579873	3728939
5579874	872750
5579874	13453749
5579875	2182709
5579875	2186872
5579875	2186875
5579876	5208891
5579876	5208894
5579876	5209320
5579876	5209595
5579877	48167
5579878	1814296
5579879	257033
5579880	5087190
5579880	5091582
5579880	5091583
5579880	5091584
5579880	5535058
5579880	5535059
5579881	1859486
5579881	2492234
5579881	2519658
5579881	5579866
5579882	2321695
5579883	3660371
5579884	2446350
5579884	2446464
5579884	2446465
5579884	2446466
5579884	3816148
5579885	1447392
5579886	4610777
5579887	4460743
5579888	3200677
5579888	4235320
5579888	4235321
5579888	4985850
5579888	4985854
5579888	4985856
5579888	4985858
5579889	1095719
5579889	2814340
5579890	2647752
5579890	4373691
5579890	9085050
5579891	4373691
5579892	2647752
5579892	4373691
5579892	9085050
5579893	434722
5579893	898447
5579894	2821962
5579894	5579621
5579895	2821962
5579895	5579622
5579895	5579623
5579896	416875
5579897	5368324
5579898	1740906
5579898	1741038
5579899	549559
5579899	3771303
5579900	4526118
5579900	4528099
5579901	3602143
5579902	366310
5579902	614323
5579902	1645582
5579902	2169375
5579902	4582277
5579902	10610207
5579903	2038558
5579903	2039940
5579904	2039940
5579905	4601838
5579906	4601838
5579907	4069790
5579907	5579909
5579908	4069790
5579909	4069790
5579909	5579907
5579910	2645670
5579910	5297934
5579910	12767905
5579911	4247336
5579912	1893049
5579913	1897378
5579913	1897387
5579914	3435748
5579915	3470860
5579916	4009622
5579916	4009641
5579917	59536
5579917	1742171
5579918	1937753
5579918	1937754
5579918	2423114
5579918	3294406
5579918	9724517
5579919	5579656
5579919	5579657
5579920	1449224
5579921	5579655
5579922	5579652
5579923	5579648
5579924	2062436
5579925	5579646
5579926	2062436
5579927	2450395
5579928	532900
5579929	2752028
5579930	5565062
5579930	5579637
5579931	523001
5579932	5240742
5579932	5324103
5579932	5579933
5579933	5240742
5579933	5324103
5579933	5579932
5579934	4765850
5579935	5579635
5579936	3909276
5579936	4426328
5579936	4426331
5579937	3909276
5579937	4426331
5579938	5579634
5579939	2231413
5579939	4844912
5579940	5579633
5579941	2200526
5579942	5428662
5579943	2291158
5579943	2291796
5579944	5579632
5579945	2030124
5579945	2030495
5579945	2067056
5579945	2068284
5579945	2068294
5579946	5579630
5579947	5579629
5579947	8286465
5579947	8286467
5579947	9211652
5579947	10576966
5579948	2315144
5579948	2420634
5579948	5579949
5579948	5579950
5579949	2420634
5579949	5579948
5579950	2315144
5579950	2420634
5579950	5579948
5579951	5579626
5579952	4535652
5579953	4617019
5579953	11803677
5579954	5579624
5579955	3025788
5579955	5579958
5579956	5579617
5579957	5579607
5579957	13631672
5579957	13631717
5579958	3025788
5579958	5579955
5579959	3786167
5579959	3787478
5579960	5455505
5579960	5458645
5579961	3636077
5579961	3640792
5579961	3640793
5579961	3864767
5579961	5153076
5579961	5153078
5579961	5579962
5579962	3636077
5579962	3640793
5579962	5579961
5579963	908953
5579964	3925792
5579965	1279006
5579965	1279007
5579965	1279008
5579965	2298486
5579966	2546883
5579966	2814276
5579966	5233937
5579966	9527314
5579966	11494561
5579966	11494562
5579967	2644414
5579967	5364633
5579968	2516549
5579968	3910257
5579968	5171785
5579968	8687621
5579968	8687623
5579968	8697984
5579969	4190432
5579969	4218300
5579969	13061151
5579969	13061153
5579970	2591322
5579971	4529408
5579971	5289623
5579971	6141847
5579972	2591322
5579973	2681878
5579974	832531
5579975	4193817
5579975	4218258
5579976	983055
5579977	48015
5579977	1424329
5579978	4895703
5579979	5579710
5579980	4895703
5579981	363784
5579982	5109415
5579982	5588821
5579983	5579606
5579984	5579595
5579985	5579594
5579986	5579593
5579987	5579592
5579988	5579591
5579990	5579628
5579991	5579628
5579992	3474155
5579993	5579586
5579994	5579583
5579995	1637865
5579996	5579579
5579997	5579579
5579998	4218868
5579998	11874717
5579998	11874718
5579998	11874720
5579998	11874721
5579999	5314024
5579999	12403541
5579999	12491308
5580000	4116715
5580001	4789810
5580002	4789810
5580003	4789810
5580003	11949429
5580003	11949431
5580004	430831
5580004	5720799
5580005	5579576
5580006	1858988
5580007	5579565
5580008	5580028
5580008	5580041
5580008	5584075
5580009	5579563
5580010	3442749
5580011	280633
5580011	399525
5580012	3238652
5580012	10478726
5580013	5576830
5580013	12727828
5580014	5060398
5580015	3204141
5580016	2920449
5580016	6195806
5580016	11183516
5580017	3204141
5580018	4015974
5580019	4499911
5580020	360563
5580020	825773
5580020	2340098
5580020	6984431
5580021	4499911
5580022	3204179
5580023	3204179
5580024	2096051
5580024	3492151
5580024	12748388
5580025	5579575
5580026	2096051
5580027	5576830
5580027	5579455
5580027	6486900
5580027	12727828
5580027	12727832
5580027	13808507
5580028	5580008
5580028	5580077
5580028	5713878
5580029	3194454
5580030	5576830
5580030	5579455
5580030	5579558
5580030	12727832
5580031	5579553
5580032	4234726
5580033	5579569
5580034	5403776
5580035	5579436
5580036	1604850
5580037	5579397
5580038	5579397
5580039	5579397
5580040	5579397
5580041	5580008
5580042	3819335
5580043	3819335
5580044	3819335
5580045	5579396
5580046	982680
5580047	5579395
5580048	5579395
5580049	5579568
5580050	2091617
5580051	5579394
5580052	5579394
5580053	4008819
5580054	5579394
5580055	5347438
5580055	7958236
5580056	5579393
5580057	3204387
5580057	10239729
5580058	3637150
5580059	4605026
5580060	5579392
5580061	3204387
5580062	2091617
5580063	5579392
5580064	3204388
5580065	5579564
5580066	1778385
5580067	3204388
5580068	1021953
5580068	1894026
5580068	6063047
5580069	5579390
5580070	5579390
5580071	3310053
5580072	5579559
5580073	3310053
5580074	5579389
5580075	2643202
5580076	5579389
5580077	5580028
5580078	5579389
5580079	2331818
5580080	3204389
5580081	5579388
5580082	2331818
5580083	3204389
5580084	2291183
5580084	2697405
5580085	2291183
5580085	2697405
5580086	5579555
5580086	5579556
5580087	2543434
5580088	5579380
5580089	633772
5580089	5579380
5580090	2512759
5580091	5579380
5580093	5579379
5580094	5754828
5580095	3204390
5580095	7214719
5580096	5579378
5580097	3204390
5580098	5579548
5580099	2646969
5580100	2470121
5580101	5576196
5580101	5579546
5580101	5579547
5580101	5586021
5580102	1024286
5580103	1024286
5580104	3442497
5580105	5584539
5580106	5579545
5580107	3745294
5580108	2212342
5580109	3909565
5580110	5578910
5580111	4051061
5580112	3204874
5580113	3204874
5580114	5573186
5580114	12168270
5580115	5576340
5580115	5579543
5580116	4777487
5580117	5578898
5580118	5369167
5580118	5369447
5580118	13099162
5580119	242829
5580119	819230
5580120	5579539
5580121	3071654
5580121	8812498
5580122	5579538
5580123	3738046
5580124	3738046
5580125	3383846
5580126	1939186
5580127	1939186
5580128	4679120
5580129	5402005
5580130	5402005
5580130	12300768
5580131	5578781
5580132	3162944
5580133	4999858
5580134	127545
5580134	259771
5580134	454073
5580134	454074
5580134	559721
5580134	625345
5580134	717437
5580134	719713
5580134	953038
5580134	1086273
5580134	1495953
5580134	2303033
5580135	4999858
5580136	5578776
5580137	4999858
5580138	4999858
5580139	518314
5580139	518316
5580140	5109607
5580140	6440371
5580141	5578776
5580142	2527764
5580143	5578774
5580144	5578774
5580145	5578774
5580146	5578773
5580147	2367411
5580148	5578772
5580149	5579536
5580150	1788525
5580151	3637972
5580152	5579533
5580153	3736119
5580154	5579821
5580155	2309377
5580155	3785851
5580156	5579532
5580157	2309377
5580157	3785851
5580158	2309377
5580158	3785851
5580159	3619412
5580160	2309377
5580160	3785851
5580161	2309377
5580161	3785851
5580162	3619412
5580163	5576491
5580163	5579531
5580163	5580168
5580163	5580986
5580163	6792546
5580164	2309377
5580164	3785851
5580165	4426353
5580166	5579529
5580167	3735090
5580168	5576491
5580168	5580163
5580168	5580986
5580169	3735090
5580170	3735106
5580170	3735107
5580171	1247548
5580172	3735106
5580172	3735107
5580173	5578306
5580174	3738200
5580174	5579527
5580175	3738200
5580175	5579525
5580175	5579526
5580176	4060775
5580177	19448
5580177	962554
5580177	5610236
5580178	5579523
5580179	4663274
5580180	4663274
5580181	4663274
5580182	4663274
5580182	13237987
5580183	5546929
5580184	5577220
5580185	4663275
5580186	4663275
5580187	5489432
5580188	5577219
5580189	5577218
5580190	5577218
5580191	3440233
5580192	2873593
5580193	5577217
5580193	7036177
5580194	5577217
5580195	5577217
5580196	3396912
5580197	5579522
5580198	5006228
5580199	5576972
5580200	5576972
5580201	5576972
5580202	3743308
5580202	5580981
5580202	8169364
5580202	11535307
5580203	4663508
5580204	5576970
5580205	2357260
5580206	5576970
5580208	129147
5580208	275427
5580208	781942
5580209	5249632
5580210	2357260
5580211	1613090
5580211	1614314
5580211	1614315
5580211	1619762
5580211	3163745
5580211	13053613
5580211	13053625
5580211	13054213
5580212	3940960
5580213	2709998
5580214	5576925
5580215	2709998
5580216	4607615
5580217	2357260
5580218	2272283
5580219	1589578
5580219	1625087
5580219	5580978
5580219	12757276
5580220	5576872
5580221	2357260
5580222	5576872
5580223	3979848
5580223	5580299
5580224	5576872
5580225	4663508
5580226	5579521
5580226	13051002
5580227	5576871
5580228	5576869
5580229	5576868
5580230	5579520
5580230	13051002
5580231	5576756
5580232	2647830
5580232	4314362
5580232	10221109
5580233	5576756
5580234	3852743
5580235	5576756
5580236	5576755
5580237	5576754
5580238	5579517
5580238	5974156
5580239	5576753
5580240	5576752
5580241	5579516
5580242	5288478
5580243	5576752
5580244	5288478
5580244	8270074
5580245	5576750
5580246	5576749
5580247	5579515
5580248	1098299
5580248	9711754
5580249	9983360
5580251	5576749
5580255	5576749
5580257	2038321
5580258	9998945
5580259	9985131
5580259	10461540
5580260	10888680
5580262	5579513
5580267	1094667
5580267	5020543
5580267	6556839
5580267	7814650
5580268	9964885
5580269	5576489
5580271	5576489
5580272	5576489
5580273	5422636
5580274	2313694
5580276	5576489
5580281	314132
5580281	461987
5580281	679480
5580284	5576489
5580285	5579511
5580286	3183990
5580288	5580840
5580288	13904795
5580291	5579509
5580292	3417263
5580292	5580971
5580292	9981310
5580295	5576489
5580296	2825430
5580296	5577213
5580297	5579506
5580297	5579508
5580298	26563
5580299	5580223
5580300	2031327
5580301	2031327
5580308	13835922
5580309	13835913
5580310	1213856
5580310	6781451
5580310	13835915
5580311	13835909
5580312	13835906
5580313	1900388
5580313	1900389
5580314	5580846
5580314	5580848
5580314	7213191
5580315	5584536
5580317	5578964
5580318	2731214
5580318	5894674
5580319	2731214
5580319	5894675
5580320	5580849
5580320	13732833
5580321	5580851
5580322	5580852
5580323	5580853
5580343	5580856
5580343	5580858
5580344	5580859
5580345	2476352
5580345	2731212
5580346	5580860
5580347	5580861
5580348	2476352
5580348	2731212
5580349	5317306
5580349	5317559
5580349	5582582
5580349	5582906
5580349	5582908
5580349	8362303
5580349	8362612
5580349	9961316
5580349	11707204
5580349	11707205
5580350	10895345
5580353	2709998
5580353	11217498
5580354	2986012
5580354	6646615
5580358	1152327
5580358	4871345
5580358	5582483
5580358	10057681
5580359	3084176
5580359	10043834
5580360	9531248
5580361	10043835
5580362	10043836
5580363	3184930
5580364	1544535
5580364	1544608
5580364	5582905
5580364	5583779
5580364	5651292
5580364	8187368
5580364	8598415
5580364	8982838
5580364	10363661
5580364	11482326
5580364	11707143
5580369	5579504
5580371	5584067
5580371	8967980
5580372	11006480
5580373	11006481
5580374	7811781
5580375	11006480
5580376	2243518
5580377	5580864
5580377	5580865
5580378	5580867
5580379	5580868
5580380	5580869
5580380	5580870
5580381	913004
5580381	1864272
5580381	2274985
5580381	5580877
5580381	6203384
5580381	8325750
5580381	12839458
5580382	5579501
5580383	10128920
5580384	5578781
5580384	5579499
5580384	6891588
5580387	5578781
5580387	5579497
5580387	6891588
5580388	9984954
5580391	5580883
5580391	5580885
5580392	5580886
5580392	13236780
5580392	13703051
5580392	13703055
5580393	5579495
5580394	5580887
5580394	5580890
5580394	11006483
5580395	5580892
5580395	5580893
5580396	8781915
5580397	4542937
5580397	5578633
5580399	5579493
5580401	2593890
5580401	8209814
5580407	921045
5580407	2431278
5580407	5582482
5580407	5582904
5580414	5579491
5580417	5579489
5580418	5782788
5580418	5782789
5580418	5782791
5580418	5782793
5580419	1033500
5580419	5584065
5580419	5783910
5580421	12721052
5580421	12721053
5580421	12959355
5580421	13355279
5580421	13364498
5580421	13642679
5580425	464028
5580426	5579487
5580427	1070144
5580427	1535003
5580427	5584064
5580427	11708630
5580428	254843
5580428	902673
5580428	5606065
5580428	5606066
5580428	5606068
5580428	5606072
5580428	6905014
5580428	13516873
5580429	5606075
5580429	5606077
5580429	5606080
5580429	5606084
5580429	5606087
5580429	5606092
5580429	13516872
5580430	5606095
5580430	5606096
5580430	5606100
5580430	5606102
5580430	5606103
5580430	5606107
5580430	5606110
5580430	13516871
5580431	5606111
5580431	5606113
5580431	5606115
5580431	5606116
5580431	5606119
5580431	5606122
5580431	13516870
5580432	5579483
5580433	464028
5580434	5606127
5580434	5606128
5580434	5606131
5580434	5606133
5580434	5606136
5580434	5606139
5580434	5606142
5580434	5606143
5580434	5606144
5580434	13516869
5580435	5606145
5580435	5606146
5580435	5606147
5580435	5606149
5580435	5606150
5580435	5606151
5580435	5606156
5580435	5606159
5580435	13516868
5580437	5579482
5580443	5578798
5580443	11005398
5580444	1583541
5580444	5584062
5580446	5579480
5580448	8324595
5580451	5579478
5580460	5579477
5580462	5579474
5580462	5580472
5580465	5579472
5580469	2982381
5580469	2982395
5580469	4765586
5580469	5580958
5580470	1604493
5580471	6884369
5580472	5579474
5580472	5580462
5580473	4691503
5580475	1843273
5580475	3893420
5580475	5584060
5580475	7025081
5580475	8517971
5580475	11708978
5580475	13148484
5580477	4471564
5580478	5580904
5580478	5806789
5580479	5580903
5580480	5580900
5580480	5580901
5580481	5580905
5580482	5580907
5580483	2690824
5580483	3893419
5580483	5582902
5580483	5584059
5580486	3615612
5580486	11183446
5580490	2473088
5580491	1735121
5580492	5580910
5580492	5580911
5580493	5580913
5580493	5580915
5580493	5580916
5580493	5580917
5580493	5580920
5580493	5580921
5580494	5580922
5580494	5580930
5580494	7855805
5580494	8308030
5580494	8308035
5580494	8308041
5580494	8540785
5580495	5580923
5580495	5580925
5580496	1403723
5580496	1656231
5580496	5479379
5580496	5584057
5580496	5637470
5580496	8241795
5580496	8241864
5580497	5580926
5580497	5580928
5580497	5580931
5580497	5580932
5580497	5580933
5580497	5580935
5580501	838595
5580501	11183702
5580502	8540795
5580504	12301793
5580506	12659872
5580511	2163801
5580511	2163802
5580511	2163803
5580511	5580523
5580511	5580532
5580512	12542228
5580513	9946489
5580514	7558112
5580517	9985295
5580520	10158371
5580521	1283745
5580523	2163801
5580523	5580511
5580524	9946488
5580527	10200762
5580528	5584534
5580529	10082283
5580532	5580511
5580536	7788562
5580536	9983541
5580537	1645929
5580537	5584055
5580538	5584531
5580539	10451833
5580540	5254581
5580541	5254581
5580542	5505033
5580542	5581151
5580542	5582479
5580542	5582480
5580542	5582899
5580542	5582900
5580542	5845178
5580542	5927005
5580542	5931112
5580542	7025090
5580543	9983538
5580545	3719382
5580546	10451834
5580547	5582371
5580548	1524790
5580548	5581073
5580548	5582477
5580548	5583976
5580548	7020749
5580548	8835650
5580549	4549451
5580550	5582375
5580551	3991207
5580552	5582376
5580552	5583623
5580556	10775476
5580557	1378450
5580557	5582476
5580557	5597493
5580557	5597494
5580557	5597496
5580557	5597497
5580558	4668815
5580560	9985182
5580564	3206014
5580564	11181940
5580571	2363604
5580577	10532529
5580579	4962273
5580580	4962273
5580581	970109
5580581	2817098
5580581	5582475
5580581	11559792
5580581	11709830
5580582	2576248
5580582	2745616
5580582	4246616
5580582	5582473
5580582	5582895
5580582	11512495
5580582	11709009
5580582	13156524
5580584	10451832
5580588	14018034
5580593	3185805
5580595	5446158
5580595	6060848
5580596	68955
5580597	12437306
5580597	12437308
5580598	8212229
5580599	68955
5580604	55448
5580604	6974324
5580604	6974325
5580607	2687993
5580607	5581146
5580607	5582472
5580607	5582897
5580607	6564926
5580607	8108677
5580607	8434029
5580607	8441978
5580607	8450114
5580607	11707144
5580607	11707147
5580609	24481
5580610	5580937
5580610	10476704
5580611	1936151
5580611	2284190
5580611	3065905
5580611	3065906
5580611	3113147
5580611	3128253
5580611	3225901
5580611	4586698
5580611	5580938
5580611	6618575
5580611	6960612
5580611	6960923
5580611	7959771
5580611	7959796
5580611	8851421
5580611	10082615
5580611	13420843
5580611	13420869
5580611	13420928
5580611	13420943
5580612	5580939
5580613	5580940
5580613	5580941
5580614	5580944
5580614	5580945
5580615	3314386
5580615	7453251
5580616	1915287
5580616	2278322
5580616	8977039
5580617	296638
5580617	349636
5580617	633350
5580617	3503738
5580617	6604414
5580617	6606808
5580617	8783150
5580618	6875490
5580618	6875491
5580619	1915287
5580619	2278323
5580619	3125706
5580619	8977039
5580623	2649578
5580624	3374689
5580624	3688313
5580626	3374689
5580630	2821265
5580631	920202
5580644	3204279
5580645	5580949
5580645	5580950
5580646	3726788
5580647	3204324
5580648	5580951
5580648	5580953
5580649	5580954
5580650	5580956
5580650	5580957
5580651	5580959
5580651	5580960
5580651	6712317
5580652	3917656
5580653	5580962
5580654	5580963
5580655	5580964
5580656	920202
5580657	5580965
5580657	5580966
5580658	2243387
5580658	4695039
5580658	5580967
5580658	5580969
5580658	9851870
5580658	9851874
5580659	4017193
5580660	1378452
5580660	5581137
5580660	5582469
5580660	5582892
5580667	1569187
5580667	1569188
5580667	5582471
5580667	5582890
5580667	7025109
5580668	4563324
5580669	920202
5580670	2041153
5580670	5582576
5580670	5582577
5580670	7025111
5580671	73615
5580672	920202
5580673	2694069
5580675	2170258
5580675	5582580
5580675	5582889
5580684	3204461
5580684	6646432
5580695	3060574
5580696	3204464
5580700	1314546
5580700	2001452
5580700	5581111
5580700	5581127
5580700	9666261
5580700	9666262
5580700	11749997
5580700	11750011
5580701	10888622
5580704	4464620
5580704	4468511
5580704	5213007
5580704	5582468
5580704	5582887
5580704	7025153
5580704	10126537
5580709	920202
5580709	4692261
5580709	7682392
5580712	920202
5580717	3204566
5580717	13596362
5580719	570193
5580719	2223421
5580719	5582466
5580719	5582886
5580719	6737005
5580720	2275762
5580720	2333588
5580720	2590356
5580720	2591448
5580720	4731635
5580720	5354868
5580721	8123347
5580725	10290707
5580726	38803
5580727	3318892
5580733	3318892
5580734	3318892
5580736	10290743
5580738	657035
5580740	11578253
5580742	8479168
5580742	8775058
5580742	8775059
5580745	10999106
5580750	12367300
5580753	3204960
5580754	5580816
5580755	3204960
5580756	3330602
5580759	10205393
5580759	10495926
5580761	3205049
5580765	10888653
5580766	10197509
5580767	9985094
5580768	3486335
5580768	10041336
5580769	12406957
5580771	10016188
5580772	2980579
5580772	5583777
5580772	5750284
5580782	3726710
5580783	6875501
5580783	6875502
5580784	3050202
5580784	6875504
5580785	2755889
5580785	5582885
5580785	5584045
5580785	9815694
5580785	9815695
5580791	2117968
5580791	5582881
5580791	5583049
5580791	5583050
5580791	5583051
5580791	5584030
5580791	7025256
5580791	7025257
5580791	11277502
5580792	2406311
5580797	2641878
5580797	8002898
5580798	3254908
5580798	5583046
5580798	5584021
5580798	5584022
5580798	7312672
5580798	12004061
5580799	2734282
5580799	2984006
5580799	3112879
5580799	4867411
5580799	5040459
5580799	5040464
5580799	7906604
5580803	126573
5580803	440613
5580803	448528
5580803	493465
5580803	1827729
5580803	5580808
5580803	5580809
5580803	5583048
5580803	5589256
5580803	5622587
5580803	5876472
5580803	5919819
5580803	5919820
5580803	8553919
5580803	8553922
5580803	8613887
5580803	8613888
5580803	8613889
5580803	8613890
5580803	8613891
5580803	8613892
5580803	8613893
5580803	8613894
5580803	9615689
5580803	9773601
5580804	13760965
5580804	13760966
5580807	2955996
5580808	448528
5580808	5580803
5580809	5580803
5580810	4493896
5580811	280767
5580811	7217440
5580812	4908489
5580812	5589255
5580813	282350
5580814	1662829
5580815	282350
5580816	5580754
5580816	5581352
5580817	5243036
5580817	5582464
5580817	5582876
5580818	1024576
5580818	3746336
5580819	5502150
5580819	5515461
5580819	5584011
5580820	1024576
5580820	3746336
5580820	13412313
5580821	3205095
5580821	12896925
5580822	1761305
5580823	3205095
5580823	12896925
5580824	4728704
5580825	3413096
5580826	5187842
5580826	5187863
5580826	5187865
5580826	6164946
5580826	6668616
5580827	5439896
5580827	5582870
5580827	5582872
5580827	5584008
5580827	12007096
5580828	5187842
5580829	3496600
5580829	5581043
5580829	6306148
5580830	3496600
5580830	5581019
5580831	3619947
5580831	5581003
5580831	6241490
5580832	1106319
5580832	5582861
5580832	5584001
5580833	5577561
5580834	2025405
5580835	2025405
5580836	2751171
5580837	1720807
5580837	5582462
5580837	5582855
5580837	10877761
5580838	5576089
5580839	3531179
5580840	3282474
5580840	5580288
5580841	3531179
5580842	6610868
5580842	7766810
5580842	7766811
5580842	11633742
5580843	7211479
5580843	7213856
5580844	3619947
5580844	5581003
5580845	1662829
5580846	5315937
5580846	5580314
5580847	3636209
5580848	5580314
5580848	7213191
5580848	8146560
5580848	8146568
5580849	2203803
5580849	2204080
5580849	5580320
5580849	5933037
5580849	8101377
5580849	8101378
5580849	13732833
5580850	3636209
5580850	5580999
5580850	13576317
5580851	5580321
5580851	10808548
5580852	4902346
5580852	5580322
5580853	5580323
5580854	3732222
5580854	5580993
5580855	2558704
5580856	5580343
5580857	2558704
5580858	5580343
5580858	7798489
5580859	5580344
5580860	5580346
5580860	7767709
5580860	7767710
5580861	5580347
5580861	10017700
5580862	2558704
5580863	5579864
5580864	2506801
5580864	3127669
5580864	4410138
5580864	5580377
5580864	6596464
5580864	6596465
5580864	8173886
5580865	2069930
5580865	5580377
5580865	7798488
5580865	8216554
5580866	318515
5580867	5580378
5580867	10673886
5580868	5580379
5580868	7801506
5580869	5580380
5580869	7781118
5580870	2069948
5580870	4401018
5580870	5580380
5580870	8719185
5580871	2234230
5580872	1230702
5580873	3722093
5580874	2046160
5580875	1691007
5580876	4650231
5580877	5580381
5580878	5579841
5580879	5576751
5580879	5579537
5580879	5579717
5580880	4874119
5580881	5579535
5580881	5579718
5580882	5405010
5580883	5580391
5580883	8481155
5580884	5554307
5580884	5759016
5580885	5580391
5580885	7808539
5580885	9927546
5580885	9927547
5580886	5580392
5580886	7785092
5580886	9927548
5580886	9927549
5580887	5580394
5580888	5554307
5580889	3925757
5580890	5580394
5580891	5382969
5580892	5580395
5580892	7785092
5580893	5580395
5580893	7785092
5580894	2018909
5580895	3905601
5580895	9706801
5580895	10089985
5580896	3925757
5580897	3735482
5580897	5580987
5580898	3735794
5580899	10325
5580900	5580480
5580900	9927550
5580900	11917619
5580901	5580480
5580901	6139116
5580902	2044780
5580902	8230281
5580903	5580479
5580903	6482986
5580903	9927551
5580904	5580478
5580904	6644245
5580905	5580481
5580906	4268526
5580906	5580972
5580907	5580482
5580908	3428147
5580909	2852645
5580910	5580492
5580910	9286376
5580911	5580492
5580911	6139119
5580911	6215857
5580912	5579713
5580913	5580493
5580913	6139120
5580913	9927552
5580914	4663408
5580914	5580948
5580915	5580493
5580915	6139120
5580915	9927552
5580916	5580493
5580916	9286378
5580917	5580493
5580917	6139121
5580917	9927553
5580918	4663408
5580918	5580948
5580919	4489594
5580920	5580493
5580920	9408740
5580921	5580493
5580921	9628288
5580922	5580494
5580922	7855805
5580922	8308030
5580922	8308035
5580922	8308041
5580923	5580495
5580923	9927531
5580924	4489594
5580925	5580495
5580925	6139119
5580926	5580497
5580926	9927533
5580927	4761957
5580927	5580936
5580928	5580497
5580928	9927533
5580929	4878875
5580930	5580494
5580930	7855805
5580930	8308030
5580930	8308035
5580930	8308041
5580931	5580497
5580932	5580497
5580932	7855808
5580933	5580497
5580933	9831094
5580934	51162
5580934	870404
5580935	5580497
5580935	9927533
5580936	5580927
5580937	3128071
5580937	5580610
5580937	9927535
5580938	296638
5580938	593281
5580938	1134893
5580938	1314469
5580938	3713556
5580938	3962745
5580938	5580611
5580938	7765348
5580939	5580612
5580940	5580613
5580940	6137186
5580941	5580613
5580941	6137187
5580942	591194
5580943	1450298
5580944	5580614
5580944	7772153
5580945	3622102
5580945	5580614
5580946	5377543
5580946	5377544
5580947	636023
5580947	3135308
5580948	5580914
5580948	5580918
5580949	5580645
5580949	6110958
5580950	5580645
5580950	6110959
5580950	8775705
5580951	4077533
5580951	5580648
5580951	9927540
5580952	274203
5580952	1537744
5580952	4629845
5580953	5580648
5580953	7795865
5580953	9927541
5580954	5580649
5580955	2318959
5580955	7778491
5580956	5580650
5580956	7768528
5580956	7768530
5580957	5580650
5580957	9927542
5580958	5580469
5580959	5580651
5580959	7794258
5580960	5580651
5580960	7794258
5580961	1637935
5580961	9722890
5580962	1349800
5580962	2051764
5580962	4866920
5580962	5580653
5580963	3282488
5580963	3282641
5580963	5580654
5580964	5580655
5580964	7781125
5580964	9927543
5580965	5580657
5580965	7780992
5580965	9927544
5580966	2551426
5580966	5580657
5580966	13623895
5580967	754458
5580967	932769
5580967	933090
5580967	2111311
5580967	2191701
5580967	2191702
5580967	2551454
5580967	2551466
5580967	3034986
5580967	3036863
5580967	3300433
5580967	4695039
5580967	5426597
5580967	5580658
5580967	7681887
5580967	7770308
5580967	9441041
5580967	9673479
5580967	9850784
5580967	9851874
5580968	295325
5580969	754458
5580969	932769
5580969	2111311
5580969	2191703
5580969	2191704
5580969	2551456
5580969	2551466
5580969	3300433
5580969	4695039
5580969	5580658
5580969	7770308
5580969	9673479
5580969	9851870
5580969	9851874
5580970	5405886
5580970	5405888
5580971	5580292
5580972	5580906
5580973	5569269
5580974	709442
5580975	3022574
5580975	3040722
5580975	12092434
5580976	5570677
5580976	9927475
5580978	5580219
5580979	2343005
5580979	5570679
5580979	9927477
5580980	2343006
5580980	5570679
5580980	9927478
5580981	3743308
5580981	4272548
5580981	4272699
5580981	5580202
5580981	11174502
5580982	667054
5580982	5570866
5580983	667054
5580983	5570866
5580984	1460625
5580985	237039
5580985	633589
5580985	667054
5580985	5570866
5580986	5576491
5580986	5580163
5580986	5580168
5580986	7733836
5580987	5580897
5580988	5299767
5580989	1446954
5580990	409433
5580990	5570867
5580991	5579628
5580992	1067015
5580992	1547119
5580992	5571052
5580992	7328474
5580993	5580854
5580994	1067015
5580994	5571052
5580994	7328474
5580995	1446954
5580996	1972633
5580996	1996771
5580996	1996772
5580996	1996773
5580996	2111478
5580996	7477643
5580996	7487400
5580997	5507975
5580998	5439905
5580999	5580850
5581000	3346986
5581000	3346988
5581001	5507964
5581002	5571060
5581002	9927479
5581003	5580831
5581003	5580844
5581004	5571052
5581004	5675736
5581004	8115808
5581005	5569241
5581006	5571052
5581006	7290982
5581006	7789286
5581007	1886142
5581007	2003305
5581007	2003306
5581007	2003307
5581007	2003309
5581007	2003310
5581007	2003311
5581007	10019841
5581008	5329134
5581008	9234322
5581009	5507956
5581010	2003307
5581011	409433
5581011	5570873
5581012	5507960
5581013	2003307
5581013	2003309
5581014	5507962
5581015	692950
5581016	5507943
5581018	2822683
5581018	5545273
5581019	5580830
5581020	1558670
5581021	332470
5581021	5524566
5581022	2238697
5581023	1094582
5581023	1284296
5581023	1418969
5581023	1999779
5581023	2203879
5581023	3873078
5581023	7487429
5581023	8078142
5581023	8593059
5581023	8751938
5581023	9274936
5581023	10082975
5581024	5360519
5581025	5353109
5581026	5524576
5581026	5581105
5581026	5582498
5581027	2044769
5581027	5514985
5581028	132211
5581028	297431
5581028	385366
5581028	3784236
5581028	5524578
5581028	5528543
5581028	9038216
5581029	3142955
5581029	5579370
5581030	5524579
5581031	2638652
5581032	1120776
5581032	5575748
5581032	6778971
5581032	6778973
5581032	8467260
5581033	4044675
5581033	5524573
5581034	5576090
5581034	5675734
5581034	6552446
5581034	6552447
5581034	6552454
5581034	6552455
5581034	7434426
5581034	7434427
5581034	8978511
5581034	8978518
5581034	9238138
5581034	9238139
5581034	9238140
5581034	9238142
5581035	5115781
5581035	5224956
5581035	5365797
5581035	8920996
5581035	12739124
5581036	5576091
5581036	5675728
5581036	5680674
5581036	5680675
5581036	5682698
5581036	5682700
5581036	5970527
5581036	5970528
5581036	11158152
5581036	11158337
5581036	11160416
5581036	11182254
5581037	2718089
5581037	2718391
5581037	4514422
5581037	4514423
5581037	4883510
5581037	4883512
5581037	13488489
5581037	13488490
5581038	5524566
5581039	5439125
5581040	2240746
5581040	2592942
5581040	2752510
5581040	3642155
5581040	7795827
5581040	7795831
5581040	7795832
5581041	1526112
5581041	3873107
5581041	3873108
5581042	2007876
5581042	3096948
5581042	4910058
5581043	5580829
5581044	5427675
5581044	5582503
5581044	5676672
5581044	7855057
5581044	13744075
5581045	2531679
5581045	7040903
5581046	5427677
5581046	5581136
5581046	5582505
5581047	1885885
5581048	389018
5581049	4593199
5581050	5578136
5581050	5675731
5581051	3119209
5581051	5578136
5581051	5675732
5581051	9927480
5581052	5524561
5581053	3119209
5581053	5578136
5581053	5675732
5581053	9927480
5581054	5578137
5581054	7837610
5581054	9927469
5581055	5578137
5581056	4567681
5581056	5578137
5581056	9927469
5581056	13852494
5581057	5427583
5581057	5582500
5581057	5583744
5581058	1972639
5581058	1996900
5581058	1996901
5581058	1996902
5581059	8732669
5581060	5675722
5581061	5647122
5581061	5647123
5581061	9017821
5581062	3841954
5581062	13760978
5581062	13760979
5581063	452515
5581063	845539
5581064	2005180
5581064	3873537
5581064	3873538
5581064	4378249
5581064	4527537
5581064	4765912
5581064	6009585
5581065	5675723
5581066	2476776
5581067	2005185
5581067	2217968
5581067	2217970
5581067	7487352
5581067	10564856
5581068	414540
5581068	463782
5581068	1856194
5581069	1380739
5581069	5582851
5581070	5394529
5581070	6709807
5581071	5387205
5581071	10098440
5581073	2111156
5581073	5284087
5581073	5284088
5581073	5580548
5581073	5583976
5581074	5384981
5581074	5585130
5581074	8346934
5581074	8346947
5581074	11461302
5581074	14023097
5581075	2111156
5581075	2111168
5581075	2228489
5581075	5284091
5581075	5284092
5581075	5284093
5581075	7487358
5581075	7487362
5581076	5565825
5581076	5567379
5581076	11197813
5581077	1140004
5581078	5562824
5581079	1140004
5581080	253891
5581081	2672555
5581082	5384940
5581082	5581125
5581082	10649516
5581084	2291619
5581085	44276
5581086	2111169
5581087	2111169
5581088	2401239
5581089	2111170
5581089	2191169
5581089	2191171
5581090	1642906
5581091	2111171
5581091	3873590
5581092	2111171
5581092	3873590
5581092	9367500
5581093	5647119
5581093	5647120
5581094	2111173
5581094	5581102
5581095	2111173
5581095	5581098
5581096	370703
5581096	2121116
5581096	4286781
5581096	13151143
5581097	174261
5581097	200771
5581097	370703
5581097	414182
5581097	787422
5581097	8011501
5581097	13151143
5581098	2111173
5581098	3873593
5581098	5581095
5581099	5971
5581099	16492
5581099	376070
5581099	376073
5581099	392884
5581099	428395
5581099	1584307
5581099	1839618
5581099	2332525
5581099	5647121
5581099	8985612
5581099	9370696
5581099	9370707
5581099	10513422
5581099	13250556
5581100	16492
5581100	376073
5581100	392884
5581100	1584307
5581100	13250556
5581101	16492
5581101	187615
5581101	376073
5581101	392884
5581101	1584307
5581101	13250556
5581102	2111173
5581102	2563393
5581102	3555542
5581102	3873591
5581102	4942602
5581102	5581094
5581102	7485541
5581103	2111175
5581103	2191175
5581103	2191177
5581103	2793686
5581103	5364313
5581103	5364314
5581103	7487376
5581104	3897884
5581105	332873
5581105	5524576
5581105	5581026
5581105	5582498
5581105	5582845
5581105	7715527
5581106	1522626
5581106	10021130
5581109	2111176
5581109	5284113
5581109	5284114
5581109	5284115
5581109	5284116
5581111	1314546
5581111	4905229
5581111	5580700
5581111	9666261
5581111	9666262
5581112	3196208
5581119	37707
5581125	5581082
5581126	8777406
5581127	1314546
5581127	1891086
5581127	2425726
5581127	2600702
5581127	4580958
5581127	4580961
5581127	5166423
5581127	5468052
5581127	5580700
5581127	9666261
5581127	9666262
5581127	13403950
5581128	10737173
5581132	8775038
5581132	8775040
5581136	5581046
5581137	5580660
5581144	68764
5581146	5580607
5581146	6564926
5581146	8434029
5581146	8450114
5581151	5580542
5581151	5845178
5581151	5922353
5581151	5931112
5581154	12626822
5581158	3104235
5581160	834697
5581162	5435623
5581162	5579628
5581163	6875507
5581163	6875508
5581166	2231914
5581166	2388870
5581168	689241
5581168	5579577
5581168	5817891
5581168	5970246
5581168	7455599
5581168	8098212
5581168	8098213
5581168	11964817
5581168	11964818
5581174	4616815
5581174	4741837
5581174	4741838
5581175	4150560
5581175	5579565
5581175	5753165
5581175	7551498
5581176	3723579
5581177	5581383
5581178	5579524
5581180	3055969
5581181	5581385
5581182	5520027
5581183	5581388
5581184	2107513
5581184	2111177
5581184	2190543
5581184	2203451
5581184	4498688
5581184	4566230
5581184	5331577
5581185	5581391
5581188	4610922
5581190	4515610
5581192	5521254
5581193	5521256
5581194	1385083
5581195	5579379
5581195	8802291
5581196	3826586
5581196	5581198
5581197	5579382
5581197	8802301
5581198	3826586
5581198	3925757
5581198	4038642
5581198	5581196
5581199	5579388
5581200	5579390
5581200	5579483
5581200	5581203
5581201	5579390
5581201	5579482
5581201	5581205
5581202	5579392
5581202	11716150
5581202	11716151
5581202	11716152
5581202	11716153
5581203	5579390
5581203	5581200
5581204	2252256
5581205	5579390
5581205	5581201
5581206	5514119
5581206	5515561
5581206	8868805
5581206	8868806
5581207	51171
5581208	3826586
5581209	3826586
5581210	298427
5581211	5514644
5581211	5515557
5581211	9164253
5581211	14015875
5581212	2537197
5581213	2111180
5581213	4941657
5581213	5284104
5581213	5284106
5581213	7487378
5581214	2537356
5581215	3731731
5581216	5514644
5581216	5515557
5581216	9164253
5581217	5515314
5581218	1903059
5581222	5515317
5581222	5515549
5581223	27128
5581224	40866
5581225	5515320
5581226	5579653
5581227	5579653
5581228	5515497
5581228	5515541
5581229	5579651
5581230	462736
5581231	5579577
5581232	5515498
5581233	3109146
5581233	6600245
5581233	11448252
5581234	5515500
5581234	5515546
5581234	11156749
5581235	3109146
5581236	1316500
5581237	2111183
5581237	2191185
5581237	2191186
5581238	5515504
5581238	8982474
5581239	2583405
5581240	2939034
5581240	8727199
5581241	3308634
5581242	2111188
5581242	3873709
5581242	4941663
5581242	4960247
5581242	7491838
5581243	3308634
5581244	5579654
5581245	5303594
5581249	2155906
5581252	5584520
5581252	10366218
5581256	8804549
5581258	5418140
5581258	5443582
5581259	5584494
5581271	5584495
5581273	28996
5581274	4781453
5581274	6358754
5581275	5584519
5581279	5579627
5581288	30187
5581289	5577215
5581289	9983531
5581289	11879161
5581290	2111172
5581290	2111194
5581290	2981831
5581290	2981834
5581290	3721646
5581290	5284118
5581290	5284119
5581290	5284120
5581290	5284121
5581290	7491840
5581290	10216916
5581291	259535
5581292	5578767
5581292	7416629
5581292	11376673
5581292	11951031
5581294	5578768
5581294	5579511
5581294	8802256
5581295	3311322
5581295	11376681
5581295	13674253
5581299	3442090
5581299	5579625
5581301	8123404
5581302	5578769
5581302	11571224
5581302	11571226
5581307	5577215
5581307	9983531
5581309	5270224
5581310	2846115
5581310	3997158
5581310	13879448
5581310	13879449
5581311	3737013
5581311	5578771
5581312	5579623
5581313	5578773
5581313	5916425
5581313	12951563
5581320	1961655
5581320	2106962
5581320	2106964
5581327	5579618
5581328	675601
5581328	5578775
5581328	8459652
5581328	8802270
5581329	2111199
5581329	3068301
5581329	7491841
5581342	5578788
5581342	5581349
5581342	5585603
5581342	6175512
5581342	7549118
5581342	7549119
5581342	7777578
5581342	10535996
5581342	10535998
5581342	12511381
5581343	5579611
5581346	5579598
5581347	7930018
5581347	7930019
5581348	7930012
5581348	7930016
5581348	11168747
5581349	5578788
5581349	5581342
5581349	7549119
5581349	12511381
5581350	3821994
5581350	5418966
5581350	5418969
5581351	3023340
5581352	5580816
5581353	2111201
5581353	2191221
5581353	2191222
5581353	4941681
5581353	5364320
5581353	5364321
5581353	7041460
5581353	8414138
5581353	11864497
5581353	11928532
5581353	11928539
5581353	11928540
5581354	2111204
5581354	2191249
5581354	2368819
5581354	9522605
5581355	4189293
5581355	4218343
5581358	9260964
5581358	9260967
5581358	9260969
5581362	1492901
5581378	3171474
5581383	5581177
5581383	5583151
5581383	5584812
5581383	5588395
5581383	5785659
5581383	5789040
5581383	5984932
5581384	3204907
5581385	5581181
5581385	5583152
5581385	5584809
5581385	5618350
5581385	5625667
5581385	5785657
5581385	5789060
5581385	6388163
5581385	6476262
5581385	10799860
5581386	3204907
5581387	2111185
5581387	2702529
5581387	2702530
5581387	2702531
5581387	2702532
5581387	2937002
5581387	2937268
5581387	4941662
5581387	5048007
5581387	7487384
5581387	12002043
5581388	1932847
5581388	2645190
5581388	2647299
5581388	3019266
5581388	3695980
5581388	5581183
5581388	5584796
5581388	5584798
5581388	5584800
5581388	5584802
5581388	5584803
5581388	5785655
5581388	7868761
5581389	2329938
5581390	3333999
5581390	4598219
5581390	13498280
5581391	5581185
5581391	5583150
5581391	5584795
5581391	5785653
5581392	1967616
5581392	4634439
5581392	4634441
5581392	4634442
5581392	4634444
5581393	3205124
5581393	6391129
5581406	2111626
5581406	2491356
5581406	2491357
5581406	2491358
5581406	4942755
5581406	4942756
5581406	7349239
5581407	6018101
5581412	2111838
5581412	3573588
5581412	3573589
5581412	3573590
5581412	4942841
5581412	4942842
5581412	4942843
5581412	6463042
5581412	6463043
5581412	7487403
5581412	8106558
5581412	8106559
5581412	10829253
5581412	10829258
5581423	962811
5581432	3451670
5581436	5362043
5581436	5362131
5581436	5363335
5581447	3203071
5581447	3854836
5581447	3854837
5581447	4116329
5581447	4414910
5581447	4414911
5581447	4414912
5581447	7972364
5581448	2903246
5581448	5902503
5581448	8672918
5581448	8756579
5581449	2111926
5581449	4568880
5581449	4568882
5581449	4568883
5581449	4942880
5581449	4942881
5581449	4942882
5581449	10316660
5581450	4614487
5581450	4614489
5581450	4614568
5581451	303304
5581451	1967526
5581451	2921544
5581451	5501600
5581451	5501602
5581451	5581452
5581451	13595355
5581452	303304
5581452	1967526
5581452	2921544
5581452	5581451
5581452	13595355
5581453	920475
5581458	3636460
5581458	3639911
5581458	3639913
5581458	3697686
5581458	3830522
5581467	317358
5581467	1328379
5581467	1341145
5581467	1572761
5581467	7533454
5581467	13855711
5581467	13855713
5581467	13855756
5581467	13855761
5581467	13855776
5581469	1355298
5581475	9983376
5581476	2111927
5581476	2966205
5581476	2966207
5581476	2966209
5581476	7487405
5581478	2412735
5581479	4176095
5581481	2123534
5581481	3068292
5581482	3410864
5581482	6742450
5581489	13683083
5581490	2203809
5581490	5581502
5581491	7775976
5581492	2203809
5581492	5581502
5581493	8096260
5581495	2203809
5581495	5581502
5581496	6139116
5581496	6139117
5581497	2203809
5581497	5581502
5581501	7682614
5581502	2203809
5581502	5581490
5581502	5581492
5581502	5581495
5581502	5581497
5581507	809503
5581508	436312
5581508	436313
5581508	452771
5581508	2383816
5581510	40575
5581510	4706306
5581511	2283753
5581511	3970066
5581511	3970067
5581512	4841246
5581512	12860038
5581513	3426224
5581513	7764229
5581514	1092858
5581514	5405911
5581515	3732931
5581516	8777422
5581517	4398699
5581517	5367748
5581517	5386436
5581517	7361070
5581517	7452222
5581518	3413199
5581518	5158284
5581520	2395943
5581520	2629090
5581520	2966258
5581520	5375609
5581520	5375610
5581520	7487438
5581520	11960571
5581522	8209854
5581525	3620084
5581525	5305026
5581525	5305027
5581529	2471840
5581533	2471840
5581534	2471841
5581534	3003247
5581534	3003250
5581540	3735079
5581542	10694623
5581543	3326666
5581544	3326666
5581546	3735079
5581551	9983404
5581553	3721568
5581553	5581554
5581554	3721568
5581554	4942941
5581554	5581553
5581555	3721582
5581555	5581557
5581556	3721582
5581556	5581557
5581557	3721582
5581557	5581555
5581557	5581556
5581558	3721639
5581558	3721649
5581558	3796891
5581558	3796894
5581558	3796895
5581558	5583919
5581558	7491886
5581558	8585148
5581558	9842567
5581559	4841259
5581559	12860069
5581560	3721645
5581560	3797084
5581560	3797086
5581560	7527364
5581560	7527368
5581561	2002556
5581561	2002628
5581561	2337380
5581561	6980377
5581561	7281301
5581561	9082171
5581561	9082173
5581561	10051604
5581561	10274196
5581562	5505573
5581563	2955770
5581564	16043
5581565	712863
5581565	2435470
5581565	3407384
5581565	4630853
5581565	4634176
5581566	565931
5581566	1911301
5581572	3735541
5581580	565931
5581580	5999186
5581580	6019686
5581580	7053383
5581580	9776650
5581593	27031
5581593	1648280
5581594	5154789
5581596	565931
5581596	9776650
5581597	34374
5581598	565931
5581598	9776650
5581599	34940
5581599	197752
5581599	641134
5581600	59524
5581600	1913527
5581608	5264113
5581609	69289
5581619	8140442
5581622	8140448
5581623	255673
5581625	255673
5581625	13789004
5581626	161870
5581626	252646
5581626	554577
5581626	920260
5581626	2233868
5581626	13958840
5581627	2892769
5581629	5405111
5581631	3142668
5581632	5505111
5581637	5405111
5581639	3446949
5581640	5224391
5581641	5507198
5581641	10870840
5581642	268830
5581643	5505111
5581644	3737061
5581646	271492
5581646	9743380
5581646	10164814
5581647	5520027
5581647	12189061
5581648	4055047
5581648	4055056
5581649	271821
5581650	2019117
5581650	2560063
5581650	2560065
5581650	2560068
5581650	2560070
5581650	2689210
5581650	5581654
5581650	6044753
5581650	11558347
5581650	11558349
5581651	272990
5581652	4493837
5581653	5210221
5581654	2019117
5581654	5581650
5581655	273507
5581656	4664809
5581656	6871060
5581656	13421499
5581657	287948
5581658	292640
5581659	5521377
5581660	2215669
5581660	4993000
5581661	70337
5581662	4091257
5581662	4091269
5581662	4091270
5581662	4093080
5581662	4093527
5581662	4099486
5581662	4099487
5581662	5436605
5581662	5437359
5581662	5921730
5581662	6326843
5581663	5521254
5581663	10321412
5581664	22636
5581665	310029
5581666	5577229
5581666	5581667
5581667	5577229
5581667	5581666
5581668	93252
5581668	310456
5581668	1030383
5581669	432912
5581670	53522
5581671	3733190
5581672	3818862
5581672	5232544
5581673	5584490
5581674	562808
5581675	2547545
5581675	8046038
5581675	8046039
5581676	2547545
5581676	8312808
5581677	619880
5581678	2546352
5581679	5030925
5581680	2548416
5581681	2548416
5581682	2451545
5581682	2453649
5581682	2520608
5581682	5581684
5581682	13760470
5581683	667905
5581684	2451546
5581684	2498180
5581684	2520608
5581684	5581682
5581684	13760470
5581685	2548862
5581686	2548862
5581687	2821673
5581688	2821673
5581689	681622
5581690	2821673
5581691	3431040
5581691	5551921
5581692	5215564
5581693	808585
5581693	9820057
5581694	914119
5581695	4699977
5581696	1782734
5581696	1795620
5581697	1887838
5581698	2544407
5581699	2546195
5581700	5190908
5581700	5192723
5581701	2547392
5581702	4724936
5581703	2952521
5581704	2952521
5581705	1094835
5581706	5297060
5581707	3199995
5581708	941011
5581709	2250309
5581710	954240
5581711	1025119
5581711	1458233
5581712	1025638
5581713	4499317
5581714	3182175
5581715	1717379
5581715	1718534
5581716	4499735
5581717	1140093
5581718	4499768
5581718	5581892
5581719	3824470
5581720	3012489
5581720	5193596
5581720	7806241
5581722	5582216
5581722	5667794
5581723	1495198
5581723	2900835
5581724	2542645
5581724	5581879
5581725	2542645
5581725	5581879
5581726	1637161
5581726	1638765
5581726	10140388
5581727	2645066
5581727	5581878
5581727	9871269
5581728	5173816
5581729	1744777
5581729	1745990
5581729	5298848
5581729	7816490
5581730	2154925
5581730	2155682
5581730	2161588
5581731	2952520
5581731	5581876
5581732	3975734
5581733	1302019
5581734	1883445
5581734	9587201
5581735	2011371
5581736	4012212
5581736	5581872
5581737	2013873
5581738	1857056
5581738	2210606
5581738	6641743
5581739	2255263
5581739	9927470
5581740	5216326
5581740	5581870
5581741	5239515
5581741	5581858
5581742	5239515
5581742	5581858
5581743	5581750
5581743	5582459
5581743	7142370
5581743	10877762
5581744	2268377
5581744	2269856
5581744	2290364
5581744	2290365
5581745	3159743
5581746	5239515
5581746	5581860
5581747	2012413
5581748	5239515
5581748	5581858
5581749	2272861
5581749	2317264
5581750	2321281
5581750	5581743
5581751	2275815
5581752	2643427
5581753	2539004
5581753	5581798
5581754	2307976
5581755	2542065
5581755	5581791
5581756	2358931
5581757	2375737
5581757	2376350
5581757	6643714
5581757	9469505
5581758	2542646
5581758	5581779
5581759	5532867
5581760	2406160
5581760	2924845
5581760	5461095
5581760	10157104
5581761	2464842
5581761	9889229
5581762	2538488
5581763	1887439
5581763	4962949
5581764	2541638
5581764	8849945
5581765	3096004
5581765	3168573
5581766	2546122
5581766	3539499
5581766	4145064
5581767	56529
5581767	466044
5581768	622258
5581768	622259
5581768	622948
5581768	1077147
5581768	2876657
5581768	5100870
5581769	2203000
5581769	4855727
5581770	1024213
5581770	1197830
5581770	1817392
5581770	8011517
5581771	2640236
5581771	2757965
5581771	4456027
5581771	9772053
5581772	2713631
5581773	873835
5581773	873837
5581773	1905168
5581773	1905171
5581773	1905174
5581773	7775064
5581774	2772539
5581775	3721647
5581775	9565011
5581776	2111172
5581776	2981831
5581776	2981834
5581776	3721646
5581776	7487372
5581777	2883401
5581778	3907352
5581779	5581758
5581780	550144
5581780	2978407
5581780	10258485
5581781	4499212
5581782	2952523
5581783	2952523
5581784	3271715
5581785	3310975
5581786	3201682
5581787	3201682
5581788	3341714
5581789	3410879
5581789	3769336
5581789	4257020
5581790	3348175
5581790	10466629
5581791	5581755
5581792	3822807
5581793	3392977
5581794	3203769
5581795	3203769
5581796	3479895
5581796	5947165
5581796	9737232
5581797	3417033
5581798	5581753
5581799	3492765
5581800	3725457
5581801	1830574
5581801	1831945
5581802	3735263
5581802	9927471
5581803	1887839
5581804	3735631
5581805	3736546
5581806	1868159
5581806	7203646
5581806	8389886
5581807	1092895
5581807	4071733
5581807	4943196
5581807	7533025
5581808	3818789
5581808	9469197
5581809	1440954
5581809	1564890
5581809	1890982
5581809	2034934
5581809	2034936
5581809	3676184
5581809	3953960
5581809	6877871
5581810	259597
5581811	3863126
5581811	9753662
5581812	3905075
5581813	3905365
5581814	5452064
5581815	1891080
5581815	5803802
5581816	1891080
5581817	4317875
5581818	5515316
5581819	1093926
5581819	2706395
5581819	2706396
5581819	5147501
5581820	3918496
5581820	5815004
5581821	1093953
5581821	1284297
5581821	5356465
5581821	5356466
5581822	2538118
5581823	4009385
5581824	4012617
5581825	1093972
5581826	4017042
5581827	1614327
5581827	4308372
5581827	4308374
5581827	5230613
5581827	9696603
5581828	4529046
5581828	9401100
5581829	1093975
5581829	1095720
5581829	2814341
5581829	2814393
5581829	2814394
5581829	3188237
5581829	6615373
5581829	7335632
5581829	11021680
5581830	4597454
5581831	5395127
5581832	1094107
5581833	260501
5581834	1094118
5581835	887459
5581835	4765016
5581835	4765017
5581835	13149894
5581836	887459
5581837	4599998
5581838	887459
5581839	887460
5581840	1330632
5581841	4694992
5581842	1330632
5581843	2439737
5581844	5012998
5581845	5395127
5581846	2439737
5581847	5189336
5581848	345311
5581848	2068544
5581849	1094881
5581849	5564733
5581849	8430493
5581850	2813007
5581851	2813007
5581852	3905481
5581853	3905481
5581854	3905488
5581855	3905488
5581856	3905488
5581857	3905488
5581858	5581741
5581858	5581742
5581858	5581748
5581859	2439737
5581860	5581746
5581861	4501577
5581862	4585324
5581863	5195463
5581863	10371725
5581864	2541870
5581864	5384420
5581864	5384424
5581865	1095727
5581866	1095727
5581867	2583347
5581867	13368942
5581868	5298940
5581869	3905262
5581870	5581740
5581871	3905470
5581872	5581736
5581873	3905470
5581874	3905471
5581875	3905471
5581876	5581731
5581877	3905492
5581878	5581727
5581879	5581724
5581879	5581725
5581880	3905499
5581881	1986752
5581881	4606211
5581881	4606212
5581882	3905499
5581883	3905500
5581883	10885037
5581883	10899243
5581884	3905500
5581884	10899246
5581885	5360659
5581885	7716702
5581886	5366318
5581887	3905507
5581887	8484541
5581888	3905507
5581889	3905508
5581890	3905508
5581891	3905514
5581892	5581718
5581893	3905515
5581894	390971
5581894	391004
5581894	11520814
5581894	11520841
5581895	391004
5581895	11522659
5581895	11522661
5581895	11522662
5581896	391004
5581897	887458
5581897	1367521
5581897	1367522
5581897	10841618
5581898	1367521
5581898	1367522
5581898	10841619
5581898	13197112
5581899	4498031
5581899	7807300
5581899	7807302
5581900	4498031
5581901	3905444
5581902	3905448
5581903	4498031
5581904	3905449
5581905	476185
5581906	297604
5581907	1026451
5581908	1029346
5581909	4736926
5581910	1026451
5581911	1029346
5581912	308572
5581912	842333
5581912	7335031
5581913	2538857
5581914	2538857
5581915	2259743
5581915	2259744
5581915	2351754
5581916	5581917
5581917	5581916
5581917	5581994
5581917	5731527
5581918	3205208
5581919	3905467
5581919	5749498
5581920	3905467
5581921	3905468
5581922	3905468
5581923	4529267
5581923	7737512
5581924	4529267
5581924	5685846
5581925	4715825
5581925	13503170
5581926	4715825
5581927	1140982
5581927	5330711
5581928	4585324
5581929	1027051
5581929	1524593
5581929	1524595
5581930	3736999
5581931	5566411
5581932	5538582
5581933	5584484
5581934	1140988
5581934	3798109
5581934	5330877
5581935	4665286
5581936	1141191
5581937	1141191
5581937	9946049
5581938	1141192
5581939	971988
5581939	3255101
5581939	8604971
5581940	1141192
5581941	1177511
5581941	1217317
5581941	1410111
5581941	1410823
5581941	4943217
5581942	2276371
5581942	13748267
5581943	2729556
5581943	13811274
5581944	2107623
5581944	2236878
5581945	3738384
5581945	9467470
5581946	5524618
5581947	3738384
5581948	3738384
5581949	3738384
5581949	7993349
5581949	7993351
5581950	3738384
5581951	3738384
5581952	5524617
5581953	5524603
5581953	5698802
5581954	2033696
5581954	2717196
5581955	1177524
5581955	1217324
5581955	1237597
5581955	2886872
5581955	4838264
5581955	6884891
5581956	5576975
5581957	1394293
5581957	1703401
5581957	3857370
5581958	2544696
5581959	2544696
5581960	4795935
5581961	4725490
5581961	4771575
5581962	3818767
5581963	475249
5581964	1048781
5581964	5971199
5581965	549344
5581966	3884359
5581966	8231761
5581967	3884359
5581968	2285422
5581969	3884359
5581970	537369
5581971	71417
5581972	1140222
5581973	317878
5581974	630421
5581975	998197
5581976	2281863
5581977	2281863
5581978	320839
5581979	320839
5581980	446539
5581980	737405
5581980	1456023
5581981	895927
5581982	1037638
5581982	5604803
5581983	2545684
5581984	1805517
5581985	2451372
5581985	2482276
5581986	2537935
5581987	1886612
5581987	8472850
5581988	1822779
5581988	2374402
5581988	5604804
5581988	7695753
5581989	1886612
5581990	2956435
5581990	6347615
5581991	2956435
5581992	1586339
5581993	1947996
5581994	5581917
5581995	2408211
5581995	13752406
5581996	27941
5581997	2408211
5581997	9688380
5581997	13752408
5581997	13753504
5581998	979256
5581999	1895626
5581999	8187953
5581999	8187955
5581999	8187957
5582001	2892815
5582001	6471481
5582002	5582006
5582002	5893818
5582003	1269357
5582003	12221179
5582004	2377649
5582005	4501577
5582005	4507519
5582006	1381793
5582006	2507156
5582006	4585407
5582006	5582002
5582006	5582007
5582006	5893027
5582006	5893818
5582006	5893819
5582006	6320804
5582006	6708317
5582006	7058750
5582006	7805447
5582006	8090735
5582006	8113452
5582006	8160260
5582006	8160762
5582006	9480830
5582006	9480832
5582006	9480834
5582006	10998427
5582006	10998429
5582006	11204999
5582006	11357059
5582006	11357060
5582006	12178174
5582006	12259489
5582006	12456792
5582006	13145773
5582006	13145774
5582006	13372920
5582006	13372921
5582007	5582006
5582008	71335
5582009	71335
5582010	71335
5582011	71335
5582012	4644221
5582013	760524
5582013	2899774
5582014	71335
5582014	8187670
5582015	71335
5582016	71335
5582017	71335
5582018	71335
5582019	71335
5582020	71335
5582021	3090752
5582022	71335
5582023	71335
5582024	5211165
5582025	71335
5582026	2546701
5582026	2828828
5582027	2713284
5582027	3261129
5582028	758956
5582029	1420731
5582030	3177202
5582030	10056361
5582030	10056372
5582030	10056377
5582031	2548934
5582032	2549133
5582033	1425431
5582033	7499729
5582034	1426782
5582035	5578657
5582035	5579553
5582036	2708504
5582037	3731859
5582037	3852822
5582037	4914840
5582037	5582039
5582037	5582040
5582037	5582042
5582038	27941
5582039	3731859
5582039	3852822
5582039	4914840
5582039	4914842
5582039	5582037
5582039	5582050
5582039	11998103
5582040	3731859
5582040	3852822
5582040	4914840
5582040	4914843
5582040	5582037
5582040	5582050
5582041	5578968
5582042	3731859
5582042	3852822
5582042	4914840
5582042	5582037
5582043	5576376
5582044	5558240
5582045	5576330
5582046	3393297
5582046	4851855
5582047	1666262
5582047	1666980
5582047	3734828
5582048	2408259
5582049	2408259
5582050	4914842
5582050	4914843
5582050	5582039
5582050	5582040
5582051	2648696
5582051	8358574
5582052	5575326
5582053	5304224
5582054	5575025
5582055	73186
5582057	2359537
5582058	2359537
5582059	5237021
5582060	2359537
5582061	5574953
5582062	3424435
5582063	5237021
5582064	3424435
5582065	2359537
5582065	9666389
5582066	5574953
5582067	5574922
5582068	3721710
5582068	5582074
5582069	3721710
5582069	5582074
5582070	1330628
5582071	1330628
5582072	5574851
5582073	1027258
5582073	10165131
5582073	10165132
5582074	3721710
5582074	5582068
5582074	5582069
5582074	7491888
5582075	5574781
5582076	3905482
5582077	595827
5582078	73187
5582079	3905482
5582080	3905489
5582081	3905489
5582082	3905489
5582083	2546474
5582083	4798076
5582084	3905489
5582085	5573343
5582086	1422594
5582087	5573343
5582088	3905263
5582089	743036
5582090	5573320
5582091	2953608
5582091	5573320
5582092	4699984
5582092	5582100
5582093	2211828
5582094	4699984
5582094	5582100
5582095	2216022
5582095	5604805
5582096	4699984
5582096	5582100
5582097	2144985
5582098	2183916
5582099	3192785
5582100	4699984
5582100	4709753
5582100	5582092
5582100	5582094
5582100	5582096
5582100	7550256
5582101	2642458
5582102	3905493
5582102	12203635
5582103	1561450
5582103	5604806
5582103	5604864
5582104	3705760
5582104	13755604
5582105	3705760
5582105	10156133
5582106	5570710
5582107	3905511
5582108	2624531
5582109	3905511
5582110	3520399
5582111	5190879
5582111	5281412
5582111	5303809
5582112	5570005
5582113	3905512
5582114	3905512
5582115	261137
5582116	5158147
5582117	3439595
5582117	4128512
5582118	3905453
5582119	5568150
5582120	2451073
5582121	3905452
5582122	5427094
5582123	5554621
5582124	5204541
5582125	5568152
5582126	252995
5582127	2451074
5582128	2858816
5582129	3905480
5582129	11777991
5582130	5568135
5582131	2800332
5582131	2800344
5582132	2800332
5582133	3151494
5582133	6165747
5582134	2451075
5582135	3151494
5582136	3151494
5582137	5568129
5582138	3905487
5582139	3905487
5582140	5568126
5582141	3905487
5582142	3905487
5582143	5353382
5582144	5353382
5582145	5568140
5582146	2548054
5582147	3905261
5582148	3433943
5582149	906218
5582149	3433943
5582149	7802729
5582150	5568134
5582151	2271400
5582152	5190880
5582153	2927305
5582153	13360550
5582154	2271400
5582155	5190880
5582156	3905439
5582157	3905443
5582158	2203575
5582158	5529395
5582159	3905443
5582160	2203575
5582161	3905443
5582162	2203575
5582163	5568118
5582164	2546404
5582164	2812044
5582164	6769788
5582165	2203575
5582166	3905469
5582167	2203575
5582168	3905469
5582169	2203575
5582170	3905491
5582171	4977705
5582171	5222111
5582171	5222715
5582172	5568119
5582173	3905498
5582174	536523
5582175	2631043
5582175	2631566
5582176	5568105
5582177	3905506
5582178	3905506
5582179	630777
5582180	1641737
5582181	645779
5582182	2111234
5582183	3250942
5582183	3251087
5582184	700244
5582185	723232
5582185	3280598
5582186	5567463
5582187	3905455
5582188	2390815
5582188	2392174
5582189	5567463
5582190	3905456
5582190	13490070
5582191	916299
5582192	3905457
5582193	760198
5582194	767109
5582195	5565236
5582196	2105155
5582197	3905466
5582198	264496
5582199	264496
5582200	884829
5582201	264497
5582201	748400
5582202	1135955
5582203	264497
5582203	5159150
5582204	513069
5582204	1123851
5582204	2288533
5582204	2679251
5582204	2679329
5582204	3743442
5582205	5565236
5582205	11144223
5582206	625796
5582206	1248355
5582206	5304129
5582207	1248582
5582207	4406548
5582208	1355298
5582208	8967183
5582209	28129
5582209	1370193
5582209	5886340
5582209	5975443
5582210	1422841
5582211	4001243
5582212	1431495
5582212	5223804
5582212	5893700
5582213	3541783
5582214	2472106
5582214	4658754
5582215	1476287
5582215	5883551
5582215	8217715
5582215	8540654
5582215	8810584
5582216	2204258
5582216	2460051
5582216	4667192
5582216	5581722
5582216	5593620
5582216	5593621
5582216	5667794
5582216	6792990
5582217	5565178
5582218	1476293
5582219	2019141
5582220	3199912
5582220	13610147
5582221	3199955
5582222	3199912
5582223	1768739
5582223	1768899
5582223	1778045
5582223	1778465
5582223	3043358
5582223	3981081
5582224	3146943
5582225	1027890
5582226	1027890
5582227	4607368
5582227	13994981
5582228	5103088
5582228	5134106
5582229	1833924
5582230	1867852
5582231	4983680
5582232	1040541
5582232	1331199
5582233	1317654
5582233	5749310
5582234	1027891
5582234	3200081
5582234	5626992
5582235	4897558
5582236	5112805
5582237	5112805
5582238	1027882
5582238	13610155
5582239	1027892
5582240	1030182
5582240	5792735
5582240	13489195
5582240	13489197
5582240	13716146
5582241	5565099
5582242	1359556
5582243	5565100
5582244	3201150
5582245	2283662
5582245	2288631
5582245	11540844
5582246	5564451
5582247	1975349
5582248	3823833
5582249	4012239
5582250	857984
5582250	1059287
5582250	1120788
5582250	1120789
5582250	1502320
5582250	1959732
5582250	5295843
5582250	5582252
5582250	7499616
5582250	8163804
5582250	10108659
5582250	10108660
5582250	10108661
5582250	10675003
5582250	13767192
5582251	2538460
5582252	54604
5582252	119811
5582252	119812
5582252	350100
5582252	406777
5582252	417113
5582252	427039
5582252	465539
5582252	495339
5582252	857018
5582252	857984
5582252	1059287
5582252	1502320
5582252	2507829
5582252	2549834
5582252	2598980
5582252	3298512
5582252	4310833
5582252	4527517
5582252	4603617
5582252	4931395
5582252	5295843
5582252	5582250
5582252	6307855
5582252	7499616
5582252	11176690
5582252	13767192
5582253	2538460
5582254	2539081
5582255	2539081
5582256	761870
5582256	7499626
5582257	761870
5582257	7499626
5582258	761870
5582258	7499626
5582259	1023750
5582259	1719880
5582259	5236225
5582259	6846168
5582259	13460826
5582260	1024527
5582260	7329124
5582260	7499650
5582261	3201631
5582262	1027893
5582263	1024610
5582263	7107663
5582264	1448388
5582265	5564221
5582265	7520035
5582266	3312646
5582267	1411094
5582267	4325349
5582268	3312833
5582269	3727779
5582269	6151608
5582271	2258864
5582271	2365502
5582271	4153472
5582272	1887854
5582273	2546991
5582274	4598759
5582275	1887854
5582276	2237118
5582277	2047628
5582278	2047628
5582279	5564193
5582280	2047628
5582281	2047628
5582282	2047628
5582283	5485446
5582284	5488089
5582285	2142716
5582285	4873865
5582286	459859
5582287	2545679
5582288	2545679
5582289	1287195
5582289	1304015
5582289	1304019
5582289	9662999
5582289	9663076
5582289	9663079
5582289	9663081
5582289	9663083
5582289	9663084
5582289	9663096
5582289	9663106
5582289	9663111
5582289	9663601
5582289	9664034
5582289	9664035
5582289	9664038
5582290	2545679
5582291	4713516
5582292	2359703
5582292	2360392
5582292	3081892
5582292	3927314
5582292	5446856
5582292	5576566
5582293	1094612
5582293	5347433
5582294	4429318
5582295	2013937
5582295	2497459
5582295	2497460
5582295	2497461
5582296	4772648
5582297	3672957
5582297	3673127
5582297	3673128
5582298	5494641
5582299	5494641
5582300	3723349
5582300	5583128
5582301	3723349
5582301	5583128
5582301	7410481
5582302	3723349
5582302	5583128
5582302	7410481
5582303	1922
5582303	3745
5582303	1053852
5582303	2765022
5582304	400343
5582305	400343
5582306	936361
5582306	936646
5582307	3996466
5582308	2533216
5582309	4198321
5582309	4200757
5582309	4217915
5582309	4217916
5582310	1306664
5582311	2768923
5582311	3825511
5582311	3876752
5582312	3185573
5582313	3185573
5582313	12530402
5582314	4428617
5582315	2865351
5582315	4140311
5582317	2389625
5582318	566428
5582318	566430
5582318	921172
5582318	1860610
5582318	1860739
5582318	1996587
5582318	1996629
5582318	2443832
5582318	3741004
5582318	5893009
5582318	8926792
5582319	68455
5582321	419608
5582321	499566
5582321	509818
5582321	1185368
5582321	6950104
5582321	8165164
5582322	1866393
5582322	1981310
5582322	7701891
5582323	435575
5582323	1860610
5582323	1860739
5582323	1996629
5582325	4529499
5582326	4034847
5582327	3865242
5582328	26234
5582328	390596
5582328	390668
5582328	400463
5582329	26234
5582329	400463
5582329	6786897
5582330	2539809
5582331	3184928
5582331	5438385
5582332	407309
5582332	5582737
5582333	3162010
5582334	359107
5582335	392143
5582335	5582733
5582336	1159761
5582337	392143
5582337	5582733
5582337	10499640
5582338	394821
5582338	1781712
5582339	4496085
5582340	195481
5582341	298252
5582342	302843
5582343	3636444
5582344	181430
5582345	181430
5582346	5575215
5582347	2662991
5582348	3183730
5582348	3449991
5582348	5582730
5582349	495638
5582350	3183881
5582350	5582728
5582350	6865247
5582351	539570
5582352	2542924
5582353	368187
5582353	5582727
5582354	251866
5582355	371005
5582355	371006
5582355	375677
5582355	476608
5582355	476676
5582355	987847
5582355	1355691
5582355	12088600
5582355	12088601
5582356	26269
5582357	2331742
5582358	371008
5582358	3113538
5582358	6947572
5582359	51806
5582360	371882
5582360	1355717
5582360	5582722
5582360	6631033
5582361	371882
5582361	5582722
5582362	3183882
5582362	5801040
5582363	53001
5582364	460266
5582365	1954769
5582366	465087
5582367	510530
5582368	475466
5582368	8975048
5582369	475466
5582369	8275876
5582370	5524618
5582371	5580547
5582371	5583149
5582371	5584790
5582371	10465425
5582372	29634
5582372	12574872
5582373	29634
5582374	401101
5582374	408301
5582374	534195
5582374	857437
5582374	1098132
5582374	1198816
5582374	1397796
5582374	1414772
5582374	1418818
5582374	1532832
5582374	1567614
5582374	1876041
5582374	1876052
5582374	2057650
5582374	2257859
5582374	2302907
5582374	3589853
5582374	3594305
5582374	3594313
5582374	3812697
5582374	4401699
5582374	4701405
5582374	4808178
5582374	4987702
5582374	4987705
5582374	5094881
5582374	5239705
5582374	5409181
5582374	6073148
5582374	6305077
5582374	6595017
5582374	6701205
5582374	7238439
5582374	7321525
5582374	7356098
5582374	7356100
5582374	7585969
5582374	7819586
5582374	7830658
5582374	7892697
5582374	7953073
5582374	7953074
5582374	8173071
5582374	8242222
5582374	8254412
5582374	10048460
5582374	11253420
5582374	12188203
5582375	5580550
5582375	5584786
5582375	5584789
5582375	5785649
5582375	5785650
5582375	11275652
5582376	5580552
5582376	5583535
5582376	5583536
5582376	5583615
5582376	5583617
5582376	5583623
5582376	5785642
5582376	5785648
5582376	5789047
5582376	6404485
5582377	311993
5582378	2955591
5582378	13315128
5582379	2955591
5582380	5524618
5582380	5608021
5582380	6858758
5582381	268832
5582381	5582382
5582381	9780421
5582382	268832
5582382	356170
5582382	465541
5582382	512218
5582382	931966
5582382	5582381
5582382	9780421
5582383	340503
5582383	340700
5582383	340701
5582383	580958
5582383	863925
5582383	1227651
5582383	1410171
5582383	5582716
5582383	8773873
5582383	10757341
5582383	11280434
5582383	13608279
5582384	340503
5582384	340701
5582384	580958
5582384	863925
5582384	1227651
5582384	1410171
5582384	5582716
5582385	256490
5582386	340503
5582386	521579
5582386	1410170
5582386	5582714
5582387	259099
5582388	259099
5582389	3183615
5582389	5582708
5582390	259651
5582391	259651
5582392	260619
5582393	1556519
5582394	1956407
5582394	8231725
5582395	1956407
5582396	2279347
5582396	13776765
5582397	5582706
5582397	7946283
5582397	11142595
5582398	1024879
5582399	1024879
5582401	52081
5582402	2526220
5582402	13767471
5582402	13767472
5582403	32108
5582403	10241396
5582403	13766438
5582404	32108
5582404	10241396
5582404	13766438
5582405	2107504
5582406	2245693
5582407	2900646
5582407	4570376
5582408	2900646
5582408	2901134
5582408	2941981
5582408	4570376
5582409	18587
5582410	18587
5582411	1027336
5582411	13736627
5582412	1027336
5582412	13736625
5582413	1027336
5582413	13736627
5582414	4264179
5582414	4590587
5582415	325252
5582415	3117159
5582415	5582694
5582415	8636811
5582415	10744992
5582416	325252
5582416	488330
5582416	5582694
5582416	8819983
5582416	12290539
5582416	12447069
5582417	2407822
5582418	2407822
5582418	8187609
5582418	8187611
5582419	5582693
5582419	10871274
5582420	1891741
5582421	2455128
5582422	325560
5582422	1342016
5582422	1410188
5582422	1410190
5582423	2014014
5582424	1328057
5582424	8974997
5582425	5218379
5582426	3181152
5582426	10610006
5582427	2005158
5582427	7793241
5582427	7793242
5582427	8974979
5582428	5524609
5582429	2005158
5582430	4629000
5582431	3171956
5582431	5582688
5582432	2218273
5582432	7767734
5582433	4140672
5582434	2218273
5582434	7767734
5582435	2218273
5582435	7767734
5582436	2218273
5582436	7767734
5582437	2218273
5582437	7767734
5582438	4140672
5582438	8974958
5582439	3417072
5582439	6660189
5582439	6978482
5582439	6978483
5582439	6979131
5582441	4140672
5582442	3416902
5582442	6898750
5582442	6899303
5582442	6939457
5582442	6979132
5582442	7717503
5582443	3417017
5582443	6941150
5582443	6979133
5582443	6979134
5582443	6979135
5582444	3417188
5582445	3417038
5582445	3417040
5582445	3417042
5582446	3417038
5582446	3417040
5582446	3417042
5582447	3417041
5582448	3417041
5582449	3416747
5582449	6979137
5582450	5524609
5582451	3416906
5582452	3178312
5582452	3181292
5582452	4513810
5582453	3416906
5582454	3416851
5582455	3416851
5582456	324366
5582456	5582671
5582457	3178356
5582457	5582669
5582458	3178356
5582458	5582668
5582458	11099727
5582459	1730751
5582459	5581743
5582460	321506
5582460	13893524
5582461	485754
5582461	3659929
5582462	5580837
5582463	321518
5582463	5582652
5582463	6465318
5582464	5580817
5582465	3659995
5582465	5582649
5582466	5580719
5582467	3171607
5582467	3603830
5582468	5580704
5582469	5580660
5582470	1339887
5582471	5580667
5582472	5580607
5582472	8434029
5582473	5580582
5582474	3826222
5582475	5580581
5582476	5580557
5582477	5580548
5582478	796242
5582478	5895531
5582479	5580542
5582480	5580542
5582481	3826222
5582482	5580407
5582483	5580358
5582484	3171228
5582484	5582645
5582484	6952534
5582485	319140
5582485	5582630
5582485	8567406
5582486	3171364
5582487	3155269
5582488	317344
5582488	395893
5582488	3868038
5582488	4829260
5582489	2959279
5582490	3170979
5582490	5582624
5582491	3170979
5582491	5582507
5582492	3151188
5582492	3171005
5582492	5582504
5582492	12295529
5582493	3151188
5582493	3171005
5582493	5582502
5582493	12295531
5582493	12295534
5582494	2621034
5582495	1554999
5582496	3171058
5582496	5582501
5582497	3171192
5582497	8838061
5582498	332873
5582498	5581026
5582498	5581105
5582498	5582845
5582498	5583947
5582498	5583973
5582498	7715527
5582499	2047783
5582499	2047785
5582500	5581057
5582500	5582570
5582500	5583744
5582500	5604639
5582500	5676714
5582500	10708900
5582500	13161428
5582501	5582496
5582501	5628273
5582502	5582493
5582503	5581044
5582503	5582572
5582503	13536931
5582504	5582492
5582505	2580283
5582505	5581046
5582505	5582573
5582505	8724118
5582505	8724120
5582506	1039483
5582507	5582491
5582508	436175
5582509	5187001
5582510	2885759
5582511	2700983
5582512	3417106
5582513	3416983
5582514	3417207
5582515	3730458
5582515	6979138
5582515	6979141
5582516	3417122
5582516	6910054
5582517	3417122
5582518	2943906
5582519	2133318
5582520	3123563
5582521	5288685
5582521	5288686
5582521	5288800
5582522	2510322
5582523	5369327
5582523	5369443
5582523	13938228
5582524	5419907
5582525	3109541
5582525	5389788
5582526	2012946
5582526	5386878
5582526	5386882
5582526	5542948
5582526	7984616
5582527	1147055
5582528	314418
5582529	4737462
5582530	1003000
5582531	3168112
5582531	8261611
5582532	3422587
5582533	266788
5582533	431552
5582534	1718203
5582534	1718786
5582535	3417307
5582536	3417307
5582537	3417307
5582538	3417307
5582539	3417307
5582540	3417307
5582541	1937783
5582542	325752
5582543	3330964
5582544	4322717
5582545	3922768
5582546	13735
5582547	4502778
5582547	4503632
5582547	4503633
5582547	4743843
5582548	807586
5582548	3483130
5582549	314228
5582549	2714877
5582549	7105217
5582549	12202355
5582550	4934694
5582550	8203913
5582550	8203917
5582551	3164419
5582552	2551286
5582552	4934694
5582552	8203910
5582553	4612335
5582554	2377430
5582554	2384053
5582555	2565075
5582555	5583755
5582556	2241042
5582556	4777472
5582556	5286337
5582556	12002067
5582556	12982526
5582557	1305262
5582557	1306487
5582557	1306492
5582558	4511976
5582558	5582559
5582559	4511976
5582559	4511989
5582559	4511990
5582559	5582558
5582559	10888516
5582560	2282013
5582561	1217271
5582562	4540466
5582562	4540789
5582563	5582566
5582563	5582567
5582563	5583993
5582563	6050945
5582563	8614659
5582563	8614660
5582563	8614661
5582563	9867483
5582563	9867487
5582563	9867488
5582563	9867491
5582563	11469061
5582563	11469070
5582563	11469077
5582564	30740
5582565	3730537
5582565	4111531
5582566	5582563
5582566	5582567
5582566	8614659
5582566	9867487
5582566	9867488
5582566	11469061
5582567	5582563
5582567	5582566
5582567	6050945
5582567	8614659
5582567	8614660
5582567	9867487
5582567	9867488
5582567	10276606
5582567	11469061
5582567	11469070
5582567	11469077
5582568	3142729
5582568	5353206
5582569	524014
5582569	537445
5582569	2417060
5582570	5582500
5582570	5583744
5582571	2060261
5582571	3515208
5582572	5582503
5582573	5582505
5582574	4472187
5582575	2512022
5582576	5580670
5582577	5580670
5582578	5340467
5582579	2478836
5582579	4833400
5582580	5580675
5582580	7175595
5582581	5381830
5582582	5580349
5582583	5579571
5582584	5308275
5582585	5579558
5582585	12727832
5582586	5579558
5582587	953446
5582587	1368067
5582588	5579324
5582589	3153762
5582589	3990879
5582590	5578981
5582591	1944531
5582591	10735618
5582592	3154690
5582593	5578974
5582594	5578968
5582595	5426903
5582596	2110294
5582597	310268
5582597	3641890
5582597	5744087
5582598	1095468
5582598	5886008
5582598	5886009
5582599	310274
5582599	459864
5582600	1902944
5582601	1095469
5582602	4381896
5582602	4956927
5582603	1860611
5582603	2040988
5582604	1095470
5582604	11482831
5582605	5058674
5582606	4528546
5582607	2314872
5582607	4227790
5582608	3183336
5582608	4255608
5582608	4259713
5582608	5395252
5582609	2030026
5582609	2447243
5582610	3982709
5582611	16547
5582611	957305
5582611	5328742
5582612	1095471
5582613	21840
5582613	355107
5582614	24438
5582615	1095472
5582615	5652468
5582615	5652471
5582615	10721208
5582616	25220
5582616	2527715
5582617	1095474
5582617	5644294
5582617	5644296
5582617	13801226
5582618	4035132
5582619	33460
5582620	66996
5582620	510134
5582621	66996
5582621	510134
5582622	1095475
5582622	6293137
5582622	10997782
5582622	10997783
5582623	1095476
5582623	5694714
5582624	5582490
5582625	3417257
5582625	6979143
5582626	3417314
5582627	72937
5582628	2539737
5582628	5369762
5582630	5582485
5582634	2539737
5582634	5369762
5582637	269835
5582645	5582484
5582648	278314
5582649	5582465
5582650	4022518
5582650	8532966
5582651	3503383
5582652	5582463
5582653	895654
5582654	278314
5582655	278314
5582656	3573735
5582656	4538995
5582656	4538996
5582656	4538997
5582656	5350882
5582656	5350883
5582657	348594
5582657	377846
5582658	2247467
5582658	4681712
5582658	4981658
5582659	348594
5582660	3986709
5582660	4765636
5582660	4765637
5582661	4015698
5582661	5576630
5582661	7550500
5582662	410497
5582663	3416877
5582663	3416878
5582663	3416900
5582663	6910155
5582664	410497
5582665	3416898
5582665	6979145
5582665	6979146
5582666	4666344
5582666	5427699
5582666	5695513
5582667	2240834
5582667	4805462
5582668	5582458
5582669	5582457
5582670	434560
5582671	5582456
5582672	434560
5582673	2891329
5582674	2073857
5582674	4236753
5582675	913912
5582676	3375769
5582676	5535098
5582676	5535099
5582677	913912
5582678	5565106
5582678	5565113
5582678	5568231
5582678	6061726
5582678	6061727
5582679	3592235
5582679	3600160
5582679	3600161
5582679	11762455
5582680	913912
5582681	65362
5582681	1683328
5582682	892619
5582683	22147
5582683	1185133
5582684	2954462
5582684	5367318
5582684	5367319
5582685	2547073
5582685	4561790
5582686	246929
5582686	1833889
5582686	1833891
5582687	2665170
5582688	5582431
5582689	3940660
5582689	5583616
5582690	3155635
5582691	3155635
5582692	802704
5582692	5583612
5582693	5582419
5582694	5582415
5582694	5582416
5582696	1449758
5582697	2534004
5582698	5584480
5582698	5604808
5582698	13240353
5582699	4431561
5582699	5583611
5582700	1449758
5582701	1449758
5582702	310742
5582703	4585130
5582703	5583610
5582704	309337
5582705	310965
5582705	5603934
5582706	5582397
5582707	1864717
5582707	2932342
5582707	3658142
5582707	7694305
5582708	5582389
5582709	3623151
5582709	5370872
5582710	953193
5582710	1423004
5582710	7482780
5582711	152113
5582711	268210
5582711	898791
5582711	1272424
5582711	1389575
5582711	5583608
5582712	870455
5582712	6854808
5582713	53168
5582714	340503
5582714	5582386
5582715	1550930
5582715	1551789
5582716	340503
5582716	5582383
5582716	5582384
5582717	133620
5582717	307995
5582717	351693
5582717	797808
5582717	14001259
5582718	273596
5582718	1780238
5582719	133620
5582719	307995
5582719	351693
5582719	797808
5582720	1556507
5582721	975499
5582721	975523
5582721	3407527
5582722	5582360
5582722	5582361
5582723	1561530
5582724	1561530
5582725	3498066
5582726	2708216
5582727	5582353
5582728	5582350
5582729	3162063
5582730	5582348
5582731	3385992
5582732	1886100
5582732	2082620
5582732	8644322
5582733	5582335
5582733	5582337
5582734	1886100
5582735	2528229
5582736	2179502
5582736	2180444
5582736	2180446
5582736	2190370
5582737	5582332
5582738	309164
5582739	1198894
5582740	2258156
5582741	3154735
5582742	71535
5582742	978653
5582742	1186068
5582742	3156039
5582742	3794653
5582743	2260653
5582744	71535
5582744	3156039
5582745	2265771
5582746	2395962
5582747	308628
5582747	394773
5582747	1572186
5582747	8047639
5582747	8047641
5582748	3725924
5582749	309253
5582750	2546842
5582751	2546842
5582752	2547422
5582752	2917942
5582753	3722738
5582754	3915986
5582754	4802328
5582754	4802329
5582754	7250589
5582754	7268739
5582754	9710519
5582755	2951653
5582756	2060342
5582757	4013085
5582758	2951653
5582759	2960902
5582759	3824869
5582760	4663359
5582761	2960902
5582762	2231563
5582762	4838288
5582762	4839636
5582762	9434024
5582762	13950651
5582763	3127982
5582764	5223695
5582765	309253
5582765	12281576
5582766	3333947
5582767	3396443
5582768	3148094
5582769	4494317
5582770	3492747
5582771	3492747
5582772	26783
5582772	32326
5582772	336925
5582772	874762
5582772	915694
5582772	1447952
5582772	1448149
5582772	10551296
5582773	3492747
5582774	317169
5582774	12122190
5582774	12122192
5582774	12122216
5582774	12122517
5582774	12122522
5582774	12122523
5582774	12425211
5582775	3738514
5582776	4520003
5582777	3820011
5582778	2944448
5582778	2950005
5582778	2967271
5582778	7329182
5582778	7329198
5582779	359109
5582779	5730167
5582780	309635
5582780	359109
5582780	5730167
5582781	4497807
5582782	3403500
5582782	3403564
5582783	314178
5582784	2662790
5582786	5311613
5582787	305945
5582787	5582794
5582788	21838
5582788	1011059
5582789	5512951
5582790	21838
5582790	1011059
5582791	21943
5582792	1640042
5582792	1640394
5582793	25210
5582794	5582787
5582795	25210
5582796	4497180
5582797	29824
5582798	3410908
5582799	317562
5582800	2332788
5582800	5582801
5582801	2332788
5582801	5582800
5582801	6833322
5582801	6833323
5582802	2880626
5582803	2645813
5582804	3820894
5582805	3912847
5582805	4118067
5582805	4118068
5582805	13042381
5582806	914098
5582807	4157444
5582808	718434
5582809	5291774
5582809	5582810
5582810	5291774
5582810	5582809
5582811	57427
5582811	335811
5582811	352797
5582811	1582475
5582812	2800771
5582813	2549514
5582814	307840
5582814	484739
5582814	594265
5582814	594272
5582814	662680
5582815	29824
5582815	2380757
5582816	2007582
5582816	2007661
5582817	30434
5582818	3123494
5582819	40231
5582820	40231
5582821	2540590
5582822	43236
5582823	2695884
5582823	2695935
5582824	3724305
5582825	3916923
5582825	11003121
5582825	11003122
5582826	53974
5582827	53974
5582828	1343796
5582829	69532
5582830	5370450
5582831	5485085
5582832	2062855
5582833	133334
5582833	303671
5582834	4500397
5582835	3409416
5582835	3591346
5582836	2998817
5582837	3164431
5582838	4498539
5582839	1625087
5582840	1558338
5582841	708202
5582841	3606648
5582841	11185248
5582842	2537182
5582843	3731003
5582843	10680654
5582844	2765370
5582845	5581105
5582845	5582498
5582846	3024458
5582846	3225126
5582846	6953324
5582847	2537952
5582848	3024458
5582848	6953326
5582849	1806552
5582850	1075918
5582851	5581069
5582852	65830
5582852	586827
5582852	11183550
5582853	2301948
5582854	5292869
5582854	8892038
5582855	5580837
5582856	4924764
5582857	711225
5582858	4221472
5582858	8892039
5582859	1187413
5582860	4011920
5582861	5580832
5582862	1887172
5582862	3844086
5582862	10038704
5582863	3393215
5582864	132688
5582864	300006
5582864	651306
5582865	3590259
5582866	2829721
5582867	2544073
5582868	1911810
5582868	13380125
5582869	942240
5582869	1154171
5582869	2159148
5582869	2635065
5582869	10541950
5582870	5580827
5582871	300157
5582872	5580827
5582873	5584474
5582874	942240
5582874	1154171
5582874	2731210
5582874	10541950
5582875	297621
5582875	767196
5582876	5580817
5582877	3023597
5582878	313598
5582878	2887006
5582879	1763421
5582880	3593908
5582881	5580791
5582882	2868088
5582882	8892040
5582883	3023512
5582883	7176480
5582884	4176589
5582885	2755889
5582885	5580785
5582886	5580719
5582887	5580704
5582888	3024054
5582888	3622400
5582889	5580675
5582890	5580667
5582891	2870937
5582892	5580660
5582893	2572461
5582894	3434438
5582895	5580582
5582896	3434438
5582897	5580607
5582898	3904863
5582899	5580542
5582900	5580542
5582901	3904862
5582902	5580483
5582903	2256134
5582904	5580407
5582905	5580364
5582906	5580349
5582907	5601035
5582908	5317306
5582908	5580349
5582909	3007520
5582909	6358389
5582909	8942730
5582910	3023457
5582911	2986320
5582911	3670797
5582912	2986320
5582912	13667713
5582913	2986589
5582914	131467
5582914	293210
5582915	2273658
5582916	5486839
5582917	2958588
5582917	6730037
5582918	2958588
5582918	6730038
5582919	290433
5582920	290433
5582921	290433
5582922	290442
5582923	290442
5582924	290442
5582924	8709105
5582925	290442
5582925	8709105
5582926	131085
5582926	291225
5582927	291440
5582928	291440
5582929	4121881
5582930	2852301
5582931	1842271
5582931	2899369
5582931	10875849
5582931	13051885
5582932	3717774
5582933	3813616
5582934	5059346
5582934	5502127
5582935	2957065
5582935	12174521
5582936	2957065
5582936	9954702
5582936	12176529
5582937	2770174
5582938	2770198
5582939	9535608
5582940	664057
5582940	2073645
5582940	5481001
5582942	5625666
5582942	5782692
5582945	286067
5582945	12488394
5582945	12552943
5582946	809247
5582947	1911882
5582947	5059348
5582947	8892041
5582948	6215267
5582950	3114616
5582951	3255137
5582951	6058524
5582952	3257295
5582953	129880
5582953	282657
5582953	968506
5582953	13558737
5582953	13558739
5582953	13558741
5582954	4929219
5582955	1705
5582955	384937
5582955	433836
5582955	2429390
5582955	3474400
5582955	11749983
5582956	1887259
5582957	1887259
5582958	251590
5582958	679894
5582959	1887259
5582960	1887259
5582961	5215329
5582962	5215330
5582963	5215331
5582963	10537416
5582964	5215332
5582965	5215333
5582966	5215334
5582967	5215335
5582968	5215336
5582969	5215337
5582970	5215338
5582971	5215339
5582972	255520
5582972	730626
5582972	1105933
5582972	1258552
5582972	2036349
5582972	2036350
5582972	2038447
5582972	2108485
5582972	2181304
5582972	2181306
5582972	2372493
5582972	2655007
5582972	2794606
5582972	3364745
5582972	5582977
5582972	5582986
5582972	5582987
5582972	7496921
5582972	8656828
5582973	5215340
5582974	2648844
5582974	2649037
5582974	2649505
5582974	7810797
5582975	3965187
5582975	7085034
5582976	5215549
5582977	1258552
5582977	2108485
5582977	3364745
5582977	5582972
5582977	6953844
5582978	5215550
5582979	374146
5582981	5215551
5582982	2538516
5582983	5215552
5582983	5217190
5582984	5215553
5582985	1636234
5582986	5582972
5582987	5582972
5582988	252665
5582989	2070819
5582990	5579841
5582991	247881
5582992	3439479
5582993	5579841
5582994	420792
5582995	423365
5582996	3044758
5582997	423365
5582998	377215
5582999	377215
5583000	805752
5583000	5583001
5583000	5583002
5583000	5583735
5583000	11294130
5583000	11813954
5583000	12351524
5583001	251563
5583001	805752
5583001	2897052
5583001	3826761
5583001	3842308
5583001	5583000
5583001	5583002
5583002	5583000
5583002	5583001
5583004	10775464
5583005	9946506
5583006	826279
5583006	826281
5583007	846749
5583009	1121860
5583010	1202219
5583011	377219
5583012	1202219
5583013	1314006
5583014	1314006
5583015	1314006
5583015	7908915
5583016	1314006
5583016	5583730
5583016	7908915
5583017	1741722
5583018	3213033
5583018	3213056
5583019	3526251
5583021	377232
5583023	2048436
5583024	2048436
5583025	377232
5583026	5136634
5583027	5556053
5583027	5583726
5583027	5583946
5583029	334716
5583029	13319027
5583030	52360
5583031	377244
5583032	377244
5583033	127771
5583033	442286
5583033	5583725
5583034	442286
5583035	442286
5583036	52360
5583037	442286
5583038	408313
5583039	483912
5583039	5583040
5583040	483912
5583040	484314
5583040	5583039
5583040	5583710
5583040	5583711
5583040	6126843
5583040	6126846
5583040	6126849
5583040	6126851
5583040	8730505
5583040	9675654
5583040	11921552
5583040	11921553
5583041	2724574
5583042	377250
5583043	377250
5583044	2890234
5583044	9398352
5583044	11484463
5583045	769725
5583045	769726
5583046	5580798
5583047	3722342
5583047	5586602
5583048	440613
5583048	448528
5583048	5580803
5583048	5919819
5583048	8553922
5583048	9680416
5583049	5580791
5583049	7025256
5583050	5580791
5583050	7025257
5583051	5580791
5583051	7025257
5583052	843941
5583052	916252
5583052	2205218
5583052	2205232
5583052	3739257
5583052	3756423
5583052	3757113
5583052	3884754
5583052	4020777
5583052	5576347
5583052	5715931
5583052	8634783
5583052	9542123
5583053	5576345
5583054	4383868
5583055	4498629
5583056	4498629
5583057	5576340
5583058	5576335
5583059	5257155
5583059	12454055
5583060	5576335
5583061	5576335
5583062	3738461
5583062	12250919
5583062	13900664
5583062	13900665
5583062	13900677
5583062	13900685
5583063	2213931
5583064	5563635
5583065	5531751
5583066	5504311
5583067	5504305
5583068	2248481
5583069	1823852
5583070	1526431
5583070	8770492
5583071	2643663
5583072	2244679
5583073	1660856
5583073	6691855
5583074	2645281
5583074	3023733
5583074	9118309
5583075	2272694
5583076	5193598
5583077	5583602
5583078	4918338
5583078	5155098
5583078	5414652
5583078	5583190
5583078	5583599
5583078	5949243
5583078	5985776
5583078	6948834
5583079	5606602
5583079	7366813
5583079	7366815
5583079	7976962
5583080	5583598
5583080	5924683
5583081	155634
5583081	721035
5583081	738982
5583081	5583100
5583081	5583165
5583081	5583597
5583081	5583699
5583081	8963519
5583081	12216498
5583081	12216499
5583082	4045996
5583082	5583166
5583082	5583168
5583082	5583596
5583082	5585563
5583082	6769900
5583083	5583595
5583083	5583684
5583083	5583687
5583083	5585561
5583083	5585562
5583083	9454732
5583083	9454733
5583083	9454735
5583083	9454737
5583083	9454739
5583083	9454741
5583083	12728373
5583084	5583101
5583084	5583170
5583084	5583171
5583084	5583172
5583084	5583593
5583084	5583675
5583084	5585554
5583084	5585555
5583084	5585556
5583084	5585557
5583084	5585558
5583084	5585559
5583084	5597073
5583084	8900232
5583084	8900233
5583084	8900234
5583084	8900235
5583084	8900236
5583084	8900237
5583084	10509859
5583084	10509884
5583084	11010846
5583084	12337096
5583084	12337097
5583084	12337098
5583085	3332429
5583085	5583592
5583085	5583672
5583085	6307999
5583085	13680863
5583085	13680865
5583086	5583591
5583087	5583590
5583087	5583668
5583087	5585524
5583087	5585525
5583087	5585527
5583087	5585529
5583087	8231307
5583087	8231308
5583087	8231312
5583087	8954348
5583087	9548888
5583087	11030376
5583088	5583589
5583089	5583103
5583089	5583180
5583089	5583588
5583089	5583660
5583089	5585520
5583089	5585521
5583089	5617317
5583089	5769271
5583089	8806842
5583089	8806843
5583089	8806846
5583090	5583097
5583090	5583181
5583090	5583586
5583090	5583652
5583090	5583654
5583090	5583723
5583090	5609011
5583090	5640633
5583090	5767090
5583090	5797735
5583090	5972440
5583090	7004688
5583090	7588926
5583090	10211562
5583090	13666146
5583090	13666147
5583091	5583585
5583091	5583647
5583091	5583651
5583091	5585518
5583091	5585519
5583091	7367936
5583091	7367937
5583091	7669453
5583091	7672772
5583091	7672773
5583091	7680428
5583091	7704471
5583091	7704472
5583091	7704473
5583091	11086814
5583092	5583584
5583092	5583634
5583092	5585510
5583092	5822131
5583092	5925701
5583092	6645544
5583092	13638488
5583092	13638489
5583093	3677180
5583093	5500951
5583093	5583583
5583093	5583633
5583093	5585508
5583093	7108816
5583093	13384623
5583094	2607472
5583094	4519547
5583094	5585511
5583094	5955043
5583094	7332285
5583094	7332296
5583094	7332297
5583094	10520112
5583094	10854462
5583094	11324754
5583095	5583582
5583095	5583631
5583095	5583632
5583095	5585506
5583095	7057186
5583095	7057187
5583095	7057188
5583095	7057328
5583095	7057329
5583095	7057330
5583096	5583098
5583096	5583099
5583096	5583581
5583096	5585499
5583096	5585515
5583096	7715610
5583096	7715611
5583096	10218491
5583096	10218492
5583096	11908266
5583097	5583090
5583097	7588926
5583098	5583096
5583099	5583096
5583100	5583081
5583101	5583084
5583101	5597073
5583102	703117
5583103	5583089
5583104	703117
5583105	4665589
5583106	2953673
5583107	2953673
5583108	5189077
5583109	3686502
5583110	3686048
5583111	3686048
5583112	2641168
5583113	3686048
5583113	4774032
5583114	3409208
5583115	2276080
5583116	4011691
5583117	882725
5583118	882725
5583119	1087971
5583120	1087971
5583121	13063811
5583122	3166572
5583122	5470708
5583123	3721643
5583123	6924909
5583123	6924910
5583124	2107453
5583124	2190425
5583124	2202940
5583124	2262779
5583124	2510460
5583124	2602515
5583124	3721776
5583124	3798994
5583124	3798996
5583124	5965729
5583124	5965730
5583124	6056213
5583125	3721790
5583125	4942943
5583125	7491892
5583126	3721793
5583126	5583127
5583127	3721793
5583127	3799016
5583127	3799017
5583127	5583126
5583127	7491894
5583128	3723349
5583128	4121172
5583128	5582300
5583128	5582301
5583128	5582302
5583128	7410481
5583128	7491863
5583128	9368040
5583129	3732426
5583130	3417305
5583130	13274759
5583131	2540397
5583131	5583132
5583132	2540397
5583132	4834336
5583132	5583131
5583133	2050569
5583134	2641497
5583135	3820546
5583136	2251766
5583137	2642926
5583137	9462879
5583138	3219323
5583139	3219323
5583140	1024509
5583140	1307611
5583140	1937969
5583140	1937970
5583140	1937971
5583140	3360639
5583140	3746209
5583140	3746210
5583140	4768312
5583140	5358868
5583140	5583607
5583140	6811535
5583140	6811536
5583141	278185
5583142	1024843
5583142	1255463
5583142	1938449
5583142	1939432
5583142	4423910
5583142	6633848
5583142	7695001
5583143	2951771
5583144	31892
5583145	1024946
5583145	1482658
5583145	1520420
5583145	2617909
5583145	3838109
5583145	7499663
5583145	10341585
5583146	4535482
5583146	5576318
5583147	4535482
5583147	4535580
5583147	5576318
5583148	5504305
5583148	7815854
5583148	8419361
5583149	5582371
5583150	5581391
5583150	5604807
5583151	5581383
5583151	12009564
5583152	5581385
5583152	6456054
5583152	10803794
5583153	5574937
5583154	5574953
5583155	5573424
5583156	1545353
5583156	5604811
5583157	5573343
5583158	5573278
5583159	1790942
5583160	5506453
5583161	5506453
5583162	5506453
5583163	484702
5583164	3958143
5583165	5583081
5583166	5583082
5583167	2665072
5583168	5583082
5583169	2166013
5583169	2169314
5583170	5583084
5583170	7771658
5583171	5583084
5583172	5583084
5583172	12291526
5583173	3660196
5583174	3022572
5583175	5109204
5583176	3022572
5583177	5109204
5583178	675707
5583178	1587115
5583179	5575241
5583180	5583089
5583181	5583090
5583182	4630640
5583183	5577228
5583183	5578646
5583183	6056888
5583184	2549703
5583185	3955506
5583185	6548758
5583186	2549703
5583186	9463036
5583187	2549703
5583188	2549703
5583189	914640
5583190	2111181
5583190	5583078
5583191	3411053
5583192	1776101
5583192	13750747
5583193	1776101
5583193	13750747
5583194	1776101
5583194	13750749
5583195	3873867
5583196	3730327
5583196	9757035
5583197	3730327
5583197	9757035
5583198	3730327
5583198	9757035
5583199	3730327
5583200	3730327
5583201	3730327
5583202	1565314
5583202	12880463
5583203	2228453
5583203	5181250
5583204	3819336
5583205	5418037
5583206	4666541
5583206	8231125
5583206	9513364
5583207	294986
5583208	1025731
5583209	569298
5583210	2912527
5583211	2912527
5583212	2646079
5583212	13757467
5583213	2973337
5583213	13509910
5583214	2646079
5583214	13757468
5583214	13757469
5583215	297372
5583215	4521988
5583216	1343842
5583217	4521989
5583217	5604810
5583217	5604868
5583217	5606046
5583217	7712069
5583218	3303940
5583218	4075188
5583219	867102
5583219	3594909
5583220	4869690
5583220	13251990
5583221	5203960
5583223	3205210
5583223	12338835
5583224	5534737
5583224	5535837
5583225	2033542
5583226	2033542
5583227	6149691
5583228	2033542
5583229	2033542
5583230	2807627
5583230	9702962
5583231	2588729
5583232	2254515
5583233	2254515
5583234	2648931
5583235	2648931
5583236	2484656
5583236	5604809
5583236	5604862
5583236	5610246
5583237	3661267
5583238	2665335
5583239	1698934
5583240	2210881
5583241	2210881
5583241	9937525
5583242	5095259
5583243	5095259
5583244	2240637
5583244	4580035
5583245	2240637
5583246	5130979
5583247	621061
5583247	622960
5583247	1089814
5583247	2144412
5583247	2144416
5583247	8287244
5583248	682459
5583248	5454192
5583249	5165776
5583250	5165776
5583251	2601392
5583251	7906382
5583252	5521338
5583252	9456658
5583252	9739050
5583252	9739149
5583253	48387
5583254	3062220
5583254	3628709
5583255	3062220
5583255	3628711
5583256	3330087
5583256	6625803
5583257	5271831
5583258	3330087
5583259	5573433
5583260	5573433
5583261	5573433
5583262	5573433
5583263	1411105
5583264	5571698
5583265	5571702
5583266	5583580
5583266	5583629
5583266	5583630
5583267	405766
5583267	9006138
5583267	9954212
5583267	10005947
5583268	2724620
5583269	2357459
5583269	3151508
5583269	9111166
5583270	2357459
5583270	3151508
5583271	2357460
5583271	3151508
5583272	1519733
5583273	2235868
5583274	2235868
5583275	5470511
5583276	39786
5583277	5557238
5583278	5557238
5583280	425927
5583280	1174953
5583281	5263683
5583282	1553040
5583282	5603285
5583283	504842
5583284	2254014
5583285	2269062
5583285	6945372
5583286	2256987
5583287	2648461
5583288	1476878
5583289	3822343
5583290	41564
5583291	43025
5583292	2236855
5583292	10071839
5583293	2236855
5583294	2236855
5583295	3074230
5583296	65534
5583297	65534
5583298	1665309
5583298	1688034
5583298	10552635
5583299	5148869
5583299	10071755
5583300	255456
5583302	5265810
5583304	10205220
5583305	5265810
5583308	261165
5583309	5049411
5583310	67859
5583311	67859
5583312	304976
5583313	249117
5583314	314815
5583315	1248357
5583315	13532019
5583316	320180
5583317	1823835
5583318	324903
5583318	2796615
5583318	5583319
5583318	5583605
5583319	324903
5583319	5583318
5583320	325129
5583321	12500644
5583327	3171334
5583327	4513105
5583327	7368004
5583327	7636599
5583327	7799064
5583327	7799715
5583328	1275818
5583328	5718358
5583329	1444952
5583330	1553288
5583330	2202880
5583330	5410942
5583331	1764749
5583332	1783755
5583333	1140037
5583333	1140688
5583333	1166117
5583333	1715559
5583333	3594915
5583333	6157456
5583333	6641606
5583333	12789985
5583334	1789224
5583335	1789224
5583340	8140420
5583344	8140360
5583344	8140363
5583344	8140367
5583344	8140369
5583344	8140380
5583352	8140422
5583354	1931876
5583361	2246019
5583361	2246290
5583362	2246019
5583362	4094848
5583362	5583363
5583362	5583604
5583362	7739782
5583362	7739783
5583362	8670895
5583363	2246019
5583363	4075150
5583363	4075151
5583363	4143490
5583363	5574940
5583363	5583362
5583363	7739534
5583363	7739782
5583363	7739783
5583363	11550441
5583363	11550442
5583363	13584829
5583363	13584830
5583376	5097428
5583376	8478320
5583382	2246290
5583382	5583773
5583382	5585186
5583382	7739743
5583382	7739744
5583382	7739757
5583382	7739775
5583382	7739784
5583382	7739785
5583382	7739832
5583382	10844407
5583384	2246290
5583384	5887334
5583384	7739743
5583384	7739744
5583384	7739757
5583384	7739773
5583384	7739774
5583384	7739775
5583384	7739776
5583384	7739784
5583384	7739785
5583385	2246290
5583391	13355444
5583392	2281762
5583393	2376720
5583394	2427847
5583395	2542710
5583396	2542710
5583397	2543020
5583398	13871889
5583399	2543020
5583411	2577674
5583423	3374716
5583424	8140424
5583426	3722569
5583427	3728290
5583434	3737928
5583447	4157442
5583448	4203429
5583449	5073160
5583492	69058
5583492	9815647
5583528	5583620
5583528	5583621
5583529	3822336
5583529	4452856
5583529	10523381
5583531	3151513
5583531	3951499
5583531	3952450
5583531	4180354
5583531	10871960
5583531	13460686
5583532	5565388
5583532	5565975
5583532	5583770
5583532	5585185
5583533	5565388
5583533	5565975
5583535	5582376
5583535	5583615
5583535	5583623
5583535	5789047
5583536	5582376
5583536	5583615
5583536	5583617
5583536	5583622
5583536	5585181
5583536	6404485
5583536	6404486
5583536	10371028
5583537	1526293
5583538	2243051
5583539	2202826
5583540	753121
5583541	1762
5583541	13770029
5583541	13770767
5583542	1762
5583543	1763
5583544	1763
5583545	1891
5583546	297893
5583546	5927971
5583547	300563
5583547	1708036
5583547	5583549
5583548	1229369
5583549	300563
5583549	1708036
5583549	1708038
5583549	5583547
5583550	3930951
5583551	3100618
5583552	3100618
5583553	2548963
5583553	5583557
5583553	9192809
5583553	9192810
5583553	9192811
5583554	3100575
5583555	3100575
5583556	2548963
5583556	5583557
5583557	2548963
5583557	5583553
5583557	5583556
5583557	5583603
5583557	7673728
5583557	9075467
5583557	9075470
5583558	53319
5583559	238349
5583560	6449461
5583560	6457107
5583560	12720971
5583561	3100677
5583562	3448816
5583563	3448816
5583564	3104208
5583566	584136
5583566	1511211
5583566	4906621
5583566	5358594
5583566	6728420
5583566	8467819
5583566	10968903
5583566	12508855
5583566	12508856
5583567	3104234
5583569	3104234
5583570	3104234
5583571	3105037
5583573	3169952
5583574	3169952
5583575	13306476
5583578	5583579
5583579	5583578
5583579	13609816
5583580	5583266
5583581	5583096
5583582	5583095
5583583	5583093
5583584	5583092
5583584	6645544
5583585	5583091
5583585	5583647
5583585	5583651
5583585	7680428
5583585	7704473
5583586	5583090
5583586	5609011
5583586	5797735
5583586	5972440
5583587	5518895
5583588	5583089
5583589	5583088
5583589	5588315
5583589	5588502
5583590	5583087
5583591	5583086
5583592	5583085
5583593	5583084
5583593	5597073
5583593	6591232
5583593	10552806
5583595	5583083
5583596	5583082
5583597	5583081
5583598	5583080
5583599	5583078
5583601	6888021
5583602	5583077
5583603	5583557
5583604	2246019
5583604	5583362
5583605	5583318
5583607	5583140
5583607	9067218
5583608	152113
5583608	5582711
5583608	5585124
5583610	5582703
5583611	5582699
5583612	5582692
5583613	1994475
5583614	939520
5583614	13388857
5583615	5582376
5583615	5583535
5583615	5583536
5583615	5583623
5583615	5789047
5583615	9789532
5583616	5582689
5583616	5585122
5583617	5582376
5583617	5583536
5583618	278952
5583619	278952
5583620	5583528
5583620	5583621
5583620	5585119
5583621	5583528
5583621	5583620
5583622	5583536
5583623	5580552
5583623	5582376
5583623	5583535
5583623	5583615
5583624	1744378
5583625	56954
5583626	1951664
5583627	1951664
5583627	1953641
5583629	5583266
5583629	5583630
5583630	5583266
5583630	5583629
5583631	5583095
5583631	6787405
5583632	5583095
5583633	3677180
5583633	5583093
5583634	5583092
5583634	5822131
5583635	5167834
5583635	5178138
5583635	5376929
5583635	5377032
5583635	5377033
5583635	5584209
5583635	5779902
5583635	5779903
5583635	6599220
5583635	6599221
5583635	7586167
5583635	7663804
5583635	9563941
5583635	13423165
5583636	5583841
5583636	5583843
5583636	5583845
5583636	5583846
5583636	7636470
5583637	4289158
5583637	5583836
5583638	5583766
5583638	5585494
5583638	5585495
5583638	5743382
5583638	6625695
5583638	6780960
5583638	13191561
5583639	5583835
5583639	5699453
5583639	9331235
5583639	9331236
5583639	10565027
5583640	5583763
5583640	5585492
5583640	6199249
5583640	7636425
5583640	10310753
5583640	13802644
5583641	5583832
5583642	5583762
5583642	5585491
5583642	5910534
5583642	12364715
5583643	5583831
5583643	9003885
5583643	12397674
5583643	12463387
5583643	12463393
5583643	12463395
5583643	12463396
5583643	12463397
5583643	12463398
5583643	12906980
5583644	5583759
5583644	5585489
5583644	5585490
5583644	6790518
5583644	10241460
5583645	2111
5583646	4497299
5583647	5583091
5583647	5583585
5583647	5585518
5583647	5585519
5583647	7669453
5583647	7672772
5583647	7672773
5583647	7680428
5583647	11086814
5583649	4501970
5583650	5220158
5583651	5583091
5583651	5583585
5583651	5585518
5583651	5585519
5583651	7669453
5583651	7672772
5583651	7672773
5583651	7680428
5583651	11086814
5583652	5583090
5583652	5583654
5583652	5583723
5583652	5609011
5583652	5972440
5583652	7588926
5583653	954289
5583654	5583090
5583654	5583652
5583654	5583723
5583654	5609011
5583654	5972440
5583654	7588926
5583655	1476284
5583655	11389408
5583655	12298921
5583656	1662944
5583656	2107602
5583658	2406539
5583658	2897443
5583658	5583659
5583658	13764693
5583659	2406539
5583659	2897443
5583659	5583658
5583660	5583089
5583660	5769271
5583661	2451376
5583661	12755291
5583662	259045
5583663	3837079
5583664	2192260
5583664	9484698
5583664	9824689
5583665	2192260
5583666	3428294
5583667	2956256
5583668	5583087
5583668	8231307
5583668	8231308
5583668	8231312
5583668	9537449
5583670	2453
5583672	5583085
5583673	2957986
5583674	2957986
5583675	5583084
5583675	5597073
5583675	8231859
5583676	3415356
5583676	8231137
5583677	1055658
5583678	1635553
5583679	1713170
5583680	1907940
5583681	3436727
5583682	1895635
5583683	1713173
5583684	3150812
5583684	5301097
5583684	5301098
5583684	5583083
5583685	1895635
5583686	3070255
5583687	5583083
5583688	3070255
5583689	902857
5583690	3818173
5583690	13824634
5583691	3818173
5583691	9467433
5583691	13824634
5583692	3177591
5583693	3818173
5583693	13752411
5583694	3818173
5583694	13752411
5583695	3818173
5583695	13824634
5583696	3818173
5583696	13752411
5583697	1925023
5583698	5576376
5583699	721035
5583699	5583081
5583700	2892890
5583701	2012190
5583701	10088599
5583702	2203072
5583703	2203072
5583704	1456426
5583705	2203072
5583706	2203072
5583707	2203072
5583708	573909
5583709	2203072
5583710	5583040
5583710	5583711
5583710	5583717
5583710	6126843
5583710	6126846
5583710	6126849
5583710	6126851
5583711	5583040
5583711	5583710
5583711	5583717
5583711	6126843
5583711	6126846
5583711	6126849
5583711	6126851
5583712	4664151
5583713	247151
5583714	247151
5583715	247151
5583716	4245680
5583717	5583710
5583717	5583711
5583717	6126843
5583717	6126846
5583717	6126849
5583717	6126851
5583717	8730505
5583718	4499577
5583719	4016913
5583720	4016913
5583721	4529130
5583722	4529160
5583722	11504606
5583723	5583090
5583723	5583652
5583723	5583654
5583723	5609011
5583723	5972440
5583723	8830871
5583723	13048809
5583724	4529160
5583725	5583033
5583726	5583027
5583727	4040744
5583728	4040744
5583729	1594090
5583730	5583016
5583731	5008480
5583732	5368336
5583733	1667465
5583733	3982709
5583733	13436353
5583734	5368334
5583735	2897053
5583735	3488902
5583735	5583000
5583736	5026123
5583737	5026123
5583738	1879697
5583738	3959195
5583739	5026123
5583740	2759655
5583741	5026123
5583742	263794
5583743	3621541
5583743	6195794
5583744	5581057
5583744	5582500
5583744	5582570
5583744	5583752
5583745	263794
5583746	2492950
5583746	2493969
5583747	2493969
5583748	4114134
5583749	4101048
5583751	5211546
5583752	5583744
5583752	8169168
5583753	2306515
5583754	2842928
5583755	5582555
5583755	6792988
5583756	1007365
5583757	13069643
5583758	3737448
5583759	5583644
5583760	4839285
5583761	3737448
5583762	5583642
5583763	5583640
5583764	4999936
5583765	4999936
5583766	5583638
5583767	2273756
5583769	4014955
5583770	5583532
5583771	5584106
5583772	5584078
5583772	5715383
5583772	5715385
5583773	5583382
5583774	5584110
5583774	5694758
5583774	5694761
5583774	5694763
5583774	5694764
5583774	5694769
5583775	5842040
5583776	3342812
5583776	5584506
5583776	5585383
5583776	6707118
5583776	10218585
5583776	10220665
5583776	10221125
5583776	10221126
5583776	10221128
5583776	10221129
5583776	10221132
5583776	10221134
5583776	10221136
5583776	11113002
5583777	5580772
5583778	5688738
5583779	5580364
5583780	5584072
5583780	5814458
5583782	5637058
5583783	5584012
5583783	5765682
5583783	5765684
5583783	5765685
5583784	5584004
5583784	5584006
5583784	6383199
5583784	13156972
5583785	4993036
5583786	10997784
5583787	5685135
5583788	5584002
5583788	5584003
5583788	5691483
5583788	10997785
5583788	10997786
5583789	3171842
5583790	5584068
5583790	5584069
5583790	5619537
5583790	10997787
5583790	10997788
5583791	252797
5583792	1748137
5583794	5599180
5583795	5667166
5583795	10997789
5583796	5322422
5583797	5583996
5583797	5617621
5583797	6706848
5583798	5103088
5583798	5134106
5583799	5583999
5583799	5601150
5583799	12435817
5583800	5583896
5583800	5761331
5583800	11850228
5583801	5584052
5583802	3858370
5583802	5585115
5583802	5585152
5583802	6192358
5583802	8855639
5583803	5584049
5583803	5604814
5583803	8022557
5583803	10007207
5583804	8723031
5583805	3652760
5583806	5584029
5583808	4264154
5583809	310993
5583810	4264152
5583811	5583894
5583811	5750144
5583812	3894120
5583812	3899590
5583814	521000
5583815	687317
5583816	2278221
5583817	4529985
5583818	2245854
5583819	2247437
5583820	4268943
5583821	2387234
5583822	2868053
5583823	1025041
5583823	13736615
5583824	1025041
5583824	1941021
5583824	9467525
5583825	2678403
5583826	2678403
5583827	3023206
5583828	3023229
5583829	3023229
5583829	9666286
5583830	2372800
5583831	5583643
5583832	5583641
5583833	3024396
5583833	6624919
5583834	3024429
5583835	5583639
5583836	5583637
5583837	3825725
5583838	3826103
5583838	12047708
5583838	13751408
5583839	3826121
5583839	4436345
5583839	12047709
5583840	3826121
5583841	5583636
5583842	4502379
5583843	5583636
5583844	4665756
5583844	10039378
5583845	5583636
5583846	5583636
5583847	1024027
5583847	2193224
5583848	5583849
5583849	5583848
5583850	5583851
5583851	5583850
5583852	5583853
5583852	13675406
5583853	5583852
5583854	252657
5583855	5583856
5583856	5583855
5583857	5306265
5583858	5373313
5583859	5583860
5583860	5583859
5583861	25738
5583862	282124
5583863	2372810
5583864	2491812
5583865	1024023
5583866	26832
5583867	1025350
5583867	10071764
5583867	13751768
5583868	67806
5583869	1025625
5583870	3906347
5583871	886465
5583872	1775043
5583873	1754538
5583874	2887914
5583874	13729675
5583875	2188
5583876	4516393
5583877	2234142
5583878	2234142
5583879	4516393
5583880	3410856
5583881	1473547
5583882	5583889
5583882	5583890
5583882	5583945
5583883	3668473
5583884	1473547
5583885	2548090
5583886	375912
5583887	2548090
5583888	2875894
5583888	8927765
5583889	5583882
5583890	5583882
5583891	316606
5583892	870640
5583892	9823805
5583893	4926100
5583894	5583811
5583895	291159
5583896	5583800
5583897	2767595
5583898	5355261
5583899	2064797
5583900	4499720
5583901	4499720
5583902	3023270
5583903	2658365
5583904	3023270
5583905	59899
5583906	890410
5583908	777613
5583909	24353
5583910	2266257
5583911	2507306
5583912	2507306
5583913	2387738
5583914	2387738
5583915	2811771
5583916	2756575
5583916	7487442
5583916	11996909
5583918	1394157
5583919	3721639
5583919	5581558
5583920	1759919
5583921	3721672
5583921	5583923
5583921	5583925
5583922	3721672
5583922	5583923
5583922	5583925
5583923	3721672
5583923	5583921
5583923	5583922
5583924	5583944
5583925	3721672
5583925	5583921
5583925	5583922
5583926	282547
5583927	2539035
5583928	2203861
5583928	5583934
5583929	2203861
5583929	5583934
5583930	2203861
5583930	5583934
5583931	2203861
5583931	5583936
5583932	2203861
5583932	5583936
5583933	2203861
5583933	5583936
5583934	2203861
5583934	5583928
5583934	5583929
5583934	5583930
5583935	794672
5583936	5583931
5583936	5583932
5583936	5583933
5583937	3721476
5583938	3721476
5583939	5190884
5583941	5190884
5583942	5190884
5583943	5190884
5583944	5583924
5583945	5583882
5583946	5583027
5583947	5582498
5583948	2539976
5583948	3782914
5583948	5973982
5583948	6533678
5583949	4328087
5583949	4328088
5583949	6533677
5583950	4861100
5583950	4869527
5583950	10700142
5583951	5583991
5583952	5583988
5583952	5585488
5583953	5583986
5583953	5593471
5583953	10033759
5583953	10928987
5583954	5583983
5583954	5585487
5583954	7528478
5583954	7899364
5583954	8645640
5583954	8659817
5583954	8659818
5583954	8715586
5583954	9420853
5583954	11203355
5583955	5481864
5583955	5482746
5583955	5579519
5583955	5579723
5583955	5583981
5583955	13407981
5583956	2478916
5583956	5583962
5583956	5583971
5583956	5585477
5583956	5585485
5583956	5604643
5583956	5716061
5583956	5886828
5583956	6109307
5583956	13158664
5583956	13158666
5583956	13158667
5583956	13158669
5583956	13158670
5583956	13158671
5583957	5583980
5583957	5593467
5583957	7352998
5583958	5583979
5583958	5585483
5583958	5805071
5583958	7349671
5583958	7464894
5583958	13250163
5583959	5583975
5583959	5583978
5583959	5585479
5583959	5585480
5583959	5585481
5583959	5585482
5583959	7004878
5583959	7006675
5583959	11410492
5583959	12286903
5583959	12286905
5583959	12286906
5583959	12286908
5583959	12286909
5583959	13596699
5583959	13604126
5583959	13604127
5583960	4283892
5583960	5606598
5583960	7172484
5583961	252698
5583962	5583956
5583962	5583969
5583962	5583971
5583962	5585477
5583962	5585485
5583962	5604643
5583962	5716061
5583962	5886828
5583962	6550108
5583962	13346818
5583963	3801791
5583964	2515077
5583964	2515927
5583964	3682625
5583964	4328352
5583964	5013447
5583964	9186932
5583964	12051407
5583964	13195034
5583965	3779764
5583966	268022
5583967	268022
5583968	3779764
5583969	5583962
5583970	337653
5583970	377316
5583970	404520
5583970	415984
5583971	5583956
5583971	5583962
5583972	5584119
5583972	5585476
5583973	5582498
5583974	268022
5583974	8560828
5583974	8560830
5583975	5583959
5583976	5580548
5583976	5581073
5583978	5583959
5583979	5583958
5583980	5583957
5583981	5583955
5583982	18053
5583982	527925
5583982	527933
5583982	2005621
5583982	2793798
5583983	5583954
5583984	18053
5583984	527925
5583984	527933
5583984	2005621
5583984	2793798
5583985	1025375
5583985	3857368
5583985	7135426
5583985	7206517
5583986	5583953
5583988	5583952
5583989	276747
5583990	1025376
5583990	5583992
5583990	6908559
5583991	5583951
5583992	1025376
5583992	1944738
5583992	5583990
5583992	5584031
5583992	7135427
5583992	7206518
5583992	9564651
5583993	5582563
5583994	281230
5583995	4529298
5583995	12927911
5583995	12927916
5583995	12927919
5583995	12927922
5583996	5583797
5583997	425228
5583998	374868
5583998	470326
5583999	5583799
5583999	5601150
5583999	13500423
5584000	281230
5584001	5580832
5584002	5583788
5584003	5583788
5584003	13321328
5584004	5583784
5584005	3189771
5584006	5583784
5584007	1025771
5584007	5888641
5584008	5580827
5584009	351724
5584010	1024534
5584011	5580819
5584012	5583783
5584013	380006
5584014	425268
5584015	305897
5584015	506007
5584015	8632056
5584015	10329587
5584016	3822327
5584017	282265
5584018	3822327
5584019	370857
5584020	3822327
5584021	5580798
5584022	5580798
5584023	282265
5584024	375920
5584025	282265
5584026	2278553
5584026	7700749
5584027	3163394
5584028	2908535
5584029	5583806
5584030	5580791
5584031	1025376
5584031	5583992
5584031	6908559
5584032	282265
5584033	3265381
5584034	3265381
5584035	3265381
5584036	282265
5584037	3265381
5584038	3265381
5584039	3265381
5584040	351213
5584041	5584046
5584042	1024537
5584042	6358284
5584043	2032986
5584043	2033121
5584044	3381261
5584045	5580785
5584046	5584041
5584046	10705516
5584047	282265
5584048	378083
5584049	5583803
5584049	5604814
5584050	282265
5584051	351229
5584051	382887
5584051	460060
5584052	5583801
5584053	282265
5584053	6582839
5584054	425253
5584055	5580537
5584056	374873
5584057	5580496
5584058	379981
5584058	8163455
5584059	5580483
5584060	5580475
5584061	690816
5584062	5580444
5584063	283791
5584064	5580427
5584065	5580419
5584066	2576550
5584067	5580371
5584068	5583790
5584069	5583790
5584069	5604812
5584069	5604867
5584070	283792
5584071	1126543
5584071	1179408
5584071	4329157
5584072	5583780
5584073	283792
5584073	5594079
5584074	1126543
5584075	5580008
5584075	12531774
5584076	1126543
5584077	5579583
5584078	5583772
5584079	1126543
5584079	9711019
5584079	11191066
5584080	5579566
5584081	2852836
5584081	5579376
5584082	5579565
5584082	5753165
5584083	321113
5584083	1334266
5584084	3200703
5584084	5579374
5584085	1126542
5584086	4011978
5584086	4259964
5584086	5579377
5584087	5579563
5584088	1886530
5584088	5687852
5584088	5687859
5584088	5687863
5584088	5714786
5584089	5579524
5584089	5828972
5584090	1105062
5584090	6911764
5584090	6911766
5584091	5664788
5584091	6641607
5584091	9711730
5584091	10559311
5584091	13375517
5584092	5584096
5584093	1651926
5584093	1653633
5584093	1687124
5584093	9595622
5584094	3711987
5584094	5585144
5584094	9059402
5584095	3711987
5584095	5585109
5584095	5585112
5584096	5584092
5584097	5172592
5584097	5585146
5584097	6533626
5584098	5579385
5584099	5172592
5584099	5585147
5584099	6533627
5584100	5172592
5584100	5585150
5584100	6398946
5584100	6533628
5584101	4017148
5584101	4167257
5584101	13611960
5584101	13611977
5584102	3193784
5584103	5584105
5584104	4846654
5584104	4846816
5584104	5585074
5584105	5584103
5584106	5583771
5584107	5141760
5584107	5585059
5584107	6162441
5584107	12780721
5584108	3338019
5584108	3339824
5584108	5585142
5584109	5584111
5584109	13437240
5584110	5583774
5584111	5584109
5584112	3662516
5584112	5585129
5584113	5322303
5584113	5585133
5584114	2847488
5584114	5585007
5584114	5585011
5584114	5585134
5584114	12063640
5584115	5584117
5584116	5087369
5584116	5585002
5584116	5585137
5584117	5584115
5584118	370362
5584119	5583972
5584120	380048
5584121	5584123
5584122	3218725
5584123	5584121
5584124	376030
5584124	473149
5584125	2550100
5584126	2191615
5584127	2686468
5584128	5579373
5584129	3603911
5584130	1536291
5584131	3819312
5584131	5579372
5584132	8875585
5584133	1541494
5584134	1543542
5584135	3349699
5584135	5584998
5584135	5585126
5584135	13203350
5584136	380022
5584136	4907085
5584137	5547943
5584138	1387694
5584138	2318780
5584138	5584937
5584138	5585111
5584139	5547945
5584140	1886508
5584140	5579364
5584141	5107444
5584141	5154808
5584141	5584143
5584141	5585114
5584142	1886508
5584142	5579362
5584143	5107444
5584143	5154808
5584143	5584141
5584143	5707283
5584143	9789218
5584145	351715
5584146	1025778
5584147	170290
5584147	244193
5584147	1477629
5584147	2194097
5584147	5585104
5584147	6307522
5584148	3218714
5584149	374640
5584150	5585231
5584151	374160
5584152	16245
5584153	381058
5584153	472429
5584154	2248645
5584154	3338703
5584155	3668506
5584155	3668516
5584155	3668517
5584155	11669864
5584156	2337321
5584157	5585498
5584158	73727
5584158	10995186
5584159	718351
5584159	5585103
5584160	1975655
5584160	2207248
5584160	5584933
5584160	5585101
5584160	11173497
5584160	11173498
5584161	3053283
5584161	5584927
5584162	1122278
5584162	2624923
5584163	1528795
5584164	383299
5584164	383300
5584164	452768
5584164	611438
5584164	5584165
5584165	383299
5584165	383300
5584165	452768
5584165	5584164
5584166	2022340
5584166	3178559
5584167	452991
5584168	452991
5584169	223635
5584170	2330746
5584171	887349
5584171	1502274
5584171	10587321
5584171	14008548
5584172	2464796
5584173	4580227
5584174	217031
5584175	452736
5584176	691988
5584176	6533662
5584177	452736
5584178	2571573
5584179	107353
5584179	296334
5584179	5585121
5584180	2789408
5584181	453185
5584181	588295
5584181	1344136
5584182	2796281
5584182	2796282
5584183	453432
5584183	1622046
5584184	37929
5584184	453576
5584184	5584185
5584185	37929
5584185	336547
5584185	453576
5584185	5584184
5584186	453666
5584187	1155878
5584188	3819312
5584189	453663
5584190	4384243
5584190	5579359
5584191	4384243
5584191	5579359
5584192	255092
5584193	1096117
5584193	5579357
5584194	66849
5584195	32708
5584196	33256
5584197	1345811
5584198	5579356
5584199	54861
5584200	2954716
5584200	5579353
5584201	2954716
5584201	3229837
5584201	5579352
5584202	183151
5584202	5584873
5584202	5585100
5584202	6317222
5584203	2545601
5584203	5579351
5584203	13257905
5584204	2545601
5584204	5579350
5584204	7172074
5584205	56409
5584206	2545601
5584206	5579348
5584206	5579349
5584207	2094825
5584207	2094826
5584208	2094833
5584209	5583635
5584210	2545601
5584210	5579347
5584211	2545601
5584211	5579346
5584212	2203885
5584212	13544765
5584213	2094809
5584214	2740591
5584215	2094831
5584216	5579356
5584217	953993
5584218	226768
5584218	1036766
5584218	5584868
5584218	5585096
5584218	8878025
5584219	441959
5584221	402889
5584222	441959
5584223	22090
5584223	1257309
5584223	8040429
5584224	1053376
5584224	1053377
5584225	2545601
5584225	7172074
5584226	2094838
5584226	4401087
5584227	2094838
5584227	4401087
5584228	2545601
5584228	5815907
5584229	2011321
5584229	2244718
5584229	5579345
5584229	5820577
5584229	13242731
5584229	13403975
5584230	2251291
5584230	5579344
5584230	8105347
5584231	2251291
5584231	5579344
5584231	8105347
5584232	2849394
5584233	2949401
5584235	3199065
5584235	5579343
5584236	6106
5584237	3148365
5584237	5579337
5584238	811964
5584239	2544239
5584239	5579342
5584240	2094838
5584240	4401087
5584241	2094838
5584241	4401087
5584242	2647587
5584243	2647587
5584244	282265
5584245	2647587
5584246	2647587
5584247	2647587
5584248	2647587
5584249	5579328
5584250	5579327
5584251	5579328
5584252	5579327
5584254	4887859
5584254	5579325
5584254	8471486
5584255	2644821
5584255	5579320
5584255	5579322
5584256	2644821
5584256	5579321
5584257	52540
5584258	63205
5584259	2007228
5584259	2162789
5584259	5579319
5584260	2007228
5584260	2162789
5584260	5579319
5584261	5579317
5584262	52406
5584263	255269
5584264	258731
5584265	351258
5584266	5579315
5584267	46896
5584268	2007228
5584269	2722401
5584270	265199
5584271	4887859
5584271	6925593
5584272	370602
5584273	2793682
5584274	370609
5584275	4887859
5584275	5815906
5584275	5819194
5584275	5819198
5584276	4887859
5584276	5815906
5584277	4500277
5584277	5579314
5584278	5584291
5584279	5579312
5584280	5452694
5584280	5586597
5584280	11528730
5584281	3733870
5584281	5579311
5584282	1027058
5584283	1027058
5584284	1027200
5584285	1027200
5584285	8971837
5584286	1027201
5584287	1094108
5584288	5280484
5584289	4664222
5584290	4664222
5584291	5584278
5584292	4664222
5584293	4664222
5584294	4664222
5584295	4664222
5584296	262023
5584297	2294100
5584298	5176860
5584299	2882842
5584300	248236
5584301	248236
5584302	5579308
5584303	2406158
5584303	5579307
5584304	5547948
5584305	2406158
5584305	5579307
5584306	2208370
5584306	3737318
5584307	3439435
5584308	2361411
5584309	2361411
5584310	1028085
5584310	1422448
5584310	2468202
5584310	5801220
5584310	10132599
5584311	1028085
5584311	1422448
5584311	2468202
5584311	5801220
5584311	10132599
5584312	5576460
5584313	1096252
5584313	4932855
5584314	1096252
5584315	1096252
5584316	1096252
5584317	1096252
5584318	1096252
5584319	5584410
5584320	5574994
5584321	5573359
5584322	5573354
5584323	5573295
5584324	5579301
5584325	3168382
5584325	3170194
5584325	5579302
5584326	5573267
5584327	5573258
5584328	5584330
5584328	5584332
5584328	5584346
5584328	5584348
5584328	5584349
5584328	13267896
5584329	290641
5584329	486154
5584330	5584328
5584331	290641
5584331	5584397
5584332	5584328
5584333	5584359
5584334	5584357
5584334	13984069
5584335	5585138
5584335	5585473
5584335	5585475
5584335	5585822
5584336	5585136
5584336	5585442
5584336	9753683
5584336	9950598
5584336	10619801
5584336	10623462
5584336	11390381
5584337	5585132
5584337	5585441
5584337	5593461
5584337	8240594
5584337	11913814
5584338	5585125
5584338	5585440
5584339	1830556
5584339	2000412
5584339	2970326
5584339	5585105
5584339	5990464
5584339	10617588
5584339	11807111
5584340	5585120
5584340	5585439
5584340	10265775
5584340	10712772
5584342	5585110
5584342	5585438
5584342	5619365
5584342	6625828
5584342	6781346
5584343	5585107
5584343	5585437
5584343	5585466
5584343	5809184
5584343	10660413
5584343	12313657
5584343	12487630
5584344	2597985
5584346	5584328
5584348	5584328
5584349	5584328
5584350	5579303
5584351	3728978
5584351	5579298
5584351	6626015
5584352	2392310
5584353	5579297
5584354	5579297
5584354	13365992
5584355	2301288
5584355	5579294
5584355	5584430
5584355	8372006
5584356	3823419
5584356	5579291
5584356	5584444
5584356	6348088
5584357	5584334
5584357	5584469
5584358	5500563
5584358	5584475
5584359	5584333
5584360	5572657
5584361	5572659
5584362	4604495
5584363	5572652
5584364	4065758
5584365	2037017
5584365	7899464
5584365	7899469
5584366	3991740
5584367	5572075
5584368	5572074
5584369	825241
5584370	5572073
5584371	2361516
5584371	7227802
5584372	2361516
5584372	7227802
5584373	3350106
5584374	5174983
5584375	5570011
5584376	4664284
5584377	4664284
5584378	5289417
5584379	2647512
5584380	2647512
5584381	1256618
5584382	1256618
5584383	2905942
5584384	2905942
5584385	5569937
5584386	5402371
5584387	1724408
5584387	3570672
5584387	3570676
5584387	3570695
5584387	4638426
5584388	785444
5584388	1771102
5584388	1771103
5584388	2954491
5584388	3098999
5584389	2954491
5584390	5126543
5584391	3521324
5584392	5569838
5584393	2547021
5584393	12041942
5584394	2547021
5584395	5029323
5584396	5569439
5584397	5584331
5584398	5569439
5584399	4578546
5584399	8168826
5584400	5565839
5584401	611769
5584401	707024
5584402	4835692
5584403	5554743
5584404	1256980
5584405	1256980
5584406	4552217
5584407	5565529
5584408	1256980
5584409	4552217
5584410	5584319
5584410	10124351
5584411	4213875
5584412	4457766
5584412	5819400
5584412	5819401
5584412	5819402
5584412	5819405
5584412	12195394
5584412	13706454
5584414	5565534
5584415	4457766
5584415	12195395
5584415	12195396
5584415	12195397
5584416	6682478
5584417	2298034
5584417	4717102
5584418	5579290
5584419	6215274
5584419	6215276
5584419	9477709
5584419	10083974
5584419	13833283
5584419	13833287
5584419	13837233
5584420	590409
5584420	1309159
5584420	12901546
5584421	3605029
5584421	5579287
5584422	5776900
5584422	6215275
5584422	6215278
5584422	13837267
5584423	6215276
5584424	1478451
5584426	5579283
5584430	2301288
5584430	2301427
5584430	2623728
5584430	5579294
5584430	5584355
5584431	573921
5584431	1066545
5584432	10125226
5584433	4775684
5584434	5579267
5584436	10239570
5584436	13429228
5584437	7654399
5584437	8776654
5584438	10895309
5584439	405500
5584439	6875528
5584439	6875529
5584439	6875531
5584440	5293302
5584441	8804537
5584442	5564846
5584443	2447288
5584444	5584356
5584445	12195399
5584446	5564672
5584447	9045568
5584447	12195400
5584448	12195401
5584449	12195402
5584449	12195403
5584449	12195404
5584450	9998580
5584452	5600558
5584452	9149668
5584452	13837612
5584453	6215282
5584453	6215283
5584454	8775014
5584455	5584720
5584456	5584722
5584457	5584743
5584457	9770463
5584458	5584722
5584459	5584712
5584460	5584713
5584460	9770463
5584461	4135037
5584461	9391895
5584461	12701854
5584463	5584714
5584465	5564427
5584466	5584656
5584466	12512085
5584467	5584666
5584468	5584656
5584469	5584357
5584470	5584658
5584471	5584651
5584471	5584655
5584471	5584656
5584472	5584651
5584473	5576656
5584473	6047071
5584473	6047074
5584474	5582873
5584475	5500563
5584475	5584358
5584476	5576653
5584476	5584481
5584477	5576653
5584477	8429717
5584478	5576652
5584478	5584489
5584480	5582698
5584480	5584499
5584481	5584476
5584481	8663925
5584481	9958397
5584482	5576651
5584482	5584501
5584483	5576650
5584484	5581933
5584485	3330417
5584486	3387491
5584486	5576649
5584486	5619282
5584487	3121892
5584487	3387491
5584487	5576648
5584487	5619281
5584488	3442421
5584489	5576652
5584489	5584478
5584490	5581673
5584491	4102979
5584491	5576644
5584491	5584502
5584492	3822053
5584492	12239004
5584493	3822053
5584493	7450556
5584494	5581259
5584495	5581271
5584496	3551251
5584497	3551251
5584498	5289095
5584499	5584480
5584500	2488767
5584501	5576651
5584501	5584482
5584502	4102979
5584502	4103133
5584502	4103198
5584502	4109230
5584502	5576644
5584502	5584491
5584503	4131921
5584504	2643105
5584504	5576641
5584504	5584507
5584505	3474354
5584505	3474439
5584505	5576640
5584506	5583776
5584507	5584504
5584508	5399665
5584509	1252794
5584510	5515927
5584511	2960042
5584512	4218897
5584513	246628
5584513	835492
5584513	835493
5584513	1861861
5584514	882978
5584515	3998288
5584516	3745061
5584517	2154208
5584518	1023867
5584518	1984007
5584518	5576638
5584519	5581275
5584520	5581252
5584521	1150880
5584521	1150881
5584521	2305965
5584521	2807562
5584521	8789792
5584522	5576634
5584523	2142577
5584523	2244239
5584523	3260557
5584523	4225070
5584523	4225071
5584523	4225073
5584523	7825017
5584525	4614152
5584527	242975
5584527	528887
5584527	540104
5584527	1237989
5584528	540104
5584528	637339
5584530	637339
5584531	5580538
5584532	242975
5584532	528887
5584532	1237989
5584533	521614
5584534	5580528
5584536	5580315
5584537	5014624
5584538	5044881
5584539	5580105
5584540	5530620
5584541	2406226
5584541	4235223
5584541	5584650
5584542	2406226
5584542	4235220
5584542	5584648
5584543	5579211
5584544	5343747
5584545	522678
5584545	8993092
5584546	4579616
5584546	9839662
5584547	354212
5584547	12706013
5584548	678703
5584549	5241563
5584550	986736
5584550	5584645
5584551	5579209
5584552	5579208
5584553	1239160
5584553	5584642
5584554	5579210
5584555	4860254
5584556	2839420
5584557	1095620
5584557	5576628
5584557	5584637
5584558	4860254
5584559	1975224
5584559	14001190
5584560	4651858
5584560	5576625
5584560	5584635
5584561	4651858
5584561	5576625
5584561	5584632
5584562	455015
5584562	5584629
5584563	4651858
5584563	5576625
5584563	5584627
5584564	4651858
5584564	5576624
5584564	5584624
5584565	4651858
5584565	5576624
5584565	5584622
5584565	13289883
5584565	13289884
5584566	4651858
5584566	5576624
5584566	5584568
5584566	5584571
5584566	5584605
5584566	9788791
5584567	2075316
5584568	5584566
5584568	5584571
5584568	5584865
5584568	5585093
5584569	5576621
5584569	5584600
5584570	3444389
5584570	3879859
5584570	10013617
5584570	10013663
5584570	10013696
5584571	5584566
5584571	5584568
5584572	4811457
5584572	4821722
5584573	3290443
5584574	2491786
5584575	22965
5584576	22965
5584577	3578304
5584578	69179
5584578	11316520
5584579	69179
5584580	71751
5584580	454321
5584580	9835391
5584581	1820107
5584582	1912765
5584582	3290205
5584583	5585033
5584583	5585102
5584583	5585436
5584584	4865893
5584584	5585013
5584585	5585032
5584585	5585094
5584585	5667658
5584585	5667661
5584585	5682342
5584585	6214483
5584585	6214484
5584586	5474476
5584586	5585028
5584586	7345196
5584586	13610075
5584586	13610077
5584587	5585015
5584587	5585089
5584587	5585433
5584587	5585434
5584587	7900108
5584587	10003967
5584587	10004042
5584587	10004043
5584587	12703987
5584587	13353483
5584587	13353484
5584587	13353485
5584588	5585023
5584588	5585088
5584588	5585471
5584588	5685936
5584589	5585018
5584589	5585082
5584589	5585429
5584589	5585430
5584589	5585431
5584589	5585432
5584589	7197248
5584589	13864062
5584590	1525962
5584590	1616499
5584590	1679979
5584590	5467850
5584590	5585016
5584590	5585079
5584590	5946790
5584590	10097568
5584590	10540818
5584590	12310210
5584590	12310212
5584590	12310216
5584590	12364062
5584591	5553398
5584591	5585036
5584591	6287724
5584591	8034348
5584591	8034349
5584591	12072505
5584592	5585037
5584592	5585068
5584592	5585426
5584592	5597772
5584592	6643375
5584592	8777828
5584592	8887936
5584592	12419038
5584593	3578298
5584594	991369
5584595	857886
5584595	3043438
5584595	5973275
5584596	267612
5584596	2144371
5584597	5584853
5584598	1527437
5584599	42170
5584599	568101
5584599	5320095
5584599	6191657
5584600	5584569
5584601	3915946
5584601	4811899
5584601	4811901
5584602	590036
5584603	241719
5584604	243290
5584605	5584566
5584606	2240318
5584606	3685907
5584606	5404124
5584606	5404127
5584607	254852
5584607	4809060
5584608	302834
5584608	1977574
5584608	1977576
5584608	2008759
5584608	2579599
5584608	2984431
5584608	3776850
5584608	5491641
5584609	5584839
5584610	139625
5584611	256891
5584611	9067123
5584612	256891
5584613	256891
5584614	256891
5584614	1651375
5584614	5569454
5584614	9067123
5584614	9471695
5584615	3354124
5584615	4167303
5584616	3640563
5584617	321631
5584619	4883507
5584620	407574
5584621	4009172
5584622	5584565
5584623	407574
5584624	5584564
5584625	407574
5584626	3636043
5584626	5485108
5584627	5584563
5584628	3070942
5584628	3071085
5584628	7548836
5584628	8809637
5584628	8809639
5584629	5584562
5584630	330833
5584631	3628007
5584631	9964779
5584632	5584561
5584633	5584636
5584633	9788704
5584633	9788708
5584634	438940
5584635	5584560
5584636	5584633
5584636	5585080
5584636	9923319
5584637	5584557
5584638	6594739
5584638	11379351
5584639	5584675
5584639	5585091
5584640	5461370
5584640	5995363
5584640	10830109
5584640	10830110
5584642	5584553
5584643	5535830
5584644	482613
5584645	5584550
5584646	5401224
5584647	5584649
5584647	5585077
5584648	5584542
5584649	5584647
5584649	9788696
5584650	5584541
5584651	5584471
5584651	5584472
5584651	5584767
5584651	5584782
5584651	8422065
5584653	3196368
5584654	5926262
5584654	5926265
5584655	5584471
5584655	5584767
5584656	5584466
5584656	5584468
5584656	5584471
5584656	5584767
5584656	5584768
5584656	5584770
5584656	5584771
5584657	5604815
5584657	5604887
5584657	5782111
5584658	5584470
5584658	5584766
5584658	5785640
5584658	5785641
5584658	9730414
5584659	1112487
5584660	1112487
5584661	5584665
5584661	5585078
5584661	6578271
5584662	1998794
5584663	1121362
5584664	1121362
5584665	5584661
5584665	5585078
5584665	5962013
5584665	6578271
5584665	9788699
5584665	9788700
5584666	5584467
5584666	5584764
5584666	5785614
5584666	5785635
5584666	5785636
5584666	6668150
5584668	133461
5584668	304342
5584668	1371494
5584669	5584672
5584669	5851873
5584669	13487334
5584670	4626787
5584671	1383641
5584672	5584669
5584672	5851873
5584673	1383641
5584674	13444384
5584675	5584639
5584676	2813829
5584677	9945141
5584681	1690699
5584683	4214706
5584685	1690699
5584686	1690699
5584688	1690699
5584690	1690699
5584691	2891616
5584692	2110296
5584694	1690699
5584695	5882759
5584696	1690699
5584698	1690699
5584699	10523021
5584700	1690699
5584703	5576620
5584703	5584717
5584703	5772777
5584704	5576618
5584705	5896955
5584705	11193518
5584706	5576616
5584707	5896955
5584708	1887882
5584709	5576615
5584709	9663168
5584710	1887936
5584711	5584715
5584712	5584459
5584712	5584760
5584712	5785629
5584712	5785630
5584712	10470946
5584713	5584460
5584713	5584740
5584713	5785625
5584713	5785628
5584713	9770463
5584714	5584463
5584714	5584740
5584714	5584756
5584714	5785622
5584714	5785624
5584714	5785625
5584715	5584711
5584716	3516395
5584717	5584703
5584719	5342641
5584720	5584455
5584720	5584745
5584720	5584746
5584720	5785618
5584720	5785619
5584720	5785620
5584720	9741505
5584722	5584456
5584722	5584458
5584722	5584740
5584722	5584741
5584722	5584742
5584722	5584775
5584722	5584776
5584722	5785614
5584722	5785615
5584722	5785616
5584723	5395681
5584724	5896983
5584724	5897078
5584724	12231495
5584727	774160
5584727	1594800
5584727	1594802
5584727	1594803
5584727	1595390
5584727	1595455
5584727	1725323
5584727	1792799
5584727	2536825
5584727	4442293
5584727	4442294
5584727	4442342
5584727	5585045
5584727	5585064
5584727	5887294
5584727	5887295
5584727	6764208
5584727	8370536
5584727	8418102
5584727	8418103
5584727	8482311
5584727	8504071
5584727	8745361
5584727	8745363
5584727	10660108
5584727	13666145
5584728	2976375
5584728	5585047
5584728	5585422
5584728	5585423
5584728	5621561
5584728	8606608
5584728	8809365
5584728	9982351
5584728	12754784
5584728	13238864
5584728	13238867
5584729	5585048
5584729	5585063
5584730	5585050
5584730	5585051
5584730	5585421
5584730	7272077
5584730	8071717
5584730	8302454
5584730	8743169
5584730	8743172
5584731	357835
5584731	427829
5584731	507608
5584731	637540
5584731	3296743
5584731	6744609
5584731	7802685
5584731	7894765
5584731	10559678
5584731	12077999
5584731	12078002
5584731	13039012
5584732	3171755
5584732	5585043
5584732	5585053
5584733	5498936
5584733	5585042
5584733	5585055
5584733	7962725
5584733	7962727
5584734	5585041
5584734	5585057
5584734	5585419
5584734	5586918
5584734	8120842
5584735	5585040
5584735	5585060
5584736	5585034
5584736	5585061
5584736	5586916
5584736	5889701
5584736	8040788
5584737	4087065
5584738	3824723
5584738	10470937
5584740	5584713
5584740	5584714
5584740	5584722
5584741	5584722
5584742	5584722
5584743	5584457
5584743	5584749
5584743	5584750
5584743	5584951
5584743	5785613
5584743	9770463
5584745	5584720
5584745	8553360
5584745	12509210
5584746	5584720
5584746	8553360
5584746	12985076
5584748	3330334
5584748	7170892
5584749	5584743
5584749	5584951
5584749	5584953
5584749	9770463
5584750	5584743
5584752	6786034
5584752	13278241
5584752	13278243
5584753	1140906
5584754	3264760
5584756	5584714
5584756	10722610
5584756	10734159
5584757	3733249
5584758	5170390
5584758	10603558
5584759	706916
5584759	9484733
5584760	5584712
5584761	1925859
5584761	5806559
5584762	706916
5584762	9484733
5584763	2910805
5584764	5584666
5584764	5785635
5584764	6668150
5584765	5584769
5584765	6321709
5584766	5584658
5584767	5584651
5584767	5584655
5584767	5584656
5584767	9858292
5584768	5584656
5584768	9858287
5584769	5584765
5584769	6321709
5584770	5584656
5584770	9858286
5584771	5584656
5584771	9858291
5584772	4523682
5584772	5584816
5584773	6321710
5584774	5229055
5584774	5797690
5584775	5584722
5584776	5584722
5584776	13976450
5584777	5519824
5584780	3129556
5584780	5585072
5584781	5367271
5584782	5584651
5584782	8422065
5584783	4867348
5584783	13115450
5584783	13115451
5584783	13115452
5584784	6167216
5584784	13490608
5584785	5519421
5584785	5519422
5584785	5519447
5584786	5582375
5584787	5584791
5584789	5582375
5584789	13410209
5584789	13410210
5584790	5582371
5584791	5584787
5584792	433444
5584793	6323933
5584795	5581391
5584796	5581388
5584797	953656
5584797	955696
5584797	955697
5584797	955707
5584797	955709
5584798	5581388
5584800	5581388
5584801	4870488
5584801	4872398
5584802	5581388
5584802	9972007
5584803	2645190
5584803	5581388
5584804	1845481
5584804	1846526
5584804	5576596
5584804	5576597
5584805	3958068
5584808	5391314
5584808	5585067
5584808	5586111
5584808	5586113
5584809	5581385
5584809	6456054
5584810	13160772
5584811	874628
5584812	5581383
5584812	12009564
5584813	2911550
5584813	2926563
5584813	3672504
5584813	5585052
5584813	5585071
5584815	5584819
5584816	5584772
5584817	4075384
5584817	4075397
5584818	322717
5584818	5578656
5584818	5584827
5584818	5584829
5584818	5782692
5584818	13413251
5584819	5584815
5584820	4009578
5584820	4009632
5584821	5897111
5584824	255637
5584824	5353319
5584825	2200915
5584826	5386403
5584826	5919785
5584827	5584818
5584827	5618349
5584827	5625666
5584827	5785611
5584827	9535608
5584827	11307408
5584828	1990873
5584829	5584818
5584829	5618349
5584829	5785611
5584830	4687678
5584831	6772246
5584832	5586102
5584833	4213991
5584834	5896903
5584834	5897090
5584835	6770373
5584835	7996447
5584836	5955723
5584836	12365342
5584837	2588713
5584838	53241
5584838	480466
5584839	5584609
5584840	2724521
5584840	8728713
5584840	8728714
5584842	12061790
5584843	2911200
5584844	1911936
5584844	1918724
5584844	1924658
5584844	2122868
5584846	300868
5584846	417584
5584847	5381665
5584847	12097943
5584848	417576
5584849	803179
5584849	2040724
5584849	2040727
5584849	2193059
5584849	4083332
5584850	417572
5584850	8578920
5584851	2262743
5584851	9490076
5584852	1772893
5584853	5584597
5584854	5290011
5584855	5576607
5584856	5576606
5584856	13448662
5584857	13125
5584857	35021
5584857	197833
5584857	369994
5584858	13125
5584858	369993
5584858	380712
5584859	5576604
5584860	3732037
5584860	4428470
5584861	2956596
5584861	5576602
5584861	5862737
5584861	5862744
5584862	4737991
5584863	254154
5584863	350884
5584864	136431
5584864	550503
5584864	1318797
5584865	5584568
5584866	4550746
5584867	136431
5584867	550503
5584868	5584218
5584869	4758015
5584870	5566034
5584871	1392303
5584871	5389937
5584872	1716968
5584873	5584202
5584874	1716968
5584875	331723
5584876	4647231
5584876	4647758
5584877	1237511
5584877	6943255
5584878	5585774
5584880	4176245
5584882	5984220
5584883	5377459
5584884	2236279
5584884	5377459
5584884	6901093
5584886	24637
5584886	435874
5584887	7463863
5584888	766383
5584889	5994849
5584889	5994853
5584890	4102908
5584890	5158266
5584890	5158268
5584890	5584903
5584891	15887
5584891	3606583
5584891	3606584
5584892	5882731
5584893	1334439
5584893	6862252
5584895	5584929
5584899	2648982
5584901	5584902
5584902	5584901
5584903	5584890
5584904	5584912
5584904	6023996
5584905	5586723
5584905	6023995
5584905	6023997
5584906	5586729
5584907	5586735
5584907	7787429
5584907	10321543
5584908	5586738
5584908	10321545
5584909	5586741
5584909	7787431
5584910	5103467
5584911	5586742
5584912	5584904
5584912	6023996
5584913	5586760
5584913	7787432
5584915	10321547
5584916	7787434
5584916	7787437
5584916	10321546
5584918	7941483
5584919	5586714
5584919	13963852
5584920	5586715
5584921	5586717
5584922	5586719
5584923	5584924
5584923	5586722
5584924	5584923
5584926	5584928
5584927	5584161
5584928	5584926
5584928	10736628
5584929	5584895
5584931	6760130
5584932	6762443
5584933	5584160
5584935	5586707
5584936	5586709
5584936	9983869
5584937	5584138
5584938	5586711
5584939	5586712
5584941	13235048
5584942	13284886
5584942	13284887
5584942	13284890
5584943	5576598
5584946	5586703
5584947	5584949
5584948	2301495
5584948	5585351
5584949	5584947
5584950	5585348
5584951	5584743
5584951	5584749
5584952	5585346
5584953	5584749
5584953	5815905
5584954	5585345
5584955	1845481
5584955	5576597
5584955	5585343
5584956	1845481
5584956	5576596
5584956	5585341
5584957	1845481
5584957	5576597
5584957	5585343
5584958	1845481
5584958	5576596
5584958	5585341
5584959	5584961
5584960	2542825
5584961	5584959
5584961	5585340
5584961	8195843
5584961	8195844
5584962	5585336
5584963	5586093
5584963	5588994
5584963	9468301
5584964	5585333
5584965	5585325
5584966	2718250
5584966	5585322
5584968	5576595
5584968	5585311
5584969	5576595
5584969	5585311
5584970	5576595
5584970	5585308
5584971	5576595
5584971	5585308
5584972	5585305
5584973	664251
5584973	664335
5584973	664533
5584973	2736605
5584973	5585294
5584973	6176221
5584974	5585292
5584975	5576588
5584975	5585290
5584976	5576587
5584976	5585289
5584977	5576586
5584977	5585287
5584978	2806269
5584978	5585286
5584978	6008862
5584978	8875164
5584979	5585280
5584979	5988212
5584979	5988214
5584980	5585278
5584980	6323896
5584980	6323898
5584981	5584995
5584982	5585274
5584983	5585269
5584984	2395932
5584984	5576581
5584984	5585264
5584985	5585262
5584986	941071
5584986	5585260
5584987	2395932
5584987	5576580
5584987	5585258
5584988	5585253
5584988	7554041
5584988	13769592
5584989	5564406
5584990	5585252
5584991	2973737
5584991	5585250
5584992	5576574
5584992	5585203
5584993	3057771
5584993	5585247
5584993	7532563
5584993	7942707
5584994	3106167
5584994	13238444
5584995	5584981
5584996	5585010
5584996	5586090
5584996	12985077
5584997	5576571
5584997	5585246
5584998	5584135
5584999	5576569
5584999	5585245
5585000	5585001
5585001	5585000
5585001	5585242
5585002	5584116
5585003	68694
5585003	2999837
5585003	5576540
5585003	5585240
5585004	5585239
5585004	6313719
5585005	5585238
5585005	6788924
5585006	5585236
5585007	5584114
5585008	4083545
5585008	5573189
5585008	5585234
5585009	4083545
5585009	5573188
5585009	5585233
5585010	5584996
5585011	5584114
5585012	3667612
5585012	3669278
5585012	5585230
5585013	5584584
5585013	7237466
5585014	5585228
5585015	5584587
5585015	12942559
5585016	5584590
5585017	4069899
5585017	8402863
5585018	5584589
5585019	5585222
5585020	5585214
5585020	7947307
5585020	8571199
5585021	2646456
5585022	4297216
5585022	5585209
5585023	5584588
5585024	5585030
5585025	2646456
5585026	2548561
5585027	2548561
5585028	5584586
5585029	1954647
5585030	5585024
5585031	1954647
5585032	5584585
5585033	5584583
5585034	5584736
5585035	5585038
5585035	5586088
5585036	5584591
5585037	5584592
5585037	6643375
5585037	8777828
5585037	8887936
5585038	5585035
5585039	2406415
5585039	5576573
5585039	5585203
5585040	5584735
5585041	5584734
5585042	5584733
5585043	5584732
5585044	3659723
5585044	5252989
5585044	5260737
5585045	5584727
5585046	5573186
5585046	5585199
5585047	5584728
5585048	5584729
5585049	5573185
5585049	5585197
5585050	5584730
5585051	5584730
5585052	2911550
5585052	4682747
5585052	4934174
5585052	5584813
5585052	9788551
5585053	5584732
5585054	2260585
5585054	2260708
5585054	4469412
5585054	4920871
5585054	4920872
5585054	5237990
5585054	8336909
5585054	8336910
5585055	5584733
5585055	13286615
5585056	5077901
5585056	5573183
5585056	5585196
5585057	5584734
5585057	5635608
5585058	5077901
5585058	5573183
5585058	5585193
5585059	5584107
5585060	5584735
5585061	5584736
5585062	5288171
5585062	5585191
5585063	5584729
5585064	5584727
5585065	2203607
5585066	5573182
5585066	5585175
5585067	5584808
5585068	5584592
5585069	5573182
5585069	5585175
5585070	2203607
5585071	5584813
5585072	5584780
5585074	5584104
5585075	5573180
5585075	5585157
5585076	2203606
5585077	5584647
5585078	5584661
5585078	5584665
5585078	5962013
5585078	6578271
5585079	5584590
5585080	5584636
5585081	2203607
5585082	5584589
5585083	5110525
5585084	980780
5585085	4499900
5585085	5573180
5585085	5585157
5585086	980780
5585087	4499900
5585087	5573180
5585087	5585157
5585088	5584588
5585089	5584587
5585090	4080948
5585090	4081524
5585090	4317318
5585090	5585259
5585090	6580613
5585091	5584639
5585092	2203606
5585093	5584568
5585094	5584585
5585095	1908980
5585096	5584218
5585097	2187273
5585098	913044
5585099	2229996
5585099	2230077
5585099	2230078
5585100	5584202
5585100	6317222
5585101	5584160
5585102	5584583
5585103	5584159
5585104	5584147
5585104	9788328
5585105	1830556
5585105	1847831
5585105	5584339
5585106	3217137
5585107	5584343
5585108	5585153
5585108	12952438
5585109	3711987
5585109	5584095
5585110	5584342
5585111	5584138
5585112	3711987
5585112	5584095
5585113	1933181
5585113	5076862
5585113	5712622
5585113	5715420
5585113	7032803
5585114	5584141
5585115	5583802
5585116	5227706
5585116	5573177
5585116	5573179
5585116	5585151
5585117	5573179
5585117	5585149
5585117	13147579
5585118	5227706
5585118	5573176
5585118	5573178
5585118	5585145
5585119	5583620
5585120	5584340
5585121	5584179
5585122	5583616
5585123	5573176
5585123	5585131
5585124	29948
5585124	5583608
5585125	5584338
5585126	5584135
5585127	11795675
5585128	3643370
5585129	5584112
5585130	2638741
5585130	5274730
5585130	5581074
5585130	6021726
5585130	8346934
5585130	10201984
5585130	11054418
5585131	5585123
5585132	5584337
5585133	5584113
5585134	5584114
5585135	3879375
5585136	5584336
5585137	5584116
5585137	8109918
5585138	5584335
5585139	2687070
5585140	2654312
5585140	2654313
5585140	2656231
5585140	2658010
5585140	2678626
5585140	10795096
5585141	1846096
5585142	3339824
5585142	5584108
5585143	5586625
5585144	5584094
5585145	5585118
5585146	5584097
5585146	5603920
5585147	5584099
5585148	959552
5585149	5585117
5585150	5584100
5585151	5585116
5585152	5583802
5585152	6192358
5585152	8855639
5585153	5585108
5585154	1514517
5585154	1515269
5585154	1691383
5585154	5573173
5585155	5585159
5585157	5585075
5585157	5585085
5585157	5585087
5585158	1072025
5585159	5585155
5585159	12627033
5585160	381399
5585160	11183661
5585161	21252
5585161	10828497
5585163	5585168
5585163	5586086
5585163	10104703
5585164	1026552
5585164	2236004
5585164	2646859
5585164	3370860
5585164	5573168
5585164	7771631
5585165	2236004
5585165	2238692
5585165	2646859
5585165	3370860
5585165	5573168
5585166	2123633
5585167	3311867
5585167	8304763
5585168	5585163
5585169	2208394
5585169	5573167
5585169	12329566
5585170	2208394
5585170	5573166
5585170	12323113
5585170	12323850
5585170	12329561
5585171	28010
5585172	3028298
5585172	5573165
5585173	3028298
5585173	5573165
5585174	847151
5585175	5585066
5585175	5585069
5585176	2123630
5585177	2123630
5585178	2123628
5585180	899198
5585181	5583536
5585182	5585190
5585183	47358
5585183	734500
5585183	7729149
5585184	2123535
5585185	5583532
5585185	13262487
5585186	5583382
5585187	1588344
5585187	5856923
5585187	6676877
5585188	2123534
5585189	243260
5585190	5585182
5585191	5585062
5585192	1564516
5585193	5585058
5585194	5586620
5585196	5585056
5585197	5585049
5585198	267155
5585199	5585046
5585200	312756
5585200	2056077
5585200	3868770
5585201	4846647
5585201	5573162
5585201	5586618
5585202	4846647
5585202	5573161
5585202	5586619
5585203	5584992
5585203	5585039
5585204	2154814
5585205	5573160
5585205	5586615
5585206	703151
5585206	730305
5585207	903762
5585207	1479374
5585208	5573159
5585208	5586613
5585209	5585022
5585210	5573160
5585210	5586615
5585211	1610745
5585211	1611188
5585211	1611203
5585212	5573159
5585212	5586616
5585213	1642027
5585214	5585020
5585215	2111883
5585216	1868227
5585217	2445258
5585218	1094370
5585218	3235341
5585218	5573153
5585218	5586617
5585219	2123506
5585220	2123507
5585221	2679055
5585222	5585019
5585223	2241107
5585224	1877500
5585225	1953317
5585226	2007413
5585227	2240298
5585227	6641243
5585228	5585014
5585229	2201558
5585229	2247521
5585230	5585012
5585231	5584150
5585232	3721736
5585233	5585009
5585234	5585008
5585235	2257541
5585235	2349758
5585236	5585006
5585237	21183
5585238	5585005
5585238	12725327
5585239	5585004
5585240	5585003
5585241	3821930
5585242	5585001
5585243	66705
5585244	3171937
5585244	4126939
5585245	5584999
5585246	5584997
5585247	41921
5585247	5584993
5585248	283013
5585249	5196040
5585250	5584991
5585251	312826
5585252	5584990
5585253	5584988
5585254	5556786
5585254	5573147
5585254	6436842
5585254	8967900
5585254	13016221
5585254	13340079
5585254	13981651
5585255	5573146
5585255	5586609
5585256	5573145
5585256	5586610
5585257	3819314
5585257	5468814
5585257	5573142
5585258	5584987
5585259	5585090
5585259	5586611
5585260	5584986
5585261	3819314
5585261	5468814
5585261	5573142
5585262	5584985
5585263	499991
5585264	5584984
5585265	2241698
5585266	2241698
5585267	2241698
5585268	2241671
5585269	5584983
5585270	2240330
5585271	5112575
5585272	2248423
5585273	5036618
5585273	5036619
5585274	5584982
5585275	1867993
5585276	1867993
5585277	5573145
5585277	5586604
5585278	5584980
5585278	6323896
5585279	2648458
5585279	4782177
5585279	5573139
5585280	5584979
5585281	5573137
5585281	5586599
5585282	3820832
5585282	5573136
5585282	5586601
5585282	6876674
5585283	5573137
5585283	5586599
5585284	4305815
5585285	1619639
5585286	5584978
5585287	5584977
5585288	2380455
5585289	5584976
5585290	5584975
5585291	3636400
5585292	5584974
5585293	291777
5585294	5584973
5585295	2014675
5585296	5572885
5585297	3157131
5585298	5572885
5585298	5586591
5585299	5572886
5585300	2237009
5585300	5572884
5585300	13687364
5585301	3819702
5585302	3819702
5585303	5572883
5585304	5572882
5585305	5584972
5585306	5572883
5585306	13799666
5585307	3359951
5585307	5572882
5585308	5584970
5585308	5584971
5585309	2014301
5585309	5572881
5585310	3757223
5585311	5584968
5585311	5584969
5585312	5572879
5585313	5572879
5585314	2275881
5585314	5572875
5585315	2272749
5585316	2958043
5585316	5572872
5585317	2272749
5585318	2958043
5585318	2971999
5585318	5572872
5585319	2237651
5585319	2237652
5585320	2237651
5585320	2237652
5585321	2237651
5585321	2237652
5585322	5584966
5585323	5572869
5585324	2237653
5585325	5584965
5585326	3415438
5585326	5572865
5585327	2237653
5585328	2237653
5585329	2237661
5585330	2237661
5585331	2237661
5585332	2237661
5585333	5584964
5585334	2237659
5585335	2237659
5585336	5584962
5585337	2237659
5585338	3329775
5585339	5586079
5585340	5584961
5585341	5584956
5585341	5584958
5585342	5586077
5585343	5584955
5585343	5584957
5585344	371414
5585345	5584954
5585346	5584952
5585348	5584950
5585351	5584948
5585352	1350129
5585352	3818464
5585354	4646731
5585356	5586075
5585356	8610819
5585357	740067
5585357	3683241
5585358	740067
5585358	3683241
5585359	740067
5585359	3683241
5585360	5586074
5585360	5587887
5585361	3818633
5585362	3818633
5585363	4991015
5585363	4991016
5585363	4991017
5585363	5585707
5585363	6290667
5585363	6590295
5585363	6590296
5585363	6590298
5585363	6870260
5585363	8103223
5585363	8103224
5585363	8103226
5585363	8963924
5585363	11157767
5585363	11157770
5585363	11698057
5585364	5585712
5585364	5919943
5585364	5925069
5585365	5585416
5585365	5585725
5585365	10877763
5585366	5585726
5585366	5754019
5585366	6953521
5585367	5585733
5585367	13109928
5585368	5585413
5585368	5585734
5585369	5585412
5585369	5585735
5585369	6691993
5585369	8918768
5585370	2983037
5585370	5585737
5585371	5585738
5585371	8738520
5585371	8739646
5585371	13911082
5585372	5585741
5585372	5924697
5585372	6645381
5585372	6943785
5585372	6943786
5585374	4394845
5585375	5570843
5585376	3879375
5585377	282663
5585377	555732
5585377	914825
5585378	4201888
5585379	3722390
5585379	11183705
5585380	3722390
5585381	4665185
5585382	4665185
5585383	3342812
5585383	5583776
5585383	12143001
5585383	12144744
5585384	2774678
5585384	5752569
5585385	778587
5585386	2955446
5585386	13502819
5585387	10840872
5585388	5941552
5585390	3818726
5585391	3651757
5585392	3730817
5585393	5586588
5585393	8480841
5585394	139511
5585394	279178
5585394	329884
5585394	2171060
5585394	2706680
5585394	3577613
5585394	5978434
5585395	139511
5585395	279178
5585395	329884
5585395	340899
5585395	2171060
5585395	2706680
5585395	3577613
5585396	5586589
5585396	7672719
5585396	7672720
5585398	5586587
5585398	9542235
5585398	9542240
5585398	12266040
5585399	129600
5585399	280204
5585399	12494780
5585400	402724
5585401	1535826
5585402	5586572
5585402	5984144
5585403	604858
5585404	5585405
5585405	5585404
5585405	5586569
5585406	5586571
5585407	698015
5585408	6770060
5585408	6770154
5585409	7525431
5585410	5585411
5585411	5585410
5585412	5585369
5585412	6691993
5585412	8918768
5585412	9977955
5585413	5585368
5585413	5586566
5585414	5586567
5585415	3845940
5585416	5585365
5585419	5584734
5585419	5635608
5585419	9788483
5585420	1951627
5585420	1953346
5585421	5584730
5585421	8743172
5585421	9788465
5585421	9788466
5585422	5584728
5585422	10733283
5585422	10733285
5585422	13238867
5585423	5584728
5585423	13238864
5585424	2544050
5585425	2281785
5585426	5584592
5585426	5586561
5585426	6643375
5585426	8777828
5585426	8887936
5585426	12419038
5585427	5586562
5585427	5864268
5585427	13244394
5585428	5586563
5585428	5864258
5585429	5584589
5585429	5586565
5585429	7197248
5585429	7200389
5585429	7200390
5585429	9763447
5585429	9788411
5585430	5584589
5585430	10086559
5585431	5584589
5585431	13205545
5585432	5584589
5585432	13210739
5585433	5584587
5585433	9788384
5585433	10003967
5585433	12310234
5585434	5584587
5585434	12323220
5585435	3053617
5585436	5584583
5585436	5586558
5585436	9788423
5585437	5584343
5585437	5586557
5585438	5584342
5585438	5585884
5585438	5619365
5585439	5584340
5585439	5585882
5585440	5584338
5585440	5585880
5585441	5584337
5585441	5585879
5585442	5584336
5585442	5585874
5585442	9753683
5585442	13860669
5585443	5157524
5585443	8892043
5585444	1490737
5585445	3350170
5585445	5603915
5585446	3312902
5585447	288196
5585448	12503203
5585448	12503204
5585449	2297442
5585449	6273275
5585450	1673105
5585451	720746
5585452	778276
5585452	10586027
5585453	1933181
5585453	4676810
5585453	5076862
5585453	9451973
5585453	9464424
5585453	9464426
5585454	5012918
5585455	5348970
5585456	2861045
5585457	892283
5585457	6477455
5585458	3028447
5585458	4278544
5585458	12039487
5585459	260402
5585460	1926896
5585460	7686427
5585461	40429
5585462	2232466
5585463	4803543
5585463	4804872
5585463	4809103
5585464	1937720
5585465	3002856
5585466	5584343
5585466	5586557
5585466	13042007
5585467	290641
5585468	2451516
5585468	2453823
5585468	10737257
5585468	10737258
5585468	10737261
5585469	2451516
5585469	2453823
5585469	10616285
5585469	10737257
5585469	10737258
5585469	10737261
5585470	1745390
5585471	5584588
5585471	9788416
5585472	2453825
5585473	5584335
5585473	5585811
5585473	5585822
5585474	1523867
5585475	5584335
5585475	5585811
5585476	5583972
5585476	5585805
5585477	5583956
5585477	5583962
5585477	5585790
5585478	2545870
5585479	5583959
5585479	5585797
5585479	7004878
5585479	12286903
5585479	12286908
5585480	5583959
5585480	5585794
5585480	12286905
5585480	12286906
5585480	12286908
5585481	5583959
5585481	5585797
5585481	7004878
5585481	12286903
5585481	12286908
5585482	5583959
5585482	5585794
5585482	12286905
5585482	12286906
5585482	12286908
5585483	5514742
5585483	5583958
5585484	1960054
5585484	5585486
5585485	5583956
5585485	5583962
5585485	5585790
5585486	1960054
5585486	5585484
5585487	5583954
5585487	5585786
5585487	7528478
5585487	8645640
5585487	8659817
5585487	8659818
5585487	8715586
5585488	5583952
5585488	5585782
5585489	5583644
5585489	5585780
5585490	5583644
5585490	5585771
5585490	7820686
5585490	7820687
5585491	5583642
5585491	5585770
5585491	12364715
5585492	5583640
5585492	5585768
5585492	6199249
5585492	7636425
5585493	5178440
5585493	5560928
5585493	5585755
5585493	13993888
5585494	5583638
5585494	5585762
5585495	5583638
5585495	5585762
5585497	308925
5585497	5585759
5585498	5584157
5585498	12481878
5585499	5583096
5585499	5585699
5585499	11908436
5585499	11908440
5585501	2007682
5585501	5178440
5585501	5560928
5585501	5585755
5585502	5585751
5585502	5587696
5585503	5585509
5585504	2275870
5585504	7139548
5585505	4499330
5585505	5585724
5585506	5583095
5585506	5585719
5585506	7057186
5585506	7057187
5585506	7057188
5585507	4501027
5585508	5583093
5585508	5585716
5585509	5585503
5585510	5583092
5585510	5585715
5585510	5586319
5585510	5822131
5585511	5583094
5585511	5585713
5585514	9963175
5585515	5583096
5585515	5585699
5585515	11908451
5585515	11908457
5585516	5585526
5585517	1929390
5585518	5583091
5585518	5583647
5585518	5583651
5585518	5585697
5585518	7680428
5585518	8440345
5585518	8854715
5585518	13256179
5585519	5583091
5585519	5583647
5585519	5583651
5585519	5585694
5585519	7669453
5585519	7672772
5585519	7672773
5585519	8440345
5585519	13256181
5585520	5583089
5585520	5585691
5585521	5583089
5585521	5585691
5585521	5769271
5585522	5585689
5585523	5585688
5585524	5583087
5585524	5585685
5585524	9537515
5585524	9537523
5585524	9537533
5585525	5583087
5585525	5585684
5585525	8954348
5585526	5585516
5585526	5586068
5585526	5586082
5585526	5756955
5585526	5756956
5585526	10589250
5585527	5583087
5585527	5585682
5585527	8231312
5585529	5583087
5585529	5585679
5585529	8231307
5585529	8231308
5585530	24867
5585530	36419
5585530	362667
5585531	3727433
5585532	1237973
5585532	5585678
5585532	7556289
5585532	11280499
5585532	12447237
5585532	12537290
5585533	1237973
5585533	5585677
5585533	10351280
5585533	12252255
5585533	12282213
5585533	12282215
5585533	12282221
5585533	12447238
5585534	4016624
5585535	508748
5585535	621807
5585535	855994
5585535	2912385
5585535	8864922
5585535	13672209
5585535	13672211
5585536	2713684
5585536	2781660
5585537	2713684
5585537	2781660
5585538	2713684
5585538	2781660
5585539	2713684
5585539	2781660
5585540	58428
5585541	1446572
5585542	934262
5585543	5575679
5585543	10674352
5585543	13519540
5585544	934262
5585546	3592891
5585546	5585670
5585547	463270
5585548	65042
5585549	5524618
5585550	5524602
5585550	13592246
5585553	5585564
5585554	5583084
5585554	5585619
5585554	5585666
5585554	5597073
5585554	6591232
5585555	5583084
5585555	5585615
5585555	5585663
5585555	5597073
5585555	12291526
5585556	5583084
5585556	5585619
5585556	5585658
5585556	5597073
5585557	5583084
5585557	5585615
5585557	5585654
5585557	5597073
5585557	12291526
5585558	5583084
5585558	5585619
5585558	5597073
5585558	6591232
5585559	5583084
5585559	5585615
5585559	5597073
5585559	12291526
5585561	5583083
5585561	5585612
5585562	5583083
5585562	5585609
5585563	5583082
5585563	5585606
5585564	5585553
5585565	2236004
5585565	2238692
5585566	2236293
5585567	2236668
5585568	2236844
5585569	2237079
5585570	2237081
5585571	2237135
5585571	8282308
5585572	1494582
5585573	5588072
5585574	2237135
5585574	8282308
5585575	5579395
5585575	5585605
5585575	5621535
5585575	7636544
5585576	5579394
5585576	5585604
5585576	8738451
5585576	8738453
5585577	2238695
5585578	2238697
5585579	5579382
5585579	5585602
5585580	5579381
5585580	5585601
5585581	2238765
5585582	5579381
5585582	5585600
5585583	5579381
5585583	5585598
5585584	5579381
5585584	5585595
5585585	634726
5585585	3152858
5585585	3388205
5585585	5579380
5585585	5585592
5585586	3152858
5585586	3388206
5585586	5579380
5585586	5585590
5585586	8802293
5585586	11589342
5585586	13372053
5585587	2240212
5585588	2257563
5585589	2261158
5585590	5585586
5585591	2872163
5585591	6615381
5585592	5585585
5585593	2956103
5585594	2107499
5585594	3009186
5585594	3931612
5585594	10133150
5585594	10133154
5585594	10133157
5585595	5585584
5585596	3723841
5585596	6973402
5585597	2862540
5585597	3313869
5585597	4837190
5585597	5073289
5585598	5585583
5585599	3723846
5585600	5585582
5585601	5585580
5585601	5924653
5585602	5585579
5585603	5578788
5585603	5581342
5585603	11980453
5585603	11980455
5585604	5585576
5585605	5585575
5585606	5585563
5585607	5578788
5585607	11980463
5585608	2326119
5585609	5585562
5585610	5578784
5585610	5585647
5585610	12213297
5585611	5578784
5585611	5585643
5585611	12153683
5585611	12155604
5585612	5585561
5585613	5578782
5585613	5585636
5585614	3818857
5585614	5578782
5585614	5585636
5585615	5585555
5585615	5585557
5585615	5585559
5585616	5492610
5585616	6706133
5585617	2549639
5585617	3860942
5585617	5578774
5585618	2549639
5585618	3860944
5585618	5578774
5585619	5585554
5585619	5585556
5585619	5585558
5585620	5578772
5585620	5585629
5585621	5585627
5585622	319770
5585622	335973
5585622	1006457
5585622	1007317
5585622	3517046
5585623	3909004
5585623	3928476
5585624	5577220
5585624	5586073
5585625	5577219
5585625	5586072
5585626	1886557
5585627	5585621
5585628	3738530
5585628	4170404
5585628	4781708
5585628	9951751
5585628	11045734
5585629	5585620
5585630	4237070
5585631	4602840
5585632	4663603
5585633	4663603
5585634	2254566
5585635	1028722
5585635	1151669
5585635	4501019
5585636	5585613
5585636	5585614
5585637	1028722
5585637	4501019
5585638	2254699
5585639	3226494
5585640	1090823
5585640	6833408
5585641	3226494
5585642	3914746
5585642	4793983
5585643	5585611
5585644	1090823
5585645	2254721
5585645	9164184
5585646	2254721
5585647	5585610
5585648	2254728
5585649	2254728
5585649	7281078
5585650	2254728
5585650	7281079
5585651	2254728
5585651	7281080
5585652	3196085
5585653	2254852
5585654	5585557
5585655	3944679
5585656	2254852
5585657	1803645
5585658	5585556
5585659	2254881
5585659	9467516
5585660	4686182
5585660	9301708
5585661	2254881
5585662	2254881
5585663	5585555
5585664	1783979
5585665	3677319
5585665	3677570
5585665	3680569
5585665	4878361
5585665	4941097
5585665	12940497
5585665	13347033
5585666	5585554
5585667	2254882
5585668	4575274
5585669	2254882
5585670	5585546
5585671	2254883
5585672	2254883
5585672	9513379
5585673	5555362
5585673	5555364
5585674	2952614
5585674	5136580
5585675	2254890
5585675	3888592
5585676	3226494
5585677	5585533
5585678	5585532
5585679	5585529
5585679	8231307
5585680	1065998
5585681	3821126
5585682	5585527
5585682	8231312
5585683	5355251
5585684	5585525
5585685	5585524
5585685	9537523
5585686	16268
5585687	16268
5585688	5585523
5585689	5585522
5585690	2648609
5585690	3600228
5585690	3600229
5585690	4558756
5585690	5099377
5585690	5099379
5585690	12315823
5585691	5585520
5585691	5585521
5585692	4080846
5585693	4199379
5585694	5585519
5585695	17110
5585697	5585518
5585698	17110
5585699	5585499
5585699	5585515
5585700	17110
5585702	17110
5585703	3592891
5585705	3666071
5585706	5301131
5585706	5301132
5585707	5585363
5585708	4464360
5585708	4468527
5585708	7548726
5585708	9029723
5585708	10102287
5585709	2266858
5585710	2763462
5585710	2763463
5585711	2266858
5585712	5585364
5585713	5585511
5585713	6738260
5585713	6979629
5585713	6979630
5585713	6979631
5585714	3341246
5585715	5585510
5585716	5585508
5585716	5677550
5585717	68238
5585718	5349587
5585719	5585506
5585720	68238
5585720	1396777
5585721	2979146
5585722	4196819
5585723	2236910
5585723	3838117
5585723	5348114
5585723	9706891
5585723	12379829
5585724	5585505
5585725	5585365
5585726	5585366
5585727	5589251
5585729	5589243
5585729	7811935
5585729	7811936
5585729	7811937
5585729	8342951
5585731	3870805
5585732	2891226
5585732	3870805
5585732	4014409
5585732	5627897
5585733	5585367
5585734	5585368
5585735	5585369
5585736	551978
5585737	5585370
5585738	5585371
5585739	5369729
5585740	70172
5585741	5585372
5585742	70172
5585743	70172
5585744	5369729
5585745	70172
5585746	267239
5585746	614616
5585746	7673846
5585747	267239
5585748	267239
5585749	2216872
5585749	6167654
5585750	410787
5585751	5585502
5585752	5002606
5585753	410787
5585754	428003
5585755	5585493
5585755	5585501
5585755	7039343
5585756	428003
5585757	428003
5585758	428003
5585759	5585497
5585760	433498
5585760	7088089
5585761	4222852
5585762	5585494
5585762	5585495
5585763	433498
5585763	7088089
5585764	433587
5585764	482303
5585765	433587
5585765	482303
5585766	5589249
5585767	499538
5585768	5585492
5585768	6199249
5585769	979917
5585770	5585491
5585771	5585490
5585772	687766
5585773	4075300
5585774	5584878
5585775	707103
5585776	4578421
5585777	908758
5585778	4871861
5585779	908758
5585780	5585489
5585781	908758
5585782	5585488
5585783	5311625
5585784	3731639
5585784	3922738
5585785	1023788
5585785	1854292
5585786	5585487
5585787	1209941
5585788	1209941
5585788	6641001
5585789	1495862
5585789	11243543
5585790	5585477
5585790	5585485
5585791	1773329
5585792	1552585
5585793	783510
5585793	1552585
5585794	5585480
5585794	5585482
5585795	2387410
5585796	1553307
5585797	5585479
5585797	5585481
5585798	1553307
5585798	10205571
5585799	1553325
5585800	3428413
5585800	6361639
5585801	1776575
5585802	1776575
5585803	3523399
5585803	5586071
5585803	10060045
5585804	1127075
5585805	5585476
5585806	1834172
5585806	10051606
5585807	2540007
5585808	1839608
5585809	4435832
5585810	2540007
5585811	5585473
5585811	5585475
5585811	5585822
5585812	1839608
5585813	5663807
5585813	13580133
5585814	282439
5585814	2217366
5585815	1839617
5585816	1839617
5585817	813969
5585817	13309543
5585818	4655457
5585819	1854012
5585820	1854012
5585821	1877101
5585822	5584335
5585822	5585473
5585822	5585811
5585823	310690
5585824	4080490
5585825	1886508
5585826	1447389
5585827	1886508
5585828	5589241
5585829	1634917
5585829	9739276
5585829	10156137
5585829	12115187
5585830	1634917
5585830	9739277
5585831	3668059
5585832	1636184
5585833	1664246
5585833	1687842
5585833	5226480
5585833	9860149
5585833	9860174
5585833	9986303
5585834	317930
5585835	1664246
5585835	5226480
5585835	9860149
5585835	9860174
5585835	9986303
5585836	1664246
5585837	139884
5585838	1664246
5585838	7900396
5585839	4529853
5585840	4529853
5585842	4883025
5585843	461163
5585844	5601310
5585845	2236210
5585845	2239883
5585845	4627487
5585845	5371903
5585845	6532158
5585845	12186570
5585846	2640254
5585847	906929
5585848	2406132
5585849	2406132
5585850	3642735
5585851	2567237
5585852	3149580
5585853	2528441
5585854	2528441
5585855	3444646
5585856	5395916
5585857	1908980
5585857	1909510
5585857	1909806
5585858	1909510
5585858	1909806
5585859	3139268
5585860	3730725
5585861	5601307
5585861	7536895
5585861	11377619
5585862	1721138
5585862	6979632
5585863	4353200
5585864	3156811
5585865	3156811
5585866	3818364
5585867	3168506
5585867	5585885
5585868	3168506
5585868	3169852
5585868	3590363
5585868	3590366
5585868	5585881
5585868	5585885
5585869	3168506
5585869	5585885
5585870	3168506
5585870	5585881
5585870	5585885
5585870	5585899
5585871	5323805
5585872	2033479
5585872	2490563
5585872	8019578
5585873	5576973
5585873	5586070
5585874	5585442
5585875	4728442
5585876	5576970
5585876	5586069
5585877	4198251
5585878	28142
5585878	7781567
5585879	5585441
5585880	5585440
5585881	3168506
5585881	3169852
5585881	3590363
5585881	3590366
5585881	4398485
5585881	5585868
5585881	5585870
5585882	5585439
5585883	4589446
5585884	5585438
5585884	8871925
5585885	3168506
5585885	3169852
5585885	3590363
5585885	3590366
5585885	5585867
5585885	5585868
5585885	5585869
5585885	5585870
5585886	898861
5585887	5576924
5585887	5586067
5585888	2475754
5585888	4298815
5585888	5565881
5585888	12743280
5585889	1452012
5585890	1558324
5585891	5576873
5585891	5586066
5585892	1356107
5585892	1471096
5585893	2509551
5585895	5576870
5585895	5586065
5585895	7903861
5585895	7903876
5585895	7903877
5585895	13248285
5585896	4650175
5585897	3878467
5585898	1907355
5585898	5146766
5585898	13388769
5585899	5585870
5585900	5576869
5585900	5586064
5585901	2956313
5585902	3399372
5585903	1210430
5585904	4081056
5585905	2218666
5585906	3932616
5585907	5552273
5585908	5576867
5585908	5586063
5585909	1102992
5585909	5419806
5585909	5419807
5585909	5419808
5585910	5576866
5585910	5586062
5585911	31210
5585912	2070722
5585912	7881163
5585913	20249
5585914	3470434
5585914	3470442
5585914	3471266
5585915	1103370
5585915	1103700
5585915	2070493
5585916	3497758
5585916	4496685
5585917	3497758
5585917	4496685
5585918	4529690
5585918	5375542
5585918	5375543
5585919	3467775
5585920	2987701
5585921	2245408
5585922	4494293
5585922	5755873
5585923	4011785
5585924	520899
5585924	690714
5585924	5586061
5585924	10007701
5585925	4011785
5585926	4011785
5585927	4011785
5585928	4011785
5585929	4011785
5585930	2642708
5585931	2891328
5585932	2891328
5585933	2891328
5585934	5001589
5585935	34084
5585936	3162021
5585937	3162021
5585938	890210
5585939	3730158
5585940	2619673
5585940	3422022
5585940	4136165
5585940	6046779
5585940	8347089
5585940	8347090
5585941	2315220
5585942	1273374
5585943	2221143
5585943	3670249
5585943	8106905
5585943	9242126
5585944	3258956
5585945	1503041
5585946	4044346
5585947	270338
5585948	270338
5585949	1684132
5585949	1728527
5585950	2249529
5585951	3916188
5585952	4665535
5585953	274792
5585954	329670
5585954	1147890
5585954	12276198
5585955	437059
5585955	437060
5585955	5291938
5585956	3131788
5585957	3204361
5585958	3419611
5585958	3430370
5585958	10673669
5585959	3737070
5585960	4499312
5585960	5585961
5585961	4499312
5585961	5585960
5585962	4915854
5585962	4917545
5585962	4921125
5585962	4928160
5585962	4928162
5585962	10652371
5585962	12503786
5585963	61413
5585963	7220623
5585964	1095760
5585964	3981304
5585965	2057845
5585965	2063621
5585965	3949549
5585966	3448736
5585966	7707824
5585966	9233347
5585967	3636021
5585968	3726503
5585969	305606
5585970	305606
5585971	305606
5585972	305606
5585973	273189
5585974	273189
5585976	23490
5585976	1696554
5585976	2160667
5585977	23490
5585977	1696554
5585977	2160667
5585978	23490
5585978	1696554
5585978	2160667
5585979	5204239
5585979	5204942
5585979	5585980
5585979	5585981
5585979	5585982
5585980	5204239
5585980	5204942
5585980	5585979
5585981	5204239
5585981	5204942
5585981	5585979
5585982	5204239
5585982	5204942
5585982	5585979
5585984	1459604
5585984	5992719
5585985	5590996
5585985	5597989
5585985	5598294
5585985	6141483
5585986	5590995
5585987	5598295
5585988	5576756
5585988	5586060
5585989	5576756
5585989	5586059
5585990	5576755
5585990	5586058
5585990	13674544
5585991	5576755
5585991	5586056
5585992	5587641
5585992	8764944
5585993	5575326
5585993	5586055
5585994	5575326
5585994	5586055
5585995	5576748
5585995	5586048
5585996	5576494
5585996	5586046
5585996	5586052
5585997	2261870
5585997	4979189
5585997	5576493
5585998	2261870
5585998	4979192
5585998	5576493
5585999	5576489
5585999	5586045
5585999	8819019
5586000	5576488
5586000	5586043
5586001	5576360
5586001	5586041
5586002	5576357
5586002	5586037
5586003	5576357
5586003	5586036
5586004	5576356
5586004	5586035
5586005	3417704
5586006	3417704
5586006	9979368
5586007	3417704
5586008	5576359
5586008	5586034
5586009	3417704
5586010	5576359
5586010	5586033
5586011	5576361
5586011	5586031
5586011	6112372
5586012	3417704
5586012	5586014
5586013	5576361
5586013	5586030
5586014	3417704
5586014	5586012
5586015	3417704
5586016	3417704
5586017	5576199
5586017	5586028
5586017	5586051
5586017	12892524
5586017	12892525
5586018	5576199
5586018	5586026
5586018	11875872
5586018	12892527
5586018	12892529
5586019	5576198
5586019	5586025
5586019	6897076
5586019	8941533
5586020	5576197
5586020	5576225
5586020	5586024
5586021	5576196
5586021	5580101
5586022	5576195
5586022	5576224
5586022	5586023
5586023	5586022
5586024	5576197
5586024	5586020
5586024	8509147
5586024	8509155
5586024	8511136
5586024	8511137
5586025	5586019
5586026	5586018
5586027	5573996
5586027	5578288
5586028	5586017
5586028	5586051
5586029	5573990
5586029	5586555
5586029	6151609
5586029	11173165
5586029	11173168
5586030	5586013
5586031	5586011
5586032	4824046
5586033	5586010
5586034	5586008
5586035	5586004
5586036	5586003
5586037	5586002
5586038	3204091
5586039	3204091
5586040	3204091
5586041	5586001
5586042	3204091
5586043	5586000
5586044	4824047
5586045	5585999
5586046	5585996
5586046	5586052
5586047	5573366
5586047	5586551
5586048	5576748
5586048	5585995
5586049	3734614
5586049	5573128
5586049	5586552
5586049	7664455
5586049	12295226
5586050	3734614
5586050	5573128
5586050	5586554
5586050	12295225
5586051	5576199
5586051	5586017
5586051	5586028
5586052	5585996
5586052	5586046
5586053	5586057
5586053	5587633
5586053	5590994
5586054	2548551
5586054	2760513
5586054	2882923
5586054	2887054
5586055	5585993
5586055	5585994
5586056	5585991
5586057	5586053
5586057	5586550
5586058	5585990
5586059	5585989
5586060	5585988
5586061	520899
5586061	5585924
5586062	5585910
5586063	5585908
5586064	5585900
5586065	5585895
5586066	5585891
5586067	5585887
5586068	5585526
5586069	5585876
5586070	5585873
5586071	5585803
5586072	5585625
5586073	5585624
5586074	5585360
5586075	5585356
5586076	2315324
5586076	2316268
5586076	2316270
5586076	2317001
5586076	4364285
5586076	7226794
5586077	5585342
5586078	2642133
5586078	2824296
5586079	5585339
5586080	2646875
5586080	4467562
5586080	4467563
5586080	5553938
5586080	6579827
5586080	8797858
5586080	8823060
5586081	3372142
5586081	3372201
5586081	3372931
5586081	3373607
5586081	9081397
5586082	5585526
5586083	3915000
5586083	4623836
5586083	7245915
5586083	8625764
5586084	5130166
5586084	5155002
5586085	27699
5586085	506006
5586086	5585163
5586087	326982
5586088	5585035
5586089	634763
5586089	635777
5586090	5584996
5586091	1961748
5586091	2139262
5586092	2023318
5586092	3141454
5586093	5584963
5586094	2912262
5586094	2950699
5586094	4562614
5586094	4968729
5586094	5330240
5586094	5412967
5586095	402766
5586095	537408
5586096	402766
5586096	4305914
5586097	3904285
5586097	10208511
5586098	2821647
5586099	2821647
5586100	5082509
5586100	5082815
5586100	5586103
5586101	958090
5586102	5584832
5586103	5082509
5586103	5082815
5586103	5586100
5586104	4537124
5586105	481631
5586106	688035
5586107	1265433
5586107	1286431
5586108	2852514
5586108	3806118
5586108	5619366
5586109	3549310
5586109	8975003
5586110	3611843
5586111	5584808
5586112	2821643
5586113	5584808
5586114	2821646
5586114	6007186
5586114	7637069
5586115	3853696
5586115	3966136
5586115	3966137
5586116	3853696
5586116	3966136
5586116	3966137
5586116	5588717
5586117	2821636
5586117	4596412
5586118	455452
5586118	460816
5586118	12372839
5586119	2821637
5586120	264038
5586120	5586549
5586121	264038
5586121	5586549
5586122	3411501
5586123	2912652
5586124	2751491
5586124	7521398
5586125	260883
5586125	5586547
5586125	6547326
5586126	260883
5586126	5586547
5586128	1077262
5586128	13495655
5586129	1077262
5586130	259618
5586130	5958576
5586130	6358199
5586131	259926
5586131	4136277
5586131	6167112
5586132	2751053
5586132	5586546
5586133	2713625
5586133	5586543
5586134	2713625
5586134	5586544
5586135	139504
5586135	258561
5586135	258564
5586135	5975630
5586136	624894
5586136	1719327
5586136	1903378
5586136	2354048
5586136	5586145
5586136	5586147
5586136	13098793
5586137	4642389
5586137	8975019
5586138	2230736
5586139	2230736
5586140	2647227
5586140	5586542
5586140	13197775
5586141	2283682
5586141	2286704
5586141	2286706
5586141	2286708
5586141	2286711
5586141	5259727
5586142	2275174
5586142	4508869
5586142	4508870
5586143	2436381
5586143	2436782
5586143	2442793
5586143	2442813
5586143	2496371
5586143	4855260
5586143	6842098
5586144	705738
5586144	8974996
5586145	480884
5586145	624894
5586145	5586136
5586145	5586539
5586145	6881782
5586146	4415207
5586146	5586540
5586147	624894
5586147	5586136
5586147	5586541
5586147	12407018
5586147	12407019
5586148	4535488
5586149	434345
5586150	256863
5586150	5586538
5586151	5586179
5586151	5949416
5586151	7839106
5586151	7839256
5586151	8554264
5586152	3645783
5586153	3788799
5586153	3790478
5586153	4881868
5586154	4165721
5586154	5523980
5586154	5523981
5586154	13691238
5586155	2647207
5586155	5586536
5586156	3422635
5586156	3422655
5586156	3425733
5586157	2647224
5586157	5586537
5586158	4395499
5586158	5295373
5586158	5295374
5586158	5587630
5586158	11698056
5586158	12536264
5586159	2891112
5586159	4426362
5586159	4426363
5586160	394167
5586160	2017714
5586161	3402605
5586161	4856997
5586162	5586178
5586162	5586527
5586162	5587625
5586162	5590993
5586162	7036214
5586162	10802572
5586162	10802575
5586162	10802578
5586162	10802580
5586162	10803879
5586162	10803881
5586163	1887130
5586163	2036326
5586163	2036327
5586164	3632548
5586164	3633708
5586165	3874062
5586166	4775503
5586167	1936354
5586167	1936356
5586167	1976970
5586167	3136784
5586167	4992763
5586167	4995311
5586167	5371805
5586167	5371806
5586167	5382276
5586167	5861262
5586167	8111477
5586167	8217371
5586168	4442335
5586168	4442628
5586168	4474004
5586169	3368623
5586170	2647185
5586170	5586534
5586170	8470441
5586170	8832670
5586170	13538525
5586170	13538526
5586171	4601230
5586172	5212533
5586172	5213739
5586173	471836
5586174	2284589
5586174	2284600
5586175	253340
5586175	1615778
5586175	2580794
5586175	5586533
5586176	2447198
5586177	2447198
5586177	2517791
5586177	11254461
5586178	5586162
5586178	5586527
5586178	5590993
5586178	10802572
5586178	10802575
5586178	10802578
5586178	10802580
5586179	5586151
5586179	5586531
5586179	5949416
5586179	7839256
5586180	1238390
5586180	1238398
5586181	2235607
5586181	2647171
5586181	5627911
5586181	9060558
5586181	9416203
5586181	10019846
5586182	305923
5586182	784201
5586182	1843246
5586183	2647135
5586183	2860138
5586183	4730660
5586183	4766032
5586184	251723
5586184	1829459
5586184	1873439
5586184	10565108
5586185	1367930
5586185	1367934
5586185	2843001
5586186	14886
5586186	251638
5586186	251732
5586186	367774
5586186	2088949
5586187	2102740
5586187	3482246
5586187	4772491
5586187	5586189
5586188	2647144
5586188	5586525
5586188	6903705
5586188	12578204
5586189	2102740
5586189	4772491
5586189	5586187
5586190	181472
5586190	252304
5586190	344297
5586191	252304
5586191	344297
5586191	526416
5586191	2277910
5586191	2277912
5586191	2277913
5586191	2277914
5586191	2277915
5586191	2277916
5586192	3305682
5586193	2910718
5586194	4956870
5586195	4498534
5586195	5393741
5586195	5393744
5586196	5305922
5586197	4463178
5586197	4463527
5586197	4463985
5586197	4470972
5586197	5473015
5586197	8188606
5586198	2893680
5586198	13468135
5586199	2071006
5586199	2071008
5586199	3833268
5586199	3833270
5586199	5586202
5586199	8665847
5586200	4500185
5586201	4500185
5586202	2071006
5586202	2071008
5586202	3833268
5586202	3833270
5586202	5586199
5586203	4954001
5586203	8241644
5586203	8241645
5586204	4954001
5586205	4862820
5586205	4862821
5586205	5586504
5586205	8068043
5586206	3200877
5586206	5317124
5586206	5586503
5586207	4718978
5586208	3168278
5586209	3168278
5586210	1661086
5586210	5727730
5586211	48239
5586212	2064521
5586213	2064521
5586214	249449
5586215	319290
5586216	242979
5586217	2018224
5586218	2305010
5586219	3721681
5586220	2359958
5586221	2351693
5586222	2351693
5586223	2621196
5586224	242384
5586225	463168
5586225	9955770
5586226	5586500
5586226	7108209
5586227	2642386
5586228	3023886
5586228	6308043
5586229	3023886
5586231	2064711
5586232	2064711
5586233	2064711
5586234	2064711
5586235	2643161
5586236	2643161
5586237	5586238
5586237	5586239
5586238	5586237
5586238	11522246
5586238	12781095
5586238	12781096
5586238	12781097
5586238	12945871
5586239	5586237
5586239	12781249
5586241	5601294
5586242	35148
5586243	43895
5586244	241321
5586245	5587477
5586246	4604564
5586246	5216896
5586246	5586263
5586246	5593443
5586246	5597680
5586246	5597681
5586246	5777364
5586246	6687635
5586246	7777821
5586246	7830446
5586246	8470304
5586246	8501790
5586246	8501791
5586246	8796242
5586246	8991202
5586246	9072145
5586246	9072147
5586246	9855661
5586246	10491065
5586246	13187287
5586246	13666143
5586246	13954118
5586247	5586893
5586247	5587476
5586247	6936405
5586247	7644915
5586247	11774730
5586247	11774732
5586247	11774735
5586247	11774737
5586247	12184242
5586248	5586890
5586248	5586891
5586248	5587475
5586248	5919944
5586248	5919945
5586248	5925070
5586248	6110987
5586248	6555733
5586248	6555734
5586249	5586889
5586249	5587474
5586250	5586886
5586250	5587409
5586251	5586880
5586251	5586881
5586251	5586882
5586251	5586884
5586251	5587407
5586251	7067861
5586252	5586877
5586252	5586879
5586252	5587406
5586252	13386079
5586252	13386080
5586253	1143448
5586253	5586875
5586253	5587403
5586253	6305025
5586253	6728440
5586253	6728441
5586253	9989776
5586254	2500968
5586254	5586870
5586254	5586873
5586255	265528
5586256	271882
5586257	271882
5586257	5586258
5586258	181973
5586258	271882
5586258	5586257
5586259	291625
5586260	298895
5586261	312088
5586262	312088
5586262	9401171
5586263	5216896
5586263	5586246
5586263	5593443
5586263	6645817
5586263	8470304
5586263	8501790
5586263	8501791
5586264	3722992
5586265	3722992
5586266	868968
5586267	1326173
5586268	995174
5586268	1326173
5586268	1340602
5586269	1837531
5586270	1837531
5586271	2296636
5586272	1876955
5586273	1954801
5586274	1979979
5586275	1996875
5586276	2202916
5586276	4598333
5586276	11725716
5586277	2241582
5586278	2241582
5586279	2258256
5586280	2326552
5586281	2544736
5586282	2892034
5586283	2951750
5586283	8688329
5586283	12403851
5586284	3011518
5586285	3011518
5586286	3011518
5586287	3133592
5586288	3158684
5586289	3181107
5586290	3365630
5586291	3365630
5586292	3475067
5586293	5708435
5586293	5793501
5586293	6287700
5586293	6288012
5586293	6537070
5586293	6537078
5586294	3680247
5586295	3736269
5586296	3818763
5586297	3818974
5586298	3910654
5586299	3911607
5586300	1992
5586301	5587447
5586301	5587448
5586301	5587619
5586301	5590992
5586301	5706411
5586301	8042839
5586301	8500728
5586301	8500729
5586301	11584464
5586302	2199647
5586302	4499264
5586303	2200608
5586303	4499264
5586303	6398639
5586303	8770874
5586304	4614626
5586304	5586305
5586305	4614303
5586305	4614626
5586305	5586304
5586305	5586496
5586305	10759519
5586306	4666662
5586307	4666662
5586307	5586308
5586308	4666662
5586308	5586307
5586309	4847850
5586310	1344659
5586311	5083155
5586312	5083155
5586313	1344659
5586313	8975002
5586314	1344659
5586314	13495664
5586315	5165457
5586316	5209377
5586317	5326106
5586318	5586869
5586318	5587401
5586318	6024853
5586318	6361629
5586319	5585510
5586319	5586482
5586319	5586483
5586319	5586485
5586319	5586486
5586319	5586487
5586319	5587399
5586319	5694517
5586319	5694518
5586319	5822131
5586319	5925701
5586319	6599197
5586319	6645544
5586319	10000063
5586320	799262
5586320	1666524
5586320	5586864
5586320	5587397
5586320	6542524
5586320	10510997
5586321	2513263
5586321	2903401
5586321	5586488
5586321	5586863
5586321	5593435
5586321	5692581
5586321	12200220
5586322	5586861
5586322	5586862
5586322	5587396
5586323	5586859
5586323	5587395
5586323	5593432
5586323	6469929
5586323	7794627
5586324	5586858
5586324	5587394
5586324	7763221
5586324	11068551
5586325	5586847
5586325	5587393
5586325	6469934
5586325	9255328
5586325	10659101
5586325	13546178
5586325	13546183
5586325	13546188
5586325	13546217
5586326	5586841
5586326	5586842
5586326	5586843
5586326	5586844
5586326	5587391
5586326	9300810
5586326	9300812
5586326	9300814
5586326	9300815
5586326	9354213
5586326	9354214
5586327	5586328
5586327	5586404
5586327	5586405
5586327	6013607
5586327	6177457
5586327	6177458
5586327	9124543
5586328	5586327
5586328	5938411
5586329	1555685
5586330	1555685
5586331	5586845
5586331	5586846
5586331	5587390
5586331	7714458
5586332	5322315
5586332	5322827
5586332	5586481
5586332	5586840
5586332	5586978
5586332	5692580
5586332	6608739
5586332	8034980
5586332	8624180
5586332	13302963
5586332	13302968
5586332	13302969
5586333	3068758
5586333	5586837
5586333	5586838
5586334	5586833
5586334	5587389
5586335	5586912
5586335	5586913
5586335	5587385
5586335	6282377
5586335	7790919
5586335	8554830
5586335	12690465
5586335	13348058
5586335	13348059
5586336	3480703
5586336	3480704
5586336	5586909
5586336	5586910
5586336	5587384
5586336	11470346
5586337	5586908
5586337	5601874
5586337	12956209
5586338	5587381
5586338	5910569
5586338	5910570
5586339	982107
5586339	5587380
5586339	10496835
5586340	3238156
5586340	5586480
5586340	5587378
5586340	6469944
5586340	6714875
5586340	8453699
5586340	11957904
5586340	12222208
5586340	12578529
5586341	5586342
5586341	6680090
5586342	5586341
5586342	5587375
5586342	5587377
5586342	10877765
5586343	5587614
5586343	5588830
5586343	11093932
5586343	12310850
5586344	2458343
5586345	3774432
5586345	7555320
5586346	5587605
5586346	7699558
5586347	5586348
5586347	5586352
5586347	5587328
5586347	5589883
5586347	5589885
5586347	5607372
5586347	7007737
5586348	5586347
5586349	5586351
5586349	5587446
5586349	5587599
5586349	5604635
5586349	8084291
5586349	9754250
5586349	9754251
5586349	10764751
5586349	12444291
5586349	12586381
5586349	12586382
5586350	4964056
5586350	5587597
5586350	5589781
5586350	5590991
5586350	5607371
5586350	7007739
5586350	7007742
5586351	5586349
5586351	5587446
5586351	10764751
5586352	5586347
5586353	1588560
5586353	7821808
5586353	8638134
5586353	10449522
5586354	5587595
5586354	8759438
5586354	8834913
5586354	11477006
5586355	953809
5586355	1283442
5586355	5586356
5586355	5776483
5586355	6824325
5586356	953809
5586356	1283442
5586356	5586355
5586356	5587690
5586356	5776483
5586356	6824325
5586357	953809
5586357	5586358
5586357	6824325
5586358	953809
5586358	5586357
5586358	6824325
5586359	2203809
5586359	5358686
5586360	5244885
5586360	5586361
5586361	5244885
5586361	5586360
5586361	6824326
5586361	6824327
5586362	5244885
5586362	5586363
5586363	5244885
5586363	5586362
5586363	6824328
5586363	6824329
5586363	11065134
5586364	3201307
5586364	4852727
5586364	5586366
5586364	5586368
5586364	5586369
5586364	5587347
5586365	3201307
5586365	6824597
5586366	3201307
5586366	4852727
5586366	5586364
5586366	5586368
5586366	5586369
5586366	5587347
5586368	3201307
5586368	4852727
5586368	5586364
5586368	5586366
5586368	5586369
5586368	5587347
5586369	3201307
5586369	4852727
5586369	5586364
5586369	5586366
5586369	5586368
5586369	5587347
5586370	2245957
5586370	4805121
5586371	2870329
5586371	5656278
5586372	4502764
5586373	3504375
5586373	13757477
5586374	3826463
5586375	3826463
5586376	5230632
5586377	5230632
5586378	707102
5586379	707102
5586380	5261259
5586380	13752401
5586381	5285540
5586381	9164192
5586381	13828916
5586382	5285540
5586383	4502683
5586384	4502683
5586385	5178616
5586385	5179107
5586385	5470438
5586386	300535
5586387	315407
5586387	9484691
5586388	316164
5586388	10041792
5586389	316898
5586390	316898
5586391	327777
5586392	460021
5586392	3508914
5586393	460021
5586393	3508914
5586394	896172
5586395	1023851
5586396	2325143
5586397	2325143
5586397	9520881
5586398	2545115
5586399	1820764
5586399	2744008
5586399	6773068
5586399	12678879
5586402	2247682
5586402	2589807
5586402	3191059
5586402	5557553
5586402	10248981
5586403	252122
5586403	3059913
5586403	5626801
5586404	5586327
5586404	5586523
5586405	5586327
5586405	5586523
5586406	3932841
5586407	1460939
5586408	1460939
5586409	1886416
5586410	1886416
5586411	3170652
5586412	3170652
5586413	16551
5586414	16551
5586415	16551
5586416	16551
5586417	16551
5586418	16551
5586418	9824661
5586419	16551
5586420	16551
5586420	12553345
5586421	5147480
5586422	5147480
5586423	3170648
5586424	5241343
5586424	5587594
5586424	5588829
5586424	6385088
5586424	6385089
5586424	6399734
5586424	6740429
5586424	6743064
5586424	7249796
5586424	11341933
5586424	11482816
5586425	397029
5586426	3923282
5586427	3923282
5586428	1557731
5586429	1557731
5586430	5513269
5586431	4013322
5586432	4013322
5586437	9822938
5586441	5586493
5586441	8378051
5586441	13979258
5586442	5588975
5586442	6834714
5586442	10847399
5586442	13570247
5586444	5586446
5586444	9870798
5586445	6215018
5586446	5586444
5586448	5601260
5586451	5586590
5586454	7921040
5586454	7921042
5586455	5586584
5586456	9178150
5586462	11976805
5586464	7958792
5586465	1095476
5586465	5694714
5586465	5694716
5586469	1098122
5586469	1588560
5586470	1095477
5586470	5602156
5586471	253929
5586472	737639
5586472	6548372
5586475	9686972
5586476	1095478
5586476	5759326
5586476	8805084
5586477	6112358
5586478	5617850
5586480	5586340
5586481	5586332
5586482	5586319
5586483	5586319
5586485	5586319
5586486	5586319
5586487	5586319
5586488	5586321
5586489	2257563
5586489	6548374
5586490	1095479
5586490	5681409
5586492	1095480
5586492	5689102
5586493	5586441
5586496	5586305
5586497	1095481
5586498	1095482
5586499	1095483
5586499	5602118
5586500	5586226
5586501	1095484
5586502	4501944
5586502	4718978
5586502	5586505
5586503	5586206
5586504	5586205
5586505	4501944
5586505	4718978
5586505	5586502
5586506	5636127
5586507	1095485
5586507	5639320
5586508	2672403
5586508	2672480
5586508	13276375
5586509	649332
5586509	7872784
5586510	5586511
5586511	5586510
5586512	5586906
5586512	5586907
5586512	5587374
5586512	6282730
5586512	6282731
5586513	5586825
5586513	5587373
5586513	12213080
5586514	5586829
5586514	5586831
5586514	5587372
5586514	5623070
5586514	8995927
5586515	5586904
5586515	5586905
5586515	5587369
5586515	10063157
5586516	5587368
5586516	10158594
5586516	10158598
5586516	13952877
5586517	5586823
5586517	5587366
5586517	5587895
5586517	5593429
5586517	7270663
5586517	7350105
5586517	10473319
5586517	10473320
5586517	12643089
5586517	13060104
5586517	13060105
5586517	13060106
5586518	5587364
5586518	5587900
5586518	6153806
5586518	9027971
5586518	11712418
5586518	11712419
5586519	1505047
5586519	2581443
5586519	5587363
5586519	5597769
5586520	521470
5586520	5586821
5586520	5586822
5586520	5587362
5586520	5587907
5586520	5587910
5586520	5587912
5586520	5587915
5586520	5587917
5586520	5587921
5586520	6868330
5586521	5587361
5586521	5597771
5586521	5924715
5586522	2033479
5586522	3890517
5586523	5586404
5586523	5586405
5586524	2982299
5586525	5586188
5586525	6903705
5586525	12578204
5586526	2422288
5586527	5586162
5586527	5586178
5586527	5590993
5586527	10802572
5586527	10802575
5586527	10802578
5586527	10802580
5586528	4084590
5586529	3464883
5586530	2166082
5586531	5586179
5586533	253340
5586533	1615778
5586533	5586175
5586534	5586170
5586535	1024459
5586536	5586155
5586537	5586157
5586538	5586150
5586539	480884
5586539	5586145
5586540	5586146
5586541	5586147
5586542	5586140
5586543	5586133
5586544	5586134
5586545	715770
5586546	5586132
5586547	5586125
5586547	5586126
5586548	266467
5586549	5586120
5586549	5586121
5586550	5586057
5586551	5586047
5586552	5586049
5586553	529638
5586554	5586050
5586555	5586029
5586555	6151609
5586556	5201470
5586557	5585437
5586557	5585466
5586558	5585436
5586559	27325
5586560	3730679
5586561	5585426
5586562	5585427
5586563	5585428
5586564	3070967
5586565	5585429
5586566	5585413
5586567	5585414
5586568	263688
5586569	5585405
5586570	3723694
5586571	5585406
5586572	5585402
5586573	2810788
5586574	2247914
5586575	281908
5586576	277096
5586577	74566
5586578	108520
5586579	334160
5586580	428202
5586581	2960841
5586581	4765576
5586582	1258233
5586582	1258234
5586583	1258233
5586583	1258234
5586584	5586455
5586585	1258233
5586585	1258234
5586586	1258233
5586586	1258234
5586587	5585398
5586588	5585393
5586589	5585396
5586590	4868513
5586590	5586451
5586590	10119710
5586590	12201401
5586590	13137776
5586591	5585298
5586592	293616
5586592	5586594
5586593	293616
5586593	5586594
5586594	293616
5586594	312527
5586594	5586592
5586594	5586593
5586594	5586595
5586595	293616
5586595	5586594
5586596	32964
5586597	5452694
5586597	5584280
5586598	2648514
5586599	5585281
5586599	5585283
5586600	2320399
5586601	5585282
5586602	3722342
5586602	5583047
5586602	5586763
5586603	2643730
5586604	5585277
5586605	295325
5586605	1871791
5586605	13931373
5586605	13931376
5586606	321878
5586607	1891087
5586608	2544697
5586609	5585255
5586610	5585256
5586611	5585259
5586612	2544697
5586613	5585208
5586614	1754600
5586614	5586761
5586615	5585205
5586615	5585210
5586616	5585212
5586617	5585218
5586618	5585201
5586619	5585202
5586620	5585194
5586621	1706755
5586621	4763580
5586622	3330225
5586623	3677614
5586623	6165831
5586624	1891089
5586625	5585143
5586626	4814992
5586627	2547146
5586628	5482076
5586628	6165790
5586628	10997790
5586629	2105179
5586630	2105179
5586631	3658338
5586632	4584856
5586633	5052028
5586633	6165788
5586634	5490431
5586635	4884285
5586635	9818821
5586635	12609006
5586635	12609008
5586636	4884285
5586637	4884285
5586637	9818821
5586638	4951190
5586639	4884285
5586640	4013078
5586641	4013078
5586642	1579068
5586643	3511791
5586643	4013078
5586644	3393048
5586645	325278
5586645	1644490
5586646	658439
5586646	1087460
5586646	1087544
5586647	3944993
5586648	3178602
5586648	3416583
5586649	1547612
5586649	2248217
5586650	3023229
5586650	3384156
5586650	3384157
5586650	4767923
5586650	8449703
5586651	2648808
5586652	3723672
5586652	5369521
5586652	5550639
5586653	3444746
5586654	967806
5586655	4044325
5586655	11959694
5586656	3178477
5586656	3178478
5586656	4445993
5586656	4445994
5586657	3178477
5586657	3178478
5586657	4445993
5586657	4445994
5586658	1122514
5586659	3357322
5586660	1994369
5586661	348596
5586662	1994369
5586663	5535127
5586664	4610121
5586665	4542911
5586666	37706
5586666	493639
5586666	1039740
5586667	1392609
5586667	1469263
5586667	1797746
5586667	1923176
5586667	1923177
5586667	4093496
5586668	4602058
5586669	2249351
5586669	4542939
5586670	4904409
5586671	1025266
5586671	1172428
5586671	1230670
5586671	1662713
5586671	1944520
5586672	4883407
5586673	1973469
5586674	1517909
5586674	1519933
5586674	1519935
5586675	1509279
5586675	9722521
5586676	3926092
5586677	1138377
5586677	1138641
5586677	1142042
5586678	1574268
5586678	1575023
5586679	12899
5586679	37757
5586679	8090645
5586680	12899
5586680	37757
5586681	455995
5586681	1430485
5586681	1432469
5586681	1574296
5586682	2827488
5586682	2827492
5586682	2827762
5586682	3487346
5586682	3487357
5586682	5586683
5586682	13826461
5586682	13826463
5586683	2827488
5586683	2827492
5586683	2827762
5586683	3487346
5586683	3487357
5586683	5586682
5586683	13826461
5586683	13826463
5586684	4468025
5586684	4468035
5586684	5276089
5586685	2942823
5586685	2942862
5586685	3326779
5586685	11564273
5586686	370557
5586686	3444786
5586687	4058454
5586688	1485292
5586688	1527651
5586688	1988778
5586688	3714802
5586688	4334655
5586688	5247857
5586688	5247860
5586688	6008687
5586688	7702224
5586688	8982803
5586689	370754
5586690	370754
5586691	370754
5586692	2334973
5586693	370754
5586694	775827
5586695	2257540
5586696	1110317
5586697	1921856
5586699	2548680
5586700	1369175
5586701	436423
5586701	1891110
5586702	3569761
5586702	8363305
5586703	5584946
5586704	376338
5586705	2235792
5586706	703345
5586707	5584935
5586708	1476173
5586709	5584936
5586710	2235801
5586711	5584938
5586712	5584939
5586713	1138854
5586714	5584919
5586715	5584920
5586716	250098
5586716	5676023
5586717	5584921
5586718	250098
5586719	5584922
5586720	250098
5586720	5676023
5586721	250098
5586722	5584923
5586723	5584905
5586724	2647099
5586725	250396
5586725	6666777
5586725	6836395
5586726	250396
5586726	6666777
5586726	6836396
5586727	2647104
5586727	2860084
5586728	2647104
5586729	5584906
5586730	2647104
5586731	2647104
5586732	1891111
5586733	2654671
5586733	2713487
5586734	2647113
5586735	5584907
5586736	322190
5586737	335152
5586738	5584908
5586739	42056
5586739	1907050
5586741	5584909
5586742	5584911
5586743	703140
5586744	2111941
5586745	2111941
5586746	2111941
5586747	706892
5586748	706892
5586749	707000
5586750	371583
5586751	372064
5586752	676368
5586753	22447
5586754	2549737
5586754	3874450
5586754	8339561
5586754	8339562
5586755	2549737
5586755	7497619
5586756	2549737
5586756	3874451
5586756	9018344
5586757	370714
5586758	697825
5586759	707121
5586760	5584913
5586761	5586614
5586762	707977
5586763	5586602
5586764	2244986
5586764	2578250
5586764	6866622
5586764	7416599
5586764	13190475
5586764	13231902
5586765	2244986
5586765	5587948
5586765	6866619
5586765	6866624
5586765	7416597
5586765	13231902
5586766	869423
5586766	8087655
5586766	13803907
5586766	13803908
5586767	248390
5586768	248695
5586769	1895560
5586769	5587875
5586769	5587878
5586769	5587879
5586770	1895560
5586771	2647091
5586771	3984969
5586772	2647093
5586772	4463029
5586772	4470321
5586773	23454
5586773	1513969
5586773	13029314
5586774	1895560
5586774	6681415
5586775	1895560
5586775	6681415
5586776	1895560
5586776	5587878
5586776	6681415
5586777	2647052
5586777	5600022
5586778	2248277
5586778	3132162
5586778	7035417
5586779	2248277
5586779	5587825
5586780	8450328
5586781	241843
5586782	242434
5586783	2647034
5586783	5586848
5586784	2647033
5586784	6950582
5586785	2647036
5586785	6912769
5586785	7544252
5586786	243883
5586786	523768
5586786	822251
5586787	238992
5586787	11394586
5586787	11394587
5586788	4853367
5586789	1164504
5586789	1267755
5586790	245222
5586790	12952665
5586791	3023432
5586791	8450547
5586792	8549
5586792	241595
5586792	400016
5586792	473467
5586793	241595
5586794	8549
5586794	241595
5586794	400016
5586794	473467
5586795	241595
5586796	241697
5586796	11093984
5586797	3737602
5586797	5586798
5586797	8224499
5586798	3737602
5586798	3746846
5586798	5586797
5586798	5629539
5586798	5629542
5586799	2770644
5586799	4964934
5586800	2644546
5586801	2644546
5586802	2647019
5586802	5610767
5586803	2647022
5586804	2647022
5586804	5610775
5586805	2647024
5586806	5586903
5586806	5587360
5586806	5802759
5586807	3875385
5586807	4006923
5586807	5587359
5586807	5587871
5586807	9766440
5586808	5587357
5586809	5586817
5586809	5586818
5586809	5587355
5586809	5593427
5586809	5611088
5586809	5810178
5586809	6643830
5586809	9637333
5586809	9637334
5586810	5586819
5586810	5587354
5586810	5587881
5586810	6394498
5586810	6394499
5586810	6920622
5586810	6920623
5586810	12563489
5586811	5586820
5586811	5587353
5586811	5587884
5586811	11952813
5586812	5587351
5586812	5907490
5586812	6567439
5586812	6567440
5586812	6567441
5586812	6567442
5586812	6567443
5586812	6567444
5586813	4499700
5586813	4755925
5586813	5366497
5586813	5587350
5586813	5593426
5586813	11226737
5586814	5587349
5586814	5623072
5586815	5586816
5586815	5587346
5586815	5592662
5586815	5592685
5586815	5592686
5586815	5601669
5586815	10061150
5586816	5586815
5586816	5592662
5586817	5586809
5586817	5611088
5586818	5586809
5586818	5611088
5586819	5586810
5586819	8973106
5586820	5586811
5586821	5586520
5586821	6868330
5586822	5586520
5586822	6868330
5586823	5586517
5586823	5587895
5586823	7270663
5586823	7270694
5586823	7270734
5586823	7350105
5586823	11903857
5586823	13060104
5586824	287125
5586824	597349
5586824	1090821
5586824	1090825
5586824	1342998
5586824	3522949
5586825	5586513
5586826	264824
5586827	264824
5586828	268620
5586828	2141117
5586829	5586514
5586829	5586984
5586829	7238202
5586830	268620
5586831	5586514
5586831	5586983
5586831	7238200
5586833	5586334
5586833	5586982
5586834	1093443
5586834	1178409
5586835	320484
5586835	6196402
5586836	320484
5586837	5586333
5586837	5586981
5586838	5586333
5586838	5586980
5586839	407085
5586839	12940122
5586840	5586332
5586840	5586978
5586840	6608739
5586841	5586326
5586841	5586977
5586842	5586326
5586842	5586976
5586843	5586326
5586843	5586975
5586844	5586326
5586844	5586974
5586845	5586331
5586845	5586973
5586845	7714458
5586846	5586331
5586846	5586973
5586846	6356664
5586847	5586325
5586847	5586972
5586848	2647034
5586848	5586783
5586848	6741481
5586850	806401
5586850	3556726
5586850	5586851
5586850	8953289
5586851	806401
5586851	3556726
5586851	5586850
5586851	8953289
5586852	1217372
5586853	1217372
5586854	1273489
5586855	1273489
5586856	1320015
5586857	1564976
5586858	5586324
5586858	5586971
5586859	5586323
5586859	5586970
5586861	5586322
5586861	5586969
5586862	5586322
5586862	5586968
5586863	5586321
5586863	5586967
5586864	799262
5586864	5586320
5586864	5586966
5586864	5963355
5586865	3133024
5586866	3133024
5586867	5601656
5586867	8993063
5586868	3498797
5586868	5586872
5586868	5586874
5586869	5586318
5586869	5586965
5586870	2617534
5586870	5586254
5586871	5601666
5586872	3498797
5586872	5586868
5586873	5586254
5586873	5586963
5586874	3498797
5586874	5586868
5586875	1143448
5586875	5586253
5586875	5586962
5586875	6728440
5586875	6728441
5586875	9989776
5586875	13663234
5586876	2648921
5586876	9531863
5586877	5586252
5586877	5586961
5586878	1700628
5586878	1986480
5586878	2811745
5586878	3333983
5586879	5586252
5586879	5586960
5586880	5586251
5586880	5586959
5586880	7067861
5586881	5586251
5586881	5586958
5586882	5586251
5586882	5586959
5586884	5586251
5586884	5586958
5586885	1579311
5586886	5586250
5586886	5586957
5586887	5009642
5586888	3819866
5586888	5260001
5586888	10730918
5586889	5586249
5586889	5586956
5586890	5586248
5586890	5586955
5586890	6555733
5586891	5586248
5586891	5586953
5586891	6555734
5586891	10856166
5586892	2358821
5586892	2636173
5586892	4392692
5586892	4578214
5586893	5586247
5586893	5586952
5586893	7644915
5586894	3679811
5586895	3023229
5586895	3384159
5586895	6737506
5586895	7714427
5586895	8449703
5586895	9666286
5586896	3975446
5586897	5586902
5586897	5586936
5586897	5586945
5586897	5586951
5586897	12825308
5586898	2539517
5586898	4211285
5586899	5263910
5586900	3508889
5586901	3597671
5586902	5586897
5586902	9937914
5586902	10245555
5586902	12825308
5586903	5586806
5586903	5586950
5586904	5586515
5586904	5586949
5586905	5586515
5586905	5586949
5586905	13433687
5586906	5586512
5586906	5586948
5586907	5586512
5586907	5586946
5586908	5586337
5586908	5586944
5586908	8500848
5586909	3860947
5586909	5586336
5586910	3860948
5586910	5586336
5586911	4231299
5586912	5586335
5586912	5586942
5586912	13349900
5586913	3636476
5586913	3639889
5586913	3819781
5586913	5586335
5586913	5586940
5586913	7790918
5586913	7790919
5586913	10745167
5586913	11529968
5586913	13349924
5586914	5586938
5586915	4775639
5586916	5584736
5586916	5586937
5586917	4928420
5586917	4928445
5586917	6813770
5586918	5584734
5586918	5586935
5586919	5111297
5586920	1580043
5586920	5586932
5586921	1114363
5586923	4331714
5586924	5139541
5586925	1566429
5586925	12719424
5586926	3047087
5586927	2588417
5586928	4494424
5586928	9033086
5586929	4116293
5586930	5476880
5586930	6944135
5586931	2557753
5586932	5586920
5586933	4434962
5586933	5587263
5586934	2639564
5586934	2639569
5586934	12894485
5586935	5586918
5586936	5586897
5586936	12825308
5586937	5586916
5586938	5586914
5586939	2981821
5586940	5586913
5586941	4125555
5586942	5586912
5586943	4138983
5586944	5586908
5586945	5586897
5586945	12825308
5586946	5586907
5586947	5543285
5586948	5586906
5586949	5586904
5586949	5586905
5586950	5586903
5586951	5586897
5586951	12825308
5586952	5586893
5586953	5586891
5586954	636994
5586955	5586890
5586956	5586889
5586957	5586886
5586958	5586881
5586958	5586884
5586959	5586880
5586959	5586882
5586960	5586879
5586961	5586877
5586962	1879698
5586962	5586875
5586963	5586873
5586964	1681352
5586965	5586869
5586966	5586864
5586967	5586863
5586968	5586862
5586969	5586861
5586970	5586859
5586971	5586858
5586972	5586847
5586973	5586845
5586973	5586846
5586974	5586844
5586975	5586843
5586976	5586842
5586977	5586841
5586978	5586332
5586978	5586840
5586979	2490499
5586979	2782585
5586979	4932013
5586979	5588545
5586979	5593606
5586980	5586838
5586981	5586837
5586982	5586833
5586983	5586831
5586984	5586829
5586985	2647014
5586985	5587261
5586986	71536
5586986	5587260
5586987	24438
5586987	659339
5586987	2324683
5586988	10213
5586988	71536
5586988	5587257
5586989	71721
5586989	1548890
5586989	5587243
5586989	11684043
5586989	11684044
5586990	24439
5586991	69636
5586992	69636
5586993	69636
5586994	69636
5586995	69636
5586996	69636
5586997	2647010
5586997	5587237
5586997	10720450
5586998	70009
5586999	70009
5587000	70013
5587000	4332330
5587001	68946
5587001	70014
5587001	576650
5587001	577788
5587001	5587225
5587001	13380260
5587001	13380263
5587002	68946
5587002	70014
5587002	3357095
5587002	3566256
5587002	3566257
5587002	3566258
5587002	3665322
5587002	3665325
5587002	5587224
5587002	13380267
5587002	13380268
5587003	1027926
5587004	1027926
5587005	3047087
5587006	2026610
5587007	3726734
5587008	68533
5587009	68563
5587010	475766
5587011	471758
5587012	466631
5587013	459083
5587014	65892
5587014	1936236
5587014	5587220
5587014	6750945
5587014	8660843
5587014	8909108
5587014	8909112
5587014	12322161
5587015	10705
5587015	66113
5587015	5587210
5587016	10705
5587016	66113
5587017	858100
5587018	2588785
5587018	5294554
5587018	9026325
5587019	66766
5587019	1051457
5587019	5587207
5587020	2175511
5587021	4500166
5587022	852599
5587023	1843851
5587024	5587717
5587025	4663782
5587026	4663782
5587027	3588121
5587027	4902821
5587027	8802330
5587028	3588121
5587028	4902821
5587028	8802330
5587029	459048
5587030	459047
5587031	459048
5587032	2646987
5587032	5587206
5587033	3096360
5587034	64027
5587034	1016679
5587034	1318315
5587034	3737519
5587034	5238698
5587035	459047
5587036	458958
5587037	64230
5587037	5587195
5587038	64230
5587038	5587136
5587039	64230
5587039	5587178
5587040	64230
5587040	5587136
5587041	457125
5587042	457125
5587044	454743
5587045	212262
5587046	454441
5587047	5984631
5587047	11744374
5587048	457547
5587048	457548
5587049	457547
5587049	457548
5587050	457547
5587050	457548
5587051	62289
5587051	801079
5587051	1191020
5587051	4199389
5587051	5587130
5587051	10981404
5587051	10981407
5587052	11132
5587052	62289
5587052	5587116
5587052	10981412
5587052	10981413
5587053	63598
5587053	341988
5587053	5587104
5587054	63598
5587054	341988
5587054	5587100
5587055	454444
5587056	454444
5587057	62289
5587058	4260723
5587059	3818524
5587060	2648416
5587061	3696807
5587061	9819565
5587062	1504
5587062	450089
5587063	66989
5587063	5587064
5587064	66989
5587064	464592
5587064	5587063
5587064	8186952
5587064	11504742
5587065	413821
5587065	11504747
5587066	356200
5587067	356200
5587067	526259
5587068	356200
5587069	5342030
5587070	1504
5587070	450089
5587071	1622
5587072	1622
5587073	2261908
5587074	5587098
5587075	5587096
5587076	5587084
5587077	5587083
5587077	13863975
5587078	2646976
5587078	5587081
5587079	2646976
5587079	5587080
5587080	5587079
5587081	5587078
5587082	5566413
5587083	5587077
5587084	5587076
5587085	5565495
5587085	13008213
5587086	2646977
5587086	6352540
5587087	61614
5587087	2601370
5587087	6055147
5587087	6122266
5587087	6122273
5587087	13027344
5587088	5524608
5587088	5691958
5587088	8375826
5587089	61894
5587089	335926
5587090	61894
5587090	335926
5587090	816985
5587091	61894
5587091	335926
5587091	816985
5587092	5524602
5587093	287285
5587093	288982
5587093	2705686
5587093	5587095
5587094	287285
5587094	288982
5587094	2705686
5587094	5587095
5587095	287285
5587095	288982
5587095	2705686
5587095	5587093
5587095	5587094
5587096	5587075
5587097	11496
5587097	56277
5587097	750268
5587097	13622397
5587098	5587074
5587099	37696
5587100	5587054
5587101	3628486
5587102	682266
5587103	3935199
5587104	5587053
5587105	2900571
5587105	2900572
5587106	55573
5587106	56916
5587106	634724
5587107	2900571
5587107	2900572
5587108	2900571
5587108	2900572
5587109	2646970
5587110	57489
5587111	57489
5587112	57489
5587113	57489
5587114	3333892
5587115	3333904
5587116	1633913
5587116	5587052
5587117	3333904
5587118	59672
5587119	64463
5587120	68425
5587121	68456
5587122	11434
5587122	57545
5587122	1187640
5587123	11434
5587123	57545
5587123	1187640
5587124	68456
5587125	70960
5587126	70960
5587127	370708
5587127	451339
5587128	370708
5587128	451339
5587129	2647289
5587130	1707198
5587130	5587051
5587131	3738270
5587132	3024376
5587133	4262322
5587134	3738270
5587135	3024376
5587136	5587038
5587136	5587040
5587137	3820116
5587138	3820116
5587139	3820116
5587140	3820116
5587141	241898
5587141	5587142
5587142	241898
5587142	5587141
5587143	271741
5587144	271741
5587145	282370
5587146	282370
5587147	54971
5587148	953291
5587149	54971
5587149	6465622
5587150	953291
5587151	54971
5587152	54982
5587152	2548201
5587153	71000
5587154	71000
5587155	71000
5587156	71000
5587157	452275
5587158	257472
5587159	249379
5587160	2646963
5587160	11147323
5587161	2646964
5587161	12144990
5587161	12157215
5587162	2646964
5587162	12157221
5587163	55761
5587164	55781
5587164	55783
5587164	1787407
5587164	1801086
5587164	2428685
5587164	6132283
5587164	8931014
5587165	2646953
5587165	7673733
5587165	7680758
5587165	7680759
5587165	8072723
5587165	8073668
5587165	13265546
5587166	2646954
5587167	49523
5587167	948913
5587167	6888264
5587168	2163526
5587168	5587889
5587169	238896
5587170	34330
5587171	50921
5587171	651847
5587172	5208892
5587173	4501462
5587174	51899
5587174	3448348
5587175	436247
5587176	51899
5587177	2646952
5587178	5587039
5587179	1488011
5587180	1487664
5587181	436249
5587182	2646940
5587183	45521
5587184	45521
5587185	2646941
5587186	298338
5587186	12179849
5587187	46975
5587187	830223
5587187	2222510
5587187	7588569
5587187	8332655
5587188	2646932
5587188	3705238
5587191	2646933
5587191	4456345
5587192	42907
5587192	7553038
5587192	12477032
5587193	2424265
5587193	2823520
5587193	12559170
5587194	44614
5587194	396141
5587194	783250
5587194	784766
5587195	5587037
5587196	5587303
5587196	8114618
5587197	5587299
5587197	5587815
5587197	5588847
5587197	5910570
5587197	5910571
5587197	10587311
5587198	5587228
5587198	5587230
5587198	5587296
5587198	5587822
5587198	5587896
5587198	5593424
5587198	7045806
5587198	7045807
5587199	2403463
5587199	4141851
5587199	4707198
5587199	4707199
5587199	4732326
5587199	4733771
5587199	5587295
5587199	5588846
5587199	5602578
5587199	5602579
5587199	5602581
5587199	5602582
5587199	6292828
5587200	5587244
5587200	5587245
5587200	5587247
5587200	5587248
5587200	5587291
5587200	5587834
5587200	5587837
5587200	5587840
5587200	5587843
5587200	5587845
5587200	10057626
5587200	10057627
5587200	10506650
5587200	10506651
5587200	10506652
5587200	10506653
5587200	10506654
5587200	10506655
5587200	10506656
5587200	10506657
5587200	10506659
5587200	10506660
5587201	5587208
5587201	5587211
5587201	5587289
5587202	3714121
5587202	3714122
5587202	5587286
5587202	5587851
5587202	9630018
5587202	10676576
5587203	3942558
5587203	5020123
5587203	5587223
5587203	5587857
5587203	6459378
5587203	7675741
5587203	11783686
5587204	5587282
5587204	10094074
5587204	11228066
5587205	5587212
5587205	5587213
5587205	5587281
5587205	5587865
5587205	5596390
5587205	5596391
5587205	7757494
5587206	5587032
5587207	5587019
5587208	5587201
5587208	10748492
5587209	41486
5587209	1985724
5587210	5587015
5587211	5587201
5587212	5587205
5587212	13618658
5587213	5587205
5587214	68948
5587214	446497
5587215	68948
5587216	68948
5587216	901650
5587217	68948
5587218	68948
5587219	68948
5587220	5587014
5587221	403063
5587222	403063
5587223	3447146
5587223	3448677
5587223	5348243
5587223	5587203
5587223	5597085
5587223	6439186
5587223	6817977
5587223	10541278
5587223	10780916
5587224	68946
5587224	5587002
5587225	68946
5587225	5587001
5587225	8465301
5587226	4710958
5587228	5587198
5587228	9161205
5587229	4957816
5587230	5587198
5587230	9161205
5587231	2301250
5587231	5375581
5587231	5375582
5587232	5587459
5587232	5587592
5587232	5587799
5587233	5368328
5587234	5587487
5587234	5587488
5587234	5587591
5587234	5587806
5587234	5587930
5587234	5588845
5587234	7342082
5587234	7342083
5587234	7342084
5587234	7342085
5587234	7342086
5587234	7342087
5587234	7342088
5587234	7342089
5587234	10679334
5587235	521501
5587236	5587455
5587236	5587456
5587236	5587457
5587236	5587458
5587236	5587588
5587236	5590990
5587236	8284524
5587236	8284527
5587236	8284528
5587236	8284530
5587236	8284531
5587236	8284532
5587237	5586997
5587238	4994717
5587239	625404
5587240	1503090
5587240	1522961
5587240	1530329
5587240	1533618
5587241	5587453
5587241	5587587
5587241	11084576
5587242	5587452
5587242	5587586
5587243	5586989
5587244	5587200
5587244	10057680
5587245	5587200
5587246	5344131
5587247	5587200
5587248	5587200
5587249	5307120
5587250	5587451
5587250	5587585
5587250	5587790
5587251	40123
5587252	5587450
5587252	5587584
5587252	5587792
5587253	40123
5587254	40123
5587255	2266956
5587255	4890947
5587257	5586988
5587258	4053523
5587259	585633
5587259	1313534
5587259	1494085
5587259	5590989
5587259	11077926
5587260	5586986
5587261	5586985
5587262	5587449
5587262	5587582
5587262	5590988
5587263	5586933
5587264	5587445
5587264	5587581
5587264	5590986
5587264	6014914
5587264	7077656
5587264	7526592
5587264	10295279
5587265	2493196
5587265	2493893
5587265	2518144
5587265	13287049
5587266	5587443
5587266	5587580
5587266	5590985
5587266	5598987
5587267	5587441
5587267	5587579
5587267	5589775
5587267	7221249
5587267	7221250
5587267	7221251
5587267	7221252
5587267	7221253
5587267	7221254
5587267	7221255
5587267	7221256
5587267	9945001
5587267	10206058
5587268	859051
5587269	3520972
5587270	3694368
5587271	2490494
5587273	423025
5587274	5587439
5587274	5587578
5587274	5590984
5587274	7546705
5587274	7546706
5587274	12437741
5587274	12439851
5587275	1334553
5587276	5587426
5587276	5587437
5587276	5587577
5587276	5590983
5587276	5718779
5587276	7330146
5587276	10650595
5587277	501920
5587277	501921
5587277	8282436
5587277	8282438
5587278	4585104
5587279	3599236
5587280	4581442
5587281	5587205
5587282	5587204
5587283	2827398
5587284	3541759
5587285	4510592
5587286	5587202
5587287	3187960
5587288	1108745
5587289	5587201
5587290	4299209
5587290	4962626
5587291	5587200
5587292	5240722
5587293	2294114
5587293	5587294
5587294	2294114
5587294	5587293
5587295	5587199
5587296	5587198
5587297	1867907
5587298	3496601
5587299	5587197
5587300	996483
5587301	3602091
5587301	3868652
5587302	5587469
5587302	5587499
5587302	5587576
5587302	5590982
5587302	11604036
5587302	11604037
5587302	11604104
5587303	5587196
5587304	4598338
5587305	1024570
5587306	299967
5587307	65593
5587308	65593
5587309	65593
5587310	5587498
5587310	5587575
5587310	7351293
5587310	7351294
5587311	65593
5587312	4902740
5587313	2425766
5587313	2425767
5587313	3382076
5587313	3382077
5587314	2541956
5587315	2956247
5587316	3590719
5587317	434604
5587318	434604
5587319	2652718
5587320	434604
5587321	4500812
5587322	434614
5587323	434614
5587324	4014730
5587325	1492459
5587326	1045083
5587326	1046682
5587327	2584888
5587327	11829514
5587327	11829515
5587328	5586347
5587329	416856
5587330	416856
5587331	416856
5587332	5587412
5587332	5587417
5587332	5587574
5587332	5588814
5587332	5668215
5587332	10123331
5587333	5019749
5587334	1035105
5587335	2262060
5587335	4953964
5587336	3614935
5587337	5570710
5587337	5587646
5587338	3258636
5587339	3529494
5587339	6196106
5587340	5353229
5587340	5353230
5587341	2061258
5587341	2061259
5587342	5568124
5587342	5700259
5587343	3557869
5587344	1196189
5587345	5568099
5587345	5587634
5587345	6379388
5587346	5586815
5587347	3201307
5587347	5586364
5587347	5586366
5587347	5586368
5587347	5586369
5587347	7028212
5587348	2532123
5587349	5586814
5587350	4499700
5587350	5586813
5587351	5586812
5587352	3643491
5587353	5586811
5587354	5586810
5587355	5586809
5587355	5611088
5587356	5563819
5587356	5587631
5587357	5586808
5587358	3201307
5587359	5586807
5587360	5586806
5587361	5586521
5587362	5586520
5587363	5586519
5587364	5586518
5587365	5540472
5587366	5586517
5587367	5540476
5587367	5587593
5587368	5586516
5587369	5586515
5587370	2001333
5587370	8892044
5587370	8892045
5587371	5536717
5587371	5587568
5587372	5586514
5587373	5586513
5587374	5586512
5587375	5586342
5587376	5530662
5587376	5587567
5587377	5586342
5587378	5586340
5587379	5525691
5587379	5587562
5587379	6447237
5587379	7067787
5587379	7458917
5587379	13378316
5587379	13387027
5587380	5586339
5587381	5586338
5587382	133317
5587382	5587565
5587383	431724
5587383	5587558
5587384	5586336
5587385	5586335
5587386	2888313
5587387	3522079
5587387	14005385
5587387	14005387
5587388	3733308
5587388	3888973
5587388	3962485
5587388	3992972
5587388	6643873
5587388	7088945
5587389	5586334
5587390	5586331
5587391	5586326
5587392	4264690
5587393	5586325
5587393	10659101
5587393	13546178
5587393	13546183
5587393	13546188
5587393	13546217
5587394	5586324
5587395	5586323
5587396	5586322
5587397	5586320
5587398	954491
5587399	5586319
5587399	5925701
5587399	9818593
5587399	9818594
5587400	2249427
5587401	5586318
5587402	2539228
5587403	5586253
5587404	4876413
5587405	6090418
5587405	6090419
5587405	6090423
5587405	6090433
5587406	5586252
5587407	5586251
5587408	1840408
5587408	3892338
5587408	5469440
5587409	5586250
5587410	255985
5587411	3161769
5587412	5587332
5587412	5587417
5587412	5668215
5587413	3826114
5587414	5587494
5587414	5587572
5587414	5588813
5587414	5588820
5587414	5928426
5587414	10582815
5587415	3903810
5587415	4026405
5587415	4026406
5587415	4026407
5587415	4026408
5587416	4252865
5587416	5570382
5587416	5570384
5587416	5570385
5587417	5587332
5587417	5587412
5587417	5587548
5587417	5588814
5587419	4646803
5587420	5587440
5587421	1886430
5587421	1993207
5587423	3737009
5587423	5588875
5587423	8816786
5587423	9855752
5587424	3738806
5587424	5588873
5587424	5588874
5587425	3903390
5587425	3903421
5587425	3906008
5587425	3906044
5587425	3906127
5587425	3906734
5587425	3906781
5587425	5588872
5587425	5756084
5587426	5587276
5587426	5590983
5587427	1674901
5587427	2048887
5587427	5588879
5587427	7536669
5587427	9459641
5587428	5587526
5587428	5587566
5587428	5588420
5587428	5588811
5587428	5588880
5587428	6148998
5587428	9420614
5587428	13569266
5587430	5587523
5587430	5587557
5587430	5588881
5587430	5910572
5587430	5910573
5587430	6872123
5587430	6872124
5587430	8494263
5587431	5587555
5587431	6311019
5587431	10657236
5587431	10657237
5587432	5587520
5587432	5587551
5587432	5588841
5587432	9420078
5587433	5587522
5587433	5587549
5587434	5587514
5587434	5587547
5587434	5588882
5587434	6288251
5587434	6812957
5587434	6812958
5587435	431565
5587435	2106549
5587435	5587545
5587435	5588810
5587435	5958163
5587435	10112127
5587436	5587544
5587436	5588809
5587436	8735276
5587436	8735277
5587437	5587276
5587438	5263819
5587439	5587274
5587439	5590984
5587439	12437741
5587440	5587420
5587441	5587267
5587441	9945001
5587442	5587460
5587442	5587542
5587442	5588702
5587442	6701968
5587442	6701971
5587443	5587266
5587444	5587535
5587444	5588808
5587444	6737574
5587444	6737576
5587444	6737578
5587444	6737580
5587444	9981142
5587444	13243792
5587445	5587264
5587445	5590986
5587445	10817566
5587446	5586349
5587446	5586351
5587446	8084291
5587446	10764751
5587446	12444291
5587447	5586301
5587448	5586301
5587449	5587262
5587449	6799702
5587449	6906919
5587450	5587252
5587450	6630782
5587451	5587250
5587452	5587242
5587453	5587241
5587453	11084576
5587454	5588926
5587454	5617841
5587454	10871961
5587455	5587236
5587456	5587236
5587457	5587236
5587458	5587236
5587459	5587232
5587460	5587442
5587461	1349926
5587461	9052971
5587462	3359079
5587462	5588871
5587463	5344159
5587464	3852702
5587465	2549163
5587465	5454123
5587465	6471469
5587465	7911525
5587465	7913600
5587465	8406794
5587465	8406796
5587465	11641781
5587466	2334068
5587466	13625187
5587467	709211
5587468	5369251
5587469	5587302
5587469	5587576
5587469	11604036
5587469	11604037
5587469	11604104
5587470	3453800
5587471	1497660
5587472	2647618
5587473	2647618
5587474	5586249
5587475	5586248
5587476	5586247
5587477	5586245
5587478	4573585
5587479	4606875
5587479	12247896
5587480	2338449
5587482	3326131
5587483	4650280
5587486	4595631
5587487	5587234
5587488	5587234
5587489	5109572
5587489	6053635
5587491	2406179
5587491	12245790
5587492	2406179
5587494	5587414
5587494	5588813
5587495	3427567
5587496	4470326
5587497	4260180
5587498	5587310
5587498	12154725
5587498	12154726
5587499	5587302
5587500	2994403
5587501	3495264
5587502	3495264
5587503	5368594
5587504	4076287
5587505	1095718
5587507	1092605
5587508	4118461
5587511	4653871
5587512	4464200
5587513	4464200
5587514	5587434
5587514	5587521
5587515	5156378
5587516	2097392
5587516	5588870
5587517	5369709
5587518	4009048
5587518	4009052
5587518	5588868
5587519	1688182
5587520	5587432
5587520	10696033
5587520	10851527
5587521	5587514
5587522	5587433
5587523	5587430
5587524	3630283
5587525	4082970
5587525	5588863
5587525	5588865
5587525	5588866
5587526	5587428
5587526	5588420
5587526	5588811
5587526	7636314
5587527	4592477
5587529	5331676
5587530	133603
5587531	3597383
5587533	5329170
5587534	2713096
5587535	5587444
5587536	3555264
5587537	4857301
5587538	2923824
5587541	3489195
5587542	5587442
5587543	4630848
5587544	5587436
5587545	5587435
5587546	4373391
5587547	5587434
5587548	5587417
5587549	5587433
5587551	5587432
5587555	5587431
5587556	4704992
5587557	5587430
5587558	5587383
5587559	4844493
5587559	5588861
5587560	2565188
5587560	5588860
5587562	3032658
5587562	5587379
5587562	13378483
5587562	13378484
5587563	2591094
5587563	2591095
5587564	410785
5587565	5587382
5587566	5587428
5587567	5530662
5587567	5587376
5587568	5587371
5587569	4666097
5587570	5115790
5587571	5115790
5587572	5587414
5587574	5587332
5587575	5587310
5587575	7239461
5587576	5587302
5587576	5587469
5587576	11604036
5587576	11604037
5587576	11604104
5587577	5587276
5587577	5718779
5587578	5587274
5587579	5587267
5587580	5587266
5587581	5587264
5587581	8662305
5587582	5587262
5587583	2994403
5587584	5587252
5587585	5587250
5587586	5587242
5587587	5587241
5587587	11084576
5587588	5587236
5587589	2544009
5587590	2018883
5587590	5514069
5587590	5514083
5587591	5587234
5587592	5587232
5587593	5587367
5587594	5586424
5587595	5586354
5587596	39010
5587596	1706999
5587596	5537619
5587597	5586350
5587598	2743035
5587599	5586349
5587600	5287290
5587601	5287290
5587602	2059855
5587605	5586346
5587606	39374
5587606	13949381
5587607	2402264
5587608	2402264
5587608	7295297
5587608	7295298
5587609	2402264
5587610	2402264
5587611	2402264
5587612	2402264
5587613	2402264
5587614	5586343
5587615	2402264
5587616	1887643
5587617	1887643
5587618	1887643
5587619	5586301
5587619	8500667
5587620	1887643
5587621	2240232
5587622	3148292
5587623	2361487
5587624	2361487
5587625	5586162
5587626	2361487
5587627	2361487
5587628	2361487
5587629	2361487
5587630	5586158
5587631	5587356
5587632	3734832
5587633	5586053
5587634	5587345
5587635	3921331
5587635	4631892
5587636	3921331
5587637	1216289
5587637	5296466
5587637	11106519
5587638	1216289
5587638	5296466
5587638	11106519
5587639	1216289
5587639	5296466
5587639	11106519
5587640	1216289
5587640	5296466
5587640	11106519
5587641	5585992
5587643	2052204
5587644	2052204
5587645	2646906
5587645	13351284
5587646	5587337
5587647	46935
5587647	1223704
5587648	46935
5587649	264918
5587650	264918
5587651	264918
5587652	264918
5587653	2646901
5587653	2930995
5587653	5803716
5587654	2646901
5587654	5803715
5587655	5598308
5587656	5598180
5587657	2646901
5587657	5803716
5587658	2646901
5587658	5803715
5587659	433511
5587659	4964200
5587659	4970070
5587659	5587737
5587659	5587770
5587659	5587772
5587659	5587774
5587659	8690499
5587660	5598187
5587661	2646901
5587661	13679292
5587662	2646901
5587662	5815877
5587663	2334068
5587663	6237479
5587663	6659770
5587663	13625186
5587664	36596
5587664	36608
5587664	129219
5587664	772431
5587665	5598208
5587666	2343967
5587667	2532447
5587667	8354422
5587667	8354451
5587668	2354525
5587668	2354599
5587669	1852167
5587670	2646904
5587671	2181331
5587672	36783
5587672	1159541
5587672	1182885
5587672	3824599
5587673	36783
5587673	1159540
5587673	1182887
5587673	3824599
5587674	505172
5587674	11225355
5587675	5598210
5587675	5598211
5587676	32708
5587676	529005
5587677	1088037
5587678	34361
5587678	1264957
5587678	7562985
5587679	1541246
5587680	2223617
5587680	2643856
5587681	34826
5587681	388527
5587681	618938
5587681	1037557
5587681	11279709
5587681	12549949
5587682	2505843
5587682	2532734
5587682	11644291
5587682	13153589
5587683	991052
5587684	1794149
5587684	1824841
5587684	13604618
5587685	2125510
5587686	5598220
5587686	12229339
5587687	5598223
5587688	981639
5587689	5598234
5587690	953809
5587690	5586356
5587691	5598236
5587692	5598237
5587692	5598238
5587693	3516105
5587693	12842908
5587694	1057493
5587695	1057493
5587696	5585502
5587697	674193
5587697	7468201
5587697	7468202
5587698	5215554
5587699	5215555
5587700	5576470
5587701	2756500
5587702	3366380
5587703	3366380
5587703	8975010
5587704	135055
5587704	406768
5587704	438342
5587704	475188
5587704	475189
5587704	1254883
5587704	5588685
5587704	13179431
5587704	13379560
5587704	13379561
5587705	2366867
5587705	5589218
5587705	9382377
5587705	9382379
5587705	10568830
5587706	5598311
5587707	1656205
5587708	69370
5587708	341846
5587709	69370
5587709	5588026
5587710	2219768
5587711	5204239
5587712	3573919
5587713	5598351
5587714	2366894
5587714	7468008
5587714	8104360
5587714	8339651
5587715	1567125
5587716	5598357
5587717	5587024
5587718	2366893
5587718	12096747
5587719	5598369
5587719	5598708
5587721	5598374
5587722	3348812
5587723	3348812
5587724	2366891
5587724	2366892
5587724	5587725
5587724	7468117
5587724	10568851
5587724	12923036
5587725	2366891
5587725	2366892
5587725	5587724
5587725	7468117
5587725	11522068
5587725	12923036
5587726	5589212
5587726	7467661
5587727	2366878
5587728	1637707
5587728	5588376
5587728	5588925
5587729	1094769
5587731	5598378
5587732	614476
5587733	448914
5587733	5617840
5587733	6533661
5587734	2646896
5587734	5588023
5587735	35363
5587735	4178188
5587735	5588183
5587736	1627161
5587736	5588182
5587737	5587659
5587738	5216749
5587739	5216750
5587740	5216751
5587741	5216752
5587742	5216753
5587743	2394310
5587744	5217330
5587745	5217331
5587746	5217332
5587747	5217333
5587748	5217334
5587749	5217020
5587750	5216737
5587751	5216738
5587752	5216754
5587753	5216756
5587754	5216757
5587755	5216758
5587756	5216759
5587757	2898087
5587757	5727014
5587758	5217309
5587759	4573684
5587760	5217310
5587761	5217310
5587762	2492851
5587762	5087471
5587762	13902396
5587763	2492851
5587763	5087471
5587764	2492851
5587764	5087471
5587764	5587942
5587764	13902703
5587765	5217312
5587766	5217313
5587767	5217314
5587768	5217315
5587769	5217316
5587770	5587659
5587771	5217317
5587772	5587659
5587772	8648381
5587773	2240473
5587773	4875283
5587773	5587929
5587773	5587934
5587773	5587936
5587774	5587659
5587775	5217321
5587776	5217322
5587777	5217323
5587778	5217324
5587779	5217325
5587780	5217326
5587781	5217327
5587782	5263713
5587783	5217328
5587784	5217329
5587785	5217318
5587786	5217319
5587787	5217299
5587788	5217300
5587789	5217301
5587790	5587250
5587791	5217302
5587792	5587252
5587792	6630782
5587793	5152269
5587794	5217303
5587795	5217304
5587796	5217305
5587797	436661
5587798	5217306
5587799	5587232
5587799	5587919
5587800	5217307
5587801	5217308
5587802	16290
5587803	5217288
5587804	5217291
5587804	5218161
5587805	5217292
5587806	5587234
5587806	5587901
5587806	5587904
5587807	5217293
5587808	5217294
5587809	5217295
5587810	2394309
5587811	5217296
5587812	5217297
5587813	5217298
5587814	51415
5587815	5587197
5587815	10587311
5587816	5217264
5587817	2541998
5587817	5216736
5587818	5216755
5587819	5216766
5587820	5216770
5587821	5216772
5587822	5587198
5587822	5587896
5587823	56080
5587824	5217286
5587825	5586779
5587826	5217287
5587827	5589197
5587827	7069124
5587827	8244834
5587827	10301779
5587828	5217998
5587829	5218000
5587830	5218001
5587831	5218002
5587832	5218003
5587833	5218004
5587834	5587200
5587835	274348
5587836	5218005
5587837	5587200
5587838	3727998
5587838	5218006
5587839	5217801
5587840	5587200
5587841	5217988
5587842	5217989
5587843	5587200
5587844	5217990
5587845	5587200
5587846	5217991
5587847	4157290
5587847	6467770
5587848	5217992
5587849	5217993
5587850	5217994
5587851	5587202
5587852	5217995
5587853	31710
5587853	6170009
5587853	8574492
5587854	5217996
5587855	1815811
5587855	1903002
5587855	5587985
5587855	5589209
5587855	5590605
5587855	12476224
5587857	3409172
5587857	5587203
5587857	6357963
5587857	6817977
5587858	5217997
5587859	3455466
5587860	5217977
5587861	706879
5587861	1143147
5587861	1432665
5587861	1514699
5587861	3647775
5587861	3866906
5587861	8602859
5587861	8697259
5587861	11716380
5587861	11716381
5587862	5217978
5587863	5217979
5587864	5217980
5587865	5587205
5587866	5217981
5587868	5217983
5587869	5217983
5587870	5217983
5587871	2236687
5587871	5586807
5587871	8616557
5587871	9836961
5587872	5217984
5587873	6602347
5587873	6602366
5587874	5217985
5587875	5586769
5587876	5217986
5587877	5217987
5587878	5586769
5587878	5586776
5587879	5586769
5587880	5217965
5587881	5586810
5587882	5217966
5587883	5217967
5587884	5586811
5587884	11895151
5587884	11952811
5587884	11952813
5587885	5217967
5587886	5217968
5587887	5585360
5587888	5217970
5587889	5587168
5587890	5217971
5587891	5217972
5587892	5217973
5587893	4875396
5587894	5217974
5587895	5586517
5587895	5586823
5587895	8970498
5587895	11903857
5587895	13060104
5587896	5587198
5587896	5587822
5587897	5217976
5587898	5216735
5587899	2470812
5587899	3529705
5587899	3529706
5587900	5586518
5587901	5587806
5587902	5217311
5587903	5217957
5587904	5587806
5587905	5217958
5587906	5217959
5587907	5586520
5587908	5217960
5587909	7546153
5587909	7547289
5587910	5586520
5587910	6868330
5587911	5217961
5587912	5586520
5587912	6434788
5587912	6869086
5587913	5217962
5587915	5586520
5587916	5217963
5587917	5586520
5587917	6434788
5587917	6869086
5587918	5217964
5587919	5587799
5587921	5586520
5587922	5216725
5587923	5216726
5587924	5216729
5587925	5216730
5587925	5216732
5587926	5216731
5587927	5216733
5587928	5216734
5587929	5587773
5587930	5587234
5587931	5215577
5587932	8877918
5587932	8877920
5587933	5215578
5587934	5587773
5587935	5215579
5587936	5587773
5587937	5215580
5587938	5216304
5587939	5216329
5587940	5216415
5587941	5216416
5587942	5587764
5587943	11669117
5587944	5216723
5587945	5216724
5587946	5215567
5587948	5586765
5587949	10918504
5587950	31543
5587950	5588179
5587951	5215568
5587952	31543
5587952	5588181
5587953	31543
5587953	5588179
5587954	5215569
5587955	433882
5587956	31543
5587956	5588177
5587957	5215570
5587958	31543
5587958	5588178
5587959	31543
5587959	5588177
5587960	5215571
5587961	5215572
5587962	5215573
5587963	5215574
5587964	5215575
5587966	5215576
5587970	3502637
5587972	1823342
5587973	2275201
5587974	2542576
5587975	2821197
5587976	5402485
5587978	5587982
5587979	5288693
5587979	5290893
5587979	5588002
5587981	4076171
5587982	5587978
5587983	3726796
5587983	7189397
5587984	2435443
5587985	5587855
5587986	3591521
5587987	4753740
5587988	10361137
5587989	1066671
5587990	317699
5587991	9051162
5587992	659501
5587992	5588173
5587993	2646887
5587993	5588138
5587993	6653397
5587993	13153608
5587994	13645124
5587995	4862626
5587996	2646887
5587996	5588170
5587996	6653397
5587997	2646887
5587997	5588138
5587997	6653397
5587998	4218999
5588000	3659139
5588001	1784077
5588002	5288693
5588002	5587979
5588003	2735480
5588004	4764998
5588006	13443
5588006	32643
5588006	478641
5588006	2176563
5588006	3536126
5588007	5371980
5588007	6399524
5588008	5384746
5588009	5384746
5588011	4187057
5588012	31458
5588012	1251690
5588012	3910131
5588012	9707460
5588013	31458
5588013	1251690
5588013	3910131
5588013	9707460
5588013	13990496
5588014	5589207
5588014	7097241
5588014	8034330
5588014	8034357
5588014	10491387
5588015	31530
5588015	341559
5588015	2249030
5588015	11950474
5588015	12607912
5588015	12689069
5588015	13990449
5588017	2134331
5588018	1489591
5588019	2420762
5588020	1673055
5588021	443151
5588023	5587734
5588024	4962127
5588026	5587709
5588027	6773174
5588028	5589202
5588028	8746011
5588028	8746050
5588028	10115551
5588029	3466489
5588030	3115740
5588031	4493611
5588033	5380460
5588034	4529536
5588035	2730775
5588036	4855514
5588037	4963268
5588038	1570765
5588039	1267428
5588040	2018796
5588041	2018796
5588042	3120000
5588043	5573170
5588043	5588853
5588044	1215619
5588046	2264220
5588047	3719146
5588047	5588056
5588047	5588060
5588047	5604776
5588047	7681167
5588047	8381751
5588047	12454619
5588047	12465381
5588048	4076190
5588049	5430702
5588049	5430703
5588049	5430704
5588050	1164330
5588051	29754
5588053	3217621
5588054	2900090
5588054	4435829
5588054	5466054
5588055	3309040
5588056	3719146
5588056	5588047
5588057	3309040
5588058	2253864
5588058	7883916
5588058	11847952
5588059	4779632
5588060	3719146
5588060	5588047
5588061	27828
5588061	5588137
5588061	13146970
5588063	3555578
5588063	5588849
5588064	3888996
5588064	7896756
5588065	3913773
5588065	4438016
5588066	3439627
5588067	4059112
5588068	28138
5588068	5588136
5588069	5482891
5588069	5809663
5588070	3416877
5588071	4460594
5588072	5585573
5588073	3592869
5588073	10125452
5588074	2971705
5588075	3327628
5588077	2730782
5588077	2977682
5588077	2977683
5588078	2304
5588078	1253288
5588080	5589191
5588080	5590981
5588081	3719148
5588081	5588082
5588081	5588083
5588081	5653581
5588081	12432975
5588082	3719148
5588082	5588081
5588083	3719148
5588083	5588081
5588084	3592869
5588085	865250
5588085	2812598
5588086	3092289
5588087	2044425
5588088	3738018
5588088	5535892
5588089	953497
5588090	953497
5588091	5292775
5588091	6650769
5588092	19451
5588093	239511
5588093	1757542
5588093	6920462
5588094	1315822
5588095	3921177
5588095	4241922
5588096	3259589
5588097	241623
5588098	3906917
5588099	3911929
5588099	5588848
5588100	460019
5588100	13012754
5588100	13012756
5588101	4014591
5588102	460019
5588102	13012760
5588102	13012761
5588103	5536153
5588104	1686956
5588104	1687286
5588104	1709562
5588105	2375063
5588105	2732289
5588105	5588805
5588105	5588892
5588105	5588903
5588105	5589189
5588105	10598822
5588105	12964060
5588105	13428288
5588106	2537894
5588107	5277019
5588108	30826
5588108	546701
5588108	756562
5588109	34783
5588110	5588172
5588110	5588174
5588110	5588175
5588110	5588176
5588110	5588803
5588110	5589100
5588110	5590604
5588110	6635886
5588110	8066173
5588110	8066174
5588110	8066175
5588111	5588189
5588111	5589098
5588111	5910574
5588112	5519361
5588112	5588191
5588112	5588801
5588112	5588890
5588112	5589213
5588112	7663852
5588112	7834272
5588112	8804941
5588112	8805194
5588113	5588171
5588113	5589043
5588113	5593420
5588114	5552056
5588114	5590603
5588114	5776113
5588114	13286589
5588114	13397432
5588115	5588769
5588115	5588816
5588115	5589041
5588115	5589046
5588115	5910575
5588116	5588169
5588116	5589040
5588116	5590602
5588116	5803165
5588117	5588167
5588117	5589039
5588117	5590601
5588117	10241752
5588118	5588159
5588118	5588161
5588118	5588164
5588118	5588166
5588118	5589038
5588118	8548243
5588118	13906259
5588119	5588157
5588119	5588158
5588119	5588891
5588119	5589035
5588119	5924716
5588120	2249233
5588120	2847802
5588121	26454
5588121	442775
5588122	26454
5588123	2263548
5588124	4493700
5588124	5370551
5588124	5370552
5588124	5588844
5588125	2249233
5588126	2249233
5588127	2249233
5588128	2245753
5588128	8924143
5588129	2646862
5588130	2646862
5588131	2245753
5588132	2245753
5588133	2245753
5588134	24758
5588134	1315416
5588134	8312850
5588135	25304
5588135	338264
5588135	1798625
5588135	2135467
5588136	5588068
5588137	5588061
5588138	5587993
5588138	5587997
5588139	3329002
5588139	4068161
5588139	5588143
5588139	5588766
5588139	7007744
5588139	7074488
5588140	1312820
5588140	9288970
5588140	9288971
5588141	1312820
5588141	9288970
5588141	9288971
5588142	1312820
5588142	9288970
5588142	9288971
5588143	4068161
5588143	5588139
5588144	1312820
5588144	9288970
5588144	9288971
5588145	1312820
5588145	9288970
5588145	9288971
5588146	2548109
5588147	2713150
5588148	4068161
5588149	370583
5588149	372312
5588149	5651074
5588150	1723010
5588151	1094340
5588151	2407602
5588151	9298772
5588152	4186553
5588153	4186553
5588153	5588918
5588154	2490792
5588155	1213454
5588156	5375130
5588156	5588917
5588156	13970210
5588157	5588119
5588158	5588119
5588159	5588118
5588159	5588231
5588160	287323
5588160	1117761
5588160	5588916
5588161	5588118
5588161	5588225
5588162	4080619
5588162	4085956
5588162	4085957
5588162	5972718
5588162	13768713
5588163	1930253
5588163	5588915
5588164	5588118
5588164	5588231
5588165	4256111
5588165	4805419
5588165	5588842
5588165	5588914
5588166	5588118
5588166	5588225
5588167	5588117
5588167	5588215
5588167	10241752
5588167	13190487
5588168	2465017
5588169	5588116
5588169	5588207
5588169	5803165
5588170	5587996
5588171	5588113
5588171	5588200
5588172	5588110
5588172	5588185
5588173	5587992
5588174	5588110
5588174	5588184
5588175	5588110
5588175	5588185
5588175	5588803
5588176	5588110
5588176	5588184
5588177	5587956
5588177	5587959
5588178	5587958
5588179	5587950
5588179	5587953
5588180	5257163
5588180	5280565
5588181	5587952
5588182	5587736
5588183	5587735
5588184	5588174
5588184	5588176
5588185	5588172
5588185	5588175
5588186	5379985
5588187	5215556
5588188	1092506
5588188	3653070
5588188	10193629
5588188	13636774
5588188	13636782
5588189	5588111
5588189	5589217
5588190	5215557
5588191	5588112
5588191	5589213
5588191	13842533
5588192	5215558
5588193	5215559
5588194	5215560
5588195	5215561
5588195	8488997
5588195	8488999
5588196	5215562
5588197	5215563
5588198	5215564
5588199	5215565
5588200	5588171
5588201	5216739
5588202	3163030
5588202	3163092
5588203	5216740
5588204	5216741
5588205	5216742
5588206	3725707
5588207	5588169
5588208	5216743
5588209	5216744
5588210	3725707
5588211	5216745
5588212	5216746
5588213	5216747
5588214	5380003
5588215	5588167
5588216	2546253
5588216	4437909
5588217	5216748
5588218	5216760
5588219	5216761
5588220	5216762
5588221	5216763
5588222	5589211
5588223	5216764
5588224	5216765
5588225	5588161
5588225	5588166
5588226	5216767
5588227	19736
5588227	1720608
5588227	5589210
5588228	5216768
5588229	437085
5588229	942490
5588230	5216769
5588231	5588159
5588231	5588164
5588232	5216771
5588233	1838385
5588233	1838571
5588233	1838572
5588233	1838573
5588233	1838574
5588233	2936226
5588234	5216773
5588235	5216431
5588236	5216436
5588237	5216417
5588238	5216412
5588239	20096
5588239	1781895
5588239	5589206
5588239	10305411
5588240	5216414
5588241	20096
5588241	5589204
5588242	5215581
5588243	5215583
5588244	5215584
5588245	5215585
5588246	5215586
5588246	8640009
5588247	20280
5588247	519733
5588247	627751
5588247	12511382
5588248	5215588
5588249	503752
5588249	513093
5588250	20280
5588250	237231
5588250	930220
5588250	7278068
5588250	12511383
5588251	5215589
5588252	5215590
5588253	5215591
5588254	5215592
5588255	5215593
5588256	5215593
5588257	5215594
5588258	5215595
5588259	5215596
5588260	5215597
5588261	5216280
5588262	5216281
5588263	5216282
5588264	4073489
5588264	5511824
5588264	5588763
5588264	5588883
5588264	5588920
5588264	7263460
5588264	13498505
5588265	2519884
5588265	5588525
5588265	5588761
5588265	5589033
5588266	5589031
5588266	7742179
5588267	5588838
5588267	5588885
5588267	5588911
5588267	5588922
5588267	5589029
5588267	5593419
5588268	2281604
5588268	5588511
5588268	5588513
5588268	5588756
5588268	5589028
5588268	5590600
5588269	5588546
5588269	5588548
5588269	5588755
5588269	5588886
5588269	5588909
5588269	5588910
5588269	5589026
5588269	5589473
5588269	5590599
5588270	5588888
5588270	5589024
5588271	5588887
5588271	5588908
5588271	5589023
5588271	7753200
5588272	5588754
5588272	5588884
5588272	5589022
5588272	5589524
5588272	5590597
5588272	5595017
5588273	5588837
5588273	5588889
5588273	5588906
5588273	5588923
5588273	5589021
5588273	5590595
5588273	6912050
5588273	11614353
5588274	5216283
5588275	5216284
5588276	5216285
5588277	5216286
5588278	5216287
5588279	5216288
5588280	5216289
5588281	5216290
5588282	5216291
5588283	5216292
5588284	5216293
5588285	5216294
5588286	5216295
5588287	5216296
5588288	5216297
5588289	5216298
5588290	5216300
5588291	5216301
5588292	5216302
5588293	5216303
5588294	5216305
5588295	5216306
5588296	5216307
5588297	5216308
5588298	5216309
5588299	5216310
5588300	5216311
5588301	5216312
5588302	5216313
5588303	5216314
5588304	5589203
5588305	5216315
5588306	5216316
5588307	5216317
5588308	5216318
5588309	5216319
5588310	5216320
5588311	5216321
5588312	5216322
5588313	5216323
5588314	5588471
5588314	5588472
5588314	5588836
5588314	5589019
5588314	6362240
5588314	12176103
5588314	12876058
5588315	5583589
5588315	5588457
5588315	5588459
5588315	5588466
5588315	5588469
5588315	5588500
5588315	5588519
5588315	5588520
5588315	5588521
5588315	5588531
5588315	5588732
5588315	5590594
5588315	5613798
5588315	5632326
5588315	5724118
5588315	5724119
5588315	6286882
5588316	5588454
5588316	5588461
5588316	5588462
5588316	5588464
5588316	5588749
5588316	5589017
5588316	5590359
5588316	8635926
5588316	8636472
5588316	8638627
5588316	9819218
5588316	13817482
5588317	5588453
5588317	5588746
5588317	5589014
5588317	5590592
5588317	5602378
5588317	7636468
5588317	8758725
5588317	13172154
5588318	5588450
5588318	5588451
5588318	5588745
5588318	5589011
5588318	5590590
5588318	5684083
5588318	5808011
5588318	6569662
5588318	12522839
5588318	12522840
5588318	12527601
5588318	12527602
5588318	12527603
5588318	12941309
5588318	13857171
5588318	13857172
5588319	5588446
5588319	5588448
5588319	5588743
5588319	5589007
5588319	5590588
5588319	5597709
5588319	5597713
5588319	5597716
5588319	5810179
5588319	8917224
5588319	8917228
5588319	12592059
5588319	12592062
5588319	13429391
5588319	13429392
5588320	5588442
5588320	5588444
5588320	5588742
5588320	5589004
5588320	5589152
5588320	8858943
5588320	12729848
5588321	5047567
5588321	5588483
5588321	5588740
5588321	5602379
5588321	7636532
5588322	5589002
5588322	6105212
5588323	5588437
5588323	5588438
5588323	5588439
5588323	5588440
5588323	5589001
5588323	5590585
5588323	12929585
5588324	17520
5588324	865939
5588324	890943
5588324	2181260
5588325	5588739
5588325	5588818
5588325	5588819
5588325	5588835
5588325	5588983
5588325	6644552
5588325	11576987
5588325	13575879
5588326	5588385
5588326	5588982
5588326	6642748
5588326	10655350
5588327	5588391
5588327	5588393
5588327	5588981
5588327	5590582
5588327	9472123
5588328	5588978
5588328	5590580
5588328	7645548
5588329	377340
5588329	382828
5588329	698092
5588329	1078949
5588329	1745249
5588329	3803668
5588329	5588738
5588329	7276127
5588330	5606594
5588331	2996709
5588332	5588377
5588332	5588379
5588332	5588973
5588332	5589198
5588332	5590859
5588332	5597696
5588332	5597697
5588332	5597698
5588332	10737668
5588332	11164047
5588333	3889180
5588333	5588380
5588333	5588737
5588333	5589195
5588333	5589205
5588333	8977395
5588334	5588346
5588334	5588355
5588334	5588357
5588334	5588736
5588334	5588970
5588334	5589200
5588334	5590860
5588334	5620763
5588334	6485619
5588334	7584237
5588334	7768320
5588335	5216324
5588336	5216325
5588337	5216326
5588338	5216327
5588339	5216328
5588340	5216330
5588341	5215386
5588342	5215386
5588343	5215350
5588344	5215157
5588345	5215157
5588346	5588334
5588346	5590860
5588346	6485619
5588348	5213240
5588349	5213233
5588350	5212998
5588351	5211696
5588352	5212329
5588353	5212479
5588354	5212480
5588355	5588334
5588355	5588736
5588355	5589200
5588355	5590860
5588355	9610967
5588356	5212127
5588357	5588334
5588357	5589200
5588357	5590860
5588358	5211243
5588359	5211619
5588359	5314329
5588360	5210637
5588361	5208327
5588362	5208789
5588363	5208794
5588364	5208801
5588365	5203531
5588366	5207689
5588367	5207851
5588368	5208028
5588369	5207844
5588370	5207750
5588371	5206949
5588372	5207744
5588373	5207745
5588374	5207746
5588375	2322708
5588375	2504814
5588375	14027086
5588375	14027094
5588376	5587728
5588376	5588925
5588376	5589156
5588376	5590578
5588376	10877766
5588376	10877768
5588376	10877769
5588376	10997791
5588376	10997792
5588377	5588332
5588377	5589198
5588377	5590859
5588378	5380003
5588378	5632727
5588379	5588332
5588379	5589196
5588380	5588333
5588380	5588737
5588380	5589195
5588381	5207747
5588382	5207747
5588383	5207748
5588384	5207749
5588385	5588326
5588385	5589192
5588386	5207751
5588387	5207752
5588388	5207753
5588389	5207754
5588390	5207755
5588391	5588327
5588391	5589190
5588392	5207756
5588393	5588327
5588393	5589186
5588393	6176941
5588393	6176943
5588394	5207757
5588395	5581383
5588395	5590577
5588395	5785659
5588395	5789040
5588395	5984932
5588395	12009564
5588395	12009565
5588395	12009569
5588395	12009573
5588396	5207758
5588397	5207759
5588398	4472095
5588399	5207760
5588400	5207761
5588401	5207762
5588402	2011326
5588402	4444041
5588402	11469050
5588403	5207763
5588404	5207764
5588405	5207766
5588406	5207767
5588407	5207768
5588408	5207769
5588409	5207770
5588410	5207771
5588411	5207772
5588412	5207773
5588413	5207774
5588414	5207775
5588415	5207776
5588415	5208771
5588415	6866789
5588416	5207777
5588417	5207778
5588418	5207779
5588419	5207780
5588420	5587428
5588420	5587526
5588421	5207781
5588422	5207782
5588423	5207783
5588424	5207784
5588425	5207785
5588426	5207786
5588427	5207787
5588429	5207790
5588430	5207791
5588431	5207792
5588431	5851859
5588432	410785
5588432	3190698
5588432	3704290
5588433	5207793
5588434	5207794
5588435	5207795
5588436	5207063
5588437	5588323
5588437	5589180
5588438	5588323
5588438	5589178
5588439	5588323
5588439	5589180
5588440	5588323
5588440	5589178
5588441	5206933
5588442	5588320
5588442	5589152
5588443	5206934
5588444	5588320
5588444	5588742
5588444	5589152
5588445	5206935
5588446	5588319
5588446	5589148
5588446	12592059
5588446	12592119
5588447	5206936
5588448	5588319
5588448	5589145
5588448	12592059
5588449	5206937
5588450	5588318
5588450	5589144
5588451	5588318
5588451	5589140
5588452	5206939
5588453	5588317
5588453	5588746
5588453	5589131
5588453	7636468
5588454	1066841
5588454	1067013
5588454	5588316
5588454	5589117
5588455	5206940
5588456	5206941
5588457	5588315
5588457	5588500
5588457	5588519
5588457	5724119
5588458	5206942
5588459	5588315
5588459	5588500
5588459	5588521
5588459	5724118
5588460	5206943
5588461	5588316
5588461	5589117
5588461	5590359
5588462	5588316
5588462	5589121
5588463	5206944
5588464	5588316
5588464	5589117
5588465	5206945
5588466	5588315
5588466	5588500
5588466	5588519
5588466	5588732
5588466	5613798
5588466	5724119
5588466	11618676
5588467	5206946
5588468	5206947
5588469	5588315
5588469	5588500
5588469	5588502
5588469	5588521
5588469	5613798
5588469	5724118
5588470	5206948
5588471	5588314
5588471	5588836
5588471	5589112
5588471	7731151
5588471	12176103
5588472	5588314
5588472	5588836
5588472	5589112
5588472	12176103
5588474	5206951
5588475	5206952
5588476	5206953
5588476	5207023
5588477	5206954
5588478	5206955
5588479	5206956
5588480	5206957
5588481	5206958
5588481	8270299
5588481	11742392
5588482	5206959
5588483	5588321
5588483	5589096
5588484	5206960
5588485	5206961
5588486	5206962
5588487	5206963
5588488	5206964
5588489	5106378
5588490	5206965
5588491	5523776
5588491	5589094
5588492	5206966
5588493	5206967
5588494	5206968
5588495	5206969
5588496	2406104
5588497	5206970
5588498	2406104
5588499	5206971
5588500	5588315
5588500	5588457
5588500	5588459
5588500	5588466
5588500	5588469
5588500	5588502
5588500	5588519
5588500	5588520
5588500	5588521
5588500	5588531
5588500	5588732
5588500	6286882
5588501	5206972
5588502	5583589
5588502	5588469
5588502	5588500
5588502	5588519
5588502	5588520
5588502	5588521
5588502	5588531
5588502	5588732
5588502	6041185
5588502	6286882
5588502	11008976
5588503	5206973
5588504	5589093
5588504	10060044
5588504	10060161
5588504	10060162
5588504	13883817
5588505	5024090
5588506	5589089
5588507	5206974
5588508	1476639
5588509	1476639
5588510	5206975
5588511	5588268
5588511	5589085
5588512	5206976
5588513	5588268
5588513	5588756
5588513	5589085
5588514	5206977
5588515	2545869
5588515	7447279
5588516	5206849
5588517	3360540
5588518	5206789
5588519	5588315
5588519	5588457
5588519	5588466
5588519	5588500
5588519	5588502
5588519	5588531
5588520	5588315
5588520	5588500
5588520	5588502
5588520	5588531
5588521	5588315
5588521	5588459
5588521	5588469
5588521	5588500
5588521	5588502
5588521	5588531
5588522	5206788
5588523	5420335
5588523	5420893
5588524	3905790
5588525	5588265
5588526	5206833
5588527	5201737
5588528	5192470
5588529	5193113
5588530	5205524
5588531	5588315
5588531	5588500
5588531	5588502
5588531	5588519
5588531	5588520
5588531	5588521
5588531	5590594
5588531	5613798
5588532	5204545
5588533	5205818
5588534	5201477
5588535	5203293
5588536	5203291
5588537	5197757
5588538	5193142
5588539	5201901
5588540	5194302
5588541	5201377
5588542	5206601
5588543	5201043
5588544	5203238
5588545	848802
5588545	2490499
5588545	4932013
5588545	5586979
5588545	5588731
5588545	5589136
5588545	5590576
5588545	5593606
5588545	6534352
5588545	10214959
5588545	12205654
5588546	5588269
5588546	5589073
5588546	8416423
5588546	13450155
5588547	5201663
5588548	5588269
5588548	5589073
5588549	5198601
5588550	5192474
5588551	5192489
5588552	5201047
5588553	5201587
5588554	5201368
5588555	5201747
5588556	5203414
5588557	5203414
5588558	5201478
5588559	5205392
5588560	5201410
5588561	5201661
5588562	5201528
5588563	5197795
5588564	5201662
5588565	5201664
5588566	2219267
5588567	5507970
5588567	5597819
5588567	6475276
5588568	5201471
5588569	5205261
5588570	5201509
5588571	4473030
5588571	5507972
5588571	5597817
5588571	5761641
5588571	5786293
5588572	5201591
5588573	5203242
5588574	5201512
5588575	4533153
5588576	3609166
5588576	3609396
5588576	3609397
5588576	5588833
5588576	5588834
5588577	5192409
5588578	5198826
5588579	5196339
5588580	5198284
5588581	5193139
5588582	852597
5588582	853781
5588582	2752436
5588582	3703649
5588582	3705225
5588582	3839043
5588582	5588827
5588582	5588828
5588583	5193274
5588584	5192400
5588585	4193185
5588586	70282
5588586	1454406
5588586	1462174
5588586	1811989
5588586	1811990
5588586	5588824
5588586	9858549
5588587	5192491
5588588	5201668
5588589	5201669
5588590	5507975
5588590	5597800
5588590	5703648
5588590	5703649
5588590	11594512
5588591	5363320
5588592	5507975
5588592	5597798
5588592	5630537
5588592	10040758
5588593	3447066
5588593	5507967
5588593	5597797
5588594	5507944
5588594	5597814
5588594	9870511
5588595	1202951
5588595	1294316
5588595	3469715
5588595	7754944
5588595	10885474
5588595	10979036
5588595	11312789
5588595	11491028
5588596	3736092
5588596	5588597
5588597	3736092
5588597	5588596
5588598	391578
5588598	391597
5588598	534110
5588598	8480287
5588599	391578
5588599	391597
5588599	534110
5588600	2092637
5588601	2092637
5588602	2092637
5588603	3573743
5588604	3573743
5588605	3573743
5588605	8498386
5588605	8498387
5588606	3573743
5588607	3573743
5588608	3573743
5588609	3914350
5588610	2663444
5588611	3914348
5588612	3914348
5588612	3914353
5588613	3914348
5588614	3914349
5588615	3914351
5588616	5589125
5588617	3914352
5588618	40662
5588619	4014666
5588619	5680106
5588619	6863266
5588619	6863267
5588620	4014666
5588620	5680106
5588620	6863266
5588620	6863267
5588621	2243024
5588622	2243024
5588623	3151204
5588624	3151204
5588625	40662
5588626	3287079
5588627	40662
5588628	3287079
5588629	40662
5588630	3287079
5588631	2647892
5588632	2647892
5588633	2647892
5588634	4132566
5588635	3115712
5588636	3115712
5588637	4361626
5588638	4361626
5588639	3184060
5588640	3184060
5588641	3184060
5588642	3738395
5588643	3738394
5588644	3824722
5588645	3738389
5588646	2642133
5588647	5588650
5588647	5588652
5588647	5588656
5588647	5588666
5588647	5588668
5588647	5588670
5588647	5588672
5588647	5588674
5588647	5588678
5588647	5588730
5588647	5588812
5588647	5589048
5588647	5609185
5588647	5794208
5588647	5806314
5588647	7019036
5588647	8016619
5588647	8063678
5588647	9436811
5588647	10211561
5588648	2869267
5588649	4665173
5588650	5588647
5588650	9436811
5588651	4665173
5588652	5588647
5588652	9436811
5588653	3738386
5588654	3023534
5588655	3738385
5588656	5588647
5588656	5609185
5588656	9436811
5588657	3738384
5588658	3738383
5588659	3820780
5588659	5293300
5588660	3738380
5588661	3738383
5588662	3738379
5588662	9451906
5588663	682112
5588663	1720587
5588664	3738378
5588665	682112
5588666	5588647
5588667	682112
5588668	5588647
5588669	3738377
5588670	5588647
5588671	3738376
5588672	5588647
5588673	3825871
5588674	5588647
5588675	681636
5588676	3738373
5588677	681636
5588678	5588647
5588679	681636
5588680	3735349
5588681	3738372
5588682	3738371
5588682	5769502
5588684	3738368
5588685	135055
5588685	406768
5588685	475188
5588685	3759067
5588685	5587704
5588686	3738365
5588687	5588729
5588687	5588969
5588687	5589760
5588687	5589761
5588687	5590575
5588688	5588967
5588688	5656488
5588688	5656489
5588688	12957484
5588689	387516
5588689	396056
5588689	2119846
5588689	5788728
5588689	10877770
5588689	12340908
5588689	12340909
5588690	5588728
5588690	5588804
5588690	5588959
5588690	5589051
5588690	5597677
5588690	5860896
5588690	7055611
5588690	7636871
5588690	9474497
5588690	12181250
5588691	2996709
5588692	5588727
5588692	5588806
5588692	5588956
5588692	5589750
5588692	5590574
5588692	7154314
5588692	7154315
5588692	7154318
5588692	7154319
5588692	7154320
5588692	7154321
5588692	8057889
5588693	5588726
5588693	5588954
5588693	5589749
5588693	5590573
5588693	10492648
5588693	10494713
5588693	12372948
5588694	5588725
5588694	5588953
5588694	5589746
5588694	5590572
5588694	8830932
5588694	8830933
5588694	8843327
5588695	5588724
5588695	5588952
5588695	5590571
5588695	5590620
5588695	5590622
5588695	5590623
5588695	8725972
5588696	5588950
5588696	5589743
5588696	5589744
5588696	5590570
5588696	9753444
5588696	9753445
5588697	3738364
5588698	4833172
5588698	5588701
5588698	5588703
5588698	5588704
5588698	5588705
5588698	5588706
5588698	5588734
5588698	5588800
5588698	5589069
5588698	9809943
5588698	10982019
5588699	63099
5588700	3738437
5588700	3976854
5588701	5588698
5588701	5588800
5588702	5587442
5588703	5588698
5588704	5588698
5588705	5588698
5588706	5588698
5588707	1098659
5588707	3257530
5588707	3607674
5588707	5653093
5588708	5272669
5588709	5272666
5588710	5274536
5588711	5274527
5588712	434345
5588713	434345
5588714	3966137
5588715	3966137
5588716	3966137
5588717	3966137
5588717	5586116
5588718	5588924
5588719	6090412
5588719	6090413
5588719	6090414
5588719	6090415
5588719	6090416
5588720	414128
5588720	614452
5588720	918155
5588720	1287159
5588720	8688137
5588720	11836538
5588721	2107571
5588721	2236797
5588721	3654791
5588721	5004290
5588721	7334618
5588721	7334624
5588722	410785
5588722	410787
5588722	731142
5588722	769973
5588722	2944287
5588722	3190973
5588722	3873371
5588722	5343868
5588722	8109927
5588722	8109929
5588722	8109930
5588722	8578389
5588723	5274549
5588724	5588695
5588725	5588694
5588726	5588693
5588727	5588692
5588727	5588806
5588728	5588690
5588728	5588804
5588728	9474497
5588728	12181250
5588729	5588687
5588729	12639220
5588729	12639221
5588729	12639224
5588729	13864998
5588730	5588647
5588730	5588812
5588730	9436811
5588731	2490499
5588731	5588545
5588731	5593606
5588732	5588315
5588732	5588466
5588732	5588500
5588732	5588502
5588733	5275942
5588734	5588698
5588734	5588800
5588734	10982019
5588735	5275780
5588736	5588334
5588736	5588355
5588736	7768320
5588737	5588333
5588737	5588380
5588738	323299
5588738	425699
5588738	1745249
5588738	5588329
5588738	8262221
5588739	5588325
5588739	5588818
5588739	5588819
5588740	5588321
5588741	5276058
5588742	5588320
5588742	5588444
5588742	10545055
5588743	5588319
5588744	5276009
5588745	5588318
5588746	5588317
5588746	5588453
5588747	9681505
5588747	13588839
5588749	5588316
5588749	8761284
5588751	8180066
5588753	5276003
5588753	5276004
5588754	5588272
5588755	5588269
5588755	5589473
5588756	5588268
5588756	5588513
5588759	9283126
5588759	9685501
5588761	5588265
5588762	5278727
5588762	13570350
5588762	13570351
5588763	4073489
5588763	4387971
5588763	5588264
5588764	5278844
5588765	9807211
5588766	5588139
5588767	5278843
5588768	5278841
5588769	5588115
5588769	5588816
5588769	5589046
5588770	6077953
5588770	9077241
5588770	9167558
5588771	6077662
5588771	6077695
5588771	6077696
5588772	5278828
5588774	5278817
5588776	5278809
5588778	5278805
5588779	434484
5588779	5588780
5588780	5588779
5588781	5278802
5588782	5588783
5588782	5588784
5588782	5588786
5588782	5588787
5588783	5588782
5588784	5588782
5588785	5278797
5588786	5588782
5588787	5588782
5588787	7276431
5588787	7276434
5588787	7276436
5588787	7276440
5588788	5278781
5588789	5588790
5588790	5588789
5588791	5646278
5588791	8350140
5588792	5588793
5588793	5588792
5588794	5279002
5588795	5278986
5588796	5278963
5588797	5278954
5588798	5278948
5588799	5278946
5588799	5282151
5588800	2243287
5588800	4750597
5588800	4832928
5588800	4832929
5588800	4833172
5588800	5588698
5588800	5588701
5588800	5588734
5588800	5589069
5588800	9623720
5588800	9623722
5588800	9623723
5588800	9623725
5588800	9809943
5588800	10260571
5588800	10260572
5588800	10982019
5588801	5588112
5588801	7834272
5588801	7834273
5588801	7834275
5588801	7834276
5588802	5278875
5588803	5588110
5588803	5588175
5588804	5588690
5588804	5588728
5588804	5589051
5588804	7636871
5588804	12181250
5588804	12181271
5588805	5588105
5588806	5588692
5588806	5588727
5588806	5589049
5588806	7154314
5588806	7154315
5588807	5279423
5588808	5587444
5588809	5587436
5588810	5587435
5588811	5587428
5588811	5587526
5588812	5588647
5588812	5588730
5588812	5589048
5588812	5609185
5588812	8063678
5588812	9436811
5588812	13261032
5588812	13309492
5588813	5587414
5588813	5587494
5588813	5588820
5588814	5587332
5588814	5587417
5588815	5588817
5588815	5590569
5588815	5590980
5588815	5591123
5588815	8699609
5588816	2359165
5588816	5588115
5588816	5588769
5588816	5589046
5588816	5589438
5588816	5589439
5588817	5588815
5588817	11544958
5588818	5588325
5588818	5588739
5588818	5588835
5588818	5589044
5588819	5588325
5588819	5588739
5588819	5589037
5588820	5587414
5588820	5588813
5588821	3550614
5588821	5109415
5588821	5579982
5588821	5589036
5588821	13547376
5588822	4279104
5588822	5626817
5588823	5281588
5588823	5347061
5588823	7947401
5588823	7947402
5588823	7947403
5588823	7947404
5588823	7947405
5588823	7947406
5588824	1454406
5588824	1811989
5588824	5588586
5588824	5588851
5588825	5281576
5588827	852597
5588827	1826915
5588827	3705225
5588827	5588582
5588828	852597
5588828	1826915
5588828	5588582
5588829	5586424
5588829	5589034
5588830	5586343
5588830	5589032
5588830	12310850
5588831	5406061
5588831	5626824
5588832	5576350
5588832	5589030
5588832	8634785
5588832	8638233
5588832	10871121
5588833	3609396
5588833	5588576
5588834	5588576
5588834	7724713
5588835	5588325
5588835	5588818
5588835	13575879
5588836	5588314
5588836	5588471
5588836	5588472
5588837	5588273
5588837	5588923
5588838	5588267
5588838	5588922
5588839	1452615
5588839	5626825
5588840	3859163
5588840	5626830
5588841	5587432
5588841	10696033
5588842	5588165
5588843	4822316
5588843	5626831
5588844	4627511
5588844	5588124
5588845	5587234
5588845	9781316
5588846	2236943
5588846	4141851
5588846	5587199
5588846	6292828
5588847	5587197
5588848	5588099
5588849	5588063
5588849	13868163
5588850	4491834
5588850	5626834
5588851	5588824
5588851	5617833
5588851	7282078
5588852	4725952
5588852	5628095
5588853	5588043
5588854	701557
5588854	5374071
5588854	6878870
5588855	1570765
5588855	5588856
5588855	11044171
5588856	1570765
5588856	2624743
5588856	2624746
5588856	2698832
5588856	2698833
5588856	3097777
5588856	5588855
5588856	5588921
5588857	1007071
5588857	5628123
5588858	653268
5588858	1358921
5588858	1358924
5588858	5628126
5588859	1592181
5588859	5628127
5588859	6878871
5588860	5587560
5588861	5587559
5588862	2362614
5588863	5587525
5588863	13870365
5588864	4664887
5588864	5359353
5588864	5589027
5588864	7240845
5588864	13956729
5588865	5587525
5588866	5587525
5588867	3939004
5588867	5628140
5588868	5587518
5588869	4332089
5588870	5587516
5588871	5587462
5588872	5587425
5588873	5587424
5588874	5587424
5588875	3737009
5588875	5587423
5588875	8816786
5588876	4545497
5588876	5628148
5588877	5328261
5588878	4405525
5588879	5587427
5588880	5587428
5588880	10731663
5588881	5587430
5588882	5587434
5588883	2251081
5588883	4073489
5588883	4533813
5588883	5295495
5588883	5296463
5588883	5512022
5588883	5588264
5588883	5588913
5588883	5588920
5588884	5588272
5588884	5588912
5588885	5588267
5588885	5588911
5588886	5588269
5588886	5588909
5588886	5588910
5588886	6275139
5588886	7891730
5588887	5588271
5588887	5588908
5588888	5588270
5588888	5588907
5588888	5983762
5588889	5588273
5588889	5588906
5588889	7283366
5588890	5515330
5588890	5588112
5588890	5588905
5588890	5589476
5588890	8804941
5588890	8804942
5588891	5588119
5588891	5588904
5588892	5588105
5588892	5588903
5588893	5529413
5588894	4212272
5588895	8060919
5588898	5589480
5588898	5589498
5588899	5591559
5588902	13758089
5588902	13758090
5588903	5588105
5588903	5588892
5588904	5588891
5588904	7966305
5588904	8250510
5588905	5588890
5588905	5589476
5588906	5588273
5588906	5588889
5588906	5588923
5588906	11614353
5588906	13495138
5588907	5588888
5588908	5588271
5588908	5588887
5588909	5588269
5588909	5588886
5588909	5589473
5588910	5588269
5588910	5588886
5588910	5589473
5588910	9511221
5588910	11572985
5588911	5588267
5588911	5588885
5588912	5588884
5588913	2251081
5588913	5588883
5588913	5588920
5588913	5590529
5588913	5590531
5588914	5588165
5588914	10190772
5588915	5588163
5588916	5588160
5588917	5588156
5588917	13970190
5588917	13970203
5588918	5588153
5588918	5590560
5588918	12766463
5588918	12766465
5588919	2240801
5588920	2251081
5588920	5295495
5588920	5509276
5588920	5511824
5588920	5512022
5588920	5588264
5588920	5588883
5588920	5588913
5588921	3097777
5588921	5588856
5588921	5596546
5588921	8116242
5588922	5588267
5588922	5588838
5588922	5589025
5588923	5588273
5588923	5588837
5588923	5588906
5588923	5589016
5588923	9078202
5588923	9164685
5588924	5588718
5588924	5589015
5588925	5587728
5588925	5588376
5588925	5589010
5588926	5587454
5588926	5588971
5588926	5617841
5588926	6463227
5588926	6463228
5588926	6463229
5588926	10871961
5588926	10885923
5588926	13671246
5588927	3826131
5588927	9118254
5588927	10093323
5588928	2259381
5588928	2259382
5588928	3284639
5588929	1868232
5588929	5202029
5588929	6312323
5588930	2359530
5588930	3084235
5588931	2359530
5588932	2544035
5588932	4227125
5588932	5711554
5588932	13197201
5588933	42050
5588933	5588964
5588934	5448863
5588934	5588962
5588935	3496582
5588935	5588960
5588936	40351
5588936	5588958
5588937	843225
5588938	2912064
5588938	3231139
5588938	5588957
5588938	5759821
5588939	3417473
5588940	2283213
5588941	3325402
5588941	6148454
5588941	6148619
5588941	13217116
5588942	5409505
5588942	5588951
5588943	5409505
5588943	5588951
5588944	3962588
5588945	1025831
5588945	5588949
5588946	3442252
5588946	5588948
5588947	3824495
5588947	7270888
5588947	7466506
5588948	5588946
5588949	5588945
5588950	5588696
5588951	5588942
5588951	5588943
5588952	5588695
5588953	5588694
5588954	5588693
5588955	288548
5588955	1334541
5588956	5588692
5588957	5588938
5588958	5588936
5588959	5588690
5588960	5588935
5588961	287533
5588962	5588934
5588963	287533
5588964	5588933
5588965	1761894
5588966	1761894
5588967	5588688
5588968	2272401
5588969	5588687
5588970	5588334
5588971	5588926
5588972	3401966
5588973	5588332
5588974	4197715
5588975	5586442
5588975	13570247
5588976	4197715
5588977	4663252
5588978	5588328
5588979	1483192
5588980	2236313
5588981	5588327
5588982	5588326
5588983	5588325
5588984	2273543
5588985	2273543
5588986	2273543
5588987	3907065
5588988	3907064
5588988	3907065
5588989	4493959
5588990	5118324
5588991	5118324
5588992	5118324
5588993	5118324
5588994	5584963
5588995	5165752
5588996	40144
5588997	268138
5588998	268138
5588999	283256
5589000	283256
5589001	5588323
5589002	5588322
5589003	879349
5589004	5588320
5589004	8523270
5589005	1426697
5589005	9483414
5589006	1426697
5589006	9483414
5589007	5588319
5589008	1723933
5589009	1723933
5589010	5588925
5589011	5588318
5589012	2240160
5589013	2240160
5589014	5588317
5589015	5588924
5589016	5588923
5589017	5588316
5589018	3024458
5589019	5588314
5589020	3024458
5589021	5588273
5589021	13010789
5589021	13010794
5589022	5588272
5589023	5588271
5589024	5588270
5589025	5588922
5589026	5588269
5589026	6274847
5589027	5588864
5589028	5588268
5589029	5588267
5589030	5576350
5589030	5588832
5589031	5588266
5589032	5588830
5589033	5588265
5589034	5588829
5589035	5588119
5589036	5588821
5589037	5588819
5589038	5588118
5589039	5588117
5589040	5588116
5589041	5588115
5589042	1315365
5589042	5589045
5589042	5589047
5589042	5589469
5589042	5755116
5589042	13309740
5589043	5588113
5589044	5588818
5589045	1315365
5589045	5589042
5589045	5589047
5589045	5755116
5589045	13527631
5589046	5588115
5589046	5588769
5589046	5588816
5589046	5589438
5589046	5589439
5589047	1315364
5589047	1315365
5589047	5150241
5589047	5589042
5589047	5589045
5589048	5588647
5589048	5588812
5589048	9436811
5589049	5588806
5589050	1588717
5589051	5588690
5589051	5588804
5589051	9474497
5589051	12181250
5589051	12181271
5589051	12181272
5589052	1898338
5589052	5646782
5589052	9683716
5589053	1898338
5589053	5757319
5589054	2244970
5589054	5831081
5589054	5863114
5589055	2244970
5589055	5831081
5589056	2425541
5589057	2582131
5589057	5631144
5589058	2582131
5589058	4856662
5589058	5631148
5589058	6601638
5589058	11331161
5589059	2645239
5589059	4667192
5589059	5629633
5589059	8604949
5589060	3519630
5589060	4138969
5589061	3519630
5589061	4138969
5589061	6208679
5589062	3358887
5589062	5661670
5589062	9843438
5589063	3358887
5589063	5692072
5589063	5692074
5589063	5692397
5589063	12767539
5589064	3358887
5589064	5692072
5589064	5692074
5589065	3358887
5589065	5661670
5589065	5771329
5589066	3409085
5589066	4591997
5589066	5793003
5589066	7961147
5589067	2958962
5589067	2958963
5589068	4663282
5589068	5782492
5589069	4833172
5589069	5588698
5589069	5588800
5589070	4687474
5589070	5653846
5589071	3393041
5589071	5624820
5589071	8163454
5589071	8901257
5589071	8924202
5589072	2540949
5589072	4611109
5589072	11586307
5589073	5588546
5589073	5588548
5589074	2852203
5589074	5600112
5589074	11212726
5589075	3656746
5589075	5484859
5589075	10173059
5589076	5296523
5589076	5296766
5589076	5816396
5589076	9467037
5589077	3746379
5589077	4024337
5589077	5631039
5589077	5708833
5589077	8552516
5589077	8687926
5589078	2778583
5589078	4439713
5589078	5830133
5589078	5935701
5589078	6165782
5589078	8485991
5589078	10849514
5589078	11983192
5589079	1903504
5589079	3076183
5589079	5444992
5589079	6165783
5589079	6307627
5589079	11284687
5589080	4501327
5589080	5631026
5589080	5840282
5589081	2913379
5589081	5513155
5589081	12396238
5589081	12396239
5589082	2236142
5589082	2236143
5589082	2239702
5589082	2240205
5589082	2261168
5589082	4166664
5589082	4166665
5589082	5614748
5589082	5631023
5589082	5632272
5589082	6625541
5589082	8789122
5589082	9202242
5589082	9202243
5589082	9202244
5589082	10849512
5589082	10997793
5589083	2952397
5589083	5139392
5589083	5589357
5589083	5589358
5589083	5630852
5589083	5630853
5589083	5630855
5589083	7082686
5589083	8866158
5589084	3446992
5589084	6374783
5589084	6552135
5589084	7261049
5589085	5588511
5589085	5588513
5589087	3287049
5589087	4224121
5589087	5678717
5589087	8584519
5589088	3008799
5589088	4630833
5589088	4630836
5589089	5588506
5589090	258994
5589091	1767596
5589091	1767782
5589091	5627482
5589092	258994
5589093	5588504
5589093	10060162
5589094	5588491
5589095	437425
5589095	7481552
5589096	5588483
5589096	7901157
5589097	2236953
5589097	5902223
5589098	5588111
5589099	2427882
5589100	5588110
5589101	59415
5589101	509278
5589101	10877771
5589101	10997794
5589101	10997795
5589102	3131071
5589102	5630847
5589103	389220
5589104	389220
5589105	4134210
5589105	5630794
5589105	6440276
5589105	6440500
5589106	1327683
5589107	2696034
5589108	2640968
5589108	2940529
5589109	1190304
5589110	1133021
5589110	1152525
5589111	548284
5589111	6165754
5589111	12340219
5589111	12505540
5589112	5588471
5589112	5588472
5589113	4963243
5589114	253761
5589114	1205301
5589114	2529350
5589114	5630793
5589114	10707552
5589115	2613616
5589115	3330370
5589115	5687039
5589115	9581712
5589116	3330263
5589116	4633171
5589116	4633198
5589117	5588454
5589117	5588461
5589117	5588464
5589118	3330263
5589118	4633173
5589118	4633199
5589118	8372436
5589118	8372437
5589118	8372439
5589118	8372440
5589119	3408868
5589119	5630777
5589119	5630782
5589119	5648752
5589120	5534789
5589121	5588462
5589122	3408660
5589122	3408868
5589122	5630776
5589122	5630780
5589122	7728884
5589122	12607466
5589123	2046005
5589124	2644238
5589124	5630734
5589124	5630738
5589124	5673452
5589125	5588616
5589126	2644238
5589126	5630732
5589126	5630735
5589126	5673452
5589126	7557802
5589127	5589245
5589127	5589246
5589127	5589247
5589127	5589248
5589127	5838880
5589127	10997796
5589128	3673511
5589130	2253739
5589130	6060046
5589131	5588453
5589132	3545765
5589133	3669981
5589133	5630719
5589134	10877772
5589134	10997797
5589134	10997798
5589135	4539369
5589136	5588545
5589137	3669981
5589137	5630717
5589138	1027743
5589138	5775547
5589138	10997799
5589139	309019
5589140	5588451
5589141	309019
5589142	3148268
5589142	5630710
5589142	5822700
5589142	13482714
5589143	2892934
5589143	5630709
5589143	5750547
5589144	5588450
5589145	5588448
5589146	2892934
5589146	5630707
5589146	5750547
5589147	1955053
5589147	4024094
5589148	5588446
5589149	1955053
5589150	2131072
5589151	906692
5589151	906704
5589151	4717138
5589151	5023143
5589151	7546370
5589152	5588320
5589152	5588442
5589152	5588444
5589153	1694916
5589154	906692
5589154	5023143
5589154	5630697
5589155	4096617
5589155	6161944
5589156	5588376
5589157	2250422
5589157	5630703
5589157	6583067
5589157	8426298
5589157	8426300
5589158	2250422
5589158	5630702
5589158	5839505
5589159	2544587
5589159	5617455
5589160	4867215
5589161	2544587
5589161	5617455
5589162	3999360
5589163	3733340
5589163	4496704
5589163	4773269
5589163	8833328
5589163	13306864
5589163	13342922
5589164	5008950
5589164	5009491
5589164	5598316
5589165	5008950
5589165	5009491
5589165	5598316
5589166	3181418
5589166	5109528
5589166	5109988
5589166	5610716
5589167	3181418
5589167	5109528
5589167	5109988
5589167	5610716
5589168	3232531
5589168	5646072
5589168	12446705
5589169	5347356
5589170	3232531
5589170	12446704
5589171	4874678
5589171	9022075
5589172	3231262
5589172	3616086
5589172	10997800
5589173	4874678
5589174	3231262
5589174	10997801
5589174	10997802
5589174	12052040
5589175	4874678
5589175	9135904
5589175	9135905
5589176	4069931
5589176	4069933
5589177	3408946
5589177	6000116
5589177	6000117
5589178	5588438
5589178	5588440
5589179	23084
5589179	5630657
5589179	8349531
5589180	5588437
5589180	5588439
5589181	4875327
5589182	1164431
5589183	4875327
5589184	2956081
5589184	5394501
5589184	5814172
5589184	5859998
5589184	7434217
5589185	845689
5589186	5588393
5589187	1307753
5589187	3315157
5589187	11498331
5589188	1658086
5589189	5588105
5589190	5588391
5589191	5588080
5589192	5588385
5589193	5842149
5589193	10997803
5589193	10997804
5589194	1850234
5589195	5588333
5589195	5588380
5589195	5589205
5589195	8977395
5589196	5588379
5589197	5587827
5589198	5588332
5589198	5588377
5589199	2910579
5589200	5588334
5589200	5588355
5589200	5588357
5589200	5590860
5589200	5620763
5589201	1532506
5589201	1532509
5589202	5588028
5589203	5588304
5589204	20096
5589204	5588241
5589205	5588333
5589205	5589195
5589205	8977395
5589206	20096
5589206	4057833
5589206	5588239
5589207	5588014
5589208	955644
5589208	12952329
5589209	5587855
5589210	2279531
5589210	5588227
5589211	5588222
5589212	5587726
5589213	5588112
5589213	5588191
5589214	1173543
5589214	14014136
5589214	14014146
5589215	3646531
5589216	1703923
5589217	5588189
5589218	2366867
5589218	5587705
5589218	8083647
5589219	5159255
5589220	417757
5589221	1470785
5589222	4422051
5589223	63099
5589224	4607672
5589224	6832885
5589224	9812534
5589224	9814085
5589225	5359413
5589226	1973407
5589227	2646287
5589227	5314066
5589227	5314067
5589228	1170580
5589229	1578691
5589230	2041114
5589230	8910278
5589231	2041114
5589232	4231114
5589233	2041114
5589234	5307276
5589235	2031717
5589236	4283347
5589237	237167
5589238	2048044
5589239	2961154
5589239	5942004
5589239	7286840
5589240	5284107
5589241	5585828
5589242	3120410
5589243	5585729
5589244	5461451
5589245	5589127
5589246	5589127
5589247	5589127
5589248	5589127
5589249	5585766
5589250	3561972
5589251	5585727
5589252	3308371
5589252	3874942
5589252	3874943
5589252	4222922
5589252	6117505
5589252	6117506
5589253	5087355
5589254	5298725
5589255	5580812
5589256	5580803
5589257	1706556
5589258	4675193
5589258	13838497
5589258	13838499
5589259	4675193
5589259	13838498
5589259	13838500
5589260	2533221
5589261	2899041
5589262	5304061
5589263	3613866
5589264	2103261
5589265	2868064
5589265	3443620
5589266	2868064
5589267	2868064
5589268	2868064
5589269	5562501
5589270	4471778
5589271	5557221
5589272	1932776
5589273	5556847
5589274	5478396
5589275	5556525
5589276	3601973
5589277	2144118
5589278	2144118
5589279	5556529
5589280	5556534
5589281	5556043
5589282	5556032
5589283	5555825
5589284	328486
5589285	4588151
5589286	4857154
5589287	5554918
5589288	139630
5589289	5554894
5589290	5554873
5589291	4855544
5589292	5554756
5589293	5554692
5589294	5554686
5589295	5553744
5589296	5553745
5589297	5553742
5589298	5553602
5589299	5553566
5589299	8838130
5589300	5552326
5589301	5551136
5589302	5551126
5589303	5551121
5589304	5551118
5589305	3175725
5589306	5551011
5589307	4006374
5589308	5550751
5589309	5550753
5589310	526510
5589311	526510
5589312	4622499
5589313	5550739
5589314	5547889
5589315	2487392
5589316	1460236
5589317	1460244
5589318	3038605
5589319	3211234
5589320	3747942
5589321	2948706
5589322	3392013
5589323	5550487
5589324	645550
5589325	5550488
5589326	4258236
5589327	3713080
5589328	5550101
5589329	3024407
5589330	5550037
5589331	2448104
5589332	3024407
5589333	2448104
5589334	2188259
5589334	2188260
5589335	5550030
5589336	5549987
5589337	4757584
5589339	5549799
5589340	2078568
5589341	3724547
5589342	5544581
5589343	5544563
5589344	3253541
5589345	1792507
5589346	533384
5589346	5589503
5589346	7993155
5589346	7993157
5589347	5544582
5589348	1238315
5589349	5545535
5589350	2219818
5589351	2748172
5589352	564249
5589353	4718782
5589354	652236
5589355	2070751
5589356	2393509
5589357	5589083
5589358	5589083
5589358	5589501
5589359	1945284
5589359	2143252
5589359	3953902
5589359	5589511
5589359	5589513
5589359	10537784
5589359	10537786
5589360	3359070
5589360	5589519
5589361	4011961
5589362	3644712
5589363	4821805
5589364	5425622
5589364	5425670
5589364	6926674
5589364	7610142
5589365	16775
5589365	70198
5589365	5589366
5589366	16775
5589366	5589365
5589367	16774
5589368	454547
5589369	16774
5589370	2367313
5589370	5589499
5589371	24570
5589372	24570
5589373	552002
5589373	5589500
5589374	2962229
5589375	24579
5589376	24579
5589377	3519975
5589378	4262390
5589379	4262390
5589380	2042563
5589380	5589493
5589381	2102964
5589381	3831201
5589381	12292435
5589382	1801966
5589382	5589497
5589383	4262390
5589384	2322905
5589385	4278036
5589386	3154666
5589387	3602474
5589388	3154666
5589389	4448970
5589389	4448971
5589389	5589404
5589389	5589409
5589389	5589411
5589389	5589415
5589390	2007935
5589391	3593881
5589392	1026353
5589393	4768315
5589394	3823270
5589394	5794630
5589395	3593881
5589395	12757280
5589396	5060341
5589397	5060342
5589398	488601
5589399	488601
5589400	5569086
5589401	5569084
5589402	1385508
5589403	3534889
5589403	5589486
5589404	5589389
5589405	1026758
5589406	4608091
5589407	408638
5589408	411287
5589409	5589389
5589410	1259552
5589411	5589389
5589412	629167
5589413	2655888
5589414	3995268
5589414	7801427
5589415	5589389
5589416	925023
5589416	927369
5589416	2219372
5589416	2413940
5589416	2679998
5589416	3708474
5589416	3712450
5589416	3712457
5589417	4075910
5589419	5531813
5589419	8657364
5589419	8657365
5589420	5512303
5589421	816571
5589422	4176844
5589423	2770101
5589424	3049524
5589425	3239670
5589426	3836021
5589427	4617460
5589428	4893191
5589428	4893222
5589429	4893194
5589429	4893223
5589430	5281429
5589431	5281477
5589432	5281921
5589433	5284263
5589434	5294024
5589435	5334296
5589436	510913
5589436	2773601
5589437	754904
5589438	5588816
5589438	5589046
5589439	5588816
5589439	5589046
5589440	702911
5589440	5617830
5589443	4145031
5589443	5589453
5589444	1660417
5589444	5281667
5589444	8768252
5589444	8768274
5589444	8829317
5589445	3502600
5589446	5281649
5589447	5281646
5589448	5281638
5589449	5281633
5589450	5281614
5589451	1561581
5589452	5281605
5589453	4144673
5589453	5589443
5589454	1670358
5589455	1727743
5589456	5281918
5589457	432204
5589457	1940393
5589458	1954389
5589459	181369
5589459	2199749
5589460	2322127
5589461	2368467
5589462	4368136
5589463	5281792
5589464	5281787
5589465	5281784
5589466	2583186
5589467	2758745
5589468	5281768
5589469	5589042
5589470	2773602
5589471	5281768
5589472	2791955
5589473	5588269
5589473	5588755
5589473	5588909
5589473	5588910
5589474	5281768
5589475	5281768
5589476	5588890
5589476	5588905
5589477	5281995
5589478	5281992
5589479	5281992
5589480	5588898
5589481	24844
5589481	362128
5589482	5281976
5589483	5281976
5589484	3278419
5589485	5281976
5589486	5589403
5589487	3406604
5589488	5281973
5589489	5281973
5589490	5281973
5589491	5281972
5589492	5281972
5589493	5589380
5589494	5281972
5589495	5281968
5589496	5281967
5589497	5589382
5589498	5588898
5589499	5589370
5589500	5589373
5589501	5589358
5589503	533384
5589503	5589346
5589504	5283562
5589505	7907631
5589506	5283548
5589507	5590526
5589507	5590527
5589508	4375361
5589509	12870990
5589510	5590517
5589510	5590518
5589510	5590521
5589510	12870988
5589511	5589359
5589512	5282126
5589513	2143252
5589513	5589359
5589513	10537784
5589514	5282121
5589516	5282121
5589518	5282117
5589519	5589360
5589520	5282116
5589521	5282113
5589522	1026127
5589523	5282113
5589524	5588272
5589524	5589791
5589525	5282113
5589526	112917
5589526	290758
5589526	1450406
5589526	1674635
5589526	5590515
5589526	6784335
5589527	5282112
5589528	5284906
5589529	5590513
5589529	12292248
5589529	12292249
5589530	5284895
5589531	5284878
5589532	1024658
5589532	5590514
5589532	9085135
5589532	9086711
5589533	5590511
5589533	5593317
5589533	13821871
5589533	13821872
5589534	5284866
5589535	5284788
5589536	2983785
5589537	4011766
5589537	5590509
5589537	5590510
5589537	5731482
5589537	7348179
5589538	4012020
5589538	5590507
5589538	5590508
5589538	13657673
5589539	5284381
5589540	4012028
5589540	5085089
5589540	13821868
5589541	5284369
5589542	4012250
5589542	4217121
5589542	9005523
5589543	4013474
5589543	5590505
5589544	5284366
5589545	4013692
5589545	9005522
5589546	4013708
5589546	5590506
5589546	5946960
5589546	5946962
5589546	5946963
5589547	5284363
5589548	4275756
5589548	7794075
5589548	9816257
5589549	5285201
5589550	16216
5589550	1343508
5589550	1343509
5589551	16265
5589551	13450803
5589551	13450858
5589552	1839576
5589553	5285201
5589554	5285201
5589556	5285192
5589559	2164638
5589560	2396305
5589561	2712767
5589561	8486486
5589562	2644563
5589563	2716243
5589563	5590503
5589563	5590504
5589563	5925828
5589563	5925829
5589563	5925830
5589563	5925831
5589563	12194113
5589564	5285190
5589564	12645418
5589565	3545863
5589566	5589732
5589566	5590566
5589566	6064668
5589566	6138494
5589566	6138495
5589566	6388827
5589567	3692551
5589567	5589728
5589567	5590563
5589567	6588028
5589568	5589723
5589568	5589726
5589568	5590562
5589568	6083154
5589568	7447716
5589568	7447736
5589569	5589722
5589570	5589719
5589570	5589721
5589570	5589927
5589570	5590861
5589570	5755710
5589570	6625991
5589570	6781928
5589570	6781931
5589570	7232849
5589570	7547927
5589570	8657366
5589571	4251481
5589571	5589717
5589571	5813688
5589571	5813690
5589572	5589706
5589572	5589708
5589572	5589716
5589572	5590559
5589572	5601335
5589572	5601336
5589572	9703103
5589572	10655952
5589573	5589704
5589573	5589712
5589573	5590558
5589573	8399000
5589574	1274433
5589574	2067994
5589574	5589703
5589574	5589711
5589574	5590557
5589574	7675128
5589574	9714426
5589574	10165145
5589574	10165146
5589574	12707613
5589575	5589702
5589575	5589709
5589575	5590554
5589576	3916547
5589576	6776635
5589577	5589707
5589577	10721691
5589577	11235329
5589578	5589700
5589578	5589701
5589578	5590552
5589578	6911278
5589578	6911280
5589578	13222880
5589579	5589699
5589579	5589736
5589579	5590550
5589579	6886890
5589579	6911266
5589580	4261300
5589580	5198909
5589580	5590548
5589580	10097605
5589581	5589698
5589581	5589734
5589581	5589735
5589581	7528411
5589582	5589673
5589582	5589674
5589582	5589697
5589582	5590545
5589583	5589672
5589583	5589695
5589584	2432922
5589584	5589694
5589585	5589688
5589586	5589670
5589586	5589686
5589586	5590543
5589586	7166897
5589586	7170765
5589586	7794628
5589586	9122749
5589587	2769099
5589587	9164418
5589587	13042863
5589587	13042898
5589588	2951574
5589589	2955916
5589589	9085144
5589590	5285189
5589591	5601255
5589592	5285185
5589593	5285182
5589594	2985661
5589594	8377916
5589595	2985993
5589595	5590499
5589596	5285171
5589597	3916103
5589597	6564927
5589597	6564928
5589598	5285171
5589599	3916107
5589599	4425267
5589599	5590497
5589599	5590498
5589600	5601250
5589601	5285151
5589602	5285147
5589603	5285119
5589604	3329702
5589604	7554474
5589604	7555581
5589605	3329702
5589605	7554474
5589605	7555581
5589606	5285812
5589608	5285803
5589609	5285792
5589610	5285766
5589611	3324256
5589612	5285732
5589613	3311891
5589613	5589784
5589613	8980024
5589614	4006576
5589614	5589790
5589614	7118029
5589615	276661
5589616	5590540
5589616	5676710
5589616	5790329
5589616	5990734
5589616	6765908
5589616	6765956
5589616	8699771
5589616	12402069
5589616	12402070
5589616	12828673
5589617	5170764
5589617	5589788
5589618	5601239
5589619	5286568
5589620	2650175
5589621	5601242
5589621	7780122
5589621	10717347
5589622	5286546
5589623	5285904
5589624	5285903
5589625	5285901
5589626	5285899
5589626	9754308
5589627	5285898
5589628	5287143
5589629	2646819
5589629	4494423
5589629	5589779
5589629	5931765
5589629	11529442
5589630	5287132
5589631	2646820
5589631	4196038
5589631	5754434
5589631	8015183
5589631	8841343
5589632	5287109
5589633	2740150
5589633	5589656
5589634	5287043
5589635	5287017
5589636	5287009
5589637	5286851
5589638	1218831
5589638	5589652
5589638	5589774
5589639	2646822
5589639	5589651
5589640	3221742
5589640	5589777
5589641	2682269
5589641	5589773
5589641	11918017
5589642	3955502
5589643	4363904
5589643	5597474
5589644	4744037
5589645	4504887
5589645	9637441
5589646	5490002
5589647	5380463
5589648	1370728
5589649	1001421
5589650	1098422
5589651	5589639
5589652	5589638
5589653	2226805
5589654	2506719
5589655	2073318
5589656	5589633
5589657	3327015
5589658	4223515
5589658	7851864
5589659	2101567
5589660	3140834
5589661	5578732
5589662	2564931
5589663	4707713
5589664	5569155
5589664	5569156
5589665	5344199
5589666	4075700
5589666	5637336
5589666	5651685
5589666	5844411
5589667	5523949
5589667	5741651
5589668	5315561
5589668	5315562
5589669	2241638
5589669	4069700
5589670	5589586
5589670	5589808
5589670	6231129
5589670	7240533
5589670	9122749
5589671	2417503
5589672	5589583
5589672	5589809
5589673	5589582
5589673	5589810
5589674	5589582
5589674	5589810
5589675	3560663
5589675	5315503
5589676	2202019
5589677	3925743
5589678	4403853
5589678	4403856
5589678	4403857
5589678	4635072
5589678	10168644
5589679	4585824
5589680	3387540
5589681	2017708
5589682	3408243
5589683	5371988
5589683	5615892
5589683	12376796
5589684	1371205
5589685	3878848
5589686	5589586
5589686	6231129
5589686	7170765
5589686	9122749
5589687	129625
5589688	5589585
5589689	4550617
5589689	10529206
5589690	4550617
5589691	4550617
5589692	1778370
5589693	3516272
5589694	5589584
5589695	5589583
5589696	237828
5589697	5589582
5589698	5589581
5589699	5589579
5589699	6911266
5589700	5589578
5589701	5589578
5589701	6911278
5589701	6911280
5589702	5589575
5589703	39088
5589703	580543
5589703	5589574
5589703	5850953
5589703	9846814
5589703	10350024
5589704	5589573
5589704	5589946
5589705	5287612
5589706	5589572
5589706	5589947
5589707	5589577
5589707	11235329
5589708	5589572
5589708	5589948
5589709	5589575
5589710	5287606
5589711	5589574
5589712	5589573
5589713	5143498
5589714	5287600
5589715	2358668
5589716	5589572
5589717	5589571
5589718	5287590
5589719	5589570
5589720	3314829
5589721	5589570
5589721	5589927
5589721	5590861
5589721	7160008
5589721	8950061
5589721	8950063
5589721	13223945
5589722	5589569
5589723	5589568
5589724	3067337
5589725	3067337
5589726	5589568
5589727	5287582
5589728	5589567
5589729	128095
5589729	263592
5589730	5287572
5589731	816634
5589732	5589566
5589733	1995798
5589733	8537841
5589734	5589581
5589735	5589581
5589736	5589579
5589736	6911266
5589737	249592
5589738	3570806
5589739	261892
5589740	2024643
5589741	5534767
5589742	305080
5589743	5588696
5589743	6233936
5589744	5588696
5589745	322866
5589746	5588694
5589747	322866
5589748	5287544
5589749	5588693
5589749	12372948
5589750	5588692
5589750	7154318
5589750	7154319
5589750	7154320
5589750	7154321
5589751	1093286
5589751	1923466
5589751	13986801
5589751	13986892
5589752	305080
5589753	4501561
5589754	305084
5589755	2300084
5589755	2311095
5589756	2300084
5589756	2311095
5589757	305084
5589758	724401
5589758	724404
5589758	1566031
5589759	5287393
5589760	5588687
5589761	5588687
5589762	2046636
5589763	843327
5589764	2944424
5589765	4360300
5589765	13252593
5589766	5288076
5589767	1818215
5589768	5288024
5589769	284644
5589769	1000025
5589769	3288544
5589770	284644
5589770	1000025
5589770	3288544
5589771	2476341
5589772	2476341
5589773	2682269
5589773	5589641
5589774	5589638
5589775	5587267
5589775	9945001
5589776	1931862
5589777	5589640
5589777	7238294
5589777	7238295
5589777	7238296
5589777	7238297
5589778	2254679
5589779	5589629
5589780	2547999
5589780	7796865
5589781	5586350
5589782	2547999
5589782	7796865
5589783	2645166
5589784	5589613
5589785	2039864
5589786	2869244
5589786	3714187
5589787	402038
5589788	5589617
5589789	3163796
5589789	4087637
5589790	5589614
5589791	5589524
5589792	5589796
5589793	4493649
5589794	4500035
5589795	4499834
5589796	5589792
5589797	2646812
5589797	4592355
5589797	11905209
5589797	11905211
5589798	2646812
5589798	6439172
5589798	11904785
5589798	11904805
5589799	5420461
5589800	5589802
5589801	5422321
5589801	5424337
5589801	5858393
5589801	5872915
5589801	8795959
5589801	10790337
5589802	5589800
5589803	5343661
5589804	383876
5589805	5589833
5589806	3722679
5589807	383876
5589808	5589670
5589809	5589672
5589810	5589673
5589810	5589674
5589811	2505867
5589812	5590038
5589813	5590035
5589813	6114425
5589813	7636505
5589813	9313732
5589813	10617405
5589813	10838582
5589813	10838917
5589814	5590029
5589814	5590031
5589814	10877773
5589815	5590026
5589815	5590534
5589815	5910598
5589815	5910599
5589815	5925086
5589816	5590023
5589816	5743826
5589817	5589850
5589817	5590021
5589817	5597675
5589817	5643009
5589817	8181125
5589817	10072062
5589817	11032187
5589818	5590020
5589818	10336453
5589819	5590019
5589819	6200054
5589820	644413
5589820	901520
5589820	947819
5589820	1071420
5589820	1574079
5589820	2377814
5589820	5589849
5589820	5590018
5589820	5648151
5589820	5648152
5589820	7963484
5589820	7963485
5589820	7963487
5589820	7963488
5589820	10164355
5589820	11305095
5589821	5589847
5589821	5590015
5589821	5590017
5589822	5590013
5589823	3007446
5589823	5590355
5589823	5931521
5589823	7811969
5589823	7811971
5589823	11194104
5589823	13118571
5589824	5589844
5589824	5590354
5589824	5597946
5589824	7490493
5589824	10113495
5589824	11515833
5589824	11515834
5589824	11515835
5589824	12949671
5589825	5590009
5589825	5590353
5589825	5736832
5589825	5810180
5589825	6073950
5589825	9954779
5589826	5590006
5589826	5590352
5589827	5590004
5589827	5590351
5589828	5590002
5589828	5590350
5589828	5590857
5589828	5594034
5589828	5597788
5589828	5707071
5589828	11563612
5589829	5590001
5589829	7636375
5589830	5590000
5589831	4228684
5589831	5153301
5589831	5910600
5589831	5910601
5589831	10550752
5589832	4535480
5589833	5589805
5589834	4535480
5589834	12498132
5589836	5589846
5589837	5304034
5589838	4867361
5589839	1175621
5589840	286811
5589841	3694330
5589842	3694330
5589843	1175621
5589844	5589824
5589845	3730152
5589846	5589836
5589847	5589821
5589847	12380560
5589847	12407084
5589847	12407085
5589847	12407092
5589847	12407094
5589848	708039
5589849	5589820
5589850	5589817
5589851	4855488
5589852	1890822
5589852	1891831
5589852	3010808
5589853	2893927
5589854	2860258
5589855	2893927
5589856	5589858
5589857	41313
5589858	5589856
5589859	469126
5589860	243625
5589861	314333
5589862	5311631
5589863	469125
5589863	3558038
5589864	2049519
5589864	2096101
5589865	645742
5589866	5589870
5589867	3991737
5589868	2629838
5589869	590023
5589869	8500901
5589870	5589866
5589871	1682918
5589872	590023
5589873	259892
5589873	575353
5589874	2401933
5589875	2646817
5589876	2512033
5589876	13459716
5589876	13614237
5589877	5383130
5589878	5383130
5589879	4394637
5589880	556985
5589881	5011563
5589882	1803045
5589882	2251101
5589883	5586347
5589884	463308
5589884	8945393
5589885	5586347
5589886	2646755
5589886	4070303
5589886	4318066
5589887	5589900
5589888	2657098
5589889	2251092
5589889	5007937
5589890	2518555
5589891	3378980
5589892	5379863
5589892	8074980
5589892	10329310
5589894	1728080
5589895	4660279
5589896	4660279
5589897	2642414
5589898	16889
5589900	5589887
5589901	3131760
5589903	4523353
5589903	5589907
5589905	2776201
5589906	5380201
5589907	5589903
5589908	3791408
5589909	5589915
5589910	5380427
5589910	12237264
5589911	5380435
5589912	269932
5589913	5380435
5589913	13198869
5589914	5287979
5589915	5589909
5589915	13519399
5589916	5287960
5589917	5377040
5589918	1442057
5589919	2644217
5589920	5287923
5589921	5589926
5589922	2646745
5589922	11963161
5589923	2646745
5589923	11963161
5589924	5379811
5589925	5287919
5589926	5589921
5589927	5589570
5589927	5589721
5589927	5755710
5589928	5379815
5589929	3109408
5589930	5287913
5589931	1124124
5589932	5287887
5589933	2541974
5589934	5288713
5589935	5288713
5589936	5288710
5589937	32163
5589938	5288691
5589939	1570516
5589940	39944
5589940	5275213
5589940	5295840
5589940	5589941
5589940	5589943
5589941	5295840
5589941	5589940
5589941	5589943
5589942	5288689
5589943	5295840
5589943	5589940
5589943	5589941
5589944	5288659
5589945	2963476
5589946	5589704
5589947	5589706
5589948	5589708
5589949	3994930
5589950	5288618
5589951	5288609
5589952	5290115
5589953	5290110
5589954	2682002
5589955	5289867
5589955	5289868
5589956	5288739
5589957	5288738
5589957	8638063
5589957	8638064
5589958	5288738
5589959	5288738
5589959	8638063
5589959	8638064
5589960	5288738
5589961	2373843
5589962	5288733
5589964	5288733
5589965	2485926
5589966	2971308
5589967	1908517
5589967	1910783
5589967	5590157
5589968	2733127
5589969	5589971
5589970	264098
5589971	5589969
5589972	291603
5589973	4052466
5589973	5290566
5589974	5374953
5589974	5590156
5589974	6474201
5589975	5374960
5589975	5590153
5589975	6394524
5589975	13311288
5589976	5290557
5589977	2549920
5589978	5290553
5589979	5290552
5589980	2549920
5589981	5290551
5589982	5290550
5589983	3962750
5589984	5290546
5589985	5290546
5589986	5290543
5589987	320600
5589988	324866
5589989	5290807
5589990	1682637
5589991	5290781
5589991	5290782
5589991	9749479
5589992	2972153
5589993	5290775
5589994	1934700
5589995	5290773
5589996	5290868
5589996	13337288
5589997	5290860
5589998	2245000
5589998	5290845
5589998	11258060
5589999	5293083
5590000	5589830
5590001	5589829
5590002	5589828
5590003	5293082
5590004	5589827
5590005	5293079
5590006	5589826
5590007	5293078
5590008	5293077
5590008	8493194
5590009	5589825
5590009	5810180
5590010	5293076
5590011	5293075
5590012	5293074
5590013	5589822
5590014	5292027
5590015	5589821
5590016	5292022
5590017	5589821
5590018	5589820
5590019	5589819
5590020	5589818
5590021	5589817
5590022	5294107
5590023	5589816
5590024	5294076
5590025	5294076
5590026	5589815
5590027	5294068
5590028	5294066
5590028	7950600
5590029	5589814
5590029	13605688
5590030	5293123
5590031	5589814
5590032	2646693
5590032	5590152
5590032	5590159
5590032	6707843
5590032	6707852
5590032	6708527
5590032	7094001
5590032	7094002
5590032	7094004
5590032	9969816
5590033	5293120
5590034	5293118
5590035	5589813
5590036	5590151
5590036	9929775
5590037	4121482
5590037	5590149
5590037	6350719
5590037	6708574
5590037	6708575
5590038	5589812
5590039	5293113
5590040	2646690
5590040	5405881
5590040	5590148
5590041	5293111
5590042	248497
5590042	5294450
5590043	5294444
5590044	5294440
5590045	5294426
5590046	5294415
5590047	5294404
5590048	5294402
5590049	5294397
5590050	2504015
5590050	5294395
5590050	7489100
5590050	8037340
5590050	8242416
5590050	12148144
5590050	12148259
5590050	12148260
5590050	12148299
5590051	5294811
5590052	5374441
5590052	5590146
5590053	5294811
5590054	2547943
5590055	5294811
5590056	5294736
5590057	5294692
5590058	5294683
5590059	5294653
5590060	5294578
5590061	5294576
5590062	5294573
5590063	5294571
5590064	5294568
5590065	5296764
5590066	5296764
5590066	5296768
5590067	5296735
5590069	5296507
5590070	5296498
5590071	5296461
5590072	5296067
5590073	5296063
5590074	5296059
5590075	5295538
5590076	3732814
5590077	2245185
5590077	5347891
5590077	5383402
5590078	2245185
5590078	5347893
5590078	5383402
5590079	262652
5590080	2245185
5590080	5347893
5590080	5383402
5590081	2852132
5590082	2852132
5590083	2852132
5590084	2283655
5590084	8029660
5590085	2283655
5590085	8029660
5590086	2283655
5590086	8029660
5590087	2123506
5590087	13741633
5590088	2123507
5590089	2123544
5590090	2123628
5590091	5473620
5590091	5590145
5590092	2549833
5590093	2549833
5590094	2549833
5590095	2549833
5590096	316246
5590097	5418380
5590098	3908851
5590100	5600555
5590102	5600553
5590103	485095
5590104	3168491
5590105	3168491
5590106	3168491
5590107	2648964
5590108	2648964
5590109	2541606
5590110	2541606
5590111	2541606
5590112	4529655
5590113	4529838
5590113	8639074
5590114	4529838
5590114	8639074
5590115	4678488
5590116	4529849
5590117	5200014
5590118	4086655
5590119	1529368
5590119	2341756
5590119	2405788
5590119	2771278
5590119	6712420
5590120	3574462
5590120	7187949
5590121	4336469
5590122	4758141
5590123	5453940
5590124	2547862
5590124	6665193
5590124	8226824
5590124	10065094
5590124	10067946
5590125	5371912
5590125	5590143
5590126	3689368
5590126	5252981
5590126	6373695
5590126	6373696
5590126	11638487
5590126	13322287
5590127	2540822
5590127	2698423
5590127	9528731
5590127	9528741
5590127	9528748
5590128	2066
5590128	1502052
5590128	5590140
5590129	5590137
5590130	5600549
5590132	2961440
5590132	5590141
5590132	5590142
5590133	5357973
5590133	5590496
5590134	5368651
5590135	4069197
5590136	3627521
5590136	5590495
5590137	5590129
5590138	5109147
5590138	5590144
5590139	5374417
5590139	5517701
5590139	5590635
5590139	7198381
5590139	13447437
5590140	5590128
5590141	2961440
5590141	5590132
5590141	5590633
5590142	2961440
5590142	5590132
5590142	5590633
5590143	5590125
5590144	5590138
5590144	5590598
5590144	13429354
5590145	5590091
5590146	5590052
5590146	7197304
5590147	5109147
5590147	5590596
5590148	5590040
5590149	4121482
5590149	5590037
5590149	6708574
5590149	6708575
5590149	10333133
5590150	3729883
5590150	5590593
5590151	5590036
5590152	5590032
5590152	5590158
5590152	5590159
5590152	6707852
5590153	5589975
5590154	839341
5590154	860284
5590154	5590591
5590154	8001743
5590154	8915430
5590154	8915431
5590155	839341
5590155	5590589
5590155	12273000
5590156	5589974
5590157	5589967
5590157	5590161
5590157	5590162
5590157	5590163
5590158	5590152
5590159	5590032
5590159	5590152
5590161	5590157
5590162	5590157
5590163	5590157
5590164	5369037
5590164	5590587
5590164	12900001
5590165	5369037
5590165	5590586
5590166	5369328
5590166	5542063
5590166	9549116
5590167	5369328
5590167	5542063
5590168	5369336
5590168	5369542
5590168	5370090
5590168	5590584
5590168	8726074
5590168	8877654
5590169	2547857
5590170	5628848
5590170	8243107
5590171	3502801
5590171	5590581
5590172	5356850
5590172	5590568
5590173	749649
5590173	2428415
5590173	5356850
5590173	5590567
5590173	7499461
5590174	2255473
5590174	5325070
5590175	2547817
5590175	5590565
5590175	9182067
5590175	13600329
5590176	2547817
5590176	5590565
5590176	10882597
5590177	5367534
5590177	5590564
5590178	5590179
5590179	5590178
5590180	5569770
5590180	5668943
5590181	5367538
5590181	5590561
5590181	8047707
5590181	13378126
5590182	2547829
5590182	5590555
5590183	2547830
5590183	5590553
5590184	5368855
5590184	5590547
5590185	2262009
5590185	2547832
5590185	4952002
5590186	1678973
5590187	1678973
5590188	135070
5590188	320802
5590188	709675
5590188	5336886
5590188	5590544
5590188	10164673
5590188	11387658
5590188	11387660
5590188	11387666
5590189	3599155
5590189	3601641
5590190	971551
5590190	13276315
5590191	2402650
5590192	2402650
5590193	5530172
5590193	5531194
5590194	5590195
5590194	5590317
5590194	5590478
5590194	5676708
5590195	5590194
5590196	5307265
5590197	802304
5590198	4607670
5590198	4951609
5590198	13912306
5590198	13957111
5590198	13957113
5590198	13957118
5590199	399679
5590199	8152554
5590200	2406134
5590200	5410267
5590200	5410268
5590201	5590315
5590201	5590349
5590201	5590476
5590201	5676705
5590201	5880498
5590201	6640035
5590201	6640037
5590202	4962278
5590203	1895785
5590203	1907324
5590203	4962278
5590204	4962278
5590205	1907324
5590205	4962278
5590206	3037745
5590206	11942627
5590207	3037744
5590207	3037745
5590207	11942632
5590208	3636945
5590208	3639521
5590209	2261235
5590209	5364622
5590209	5719349
5590209	5719350
5590209	5801196
5590210	11119441
5590210	11606749
5590210	11606750
5590210	12038974
5590211	4910722
5590211	4910723
5590211	10794938
5590212	4871869
5590213	1559807
5590213	1559825
5590213	1585706
5590213	5158309
5590213	5728259
5590213	9300596
5590214	3720382
5590214	4445325
5590214	4445331
5590215	4841315
5590216	5209644
5590217	5318796
5590217	5590233
5590217	9840989
5590218	3408738
5590218	5382857
5590219	3618216
5590219	5590229
5590219	9840995
5590220	2882527
5590220	3604322
5590220	5042538
5590220	5557308
5590221	2062635
5590221	4770045
5590221	4770047
5590221	4770048
5590222	5338800
5590222	5590539
5590223	5338800
5590223	5590539
5590224	5338804
5590224	5590502
5590225	2547782
5590225	5590501
5590225	7971111
5590226	5353355
5590226	5590460
5590226	8276843
5590227	2547803
5590227	5590454
5590227	8831884
5590228	2547784
5590228	5590453
5590229	5590219
5590229	5590311
5590229	5590348
5590229	5590484
5590230	2547804
5590230	5590432
5590230	12318819
5590230	12327833
5590230	13019382
5590230	13019383
5590230	13019850
5590231	2547804
5590231	5590428
5590231	12327834
5590231	13019850
5590232	2547857
5590233	5590217
5590233	5590313
5590233	5590346
5590234	5651291
5590235	5201090
5590236	5197745
5590237	5600211
5590237	9727540
5590238	1423382
5590238	5590345
5590238	5590606
5590238	10005241
5590238	10005242
5590238	10005244
5590238	10005250
5590238	10005251
5590238	10005255
5590238	10005258
5590238	10005259
5590238	10005262
5590238	12553143
5590238	12553144
5590239	5598857
5590239	9840977
5590240	261892
5590240	5590243
5590240	11906563
5590242	5590256
5590242	13103773
5590243	261892
5590243	5590240
5590244	3170589
5590244	9840859
5590244	9840862
5590244	9840865
5590245	750541
5590245	5590926
5590245	5617829
5590245	5625681
5590246	5590413
5590246	5590423
5590247	5590410
5590247	5590424
5590248	2644851
5590248	9840841
5590249	4368052
5590249	5590403
5590250	305013
5590251	1027901
5590252	3097871
5590253	2957271
5590253	9499248
5590253	9499252
5590254	4629827
5590255	2259585
5590255	2259586
5590255	9499231
5590256	5590242
5590256	6310764
5590257	253692
5590258	1882479
5590259	5276590
5590259	5590396
5590259	13347814
5590260	260186
5590261	35302
5590261	891619
5590261	1203992
5590261	2214012
5590261	5295403
5590261	5590395
5590261	12689799
5590261	13559803
5590262	2047303
5590262	13103771
5590263	5313562
5590263	5590393
5590264	288426
5590265	2547648
5590266	2547648
5590266	5590389
5590267	5261316
5590267	5590387
5590268	288426
5590269	288426
5590270	3317158
5590271	2136598
5590272	3152702
5590272	12458431
5590273	3152702
5590273	12458430
5590274	3152702
5590274	12458430
5590276	5524032
5590276	5590366
5590277	4426581
5590278	436669
5590279	3135668
5590280	2882527
5590280	3604322
5590280	4702830
5590280	5042538
5590280	5541760
5590281	2380672
5590282	4346119
5590283	2547658
5590283	5590364
5590283	8874742
5590284	3678265
5590285	4031341
5590285	9193066
5590286	625183
5590287	2539073
5590288	5303951
5590289	316181
5590290	5485206
5590291	5178381
5590291	5590363
5590292	5178381
5590292	5590363
5590293	1509542
5590294	2389462
5590294	5590360
5590295	1383873
5590295	4575530
5590295	5178384
5590295	8690534
5590295	11919202
5590296	2548226
5590297	2258190
5590298	3074328
5590299	2649815
5590300	64478
5590301	1459538
5590302	3052027
5590303	318409
5590304	5575734
5590305	5590306
5590306	5590305
5590307	60031
5590308	7784868
5590309	6016203
5590309	9998388
5590311	5590229
5590313	5590233
5590313	5661220
5590315	5590201
5590315	5590476
5590315	5590477
5590317	5590194
5590317	5590478
5590321	7829174
5590322	6106365
5590323	4530043
5590324	2776862
5590324	2776956
5590325	3152702
5590325	12458431
5590326	3152702
5590326	12458430
5590327	3152702
5590327	12458430
5590328	3424174
5590329	572165
5590330	3254858
5590331	2794268
5590332	2064809
5590333	20018
5590334	3232789
5590335	2644759
5590336	319725
5590338	2645394
5590338	11171711
5590339	56204
5590339	747331
5590339	1494546
5590339	1509396
5590339	2774350
5590339	3628967
5590340	689777
5590341	1438868
5590342	3723341
5590343	5035708
5590344	3907988
5590344	3992765
5590345	5590238
5590346	5590233
5590347	477348
5590348	5590229
5590349	5590201
5590349	5590615
5590350	5589828
5590351	5589827
5590352	5589826
5590353	5589825
5590354	5589824
5590354	12949671
5590355	5589823
5590355	7811969
5590355	7811971
5590355	11194104
5590356	5262984
5590356	5504180
5590357	4786578
5590358	5341851
5590358	5593358
5590359	5588316
5590359	5588461
5590360	5590294
5590361	2587825
5590362	2587825
5590363	5590291
5590363	5590292
5590364	5590283
5590365	2246128
5590366	5590276
5590367	3718133
5590368	3718133
5590369	3821337
5590369	4626571
5590369	5216665
5590369	5216666
5590369	5216668
5590369	6818235
5590369	6818236
5590370	3048817
5590371	2734308
5590371	5320797
5590372	3185013
5590372	5470635
5590372	5508821
5590373	1617667
5590374	3914086
5590374	4830453
5590374	9776653
5590374	10230121
5590375	1925934
5590376	308712
5590377	282362
5590378	2589851
5590379	1303460
5590379	5178386
5590379	6857970
5590380	1303460
5590380	5178386
5590381	2406526
5590381	4845783
5590381	11485405
5590382	5178387
5590383	1740925
5590383	1741025
5590383	1743549
5590383	5517984
5590384	2930673
5590385	880683
5590385	880688
5590385	13076152
5590386	3915182
5590386	3915186
5590386	4624603
5590387	5590267
5590388	298200
5590389	2547648
5590389	3377125
5590389	5590266
5590390	5324465
5590391	43297
5590392	316981
5590393	5590263
5590394	2542660
5590395	5590261
5590396	5590259
5590396	10804208
5590397	3519134
5590398	2547605
5590399	3960844
5590400	2547599
5590400	10758098
5590401	1741989
5590402	2361311
5590403	5590249
5590403	13287683
5590404	5590480
5590404	5800919
5590404	6786332
5590404	8384572
5590404	8384573
5590404	13770183
5590404	13770184
5590404	13770199
5590405	5590425
5590405	5590718
5590405	10724177
5590405	12870987
5590406	5157781
5590406	7839599
5590407	2547593
5590407	9079834
5590409	306099
5590410	5590247
5590411	387371
5590412	1690434
5590413	5590246
5590415	480956
5590415	5816156
5590415	5816157
5590416	451773
5590417	1589651
5590417	5617828
5590420	1767972
5590420	7856654
5590421	364355
5590421	5590487
5590423	5590246
5590424	5590247
5590425	5590405
5590426	2040364
5590427	403468
5590428	5590231
5590429	5173886
5590429	5174307
5590430	837416
5590430	1418700
5590430	4555691
5590430	4797204
5590430	4797254
5590430	5032687
5590430	7771117
5590430	8486449
5590430	11929059
5590430	11929060
5590431	337263
5590431	350172
5590431	537735
5590431	590351
5590431	638535
5590431	757110
5590431	1232523
5590431	1958190
5590431	2242016
5590431	4996926
5590431	11063999
5590431	12161684
5590432	5590230
5590433	1024999
5590433	5661716
5590434	2545379
5590434	8391000
5590435	3731432
5590436	3415153
5590437	5386970
5590438	1025000
5590438	4797253
5590438	10817387
5590439	5521406
5590440	3676251
5590442	3620476
5590442	4797274
5590442	6864275
5590442	8991752
5590443	1660988
5590443	3238250
5590444	3620476
5590444	4797277
5590444	8991753
5590445	3620476
5590445	4797274
5590445	6864275
5590445	8991752
5590446	1126708
5590448	5590458
5590449	2547582
5590449	5713532
5590449	12335705
5590449	12345487
5590449	12345495
5590450	469384
5590452	1747814
5590453	5590228
5590454	5590227
5590455	871675
5590456	2547575
5590457	5116447
5590458	5590448
5590458	5649889
5590458	9022931
5590458	11882758
5590459	2547577
5590460	5590226
5590461	5126234
5590461	9951115
5590462	4770022
5590462	5152939
5590462	5815480
5590463	3528121
5590465	5152416
5590465	5154702
5590465	5590815
5590465	8730438
5590465	9246695
5590465	9440079
5590465	9440083
5590466	3831744
5590467	5152416
5590467	5154702
5590467	5590814
5590467	8730438
5590467	9246695
5590467	9440079
5590467	9440083
5590468	3831744
5590468	7445731
5590469	3831744
5590469	7445731
5590470	5590471
5590471	5590470
5590472	63636
5590473	609135
5590474	2741423
5590475	4955476
5590476	5590201
5590476	5590315
5590477	5590315
5590478	5590194
5590478	5590317
5590479	5301773
5590480	5590404
5590480	10646960
5590481	5590483
5590482	1057987
5590483	5590481
5590484	5590229
5590485	1118985
5590486	5590488
5590487	5590421
5590487	5590656
5590488	5590486
5590488	9795946
5590489	971551
5590490	971551
5590491	5102514
5590491	5590644
5590492	5102514
5590492	5590643
5590492	11685067
5590493	327543
5590494	2890410
5590495	5590136
5590496	5590133
5590497	5589599
5590498	3916107
5590498	5589599
5590499	2985993
5590499	5589595
5590500	3136667
5590500	5590642
5590500	10581104
5590501	5590225
5590502	5590224
5590503	5589563
5590504	5589563
5590505	5589543
5590506	5589546
5590507	5589538
5590508	5589538
5590509	5589537
5590510	5589537
5590511	5589533
5590512	2547571
5590513	5589529
5590514	5589532
5590515	5589526
5590516	5590641
5590517	5589510
5590518	5589510
5590519	2547572
5590519	4247334
5590519	6858351
5590519	6887306
5590520	5102520
5590520	5590638
5590521	5589510
5590522	5598854
5590523	5591750
5590524	6788878
5590526	5589507
5590527	5589507
5590528	516612
5590529	5588913
5590529	9697581
5590530	5591693
5590531	5588913
5590532	3738416
5590532	5591646
5590532	8082732
5590532	8679842
5590532	9733909
5590532	12715877
5590533	550579
5590533	5591636
5590533	10129969
5590534	5589815
5590535	550579
5590535	5591634
5590535	10129969
5590536	550579
5590536	5591634
5590536	10129969
5590537	467955
5590538	467955
5590539	5590222
5590539	5590223
5590540	5589616
5590541	4915810
5590542	2064683
5590543	5589586
5590543	7170765
5590543	9122749
5590544	5590188
5590545	5589582
5590546	4494239
5590546	7990699
5590547	5590184
5590548	5589580
5590549	4494239
5590549	7990699
5590550	5589579
5590550	6911266
5590552	5589578
5590553	5590183
5590554	5589575
5590555	2545475
5590555	5590182
5590557	5589574
5590558	5589573
5590559	5589572
5590559	5590619
5590560	5588918
5590561	5590181
5590562	5589568
5590562	7447716
5590563	5589567
5590564	5590177
5590565	5590175
5590565	5590176
5590566	5589566
5590567	5590173
5590568	5590172
5590569	5588815
5590570	5588696
5590571	5588695
5590572	5588694
5590573	5588693
5590574	5588692
5590575	5588687
5590576	5588545
5590577	5588395
5590577	5789040
5590577	5984932
5590578	5588376
5590579	310056
5590580	5588328
5590581	5590171
5590582	5588327
5590583	3003240
5590584	5370090
5590584	5590168
5590585	5588323
5590586	5590165
5590587	5590164
5590588	5588319
5590589	5590155
5590590	5588318
5590590	6569662
5590591	5590154
5590592	5588317
5590592	8758725
5590593	5590150
5590594	5588315
5590594	5588531
5590595	5588273
5590596	5590147
5590597	5588272
5590598	5590144
5590599	5588269
5590599	6274847
5590600	5588268
5590601	5588117
5590602	5588116
5590603	5588114
5590604	5588110
5590605	5587855
5590606	5590238
5590607	1765685
5590607	1837783
5590608	1765685
5590609	1765685
5590610	2091109
5590610	7085490
5590610	12982710
5590611	2107530
5590611	5854392
5590612	2111281
5590613	2111281
5590615	5590349
5590616	3909384
5590617	57653
5590618	5290125
5590619	5590559
5590620	5588695
5590621	382074
5590622	5588695
5590623	5588695
5590624	3130880
5590625	2387125
5590626	3819381
5590626	4172910
5590627	3819381
5590628	3819381
5590629	3723662
5590630	3723662
5590630	6394723
5590631	3723662
5590631	6394723
5590632	2647377
5590632	5801343
5590633	5590141
5590633	5590142
5590634	3824810
5590635	5590139
5590636	3824810
5590637	3824810
5590638	2984386
5590638	5590520
5590638	9400868
5590639	43105
5590640	43105
5590641	5590516
5590642	5590500
5590643	5590492
5590644	5590491
5590645	2548935
5590645	8088437
5590646	2548935
5590646	5963864
5590646	8088437
5590647	41493
5590648	41493
5590649	41493
5590650	2641898
5590651	2641898
5590652	2408169
5590653	2038473
5590654	26614
5590655	2038473
5590656	5590487
5590657	3822304
5590658	2044562
5590659	2276057
5590661	1895645
5590661	1909105
5590662	2694689
5590662	2698669
5590663	1895645
5590664	1225403
5590664	3097305
5590665	2549026
5590665	9074169
5590665	9830437
5590665	10322369
5590665	10345244
5590666	2013072
5590667	2013072
5590668	5098027
5590668	5098367
5590669	2013072
5590670	2955589
5590671	298065
5590672	298065
5590673	1040663
5590674	1040663
5590675	2985591
5590676	2985591
5590677	1792465
5590677	3664160
5590678	5373726
5590679	2542958
5590679	3515319
5590680	1792465
5590680	3664160
5590681	3383457
5590682	1868276
5590682	2045977
5590683	4014026
5590684	3333948
5590685	3383457
5590685	6087411
5590686	2547665
5590687	2547665
5590688	1495837
5590689	3953254
5590691	2248378
5590692	3818610
5590693	4421431
5590694	3522020
5590695	3522020
5590696	2234120
5590696	5572463
5590696	6328065
5590696	8240849
5590697	736616
5590697	3200303
5590697	3286956
5590697	5590708
5590697	5651741
5590697	5651743
5590697	5651744
5590698	5548575
5590700	736616
5590700	3200303
5590700	3286956
5590700	5590708
5590701	1141096
5590702	2642399
5590702	6825730
5590703	2641595
5590704	1292330
5590705	3320203
5590705	3320204
5590705	3320363
5590706	4331816
5590706	6119583
5590707	3320204
5590708	5590697
5590708	5590700
5590709	4498397
5590710	4050164
5590711	1904447
5590712	3860188
5590713	3860188
5590714	3860188
5590715	5124705
5590716	2745402
5590717	2745402
5590718	5590405
5590719	5196360
5590720	5201531
5590721	5201019
5590722	5201671
5590723	5201726
5590724	5198234
5590725	5201741
5590726	5000001
5590726	5591632
5590727	2547558
5590727	4866844
5590727	6779692
5590727	6779700
5590727	9685213
5590727	10746443
5590727	10751169
5590728	5198243
5590729	5206294
5590730	5192473
5590731	5203299
5590732	5192484
5590733	5201748
5590734	5198859
5590735	5201470
5590736	5193103
5590737	3732248
5590738	5591122
5590738	5591429
5590738	5591433
5590738	5591446
5590738	5591447
5590738	13042974
5590738	13042975
5590738	13042976
5590738	13042978
5590738	13042979
5590738	13042980
5590738	13721319
5590738	13721320
5590739	5591111
5590739	5591485
5590739	5591856
5590739	6096032
5590739	7064167
5590739	7363801
5590739	7726648
5590739	8180101
5590739	9676462
5590739	9977268
5590740	5205486
5590741	4544639
5590741	5590979
5590742	5205834
5590743	5205835
5590744	5205837
5590745	1552349
5590745	6894963
5590745	6894965
5590746	5205839
5590746	5205841
5590746	8501813
5590747	5205840
5590748	5205842
5590749	5205843
5590750	5205845
5590751	5205847
5590752	5205490
5590753	5205491
5590754	5205823
5590755	5205824
5590756	5205825
5590757	5205826
5590758	5205830
5590759	5205832
5590760	5590978
5590760	5591100
5590760	8322810
5590760	11563376
5590761	5205833
5590762	5591095
5590762	6525079
5590763	5195288
5590764	5205829
5590765	5205118
5590766	5205130
5590767	5205133
5590768	5205245
5590769	5205476
5590770	5205479
5590771	5205480
5590771	8466202
5590772	4918920
5590772	4920266
5590772	8432095
5590772	9011837
5590772	9012730
5590772	9116042
5590773	5205482
5590774	2547547
5590774	5591622
5590775	2547547
5590775	5591616
5590776	5205836
5590777	5205838
5590778	4964005
5590778	12375109
5590778	12376621
5590778	12403115
5590778	12403116
5590779	5205844
5590780	5205846
5590781	5205850
5590782	5193389
5590783	5193419
5590784	5195248
5590785	5195260
5590786	5195263
5590787	5200580
5590788	5204178
5590789	5205179
5590790	5205184
5590791	5205397
5590792	5205485
5590793	5205827
5590794	5205828
5590795	5205831
5590796	5193114
5590797	5191997
5590798	5200165
5590799	3181724
5590800	5193417
5590801	5193459
5590802	5193567
5590803	5193567
5590804	7244
5590804	399998
5590804	495520
5590804	866108
5590804	1212908
5590804	2020168
5590804	5948701
5590805	5194608
5590806	5195237
5590807	5201896
5590808	5201049
5590809	5201743
5590810	5193716
5590811	56726
5590812	1095486
5590813	4967239
5590813	5591613
5590814	5590467
5590815	5590465
5590815	9440083
5590817	1092556
5590817	1550388
5590817	1638838
5590817	4734270
5590818	2547540
5590818	5591609
5590819	2547541
5590819	6960774
5590819	7411428
5590820	1297546
5590820	1297547
5590820	1525153
5590820	2473637
5590821	130695
5590821	288862
5590821	374553
5590821	557712
5590821	685936
5590821	1036290
5590821	5375540
5590822	418642
5590822	418665
5590822	1285355
5590823	5591169
5590824	1547398
5590825	1887811
5590826	1887811
5590827	1887811
5590828	1887811
5590829	1887811
5590830	1887811
5590831	1887811
5590832	1887811
5590833	1887811
5590833	5590834
5590834	1887811
5590834	5590833
5590835	1887811
5590836	1887811
5590836	2140181
5590837	1807850
5590838	1887811
5590838	5590839
5590839	1887811
5590839	5590838
5590840	2521637
5590841	1887811
5590841	5590842
5590842	1887811
5590842	5590841
5590843	1887811
5590843	5590844
5590844	1887811
5590844	5590843
5590845	1129689
5590845	2806380
5590846	2954534
5590846	2994710
5590847	1867691
5590847	2080272
5590847	2630105
5590847	5590848
5590848	1867691
5590848	2080272
5590848	2630105
5590848	5590847
5590848	5590849
5590848	5742347
5590848	6824330
5590848	6824331
5590849	1867691
5590849	2080272
5590849	2630105
5590849	5590848
5590850	2275949
5590851	2275949
5590852	2275949
5590853	2275949
5590854	3962697
5590855	3962697
5590855	5590858
5590856	2663075
5590856	11870282
5590857	5589828
5590857	5597788
5590857	5707063
5590857	5707064
5590858	5590855
5590858	5704871
5590859	5588332
5590859	5588377
5590860	5588334
5590860	5588346
5590860	5588355
5590860	5588357
5590860	5589200
5590860	5620763
5590860	6485619
5590860	10939746
5590861	5589570
5590861	5589721
5590862	5600148
5590862	6785928
5590866	2239750
5590867	4494347
5590868	1897727
5590869	5075572
5590870	3738363
5590870	7713248
5590871	292452
5590872	3738361
5590873	3738360
5590874	5591053
5590875	5591052
5590875	6469951
5590876	5591049
5590876	5632363
5590877	5597739
5590877	5597940
5590877	5625557
5590877	7242133
5590877	7242134
5590878	2121503
5590878	5621571
5590878	9207475
5590878	10483397
5590879	5591048
5590879	5592969
5590879	5621572
5590879	8807592
5590880	5591047
5590880	5621599
5590880	5726941
5590880	5894216
5590880	5894217
5590880	5894218
5590880	6282783
5590880	6282784
5590881	5591046
5590881	5592967
5590881	5592968
5590881	5621602
5590882	5591045
5590882	5592965
5590882	5592966
5590882	5607261
5590882	5621604
5590882	8662216
5590882	9081271
5590883	5590890
5590883	5591044
5590883	5592963
5590883	5621605
5590883	5702078
5590883	5716780
5590883	7592136
5590884	3738358
5590884	10028214
5590884	12112698
5590885	4500675
5590885	10928950
5590885	11909379
5590886	3738358
5590887	3422169
5590888	3307540
5590889	3738349
5590890	5590883
5590891	3738347
5590892	3738344
5590893	3738345
5590894	3023949
5590895	3738340
5590896	4665462
5590897	3738338
5590898	3738336
5590899	3738334
5590899	7244602
5590900	3860095
5590900	7168069
5590901	2713094
5590901	6308335
5590902	3738331
5590902	9364147
5590903	3738330
5590904	3738330
5590905	3738327
5590906	3738326
5590907	3738323
5590910	3738440
5590911	9408543
5590912	5591043
5590912	5592961
5590912	5592962
5590912	7327961
5590912	7360224
5590913	5601231
5590913	6967910
5590913	7021162
5590913	8806794
5590913	9145726
5590913	12583980
5590914	5591026
5590915	4832483
5590915	5592960
