11230194	13942674
11230195	11227022
11230196	11227022
11230197	4135032
11230198	11227023
11230198	11375870
11230199	8139879
11230199	11230204
11230199	11230205
11230199	11230208
11230199	12767226
11230200	11227023
11230200	11779669
11230201	11227023
11230202	8139879
11230202	8144874
11230202	12767225
11230202	12767226
11230203	8139879
11230203	8144874
11230203	12767212
11230203	12767222
11230204	8139879
11230204	8144874
11230204	11230199
11230204	12533233
11230205	8139879
11230205	8144874
11230205	11230199
11230206	8139879
11230206	8144874
11230207	13747278
11230208	8139879
11230208	8144874
11230208	11230199
11230214	35495
11230214	11872507
11230214	12472332
11230220	13618244
11230222	13501504
11230224	11230225
11230225	11230224
11230227	11230228
11230228	11230227
11230229	32672
11230230	9694676
11230232	6783898
11230234	6783898
11230234	13105981
11230236	625638
11230236	12404790
11230237	625638
11230237	11231168
11230237	12404789
11230237	12404804
11230239	5772156
11230239	9972043
11230239	9972044
11230240	11230242
11230241	4870317
11230242	11230240
11230243	5725310
11230244	10633358
11230245	11230110
11230246	2376392
11230247	3907716
11230248	3907716
11230249	5443085
11230249	5444680
11230249	5444782
11230250	6243449
11230252	3821711
11230252	6560574
11230252	9976039
11230254	3500121
11230255	4905042
11230256	10691878
11230257	10691878
11230258	11229839
11230258	11229845
11230259	11230261
11230260	295765
11230261	11230259
11230261	11264371
11230262	437663
11230263	10001699
11230264	10001697
11230265	10001698
11230266	10001461
11230266	11962647
11230267	2212603
11230268	2212603
11230269	7137055
11230269	10199533
11230270	10001430
11230271	10001427
11230272	10001424
11230273	10001407
11230273	11563071
11230274	10001404
11230274	11962845
11230275	10001403
11230276	10000737
11230277	10000719
11230277	13986386
11230277	13986389
11230278	10000718
11230279	10000716
11230280	8417671
11230281	10000714
11230282	10000707
11230283	10000694
11230284	6108127
11230284	7487906
11230285	10000693
11230286	10000583
11230287	10000394
11230287	13635197
11230288	10000393
11230289	10000392
11230290	8614535
11230291	10000385
11230292	7187983
11230293	8329179
11230294	9459018
11230295	7166611
11230296	9998119
11230297	9998116
11230298	9998097
11230299	10118649
11230299	12693507
11230299	13161602
11230299	13161603
11230300	9267685
11230300	9672550
11230301	10213066
11230302	10213067
11230303	9998092
11230303	10069442
11230304	9997268
11230305	6842735
11230306	10213068
11230307	10217322
11230308	7633052
11230308	7633056
11230308	7633071
11230309	10225493
11230310	129786
11230310	281822
11230310	8901592
11230311	11230428
11230312	11222776
11230312	13635057
11230312	13635058
11230313	6233651
11230314	1673228
11230315	2387303
11230316	9941282
11230317	1828593
11230319	1828615
11230319	12695814
11230320	6646165
11230322	2642946
11230324	3991635
11230324	11975465
11230324	13101152
11230324	13166330
11230324	13173149
11230326	3728034
11230326	11101251
11230327	8122826
11230327	13636961
11230328	11230340
11230328	11230372
11230330	8168717
11230331	6243802
11230331	7237047
11230332	8194483
11230333	8303639
11230333	13191429
11230334	7463910
11230335	8314405
11230336	6645922
11230336	7858039
11230337	6645922
11230337	7858039
11230338	8314405
11230339	10030668
11230339	13168329
11230340	11230328
11230340	11230372
11230340	11264369
11230340	11371529
11230341	5112914
11230342	11176154
11230343	9183529
11230343	11230344
11230344	11230343
11230345	2230250
11230346	2230250
11230347	1565266
11230347	7533394
11230348	11074096
11230349	10463383
11230351	11230354
11230352	9377481
11230353	10297100
11230353	13149845
11230353	13149846
11230354	11230351
11230354	11230369
11230355	10537044
11230356	11229826
11230356	11264367
11230357	10878736
11230358	1982179
11230359	8722334
11230360	8722334
11230361	11209799
11230362	9921882
11230363	9921882
11230364	8638541
11230364	10204148
11230367	2626687
11230368	1672902
11230369	11230354
11230369	11264365
11230370	1761439
11230370	13142033
11230370	13142034
11230371	3593023
11230372	11230328
11230372	11230340
11230372	11371529
11230373	1798768
11230374	1527705
11230375	2719515
11230376	2719515
11230377	1798828
11230378	2548568
11230379	2548568
11230380	11230381
11230380	11230383
11230380	11230384
11230380	11230387
11230381	11230380
11230381	11230387
11230381	11264363
11230382	1840427
11230383	11230380
11230383	11230387
11230384	11230380
11230385	4009113
11230385	13976710
11230386	9334733
11230387	11230380
11230387	11230381
11230387	11230383
11230387	11230474
11230387	11230475
11230388	7863843
11230389	11230457
11230389	11230458
11230389	11230459
11230389	11230460
11230389	11230461
11230389	11588088
11230390	8034141
11230391	940104
11230392	8392789
11230392	13200345
11230393	11230405
11230393	11233905
11230393	11234031
11230393	11237848
11230393	11264362
11230394	8398503
11230394	13331442
11230395	2719518
11230396	2719518
11230396	2719524
11230397	2719518
11230398	8953964
11230398	8954982
11230398	8955025
11230398	9609689
11230398	10046425
11230399	2719528
11230400	2719528
11230401	2719530
11230402	6347369
11230402	10642861
11230403	11230414
11230405	11230393
11230405	11233905
11230405	11234033
11230406	6594621
11230407	8035325
11230408	8245029
11230409	8245029
11230410	9265085
11230411	9265085
11230412	9956318
11230412	13653613
11230413	10020107
11230414	11230403
11230415	9853882
11230415	9934667
11230415	9934668
11230415	9934884
11230415	9934885
11230415	10111029
11230416	10222362
11230416	13537447
11230416	13537449
11230417	10223387
11230418	4735099
11230418	4735232
11230418	4735492
11230418	7303976
11230418	7889130
11230419	10232446
11230420	10818055
11230420	10818056
11230421	11230424
11230421	11230425
11230421	11551003
11230422	10232634
11230423	10235485
11230424	11230421
11230425	11230421
11230426	10243433
11230426	11975539
11230426	11975540
11230426	13189829
11230427	9067994
11230428	11230311
11230428	11230485
11230429	10243478
11230430	8654428
11230430	9042538
11230430	9042539
11230430	12621092
11230432	11230434
11230433	10532717
11230434	11230432
11230434	11264375
11230435	10753173
11230436	10843420
11230437	11230440
11230438	11230441
11230438	11230443
11230438	11230444
11230438	11230446
11230438	11230447
11230438	11230448
11230438	11230451
11230438	11230453
11230438	11622381
11230438	12997975
11230439	10870644
11230439	13630712
11230440	11230437
11230440	11230442
11230441	11230438
11230441	11230443
11230441	11230451
11230442	1907476
11230442	11230440
11230443	11230438
11230443	11230441
11230443	11230453
11230444	11230438
11230445	12873992
11230446	11230438
11230447	11230438
11230448	11230438
11230450	3201266
11230451	11230438
11230451	11230441
11230452	4973405
11230452	11230854
11230453	11230438
11230453	11230443
11230457	11230389
11230458	11230389
11230459	11230389
11230460	11230389
11230461	11230389
11230462	11093565
11230463	1961407
11230463	2129690
11230463	7173757
11230464	2360622
11230465	23568
11230465	11231167
11230465	11872461
11230466	2360622
11230468	1112893
11230469	6439765
11230470	11230471
11230471	11230470
11230471	12095873
11230472	6235016
11230474	11230387
11230474	11264363
11230475	11230387
11230475	11264373
11230476	11230478
11230477	7403012
11230478	11230476
11230478	11230480
11230478	11264372
11230479	10198623
11230480	11230478
11230481	10198623
11230482	10208120
11230483	19505
11230484	142976
11230485	11230428
11230486	1130812
11230487	11230488
11230488	11230487
11230489	8968410
11230491	9958685
11230492	9958685
11230493	10899454
11230493	13773623
11230493	13773641
11230494	5902030
11230494	11230102
11230495	11230496
11230496	11230495
11230496	11230497
11230496	11230500
11230496	11230501
11230496	11381093
11230496	12319840
11230497	11230496
11230498	9703377
11230499	9703377
11230500	11230496
11230501	11230496
11230503	6356025
11230504	6356025
11230506	6355863
11230508	3131733
11230509	11230512
11230510	4325291
11230510	5661090
11230510	7477584
11230510	9130204
11230510	9264418
11230511	3168315
11230511	10043995
11230511	10044154
11230512	11230509
11230512	11264385
11230513	6239839
11230513	7222255
11230513	10783949
11230513	10783951
11230513	10783952
11230513	10783953
11230513	10783954
11230513	10783955
11230514	5846217
11230515	9270931
11230515	10635372
11230516	9270931
11230516	10635372
11230517	6803603
11230517	7517597
11230518	6803603
11230518	7517597
11230519	2640787
11230519	2750408
11230519	2750409
11230519	7694917
11230520	7535192
11230520	11230682
11230520	11230683
11230520	11230684
11230521	11230524
11230522	5807099
11230523	5807099
11230524	11230521
11230525	11030870
11230525	12409446
11230526	11230527
11230527	11230526
11230527	11230550
11230527	11231026
11230528	6257891
11230529	6257891
11230530	6248202
11230531	2111944
11230532	2187210
11230533	2237401
11230534	2241108
11230534	2245884
11230535	11229657
11230536	5561944
11230536	11229657
11230536	11230538
11230536	11231024
11230537	2246004
11230538	11229657
11230538	11230536
11230538	11230679
11230538	11230680
11230539	3223100
11230540	11230541
11230541	11230540
11230541	11264384
11230542	11230543
11230543	11230542
11230543	11264383
11230543	12491957
11230544	11134096
11230544	11230674
11230544	11230675
11230544	11230676
11230544	11230677
11230545	1347107
11230546	6525336
11230546	6525337
11230546	11230672
11230547	7758365
11230548	11230549
11230549	11230548
11230549	11231022
11230550	11230527
11230551	11230552
11230552	11230551
11230553	11230554
11230554	11230553
11230554	11264381
11230555	2217913
11230557	4016631
11230559	10148296
11230560	11230565
11230561	10148296
11230562	10217715
11230563	10504255
11230564	10747570
11230565	11230560
11230565	11231020
11230565	13114145
11230566	11230567
11230566	11231286
11230567	11230566
11230567	11264379
11230567	11264380
11230567	11264382
11230568	11230570
11230569	7722568
11230570	11230568
11230571	3082363
11230571	9227042
11230572	267873
11230573	6131626
11230573	12126383
11230574	11228442
11230574	11872478
11230575	11230580
11230576	10034678
11230577	7848778
11230577	7848780
11230577	11230582
11230577	11231014
11230577	12147822
11230577	12147824
11230577	12147826
11230577	12147827
11230577	12147830
11230577	12205012
11230578	5850742
11230578	6285586
11230579	8319834
11230580	11230575
11230580	11264377
11230581	2543501
11230581	8408646
11230581	11271948
11230582	11230577
11230583	2543501
11230583	8408646
11230583	11271947
11230584	4865153
11230586	11230588
11230587	5850742
11230587	6285586
11230588	11230586
11230588	11231011
11230589	9442682
11230589	11872482
11230592	10597486
11230593	2189940
11230594	2189940
11230597	9123746
11230598	4833106
11230602	9549264
11230602	11872502
11230606	13074509
11230608	7712880
11230608	10294095
11230608	12261097
11230608	13570191
11230608	13570192
11230611	7712880
11230611	11458028
11230619	7148793
11230623	3071812
11230625	11124568
11230627	12560857
11230630	11230995
11230632	5441792
11230633	12559523
11230634	9478599
11230635	11230991
11230636	11230983
11230637	11157158
11230640	9122986
11230641	8983103
11230642	8983103
11230643	11230978
11230652	11230975
11230653	11230967
11230653	12872853
11230654	11092767
11230654	11230661
11230654	11230662
11230655	11230962
11230656	3822435
11230656	4581471
11230656	4734032
11230656	5751383
11230661	11230654
11230662	11230654
11230663	12787270
11230665	9301981
11230666	11157158
11230668	13441146
11230669	4498063
11230669	5593838
11230669	9871804
11230671	9277784
11230672	11230546
11230673	9277784
11230674	2175969
11230674	11230544
11230674	11458029
11230674	11458030
11230675	11230544
11230675	11458031
11230676	6932908
11230676	11230544
11230676	11458032
11230676	11458033
11230677	11230544
11230677	11231166
11230677	11458034
11230678	238338
11230679	11230538
11230680	11230538
11230681	263302
11230681	8324768
11230682	7157181
11230682	7157550
11230682	7163736
11230682	11230520
11230683	7157181
11230683	7157550
11230683	7163736
11230683	11230520
11230684	11230520
11230684	11231165
11230686	2561383
11230686	13742625
11230686	13742626
11230687	7131750
11230687	11458035
11230688	11230689
11230689	11230688
11230690	8656125
11230691	4665986
11230691	12595376
11230692	4495880
11230693	11230694
11230693	12684433
11230694	11230693
11230695	681844
11230696	7704731
11230696	12936569
11230698	2465171
11230699	9041120
11230700	11230701
11230701	11230700
11230702	2980079
11230705	292652
11230705	10217895
11230705	11231164
11230706	11230709
11230707	1713027
11230708	1713027
11230709	11230706
11230710	3214752
11230711	1912799
11230711	10708050
11230711	11458037
11230712	252090
11230712	11231163
11230713	2007473
11230713	4577772
11230713	4577774
11230714	3183542
11230715	13603669
11230717	7775773
11230717	11458039
11230719	1811687
11230719	11458054
11230720	11230722
11230722	11230720
11230723	7707339
11230725	11230728
11230728	11230725
11230728	11264391
11230729	2705616
11230729	11458056
11230729	11458057
11230729	11458059
11230729	12539299
11230729	12539301
11230730	9596736
11230732	8832461
11230733	8832461
11230734	8832461
11230736	68584
11230736	11231160
11230737	11116654
11230737	12600433
11230738	11116654
11230738	12600434
11230739	6529578
11230740	1752486
11230740	6322963
11230741	1195226
11230742	8782665
11230742	9607090
11230743	322076
11230744	322076
11230745	322076
11230746	2544488
11230746	4439964
11230746	11458112
11230747	873576
11230748	873576
11230749	8307659
11230750	8047911
11230751	8047911
11230752	8047911
11230753	55616
11230754	3369002
11230754	12769528
11230755	55810
11230756	5734786
11230757	8416958
11230758	70388
11230759	70388
11230760	70388
11230761	70388
11230762	70388
11230763	70388
11230764	7391389
11230764	8192016
11230765	4702942
11230765	11458115
11230766	287547
11230767	11208399
11230767	11458168
11230767	11767953
11230767	13594154
11230768	1404508
11230769	1404508
11230770	1505490
11230771	1505490
11230772	1505490
11230773	2271721
11230773	5556777
11230773	7293230
11230774	1580078
11230775	1531925
11230776	9014405
11230776	10574805
11230776	10574808
11230776	11231254
11230776	11264389
11230776	12466693
11230777	9575081
11230777	11458169
11230778	1671133
11230779	1869648
11230780	1994394
11230781	6040191
11230781	11458171
11230781	11458173
11230781	11458175
11230781	11458177
11230782	4187766
11230782	4187772
11230782	4789364
11230782	4789366
11230783	9129202
11230784	1703443
11230784	11236686
11230784	11236789
11230784	12413565
11230785	11230787
11230786	11458304
11230786	11458325
11230787	11230785
11230787	11264388
11230788	1746106
11230789	541126
11230790	3633880
11230790	12769524
11230790	13139722
11230790	13416622
11230791	8416958
11230792	2093461
11230793	8416959
11230794	8416959
11230795	1752307
11230797	8835069
11230797	8850121
11230797	12205007
11230797	12205010
11230797	12877598
11230799	3064989
11230799	11458255
11230799	11458256
11230800	6001412
11230800	12205005
11230800	12461982
11230803	11212783
11230803	11236689
11230803	11236783
11230803	11247878
11230804	9855465
11230805	6113945
11230805	10238902
11230805	11212781
11230805	11213232
11230806	9855465
11230806	11230959
11230807	11230956
11230808	10982308
11230809	11230954
11230809	12343212
11230810	9855464
11230811	11230951
11230812	9855464
11230814	8336600
11230814	10643177
11230815	5592429
11230815	5862093
11230815	7781161
11230815	9195357
11230816	11210898
11230818	11210894
11230819	11210890
11230819	12769521
11230819	12769522
11230820	11210887
11230820	12769521
11230820	12769522
11230821	11210882
11230821	12769519
11230823	9855466
11230824	6379261
11230824	6637544
11230824	6822049
11230824	8080200
11230824	10731343
11230826	9855470
11230829	11210672
11230831	9855476
11230832	5322589
11230832	6144664
11230832	9819004
11230833	9855477
11230834	6248467
11230834	6783758
11230834	10827475
11230834	10827477
11230834	10827481
11230836	7728408
11230836	7728569
11230837	6663900
11230837	9068018
11230838	5038479
11230838	11792751
11230838	13383289
11230839	9855481
11230840	882583
11230840	1840669
11230840	11231157
11230840	12167995
11230840	12445860
11230841	1814823
11230841	3883844
11230841	7462500
11230842	10304418
11230844	9855481
11230845	9855482
11230847	9855483
11230848	11230949
11230849	9855485
11230850	1713407
11230850	9190850
11230851	9855485
11230852	7129795
11230852	7129796
11230852	10783906
11230852	10783907
11230852	10783908
11230852	10783909
11230852	10783910
11230852	10783911
11230852	10783912
11230852	10783913
11230853	9462166
11230853	10783992
11230853	10783993
11230853	10783994
11230853	10783996
11230854	4973405
11230854	11230452
11230855	8374893
11230855	10635383
11230856	2474916
11230856	7694931
11230857	8360741
11230857	13226237
11230858	11073860
11230858	11230864
11230858	11442673
11230858	13488123
11230859	11230944
11230860	8952032
11230860	9682970
11230861	3371202
11230861	4538807
11230861	4538808
11230861	11194914
11230862	10793124
11230862	10793128
11230862	10793129
11230863	274552
11230864	11073860
11230864	11230858
11230864	11231156
11230865	7948450
11230866	10943434
11230866	11230870
11230866	11831408
11230866	12587744
11230866	12915986
11230866	12916928
11230867	9135361
11230867	9388875
11230868	2061520
11230868	11231004
11230868	11383325
11230869	6091213
11230869	9666463
11230870	10943434
11230870	11230866
11230870	12915986
11230871	11028669
11230871	11028670
11230872	6880004
11230872	10021010
11230873	11230878
11230874	12509130
11230874	12509131
11230874	12509132
11230874	12509133
11230874	13480719
11230875	4211750
11230875	6633269
11230876	12910183
11230876	12910184
11230877	8938251
11230877	9731071
11230877	10238187
11230877	10238188
11230878	11230873
11230878	11808812
11230878	11808813
11230878	11808926
11230879	10756370
11230879	10756795
11230879	10756797
11230879	10756798
11230879	10756799
11230879	10756800
11230879	10756804
11230879	10756805
11230879	10756807
11230879	10756808
11230879	11654950
11230882	11231258
11230882	13842994
11230883	11231259
11230884	8272409
11230884	8292218
11230884	8292219
11230884	10635681
11230885	15146
11230886	7926749
11230887	6008129
11230888	15146
11230889	2643451
11230889	3034759
11230889	11044495
11230891	15146
11230892	7141069
11230892	10740533
11230892	10740534
11230892	10740535
11230892	10740536
11230893	2033807
11230893	8974593
11230894	5969746
11230894	6103848
11230895	6205086
11230895	9731168
11230896	11119657
11230897	4465702
11230897	10817923
11230898	6231750
11230898	6655168
11230898	8227575
11230899	11230900
11230900	11230899
11230901	11230902
11230902	11230901
11230902	11230940
11230903	5707235
11230904	15146
11230905	7992351
11230906	3300773
11230907	10301094
11230908	2359423
11230909	11230937
11230909	13489894
11230910	6020624
11230911	11230912
11230912	11230911
11230913	6020624
11230914	11230936
11230914	13489889
11230915	9079057
11230915	11458280
11230915	11458281
11230915	11458282
11230915	11458283
11230916	135365
11230917	6057073
11230917	7304642
11230917	11458284
11230918	11102847
11230918	11458289
11230919	11230920
11230920	11230919
11230921	11229618
11230921	11230927
11230922	4916624
11230922	5476091
11230922	7610891
11230922	7610894
11230922	7610896
11230923	11229618
11230924	11229705
11230924	11229706
11230925	10715686
11230926	9324748
11230926	11458300
11230927	11229618
11230927	11230921
11230928	9580784
11230929	10030391
11230930	1503580
11230931	2871046
11230931	2912910
11230932	2871046
11230932	2912910
11230933	773378
11230933	783505
11230933	6047416
11230933	8207093
11230933	8207094
11230934	11230935
11230935	11230934
11230936	11230914
11230936	11458357
11230937	7148354
11230937	11230909
11230937	11458369
11230937	14020593
11230937	14020595
11230938	11230939
11230938	11230948
11230938	11230950
11230938	11230953
11230938	11230958
11230938	11230961
11230938	11230977
11230938	11230981
11230938	11230984
11230938	11230989
11230938	11230992
11230938	11231001
11230939	11230938
11230939	11230950
11230939	11230953
11230939	11230958
11230939	11230989
11230940	11230902
11230940	13485110
11230941	11225629
11230941	13134449
11230942	11222275
11230942	11872268
11230943	11230945
11230944	11230859
11230945	11230943
11230946	11221881
11230947	7005676
11230947	11221881
11230948	11230938
11230949	11230848
11230949	11458399
11230950	11230938
11230950	11230939
11230951	11230811
11230952	11220160
11230952	12607610
11230953	11230938
11230953	11230939
11230954	11230809
11230955	11220154
11230955	11872275
11230955	13112971
11230956	11230807
11230957	11220151
11230957	11872315
11230958	11230938
11230958	11230939
11230959	11230806
11230959	11231256
11230959	12410516
11230959	12411418
11230959	13282495
11230960	11219028
11230960	12319573
11230961	11230938
11230962	11230655
11230963	11219028
11230964	7287064
11230964	11217732
11230965	11220151
11230965	11380420
11230966	11230968
11230967	11230653
11230967	12873025
11230968	11230966
11230969	4923262
11230969	4923465
11230969	13162090
11230969	13162093
11230970	6301821
11230970	11217503
11230971	2064396
11230971	9188403
11230971	11217421
11230972	11217563
11230972	11380418
11230973	11217394
11230973	11217396
11230973	13555522
11230974	11217388
11230975	11230652
11230976	11217090
11230977	11230938
11230978	11230643
11230979	11217081
11230979	12614597
11230980	11217078
11230980	13155800
11230981	11230938
11230982	11215745
11230982	11404247
11230982	13139811
11230983	11230636
11230984	11230938
11230985	11217078
11230985	11888620
11230986	11215529
11230987	11215530
11230988	11215531
11230989	11230938
11230989	11230939
11230989	11264387
11230990	11215493
11230990	11872287
11230990	12583315
11230991	11230635
11230992	11230938
11230993	11230994
11230993	12393990
11230993	12394069
11230994	11230993
11230994	12393990
11230995	11230630
11230995	11230999
11230996	3177928
11230997	11214890
11230998	3177928
11230999	11230995
11231000	11213437
11231000	13387439
11231001	11230938
11231002	11212733
11231003	11212733
11231004	11230868
11231005	11211699
11231006	11211696
11231007	11211635
11231008	11231010
11231009	11209951
11231009	11209952
11231009	13159038
11231010	11231008
11231011	11230588
11231012	11209258
11231014	11230577
11231014	12147812
11231015	11207841
11231016	11207836
11231016	11208319
11231016	13218501
11231016	13218503
11231017	11207836
11231017	11208319
11231017	11537491
11231018	11207836
11231018	11208319
11231018	11872330
11231018	13220874
11231019	11207836
11231019	11208319
11231019	11537491
11231020	11230565
11231021	11207170
11231022	11230549
11231023	463270
11231024	11230536
11231025	11207052
11231026	11230527
11231027	11207025
11231028	7974864
11231029	11116329
11231030	11161481
11231031	7977018
11231031	8213310
11231032	9990503
11231033	9990503
11231034	9990503
11231035	9990503
11231036	9990503
11231037	2619455
11231037	2619483
11231037	8230416
11231038	7977022
11231039	11231041
11231039	11231047
11231039	11231050
11231039	11231053
11231039	11231056
11231039	11231059
11231039	11231063
11231039	11231068
11231039	11231069
11231040	7977027
11231040	11231046
11231041	11231039
11231041	11231050
11231041	11231068
11231042	7977027
11231042	11231046
11231042	12123887
11231042	12123889
11231043	7977027
11231043	11231046
11231044	1410570
11231045	1389663
11231046	7977027
11231046	8220946
11231046	10898981
11231046	11231040
11231046	11231042
11231046	11231043
11231047	11231039
11231048	11206151
11231048	13329331
11231049	11206151
11231049	11437136
11231049	13328559
11231050	11231039
11231050	11231041
11231051	11205410
11231052	11205410
11231053	11231039
11231054	11205365
11231055	7871455
11231055	11201085
11231055	11205305
11231055	13162088
11231055	13162089
11231056	11231039
11231057	11204828
11231057	12131561
11231057	13272670
11231057	13272671
11231057	14021180
11231058	11204543
11231059	11231039
11231060	11204543
11231061	11204543
11231062	576876
11231063	11231039
11231064	11204543
11231065	11204538
11231065	11630532
11231065	11630533
11231065	11643419
11231065	13404187
11231065	13404189
11231066	11204535
11231067	11204528
11231068	11231039
11231068	11231041
11231069	11231039
11231070	11204449
11231071	11204449
11231072	11204431
11231073	11204430
11231073	13112532
11231073	13214268
11231073	13214270
11231074	11204430
11231074	13135101
11231074	13214357
11231075	11202996
11231076	11202996
11231077	11202905
11231078	5377088
11231078	11202729
11231078	11202730
11231078	11231084
11231078	12314291
11231079	11202555
11231080	11202556
11231081	2460978
11231082	11202505
11231082	13223923
11231083	11202505
11231084	5377088
11231084	7044997
11231084	11202729
11231084	11202730
11231084	11231078
11231084	11231413
11231084	12314291
11231085	11202505
11231086	11202505
11231087	11202442
11231087	11202443
11231087	11331373
11231087	11331374
11231088	11201747
11231089	11201733
11231090	11200573
11231091	11200573
11231092	11200528
11231092	13150444
11231092	13150447
11231092	13249328
11231093	11200485
11231093	11200486
11231094	11200480
11231094	13109617
11231095	11200475
11231095	13249324
11231095	13249326
11231095	13249327
11231096	11200476
11231096	13249318
11231096	13249321
11231096	13249322
11231097	11200478
11231097	13249314
11231097	13249316
11231097	13249317
11231098	11200460
11231098	13220872
11231099	11200460
11231100	11195030
11231100	11200457
11231100	11327371
11231100	12440828
11231101	11200447
11231101	11517173
11231102	358515
11231103	11200441
11231103	13171603
11231104	11200437
11231105	11200436
11231106	11200205
11231107	11200186
11231108	11197860
11231108	11197861
11231109	11197705
11231110	11195361
11231111	11195356
11231111	11494066
11231112	11195352
11231112	12017038
11231112	13158965
11231113	11195351
11231113	11443343
11231113	13158964
11231114	11195350
11231114	11443340
11231114	12022045
11231114	12022047
11231114	12022048
11231114	12022049
11231114	13159010
11231115	11195349
11231115	11443344
11231115	13159009
11231116	11195058
11231116	13607295
11231117	11195038
11231118	11195034
11231119	11195035
11231120	11195036
11231121	11195036
11231122	11195011
11231122	13214715
11231122	13214716
11231123	11195011
11231123	13214713
11231123	13214714
11231124	9540816
11231124	11195011
11231124	11494068
11231125	11195011
11231125	11537475
11231126	1026214
11231126	1087354
11231126	6618909
11231126	11194492
11231127	11194473
11231128	11194460
11231129	11194465
11231130	11194378
11231130	13214711
11231130	13214712
11231131	11194378
11231132	11194322
11231133	313387
11231133	13230621
11231134	3975760
11231134	3991143
11231134	4099633
11231134	11193419
11231135	3975760
11231135	3991143
11231135	4099633
11231135	11193419
11231136	11189966
11231136	11345334
11231137	11189964
11231137	13152746
11231138	8080412
11231138	11232973
11231139	11189964
11231140	1245267
11231141	11189593
11231141	11554482
11231142	11189593
11231142	11554482
11231143	11189036
11231144	11188359
11231144	11188360
11231145	11188359
11231145	11188360
11231146	8406101
11231146	13348663
11231146	13348668
11231147	11188343
11231147	12170346
11231148	11188342
11231149	8406101
11231149	13348664
11231149	13348667
11231150	8406101
11231151	8406101
11231152	11231153
11231153	11231152
11231153	13986757
11231154	10757119
11231154	10757123
11231155	10757123
11231156	11230864
11231156	11234491
11231157	11230840
11231157	11234495
11231158	8426273
11231158	8426274
11231159	6829101
11231159	6829840
11231160	11230736
11231161	13435553
11231161	13435555
11231162	6243449
11231163	252090
11231163	11230712
11231164	292652
11231164	11230705
11231165	11230684
11231166	11230677
11231167	11230465
11231168	8883883
11231168	11230237
11231169	11230058
11231169	11231171
11231169	11231172
11231169	11231174
11231169	11231176
11231169	11231177
11231169	11231362
11231169	11231394
11231169	11232167
11231169	11232169
11231169	11232171
11231169	11232174
11231170	11224801
11231171	11230058
11231171	11231169
11231171	11232171
11231171	11232174
11231171	12626548
11231171	12626549
11231172	11231169
11231172	11231176
11231172	11231362
11231172	11231380
11231172	11232167
11231172	11232169
11231172	12628661
11231173	11230058
11231174	11230058
11231174	11231169
11231174	11232171
11231175	11230058
11231176	11230057
11231176	11230058
11231176	11231169
11231176	11231172
11231176	11231177
11231176	11231178
11231176	11231362
11231176	11231394
11231176	11232167
11231176	11232169
11231176	11232171
11231176	11232174
11231176	12628661
11231176	12628668
11231176	13374021
11231176	13374022
11231176	13374023
11231176	13374024
11231177	11230058
11231177	11231169
11231177	11231176
11231178	11231176
11231179	3150789
11231179	9642375
11231179	11458403
11231180	3150789
11231180	9642375
11231180	11458405
11231181	9759406
11231181	9759420
11231181	11458407
11231181	11458408
11231181	11458409
11231181	11458411
11231182	2965381
11231182	11088364
11231183	5241082
11231183	9396226
11231184	5241083
11231184	9396226
11231185	9536796
11231186	9575683
11231186	11458421
11231187	7557196
11231187	11458418
11231187	11458419
11231188	9174425
11231189	9238435
11231190	7751443
11231190	7751452
11231191	9232765
11231192	9508455
11231193	9486487
11231193	12014320
11231194	5369309
11231195	5369309
11231196	1288391
11231197	10728018
11231198	9301232
11231199	6582983
11231200	4961211
11231201	1143199
11231202	4754938
11231202	4754939
11231202	7305023
11231202	11458191
11231203	9278721
11231204	318917
11231204	12091261
11231205	7483418
11231206	258713
11231206	11231878
11231207	750342
11231207	11231880
11231207	11231881
11231207	11231891
11231208	518214
11231208	518261
11231208	779885
11231208	779886
11231208	779887
11231208	780035
11231208	780036
11231208	853204
11231208	1289752
11231208	4469615
11231208	4747264
11231208	8463763
11231208	9437095
11231208	11231882
11231208	11231884
11231209	4787499
11231209	11231885
11231209	11231893
11231209	12599080
11231210	3374155
11231210	4402033
11231211	4002412
11231211	7538184
11231211	11231886
11231212	3935374
11231213	3223135
11231214	8594874
11231214	11231887
11231215	426950
11231216	426950
11231216	2265983
11231217	11458443
11231218	1972630
11231219	1095309
11231220	2245282
11231221	2245494
11231222	2245496
11231223	4397559
11231224	4502834
11231225	5852362
11231226	9119449
11231227	9410340
11231228	1021038
11231229	9439937
11231230	9869616
11231231	36809
11231232	36809
11231233	245318
11231234	37096
11231235	290850
11231236	290850
11231237	297080
11231238	417024
11231239	433521
11231240	1024413
11231241	1025237
11231242	1141093
11231243	11458448
11231244	11458473
11231244	13453159
11231245	11458475
11231246	11231253
11231246	11458479
11231247	11240147
11231247	11458486
11231247	11458487
11231248	11458489
11231248	11458491
11231248	11458492
11231251	11240146
11231251	11317379
11231253	11231246
11231254	11230776
11231255	12493914
11231255	12493920
11231256	11230959
11231256	12411418
11231257	3494832
11231258	11230882
11231259	11230883
11231260	11231261
11231261	11231260
11231261	11231262
11231262	11231261
11231263	11231264
11231264	11231263
11231264	11231647
11231266	11231267
11231267	11231266
11231269	11231270
11231270	11231269
11231270	11264386
11231271	8142507
11231271	11264406
11231274	12843924
11231277	11231278
11231278	11231277
11231279	11231280
11231280	11231279
11231280	11264405
11231282	11231283
11231283	11231282
11231286	11230566
11231287	242398
11231288	10876042
11231288	13298460
11231289	11231293
11231290	298468
11231291	2721722
11231292	3879677
11231293	11231289
11231294	3933037
11231295	4512202
11231295	13203159
11231296	7856791
11231296	8197147
11231297	8145257
11231298	8236278
11231298	13299041
11231299	8236280
11231300	8249799
11231301	9146237
11231301	13254005
11231302	9237813
11231303	9241311
11231303	12293216
11231303	12293217
11231303	13145596
11231304	9712400
11231304	13544002
11231305	9726033
11231305	13112669
11231306	11231308
11231307	9736015
11231308	11231306
11231308	11264401
11231309	9767946
11231310	11231324
11231311	9822087
11231311	13533241
11231312	11231320
11231313	9956322
11231314	10096699
11231314	11277083
11231315	10096813
11231316	10132279
11231317	4478247
11231317	4479115
11231318	10030633
11231318	10186169
11231319	10217584
11231320	11231312
11231321	45325
11231322	10225490
11231322	13225376
11231322	13225377
11231323	1404664
11231323	4919851
11231324	11231310
11231325	10226519
11231325	13537914
11231326	10232364
11231327	10232589
11231328	2712604
11231328	11458771
11231328	11458773
11231329	11231331
11231330	10240929
11231331	11231329
11231331	11264396
11231331	11264398
11231332	10808072
11231333	262174
11231333	627114
11231333	11458793
11231333	11458795
11231333	11458799
11231334	10823610
11231335	1824624
11231335	13241644
11231336	1835825
11231337	11231346
11231338	4499731
11231339	2475580
11231339	13146543
11231340	1598991
11231341	5355039
11231342	10520393
11231342	11231349
11231342	11458806
11231342	11458807
11231343	2487663
11231344	9308336
11231344	9314456
11231345	247278
11231346	11231337
11231347	24989
11231349	11231342
11231350	3732842
11231351	3728913
11231351	11458823
11231352	258963
11231353	6349844
11231353	6624549
11231354	38874
11231354	11459048
11231354	11459049
11231354	11459051
11231355	3820550
11231355	11459052
11231356	5187260
11231356	11459066
11231356	11459072
11231357	855284
11231358	1475500
11231359	1844755
11231360	11231361
11231361	11231360
11231361	11381121
11231362	11231169
11231362	11231172
11231362	11231176
11231362	11231394
11231362	11232167
11231362	11232169
11231362	11264392
11231362	11264394
11231362	12628661
11231363	6587870
11231364	11231368
11231364	11231369
11231366	2548959
11231367	8381030
11231368	11231364
11231368	11381118
11231369	11231364
11231370	5725581
11231371	2565502
11231371	11459067
11231372	6566457
11231372	6999409
11231373	10070767
11231373	11233278
11231373	12236702
11231374	10618068
11231374	11233280
11231375	8516344
11231375	11233282
11231375	12008634
11231376	3737273
11231377	2708003
11231377	3049954
11231378	8528376
11231378	11233287
11231378	12114704
11231378	12236703
11231379	2402274
11231380	11231172
11231381	2013614
11231381	6644062
11231382	10365289
11231382	10365290
11231382	11233290
11231382	12236707
11231383	2248877
11231383	5362404
11231383	5362407
11231384	3913384
11231384	11231388
11231384	11233292
11231384	11233937
11231385	10017678
11231385	13973240
11231386	3820189
11231386	6790164
11231387	5845858
11231388	3913384
11231388	4815725
11231388	11231384
11231388	11233292
11231388	11233937
11231389	1966492
11231389	5108414
11231389	5108415
11231390	1754700
11231391	732028
11231392	278280
11231392	7801956
11231392	10037401
11231392	11240167
11231393	643304
11231394	11230057
11231394	11230058
11231394	11231169
11231394	11231176
11231394	11231362
11231394	11231405
11231395	54105
11231395	216799
11231395	695019
11231395	791107
11231395	791930
11231395	793511
11231395	852599
11231395	1502835
11231396	5738450
11231396	10817657
11231396	11459073
11231397	379932
11231398	2485150
11231399	2036663
11231400	1809811
11231401	2157687
11231402	8540015
11231403	5729553
11231403	11459074
11231403	11459075
11231403	13164394
11231404	10666372
11231405	11231394
11231406	1047528
11231407	5816605
11231408	64620
11231409	1234665
11231409	1234667
11231411	2539782
11231411	11459076
11231411	11459077
11231412	3531577
11231413	11231084
11231414	397009
11231414	4050144
11231415	11229641
11231416	1840058
11231417	2730683
11231418	11220975
11231419	1875434
11231420	9193428
11231420	11459078
11231421	11219400
11231422	11219400
11231423	11219400
11231424	30247
11231424	11459084
11231424	11459085
11231425	4872301
11231426	10066325
11231426	11231431
11231427	11231428
11231427	11231574
11231427	13116578
11231427	13528784
11231428	11231427
11231429	11231445
11231430	4993162
11231431	11231426
11231434	10738441
11231435	1431249
11231436	2860898
11231441	12068657
11231444	3752969
11231444	4105959
11231444	11459086
11231445	11231429
11231446	11231450
11231447	11231472
11231447	11231836
11231448	11743827
11231448	11743828
11231448	11743829
11231450	11231446
11231451	11522341
11231451	11522342
11231451	11522668
11231451	12102135
11231451	12102136
11231451	12686720
11231454	11616290
11231456	11907834
11231456	11907836
11231462	10683875
11231462	13731632
11231462	13759559
11231463	257190
11231468	11560522
11231472	11231447
11231472	11231836
11231473	2444707
11231476	11659040
11231477	1759551
11231479	11843993
11231482	12052168
11231485	12052217
11231493	10800163
11231493	11456387
11231493	11658937
11231493	11658938
11231493	13371494
11231494	11659278
11231494	11659279
11231494	11659284
11231495	773928
11231498	11923577
11231503	11234941
11231504	3989969
11231505	11680701
11231506	11619818
11231507	12406012
11231511	12071033
11231511	12071034
11231511	12071035
11231512	11136695
11231518	12089441
11231522	5823718
11231524	10683730
11231525	11616372
11231525	12443867
11231526	11238850
11231526	11832103
11231527	11927421
11231529	10690115
11231532	13445707
11231533	11463145
11231536	12379569
11231536	12448438
11231537	11531950
11231539	12061061
11231540	10683736
11231540	12401179
11231540	12405485
11231540	12405486
11231543	11616315
11231545	772181
11231555	9729871
11231556	2880554
11231556	11459087
11231556	11712425
11231556	11712426
11231556	12491927
11231556	13104926
11231564	11771091
11231564	11771092
11231564	11771093
11231565	10683718
11231566	6387529
11231566	9851045
11231567	10683718
11231569	845411
11231573	404752
11231574	11231427
11231575	12061131
11231576	10683713
11231576	11231586
11231582	11836020
11231583	10683703
11231584	11250261
11231584	11250262
11231584	11864960
11231586	11231576
11231587	10683660
11231588	12074831
11231590	5270156
11231592	10683662
11231596	6349461
11231600	10112483
11231600	11459090
11231600	11459091
11231601	11812594
11231605	8836931
11231605	10683650
11231605	10683651
11231608	11800389
11231609	11534446
11231613	11918309
11231613	11918310
11231614	10683639
11231615	11600194
11231615	11976250
11231617	12029018
11231619	12190818
11231620	12028634
11231621	10683631
11231624	705869
11231630	10652680
11231632	12068629
11231632	12068630
11231634	1533370
11231636	11438990
11231639	11668318
11231639	11668319
11231639	11800327
11231640	11914059
11231644	12077258
11231646	1431149
11231647	11231264
11231649	10652581
11231649	13203453
11231649	13203454
11231649	13203871
11231649	13213236
11231649	13245508
11231649	13506663
11231649	13506664
11231651	11798461
11231652	1499544
11231656	389114
11231658	12812032
11231660	11870228
11231665	2055964
11231666	12415788
11231666	13945789
11231667	11773975
11231669	8311362
11231672	8311354
11231673	10296470
11231676	13573413
11231676	13945810
11231676	13945811
11231680	11303808
11231681	13945858
11231681	13945860
11231682	5206453
11231685	5206455
11231688	11231694
11231688	11459103
11231689	12052118
11231693	13058478
11231694	11231688
11231695	7310154
11231697	11870230
11231697	12310119
11231698	11966382
11231701	11231710
11231701	11234525
11231701	11593300
11231702	592968
11231707	7310116
11231708	12050273
11231710	11231701
11231713	11644007
11231715	7310099
11231719	7310054
11231720	12141285
11231721	12059551
11231721	12059552
11231723	11231766
11231724	12276800
11231727	12050110
11231728	12029095
11231731	11792498
11231734	11812390
11231736	12045937
11231738	12052238
11231738	12052239
11231738	12052240
11231738	12052242
11231745	7308897
11231749	7308851
11231754	11463461
11231755	7308575
11231755	13207146
11231755	13895593
11231758	7308550
11231761	11062369
11231761	11651834
11231766	11231723
11231767	7303988
11231767	9357280
11231770	11558735
11231771	11771369
11231772	12538956
11231775	11231781
11231775	12054585
11231780	6108363
11231780	11234407
11231781	11231775
11231782	10728608
11231783	7297564
11231784	58469
11231785	11231787
11231786	6337808
11231786	11750375
11231787	11231785
11231787	11232969
11231788	11231800
11231789	11231811
11231790	11231941
11231792	8015732
11231793	8015732
11231794	8765603
11231795	8007739
11231797	1007749
11231797	1290102
11231797	12370400
11231799	1737402
11231800	11231788
11231800	12895446
11231802	2213027
11231803	9034175
11231804	9953985
11231805	9953985
11231806	6890571
11231807	4499916
11231808	4499916
11231809	4499916
11231810	4499916
11231811	11231789
11231811	12896078
11231812	8769403
11231813	8769403
11231814	8769403
11231815	9439066
11231815	11271086
11231816	9439066
11231817	9439066
11231818	9439066
11231819	9439066
11231820	9439066
11231821	5006750
11231822	5006750
11231823	5006750
11231824	5006750
11231825	5006750
11231826	5006750
11231827	1066333
11231828	11231829
11231829	11231828
11231830	2036201
11231830	2036203
11231830	2036204
11231830	2036205
11231830	3280646
11231830	3280648
11231830	5476163
11231830	5476164
11231831	11231838
11231832	11255852
11231832	11476870
11231832	13605322
11231833	853975
11231834	11231837
11231834	11255852
11231834	11459108
11231836	11231447
11231836	11231472
11231837	11231834
11231837	11459108
11231838	11231831
11231839	759196
11231841	10300266
11231842	414660
11231843	5611878
11231843	7873369
11231844	7873369
11231844	11238203
11231844	11243178
11231845	6894030
11231846	10118051
11231846	10118078
11231846	10118079
11231847	14747
11231847	259840
11231847	571825
11231847	999140
11231847	1642316
11231847	9010280
11231847	9447169
11231848	6523387
11231848	6523388
11231848	11276451
11231849	2276196
11231849	4308723
11231849	11276335
11231850	2504663
11231850	3253783
11231850	3627909
11231850	3641911
11231850	3872106
11231850	3872107
11231850	4683874
11231850	5499323
11231850	5868753
11231850	10570294
11231850	12011882
11231850	12744231
11231850	13823539
11231851	7110441
11231851	7110442
11231851	13224139
11231852	7508592
11231852	7510790
11231852	7512519
11231852	7522311
11231852	11982013
11231854	7389538
11231854	7389540
11231854	7546718
11231854	9554321
11231854	11756735
11231855	7389538
11231855	7546718
11231855	9554321
11231855	11756735
11231856	3523515
11231856	3523781
11231856	12612496
11231856	12613888
11231857	360721
11231857	11232960
11231858	2601703
11231858	11238200
11231859	346949
11231859	11238199
11231860	2771027
11231861	3133330
11231862	2771823
11231863	7459211
11231863	8442482
11231864	1549756
11231864	1549757
11231865	1549756
11231866	1819224
11231867	406648
11231867	817044
11231867	1079103
11231867	1280411
11231867	2138754
11231867	11897616
11231868	406648
11231869	396837
11231869	2756374
11231869	3310746
11231869	6058352
11231869	6058357
11231870	11231872
11231872	11231870
11231872	13833630
11231873	5884343
11231873	5884667
11231873	8710115
11231874	5884343
11231874	5884667
11231874	8710115
11231875	2482191
11231875	2482192
11231875	2482193
11231876	73557
11231876	405806
11231876	447151
11231876	641574
11231877	3257208
11231877	3281487
11231877	3855212
11231877	3855213
11231877	3855218
11231877	3855219
11231877	3855221
11231877	3855222
11231877	11231883
11231877	11238220
11231878	11231206
11231878	11231890
11231879	7396791
11231879	11799214
11231880	11231207
11231880	11231891
11231881	11231207
11231882	11231208
11231882	11231892
11231883	11231877
11231883	11682544
11231884	11231208
11231885	11231209
11231885	11231893
11231885	12599080
11231886	11231211
11231886	11231894
11231887	11231214
11231887	11231895
11231888	1819198
11231888	1819199
11231888	2846640
11231890	11231878
11231891	11231207
11231891	11231880
11231892	11231882
11231893	11231209
11231893	11231885
11231893	12599080
11231894	11231886
11231895	11231887
11231896	6058357
11231896	11231899
11231896	11231900
11231896	11243177
11231897	210778
11231897	1451677
11231898	5285702
11231898	11515080
11231898	12343025
11231898	13524105
11231899	11231896
11231900	11231896
11231901	66736
11231902	4042227
11231902	12278163
11231902	12602649
11231903	11235685
11231903	11235686
11231903	11264409
11231904	3304092
11231904	7712119
11231904	7883524
11231904	12133515
11231905	5821170
11231905	11380918
11231906	1261935
11231906	1967655
11231906	2275151
11231906	10140663
11231907	1261935
11231907	2275151
11231908	5064409
11231908	6163082
11231909	1898464
11231909	5178270
11231910	1898464
11231911	5337367
11231911	5800854
11231911	6317253
11231911	6317254
11231911	11238194
11231911	11873722
11231912	1583671
11231912	1591271
11231912	1593629
11231912	1611883
11231912	3804322
11231912	3804325
11231912	12681406
11231912	12681407
11231912	13084075
11231912	13084076
11231912	13084077
11231913	8083557
11231913	8083563
11231913	10810840
11231914	10636317
11231915	1460450
11231915	11232957
11231915	11232958
11231915	12412283
11231916	1328486
11231916	11238221
11231918	365027
11231918	1755842
11231918	1755869
11231918	3013726
11231920	754142
11231921	5755104
11231922	5755104
11231923	5755104
11231924	730681
11231925	1832971
11231925	3551801
11231925	11238183
11231926	1832971
11231926	11231936
11231926	11238183
11231926	11243175
11231927	13467034
11231927	13467036
11231928	11237337
11231929	11232954
11231930	11231933
11231931	9849632
11231931	9849643
11231931	9870112
11231931	9870113
11231931	9870163
11231931	9870164
11231933	11231930
11231934	11231935
11231935	11231934
11231936	11231926
11231937	8644793
11231938	8467419
11231939	2680291
11231939	11214744
11231939	11217010
11231940	6527747
11231940	10654435
11231941	11231790
11231942	11231946
11231943	10657454
11231944	10792122
11231944	10792123
11231944	10792124
11231944	10792125
11231944	10792126
11231945	7769182
11231945	11232952
11231946	11231942
11231947	10780215
11231948	10780213
11231948	10838797
11231949	10780226
11231950	10780227
11231951	10780232
11231951	11232949
11231951	11246290
11231952	10780244
11231953	10780244
11231953	12963297
11231954	10780244
11231955	10780247
11231955	12086818
11231955	13486371
11231956	10780247
11231957	10780251
11231957	11238179
11231957	11238206
11231957	12875565
11231957	12875566
11231957	12875568
11231957	12875569
11231958	11231960
11231959	8629176
11231959	11232947
11231959	11243174
11231960	11231958
11231961	8629191
11231961	11232943
11231962	8631839
11231963	8631839
11231964	8633655
11231965	8633656
11231965	8633663
11231965	12378297
11231965	12378299
11231965	13275494
11231966	8633710
11231967	8634084
11231968	8634104
11231969	8634105
11231969	11588361
11231970	8634105
11231970	8648190
11231971	8634105
11231971	11232941
11231971	11232942
11231972	8634109
11231973	8634109
11231974	8634109
11231975	8634128
11231975	8648182
11231975	11259951
11231975	12400225
11231975	13352956
11231975	13352957
11231975	13352958
11231976	10802845
11231977	8634172
11231977	11232938
11231977	11235005
11231977	11235006
11231977	11238265
11231978	8634172
11231979	8080925
11231979	8634259
11231979	11792079
11231979	12892662
11231979	12924604
11231979	13438899
11231980	8634344
11231980	8642003
11231980	8642004
11231981	8634377
11231982	8634377
11231982	8641914
11231983	8634377
11231984	8634384
11231984	11232937
11231985	3746693
11231985	8634431
11231985	11232935
11231985	11234997
11231986	8634432
11231986	11232931
11231986	11232932
11231986	11232933
11231986	11232934
11231987	10186540
11231987	10186541
11231987	10186542
11231988	8634479
11231989	8634479
11231989	11232930
11231990	8634481
11231991	8634481
11231992	8634488
11231993	8634490
11231993	11238189
11231994	8634514
11231994	8640771
11231994	11232927
11231994	11232928
11231994	11243172
11231995	8634515
11231995	8634516
11231995	8634519
11231996	8634517
11231996	8634518
11231996	11882901
11231996	13532953
11231996	13533066
11231997	8634524
11231997	8634525
11231997	8640717
11231997	8640720
11231998	7480486
11231998	7481830
11231999	8634532
11231999	8640671
11231999	13386559
11231999	13386560
11232000	8634532
11232001	8634597
11232001	11232926
11232002	8634640
11232005	8634641
11232005	13005666
11232005	13005668
11232005	13005670
11232005	13005671
11232005	13570607
11232006	11232920
11232006	11232922
11232008	11978576
11232009	2345519
11232009	8636751
11232009	11232085
11232009	11232087
11232009	12132388
11232009	13418158
11232009	13418159
11232009	13418160
11232010	12634817
11232010	12634823
11232013	12050311
11232015	12061352
11232018	11619819
11232019	11250385
11232019	12628215
11232020	8636761
11232020	11232919
11232022	11571942
11232023	8636787
11232023	11232918
11232025	8636787
11232027	8636791
11232027	8638716
11232027	11232916
11232027	13694497
11232028	12059564
11232030	8636839
11232030	8638482
11232031	11835010
11232032	8636859
11232032	8638446
11232032	11232915
11232033	11528584
11232033	12876062
11232034	8636887
11232034	11232913
11232034	11232914
11232035	8636887
11232035	11232908
11232035	11232910
11232036	8636983
11232037	8636983
11232038	8638872
11232038	11232906
11232038	11238155
11232039	11526814
11232039	13788659
11232042	8638930
11232042	11232905
11232043	5683102
11232046	5481106
11232046	5481904
11232046	14005725
11232046	14005968
11232046	14005970
11232047	8639036
11232049	11668971
11232049	12027288
11232050	8639036
11232050	11232903
11232052	11439002
11232052	11611503
11232053	8639047
11232053	8639054
11232055	11759079
11232055	11854013
11232055	11854014
11232056	11528596
11232057	6812092
11232057	6812093
11232057	11086904
11232057	11086905
11232058	12052184
11232059	2248321
11232059	2908411
11232059	2908412
11232059	2908413
11232059	2908414
11232059	2908415
11232059	2908416
11232059	4910827
11232059	7555350
11232061	11528597
11232061	11528598
11232061	12669622
11232061	12669625
11232064	9358159
11232064	9358160
11232065	2955016
11232066	8639168
11232068	11800390
11232069	3911602
11232069	10199559
11232070	8639168
11232070	11457390
11232071	8639168
11232074	8639168
11232076	11538543
11232077	2955016
11232078	8639170
11232078	11232896
11232078	11232899
11232080	11664131
11232082	8639170
11232083	9589227
11232083	11264434
11232083	13838503
11232083	13838581
11232083	13846876
11232085	11232009
11232086	8639177
11232086	11232895
11232086	11238143
11232086	11243171
11232087	11232009
11232091	11668218
11232092	6352677
11232092	10634278
11232093	8641118
11232094	8641118
11232096	11232892
11232096	11232893
11232096	11286252
11232096	11286253
11232096	11286254
11232097	6429773
11232097	6429776
11232097	7484198
11232100	9009979
11232100	9721773
11232102	11232891
11232103	8641127
11232103	11238138
11232106	1280577
11232106	1283974
11232106	1524539
11232106	2250970
11232106	10064608
11232106	10736841
11232108	8641027
11232108	11232888
11232108	11232889
11232108	13472328
11232109	8641027
11232110	3958388
11232112	5000860
11232112	7800834
11232114	2466974
11232114	2467196
11232114	4535362
11232114	10923705
11232114	10923707
11232114	11264419
11232114	11264449
11232116	11232120
11232120	11232116
11232120	11232886
11232123	1431322
11232123	1798246
11232123	9752697
11232125	12135905
11232125	12135910
11232126	11664174
11232130	6981795
11232131	11958583
11232131	11958584
11232134	12489187
11232139	10908630
11232139	10908631
11232139	10908632
11232140	11232885
11232143	6271541
11232143	10668828
11232144	11495116
11232144	11495118
11232144	11495119
11232145	11616247
11232145	12515622
11232146	11233577
11232147	7792749
11232147	11264417
11232150	9752025
11232150	11232209
11232150	11232212
11232151	6957970
11232152	11792458
11232153	11232883
11232154	10223100
11232154	10675664
11232156	5970880
11232156	5975195
11232156	5975197
11232156	11264414
11232157	8023720
11232157	10636535
11232159	12059565
11232160	8502512
11232163	13268144
11232165	11232882
11232166	11232875
11232166	11910979
11232167	11231169
11232167	11231172
11232167	11231176
11232167	11231362
11232167	12626547
11232168	11232877
11232169	11231169
11232169	11231172
11232169	11231176
11232169	11231362
11232169	12626547
11232170	6936710
11232170	11232612
11232170	11264450
11232170	13268072
11232171	11230058
11232171	11231169
11232171	11231171
11232171	11231174
11232171	11231176
11232171	13543317
11232172	11232878
11232172	11232879
11232174	11230058
11232174	11231169
11232174	11231171
11232174	11231176
11232175	7281234
11232175	7282518
11232178	11728780
11232178	11728781
11232178	12498893
11232179	7564599
11232179	7769401
11232181	8130251
11232181	11232186
11232181	11264447
11232182	11232880
11232182	11758311
11232184	8130251
11232184	11232186
11232184	11264446
11232185	3200508
11232185	7889757
11232185	7889758
11232185	7889760
11232185	8981479
11232185	8981480
11232185	9178169
11232186	8130251
11232186	11232181
11232186	11232184
11232188	7752572
11232191	11966383
11232192	11841957
11232193	11229897
11232193	11229898
11232194	11659498
11232194	11659502
11232194	11849388
11232195	11966384
11232196	7785623
11232197	13852554
11232199	11233576
11232199	12108433
11232200	11619820
11232200	12055058
11232202	12337517
11232202	12651701
11232202	12651704
11232202	12651706
11232203	11619763
11232203	11837794
11232203	11837796
11232203	11837797
11232203	13747858
11232205	11342035
11232205	11342044
11232205	11342048
11232206	11234494
11232206	11342055
11232206	11342059
11232206	11342062
11232207	12520501
11232208	11788334
11232208	11788335
11232209	9752020
11232209	9752022
11232209	11232150
11232210	11342069
11232210	11342072
11232210	11342075
11232212	9752020
11232212	9752022
11232212	11232150
11232213	12051816
11232213	12051817
11232214	11962280
11232214	12489189
11232216	4913856
11232216	11798972
11232216	11798974
11232216	11798975
11232222	298753
11232228	11600248
11232232	10240348
11232232	11414845
11232236	11232868
11232237	11560322
11232243	8590691
11232244	11232249
11232245	7076226
11232245	11881009
11232245	11882440
11232246	9130508
11232246	11279819
11232246	12205003
11232246	12950738
11232247	9130508
11232247	11279819
11232247	12203174
11232247	12950864
11232248	10785051
11232248	10785052
11232248	10785053
11232248	10785054
11232248	10785055
11232248	10785056
11232249	11232244
11232252	11763167
11232252	12604765
11232253	11763168
11232253	11870231
11232257	11028674
11232257	11028675
11232258	6286728
11232258	12205000
11232258	12773628
11232259	11028674
11232259	11028675
11232260	2644941
11232260	2745806
11232260	6106586
11232260	9038653
11232260	10669304
11232261	11232262
11232261	11232266
11232261	11232269
11232261	11232271
11232261	11232274
11232261	11232276
11232261	11232284
11232261	11232285
11232261	11232290
11232261	11232294
11232262	11232261
11232263	5985407
11232263	5985409
11232264	6010512
11232264	6010515
11232264	9756838
11232265	2631576
11232265	10039098
11232266	11232261
11232268	11232272
11232269	11232261
11232271	11232261
11232272	11232268
11232274	11232261
11232275	12721850
11232276	11232261
11232279	13531026
11232280	12135104
11232281	13478588
11232282	13545244
11232283	12056208
11232284	11232261
11232285	11232261
11232287	12706016
11232290	11232261
11232291	3707449
11232292	12804271
11232293	11232304
11232294	11232261
11232295	13395400
11232298	5454798
11232303	12762468
11232304	11232293
11232305	11232306
11232305	11232310
11232305	11232312
11232305	11232315
11232305	11232318
11232305	11232323
11232305	11232324
11232305	11232325
11232305	11232326
11232305	11232327
11232305	11232328
11232305	11232329
11232306	11232305
11232306	11232312
11232306	11232323
11232306	11232327
11232307	2804337
11232307	9498521
11232307	10167990
11232307	10739027
11232307	11459109
11232308	11232320
11232309	8219085
11232309	11459110
11232310	11232305
11232311	2601386
11232311	11459116
11232311	12626914
11232311	12626915
11232311	12638534
11232311	12638535
11232312	11232305
11232312	11232306
11232312	11232329
11232313	2508031
11232313	4814124
11232313	11459117
11232314	5614651
11232314	5614968
11232315	11232305
11232316	5454798
11232317	8955750
11232317	11459121
11232317	11459122
11232317	12685754
11232318	11232305
11232319	7112682
11232319	11459150
11232320	11232308
11232320	11261887
11232321	8409759
11232321	11232853
11232321	12725770
11232322	10574805
11232323	11232305
11232323	11232306
11232324	11232305
11232325	11232305
11232326	11232305
11232327	11232305
11232327	11232306
11232327	11264443
11232328	11232305
11232329	11232305
11232329	11232312
11232330	11232331
11232330	11232332
11232330	11232333
11232330	11232334
11232330	11232335
11232330	11232337
11232330	11232342
11232330	11232344
11232330	11232347
11232330	11232348
11232331	11232330
11232331	11232332
11232331	11232335
11232331	11232347
11232332	11232330
11232332	11232331
11232332	11232333
11232332	11232347
11232332	11232843
11232332	11264442
11232332	11265248
11232332	13190590
11232333	11232330
11232333	11232332
11232333	11264442
11232334	11232330
11232335	11232330
11232335	11232331
11232336	251402
11232336	11459151
11232336	11459154
11232337	11232330
11232338	5305595
11232339	6994752
11232339	11232857
11232339	11235007
11232339	11845201
11232340	7860845
11232341	6233162
11232342	11232330
11232343	10487069
11232343	10609638
11232343	11232860
11232343	11358598
11232343	11358599
11232344	11232330
11232345	6019791
11232346	10603650
11232347	11232330
11232347	11232331
11232347	11232332
11232347	11232348
11232347	11264442
11232347	13534239
11232348	11232330
11232348	11232347
11232349	2568847
11232349	10741366
11232350	8229935
11232351	10021647
11232352	6352783
11232353	5835869
11232354	680754
11232355	278508
11232356	2548534
11232357	1996935
11232358	11232361
11232358	11232368
11232358	11232370
11232358	11232373
11232358	11232375
11232358	11232379
11232358	11232381
11232358	11232382
11232358	11232386
11232358	11232393
11232358	11232394
11232358	13765080
11232358	13765081
11232359	5860583
11232360	11123269
11232361	11232358
11232362	3909985
11232363	5374964
11232364	9460275
11232365	4024348
11232366	10524258
11232367	6772171
11232368	11232358
11232369	397570
11232370	11232358
11232370	11232379
11232371	7895056
11232372	6097490
11232373	11232358
11232374	9996072
11232375	11232358
11232375	11232379
11232375	11232394
11232376	7328796
11232377	5110671
11232378	11232380
11232379	11232358
11232379	11232370
11232379	11232375
11232379	11232393
11232380	11232378
11232381	11232358
11232382	11232358
11232383	20254
11232384	6358183
11232385	1078658
11232385	5748437
11232386	11232358
11232387	2213984
11232388	8544357
11232389	4890106
11232390	7977805
11232391	2376262
11232392	6659961
11232393	11232358
11232393	11232379
11232393	11264441
11232394	11232358
11232394	11232375
11232395	5746137
11232395	11507050
11232395	13431961
11232395	13431962
11232396	8174467
11232397	488161
11232398	1027673
11232399	3153790
11232400	11232404
11232400	11232410
11232400	11232411
11232400	11232414
11232400	11232419
11232400	11232428
11232400	11232433
11232400	11232437
11232400	11232447
11232400	11232449
11232400	11232995
11232400	11532481
11232401	9088892
11232402	61285
11232402	11459157
11232402	11459158
11232403	2648826
11232404	11232400
11232404	11232411
11232404	11232437
11232405	6529009
11232405	6924703
11232406	7391905
11232407	2011621
11232408	6118456
11232409	431050
11232410	11232400
11232411	11232400
11232411	11232404
11232411	11232449
11232412	62472
11232413	2258311
11232414	11232400
11232414	11348821
11232415	9510831
11232416	6530323
11232417	9152201
11232418	9152201
11232419	11232400
11232420	9152201
11232421	9152201
11232422	9152201
11232423	9152201
11232424	5078882
11232425	5078882
11232426	9152204
11232427	9152204
11232428	11232400
11232429	6237124
11232429	8183745
11232430	6532277
11232431	6237125
11232432	6237126
11232432	13595883
11232432	13595886
11232433	11232400
11232434	6237126
11232434	13595884
11232434	13595885
11232434	13595886
11232435	11166114
11232436	6237128
11232437	11232400
11232437	11232404
11232437	11232996
11232437	11264438
11232438	1028123
11232439	6357843
11232440	3852818
11232441	6237104
11232442	3852818
11232443	6237105
11232444	2250121
11232445	3852818
11232446	6237105
11232447	11232400
11232448	11232570
11232449	11232400
11232449	11232411
11232450	3727521
11232451	3913817
11232452	10088725
11232453	2951598
11232454	10088725
11232455	8095218
11232456	8408388
11232457	8582454
11232458	7394941
11232459	2361792
11232460	3567769
11232461	10166558
11232462	3627804
11232463	2871713
11232464	6659949
11232465	303206
11232466	2482589
11232467	3228589
11232467	11233030
11232467	11243170
11232468	1898238
11232469	9356732
11232470	1635796
11232471	6629634
11232472	11232474
11232472	11232480
11232472	11232483
11232472	11232486
11232472	11232491
11232472	11232495
11232472	11232502
11232472	11232507
11232472	11232512
11232473	6252781
11232473	12293430
11232473	12293436
11232474	11232472
11232474	11232483
11232474	11232486
11232474	11232491
11232474	11232507
11232475	2958138
11232477	3150437
11232477	11458412
11232477	11458413
11232477	11458414
11232477	11458415
11232478	10166380
11232479	10166380
11232480	11232472
11232481	463334
11232482	10166380
11232483	11232472
11232483	11232474
11232484	10166380
11232485	3202577
11232486	11232472
11232486	11232474
11232487	3202577
11232488	820860
11232489	486759
11232490	3513382
11232490	5196956
11232490	11233981
11232490	11233982
11232491	11232472
11232491	11232474
11232491	11232837
11232492	5105311
11232492	8664996
11232492	13297886
11232492	13573100
11232493	6576015
11232494	6576015
11232495	11232472
11232496	4713001
11232497	6586834
11232498	7877
11232499	6586834
11232500	7156296
11232500	8648424
11232501	7877
11232502	11232472
11232503	3919048
11232504	7877
11232505	7156304
11232506	9725456
11232507	11232472
11232507	11232474
11232508	4505773
11232508	7587115
11232508	12277282
11232508	12277289
11232508	12277299
11232509	10336477
11232509	10336479
11232509	10336482
11232510	10798630
11232511	10798630
11232512	11232472
11232513	5851270
11232514	2155685
11232514	2650180
11232515	2155685
11232515	2650180
11232516	2155685
11232516	2650180
11232517	262407
11232518	11232519
11232519	11232518
11232520	4278160
11232521	4398667
11232522	4769378
11232523	2071483
11232524	11232526
11232525	4769381
11232526	11232524
11232527	3913037
11232528	2071483
11232530	6009746
11232531	2071483
11232533	8586815
11232533	12046436
11232535	2071483
11232536	8750563
11232537	8799323
11232538	8800717
11232539	8800757
11232539	11601520
11232539	11601521
11232539	11601522
11232539	11601526
11232540	8800829
11232541	7415324
11232542	9054404
11232543	9054404
11232544	9054442
11232544	9054720
11232545	10335534
11232546	9821724
11232547	11232550
11232547	11232555
11232547	11232556
11232547	11232558
11232547	11232560
11232547	11232561
11232547	11232562
11232547	11232563
11232547	11232564
11232548	10647464
11232549	11011503
11232550	11232547
11232550	11232558
11232551	11176796
11232552	11174124
11232553	11174124
11232554	11174124
11232555	11232547
11232556	11232547
11232556	13970425
11232557	3212497
11232558	11232547
11232558	11232550
11232560	11232547
11232561	11232547
11232562	11232547
11232563	11232547
11232563	11264461
11232564	11232547
11232565	4749529
11232566	4749529
11232567	5076676
11232567	11529554
11232568	3955452
11232569	1320015
11232570	11232448
11232570	11330491
11232570	11380915
11232571	11232572
11232572	11232571
11232573	1564976
11232574	587040
11232575	587040
11232576	5362411
11232576	5362441
11232576	5362862
11232576	9926951
11232577	5362412
11232578	1574300
11232578	3073621
11232578	11232646
11232579	7873608
11232579	12442040
11232580	586808
11232580	587040
11232580	893588
11232581	2978000
11232581	11232583
11232582	587040
11232582	893588
11232582	9772391
11232582	11233025
11232583	2978000
11232583	11232581
11232584	7769098
11232584	11232588
11232585	1580339
11232586	587040
11232587	587040
11232588	7769098
11232588	11232584
11232589	587040
11232590	7903111
11232590	7929869
11232590	11232591
11232590	11232964
11232590	11232966
11232591	7903111
11232591	7929869
11232591	11232590
11232591	11232964
11232591	11232966
11232591	11232968
11232592	587040
11232593	11232594
11232593	11232597
11232594	11232593
11232595	7523978
11232595	9679061
11232595	11232598
11232595	11232963
11232595	11264457
11232596	6936710
11232597	11232593
11232597	11233020
11232597	11233022
11232597	13028533
11232598	7523978
11232598	9679061
11232598	11232595
11232598	11232963
11232599	10976885
11232600	1164436
11232601	1177570
11232602	3913042
11232603	1199438
11232604	3920475
11232605	1850258
11232606	6936710
11232607	7782539
11232608	1850258
11232609	3254030
11232610	1887556
11232611	8935747
11232612	6936710
11232612	11232170
11232612	11232616
11232612	11232618
11232613	1897796
11232614	418475
11232615	3073621
11232616	6936710
11232616	11232612
11232617	7741336
11232617	11264452
11232618	6936710
11232618	11232612
11232619	1424274
11232620	6936710
11232621	1897832
11232622	5827110
11232623	2011274
11232624	2011346
11232624	2549236
11232625	6936710
11232626	2234113
11232627	6936710
11232628	2247946
11232629	2249150
11232630	2249312
11232631	6936710
11232632	2250121
11232633	2251182
11232634	8049666
11232635	7868456
11232636	505870
11232637	3089309
11232637	11232732
11232638	2314846
11232639	3295416
11232639	11264466
11232639	12995108
11232640	2314846
11232641	6330597
11232641	6330601
11232641	6330602
11232641	9069459
11232642	1486349
11232643	2875231
11232644	5069820
11232645	3087504
11232645	3089746
11232645	11264465
11232645	11264471
11232646	684799
11232646	1432506
11232646	1574300
11232646	3073621
11232646	8168933
11232646	11232578
11232647	2327210
11232648	11058340
11232649	524168
11232650	2358740
11232651	2376093
11232652	3634285
11232653	2377458
11232655	2377488
11232656	2387480
11232658	2387549
11232659	672252
11232660	7517635
11232661	11078533
11232662	13275850
11232663	2389913
11232664	4627174
11232665	12044513
11232666	2547051
11232667	135365
11232668	9181338
11232669	13357703
11232669	13357707
11232670	2548532
11232671	2548532
11232673	1564957
11232674	11252686
11232675	11582911
11232676	2548934
11232677	11232683
11232677	11232685
11232677	11232690
11232677	11232696
11232677	11232701
11232677	11232719
11232677	11232725
11232678	11253281
11232680	938139
11232682	12559281
11232683	11232677
11232685	11232677
11232685	11232701
11232686	13408548
11232687	2548977
11232690	11232677
11232690	11232701
11232695	12749213
11232696	11232677
11232696	11232701
11232701	11232677
11232701	11232685
11232701	11232690
11232701	11232696
11232701	11232725
11232702	11280677
11232703	13983626
11232703	13983627
11232705	2548982
11232708	11232710
11232708	13514180
11232710	11232708
11232711	13780143
11232714	13566259
11232716	13440114
11232717	3073621
11232719	11232677
11232722	13853851
11232723	242956
11232723	11459160
11232724	13443700
11232725	11232677
11232725	11232701
11232728	13516253
11232732	11232637
11232734	18121
11232734	11459172
11232734	11459175
11232734	11459184
11232736	13701854
11232737	12752214
11232744	10073599
11232744	11459178
11232747	3619996
11232747	5267184
11232747	6781604
11232747	7129222
11232749	51427
11232752	8826861
11232752	11459180
11232753	2462269
11232753	11459181
11232753	12098732
11232753	12348910
11232754	2953577
11232754	11459182
11232754	11459183
11232754	11459185
11232754	11459202
11232755	13528956
11232756	13275861
11232758	13530083
11232758	13530084
11232764	1152126
11232767	13454501
11232769	13705194
11232774	239952
11232774	11459188
11232774	11459189
11232776	13706931
11232777	13677687
11232778	12281305
11232780	2478959
11232780	10650322
11232780	11459193
11232780	11459194
11232780	11459195
11232780	11459196
11232780	11459201
11232780	11459203
11232781	12716935
11232781	13624430
11232782	249028
11232782	2021794
11232782	6874217
11232783	12575767
11232784	12851229
11232785	477061
11232786	13075495
11232787	5848676
11232787	5992853
11232787	11459197
11232789	1158522
11232790	11803279
11232791	4606529
11232791	11164013
11232793	11553119
11232793	13581319
11232794	10345190
11232794	11459204
11232794	13543565
11232799	9181816
11232799	11459242
11232802	8030121
11232802	11459244
11232803	12516806
11232804	2564692
11232804	11459247
11232804	11459250
11232804	11459251
11232804	11459253
11232805	7832372
11232805	11459259
11232807	350092
11232808	13541513
11232810	249028
11232811	13898731
11232813	413611
11232814	249028
11232815	2953186
11232815	11459262
11232816	9997250
11232817	9997249
11232818	9997248
11232819	9997247
11232820	10743154
11232821	9997241
11232821	12415439
11232822	9997237
11232823	9997235
11232824	9997233
11232825	9997232
11232826	9997226
11232827	9996887
11232828	9996885
11232829	9996859
11232830	5311842
11232831	3725391
11232831	11459269
11232832	2459326
11232832	2491292
11232833	249028
11232833	11996791
11232834	11232835
11232835	11232834
11232835	11802633
11232836	477086
11232836	11141924
11232837	11232491
11232838	9996664
11232839	9996663
11232840	9996662
11232840	13132286
11232841	9995968
11232842	9995966
11232843	11232332
11232844	9995942
11232845	9995940
11232846	4016486
11232846	4235680
11232847	9995920
11232848	1148358
11232849	9995914
11232850	9995912
11232851	9995909
11232851	12264090
11232852	9995906
11232853	11232321
11232854	5109485
11232855	9995900
11232856	9995876
11232857	11232339
11232858	9995874
11232859	9995873
11232860	11232343
11232860	11505314
11232860	11505318
11232861	9995867
11232862	9997259
11232863	8401684
11232863	11462176
11232863	11462177
11232863	11462178
11232863	11462179
11232864	9997257
11232865	6289899
11232866	9997256
11232866	13640699
11232867	9997255
11232868	11232236
11232869	9997254
11232869	13601997
11232870	9997253
11232870	12012465
11232871	9997252
11232872	9997262
11232873	10993939
11232873	13493257
11232874	9997261
11232875	11232166
11232876	5757385
11232877	11232168
11232878	11232172
11232879	11232172
11232880	11232182
11232881	687874
11232882	11232165
11232883	11232153
11232884	6863732
11232884	6889993
11232885	11232140
11232886	11232120
11232887	1954514
11232887	11462183
11232888	11232108
11232889	11232108
11232890	35504
11232891	11232102
11232892	11232096
11232893	11232096
11232894	795977
11232894	3770630
11232895	11232086
11232896	11232078
11232897	10588107
11232897	13580031
11232898	6863732
11232899	11232078
11232900	2645089
11232900	12102210
11232901	2645089
11232901	12102211
11232902	1572815
11232902	5276522
11232902	11462184
11232902	11462185
11232903	11232050
11232904	3432740
11232905	11232042
11232906	11232038
11232907	138919
11232907	10307911
11232908	11232035
11232909	4771541
11232910	11232035
11232911	6237108
11232912	7407852
11232912	12919303
11232912	13621512
11232913	11232034
11232914	11232034
11232915	11232032
11232916	8638716
11232916	11232027
11232916	13694497
11232917	6863732
11232917	6889993
11232918	11232023
11232919	11232020
11232920	11232006
11232921	8250308
11232921	8321151
11232921	8364413
11232922	11232006
11232923	8250308
11232923	8321151
11232923	8364413
11232924	7407852
11232925	1627336
11232926	11232001
11232927	11231994
11232928	11231994
11232929	11232936
11232930	11231989
11232931	11231986
11232932	11231986
11232933	11231986
11232934	11231986
11232935	11231985
11232936	11232929
11232937	11231984
11232938	11231977
11232939	5036618
11232940	11232946
11232940	11232951
11232941	11231971
11232942	11231971
11232943	11231961
11232944	1289462
11232945	2466480
11232946	11232940
11232946	11232951
11232946	11233016
11232946	11260209
11232946	11260214
11232946	11260215
11232946	11462186
11232946	11462187
11232946	11839748
11232947	11231959
11232948	1361843
11232949	11231951
11232950	2057319
11232951	11232940
11232951	11232946
11232951	11462186
11232951	11462187
11232952	11231945
11232953	5036619
11232954	11231929
11232955	1615581
11232955	12497460
11232956	9990741
11232957	2552098
11232957	11231915
11232957	11235003
11232958	11231915
11232959	11232961
11232959	11232965
11232960	11231857
11232961	11232959
11232961	11233012
11232961	12353381
11232961	12353518
11232961	13156408
11232961	13226236
11232961	13377310
11232962	40402
11232963	11232595
11232963	11232598
11232964	11232590
11232964	11232591
11232965	11232959
11232965	12353381
11232965	12353518
11232966	11232590
11232966	11232591
11232967	2565998
11232968	11232591
11232969	11231787
11232970	2956085
11232970	11232971
11232971	2956085
11232971	11232970
11232972	10987700
11232973	11231138
11232973	11233039
11232973	13956333
11232974	802964
11232974	4416807
11232975	2466481
11232976	11234393
11232977	11232978
11232977	11232985
11232978	11232977
11232978	11232980
11232978	11232981
11232978	11232982
11232979	11232983
11232979	11232984
11232980	11232978
11232981	11232978
11232982	11232978
11232983	11232979
11232984	11232979
11232985	11232977
11232987	9054824
11232987	11233033
11232987	11233035
11232988	9054824
11232988	11233033
11232988	11233035
11232989	10587341
11232990	10587344
11232991	11232993
11232992	11232994
11232993	11232991
11232994	11232992
11232995	11232400
11232996	11232437
11232998	11232999
11232999	11232998
11233000	704170
11233001	3405484
11233002	3405484
11233003	704172
11233004	11233006
11233005	11233008
11233005	11233011
11233005	11233015
11233005	11233018
11233005	11233021
11233005	11233028
11233005	11233031
11233005	11233034
11233005	11233037
11233005	11233043
11233005	11233053
11233005	11233057
11233005	11233064
11233005	11233067
11233006	11233004
11233007	13101506
11233008	11233005
11233008	12823583
11233009	13444097
11233011	11233005
11233011	12512333
11233011	12824214
11233012	11232961
11233014	320640
11233015	11233005
11233015	12823583
11233016	11232946
11233018	11233005
11233020	11232597
11233021	11233005
11233022	11232597
11233025	587040
11233025	11232582
11233027	328812
11233028	11233005
11233029	10568705
11233030	3228589
11233030	11232467
11233031	11233005
11233031	12823583
11233032	328812
11233033	9054824
11233033	11232987
11233033	11232988
11233034	11233005
11233035	9054824
11233035	11232987
11233035	11232988
11233036	328813
11233037	11233005
11233039	8080412
11233039	11232973
11233040	8080412
11233041	11233042
11233042	11233041
11233043	11233005
11233045	3526095
11233046	328813
11233048	10091791
11233049	10091791
11233050	2162897
11233052	8690887
11233053	11233005
11233054	5056339
11233055	13677633
11233056	1140197
11233057	11233005
11233058	1140197
11233059	1140197
11233060	13884599
11233061	329066
11233061	13833390
11233062	6222672
11233063	6222672
11233064	11233005
11233064	11264463
11233065	12847295
11233066	6787836
11233067	11233005
11233068	6787836
11233069	13555291
11233070	1931947
11233070	3116517
11233071	6589087
11233072	13677626
11233073	6589087
11233074	8058502
11233075	7738929
11233076	13856520
11233077	6258770
11233078	13421368
11233079	8017427
11233081	8901621
11233082	8901621
11233083	8901621
11233085	11233088
11233087	5058793
11233088	11233085
11233089	10020895
11233090	10020895
11233091	1901592
11233092	13514427
11233093	262059
11233094	13512102
11233094	13767723
11233095	8637630
11233095	10761895
11233095	11038027
11233096	13787315
11233097	8380012
11233098	3637313
11233099	5726601
11233099	13873715
11233100	8380012
11233101	11233104
11233101	11233118
11233101	11233125
11233101	11233131
11233101	11233133
11233101	11233137
11233101	11233145
11233101	11233172
11233101	11233174
11233101	11233175
11233102	8417412
11233103	11233105
11233103	11233127
11233104	11233101
11233105	11233103
11233105	11233127
11233106	8761872
11233107	8761872
11233108	10019227
11233109	13716279
11233110	8715956
11233111	13587691
11233112	8715956
11233113	11233117
11233113	11233128
11233114	11233119
11233114	11233129
11233115	958794
11233117	11233113
11233117	11233128
11233118	11233101
11233119	11233114
11233119	11233129
11233120	13303572
11233122	10507848
11233123	10507848
11233124	2038560
11233125	11233101
11233127	11233103
11233127	11233105
11233128	11233113
11233128	11233117
11233128	12210099
11233129	11233114
11233129	11233119
11233131	11233101
11233132	11101905
11233132	12769023
11233133	11233101
11233134	8101096
11233135	11934571
11233136	73845
11233136	4310704
11233137	11233101
11233138	1661039
11233139	7205290
11233140	7205290
11233141	9085636
11233142	7453167
11233143	7453167
11233144	7453167
11233145	11233101
11233146	5112060
11233147	772836
11233148	772836
11233149	11233159
11233149	11233252
11233150	8535400
11233150	11233161
11233150	11233253
11233151	328690
11233151	11781502
11233152	772836
11233153	11233155
11233154	8520166
11233154	8535399
11233154	9033171
11233154	10338714
11233154	10338715
11233154	11233162
11233154	11233254
11233154	12618006
11233154	12618084
11233154	12618087
11233155	11233153
11233156	11233164
11233156	11233256
11233156	12732974
11233156	13352896
11233157	11233165
11233157	11233257
11233158	11233166
11233158	11233258
11233158	13929983
11233159	11233149
11233159	11233252
11233160	1042319
11233161	11233150
11233161	11233253
11233162	8535399
11233162	11233154
11233162	11233254
11233162	12618084
11233162	12618087
11233163	9014366
11233164	11233156
11233164	11233256
11233164	13352896
11233165	11233157
11233165	11233257
11233166	11233158
11233166	11233258
11233166	13113097
11233167	6086072
11233168	6086072
11233169	1051927
11233169	5961763
11233169	11800118
11233170	1051927
11233170	5961763
11233171	2627957
11233171	3642744
11233171	11878016
11233171	11878034
11233171	11878300
11233171	11887043
11233172	11233101
11233173	1126027
11233173	11805453
11233174	11233101
11233174	11772490
11233174	13253445
11233175	11233101
11233176	1126027
11233176	11805459
11233177	1871840
11233178	1889727
11233179	9990503
11233180	11229472
11233180	13847463
11233180	13850307
11233181	1912016
11233182	11229470
11233183	11233185
11233183	11233203
11233183	11233208
11233183	11233212
11233183	11233221
11233183	11233228
11233183	11233238
11233183	11233239
11233183	11233242
11233184	11233213
11233184	11233247
11233185	11233183
11233186	11233215
11233186	11233249
11233187	11233216
11233187	11233250
11233188	11233217
11233188	11233251
11233189	11233218
11233189	11233260
11233190	11233219
11233190	11233261
11233191	11233220
11233191	11233262
11233192	11233223
11233192	11233263
11233194	11233196
11233196	11233194
11233199	11919863
11233199	12413513
11233200	13457692
11233202	13755375
11233203	11233183
11233205	12859202
11233206	12787281
11233207	11233224
11233207	11233264
11233207	11233265
11233208	11233183
11233209	11233225
11233209	11233266
11233209	11233267
11233211	13054237
11233212	11233183
11233213	11233184
11233213	11233247
11233214	13448940
11233215	11233186
11233215	11233249
11233216	11233187
11233216	11233250
11233217	11233188
11233217	11233251
11233217	13320861
11233218	11233189
11233218	11233260
11233219	11233190
11233219	11233261
11233219	13717503
11233220	11233191
11233220	11233262
11233221	11233183
11233223	11233192
11233223	11233263
11233224	11233207
11233224	11233264
11233224	11233265
11233225	11233209
11233225	11233266
11233225	11233267
11233225	11694876
11233226	12422015
11233227	13366749
11233228	11233183
11233229	11229453
11233229	11233237
11233230	13440072
11233231	11233232
11233232	11233231
11233237	11233229
11233238	11233183
11233239	11233183
11233240	12137494
11233242	11233183
11233242	13237806
11233244	12792349
11233246	13509532
11233247	11233184
11233247	11233213
11233248	12066394
11233249	11233186
11233249	11233215
11233250	11233187
11233250	11233216
11233251	11233188
11233251	11233217
11233252	11233149
11233252	11233159
11233252	13531142
11233253	11233150
11233253	11233161
11233253	11835240
11233254	11233154
11233254	11233162
11233254	12618087
11233256	11233156
11233256	11233164
11233256	12732974
11233256	13352896
11233257	11233157
11233257	11233165
11233258	11233158
11233258	11233166
11233258	13113097
11233260	11233189
11233260	11233218
11233261	11233190
11233261	11233219
11233261	13717503
11233262	11233191
11233262	11233220
11233263	11233192
11233263	11233223
11233264	11233207
11233264	11233224
11233265	11233207
11233265	11233224
11233266	11233209
11233266	11233225
11233267	5725736
11233267	11233209
11233267	11233225
11233267	11694876
11233268	11233270
11233270	11233268
11233271	11233273
11233272	7517635
11233272	12902674
11233273	11233271
11233274	7517635
11233274	11233276
11233274	12853778
11233274	12902674
11233275	7517635
11233275	7520118
11233275	11233276
11233275	12853778
11233275	12902674
11233276	7517635
11233276	7520118
11233276	11233274
11233276	11233275
11233276	11233279
11233276	11233281
11233276	11233285
11233276	12853778
11233276	12902674
11233277	7517635
11233278	10070767
11233278	11231373
11233279	7517635
11233279	11233276
11233279	12902674
11233280	10618068
11233280	10618070
11233280	11231374
11233280	11264462
11233280	13800926
11233280	13801569
11233281	7517635
11233281	11233276
11233281	11264479
11233281	12853778
11233281	12902674
11233281	13021504
11233282	8516344
11233282	11231375
11233282	12008634
11233283	11233284
11233284	11233283
11233285	7517635
11233285	11233276
11233285	12857086
11233285	12902674
11233286	10762436
11233287	11231378
11233287	11264476
11233287	11264477
11233287	12114704
11233289	10334175
11233289	12206668
11233289	12852127
11233290	10365289
11233290	10365290
11233290	11231382
11233290	11249155
11233291	11233293
11233292	3913384
11233292	11231384
11233292	11231388
11233292	11264472
11233292	11264474
11233293	11233291
11233294	1203306
11233295	9105573
11233296	1578675
11233297	2176912
11233298	276040
11233299	10288166
11233300	4663222
11233301	7267122
11233302	6494459
11233303	7267122
11233304	5802917
11233304	9076936
11233305	5054833
11233306	9387092
11233306	12406309
11233306	12406310
11233307	10339212
11233308	8914019
11233309	8914019
11233309	11634377
11233309	11634378
11233310	8703948
11233311	9008879
11233313	9593290
11233315	10846667
11233317	7985016
11233318	2843196
11233318	4038442
11233319	10586911
11233319	10648285
11233319	13993540
11233321	2314827
11233321	11145892
11233321	11145894
11233323	11233324
11233324	11233323
11233325	5516583
11233326	8900578
11233326	10199067
11233326	13662999
11233326	13663000
11233326	13663001
11233326	13663002
11233327	11216084
11233327	11216087
11233327	11216090
11233328	9079942
11233328	11233329
11233328	11243169
11233328	11570918
11233328	12206666
11233329	11233328
11233330	11233332
11233330	11233334
11233330	11233335
11233330	11233336
11233330	11233337
11233330	11233338
11233330	11233443
11233330	11233455
11233331	5839820
11233332	11233330
11233333	8315672
11233334	11233330
11233334	11233337
11233334	11233455
11233335	11233330
11233336	11233330
11233337	11233330
11233337	11233334
11233337	11233455
11233338	11233330
11233339	11233340
11233340	11233339
11233341	9306735
11233342	11233343
11233342	12542677
11233343	11233342
11233344	9423525
11233345	2236826
11233345	2524677
11233346	11233348
11233347	2236826
11233347	2524677
11233348	11233346
11233349	9492571
11233349	11233351
11233350	5937860
11233351	11233349
11233352	1100985
11233353	611315
11233353	883972
11233354	611330
11233355	11233373
11233355	11233374
11233356	617523
11233356	823294
11233357	618163
11233358	618717
11233358	11234891
11233359	9106618
11233360	618768
11233360	11236691
11233360	11236693
11233361	469821
11233361	618803
11233362	9766908
11233363	7677472
11233363	12141549
11233363	12141551
11233364	622339
11233365	9088254
11233366	9070123
11233367	628128
11233367	4879467
11233368	630670
11233368	10123068
11233369	631512
11233370	10485998
11233371	631520
11233371	11234889
11233371	12769516
11233372	9455037
11233373	11233355
11233373	13400805
11233374	11233355
11233375	11233377
11233375	11233379
11233375	11233380
11233375	11233382
11233375	11233384
11233375	11233385
11233375	11233409
11233375	11233410
11233375	11233411
11233375	11233413
11233375	11235443
11233376	7763890
11233377	11233375
11233378	9376636
11233379	11233375
11233380	11233375
11233381	9789055
11233382	11233375
11233383	9460153
11233383	11234882
11233384	11233375
11233385	11233375
11233386	10684579
11233387	8302667
11233388	7269269
11233388	13186259
11233388	13186260
11233390	9066980
11233391	10810585
11233392	9485059
11233393	7464325
11233394	7464325
11233396	8287155
11233397	8878524
11233398	7238319
11233399	7238319
11233400	9361876
11233401	9377196
11233402	11141853
11233403	9078429
11233404	3036283
11233404	9508291
11233405	3036281
11233405	9508291
11233405	9508293
11233406	9284867
11233407	9284867
11233408	9519387
11233409	11233375
11233410	11233375
11233411	11233375
11233411	11233413
11233411	11264470
11233412	133225
11233413	11233375
11233413	11233411
11233414	9455541
11233415	7947
11233416	8666420
11233417	8666420
11233418	1065073
11233419	1065073
11233420	1311855
11233421	6134185
11233422	7071086
11233423	9657644
11233424	9657644
11233425	9657644
11233426	11164501
11233427	11164501
11233428	11164501
11233429	8146234
11233430	11233435
11233430	11233438
11233431	9116436
11233432	9116436
11233433	9462125
11233434	9462125
11233435	11233430
11233436	11164506
11233436	13307681
11233437	11164506
11233438	11233430
11233439	8146243
11233440	11233441
11233440	11233442
11233441	11233440
11233442	11233440
11233443	11233330
11233444	11233445
11233444	11233448
11233445	11233444
11233446	8481053
11233447	8481053
11233448	11233444
11233449	304001
11233449	362334
11233449	570626
11233449	1184157
11233449	1284194
11233449	5609250
11233450	8146243
11233451	11233454
11233451	11233456
11233452	9116435
11233452	9116437
11233453	9116437
11233454	11233451
11233454	11338710
11233455	11233330
11233455	11233334
11233455	11233337
11233456	11233451
11233457	8407116
11233458	9172032
11233458	11280486
11233459	3920542
11233459	3920560
11233459	9172032
11233459	11894306
11233459	11894309
11233460	11233461
11233461	11233460
11233462	2549219
11233463	2549453
11233464	2549621
11233465	2549684
11233465	12943073
11233465	12943074
11233466	2648232
11233467	2648748
11233468	2648748
11233469	8825550
11233470	9207318
11233471	8682257
11233471	12151325
11233471	12151326
11233471	12151800
11233471	12151801
11233471	12151814
11233471	12151815
11233472	8682257
11233472	12151325
11233472	12151326
11233472	12151800
11233472	12151801
11233472	12151814
11233472	12151815
11233473	2648993
11233474	2649190
11233475	2649195
11233476	2713673
11233477	2891812
11233478	2951911
11233479	2955450
11233480	3068819
11233481	3151542
11233482	3312427
11233483	3331039
11233484	3360630
11233485	3365637
11233486	3374743
11233487	3818615
11233488	3823278
11233488	5448822
11233489	3823296
11233490	4401007
11233491	4401042
11233492	4401042
11233493	9844721
11233493	9845378
11233493	11702566
11233493	12120666
11233494	4401050
11233495	4401062
11233495	4500134
11233496	4401069
11233497	4495001
11233498	4496415
11233499	4498083
11233500	4498119
11233501	8923633
11233501	9336913
11233501	10012243
11233501	10012273
11233502	4501154
11233503	4667257
11233504	2400050
11233504	11156238
11233505	5000861
11233506	5018153
11233507	5383134
11233508	5437083
11233509	9384994
11233510	11185131
11233511	8986422
11233512	10926538
11233513	11009633
11233514	11006426
11233515	10245827
11233515	10246080
11233515	10246153
11233516	7895642
11233517	7895642
11233518	7895642
11233519	7895642
11233520	11039953
11233521	9191658
11233521	9191660
11233521	9191663
11233521	9752116
11233522	2236772
11233522	5434621
11233522	6089246
11233522	9860539
11233523	10371964
11233524	10001845
11233524	10001873
11233525	16164
11233525	1651052
11233525	6049357
11233525	7781957
11233525	11234364
11233525	11234366
11233525	11952541
11233525	11952550
11233526	1705034
11233526	9670783
11233526	10009631
11233528	3358365
11233528	3358368
11233528	3358371
11233528	3358374
11233528	3358376
11233528	3358380
11233528	3358384
11233528	3358458
11233528	3358459
11233528	5249979
11233528	8464183
11233529	6238210
11233530	8866684
11233531	9116144
11233532	3593390
11233533	16850
11233534	5190371
11233535	913631
11233536	1643242
11233537	2111243
11233538	3813054
11233539	2802197
11233540	967749
11233541	277432
11233542	564200
11233543	1828652
11233544	12907726
11233545	6018520
11233546	8568512
11233547	8568512
11233548	5753346
11233549	5753346
11233550	2241527
11233551	2241527
11233552	8910202
11233553	3911722
11233554	3911722
11233555	2245233
11233556	60593
11233557	2245562
11233558	2273942
11233559	2360689
11233560	2387555
11233561	6597256
11233561	7834408
11233561	7834410
11233561	7876279
11233561	7924820
11233561	7981365
11233561	8647426
11233561	8647427
11233561	10308730
11233562	7834408
11233562	7981364
11233563	11233566
11233564	11031995
11233564	11031999
11233564	11032003
11233564	11737471
11233564	12980483
11233565	9670733
11233566	11233563
11233567	9057386
11233567	9058058
11233567	11234817
11233568	11233569
11233569	11233568
11233569	12258349
11233570	8596262
11233570	12951658
11233571	11233572
11233571	11233573
11233571	11234050
11233572	11233571
11233572	11233573
11233572	11234050
11233573	11233571
11233573	11233572
11233573	11234050
11233574	11233575
11233574	11234048
11233575	11233574
11233575	11233706
11233575	11234048
11233576	11232199
11233577	11232146
11233579	374827
11233579	448645
11233580	2057650
11233581	322178
11233583	2652938
11233584	10649846
11233584	11878748
11233585	2254627
11233588	11836236
11233590	12028838
11233598	12049314
11233598	12436498
11233598	12464589
11233598	12465463
11233600	12518220
11233602	11812530
11233606	11763169
11233607	11788234
11233607	11788235
11233607	11978063
11233611	11936836
11233611	11936838
11233615	12074933
11233622	2404160
11233626	2406100
11233632	11463428
11233635	12498926
11233635	12498927
11233636	11770994
11233638	11983826
11233640	11636533
11233642	11816491
11233642	11816492
11233651	10802868
11233651	11416215
11233652	11930103
11233654	12052012
11233655	12000910
11233655	12618762
11233655	12618763
11233656	12377630
11233657	11636588
11233660	11986276
11233660	14017805
11233665	12785177
11233666	11947493
11233668	13517491
11233669	11819447
11233669	11819448
11233672	12757969
11233674	11678783
11233674	11678785
11233678	11798478
11233679	11668320
11233679	11668321
11233685	11668322
11233685	11800328
11233687	12683076
11233690	11717974
11233696	11717999
11233698	11756972
11233699	1711490
11233700	11783532
11233702	11616316
11233705	11616291
11233706	11233575
11233706	11234049
11233708	11616292
11233709	11836543
11233711	11854018
11233722	11430472
11233722	13368800
11233724	12495035
11233724	13395312
11233728	11763170
11233728	11870232
11233745	11756810
11233748	11953521
11233748	12000189
11233749	12239750
11233749	12239765
11233749	12239767
11233749	12239770
11233750	11644911
11233752	12047742
11233760	13651353
11233762	12209247
11233764	12052220
11233764	12052222
11233765	11910871
11233775	11616293
11233781	13980002
11233783	10866854
11233783	10866861
11233783	11460551
11233783	11867609
11233785	11864615
11233788	13322016
11233788	13322017
11233788	13376831
11233792	11800498
11233796	12586218
11233802	13304452
11233802	13304453
11233805	11233806
11233805	11233807
11233805	11233808
11233806	11233805
11233807	11233805
11233808	11233805
11233810	3940290
11233810	6843136
11233812	10089671
11233813	2915779
11233814	195133
11233815	11041839
11233817	11309736
11233819	128197
11233820	128197
11233820	12095795
11233821	14508
11233823	13216279
11233826	14798
11233828	1121498
11233829	11957932
11233829	11957933
11233830	11445596
11233831	1130187
11233833	11957988
11233833	11957989
11233837	2196
11233838	11233843
11233839	11233841
11233840	288322
11233840	12068608
11233841	11233839
11233841	11233849
11233843	11233838
11233844	11234796
11233849	11233841
11233852	11233857
11233857	11233852
11233862	11233863
11233863	11233862
11233863	11235407
11233865	11233867
11233866	11640140
11233866	11928496
11233866	11928497
11233867	11233865
11233869	13053952
11233874	13420310
11233875	12859511
11233876	11233878
11233876	11338706
11233876	11338707
11233876	13282144
11233876	13282145
11233876	13282146
11233878	11233876
11233879	11233880
11233879	11338712
11233879	11338713
11233880	11233879
11233881	11233882
11233882	11233881
11233882	11233883
11233883	11233882
11233883	11233899
11233884	3342821
11233886	3342821
11233887	11233888
11233887	12704034
11233887	12704035
11233888	11233887
11233889	9025258
11233890	9025260
11233891	9025260
11233892	5930193
11233893	9025269
11233894	11233897
11233894	11234005
11233895	10335938
11233896	9025269
11233897	11233894
11233898	9025283
11233899	11233883
11233901	9025283
11233901	11703968
11233902	9025283
11233903	9025283
11233905	11230393
11233905	11230405
11233905	11234033
11233905	11237848
11233906	242768
11233906	1797816
11233906	11233939
11233908	9025286
11233909	9025286
11233910	9025286
11233911	9025295
11233912	11229923
11233912	11233988
11233912	11233989
11233912	11233990
11233912	11555701
11233913	9025304
11233914	11233916
11233915	11229922
11233915	11233987
11233916	11233914
11233917	9025304
11233918	11233920
11233919	9025311
11233920	11233918
11233921	9025311
11233922	9025317
11233923	9025317
11233924	11233943
11233925	9025317
11233926	9025324
11233927	11229907
11233927	11233986
11233928	9025324
11233929	9025324
11233930	9025324
11233931	9025329
11233932	11233964
11233932	11588086
11233932	11588087
11233933	9025329
11233934	9025337
11233934	12646002
11233935	9025337
11233936	9025337
11233937	3913384
11233937	4815725
11233937	11231384
11233937	11231388
11233937	11233962
11233938	9025337
11233939	171707
11233939	242768
11233939	1797816
11233939	4219919
11233939	9314765
11233939	11233906
11233940	9025346
11233941	9025346
11233942	11233947
11233942	11233984
11233942	11648520
11233943	11233924
11233945	11233946
11233946	11233945
11233947	11233942
11233947	11233984
11233947	11233985
11233948	11233949
11233949	11233948
11233949	11233953
11233950	11233951
11233951	11233950
11233952	11683604
11233953	11233949
11233954	11233955
11233955	11233954
11233956	11233960
11233957	11233958
11233958	11233957
11233959	8530735
11233960	11233956
11233961	403068
11233961	687904
11233962	11233937
11233963	1198819
11233964	11233932
11233965	8385943
11233965	9738575
11233965	11233983
11233966	11233967
11233967	11233966
11233967	11233997
11233969	1205289
11233970	11233971
11233971	11233970
11233972	4006788
11233973	8719939
11233974	10726148
11233975	4256130
11233976	11233977
11233977	11233976
11233979	11186053
11233980	4502866
11233981	11232490
11233982	11232490
11233983	8385943
11233983	11233965
11233983	11338729
11233983	11338731
11233983	11338739
11233984	11233942
11233984	11233947
11233984	11338744
11233984	11338746
11233984	11338747
11233984	11781470
11233985	11233947
11233985	11338748
11233985	11338750
11233985	11338751
11233986	11229907
11233986	11233927
11233986	11338752
11233986	11578388
11233986	11578389
11233987	11229922
11233987	11233915
11233988	11229923
11233988	11233912
11233988	11338772
11233988	11555701
11233989	11229923
11233989	11233912
11233990	11229923
11233990	11233912
11233990	11234004
11233991	1688380
11233993	11233994
11233994	9040846
11233994	11233993
11233995	204207
11233997	11233967
11233998	11233999
11233999	11233998
11233999	11234389
11234000	8385358
11234001	2419796
11234001	12604512
11234002	9033273
11234002	12591463
11234003	859556
11234004	11233990
11234005	11233894
11234006	11234007
11234006	11234042
11234007	11234006
11234007	14009105
11234008	12006641
11234009	12825781
11234010	6688931
11234011	9372007
11234011	13686663
11234012	4016750
11234013	1209951
11234014	3407132
11234014	11171612
11234014	11234035
11234015	5461300
11234015	12696999
11234016	3407132
11234017	6331277
11234018	4597082
11234019	7917338
11234020	7391053
11234020	11234118
11234021	9008260
11234021	9008284
11234021	11338774
11234022	3232775
11234022	8998549
11234022	11338777
11234023	6366238
11234023	10765163
11234024	4666285
11234024	4674225
11234025	4666285
11234025	11338778
11234025	11338779
11234026	5209792
11234027	2292526
11234027	5499057
11234027	11338782
11234028	5564561
11234029	4632242
11234029	11338785
11234030	5744966
11234030	11338786
11234030	11338787
11234031	11230393
11234033	11230405
11234033	11233905
11234035	3407132
11234035	3407134
11234035	3407135
11234035	4185410
11234035	4185411
11234035	5598175
11234035	11234014
11234036	2880804
11234036	8993493
11234036	11338790
11234040	11234041
11234041	11234040
11234042	11234006
11234042	14009105
11234048	11233574
11234048	11233575
11234049	11233706
11234050	11233571
11234050	11233572
11234050	11233573
11234053	415455
11234053	415475
11234053	1583159
11234053	2007120
11234053	8996190
11234053	8996196
11234054	11234055
11234054	11234057
11234054	11234059
11234054	11234062
11234054	11234063
11234054	11234064
11234054	11234066
11234054	11234067
11234054	11234068
11234054	11234070
11234054	11234076
11234055	11234054
11234056	434136
11234057	11234054
11234057	11234064
11234057	11234066
11234058	55680
11234058	10527252
11234058	10527254
11234059	11234054
11234059	11234880
11234061	55680
11234061	10527252
11234061	10527254
11234062	11234054
11234063	11234054
11234064	11234054
11234064	11234057
11234066	11234054
11234066	11234057
11234067	11234054
11234068	11234054
11234070	11234054
11234072	8537133
11234073	8537133
11234075	8537133
11234076	11234054
11234077	11234078
11234078	11234077
11234079	5364454
11234080	1646297
11234081	11234082
11234081	11234083
11234081	11234088
11234081	11234092
11234081	11234093
11234081	11234095
11234081	11234096
11234081	11234097
11234081	11234098
11234081	11234101
11234081	11234102
11234082	11234081
11234082	11234083
11234082	11234095
11234082	11234096
11234082	11234097
11234082	11234101
11234082	11524857
11234083	11234081
11234083	11234082
11234084	7159260
11234085	5564568
11234086	2488858
11234087	5564568
11234088	11234081
11234089	7813194
11234090	5564568
11234091	5564568
11234092	11234081
11234093	11234081
11234094	11167183
11234095	11234081
11234095	11234082
11234096	11234081
11234096	11234082
11234097	11234081
11234097	11234082
11234098	11234081
11234099	8537133
11234100	6898447
11234101	11234081
11234101	11234082
11234102	11234081
11234102	13192195
11234104	6700877
11234105	3273593
11234106	3273593
11234107	11229923
11234108	11229923
11234108	11234111
11234108	11234112
11234109	11234110
11234110	11234109
11234110	11234117
11234110	11381088
11234111	11229923
11234111	11234108
11234111	11234116
11234111	11555701
11234112	11229923
11234112	11234108
11234113	11229923
11234114	11229923
11234115	11229923
11234116	11229923
11234116	11234111
11234117	11234110
11234118	7391053
11234118	11234020
11234119	1553310
11234119	2596415
11234120	9020263
11234121	2546086
11234121	7550735
11234122	11234123
11234122	11234124
11234122	11234127
11234122	11234128
11234122	11234129
11234122	11234130
11234122	11234132
11234122	11234134
11234123	11234122
11234124	11234122
11234125	2836945
11234127	11234122
11234128	11234122
11234129	11234122
11234130	11234122
11234131	5366222
11234132	11234122
11234134	11234122
11234135	9070576
11234136	9070576
11234137	14027247
11234140	13555470
11234142	303557
11234142	759522
11234142	759524
11234142	856293
11234142	11073020
11234142	12090615
11234143	18578
11234144	6479833
11234145	10656993
11234146	2219782
11234146	2226637
11234147	2219782
11234147	2226640
11234148	6486
11234148	257723
11234148	529477
11234148	755968
11234149	1304521
11234149	2350861
11234150	2350861
11234154	2350861
11234157	10543277
11234158	1356079
11234159	6916671
11234159	11234179
11234160	1100132
11234161	1100132
11234162	1100132
11234163	1100132
11234164	6916670
11234164	8566563
11234165	6916672
11234165	8566564
11234166	3399383
11234167	1074123
11234168	18626
11234169	8010589
11234170	8010589
11234171	8010589
11234172	6043887
11234174	8010589
11234175	7159693
11234175	11234177
11234175	11614180
11234175	11615564
11234176	1664361
11234177	7159693
11234177	11234175
11234177	11614180
11234178	898444
11234179	11234159
11234180	742802
11234181	4470805
11234182	8687686
11234182	11987657
11234183	958899
11234184	11234185
11234184	11234186
11234184	11234188
11234184	11466067
11234185	11234184
11234186	11234184
11234187	935500
11234187	986900
11234188	11234184
11234189	131917
11234189	295710
11234193	11234194
11234193	11234196
11234193	11234198
11234193	11234199
11234193	11234200
11234193	11234201
11234193	11234202
11234193	11234205
11234193	11234210
11234193	11237053
11234194	11234193
11234195	1756826
11234196	11234193
11234198	11234193
11234199	11234193
11234199	11237054
11234200	11234193
11234201	11234193
11234202	11234193
11234205	11234193
11234205	11237053
11234205	11237054
11234205	11237888
11234207	2863758
11234210	11234193
11234211	11211158
11234211	11319940
11234213	11211158
11234219	11211156
11234226	11054968
11234229	3058814
11234232	3144520
11234234	8555037
11234236	239810
11234237	9093804
11234238	9093804
11234240	9093804
11234242	10549416
11234242	11070850
11234242	13507101
11234244	2480023
11234244	11234246
11234245	7802731
11234246	2480023
11234246	9764833
11234246	11234244
11234247	4616940
11234247	11234844
11234248	4616942
11234248	9353268
11234248	11234845
11234248	13484872
11234249	3094217
11234249	4616946
11234249	8137678
11234250	7114152
11234250	11234252
11234250	12316764
11234251	4616938
11234251	5211823
11234251	11234842
11234252	7114152
11234252	11234250
11234253	3722785
11234253	11234255
11234253	11234273
11234254	7627865
11234254	8163968
11234255	3722785
11234255	11234253
11234256	21072
11234256	11234314
11234257	11234258
11234257	11234260
11234257	11234262
11234257	11234263
11234257	11234266
11234257	11234267
11234257	11234276
11234257	11234280
11234257	11234283
11234258	11234257
11234259	3382752
11234259	5800849
11234260	11234257
11234261	2007706
11234261	5248665
11234261	8592382
11234261	11234312
11234262	11234257
11234262	11234267
11234262	11234283
11234263	11234257
11234263	11234283
11234264	7768498
11234264	12736295
11234265	7127876
11234266	11234257
11234267	11234257
11234267	11234262
11234267	11234280
11234267	11234283
11234268	3821885
11234268	4782013
11234268	4782015
11234268	11234278
11234268	11234279
11234269	3722785
11234270	9038289
11234270	9333321
11234270	10015519
11234270	11234367
11234271	2655829
11234272	10077685
11234273	3722785
11234273	11234253
11234274	3722785
11234275	8415585
11234275	11784023
11234276	11234257
11234277	8415585
11234277	11784023
11234278	3821885
11234278	11234268
11234279	3821885
11234279	11234268
11234280	11234257
11234280	11234267
11234280	11234283
11234283	11234257
11234283	11234262
11234283	11234263
11234283	11234267
11234283	11234280
11234284	42512
11234284	905748
11234284	11199260
11234284	11199261
11234289	287583
11234290	11234302
11234291	937344
11234292	11234302
11234293	937344
11234294	8944704
11234297	13889809
11234297	13889812
11234299	4988940
11234299	7789976
11234299	7790480
11234299	7791338
11234299	7791339
11234299	7853037
11234299	7853038
11234299	8742765
11234300	8485238
11234302	11234290
11234302	11234292
11234303	3467749
11234303	3473615
11234303	10289492
11234304	3467749
11234304	3473613
11234307	8913504
11234308	27828
11234309	60109
11234310	60114
11234311	60114
11234312	11234261
11234313	276529
11234314	21072
11234314	11234256
11234315	283456
11234317	11218207
11234318	3581626
11234318	7888595
11234320	11234322
11234322	11234320
11234323	306254
11234325	11234836
11234326	11234329
11234326	11234835
11234327	11234835
11234328	11234835
11234329	11234326
11234330	11234331
11234330	11234332
11234330	11234333
11234331	11234330
11234331	11234333
11234331	11234834
11234332	11234330
11234332	11234833
11234333	11234330
11234333	11234331
11234334	9432303
11234335	9371629
11234336	8246942
11234336	11234338
11234337	8246942
11234337	11234338
11234338	8246942
11234338	11234336
11234338	11234337
11234339	1915197
11234340	1915201
11234342	6992761
11234343	6466714
11234344	6466714
11234345	3342887
11234346	11234349
11234346	11234354
11234347	1211840
11234348	1211840
11234349	11234346
11234350	1570599
11234351	1553458
11234352	1570599
11234353	6660456
11234354	11234346
11234355	2235989
11234356	2236312
11234357	2241025
11234358	2249660
11234359	2549738
11234360	9775216
11234361	9960070
11234362	11234365
11234364	11233525
11234364	11234589
11234364	11952541
11234364	11952550
11234365	11234362
11234366	11233525
11234366	11234589
11234366	11737461
11234366	11737462
11234366	11737463
11234366	11952541
11234366	11952550
11234366	12403934
11234367	9333321
11234367	10015519
11234367	11234270
11234368	5834856
11234369	9115914
11234369	9570228
11234369	9859469
11234369	11234370
11234370	9115914
11234370	9570228
11234370	9859469
11234370	11234369
11234372	11217641
11234372	11234588
11234372	11234826
11234372	12762490
11234373	7850065
11234374	7850065
11234376	6635276
11234376	6639362
11234376	8489514
11234376	13422567
11234377	6635276
11234377	6640518
11234377	13422568
11234378	9796775
11234378	9796777
11234378	12713148
11234382	1230589
11234385	6008876
11234385	6009725
11234385	6009726
11234385	8604123
11234385	13752972
11234386	581427
11234387	6008876
11234387	6009718
11234387	8604123
11234388	6008876
11234388	6009716
11234388	6009717
11234388	8604123
11234389	11233999
11234391	3913384
11234392	3913384
11234393	11232976
11234394	6008876
11234394	6010989
11234394	6010990
11234395	11190298
11234396	1098270
11234398	8040689
11234399	11157442
11234400	10714088
11234401	8904195
11234402	2243090
11234403	10625706
11234404	2732261
11234405	2732261
11234406	8074898
11234407	11231780
11234408	11223218
11234409	11195608
11234410	11195608
11234411	2732261
11234412	11190397
11234414	60707
11234415	11223264
11234416	11219181
11234418	4115141
11234420	8277659
11234422	13028731
11234423	13716932
11234424	11203240
11234425	11203240
11234426	12760272
11234427	13677771
11234428	13716937
11234429	13758791
11234430	12589691
11234431	1686668
11234432	11167766
11234433	13564189
11234434	11221123
11234435	13627400
11234436	8547419
11234436	10053392
11234437	13627400
11234438	1763315
11234438	10048380
11234439	13716977
11234440	13564191
11234442	12010084
11234443	12010084
11234443	13627411
11234444	13503998
11234445	13511103
11234446	13516130
11234447	13717030
11234448	8174019
11234448	12046959
11234449	13258451
11234449	13258453
11234449	13728671
11234450	8743004
11234451	13758797
11234453	2732252
11234454	13508067
11234454	13508068
11234454	13508075
11234454	13508078
11234455	257880
11234455	2732252
11234455	7104851
11234456	12718126
11234457	10823058
11234459	8817486
11234460	11224983
11234462	10213459
11234462	13189440
11234464	13435292
11234465	11224763
11234466	10268944
11234466	11713136
11234468	4308701
11234468	11210796
11234468	11211764
11234468	12063142
11234470	1662969
11234470	1713478
11234470	4364627
11234470	4364637
11234470	8114894
11234470	9638908
11234470	13189431
11234470	13189432
11234470	13189433
11234470	13189434
11234470	13189437
11234471	11190414
11234472	9381595
11234473	1742778
11234474	1742778
11234475	10066843
11234475	11649871
11234476	2719840
11234476	12524180
11234476	12743513
11234477	8773262
11234477	11341167
11234478	8773262
11234480	252040
11234480	11519993
11234481	9409588
11234482	1740236
11234483	11234485
11234484	1820807
11234484	2417877
11234484	3217923
11234484	3739214
11234484	11502129
11234485	11234483
11234486	8316639
11234487	1662290
11234487	1713407
11234488	10186071
11234488	13404301
11234489	8398284
11234490	11193558
11234490	13189426
11234491	3441983
11234491	11231156
11234492	10066844
11234493	1665358
11234493	1714591
11234493	6873289
11234493	13189425
11234494	11232206
11234495	11231157
11234496	10207830
11234496	13189330
11234498	3925077
11234499	11218205
11234500	8235468
11234501	8235468
11234502	2091638
11234502	2093449
11234503	8412635
11234504	8480403
11234507	1782724
11234509	11234511
11234511	11234509
11234512	11155789
11234512	13614341
11234513	12752269
11234514	2719861
11234515	2875426
11234515	8661778
11234515	12046955
11234515	12311682
11234515	13241936
11234515	13241937
11234515	13241938
11234516	2875426
11234516	11644502
11234517	2875426
11234518	8132850
11234520	10911101
11234522	11227711
11234524	8272880
11234525	11231701
11234526	10103262
11234527	8272880
11234528	8272880
11234531	8360302
11234534	8849783
11234535	1820838
11234538	11181427
11234541	11216378
11234545	11203019
11234547	13123549
11234547	13123552
11234548	10635202
11234549	10207337
11234549	13404092
11234551	7811849
11234552	10807837
11234552	13147911
11234554	2719864
11234556	9956111
11234557	10807845
11234557	13147909
11234557	13147910
11234558	2288249
11234559	11194078
11234560	11234561
11234561	11234560
11234562	10862281
11234562	11235536
11234562	11235542
11234562	11235563
11234563	9801146
11234564	12007472
11234565	10221945
11234565	13189413
11234565	13189423
11234566	10221945
11234566	13189413
11234567	8387596
11234567	13155288
11234570	8360285
11234570	13230617
11234572	12562727
11234573	11157426
11234574	13939805
11234575	11157419
11234577	8156627
11234578	12280080
11234579	12882007
11234583	12602077
11234584	13530067
11234585	13466187
11234586	11913910
11234587	11913910
11234587	11913915
11234588	11216016
11234588	11216106
11234588	11217641
11234588	11217971
11234588	11234372
11234588	11234826
11234588	12762490
11234588	13485187
11234589	707777
11234589	5877568
11234589	6049357
11234589	11234364
11234589	11234366
11234589	11952541
11234589	11952550
11234590	9611709
11234590	10009046
11234590	11935708
11234591	10157656
11234592	9443578
11234592	9443579
11234592	9443580
11234592	9443582
11234592	9832783
11234592	13626870
11234593	2571301
11234594	2571301
11234595	2648179
11234595	11268691
11234595	11502126
11234595	13143645
11234596	2648179
11234596	13143644
11234597	11234598
11234597	11234601
11234597	11234602
11234597	11234603
11234597	11234606
11234597	11234608
11234597	11234609
11234597	11234611
11234597	11234612
11234597	11234616
11234597	11234618
11234597	11234816
11234597	11234961
11234597	12036617
11234597	12036618
11234598	11234597
11234598	11234601
11234598	11234816
11234599	11234600
11234600	11234599
11234601	11234597
11234601	11234598
11234601	11234602
11234601	11234606
11234601	11234609
11234601	11234616
11234601	11234816
11234601	11234958
11234602	11234597
11234602	11234601
11234602	11234958
11234602	11234961
11234602	12034967
11234602	12034968
11234602	12034971
11234603	11234597
11234603	11234816
11234604	3991594
11234604	10524464
11234604	11184685
11234605	10693154
11234605	10693156
11234606	11234597
11234606	11234601
11234606	11234816
11234606	11234876
11234606	11234961
11234607	10693154
11234607	10693155
11234608	11234597
11234608	11234816
11234609	11234597
11234609	11234601
11234609	11234816
11234610	417140
11234610	417259
11234610	424877
11234610	623468
11234611	11234597
11234612	11234597
11234613	11234614
11234614	11234613
11234615	3729322
11234615	13640060
11234616	11234597
11234616	11234601
11234616	11234816
11234616	11234961
11234617	1875869
11234617	11234621
11234618	11234597
11234619	8296479
11234619	11234631
11234620	5254822
11234620	11565862
11234621	11234617
11234622	4013507
11234622	11234623
11234622	12432101
11234623	11234622
11234626	11234640
11234626	11234642
11234628	4529696
11234628	11234634
11234628	11234649
11234628	11237040
11234630	6967292
11234630	10113440
11234630	11234632
11234630	11234636
11234631	8296479
11234631	11234619
11234632	10113440
11234632	11234630
11234633	10113440
11234634	4529696
11234634	11234628
11234634	11237040
11234635	256782
11234636	7836472
11234636	10113440
11234636	11234630
11234637	2359991
11234637	11234644
11234638	408908
11234638	1146632
11234639	6356538
11234639	11234871
11234640	11234626
11234640	11234646
11234640	11234648
11234641	11234647
11234642	11234626
11234642	12258405
11234643	3231257
11234643	11234645
11234643	11234869
11234644	2359991
11234644	11234637
11234645	11234643
11234645	11234655
11234645	12952367
11234646	11234640
11234647	11234641
11234648	11234640
11234649	4529696
11234649	11234628
11234650	11234652
11234651	408906
11234652	11234650
11234652	11234867
11234653	11229381
11234654	9021180
11234654	9021183
11234655	11234645
11234656	11234698
11234656	11234699
11234657	11234659
11234658	302643
11234659	11234657
11234659	12947258
11234660	9021180
11234661	9021183
11234661	13653742
11234662	2163040
11234663	2163040
11234664	2163040
11234665	11234677
11234666	11234670
11234666	11234846
11234667	11234670
11234667	11234846
11234668	11234670
11234669	5748001
11234669	11234864
11234670	11234666
11234670	11234667
11234670	11234668
11234670	11234846
11234671	2260093
11234672	10451166
11234672	13502631
11234673	7833577
11234673	11234676
11234673	11234680
11234673	11234686
11234673	11234687
11234673	11234689
11234673	11234690
11234673	11234693
11234673	11234696
11234673	11234697
11234674	9135966
11234674	9136007
11234674	13837603
11234675	3793674
11234675	3793677
11234675	3797239
11234675	9480534
11234675	13242140
11234676	11234673
11234677	11234665
11234678	2461410
11234679	10744082
11234679	10744090
11234679	10744091
11234679	13029397
11234680	11234673
11234680	11234690
11234681	8539868
11234681	9974243
11234682	8539868
11234683	8539868
11234684	8539868
11234685	8539868
11234686	11234673
11234687	11234673
11234688	10957158
11234688	10957173
11234689	11234673
11234690	11234673
11234690	11234680
11234690	11234696
11234691	5852751
11234692	11234694
11234692	11234695
11234693	11234673
11234694	11234692
11234695	11234692
11234695	11234860
11234696	11234673
11234696	11234690
11234697	11234673
11234698	11234656
11234698	13298717
11234698	13298718
11234699	11234656
11234699	12906215
11234699	12906216
11234699	13298717
11234699	13298718
11234699	13340034
11234700	5939005
11234701	5939005
11234702	46105
11234703	1113317
11234703	1116859
11234704	1116859
11234705	5848976
11234706	1116859
11234707	7198920
11234707	7198921
11234708	255837
11234708	601512
11234708	1116607
11234709	10252328
11234710	255837
11234711	6592549
11234711	9096929
11234711	9096930
11234711	13606809
11234712	255610
11234712	1435178
11234712	2247910
11234712	7114494
11234712	11234714
11234712	11234858
11234714	11234712
11234718	11234721
11234718	11234722
11234718	11234723
11234718	11234724
11234718	11234726
11234718	11234729
11234718	11234731
11234718	11234735
11234718	11234736
11234718	11234738
11234718	11234740
11234721	11234718
11234722	11234718
11234723	11234718
11234724	11234718
11234725	11234742
11234726	11234718
11234727	4499376
11234727	5435977
11234727	5435979
11234727	9840820
11234727	11234857
11234728	6864795
11234728	7014933
11234728	11234855
11234729	11234718
11234731	11234718
11234732	69318
11234732	1506079
11234732	1652005
11234733	4498308
11234733	4854042
11234734	1957196
11234734	11234830
11234735	11234718
11234735	11234738
11234736	11234718
11234737	2269282
11234738	11234718
11234738	11234735
11234739	323931
11234739	1132442
11234740	11234718
11234741	6742963
11234742	11234725
11234743	5740787
11234743	7948057
11234744	5233385
11234745	10946248
11234745	13016071
11234746	11199367
11234746	11234747
11234746	11234748
11234746	11236091
11234746	11236097
11234746	11236099
11234746	11236103
11234746	11236115
11234746	11236118
11234746	11236121
11234746	11236124
11234746	11236128
11234746	11236129
11234747	11234746
11234747	11236099
11234747	11236115
11234747	11236124
11234748	11234746
11234748	11236115
11234748	11236124
11234749	7555488
11234750	11189911
11234750	11189913
11234750	11189914
11234750	11190441
11234750	11215672
11234750	11215674
11234750	11215676
11234750	11215678
11234750	11215680
11234750	11215683
11234750	11215684
11234750	11215852
11234750	11217898
11234750	11218268
11234750	11219818
11234750	11219908
11234750	11220480
11234750	11220481
11234750	11221490
11234753	11213238
11234753	11215898
11234753	11215899
11234753	11770597
11234753	11777155
11234754	3178992
11234754	7012423
11234754	9751118
11234755	2341287
11234755	2341288
11234755	2498796
11234755	12206658
11234755	12206659
11234755	12206660
11234757	10186412
11234758	10954222
11234759	11275442
11234760	11234761
11234761	11234760
11234761	12961488
11234762	11234764
11234762	11234769
11234762	11234772
11234762	11234773
11234762	11234774
11234762	11234776
11234762	11234779
11234762	11234781
11234762	11234783
11234762	11234784
11234763	6054659
11234764	11234762
11234765	9495057
11234766	9495057
11234766	11888518
11234767	9305811
11234768	9305811
11234769	11234762
11234770	9123748
11234771	10565458
11234772	11234762
11234772	11234854
11234773	11234762
11234774	11234762
11234775	1958652
11234775	5152551
11234775	5152556
11234775	5374605
11234775	9946371
11234775	11874108
11234775	11875089
11234775	12061793
11234775	12061797
11234775	12061799
11234775	12061806
11234775	12061808
11234775	12061811
11234775	12061813
11234775	12061816
11234775	12061820
11234775	13303793
11234775	13695818
11234775	13695819
11234776	11234762
11234777	7898175
11234777	12206657
11234779	11234762
11234781	11234762
11234782	11587030
11234783	11234762
11234784	11234762
11234784	13918697
11234787	7194
11234789	12068403
11234790	12678186
11234793	11736041
11234794	11226338
11234796	11233844
11234796	12206655
11234796	13182272
11234797	13583386
11234799	2752984
11234800	936657
11234805	9232418
11234806	5512681
11234807	11894622
11234807	11894623
11234812	11187806
11234814	11206803
11234814	11928807
11234816	11234597
11234816	11234598
11234816	11234601
11234816	11234603
11234816	11234606
11234816	11234608
11234816	11234609
11234816	11234616
11234817	9057386
11234817	9058058
11234817	11233567
11234818	11234819
11234819	11234818
11234820	11234821
11234820	11234822
11234820	11234825
11234821	11234820
11234821	11234822
11234821	11234825
11234822	11234820
11234822	11234821
11234822	11234825
11234822	11236600
11234823	11234824
11234824	11234823
11234825	11234820
11234825	11234821
11234825	11234822
11234825	11236600
11234826	11216016
11234826	11217641
11234826	11217971
11234826	11234372
11234826	11234588
11234826	12762490
11234826	13485187
11234827	11234831
11234827	11235103
11234827	11235192
11234827	11235193
11234827	11235199
11234828	11234829
11234829	11234828
11234830	1957196
11234830	3124271
11234830	11234734
11234830	11236132
11234830	11236133
11234830	11236135
11234830	11236136
11234830	11236137
11234830	11236138
11234830	11236139
11234830	11236140
11234830	11236141
11234830	11236143
11234831	11234827
11234831	11235103
11234831	11235186
11234831	11235192
11234831	11235193
11234831	11235199
11234832	8744357
11234832	8745441
11234832	13459629
11234833	11234332
11234834	11234331
11234835	11234326
11234835	11234327
11234835	11234328
11234836	11234325
11234837	11234843
11234837	11234847
11234839	11397112
11234840	13366167
11234842	11234251
11234842	13452976
11234843	11234837
11234844	11234247
11234844	11235500
11234844	13452974
11234844	13452975
11234845	11234248
11234845	13452974
11234845	13484872
11234846	11234666
11234846	11234667
11234846	11234670
11234847	11234837
11234847	11259618
11234847	11259625
11234847	11259629
11234847	11264291
11234847	11264292
11234850	12595374
11234853	11235098
11234854	11234772
11234855	11234728
11234856	8867426
11234857	11234727
11234858	11234712
11234859	2093280
11234859	12769515
11234860	11234695
11234861	2093270
11234861	3384422
11234861	11236655
11234862	7771816
11234862	7773866
11234862	7773867
11234862	7773868
11234862	8362094
11234862	11237335
11234862	11237336
11234862	11508261
11234862	11512681
11234863	2093262
11234864	5748001
11234864	11234669
11234865	2093257
11234865	11745113
11234865	11745114
11234866	2093255
11234866	12769513
11234867	11234652
11234868	2093358
11234868	12769514
11234869	11234643
11234870	2093354
11234871	11234639
11234872	2093347
11234872	12769512
11234873	2093304
11234873	6704433
11234873	12769511
11234874	2093301
11234874	11236653
11234875	9132565
11234875	11234940
11234875	11234942
11234875	11234945
11234875	11234951
11234875	11234953
11234875	11234955
11234875	11234956
11234875	11234957
11234875	11234960
11234876	11234606
11234877	2093292
11234877	11236697
11234877	11236770
11234877	11236772
11234877	13932739
11234877	13932740
11234879	8291931
11234880	11234059
11234881	7188115
11234882	11233383
11234883	5180239
11234885	5180239
11234886	7704455
11234887	5180239
11234888	5180239
11234889	11233371
11234890	5180239
11234890	11234894
11234890	11234895
11234891	11233358
11234892	5180239
11234893	5180239
11234894	5180239
11234894	11234890
11234895	5180239
11234895	11234890
11234896	5180239
11234897	1386061
11234897	1386070
11234898	11234908
11234898	11234914
11234899	11234900
11234899	11234901
11234899	11234902
11234899	11234904
11234899	11234905
11234899	11234906
11234899	11234909
11234899	11234911
11234899	11234912
11234899	11234913
11234899	11234916
11234900	11234899
11234901	11234899
11234902	11234899
11234903	2202374
11234903	9009880
11234903	13403833
11234904	11234899
11234905	11234899
11234906	11234899
11234907	8178961
11234907	10286380
11234908	11234898
11234909	11234899
11234910	9077565
11234911	11234899
11234912	11234899
11234913	11234899
11234914	11234898
11234916	11234899
11234917	11234950
11234918	11234947
11234919	10527291
11234920	11234921
11234921	11234920
11234922	9361243
11234922	9447892
11234923	11223520
11234923	12726513
11234924	10861532
11234924	11120968
11234924	11234929
11234924	11234930
11234925	9493316
11234926	10861532
11234926	11234930
11234927	9575758
11234928	10861532
11234928	11234930
11234929	10861532
11234929	11120968
11234929	11234924
11234929	11234930
11234929	11234935
11234929	11261929
11234929	11261932
11234930	10861532
11234930	11234924
11234930	11234926
11234930	11234928
11234930	11234929
11234931	12472565
11234932	11239998
11234933	9380967
11234934	8209286
11234934	12174374
11234934	12862318
11234934	12862320
11234935	10861532
11234935	11120968
11234935	11234929
11234936	7679279
11234936	13935370
11234937	10861532
11234937	11268689
11234938	4442556
11234939	9351949
11234940	11234875
11234941	11231503
11234942	11234875
11234943	10861532
11234944	9461110
11234945	11234875
11234946	9461110
11234947	11234918
11234947	13727304
11234949	10861532
11234950	11234917
11234951	11234875
11234951	11234953
11234951	11234956
11234952	10861532
11234953	11234875
11234953	11234951
11234954	7084486
11234955	11234875
11234956	11234875
11234956	11234951
11234957	11234875
11234958	11234601
11234958	11234602
11234958	11234961
11234958	11270198
11234958	12034967
11234958	12034968
11234958	12034971
11234958	12034974
11234958	13366953
11234959	5543683
11234959	8142221
11234959	8142223
11234960	11234875
11234961	11234597
11234961	11234602
11234961	11234606
11234961	11234616
11234961	11234958
11234961	12034967
11234961	12034968
11234961	12034971
11234961	12034974
11234962	7120321
11234962	11235001
11234963	7120321
11234964	7201582
11234964	7204213
11234965	9608128
11234966	9106416
11234967	9106416
11234968	11164999
11234969	10548327
11234970	7610877
11234971	7610877
11234972	9637810
11234972	11235433
11234973	7708829
11234973	12493460
11234974	7708829
11234975	9536805
11234976	9201562
11234977	11117664
11234978	11234979
11234978	11234981
11234978	12711778
11234979	11234978
11234979	11234981
11234979	12711778
11234980	9244030
11234980	11834963
11234981	11234978
11234981	11234979
11234981	12711778
11234982	11235995
11234982	11236163
11234982	11236164
11234983	9103436
11234983	11834960
11234984	11098958
11234984	11834961
11234985	7120321
11234985	12152732
11234985	12152733
11234985	12868630
11234985	12907889
11234986	9813762
11234986	9813767
11234986	9813769
11234986	11834964
11234987	9813762
11234988	7047959
11234988	11835037
11234989	11206512
11234989	11246027
11234989	11246030
11234989	11246624
11234989	11246625
11234990	7699488
11234990	11833448
11234990	11833449
11234991	10861532
11234991	11120968
11234991	11516960
11234992	8264754
11234993	13057416
11234994	10887542
11234994	10887543
11234994	10887544
11234994	11835042
11234995	7549578
11234995	11835046
11234995	12197356
11234996	11238613
11234996	11238614
11234996	11238618
11234997	11231985
11234997	11264730
11234998	9987538
11234998	11835048
11234999	5256573
11234999	9072514
11234999	13258875
11235000	10127919
11235001	7120321
11235001	11234962
11235001	11235011
11235002	10127919
11235003	11232957
11235003	13842174
11235004	9336112
11235005	11231977
11235006	11231977
11235007	6994752
11235007	11232339
11235008	11042126
11235009	11042126
11235010	11042126
11235011	7120321
11235011	11235001
11235012	11235013
11235012	11235014
11235012	11235015
11235012	11235016
11235012	11235017
11235013	11235012
11235014	11235012
11235015	11235012
11235016	11235012
11235017	11235012
11235018	53921
11235018	764190
11235018	2140044
11235019	8812027
11235019	12537161
11235019	13231126
11235020	3224677
11235021	152212
11235021	262339
11235022	10731251
11235022	11235023
11235022	11235026
11235022	11235028
11235023	10731251
11235023	11235022
11235023	11235026
11235024	301686
11235025	2731436
11235026	10731251
11235026	11235022
11235026	11235023
11235027	265853
11235027	11235031
11235027	11235032
11235028	11235022
11235028	12870761
11235029	34288
11235030	34288
11235031	11235027
11235032	11235027
11235033	25217
11235033	25219
11235033	188080
11235034	6851984
11235035	6851984
11235036	5478450
11235037	3144544
11235038	7389157
11235039	6823770
11235040	10238479
11235041	9246972
11235042	8680954
11235043	5337278
11235044	8633871
11235045	2438356
11235046	2438356
11235047	270782
11235048	8281888
11235049	5287266
11235050	5834175
11235051	2456043
11235052	2456043
11235053	4363174
11235054	8575760
11235055	2774970
11235056	7385341
11235056	7385342
11235057	3707701
11235058	8962348
11235059	750629
11235060	5757968
11235061	10168901
11235061	11235063
11235061	12118639
11235061	13044519
11235061	13078309
11235061	13390701
11235062	5300541
11235063	11235061
11235064	1678414
11235065	8607919
11235066	1494204
11235067	901529
11235068	8825734
11235069	3961490
11235070	8452331
11235071	1853752
11235072	1676714
11235073	1956296
11235074	1956296
11235075	1956296
11235076	1557293
11235077	2206506
11235078	8307796
11235079	8307796
11235080	1689836
11235080	1689849
11235081	5041763
11235081	7763195
11235081	13399294
11235082	1497185
11235083	11235104
11235083	11235105
11235084	1892278
11235085	5176773
11235086	1612975
11235086	1641963
11235087	1612975
11235087	1641963
11235088	1612975
11235089	1612975
11235090	29966
11235091	29966
11235092	1617625
11235093	1617625
11235094	16342
11235095	16342
11235096	505989
11235097	1907914
11235098	11234853
11235099	2281545
11235100	2344388
11235101	5800850
11235102	1907914
11235103	11234827
11235103	11234831
11235103	11235186
11235103	11235192
11235103	11235193
11235103	11235199
11235104	11235083
11235105	11235083
11235106	11235107
11235106	11235108
11235107	11235106
11235107	13454475
11235108	11235106
11235109	11235110
11235110	11235109
11235111	319168
11235113	11235114
11235114	11235113
11235114	12251777
11235115	11235116
11235115	11235117
11235116	11235115
11235117	11235115
11235119	11042126
11235120	11235136
11235121	11235127
11235122	8908359
11235123	8908359
11235124	8908359
11235125	8908359
11235126	8908359
11235127	11235121
11235128	8908359
11235129	8908359
11235130	8908359
11235131	11235132
11235132	11235131
11235133	11235134
11235134	11235133
11235135	11042126
11235136	11235120
11235137	11042126
11235138	11235139
11235139	11235138
11235140	4513711
11235141	8034135
11235142	9949252
11235142	10540274
11235142	10540275
11235142	10541630
11235142	11835053
11235143	8241175
11235144	8271386
11235144	13530183
11235145	8401046
11235146	8405399
11235147	8414872
11235148	8573227
11235149	719928
11235150	8792444
11235151	8792445
11235152	8792662
11235153	6946923
11235153	11835103
11235153	11835104
11235154	9448612
11235155	2195036
11235155	5482621
11235155	11835105
11235155	11835138
11235156	9649849
11235157	9956115
11235158	10478152
11235158	11835106
11235159	9977693
11235160	10221553
11235160	11835190
11235161	7733600
11235161	11835192
11235162	10802837
11235163	9009282
11235163	11835197
11235163	11835198
11235164	10862408
11235164	13153002
11235164	13153003
11235165	10942411
11235166	5726688
11235166	11835199
11235166	11835200
11235166	11835201
11235167	11017697
11235167	12897788
11235167	13507360
11235168	11034487
11235169	5852534
11235169	6765171
11235170	11050442
11235171	11076105
11235172	11235173
11235173	11235172
11235174	1803376
11235174	13170628
11235175	2475574
11235176	2487213
11235177	11235180
11235178	2487219
11235179	4355775
11235180	11235177
11235181	11235185
11235182	545601
11235182	1677742
11235185	11235181
11235186	11234831
11235186	11235103
11235186	11235192
11235186	11235193
11235186	11235199
11235187	6005519
11235188	6270894
11235189	6020446
11235190	2482191
11235190	2482192
11235190	2482193
11235190	6395711
11235190	6395713
11235191	3177274
11235192	11234827
11235192	11234831
11235192	11235103
11235192	11235186
11235192	11235193
11235192	11235199
11235193	11234827
11235193	11234831
11235193	11235103
11235193	11235186
11235193	11235192
11235193	11235199
11235194	40101
11235195	875701
11235196	6440448
11235197	10720994
11235198	2645341
11235199	11234827
11235199	11234831
11235199	11235103
11235199	11235186
11235199	11235192
11235199	11235193
11235200	5013714
11235201	6521530
11235202	7633487
11235203	6577392
11235204	10729343
11235204	11204224
11235204	11235364
11235205	6221033
11235206	8509053
11235207	2956024
11235208	9257627
11235209	11235330
11235209	11550111
11235210	6733375
11235211	2054
11235212	11022761
11235213	1025878
11235214	11550083
11235215	9448061
11235216	6894030
11235217	8634371
11235217	8641923
11235217	8641924
11235218	8634371
11235218	8641923
11235218	8641924
11235219	8634371
11235219	8641923
11235219	8641924
11235220	8634631
11235220	8640141
11235221	8641031
11235222	11071028
11235222	12868337
11235223	9509861
11235224	8641082
11235225	8641082
11235226	8641091
11235227	10558951
11235227	11235363
11235228	8641142
11235228	11447646
11235228	12451167
11235228	12451168
11235229	11101883
11235230	8641142
11235230	11238126
11235230	11447648
11235231	8641142
11235231	11238126
11235231	14007379
11235232	8641142
11235232	14007378
11235233	8641143
11235233	11238119
11235234	11167770
11235234	11167771
11235235	9480099
11235235	9480100
11235235	10077981
11235235	10703145
11235235	13428677
11235236	8641156
11235237	10901746
11235238	8641254
11235239	9493931
11235240	10081673
11235240	10662578
11235241	8641254
11235241	12889629
11235241	12889631
11235242	8641255
11235243	4016617
11235244	8641255
11235245	9489560
11235246	8641484
11235246	13418661
11235247	3821079
11235248	8641534
11235249	6174465
11235250	8641589
11235250	12494599
11235251	8641589
11235252	8641589
11235253	4501668
11235254	8641634
11235255	8641634
11235256	8641634
11235257	8641634
11235258	8641634
11235259	9494163
11235260	8641634
11235260	12987693
11235260	14024107
11235261	8641634
11235262	7159107
11235263	5850418
11235263	5995790
11235263	5995791
11235263	10713128
11235263	10744239
11235263	11235271
11235264	8641634
11235265	8641672
11235266	8641701
11235266	11381095
11235267	2264731
11235268	8641709
11235268	11589247
11235269	8641709
11235269	11998945
11235270	8641733
11235270	13442494
11235271	5850418
11235271	5995790
11235271	5995791
11235271	5995792
11235271	10713128
11235271	10744239
11235271	11235263
11235271	11235273
11235271	11235274
11235272	8641733
11235272	13442494
11235273	5995792
11235273	11235271
11235273	11235360
11235274	5995792
11235274	11235271
11235275	8641738
11235275	12567527
11235276	8641743
11235277	10748421
11235277	10748423
11235277	12489312
11235278	8641750
11235279	8641750
11235280	8641750
11235281	8641750
11235282	9518119
11235283	11163453
11235283	11163458
11235283	12626966
11235284	11163453
11235284	11163458
11235284	11235355
11235284	11235356
11235284	11235357
11235284	12626966
11235285	11163453
11235285	11163458
11235285	12626966
11235286	8641826
11235286	11238108
11235287	8641845
11235287	11238110
11235287	12176311
11235288	11101904
11235288	11235292
11235289	11101904
11235289	11235292
11235290	8643132
11235291	8643132
11235292	11101904
11235292	11235288
11235292	11235289
11235293	8643154
11235294	8643154
11235295	8643556
11235296	8644169
11235297	8644169
11235297	11238104
11235299	10709593
11235300	8644206
11235300	11238098
11235300	11243168
11235300	11570921
11235300	11570922
11235301	1898192
11235301	1902340
11235301	3853618
11235301	10709593
11235301	10709594
11235301	10724048
11235302	8644322
11235302	11634356
11235302	11634357
11235302	11634358
11235302	11634359
11235302	11634361
11235302	11634362
11235303	8644322
11235303	11229713
11235304	8644322
11235304	11229713
11235305	8644335
11235306	4576708
11235306	5812107
11235306	8644520
11235306	12225169
11235306	13221085
11235307	8649228
11235307	11380917
11235308	8649228
11235308	11238084
11235308	11238086
11235308	11381094
11235309	3270909
11235309	3270910
11235309	10366746
11235309	10799877
11235309	10841596
11235309	11235311
11235309	11235351
11235310	8649350
11235311	3270909
11235311	3270910
11235311	10366746
11235311	10799877
11235311	10841596
11235311	11235309
11235312	8649410
11235312	11235315
11235313	8649627
11235314	10760227
11235315	11235312
11235316	8667267
11235317	10081672
11235318	7273239
11235318	7273670
11235318	7273673
11235318	10700640
11235318	10700641
11235318	10701042
11235318	10918996
11235318	11235322
11235318	11235343
11235318	11235345
11235318	11235347
11235319	8667299
11235320	8801790
11235320	11235334
11235322	7273239
11235322	7273670
11235322	7273673
11235322	10700640
11235322	10701042
11235322	11235318
11235324	9486207
11235324	9486210
11235324	9486214
11235324	9509059
11235324	9509060
11235324	11235325
11235325	9486207
11235325	9486210
11235325	9486214
11235325	11235324
11235326	10650229
11235327	10650229
11235328	10650229
11235329	738409
11235329	1230826
11235329	5589577
11235329	5589707
11235329	5744224
11235329	6001370
11235329	10721691
11235329	10744194
11235330	11235209
11235331	10314473
11235332	1938702
11235332	2167816
11235332	2689860
11235332	2689861
11235332	2835217
11235332	6389632
11235332	6389635
11235332	6389636
11235332	6389639
11235332	6390964
11235332	8289098
11235332	10356212
11235332	12324546
11235333	3259641
11235333	11235367
11235334	11235320
11235335	8805411
11235335	11238077
11235335	11381119
11235335	12737222
11235335	12737292
11235336	5085364
11235336	8805446
11235336	12300977
11235336	12942356
11235337	5085364
11235337	8805446
11235337	12300977
11235337	12942356
11235338	9998226
11235339	9998226
11235340	10009746
11235341	6971918
11235342	10027601
11235343	11235318
11235343	12471605
11235344	10031771
11235344	11238070
11235344	11243166
11235344	11423750
11235345	11235318
11235346	11235349
11235346	11235366
11235346	11235374
11235346	11235381
11235346	11235384
11235346	11235391
11235346	11235400
11235346	11235404
11235346	11235415
11235347	11235318
11235348	10780230
11235348	11238066
11235349	11235346
11235350	10780230
11235350	11238066
11235351	11235309
11235352	341709
11235352	3232378
11235352	7546293
11235353	6175335
11235354	11857225
11235354	11857625
11235355	11235284
11235356	11235284
11235357	11235284
11235358	5346408
11235359	5346408
11235360	11235273
11235361	4682984
11235361	13328499
11235362	1085461
11235362	1108988
11235363	11235227
11235364	11235204
11235365	2752265
11235365	2752267
11235365	2752286
11235365	2752296
11235365	12906212
11235366	11235346
11235367	3259640
11235367	3259641
11235367	11235333
11235367	11235369
11235367	11235370
11235369	3259641
11235369	11235367
11235370	3259641
11235370	11235367
11235371	2505876
11235372	712094
11235372	1342337
11235372	1342340
11235373	11235397
11235374	11235346
11235375	3261106
11235376	6323845
11235376	6323848
11235376	6323850
11235376	11235379
11235377	363294
11235377	4577476
11235378	363294
11235379	6323845
11235379	6323848
11235379	6323850
11235379	11235376
11235380	3724287
11235381	11235346
11235382	4405047
11235382	11381128
11235383	3854541
11235384	11235346
11235385	12054376
11235387	1307151
11235387	11243165
11235387	11570924
11235388	2892195
11235388	10455354
11235388	10455355
11235389	477800
11235391	11235346
11235392	5101633
11235392	5105382
11235394	4629685
11235394	6393145
11235395	1521211
11235395	2894951
11235396	680792
11235396	1000612
11235396	10716415
11235396	10716416
11235396	10717876
11235396	11375840
11235397	11235373
11235398	2627929
11235398	3025677
11235398	13558861
11235399	2627929
11235399	3025677
11235399	13558861
11235400	11235346
11235401	274803
11235401	11235535
11235402	781916
11235403	781916
11235404	11235346
11235405	2750393
11235406	5773055
11235407	11233863
11235408	1897965
11235410	11235413
11235411	519721
11235412	519721
11235413	11235410
11235415	11235346
11235416	1928802
11235417	2697147
11235417	11657856
11235417	11657857
11235417	12343711
11235418	2697147
11235418	11657856
11235418	11657857
11235419	11235426
11235420	4045901
11235421	11235423
11235422	11235425
11235423	11235421
11235424	10091724
11235425	11235422
11235426	11235419
11235427	10091724
11235428	11235430
11235429	101426
11235429	302269
11235429	1300132
11235429	1823467
11235429	1916499
11235429	11235434
11235430	11235428
11235431	11235432
11235432	7787654
11235432	11235431
11235433	11234972
11235434	101426
11235434	302269
11235434	1300132
11235434	1823467
11235434	1916499
11235434	11235429
11235435	6307225
11235435	6307365
11235435	9788315
11235435	11827030
11235436	11124173
11235437	10081660
11235438	11235440
11235439	10695737
11235439	10697303
11235439	10697304
11235439	12489327
11235439	12489328
11235439	12529982
11235440	11235438
11235441	10073620
11235442	9953259
11235442	9953260
11235443	11233375
11235444	10129340
11235444	10131856
11235445	11235448
11235446	3255542
11235447	1209482
11235448	11235445
11235449	11235451
11235450	11219984
11235451	11235449
11235453	11235454
11235454	11235453
11235455	8635045
11235455	9014172
11235455	9014177
11235456	6349878
11235456	8289555
11235457	10682062
11235457	13111279
11235457	13844663
11235458	10682062
11235458	13111278
11235459	10682062
11235459	13111199
11235459	13111278
11235460	10808902
11235461	6150231
11235461	11235465
11235463	11235477
11235464	11228675
11235464	11228677
11235465	11235461
11235466	9303400
11235466	11140586
11235467	5002496
11235468	5002503
11235470	5002505
11235471	5002506
11235471	5002508
11235472	8729666
11235472	9854494
11235473	5002510
11235474	5002511
11235475	8729666
11235475	9854494
11235476	11235480
11235477	11235463
11235480	11235476
11235481	11235485
11235481	11235488
11235481	11235490
11235481	11235494
11235481	11235496
11235481	11235499
11235481	11235505
11235481	11235510
11235481	11235512
11235481	11235518
11235481	11235521
11235481	11235522
11235481	11239629
11235481	11239630
11235484	11617219
11235484	11617220
11235484	12459880
11235485	11235481
11235487	6997064
11235487	6999258
11235488	11235481
11235490	11235481
11235490	11235499
11235491	9092104
11235492	11913872
11235492	11913873
11235492	11913874
11235492	11913875
11235492	11913876
11235493	5002515
11235494	11235481
11235496	11235481
11235498	10246077
11235499	11235481
11235499	11235490
11235499	11235512
11235500	11234844
11235502	4756827
11235503	4834583
11235504	7030320
11235505	11235481
11235505	11239629
11235506	8681805
11235506	10217069
11235506	10217071
11235507	7584033
11235507	7584039
11235507	7584043
11235508	2546637
11235508	4561777
11235508	4561779
11235508	10640918
11235509	11028231
11235509	11028232
11235509	11236246
11235509	11236247
11235510	11235481
11235511	7584034
11235512	11235481
11235512	11235499
11235512	11239630
11235513	3174823
11235513	7171542
11235513	10328903
11235513	11236229
11235513	11236230
11235513	11236235
11235513	11236236
11235514	7478958
11235514	7962461
11235514	8974807
11235515	7584041
11235515	12709057
11235516	7241114
11235516	7338872
11235516	7338873
11235516	10669251
11235516	11235523
11235516	11236191
11235516	11236193
11235516	11236194
11235516	11236196
11235516	11236198
11235516	11236199
11235516	11236200
11235516	11236201
11235516	11236203
11235516	11236204
11235517	8957981
11235518	11235481
11235519	26622
11235519	1207825
11235519	2631266
11235519	8533904
11235519	11236208
11235519	11236212
11235519	11236214
11235519	11237949
11235520	8963194
11235521	11235481
11235521	11235524
11235522	11235481
11235523	7241114
11235523	7338872
11235523	10669251
11235523	11235516
11235523	11236198
11235523	11236199
11235524	11235521
11235525	7672630
11235526	7672630
11235527	12000639
11235527	12000640
11235530	9400905
11235530	11221318
11235530	11236176
11235530	11236181
11235535	11235401
11235536	10862281
11235536	11234562
11235536	11235542
11235536	11235563
11235536	12118503
11235542	10862281
11235542	11234562
11235542	11235536
11235542	11235563
11235542	11236173
11235545	10644752
11235547	11763340
11235548	13647492
11235551	13404268
11235553	11176316
11235554	11176316
11235555	37043
11235556	8900456
11235557	1119452
11235558	1119452
11235559	8363937
11235560	9493117
11235561	974788
11235562	2722185
11235563	10862281
11235563	11234562
11235563	11235536
11235563	11235542
11235563	11236172
11235563	11236173
11235563	11236174
11235564	6018596
11235565	6018596
11235566	10579596
11235567	10505710
11235568	996828
11235569	11235572
11235570	1324207
11235571	1743206
11235572	11235569
11235573	1743206
11235575	2163015
11235576	6306189
11235578	6586925
11235580	10728024
11235581	2630397
11235582	2744131
11235583	2744131
11235583	3391346
11235585	3391346
11235587	4332933
11235588	4332933
11235589	4332933
11235590	5130998
11235591	5130998
11235592	9819886
11235593	10728019
11235594	1112321
11235595	1700555
11235596	2457153
11235597	1977551
11235598	4660404
11235599	4660405
11235601	8280598
11235602	8173015
11235604	13363119
11235604	13365078
11235605	7704455
11235606	7704455
11235607	7698562
11235608	11235614
11235609	7698562
11235610	10724606
11235611	10724606
11235612	78920
11235613	78920
11235614	11235608
11235614	11235621
11235615	11235616
11235615	11827652
11235615	13083280
11235616	11235615
11235617	11235618
11235618	11235617
11235619	11235620
11235619	11827651
11235620	11235619
11235621	11235614
11235622	11228953
11235623	11235632
11235624	11228953
11235625	11228953
11235626	11235630
11235627	11229087
11235628	11229087
11235629	7668247
11235630	11235626
11235631	7668247
11235632	11235623
11235633	7668247
11235634	56350
11235635	10499819
11235636	255768
11235637	255768
11235638	255768
11235639	255768
11235640	7668248
11235641	7668248
11235642	10000319
11235643	4747538
11235643	12000648
11235643	13366451
11235644	11149976
11235645	7695316
11235646	8897565
11235647	1958032
11235648	7752572
11235649	7752572
11235650	11227657
11235651	10518005
11235652	7703474
11235653	11235658
11235654	373844
11235655	77538
11235656	7703474
11235657	6274697
11235658	11235653
11235659	1322212
11235660	7703474
11235661	5268515
11235662	9611829
11235663	9611829
11235664	6274697
11235664	13170692
11235664	13170693
11235665	11235667
11235666	9917366
11235667	11235665
11235668	9917366
11235669	7280654
11235670	7058188
11235671	13669248
11235672	7058188
11235673	7890251
11235673	13635446
11235673	13635448
11235674	7890251
11235675	7049990
11235676	9537922
11235677	9537922
11235678	9324487
11235679	9324487
11235681	9447727
11235681	12226595
11235681	12827883
11235682	9447727
11235683	9447727
11235684	7080739
11235685	11231903
11235686	11231903
11235692	12686721
11235693	11719644
11235693	12333786
11235694	11719562
11235694	11719563
11235694	11719564
11235694	11719565
11235694	11719566
11235694	11719567
11235694	11719569
11235694	11719571
11235694	13286435
11235699	11643708
11235700	11863483
11235703	5691781
11235711	12109025
11235716	12059521
11235716	12059522
11235720	5359124
11235728	2269277
11235729	2269277
11235739	12719467
11235741	11235761
11235745	10062045
11235759	1848523
11235761	11235741
11235761	11236865
11235761	11236991
11235761	11238328
11235762	1848523
11235763	1848523
11235765	1848523
11235772	11953522
11235774	6045181
11235775	11235777
11235776	624404
11235777	11235775
11235777	11236646
11235778	11235780
11235779	1262382
11235780	11235778
11235783	12596198
11235785	1709141
11235789	11581014
11235789	11978109
11235790	12346090
11235790	12991119
11235802	12708297
11235803	11774421
11235807	11626854
11235807	11719914
11235808	12240826
11235808	12240828
11235808	12248907
11235810	11644714
11235810	12184991
11235810	13670628
11235810	13670629
11235811	11870233
11235811	11870234
11235812	11678532
11235818	8734706
11235819	12546159
11235822	6960893
11235831	11616294
11235832	11925818
11235842	11662600
11235850	12478264
11235851	11668117
11235851	11668118
11235854	11644796
11235856	12350298
11235858	11899084
11235859	11962429
11235863	11922704
11235864	11836734
11235864	12495230
11235875	11447683
11235875	11447684
11235875	11680777
11235879	11662561
11235879	12065911
11235879	12065912
11235883	11923546
11235884	11235987
11235884	11974532
11235888	11960119
11235890	13945894
11235891	11953523
11235891	11953524
11235891	12000191
11235894	11664201
11235895	12070965
11235898	12848647
11235899	11678427
11235899	11687130
11235899	13283196
11235899	13283197
11235903	12046094
11235904	11235985
11235906	11235986
11235907	2025873
11235907	11318315
11235908	1947893
11235908	11318311
11235909	10946917
11235910	9172363
11235911	1914420
11235911	11235912
11235911	11318309
11235912	1914420
11235912	11235911
11235914	9172363
11235915	646749
11235915	11318303
11235916	15269
11235917	11235919
11235917	11236165
11235917	11568815
11235917	11568817
11235918	11235921
11235918	11235932
11235918	11235934
11235918	11235935
11235918	11235937
11235918	11235940
11235918	11235941
11235918	11235942
11235918	11235943
11235919	11235917
11235919	11236165
11235919	11236168
11235920	11237540
11235920	11237541
11235921	11235918
11235921	11235940
11235923	8889606
11235924	4311374
11235925	4311374
11235926	4311374
11235927	12273099
11235927	12273100
11235929	3793294
11235929	11236599
11235930	12273101
11235931	1720054
11235932	11235918
11235933	2142223
11235934	11235918
11235934	11235940
11235935	11235918
11235936	1638837
11235937	11235918
11235939	3722735
11235939	4156505
11235939	4678938
11235940	11235918
11235940	11235921
11235940	11235934
11235940	11235942
11235941	11235918
11235942	11235918
11235942	11235940
11235943	11235918
11235944	951300
11235944	11318299
11235945	2123533
11235945	11318297
11235946	2123533
11235947	1039195
11235948	1039195
11235948	11318294
11235950	993817
11235951	10032403
11235952	73115
11235952	235735
11235953	45846
11235953	142196
11235953	142254
11235953	894487
11235953	7346842
11235954	24435
11235954	187298
11235954	397780
11235954	1960171
11235954	9734460
11235954	10999749
11235955	170525
11235956	10510923
11235957	23957
11235958	10929084
11235959	9944731
11235960	8826519
11235961	1585517
11235961	1585520
11235961	1585522
11235962	10929095
11235963	1081941
11235964	584895
11235965	584895
11235966	10929103
11235967	5860980
11235967	5865146
11235967	7955668
11235967	8729349
11235967	10634160
11235967	10639349
11235968	3473540
11235969	3473540
11235970	10464180
11235971	10464180
11235972	7699983
11235973	6169876
11235974	7492165
11235974	8161343
11235975	5231457
11235975	10237503
11235976	5762848
11235977	6365627
11235978	11235981
11235978	11235988
11235978	11235989
11235978	11235990
11235978	11235992
11235978	11235993
11235978	11235994
11235978	11235996
11235978	11235997
11235979	2248324
11235979	12298656
11235980	4666472
11235980	4674086
11235980	7522013
11235980	9414087
11235980	10237573
11235980	10237949
11235981	11235978
11235982	7135490
11235982	12268231
11235982	12268233
11235983	7135494
11235984	7135494
11235984	11236595
11235985	11235904
11235986	11235906
11235987	11235884
11235988	11235978
11235989	11235978
11235990	11235978
11235992	11235978
11235993	11235978
11235994	11235978
11235995	11234982
11235995	11236163
11235995	11236164
11235996	11235978
11235997	11235978
11235998	2220976
11235999	5964422
11236000	3733889
11236001	5949140
11236002	7949585
11236003	8709447
11236004	11194801
11236005	4501048
11236005	13685554
11236006	5964422
11236007	2006525
11236007	10765263
11236007	11354926
11236008	5789468
11236008	13594206
11236008	13594334
11236010	4347752
11236011	1138338
11236011	13502822
11236012	3915352
11236013	9740510
11236014	6514725
11236015	6517241
11236016	10080089
11236018	10151573
11236019	6250046
11236020	4102494
11236021	3935679
11236021	3935680
11236021	10315053
11236021	12102382
11236022	7126117
11236023	5892387
11236024	8026982
11236025	7191326
11236026	8848626
11236027	11236032
11236027	11236036
11236027	11236037
11236027	11236039
11236027	11236041
11236027	11236043
11236027	11236045
11236027	11236046
11236027	11236047
11236028	6272608
11236029	2869210
11236030	7967183
11236031	8276956
11236032	11236027
11236032	11236043
11236033	6265652
11236033	13513153
11236034	3098837
11236035	902882
11236036	11236027
11236037	11236027
11236037	11236043
11236038	1533410
11236039	11236027
11236040	8656543
11236040	10186646
11236041	11236027
11236042	1533410
11236043	11236027
11236043	11236032
11236043	11236037
11236043	11236046
11236044	1533410
11236045	11236027
11236046	11236027
11236046	11236043
11236047	11236027
11236048	2778260
11236048	10514034
11236048	13119161
11236049	5964838
11236050	11236051
11236051	11236050
11236052	5964939
11236055	1862
11236056	1862
11236057	278537
11236058	5858292
11236059	1276
11236060	1277
11236061	1284
11236062	1286
11236063	1287
11236064	1288
11236065	1290
11236066	1291
11236067	9705532
11236069	26887
11236070	26701
11236071	26940
11236072	63300
11236073	8918600
11236074	26695
11236074	8950527
11236075	8950575
11236076	9188625
11236077	9188625
11236079	8820800
11236080	10794391
11236081	9229576
11236082	26855
11236083	11237612
11236083	11237630
11236083	11241975
11236083	11241988
11236083	11241990
11236083	11241994
11236083	11241999
11236083	11242003
11236084	7294908
11236085	7294908
11236086	32644
11236087	2111326
11236088	6874274
11236089	9360022
11236090	33312
11236091	11234746
11236092	46301
11236093	2263559
11236094	46318
11236095	46357
11236096	46398
11236097	11234746
11236098	47434
11236099	11234746
11236099	11234747
11236099	11236124
11236100	67978
11236101	68203
11236102	254503
11236103	11199367
11236103	11234746
11236103	11236124
11236104	3302656
11236105	1924635
11236106	268046
11236107	5555002
11236108	6264722
11236109	6256571
11236110	276833
11236111	276861
11236112	397882
11236113	5331586
11236114	241941
11236115	11199367
11236115	11234746
11236115	11234747
11236115	11234748
11236116	243011
11236117	243349
11236118	11234746
11236118	11236124
11236119	503523
11236120	1388966
11236121	11234746
11236121	11236124
11236122	134112
11236123	1423564
11236124	11199367
11236124	11234746
11236124	11234747
11236124	11234748
11236124	11236099
11236124	11236103
11236124	11236118
11236124	11236121
11236124	11236129
11236125	1898345
11236126	2273293
11236127	3871912
11236128	11234746
11236129	11234746
11236129	11236124
11236130	7290473
11236131	7290473
11236132	11234830
11236133	11234830
11236134	1263862
11236135	11234830
11236136	11234830
11236137	11234830
11236138	11234830
11236139	11234830
11236140	11234830
11236141	11234830
11236143	11234830
11236148	11236149
11236149	11236148
11236151	6863383
11236151	6863876
11236155	9513133
11236155	13230912
11236157	11236158
11236157	11236159
11236158	11236157
11236158	12490270
11236158	13295883
11236159	11236157
11236160	11236161
11236161	11236160
11236163	11234982
11236163	11235995
11236164	11234982
11236164	11235995
11236165	11235917
11236165	11235919
11236165	11568815
11236165	11568817
11236168	11235919
11236171	3302874
11236172	11235563
11236173	11235542
11236173	11235563
11236174	11235563
11236175	1330432
11236175	11236591
11236176	11235530
11236177	1107563
11236179	449484
11236180	449484
11236181	9400905
11236181	11235530
11236181	11591680
11236182	11236184
11236183	449484
11236184	11236182
11236185	2331767
11236186	3908510
11236187	2470639
11236188	2470639
11236189	6683784
11236190	237230
11236191	7241114
11236191	11235516
11236192	1201637
11236193	7241114
11236193	11235516
11236194	7241114
11236194	11235516
11236195	6257987
11236196	7241114
11236196	11235516
11236197	33667
11236198	7241114
11236198	11235516
11236198	11235523
11236199	7241114
11236199	11235516
11236199	11235523
11236200	7241114
11236200	11235516
11236201	7241114
11236201	11235516
11236202	8653214
11236203	7241114
11236203	11235516
11236204	7241114
11236204	11235516
11236205	2642044
11236206	7587529
11236207	2451449
11236208	26622
11236208	11235519
11236208	11236212
11236208	11237866
11236208	11237945
11236208	11237946
11236208	11608868
11236209	6691605
11236210	5166567
11236211	1778531
11236212	26622
11236212	8533904
11236212	11235519
11236212	11236208
11236212	11237874
11236212	11237945
11236212	11237946
11236212	11608868
11236213	350208
11236214	11235519
11236214	12142142
11236214	12164964
11236215	261184
11236216	8212218
11236217	9709808
11236218	1186744
11236219	2202568
11236220	2202568
11236221	5916056
11236221	13598792
11236222	8505017
11236223	6972205
11236223	12026971
11236223	12026972
11236223	12540166
11236223	12540170
11236224	6972206
11236224	12026973
11236224	12026974
11236225	9505420
11236226	7327817
11236227	2507216
11236228	597770
11236228	897599
11236228	1010943
11236228	1398647
11236229	11235513
11236230	11235513
11236231	10632085
11236234	3730729
11236235	3174823
11236235	11235513
11236236	7171542
11236236	11235513
11236237	10482228
11236238	2107588
11236239	7440857
11236240	6221469
11236241	5977927
11236242	2189719
11236243	3906857
11236244	10812256
11236245	7231569
11236246	11028231
11236246	11235509
11236246	11236250
11236247	11028231
11236247	11235509
11236247	11236250
11236248	7200073
11236249	10764196
11236250	11236246
11236250	11236247
11236251	6658621
11236251	11236254
11236251	11236255
11236251	11236259
11236252	1586727
11236253	3819106
11236253	12209497
11236254	6658621
11236254	11236251
11236255	6658621
11236255	11236251
11236256	11236261
11236256	11236265
11236256	11236268
11236256	11236272
11236257	6658621
11236258	6868133
11236259	6658621
11236259	11236251
11236260	6658621
11236261	11236256
11236261	11236265
11236261	11236268
11236261	11561507
11236262	7380758
11236263	8438264
11236264	7037325
11236265	11236256
11236265	11236261
11236265	11236268
11236266	8897954
11236267	8897954
11236268	11236256
11236268	11236261
11236268	11236265
11236268	11236272
11236268	11236276
11236268	11236282
11236268	11236283
11236268	11236286
11236268	11236289
11236268	11236293
11236268	11236296
11236268	11236305
11236269	8897953
11236270	8897953
11236271	8910472
11236272	11236256
11236272	11236268
11236273	8897953
11236274	3377997
11236274	4856524
11236274	12160977
11236274	12415123
11236276	11236268
11236277	10356444
11236279	11236280
11236280	11236279
11236282	11236268
11236282	11236283
11236282	11236296
11236283	11236268
11236283	11236282
11236283	11236293
11236285	303517
11236286	11236268
11236288	9947978
11236288	10143624
11236289	11236268
11236290	1408410
11236291	897599
11236291	958636
11236291	11162464
11236292	958636
11236292	11162464
11236293	11236268
11236293	11236283
11236294	985375
11236295	6978259
11236295	11236297
11236296	11236268
11236296	11236282
11236297	11236295
11236298	1640171
11236299	11200803
11236299	11236302
11236299	12458912
11236300	5975463
11236300	11438664
11236301	11200803
11236301	11236302
11236301	12458912
11236302	11200803
11236302	11236299
11236302	11236301
11236302	11236304
11236303	8513999
11236304	11236302
11236304	12458913
11236304	12664207
11236305	11236268
11236306	9182587
11236307	11200820
11236308	2173126
11236308	2173296
11236309	11202713
11236310	2046774
11236310	5810483
11236311	7456180
11236311	12669721
11236312	9304589
11236314	8363107
11236315	8363109
11236315	12236712
11236316	1908497
11236316	1911131
11236317	13755481
11236318	1908497
11236319	13705208
11236320	27460
11236321	12000734
11236322	27466
11236322	1072989
11236323	27467
11236323	507730
11236323	507867
11236323	7678322
11236323	9049871
11236323	12236713
11236324	123677
11236324	280318
11236324	640324
11236324	696549
11236324	942128
11236324	1272674
11236324	1272719
11236324	1600005
11236324	1601031
11236324	7197462
11236325	4576977
11236325	12872128
11236326	179699
11236327	6655967
11236327	8381657
11236327	11067134
11236327	11067135
11236327	11227414
11236327	11228808
11236328	5768056
11236330	1244404
11236330	1244410
11236330	2939639
11236331	2271935
11236331	2522202
11236331	4950251
11236332	2271936
11236332	2522205
11236332	11041769
11236333	1887431
11236333	2271937
11236333	3129135
11236335	2271938
11236335	10190693
11236336	2271939
11236336	2322794
11236336	2522261
11236336	10532902
11236338	756569
11236338	2271940
11236338	11244159
11236340	1157043
11236340	1157050
11236340	1159411
11236340	2271942
11236341	6435250
11236343	6435253
11236344	6435254
11236346	12000746
11236347	8940815
11236348	8940815
11236349	8940817
11236350	13520898
11236351	8940817
11236352	11236587
11236353	8940814
11236354	8940814
11236355	13446001
11236357	13434157
11236358	11236585
11236359	2849760
11236359	11236584
11236361	13653992
11236363	13654139
11236364	11015368
11236364	12428555
11236365	12585374
11236366	6264777
11236367	11236576
11236368	11236575
11236370	8940812
11236371	8940812
11236372	10962460
11236373	8526240
11236374	2234125
11236375	11104537
11236376	4565924
11236377	8940810
11236378	8940810
11236379	8940809
11236380	2700413
11236381	2334971
11236382	13090233
11236382	13090275
11236383	13090233
11236383	13090275
11236384	13090233
11236384	13090276
11236384	13090277
11236385	89381
11236385	314330
11236385	11244169
11236386	7241028
11236386	7339768
11236386	11142721
11236386	11142723
11236387	7241028
11236387	7339765
11236387	7339767
11236387	10691050
11236387	11236389
11236387	12771410
11236388	6015731
11236388	11236497
11236388	11243164
11236389	7241028
11236389	7339765
11236389	7339767
11236389	8575268
11236389	10691050
11236389	11236387
11236390	5457311
11236391	9991982
11236392	750173
11236393	9953345
11236394	11236605
11236395	4865140
11236395	4865141
11236396	4865140
11236396	4865141
11236397	1413094
11236398	1413094
11236398	11236417
11236398	12237716
11236399	420106
11236399	11571002
11236400	11236409
11236402	3707606
11236403	938803
11236403	13210798
11236404	938803
11236404	938804
11236405	8940808
11236406	5735698
11236407	8940806
11236407	11236413
11236408	8940806
11236408	11236412
11236409	11236400
11236410	5735698
11236412	8940806
11236412	11236408
11236413	11236407
11236414	8940819
11236414	11236415
11236415	8940819
11236415	11236414
11236416	1413094
11236417	1413094
11236417	11236398
11236419	5735698
11236421	11236426
11236421	11236427
11236422	602034
11236423	8940881
11236424	4496318
11236424	8940881
11236426	11236421
11236427	11236421
11236428	7245811
11236429	7245811
11236430	4496318
11236431	6061812
11236432	7245811
11236433	8666815
11236434	10342214
11236435	8666815
11236436	4594670
11236437	4594670
11236438	2466949
11236438	11236573
11236439	9035729
11236439	11236566
11236440	1477136
11236440	11236561
11236441	7245811
11236442	10745506
11236443	8637926
11236444	4600720
11236444	12796775
11236445	6998076
11236445	10303556
11236445	10303628
11236445	13722199
11236445	13722202
11236445	13722203
11236446	7996531
11236447	1531670
11236448	7996531
11236449	7219096
11236450	3678918
11236451	5130069
11236452	855332
11236452	11236555
11236453	420418
11236453	11244193
11236453	13559595
11236453	13559596
11236454	420790
11236454	11277850
11236455	1241332
11236456	1833637
11236457	1833638
11236458	1218700
11236459	9780061
11236459	11243328
11236462	1713072
11236463	5636702
11236463	11256705
11236464	7219096
11236465	1713072
11236466	775774
11236466	775868
11236469	13788022
11236470	10443990
11236470	10580097
11236470	12255986
11236470	12256589
11236470	12256596
11236471	11237592
11236472	10443990
11236472	12254362
11236472	12254381
11236472	12255971
11236472	12256589
11236472	12256599
11236473	8605522
11236474	7259875
11236477	7259875
11236478	15658
11236478	9552558
11236481	1771589
11236482	7259875
11236483	1771589
11236483	11236548
11236484	1852636
11236484	4884655
11236487	11236536
11236488	11236534
11236489	3183969
11236490	11236531
11236491	3183969
11236492	11236529
11236492	12014607
11236494	11236527
11236494	13627477
11236494	13627546
11236495	11236525
11236496	3183969
11236497	11236388
11236497	11243164
11236498	11835941
11236498	12462374
11236499	12351728
11236501	11263629
11236502	11236509
11236502	11868068
11236502	11868069
11236503	11236507
11236504	11236506
11236506	11236504
11236507	11236503
11236508	11962266
11236509	11236502
11236512	10551279
11236513	10551279
11236513	13545554
11236514	11236535
11236514	11236559
11236516	10551275
11236517	10551275
11236518	5244749
11236519	2289531
11236519	7683299
11236520	7264690
11236520	7683303
11236521	2954406
11236521	10663850
11236522	3910019
11236522	4839422
11236522	7292820
11236522	7683315
11236523	8983375
11236523	10202310
11236523	10202311
11236523	11237025
11236524	11142689
11236524	13167350
11236525	11236495
11236525	11236542
11236526	7321810
11236526	7322713
11236527	11236494
11236527	11236541
11236527	11236545
11236527	13627477
11236527	13627546
11236528	3439491
11236528	10636584
11236529	11236492
11236530	10996417
11236531	11236490
11236532	8390467
11236532	9738804
11236532	9738805
11236532	9738806
11236532	9738807
11236533	11142689
11236534	11236488
11236534	11236538
11236535	11236514
11236535	11236559
11236536	5644553
11236536	11236487
11236536	11236537
11236537	11236536
11236538	11236534
11236541	11236527
11236541	11236545
11236541	13627477
11236541	13627546
11236542	11236525
11236544	1226598
11236544	8448867
11236545	11236527
11236545	11236541
11236545	12206652
11236545	13627477
11236545	13627546
11236546	10061541
11236546	10061589
11236546	10061591
11236546	10862439
11236546	10862440
11236547	11236552
11236547	12149998
11236548	11236483
11236548	11236572
11236549	3414176
11236549	10168209
11236549	10168630
11236550	6346996
11236550	7586038
11236550	8083683
11236551	11028391
11236551	11028392
11236551	11236553
11236552	11236547
11236553	11028391
11236553	11028392
11236553	11236551
11236554	6426219
11236554	9142217
11236554	11236560
11236555	11236452
11236556	9278263
11236556	11177885
11236556	11236557
11236557	9278263
11236557	11177885
11236557	11236556
11236558	3818985
11236558	8445141
11236558	8500140
11236559	11236514
11236559	11236535
11236560	6426219
11236560	9142217
11236560	11236554
11236561	11236440
11236561	11236563
11236562	10783786
11236562	10783788
11236562	10783793
11236562	10783794
11236563	11236561
11236566	9035772
11236566	11236439
11236567	49977
11236567	1152306
11236567	1155798
11236567	9367600
11236569	6243040
11236569	7985056
11236570	6243040
11236570	7985056
11236571	9394073
11236572	11236548
11236573	2466949
11236573	11236438
11236575	11236368
11236575	11236577
11236576	11236367
11236576	11236579
11236577	11236575
11236578	5109613
11236578	5109899
11236578	9828041
11236579	11236576
11236580	277551
11236580	7041665
11236581	9417290
11236581	9423228
11236581	9423741
11236581	10818071
11236581	10818072
11236582	2158276
11236583	8632175
11236583	8704232
11236583	8704233
11236584	10892955
11236584	11236359
11236584	11491288
11236584	11502263
11236585	11236358
11236585	13651907
11236587	11236352
11236587	11269529
11236588	5675571
11236588	5867322
11236588	6984563
11236588	7899168
11236589	6266081
11236589	7214273
11236589	10732885
11236589	10732886
11236589	11236650
11236590	6298645
11236590	6303163
11236590	7786642
11236590	8475631
11236590	8516597
11236591	11236175
11236595	11235984
11236595	11236598
11236596	12871105
11236598	11236595
11236598	11236604
11236598	11570928
11236599	3785322
11236599	3785416
11236599	11235929
11236600	11234822
11236600	11234825
11236601	4783509
11236604	11236598
11236604	11236609
11236605	11236394
11236606	1989257
11236606	3045966
11236607	257802
11236607	1989257
11236607	3045966
11236609	11236604
11236610	11220307
11236612	8626548
11236612	8626549
11236612	11236615
11236612	12552410
11236612	12552416
11236615	8626548
11236615	8626550
11236615	8626604
11236615	11236612
11236616	9679923
11236617	3153304
11236618	3153304
11236618	10216338
11236619	11236623
11236619	11236733
11236619	11616646
11236619	11616647
11236620	3153304
11236621	2811170
11236621	2811338
11236621	5709811
11236621	9786483
11236621	9786490
11236622	5182902
11236622	7830825
11236622	11236625
11236623	11236619
11236623	11236733
11236624	1098183
11236624	7668047
11236624	12769510
11236624	12925894
11236625	1719121
11236625	1719137
11236625	1722706
11236625	11236622
11236626	1719121
11236627	1719121
11236630	7654217
11236630	11236698
11236631	7456216
11236631	11236632
11236631	11236633
11236631	11236635
11236631	11236636
11236631	11236793
11236631	11236794
11236632	11236631
11236633	11236631
11236633	11236793
11236633	11236794
11236634	10600947
11236635	11236631
11236636	11236631
11236636	11236793
11236636	11236794
11236637	9364076
11236638	11237257
11236638	11237268
11236638	11238457
11236639	6997672
11236640	9221860
11236642	9305384
11236643	3259987
11236643	3259988
11236643	3486788
11236643	11824011
11236644	3259987
11236644	3259990
11236644	3711974
11236644	11824011
11236645	2549560
11236645	2584185
11236645	2590159
11236645	2590160
11236645	12736285
11236646	11235777
11236646	11236647
11236646	11236649
11236647	11236646
11236647	11236649
11236648	9284683
11236649	11236646
11236649	11236647
11236650	6266081
11236650	7214273
11236650	11236589
11236651	299287
11236651	433402
11236651	2103085
11236651	2227254
11236653	2093302
11236653	11234874
11236654	9046577
11236655	1404321
11236655	11234861
11236656	11763329
11236656	11763331
11236657	3230378
11236657	12498161
11236657	12498162
11236658	7192678
11236658	12498158
11236659	11236667
11236659	11763333
11236660	11236670
11236660	11616648
11236661	11130200
11236661	11130201
11236661	11130202
11236661	12498164
11236662	11237293
11236662	11616649
11236662	13551354
11236662	13551412
11236664	1288450
11236664	11236668
11236665	9276357
11236666	13048639
11236667	11236659
11236668	1027222
11236668	2070552
11236668	7183860
11236668	11236664
11236669	9374990
11236670	11236660
11236671	8738068
11236672	11237322
11236672	11616650
11236673	9472517
11236673	11236674
11236673	13010550
11236674	11236673
11236675	3719935
11236675	11237398
11236675	11242436
11236676	69234
11236676	1130669
11236676	1350893
11236676	11085835
11236677	5183204
11236677	9270664
11236678	3330062
11236678	11222021
11236679	11222025
11236680	11222025
11236681	11616651
11236682	9166844
11236683	11222009
11236683	11236790
11236684	2414273
11236684	3285547
11236684	11236695
11236684	11236776
11236685	11224230
11236686	11230784
11236686	11236787
11236686	12382904
11236686	12413460
11236687	3383628
11236687	9385431
11236687	11236700
11236687	11236701
11236687	11236760
11236688	1342791
11236689	11230803
11236689	11236783
11236689	11247878
11236690	3200919
11236690	3383628
11236691	11233360
11236691	11236782
11236692	11616652
11236693	11233360
11236693	11236778
11236694	3200919
11236694	3383628
11236694	11236804
11236694	13865639
11236694	13865641
11236695	11236684
11236695	11236776
11236695	13504422
11236696	9299906
11236697	11234877
11236697	11236770
11236697	11236772
11236698	11236630
11236699	9111005
11236700	3200919
11236700	3383628
11236700	11236687
11236700	11236760
11236700	12078705
11236700	12704377
11236701	3200919
11236701	3383628
11236701	11236687
11236701	11236760
11236702	7046741
11236703	127961
11236703	261945
11236703	604103
11236703	1735811
11236704	9397864
11236706	9074837
11236707	11236711
11236708	9562759
11236708	13807992
11236709	9215631
11236711	11236707
11236712	8252967
11236713	10174446
11236714	7257227
11236715	7135589
11236715	7257227
11236716	11161045
11236716	11236764
11236716	11236798
11236716	11236799
11236718	11151867
11236718	11161045
11236718	11236762
11236722	9291946
11236723	9078507
11236723	11236766
11236723	11236768
11236723	11236796
11236723	13884653
11236724	8126042
11236726	9511949
11236727	9410018
11236728	9069645
11236729	8330071
11236729	11236769
11236731	13847268
11236731	13847269
11236732	9289574
11236733	11236619
11236733	11236623
11236734	9360415
11236735	13583290
11236736	12231771
11236738	9298645
11236739	9298645
11236740	7390198
11236740	7390200
11236740	7988471
11236740	7988472
11236740	11222124
11236740	11236741
11236740	11237291
11236741	7390198
11236741	7390200
11236741	7570797
11236741	7570798
11236741	11222124
11236741	11236740
11236744	11236771
11236744	11236773
11236744	11236775
11236744	11237058
11236744	11255893
11236744	11255895
11236744	11312494
11236744	11409845
11236744	11733799
11236745	8359584
11236745	11237041
11236746	9622600
11236747	12976481
11236748	9216193
11236751	9115315
11236751	11236779
11236754	2657534
11236754	2678614
11236754	7887968
11236755	9161257
11236755	11236756
11236755	11236757
11236756	11236755
11236757	11236755
11236758	8226523
11236758	11237921
11236760	3200919
11236760	3383628
11236760	11236687
11236760	11236700
11236760	11236701
11236761	8254660
11236761	11236784
11236761	11236786
11236761	12890743
11236761	12890745
11236762	11236718
11236764	11236716
11236764	11236798
11236764	11236799
11236765	8254660
11236765	13864283
11236765	13864284
11236766	11236723
11236766	11236796
11236766	11255357
11236767	3200919
11236767	3383628
11236767	11236804
11236767	11236805
11236767	11237290
11236768	11236723
11236768	13107438
11236769	11236729
11236770	11234877
11236770	11236697
11236770	11236772
11236770	11237289
11236771	11236744
11236771	11237058
11236771	11733799
11236772	11234877
11236772	11236697
11236772	11236770
11236773	11236744
11236773	11237058
11236773	11733799
11236775	11236744
11236775	11237058
11236775	11733799
11236776	3285547
11236776	6783192
11236776	11236684
11236776	11236695
11236776	11237288
11236778	11236693
11236779	11236751
11236780	4585986
11236780	9829145
11236780	11236788
11236782	11236691
11236783	11230803
11236783	11236689
11236783	11247878
11236784	11236761
11236784	13865738
11236785	6583259
11236785	13365016
11236786	11236761
11236786	13865734
11236787	11236686
11236788	1070803
11236788	11236780
11236789	11230784
11236790	11236683
11236790	11237287
11236790	12273102
11236790	12273103
11236791	11236800
11236791	11236802
11236791	11237052
11236792	11225021
11236793	11236631
11236793	11236633
11236793	11236636
11236793	11236794
11236793	11237286
11236793	11616653
11236793	11616654
11236794	11236631
11236794	11236633
11236794	11236636
11236794	11236793
11236795	1504846
11236795	1549688
11236795	1549689
11236796	11236723
11236796	11236766
11236796	11237284
11236797	7263723
11236798	11236716
11236798	11236764
11236799	11236716
11236799	11236764
11236799	11237285
11236800	11236791
11236800	11236802
11236800	11236818
11236800	11237050
11236800	11237051
11236800	11237052
11236801	9569290
11236801	11236815
11236802	11236791
11236802	11236800
11236802	11236817
11236802	11236818
11236802	11237047
11236802	11237050
11236802	11237051
11236802	11237052
11236802	13215350
11236803	9569290
11236803	11236814
11236804	3200919
11236804	3383628
11236804	11236694
11236804	11236767
11236804	12704381
11236805	3200919
11236805	3383628
11236805	11236767
11236806	127961
11236806	261945
11236806	1735811
11236807	323461
11236807	655444
11236807	4526936
11236807	11236808
11236808	323461
11236808	4937135
11236808	11236807
11236809	655444
11236809	11236811
11236809	11236812
11236810	655444
11236810	11236811
11236810	11236812
11236811	11236809
11236811	11236810
11236811	11236812
11236811	13720228
11236811	13720231
11236812	11236809
11236812	11236810
11236812	11236811
11236813	782345
11236813	11236827
11236814	11236803
11236815	11236801
11236817	11236802
11236817	11237047
11236817	11237052
11236817	11237893
11236818	11236800
11236818	11236802
11236818	11237052
11236820	2450239
11236821	11237057
11236822	1422085
11236823	11236828
11236824	11237056
11236824	11522920
11236825	11237055
11236825	13921656
11236826	8976889
11236826	11237044
11236827	782345
11236827	11236813
11236827	11238305
11236827	11238306
11236828	5511706
11236828	11236823
11236828	11237490
11236829	11236830
11236830	11236829
11236830	11237456
11236830	11960507
11236831	11236832
11236832	11236831
11236832	11237448
11236832	11237449
11236833	11236834
11236833	11236835
11236834	11236833
11236835	11236833
11236836	10545929
11236837	9485077
11236837	9627981
11236838	2347068
11236839	6232949
11236839	6894312
11236839	6894313
11236839	9291365
11236839	9301988
11236839	9301990
11236839	9733491
11236840	9524065
11236840	10009328
11236841	8606091
11236842	9795558
11236843	10117973
11236843	10273485
11236843	13153499
11236844	9867770
11236844	12126082
11236845	9418745
11236845	9451638
11236845	9451640
11236846	8896251
11236847	9473880
11236847	12126135
11236848	9701817
11236849	10081393
11236849	10091060
11236849	10105075
11236849	10105076
11236850	9371776
11236850	9638987
11236851	9836293
11236851	10070326
11236852	9798439
11236852	9798441
11236852	9799463
11236853	9924823
11236853	9924824
11236853	9924825
11236854	10539619
11236855	9432718
11236856	11019828
11236857	10244531
11236857	10244887
11236857	10245204
11236858	10244531
11236859	11210015
11236860	11185241
11236860	11236861
11236861	11185241
11236861	11236860
11236862	11174878
11236863	11174878
11236864	11210795
11236864	11302589
11236865	11235761
11236866	11205171
11236867	11220516
11236868	10263395
11236869	19483
11236870	20364
11236871	29664
11236872	40051
11236873	40632
11236874	40434
11236875	273489
11236876	499689
11236877	1027009
11236878	2546845
11236879	2800164
11236880	3564116
11236881	3565093
11236882	3736189
11236883	4495207
11236884	1849367
11236885	1852269
11236886	7426412
11236887	6864764
11236888	6351817
11236889	6274199
11236890	4502380
11236891	8023892
11236892	8823077
11236893	8875668
11236894	9164006
11236895	9171141
11236896	9186841
11236897	9193449
11236898	9308832
11236899	9360023
11236900	1963280
11236901	2092558
11236902	2107662
11236903	2107664
11236904	10167128
11236905	11047566
11236906	11170476
11236907	11217078
11236908	41189
11236909	45404
11236910	45406
11236911	479775
11236911	2002712
11236912	45748
11236912	208489
11236912	208499
11236912	398314
11236912	432173
11236912	967824
11236912	1314898
11236912	1353056
11236912	2563180
11236912	2764087
11236912	4329996
11236912	4826971
11236912	4826972
11236912	5090824
11236912	5090829
11236912	5092364
11236912	7417955
11236912	9531644
11236912	12817780
11236912	13671304
11236913	71444
11236914	6713621
11236915	3387676
11236916	251199
11236917	3618759
11236918	12868177
11236918	13258311
11236919	3201998
11236920	7037304
11236921	6071435
11236922	3378949
11236923	9177058
11236924	318293
11236925	6656138
11236926	9141402
11236927	10054807
11236927	10054808
11236927	10272212
11236927	10275282
11236927	11318633
11236927	11318665
11236927	11573962
11236927	11573963
11236928	9776992
11236929	1887705
11236930	7035387
11236931	3408995
11236932	6009127
11236933	10745341
11236934	1345008
11236935	3821278
11236935	6012731
11236936	5992359
11236936	11099222
11236937	7146349
11236938	8470108
11236939	8581127
11236940	10728508
11236941	11077403
11236941	12603854
11236942	693563
11236942	2708650
11236942	13213134
11236942	13213135
11236942	13213148
11236943	7987393
11236944	8826630
11236945	10109597
11236946	10457502
11236947	10450251
11236948	6263116
11236949	8319154
11236950	10533596
11236951	10740933
11236952	2698822
11236952	2833963
11236953	10674807
11236954	1795649
11236954	11220212
11236955	1802604
11236955	8510177
11236955	9631961
11236956	2244716
11236956	8292280
11236957	2868222
11236958	2868231
11236958	2868233
11236958	2868239
11236958	13519473
11236959	2868235
11236960	2868237
11236961	7138237
11236962	7205479
11236963	7260487
11236964	7279121
11236965	9688014
11236966	11220149
11236967	2245726
11236968	2248702
11236969	2273910
11236970	3408707
11236971	3820602
11236972	5242731
11236973	5366344
11236973	5554894
11236974	5850540
11236975	7190948
11236976	7199109
11236977	9007743
11236978	1652295
11236979	1867694
11236979	6666351
11236980	2064812
11236981	2271762
11236981	2544365
11236982	3731465
11236983	3820102
11236984	4980182
11236985	5209321
11236986	7199135
11236987	7732797
11236988	7967018
11236989	8689912
11236990	9243188
11236991	11235761
11236991	11238328
11236992	9956465
11236992	13108368
11236993	10356021
11236993	13302776
11236993	13302777
11236994	11173305
11236994	13298470
11236994	13298472
11236995	9828884
11236995	13298466
11236996	9951715
11236996	13202333
11236996	13202334
11236997	8169622
11236997	13170744
11236998	8234231
11236999	8234317
11237000	8247681
11237000	13111042
11237001	8248926
11237002	8256274
11237002	13530211
11237003	8256276
11237004	8388926
11237004	13170385
11237005	8390483
11237006	8400810
11237007	8402056
11237007	13179540
11237008	8411637
11237009	8761664
11237010	8761826
11237010	13517588
11237011	8765014
11237012	9146110
11237013	10217526
11237013	13170818
11237014	10798777
11237015	10803132
11237016	10942415
11237017	11195792
11237017	13186492
11237018	11201444
11237019	11218527
11237019	13170868
11237020	4591066
11237021	8023593
11237022	8259672
11237022	13170887
11237023	8275997
11237024	8396860
11237024	13666437
11237025	11236523
11237026	8405508
11237026	11985860
11237027	9048556
11237027	13146163
11237027	13193260
11237028	9110060
11237028	13328757
11237028	13328762
11237029	9110193
11237030	9677078
11237031	9733393
11237032	9749365
11237033	9771056
11237033	13146540
11237034	10111938
11237034	13146194
11237035	10191642
11237036	10216600
11237037	11216610
11237037	13321829
11237038	1685257
11237039	1685274
11237040	4529696
11237040	5374615
11237040	11234628
11237040	11234634
11237041	11236745
11237042	1780505
11237042	13170557
11237043	3930434
11237044	8976889
11237044	11236826
11237045	8019979
11237046	8029187
11237047	11236802
11237047	11236817
11237047	11237052
11237047	11237893
11237048	8055222
11237049	8241176
11237050	11236800
11237050	11236802
11237050	11237052
11237051	11236800
11237051	11236802
11237051	11237052
11237052	11236791
11237052	11236800
11237052	11236802
11237052	11236817
11237052	11236818
11237052	11237047
11237052	11237050
11237052	11237051
11237052	11237893
11237053	11234193
11237053	11234205
11237053	11237892
11237054	11234199
11237054	11234205
11237054	11237888
11237055	11236825
11237055	13156614
11237056	11236824
11237056	11522920
11237056	11960197
11237056	11960198
11237057	11236821
11237058	11236744
11237058	11236771
11237058	11236773
11237058	11236775
11237059	370936
11237059	370937
11237059	412282
11237059	7050994
11237059	7050995
11237060	6546814
11237061	13407484
11237062	291661
11237063	2756373
11237064	33802
11237064	1878035
11237064	11237446
11237065	4438030
11237065	10069698
11237066	2650167
11237066	5211597
11237067	3978216
11237067	11237069
11237067	11237423
11237068	48567
11237068	11237420
11237069	11237067
11237070	11823733
11237071	11823742
11237071	11823743
11237072	12232673
11237072	12232674
11237072	12258130
11237072	12297721
11237072	13807424
11237073	11636598
11237073	11823734
11237074	13621008
11237075	10606930
11237075	11237418
11237076	12248653
11237076	12248657
11237076	12248903
11237078	3018097
11237078	3018099
11237078	10691899
11237078	11237082
11237080	11645420
11237080	11645421
11237081	11823748
11237082	11237078
11237083	10812929
11237084	10588127
11237084	11237408
11237087	12604775
11237087	12604777
11237088	11237090
11237089	13437775
11237090	11237088
11237091	11237096
11237091	12704032
11237092	11540613
11237092	11958823
11237093	11610103
11237093	11610104
11237093	11757999
11237093	11758000
11237093	11758001
11237093	11758002
11237093	11758003
11237093	11758004
11237093	11758005
11237093	11758006
11237093	11758007
11237093	11758008
11237094	11849363
11237094	12026968
11237096	11237091
11237097	12051819
11237097	12051820
11237097	13548498
11237101	12012895
11237103	11664097
11237104	12564552
11237104	12564553
11237105	10768148
11237105	12146476
11237106	12432811
11237108	12006654
11237112	12482020
11237116	11719800
11237118	12409037
11237127	11922861
11237128	12004741
11237133	12012999
11237133	12013001
11237133	13702400
11237152	12190088
11237152	12190091
11237154	11712543
11237155	11966385
11237158	11901493
11237160	11529807
11237164	11844118
11237170	12791322
11237172	13279262
11237173	11835398
11237176	12409156
11237177	11616248
11237177	12686771
11237179	13876621
11237180	11719649
11237180	11719650
11237180	11719651
11237180	13543754
11237180	13543755
11237184	11835128
11237187	11538514
11237190	11812800
11237193	12061264
11237194	11876930
11237196	1042230
11237198	11865037
11237206	5143983
11237209	6257714
11237209	11996095
11237212	12061251
11237213	10589344
11237214	262755
11237218	11933588
11237219	11899277
11237220	1898423
11237227	12616815
11237227	12616816
11237231	9703816
11237234	12384316
11237238	12536426
11237241	12141159
11237242	12482120
11237243	11237247
11237243	11237410
11237246	12668666
11237247	11237243
11237251	12385081
11237253	11966386
11237254	11237261
11237257	11236638
11237257	11237268
11237257	11237869
11237257	11239413
11237259	11619764
11237259	11923069
11237259	13536907
11237259	13536908
11237261	11237254
11237262	11560323
11237265	12570747
11237268	11236638
11237268	11237257
11237268	11237867
11237268	11238457
11237270	11862911
11237273	6039427
11237275	9039526
11237276	11763171
11237276	11870235
11237277	11144825
11237278	4493384
11237279	11237280
11237279	11237411
11237280	11237279
11237281	11237282
11237282	11237281
11237283	5080380
11237284	11236796
11237285	11236799
11237286	11236793
11237287	11236790
11237288	11236776
11237289	11236770
11237290	11236767
11237291	11236740
11237292	3909303
11237292	11472758
11237293	11236662
11237294	11237295
11237295	11237294
11237296	11237297
11237296	11237299
11237297	11237296
11237298	11237300
11237299	11237296
11237300	11237298
11237301	10698444
11237302	10698433
11237302	10698442
11237302	10698444
11237303	1139155
11237304	1679321
11237305	3614427
11237306	1887290
11237306	2159457
11237306	2534200
11237306	2534201
11237306	2943868
11237306	7942281
11237306	10012426
11237306	11237308
11237307	3614427
11237308	11237306
11237309	11237310
11237310	11237309
11237310	12751535
11237310	12855316
11237311	5835114
11237312	11237314
11237314	11237312
11237315	2306061
11237316	359108
11237317	359108
11237318	10760834
11237321	10100
11237322	11236672
11237323	11237324
11237324	11237323
11237325	11237326
11237326	11237325
11237327	11237328
11237328	11237327
11237329	11237330
11237330	11237329
11237330	11237635
11237331	11218264
11237332	11237348
11237334	11237342
11237335	7773866
11237335	11234862
11237336	7773866
11237336	11234862
11237337	11231928
11237338	11229476
11237339	11229475
11237340	11229447
11237341	11229445
11237342	11237334
11237343	11229431
11237343	11237344
11237344	11237343
11237348	11237332
11237350	11237353
11237350	11237354
11237351	11430211
11237351	11430212
11237352	11889125
11237353	11237350
11237354	11237350
11237355	4724054
11237356	252224
11237356	368585
11237356	501964
11237356	1169044
11237356	1700130
11237356	13747501
11237357	417438
11237358	10857707
11237359	10857707
11237360	11237368
11237361	13729068
11237363	2253859
11237364	2253859
11237365	2253859
11237368	11237360
11237369	5939174
11237372	4235448
11237375	13378975
11237376	1006946
11237379	10111
11237380	22657
11237382	5607286
11237383	9741312
11237384	562321
11237385	6909521
11237385	11237863
11237385	11237864
11237386	249399
11237387	11237388
11237388	11237387
11237389	7862873
11237390	8983963
11237392	11237399
11237393	10509434
11237394	10509434
11237395	10509434
11237396	10509434
11237398	11236675
11237399	11237392
11237403	11237404
11237404	11237403
11237405	11237409
11237406	11616655
11237408	10588127
11237408	11237084
11237409	11237405
11237410	11237243
11237411	11237279
11237414	11237417
11237414	11249201
11237415	11237416
11237416	11237415
11237417	11237414
11237418	10606930
11237418	11237075
11237418	13887779
11237419	11237421
11237420	11237068
11237420	11237422
11237420	11237424
11237421	11237419
11237422	11237420
11237423	11237067
11237423	11237428
11237423	11730611
11237424	11237420
11237425	11237426
11237426	11237425
11237427	7003207
11237428	11237423
11237429	5172127
11237429	11237430
11237429	12206654
11237430	5172127
11237430	11237429
11237432	13216526
11237433	11597248
11237438	11237445
11237440	11237447
11237441	4072956
11237441	7477540
11237441	9264412
11237441	12051664
11237442	4072956
11237442	7477540
11237442	9264412
11237442	12051664
11237443	6627527
11237443	12206651
11237444	10253312
11237444	11560579
11237444	11560580
11237444	11560581
11237444	11560582
11237444	11560583
11237444	11560584
11237444	14002789
11237444	14002790
11237444	14002791
11237445	11237438
11237446	33802
11237446	11237064
11237447	11237440
11237448	11236832
11237449	11236832
11237450	2466970
11237451	2466970
11237452	10178024
11237453	1503306
11237454	4324810
11237456	11236830
11237456	11237462
11237457	9039444
11237458	11237459
11237459	11237458
11237460	11237464
11237460	11257596
11237461	10194422
11237461	11237467
11237461	11237468
11237461	11243163
11237461	12206648
11237461	12206649
11237462	11237456
11237463	11237466
11237463	12560510
11237464	11237460
11237465	970924
11237466	11237463
11237467	11237461
11237468	11237461
11237470	11588081
11237470	11588082
11237471	11237477
11237472	10184538
11237476	11237482
11237476	11396641
11237477	11237471
11237478	7913041
11237478	11237480
11237478	11243161
11237478	12915990
11237478	12928937
11237480	11237478
11237481	5288485
11237481	5288486
11237481	5288487
11237481	6679324
11237481	11762628
11237481	12904223
11237482	11237476
11237484	11237491
11237484	11237492
11237485	11237493
11237490	11236828
11237491	11237484
11237492	11237484
11237493	11237485
11237494	11237497
11237495	8504624
11237495	11276088
11237496	8504624
11237496	11276088
11237497	11237494
11237498	8504624
11237498	11276085
11237499	8504624
11237499	11276085
11237500	4320299
11237500	11432299
11237500	11432300
11237500	11432303
11237502	11241760
11237502	11241779
11237503	31644
11237503	484774
11237503	11237514
11237503	12623502
11237504	8897298
11237505	12792461
11237506	12792459
11237507	11357039
11237507	11517307
11237507	11517308
11237507	12227168
11237507	12227169
11237507	12792455
11237508	5687365
11237508	11237625
11237510	9189528
11237511	12792453
11237513	11922023
11237514	11237503
11237515	12792449
11237516	12792448
11237517	12792446
11237518	12792445
11237520	3880488
11237522	12792441
11237523	6350450
11237523	6616687
11237523	6616688
11237523	9040672
11237523	13836160
11237524	8897295
11237525	9408551
11237525	9408554
11237525	9408555
11237526	11237529
11237528	9497240
11237529	11237526
11237529	11465995
11237529	12267644
11237530	10286171
11237531	8897306
11237532	8897307
11237533	8897308
11237533	13871075
11237534	8897309
11237535	303708
11237535	11237537
11237535	11237538
11237536	8897329
11237537	11237535
11237538	11237535
11237539	11588078
11237540	11235920
11237541	11235920
11237542	11241758
11237542	11241784
11237544	12794817
11237546	11238348
11237546	11554812
11237548	8828218
11237549	11238343
11237550	11238336
11237551	11238331
11237551	11350550
11237551	13685265
11237551	13685266
11237551	13685267
11237553	2327288
11237555	2327288
11237556	2327288
11237558	2327288
11237562	2341206
11237563	6638799
11237564	2341220
11237565	2341218
11237566	6638799
11237567	6638799
11237568	8429882
11237569	8429882
11237570	7209775
11237570	11237571
11237570	12704027
11237571	11237570
11237572	8429882
11237573	11237574
11237573	12228761
11237573	12228767
11237573	12228769
11237573	12228885
11237573	12229388
11237573	12229511
11237573	12252022
11237573	12256940
11237573	12444237
11237574	11237573
11237575	11064701
11237575	12704018
11237575	12704019
11237576	8429882
11237577	11237596
11237577	11237601
11237578	11237579
11237579	11237578
11237580	11237581
11237580	12704017
11237581	11237580
11237582	11237583
11237582	12702686
11237582	12702688
11237583	11237582
11237584	11237586
11237584	12702685
11237584	12702687
11237585	9152755
11237586	11237584
11237586	11910268
11237587	9152755
11237588	9152755
11237589	9152755
11237590	9152755
11237591	9152755
11237592	11236471
11237592	11237858
11237593	10124162
11237594	10329913
11237594	12057934
11237595	11237597
11237595	11567041
11237596	11237577
11237597	11237595
11237598	5921345
11237599	6324492
11237600	6324492
11237600	6330838
11237601	11237577
11237601	11237613
11237602	11237603
11237602	12703802
11237602	12747471
11237603	11237602
11237604	10695083
11237605	13114342
11237606	11237607
11237607	11237606
11237609	11237610
11237610	11237609
11237610	12365443
11237612	11236083
11237612	11237630
11237613	11237601
11237614	6666500
11237614	8290630
11237614	11038109
11237614	11237619
11237614	11237620
11237614	12629813
11237615	10044369
11237615	10044370
11237615	10262942
11237615	11237617
11237616	13789460
11237617	2205226
11237617	10044369
11237617	10044370
11237617	10044755
11237617	10047590
11237617	11237615
11237617	11524592
11237618	271785
11237618	695851
11237619	6666500
11237619	8290630
11237619	11237614
11237620	6666500
11237620	8290630
11237620	11237614
11237621	11237623
11237621	11237663
11237622	12031474
11237623	11237621
11237624	3004520
11237624	3010549
11237624	3681762
11237625	11237508
11237627	11237628
11237628	11237627
11237629	12809813
11237630	11236083
11237630	11237612
11237631	11237632
11237632	11237631
11237633	6385744
11237634	6448119
11237634	8647459
11237635	11237330
11237636	7137720
11237636	11237854
11237636	11237855
11237637	7137720
11237638	11237641
11237639	7191794
11237639	11240814
11237639	12711799
11237640	7191794
11237640	11237847
11237640	11240814
11237640	12711799
11237641	11237638
11237641	11910404
11237643	7190085
11237643	11237842
11237644	8897331
11237645	8897333
11237646	8897338
11237647	11237649
11237648	11237651
11237648	11237696
11237649	11237647
11237650	11237652
11237650	11237658
11237650	11237661
11237650	11237664
11237650	11237665
11237651	11237648
11237652	11237650
11237653	11237654
11237653	12361378
11237653	12361379
11237654	11237653
11237656	8897339
11237657	13697143
11237658	11237650
11237659	7121056
11237659	11237837
11237660	8897341
11237661	11237650
11237661	11237665
11237663	11237621
11237664	11237650
11237665	11237650
11237665	11237661
11237666	238776
11237667	10647764
11237668	10647764
11237669	271785
11237669	695851
11237671	18583
11237672	239896
11237673	266561
11237674	5989333
11237675	320379
11237676	2646423
11237677	7265941
11237678	20086
11237679	7382194
11237680	7387952
11237680	7387953
11237681	10216417
11237683	7476639
11237684	61234
11237685	11238378
11237686	9239904
11237687	8415593
11237687	8415594
11237687	9510619
11237688	11237689
11237688	11237703
11237688	11237710
11237688	11237713
11237688	11237718
11237688	11237723
11237688	11237728
11237688	11237731
11237688	11237735
11237689	11237688
11237690	9295346
11237691	9295346
11237692	60288
11237693	9867816
11237694	674448
11237695	282246
11237696	11237648
11237696	12149322
11237696	12156913
11237696	13321450
11237697	2644420
11237698	10428258
11237698	11713473
11237698	11713474
11237699	10428258
11237699	11713473
11237699	11713475
11237700	9798446
11237701	7381685
11237702	435769
11237702	8597926
11237702	11688683
11237702	11688684
11237702	11688686
11237703	11237688
11237704	7387967
11237706	7387968
11237707	7897721
11237707	11864466
11237708	7476078
11237709	8068846
11237710	11237688
11237710	11237723
11237711	8068849
11237712	9938862
11237713	11237688
11237714	755141
11237715	9456687
11237717	10107965
11237718	11237688
11237719	7470292
11237721	5742767
11237723	11237688
11237723	11237710
11237723	11237819
11237723	11237821
11237723	11237823
11237723	11237824
11237723	11238315
11237724	542377
11237725	542377
11237726	1193587
11237727	2548174
11237728	11237688
11237729	4498281
11237730	4500773
11237731	11237688
11237732	2544426
11237732	11069526
11237733	4502791
11237734	4518796
11237735	11237688
11237736	4667227
11237737	11021127
11237738	5149966
11237739	5155166
11237740	5218438
11237741	5263429
11237742	5389642
11237743	5485964
11237744	11035517
11237745	8460046
11237746	8620594
11237747	13352708
11237748	5735669
11237749	266232
11237750	361583
11237751	2635185
11237752	2818328
11237753	12520779
11237754	8415607
11237755	2595671
11237755	11171075
11237756	23779
11237757	39570
11237759	10602349
11237760	2770781
11237761	2770781
11237763	5506423
11237764	8288613
11237765	8415604
11237766	3331690
11237768	920820
11237769	6358616
11237770	8830973
11237771	8746776
11237771	8746989
11237771	8747516
11237771	10575522
11237772	9847530
11237773	9961360
11237774	2217665
11237774	2217666
11237775	37132
11237776	39148
11237776	39217
11237777	8530677
11237778	39159
11237779	39162
11237780	39167
11237781	39186
11237782	39214
11237785	10090677
11237785	12951520
11237787	42698
11237788	248212
11237789	248213
11237790	255126
11237791	257731
11237792	288039
11237793	388834
11237794	4666762
11237795	4874917
11237796	10633694
11237797	5106389
11237799	5190883
11237800	5190891
11237801	5860555
11237802	6532210
11237803	6532314
11237804	239721
11237805	6532408
11237806	6765622
11237807	6770130
11237808	8023885
11237809	9851635
11237810	8037475
11237811	8416466
11237812	8820198
11237812	9223021
11237813	8918241
11237814	8981167
11237815	9202491
11237816	9841674
11237817	16776
11237818	39143
11237819	11237723
11237820	39147
11237821	11237723
11237822	39157
11237823	11237723
11237824	11237723
11237825	39170
11237826	39270
11237827	39271
11237828	7794484
11237829	41181
11237830	10060688
11237831	50225
11237832	61986
11237833	664031
11237834	7781951
11237834	11864495
11237835	8050079
11237837	11237659
11237838	63321
11237839	9143818
11237840	69395
11237842	7190085
11237842	11237643
11237843	241697
11237844	8986432
11237845	243312
11237846	9508351
11237847	11237640
11237847	12711799
11237848	11230393
11237848	11233905
11237849	7795568
11237851	9744090
11237852	9744090
11237854	11237636
11237855	11237636
11237857	2409946
11237858	11237592
11237859	2863760
11237860	10992023
11237861	6910749
11237862	26622
11237862	11237866
11237863	11237385
11237864	11237385
11237866	26622
11237866	11236208
11237866	11237862
11237866	11237868
11237866	11237885
11237866	11237945
11237866	11608868
11237867	11237268
11237868	11237866
11237869	11237257
11237869	11239413
11237869	11483875
11237870	7762002
11237870	11608870
11237871	69172
11237871	143204
11237871	2166098
11237871	8603611
11237871	8603614
11237871	12224419
11237872	11001530
11237873	3058815
11237874	26622
11237874	2631266
11237874	11236212
11237874	11237876
11237874	11237877
11237874	11237885
11237874	11237945
11237874	11238302
11237874	11608868
11237875	7725306
11237875	11608869
11237876	11237874
11237876	11237945
11237876	11608868
11237877	11237874
11237879	7306885
11237880	214342
11237880	12224420
11237881	3178636
11237883	3501135
11237884	7733282
11237884	13738645
11237885	11237866
11237885	11237874
11237885	11608868
11237885	12386101
11237885	12386103
11237885	13525972
11237886	1600121
11237887	9606933
11237888	11234205
11237888	11237054
11237889	9829846
11237889	11608867
11237890	2659608
11237891	9829846
11237891	11608866
11237892	11237053
11237893	11236817
11237893	11237047
11237893	11237052
11237894	9506685
11237895	4781608
11237897	9766895
11237897	11608857
11237898	11200322
11237899	11608826
11237900	11608825
11237901	7359987
11237902	4951005
11237904	9145393
11237904	11237918
11237905	5338329
11237906	7708726
11237906	11237915
11237906	11237917
11237908	1434706
11237908	5390444
11237908	10318028
11237909	9568980
11237910	5366959
11237912	9789657
11237914	9087488
11237915	11237906
11237915	13791738
11237917	11237906
11237918	11237904
11237919	10797905
11237920	10797905
11237921	11236758
11237921	11237925
11237923	2638834
11237924	7758933
11237924	11608648
11237925	11237921
11237926	9701899
11237927	9073743
11237927	11608646
11237928	9073743
11237928	11608645
11237929	9701895
11237930	11004831
11237931	2005563
11237931	7358417
11237931	11237964
11237932	9701889
11237934	8897345
11237935	9701873
11237936	9701873
11237938	9701869
11237940	8897355
11237941	9701861
11237942	8897379
11237943	8897379
11237943	11237944
11237943	11237954
11237944	11237943
11237945	26622
11237945	1207825
11237945	2631266
11237945	11236208
11237945	11236212
11237945	11237866
11237945	11237874
11237945	11237876
11237946	26622
11237946	2631266
11237946	11236208
11237946	11236212
11237946	12414648
11237947	13071757
11237947	13071758
11237947	13324960
11237948	10657438
11237948	11117629
11237948	11237962
11237948	13090675
11237949	11235519
11237950	8420334
11237950	11608644
11237951	6350486
11237951	11237961
11237952	4334710
11237952	7554304
11237952	7734354
11237953	252176
11237953	11608635
11237954	11237943
11237955	2954884
11237956	2954884
11237957	2954884
11237958	2954884
11237959	9612259
11237960	255992
11237960	11608444
11237960	11608447
11237961	11237951
11237962	8801353
11237962	9673061
11237962	10657438
11237962	11117630
11237962	11237948
11237962	12092528
11237964	11237931
11237966	1173481
11237967	10477385
11237967	10477386
11237967	10477429
11237967	13969208
11237968	9833671
11237969	7840842
11237971	4502132
11237972	4502132
11237973	10577869
11237973	11238047
11237974	5279707
11237975	5279707
11237976	4699944
11237977	6074433
11237978	11237982
11237978	11237992
11237978	11238005
11237978	11238011
11237978	11238013
11237978	11238017
11237978	11238029
11237978	11238034
11237978	11238040
11237979	6074433
11237980	3737248
11237981	6350609
11237982	11237978
11237983	3737248
11237985	3115
11237986	5286267
11237986	5286273
11237986	11608421
11237991	8908359
11237992	11237978
11237993	9025347
11237996	9025352
11237998	9025352
11238005	11237978
11238005	11238017
11238005	11238040
11238007	13394002
11238008	9025356
11238011	11237978
11238013	11237978
11238014	5666331
11238014	5666438
11238017	11237978
11238017	11238005
11238017	11238034
11238021	9025354
11238022	3403295
11238025	8738549
11238025	11608416
11238025	11608417
11238027	3403295
11238029	11237978
11238031	5075287
11238032	9146257
11238034	11237978
11238034	11238017
11238035	6868957
11238036	9025465
11238038	9025465
11238039	2376138
11238040	11237978
11238040	11238005
11238042	11125012
11238043	9025465
11238046	9025465
11238047	10577869
11238047	11237973
11238048	6350624
11238048	6599274
11238049	7513808
11238051	12820219
11238053	3476787
11238054	9025500
11238054	11640628
11238056	9025500
11238057	11657742
11238057	11671161
11238060	9630099
11238060	11608405
11238063	1588932
11238064	4501592
11238064	11238168
11238064	11238171
11238065	2545512
11238066	10780230
11238066	11235348
11238066	11235350
11238067	5437048
11238069	6254420
11238070	11235344
11238070	11243166
11238073	1994537
11238075	3662645
11238075	9810062
11238075	11264845
11238075	11264850
11238075	12412983
11238075	12742988
11238075	13257898
11238075	13637995
11238076	9165332
11238077	11235335
11238081	6907788
11238082	6907788
11238083	9668358
11238084	11235308
11238086	11235308
11238087	8197307
11238087	9668358
11238087	13424974
11238087	13424975
11238087	13424976
11238089	871770
11238091	8256460
11238092	10181163
11238094	3202286
11238096	5285527
11238098	8644206
11238098	11235300
11238098	11243168
11238098	11657753
11238098	11657756
11238101	9806479
11238102	9806479
11238104	11235297
11238108	11235286
11238109	4498468
11238110	11235287
11238111	7822305
11238114	1895046
11238115	13007885
11238117	2956119
11238119	11235233
11238121	12598556
11238122	13898505
11238123	11204639
11238124	11204639
11238126	11235230
11238126	11235231
11238128	5320829
11238128	10610452
11238130	1723921
11238132	1723921
11238133	13660405
11238133	13660453
11238134	6350666
11238134	6599111
11238136	8897391
11238137	13736520
11238138	8641127
11238138	11227697
11238138	11227698
11238138	11232103
11238138	11658488
11238138	13654994
11238139	8897392
11238140	6736286
11238141	8897393
11238142	6978179
11238142	11608404
11238142	12379167
11238142	12404662
11238143	11232086
11238143	11243171
11238144	7579587
11238146	7579587
11238147	7734572
11238147	11608044
11238149	2539434
11238151	11204252
11238152	11204252
11238153	274172
11238153	11570560
11238155	11232038
11238157	25236
11238158	11204252
11238159	11204252
11238161	11204249
11238162	9409587
11238162	11607951
11238163	11204249
11238164	11204249
11238164	14007131
11238166	11204249
11238167	5851401
11238168	4501592
11238168	11238064
11238170	9809642
11238170	9809643
11238171	4501592
11238171	11238064
11238172	6248788
11238173	6271705
11238175	945250
11238177	3903056
11238179	11231957
11238183	394713
11238183	1832971
11238183	11231925
11238183	11231926
11238183	11243175
11238185	11937346
11238188	9025507
11238188	11238324
11238189	11231993
11238194	11231911
11238195	11238197
11238196	10495667
11238197	11238195
11238198	10495667
11238199	11231859
11238200	11231858
11238201	13505560
11238203	11231844
11238204	2982153
11238205	2982153
11238206	10780251
11238206	11231957
11238207	10151394
11238208	1448592
11238209	11857203
11238212	11227683
11238216	11238218
11238217	5955817
11238218	11238216
11238219	11227677
11238220	11231877
11238221	11231916
11238222	11024879
11238222	11817442
11238223	11238224
11238224	11238223
11238225	350218
11238226	7526106
11238227	10096413
11238228	9962180
11238228	12961249
11238229	10251097
11238230	7446554
11238230	7521392
11238230	13505591
11238231	802824
11238232	7446554
11238232	7521392
11238233	8897420
11238234	9159527
11238235	7326805
11238237	4581005
11238240	2340783
11238244	11238247
11238246	500849
11238247	11238244
11238248	7325493
11238248	7347668
11238249	1675463
11238250	5059612
11238251	2799540
11238252	135679
11238252	326485
11238253	2705056
11238254	11238266
11238255	10448507
11238256	10448507
11238257	10448507
11238258	10448507
11238261	8637938
11238262	11213238
11238263	12719
11238264	31454
11238265	11231977
11238266	11238254
11238267	9432671
11238268	7120321
11238269	10504860
11238270	11238275
11238270	12610850
11238271	8478467
11238271	8678878
11238271	12580489
11238272	10504860
11238273	274880
11238274	10504860
11238275	11238270
11238276	3835253
11238277	3835253
11238278	11229594
11238279	1067011
11238280	3835253
11238281	2467113
11238282	11238283
11238283	11238282
11238283	12134229
11238284	4695581
11238285	1338557
11238285	1428333
11238285	10905924
11238286	10569829
11238287	2592895
11238288	10564179
11238289	1098520
11238289	2781042
11238290	2781042
11238291	9409748
11238291	11238295
11238292	751529
11238292	4909540
11238293	11238296
11238294	9525609
11238294	11238297
11238294	11238298
11238295	9409748
11238295	11238291
11238296	11238293
11238297	9525609
11238297	11238294
11238298	9525609
11238298	11238294
11238299	3823651
11238299	4500281
11238299	4753646
11238300	3823651
11238300	13216387
11238301	3823651
11238302	11237874
11238303	5728865
11238303	11238308
11238303	11238310
11238303	11485231
11238304	7872286
11238305	11236827
11238306	11236827
11238307	300872
11238307	883996
11238307	7839890
11238308	11238303
11238309	7872286
11238310	11238303
11238311	7872286
11238312	11238317
11238313	7550560
11238314	5725315
11238315	11237723
11238316	5415703
11238317	11238312
11238318	279033
11238319	1394722
11238320	33525
11238321	68746
11238322	9456118
11238323	7389839
11238323	12003255
11238324	11238188
11238325	2647058
11238325	4092719
11238325	5197326
11238325	7406975
11238325	11238338
11238326	2647058
11238326	4092719
11238326	5197326
11238326	8392916
11238326	11238338
11238327	4510205
11238327	12042206
11238327	12042207
11238328	11235761
11238328	11236991
11238329	11238330
11238330	11238329
11238331	11237551
11238331	11350550
11238331	13685265
11238331	13685266
11238331	13685267
11238332	2647058
11238332	2858971
11238332	8392916
11238332	11238338
11238333	7805853
11238334	9025514
11238335	9025514
11238336	11237550
11238337	11238339
11238338	2647058
11238338	2858971
11238338	4714607
11238338	8392916
11238338	11238325
11238338	11238326
11238338	11238332
11238339	11238337
11238340	9764024
11238340	11238406
11238341	3281757
11238341	4892641
11238342	1934814
11238342	2987786
11238342	11238399
11238343	11237549
11238344	11238345
11238344	11238346
11238344	11238350
11238344	11238351
11238344	11238352
11238344	11238353
11238344	11238354
11238344	11238355
11238344	11238356
11238344	12443949
11238345	11238344
11238346	11238344
11238347	11238349
11238348	11237546
11238349	11238347
11238349	12908758
11238350	11238344
11238351	11238344
11238352	11238344
11238352	11238355
11238353	11238344
11238354	11238344
11238355	11238344
11238355	11238352
11238356	11238344
11238356	12443949
11238357	10316577
11238358	325026
11238358	4616531
11238358	8950513
11238358	11238396
11238359	10316581
11238360	8616820
11238360	11238394
11238361	10316584
11238362	10956519
11238362	11380928
11238370	58091
11238370	13548919
11238370	13548921
11238374	3064302
11238374	5608677
11238374	12047243
11238375	9713525
11238375	11238382
11238375	12909424
11238375	12909426
11238375	13084827
11238377	2282784
11238378	11237685
11238381	11238383
11238382	11238375
11238383	11238381
11238383	11238391
11238384	11238386
11238385	5702366
11238385	9719784
11238385	12866542
11238385	12866543
11238385	12976361
11238385	13229404
11238386	11238384
11238386	11238390
11238386	13290653
11238388	13116256
11238389	11230130
11238390	8795465
11238390	11238386
11238390	12219132
11238390	13290653
11238391	11238383
11238394	8616820
11238394	11238360
11238396	325026
11238396	8950513
11238396	11238358
11238398	11230130
11238399	1392067
11238399	1934814
11238399	1935251
11238399	1945369
11238399	2779754
11238399	11238342
11238400	567953
11238400	3822882
11238400	8212307
11238400	11648131
11238400	13273746
11238400	13629636
11238400	13930068
11238401	11230130
11238404	10112528
11238405	10106621
11238406	9764024
11238406	11238340
11238408	11247677
11238411	778004
11238411	11648123
11238411	11648124
11238414	864644
11238414	11648122
11238414	13961810
11238415	10089263
11238415	12470993
11238416	11230130
11238417	925464
11238418	11230130
11238419	926733
11238419	11648117
11238419	13684666
11238421	11238425
11238421	11238448
11238421	11238452
11238422	11230130
11238423	9359715
11238423	9359722
11238425	11238421
11238425	11238448
11238425	11238452
11238426	8888178
11238426	9957663
11238426	9958454
11238426	10260639
11238426	11484025
11238427	1004982
11238427	11648110
11238427	13961809
11238430	1018453
11238430	11648102
11238432	1150716
11238432	13957680
11238433	11230130
11238435	6051895
11238435	6051899
11238435	11239704
11238437	11230130
11238438	11230130
11238439	11230130
11238440	1258192
11238440	11648093
11238441	11238442
11238441	11238445
11238441	11238446
11238441	11238449
11238441	11238450
11238441	11238451
11238441	11238453
11238441	11238454
11238441	11238458
11238442	11238441
11238443	1381678
11238443	5278913
11238443	11648084
11238443	11648085
11238444	12897019
11238445	11238441
11238446	11238441
11238446	11238451
11238448	11238421
11238448	11238425
11238448	13663233
11238449	11238441
11238449	11238451
11238450	11238441
11238451	11238441
11238451	11238446
11238451	11238449
11238451	11238454
11238452	11238421
11238452	11238425
11238453	11238441
11238454	11238441
11238454	11238451
11238456	11133186
11238457	11236638
11238457	11237268
11238458	11238441
11238459	11133186
11238465	11238466
11238465	11238468
11238465	11239915
11238465	12395619
11238465	12395620
11238465	12463155
11238465	13287608
11238465	13287609
11238465	13623694
11238465	13624961
11238466	11238465
11238466	11238468
11238466	11239915
11238466	12395619
11238466	12463155
11238466	13623694
11238468	11238465
11238468	11238466
11238468	12395619
11238468	12463155
11238468	13623694
11238470	11966719
11238470	13187109
11238475	11238481
11238475	11238483
11238475	11238486
11238475	11238487
11238475	11238490
11238475	11238491
11238475	11238493
11238475	11238494
11238475	11238495
11238475	12893986
11238477	13357129
11238477	13357223
11238477	13367952
11238477	13368109
11238478	11240030
11238480	11239912
11238481	11238475
11238483	11238475
11238483	11238490
11238485	11239914
11238486	11238475
11238487	11238475
11238489	11240027
11238489	11845607
11238490	11238475
11238490	11238483
11238491	11238475
11238493	11238475
11238494	11238475
11238495	11238475
11238496	13116284
11238497	1109985
11238497	1432894
11238498	11240222
11238499	11923062
11238500	11238501
11238500	11238504
11238500	11238505
11238500	11238506
11238500	11238508
11238500	11238510
11238500	11238512
11238500	11238513
11238500	11238515
11238501	11238500
11238501	12067001
11238502	11238507
11238503	11204828
11238503	11205069
11238504	11238500
11238505	11238500
11238506	11238500
11238507	11238502
11238508	11238500
11238509	11238617
11238510	11238500
11238511	7493013
11238512	11238500
11238513	11238500
11238515	11238500
11238516	6248354
11238516	11239700
11238516	11239701
11238516	11239702
11238516	11239703
11238516	11240115
11238519	6917034
11238520	6700114
11238520	6708794
11238520	11238526
11238520	13442594
11238522	7075569
11238522	8311148
11238522	8311149
11238522	11239943
11238522	11240342
11238522	11240346
11238522	11240347
11238522	11240349
11238522	11240353
11238522	11240357
11238522	11240361
11238522	11875392
11238522	11875394
11238522	11875398
11238522	12901020
11238522	12990517
11238525	3395320
11238526	6700114
11238526	11238520
11238527	3395320
11238528	709561
11238528	13120796
11238531	10541151
11238531	10697336
11238531	11824989
11238532	5126543
11238535	11238537
11238535	11238556
11238535	11238557
11238535	11238558
11238535	11238559
11238535	11238560
11238535	11238561
11238535	11238563
11238535	11238564
11238536	4392249
11238537	11238535
11238537	11489132
11238539	2094641
11238540	5009568
11238550	13713174
11238551	9495932
11238551	13719547
11238552	9495932
11238552	13719547
11238553	5228931
11238553	9814562
11238553	11243376
11238554	10056332
11238556	11238535
11238557	11238535
11238558	11238535
11238559	11238535
11238560	11238535
11238561	11238535
11238562	11240866
11238562	11240871
11238563	11238535
11238564	11238535
11238565	12172105
11238566	3279572
11238567	11124246
11238567	12173586
11238568	7551052
11238569	11141312
11238570	9205714
11238571	7242337
11238572	7238693
11238573	9403255
11238574	9460109
11238575	9563205
11238576	9563205
11238577	8814140
11238579	9759404
11238579	11271880
11238579	11271881
11238579	11271883
11238580	9759404
11238580	10166096
11238580	11271885
11238580	11271886
11238581	9300306
11238582	9119216
11238582	13624326
11238583	9380876
11238583	11529058
11238584	9085868
11238584	11529059
11238585	9767672
11238586	7549531
11238587	7549531
11238588	9379149
11238588	11529063
11238589	9379149
11238589	11529064
11238590	9047337
11238591	9288200
11238592	11148415
11238592	11529066
11238593	9127964
11238593	9127973
11238595	11238598
11238596	11238602
11238596	11238609
11238597	8921334
11238597	11529068
11238598	11238595
11238599	9298868
11238600	9457288
11238601	9457288
11238602	11238596
11238602	11238609
11238602	11238626
11238602	11570974
11238603	8109033
11238603	11238610
11238603	11529077
11238604	8311047
11238605	3920591
11238605	4630921
11238605	11082643
11238605	13594717
11238606	11165458
11238606	11238607
11238607	11165458
11238607	11238606
11238607	11238608
11238608	11238607
11238609	11238596
11238609	11238602
11238610	11238603
11238610	11529077
11238610	11529078
11238611	10271845
11238611	11238612
11238612	10271845
11238612	11238611
11238613	11234996
11238613	11238618
11238614	11234996
11238614	11238615
11238614	11238618
11238615	11238614
11238615	11238618
11238615	11593964
11238615	12600282
11238616	8949949
11238616	11238621
11238616	11238627
11238616	11239865
11238616	11243160
11238616	11570929
11238617	11238509
11238618	11234996
11238618	11238613
11238618	11238614
11238618	11238615
11238619	11244426
11238619	11453647
11238620	11240812
11238620	11612744
11238620	11947919
11238620	11947925
11238620	13394255
11238620	13394256
11238621	11238616
11238622	11053234
11238622	11260892
11238622	11261057
11238622	11261063
11238622	11612745
11238622	11612748
11238622	12737009
11238623	11238624
11238623	11240082
11238623	11240084
11238623	11240337
11238623	11570965
11238624	11238623
11238626	11238602
11238626	11244211
11238627	11238616
11238630	12081703
11238633	11240332
11238635	11240883
11238635	11240891
11238638	11240966
11238638	11240973
11238640	11241007
11238642	11240998
11238643	11241002
11238645	12389474
11238646	6022918
11238647	5301750
11238648	5964420
11238649	9995840
11238650	9995837
11238651	9995836
11238651	12859324
11238652	9995118
11238653	9994360
11238654	9994358
11238655	9994356
11238656	9994355
11238657	9994353
11238658	9994352
11238659	9994351
11238660	9994350
11238661	9994348
11238661	11871110
11238661	11871111
11238661	13592650
11238662	9994347
11238663	9994346
11238663	13528356
11238664	9995857
11238665	9994359
11238666	9995899
11238667	9994340
11238668	9994341
11238669	9994331
11238670	9994327
11238671	9994326
11238672	9994322
11238673	9994308
11238674	9994307
11238675	9994293
11238676	9994102
11238677	9994099
11238678	9994096
11238679	9994091
11238680	10216669
11238680	13110503
11238680	13110504
11238681	9993855
11238682	9993846
11238683	9993842
11238685	3879511
11238685	13155346
11238685	13155349
11238686	9993841
11238687	9993832
11238688	9066332
11238689	9993831
11238690	9993830
11238691	10230762
11238692	9993824
11238693	9993823
11238694	10823782
11238695	9993820
11238696	9993819
11238697	9993812
11238698	9993808
11238699	9993806
11238700	11238711
11238701	9993805
11238702	9993803
11238703	9993802
11238704	9993800
11238705	9993798
11238706	9993770
11238707	9993756
11238708	9993753
11238709	9993752
11238710	9991659
11238711	11238700
11238711	12300815
11238712	11238716
11238713	9991633
11238714	9991637
11238715	9991638
11238716	11238712
11238717	9991623
11238718	9991624
11238719	9991618
11238719	11240362
11238720	9991617
11238721	9991609
11238722	9991608
11238723	9991598
11238724	9991597
11238725	9991589
11238726	11238728
11238727	1803379
11238727	13207301
11238727	13207302
11238727	13207303
11238728	11238726
11238729	8233779
11238730	11238745
11238731	11227966
11238732	9991590
11238733	9991575
11238734	9991573
11238735	1871070
11238735	13321960
11238735	13321969
11238736	9991571
11238737	9991181
11238738	9991177
11238740	4630653
11238741	9991169
11238742	9990797
11238743	9990796
11238744	9990795
11238744	13296945
11238744	13296946
11238745	11238730
11238746	9990792
11238747	9990789
11238748	9990785
11238749	9990782
11238750	9990780
11238751	8405733
11238752	9990720
11238753	9990721
11238754	9990072
11238755	9989142
11238756	9989140
11238757	9989134
11238758	8411516
11238758	13155308
11238758	13155311
11238759	9989133
11238760	9989128
11238761	9989127
11238762	9989113
11238763	9989111
11238764	9989108
11238765	8417652
11238765	13130966
11238765	13130967
11238766	9989109
11238767	9989091
11238768	9989089
11238769	9989084
11238770	8572596
11238771	9989070
11238772	9989068
11238772	12815258
11238773	9989064
11238774	9989059
11238775	8900613
11238775	13134431
11238775	13167560
11238776	9989058
11238777	9989046
11238778	9989036
11238779	9989035
11238779	12841795
11238780	9989034
11238781	9989026
11238782	9159620
11238783	9989023
11238784	9988650
11238785	9988644
11238786	9988547
11238787	7125288
11238788	9242119
11238788	13442626
11238788	13442630
11238789	9988516
11238790	9988514
11238791	9987980
11238791	12110128
11238792	9987979
11238793	9987946
11238794	9987945
11238795	9987924
11238796	9992311
11238797	9987922
11238798	9986946
11238799	10023150
11238800	10023172
11238801	10328123
11238802	10870040
11238803	10882041
11238804	11195782
11238805	11216621
11238806	1712029
11238807	1712035
11238808	1779247
11238809	6116114
11238810	6067795
11238810	6068200
11238810	11093209
11238810	12555919
11238811	1806774
11238812	3880424
11238813	9958809
11238814	10026889
11238815	10030446
11238815	11975491
11238816	10030734
11238817	10064601
11238817	13111346
11238817	13111350
11238818	5347446
11238819	10223035
11238820	7979816
11238820	11238894
11238820	12507216
11238820	13521877
11238821	10231798
11238821	13176748
11238821	13176749
11238822	10876226
11238823	5937643
11238823	11248588
11238824	11050191
11238824	13223869
11238825	5922180
11238826	9985429
11238827	11203269
11238828	9985419
11238829	6070310
11238830	9985417
11238831	9985413
11238832	9985209
11238833	9985206
11238834	5418218
11238835	9984290
11238836	9984286
11238837	9986930
11238838	11221025
11238839	9986927
11238840	9986910
11238841	9986909
11238842	9986906
11238843	5386810
11238844	11223042
11238845	9986607
11238846	9986600
11238847	9986597
11238847	12201239
11238848	9986586
11238848	11896002
11238848	11896003
11238848	11896004
11238848	12125341
11238849	9986585
11238850	11231526
11238851	9986580
11238852	9986089
11238852	13513992
11238853	5948288
11238854	9986088
11238855	9986041
11238856	1761366
11238857	6557683
11238858	5607291
11238858	11238860
11238859	1818963
11238860	11238858
11238861	3877392
11238861	13132339
11238861	13132340
11238862	9986039
11238863	9986037
11238864	9986036
11238865	9986034
11238866	9986033
11238867	9986023
11238868	9986020
11238869	8024713
11238870	9986018
11238871	9986017
11238872	9986015
11238873	9986004
11238874	9986002
11238874	12394275
11238875	9985999
11238876	9985997
11238877	9985994
11238877	12426621
11238878	9985987
11238879	9985985
11238880	8253055
11238881	9985982
11238882	9985975
11238883	9985968
11238884	9985944
11238885	8253272
11238886	9985949
11238887	9985458
11238888	9985452
11238889	9985447
11238890	9985440
11238891	13657014
11238892	10230670
11238893	10231602
11238894	11238820
11238895	10232310
11238896	2118638
11238897	10806970
11238897	12205139
11238898	10236756
11238898	13202944
11238899	9982919
11238900	11238902
11238901	5450993
11238902	11238900
11238902	11613700
11238903	9982912
11238904	9982910
11238905	9982909
11238906	9982609
11238907	9982608
11238908	9982553
11238909	9981746
11238909	9981749
11238910	9981745
11238911	7803440
11238913	9981742
11238913	9981743
11238914	9981741
11238915	9981740
11238916	9981723
11238917	9981724
11238918	9981706
11238919	1834957
11238920	9983481
11238921	9983473
11238922	9983470
11238923	9983468
11238924	9983287
11238925	9983286
11238926	9982972
11238927	9982968
11238928	10505299
11238929	9982965
11238929	12030896
11238930	9982948
11238931	6889079
11238931	12460915
11238932	1273400
11238933	9852357
11238934	9981696
11238935	9981669
11238936	9981628
11238937	9981608
11238938	9981611
11238939	9981602
11238940	5185845
11238941	9981567
11238942	9981564
11238943	9981557
11238944	9981060
11238945	9981057
11238946	9981056
11238947	9981046
11238948	5185845
11238949	9981045
11238950	9981042
11238951	9981041
11238952	9980790
11238953	5185845
11238954	9980793
11238954	11937759
11238955	9980759
11238956	9980756
11238956	13742802
11238957	9980740
11238958	9980739
11238959	9980724
11238960	9980719
11238961	9980714
11238962	9980362
11238963	9980001
11238964	1729558
11238965	9979997
11238966	9979010
11238967	9979004
11238968	9979007
11238969	9979002
11238970	1069409
11238971	1069409
11238972	6055672
11238972	6145110
11238972	11240282
11238973	1069409
11238974	1069409
11238975	9977930
11238976	6555610
11238977	9976939
11238978	9977673
11238979	9977205
11238979	12041313
11238980	9977185
11238981	9977175
11238982	9977167
11238983	9977166
11238984	9977165
11238985	9977155
11238986	9977154
11238987	9977144
11238988	9977143
11238992	8829038
11238992	12461215
11238994	11626696
11238998	12108474
11239001	9977142
11239002	11863604
11239003	9977139
11239005	12108469
11239008	11430497
11239008	11651792
11239008	11770842
11239009	2316344
11239013	2316344
11239016	2316344
11239017	11250672
11239017	11560547
11239021	10230994
11239021	11287222
11239021	13968660
11239021	13968661
11239022	11517735
11239028	8988052
11239033	2133337
11239033	9976972
11239036	14023656
11239036	14023657
11239040	9976970
11239041	11430518
11239041	13325329
11239043	9976945
11239044	9976943
11239046	9976063
11239048	9975843
11239050	9975842
11239051	9975839
11239052	9975315
11239054	11176258
11239055	9975310
11239056	11638712
11239056	11849281
11239057	9975304
11239058	9974732
11239059	9974729
11239061	9974723
11239062	9974682
11239063	9974681
11239065	9974679
11239067	9974665
11239068	9974675
11239070	9974661
11239071	9974660
11239073	9974658
11239074	9974656
11239076	9974655
11239077	9974654
11239078	9974645
11239079	12606468
11239080	9974644
11239081	9974642
11239082	9974641
11239083	9974632
11239084	9974629
11239085	9974621
11239086	9978998
11239087	11911754
11239088	9978768
11239089	9978747
11239090	9978744
11239091	12074802
11239092	9978736
11239093	11774008
11239095	11638086
11239096	11463480
11239098	12040408
11239100	11239105
11239100	12702682
11239100	12702683
11239101	11801562
11239104	11250408
11239105	11239100
11239107	2478201
11239107	2478202
11239107	6186164
11239107	11727778
11239107	11727781
11239107	11918429
11239107	12033820
11239107	13365778
11239109	11581026
11239111	11239118
11239115	9974185
11239116	9974163
11239118	11239111
11239121	9974130
11239123	9974026
11239124	9974024
11239125	9974022
11239127	9974014
11239129	9974002
11239130	9973996
11239131	11239144
11239131	11529079
11239131	12651080
11239131	12651081
11239132	9973988
11239133	11668221
11239133	11668222
11239133	11763173
11239134	9973971
11239135	11911762
11239136	9973966
11239137	11911755
11239138	9973964
11239140	9973962
11239141	9973944
11239142	9973925
11239143	9973924
11239144	11239131
11239146	9972156
11239147	12655301
11239151	5991270
11239155	13238139
11239155	13238140
11239155	13541365
11239156	11989149
11239156	12480310
11239158	12074789
11239160	13325143
11239162	6116154
11239165	13344917
11239167	13370356
11239170	12055226
11239170	12055227
11239171	11655963
11239171	11655964
11239172	11430530
11239174	11708141
11239174	11708142
11239174	11708143
11239178	12061221
11239178	12061222
11239179	11844115
11239180	12018209
11239181	11661057
11239181	11684389
11239186	11800391
11239187	11600152
11239189	11665764
11239193	11255501
11239193	11842117
11239193	11842118
11239193	12083954
11239193	13324889
11239193	13379640
11239196	11989150
11239196	12306995
11239196	12480311
11239198	11842119
11239198	12083957
11239198	13644250
11239198	13644251
11239198	13644252
11239198	13644253
11239200	11842120
11239200	12083959
11239200	13644254
11239200	13644255
11239200	13644256
11239200	13644257
11239208	11719457
11239209	12071057
11239209	12071058
11239213	11465652
11239213	11465653
11239214	7108570
11239215	12077139
11239217	9418999
11239217	11239696
11239217	11239697
11239218	9972086
11239222	11239250
11239222	12702678
11239226	11430541
11239226	11615778
11239227	2361035
11239227	11529083
11239229	9972145
11239230	11239256
11239230	12112552
11239230	12702677
11239231	9972132
11239232	9972127
11239233	9972114
11239235	9972113
11239236	8733772
11239236	11239685
11239236	11239694
11239238	9972110
11239241	12617412
11239241	13301393
11239242	6015022
11239245	9972087
11239246	11239275
11239246	11263906
11239250	11239222
11239254	3636253
11239255	9972109
11239256	11239230
11239258	13968490
11239261	3135797
11239264	11239276
11239264	12702676
11239268	11430552
11239269	9971786
11239270	11763175
11239270	11870236
11239271	9971785
11239272	9971767
11239273	9971766
11239274	11935874
11239275	11239246
11239276	11239264
11239280	2728731
11239280	4508790
11239280	5852383
11239280	8502692
11239281	11239287
11239281	11529091
11239281	11529092
11239281	13362477
11239281	13362478
11239285	8652113
11239285	11239290
11239287	11239281
11239290	8652113
11239290	11239285
11239293	11239300
11239293	11529161
11239296	8101965
11239297	11668914
11239297	12626020
11239299	11658839
11239300	11239293
11239301	11613255
11239301	11865055
11239301	11865056
11239302	11922716
11239303	8101965
11239310	11870238
11239312	11239316
11239313	11904050
11239316	11239312
11239322	11239326
11239323	11463013
11239323	11463014
11239323	12244725
11239323	12322746
11239323	12394857
11239326	11239322
11239330	11239335
11239330	11239655
11239332	12515727
11239333	11823107
11239333	13390706
11239333	13537143
11239334	11798461
11239335	11239330
11239337	12006664
11239341	12515562
11239342	3543739
11239345	11712485
11239346	11929922
11239346	11929923
11239346	11929925
11239347	11465960
11239349	3543739
11239350	12515542
11239358	3543739
11239364	2306670
11239364	2892594
11239365	11927929
11239365	11927930
11239365	11927932
11239365	11927934
11239366	11626863
11239372	11396632
11239374	374879
11239377	11800499
11239380	12150242
11239385	12059253
11239385	12059254
11239388	11791327
11239390	11616296
11239390	11616297
11239391	12628175
11239392	1121270
11239393	11642085
11239396	12621481
11239397	11616249
11239397	12686772
11239402	11617239
11239403	11791293
11239406	12409673
11239408	11951262
11239412	13324221
11239413	11237257
11239413	11237869
11239414	12103685
11239414	12482125
11239415	11185118
11239417	12080002
11239419	12617434
11239420	9969635
11239421	12063361
11239423	9971757
11239425	11951352
11239426	9971755
11239427	9971627
11239428	11911150
11239432	9971312
11239433	9971311
11239436	9971297
11239437	9971295
11239438	9971293
11239439	9971290
11239440	9971284
11239442	11421074
11239442	12063431
11239446	839714
11239448	12054392
11239448	13970449
11239448	13970450
11239449	11619765
11239451	12409674
11239453	9971282
11239455	9971274
11239457	9971273
11239458	9971272
11239459	9969703
11239459	11921434
11239460	9969668
11239464	11966387
11239465	9969647
11239465	11899679
11239465	11899681
11239465	11899683
11239466	11239470
11239467	2089688
11239470	11239466
11239471	2089688
11239485	12409714
11239491	13285833
11239494	12573742
11239495	11430564
11239498	12172976
11239501	11771370
11239506	12625778
11239506	12625780
11239507	12573753
11239508	12077144
11239508	12077145
11239511	11239512
11239512	11239511
11239512	13750255
11239513	59848
11239514	271695
11239515	11240135
11239516	8515534
11239517	8515534
11239518	7397532
11239519	7397532
11239520	7397532
11239521	7397532
11239522	8535639
11239523	6691892
11239524	6691892
11239525	6691892
11239526	7395788
11239527	7395788
11239528	7395788
11239529	7395788
11239530	8515568
11239531	8515568
11239532	8476919
11239533	3346184
11239535	3919835
11239536	3919835
11239537	8522177
11239538	8522177
11239539	8522177
11239540	8522177
11239541	3914534
11239542	3914534
11239543	3914534
11239544	3914534
11239545	3914534
11239546	3914534
11239547	7392954
11239548	7410095
11239549	7410095
11239550	8479108
11239551	8479108
11239552	8477217
11239553	8477217
11239554	388696
11239555	388696
11239556	388696
11239557	11240983
11239557	11240984
11239558	8475880
11239559	8475877
11239560	8476146
11239561	8476277
11239562	9969620
11239563	273425
11239564	273425
11239565	33926
11239566	11239651
11239567	11239568
11239567	11239574
11239568	11239567
11239568	11476334
11239569	11239573
11239570	9969578
11239571	9969586
11239572	9969576
11239573	11239569
11239574	11239567
11239575	6829000
11239576	6570582
11239577	474395
11239577	11239578
11239577	12720611
11239577	12720614
11239578	11239577
11239578	11266829
11239579	6689104
11239579	11239588
11239580	11240134
11239581	4666527
11239581	5800885
11239581	11239595
11239582	11239583
11239583	11239582
11239585	11239587
11239586	11239589
11239586	11239628
11239587	11239585
11239588	11239579
11239589	11239586
11239590	11239593
11239591	9968099
11239592	9967717
11239592	11900020
11239592	11900024
11239593	11239590
11239594	9967706
11239595	6317226
11239595	11239581
11239595	11239653
11239596	9967705
11239597	2238839
11239598	9967703
11239599	2720237
11239599	8476002
11239600	682309
11239601	16460
11239602	1496810
11239603	9966056
11239604	9966049
11239605	9966033
11239606	9966031
11239606	12576641
11239607	29112
11239608	9966017
11239609	9966003
11239610	9965993
11239611	252504
11239612	2401488
11239613	67092
11239614	2253879
11239615	953595
11239616	916297
11239617	11239619
11239618	887179
11239619	11239617
11239619	11701871
11239620	11239624
11239621	3154649
11239622	2698783
11239623	11239627
11239623	11239650
11239623	11240122
11239623	11240123
11239623	11551006
11239624	11239620
11239625	262247
11239627	11239623
11239628	11239586
11239629	11235481
11239629	11235505
11239629	11239630
11239629	11239631
11239629	11239633
11239629	11239635
11239629	11239636
11239629	11239641
11239629	11239642
11239629	11239644
11239629	11239646
11239629	11498731
11239630	11235481
11239630	11235512
11239630	11239629
11239630	11239644
11239631	11239629
11239632	11239634
11239633	11239629
11239634	11239632
11239635	11239629
11239635	11242533
11239635	11445970
11239636	11239629
11239637	11148575
11239637	11148576
11239637	13979994
11239637	13979995
11239637	13980402
11239638	11166992
11239639	11275441
11239641	11239629
11239642	11239629
11239643	11225775
11239643	13387859
11239643	13387860
11239644	11239629
11239644	11239630
11239644	13844283
11239645	9929279
11239645	13335483
11239646	11239629
11239647	11239648
11239647	11239652
11239648	11239647
11239649	11120243
11239650	11239623
11239650	11240122
11239650	11240123
11239651	11239566
11239652	11239647
11239653	11239595
11239653	11239658
11239654	11106388
11239654	11240377
11239654	13138929
11239654	13543221
11239655	11239330
11239656	10120730
11239656	11240372
11239657	11048036
11239657	12838850
11239657	13060066
11239658	11239653
11239659	10243967
11239659	11240369
11239660	846265
11239661	8954879
11239662	10018571
11239663	4499754
11239663	12057958
11239664	7390067
11239664	7952916
11239665	6029294
11239668	11239669
11239668	11239672
11239668	11239677
11239668	11239683
11239668	11239684
11239668	11239686
11239668	11239687
11239668	11239688
11239668	11239689
11239668	11239693
11239669	11239668
11239669	11239672
11239670	312677
11239670	3456303
11239672	11239668
11239672	11239669
11239672	11239683
11239672	11239686
11239673	279893
11239673	1555446
11239674	2539789
11239674	7217683
11239674	12684511
11239674	12684514
11239675	1996127
11239676	2194755
11239677	11239668
11239678	12459081
11239678	12470575
11239679	9729953
11239679	11239681
11239679	11239682
11239680	10685694
11239681	9729953
11239681	11239679
11239682	9729953
11239682	11239679
11239683	11239668
11239683	11239672
11239684	11239668
11239685	11239236
11239686	11239668
11239686	11239672
11239687	11239668
11239688	11239668
11239689	11239668
11239690	10803019
11239690	11442674
11239690	13676340
11239691	8332815
11239691	10803020
11239691	12205137
11239692	11171882
11239693	11239668
11239694	11239236
11239695	11240367
11239695	12205135
11239696	9418999
11239696	11239217
11239696	11240118
11239697	9418999
11239697	11239217
11239697	11240118
11239698	11240117
11239699	11240117
11239700	6248354
11239700	11238516
11239700	11240115
11239701	6248354
11239701	11238516
11239701	11240115
11239702	6248354
11239702	11238516
11239702	11240115
11239703	6248354
11239703	11238516
11239703	11240115
11239704	6051895
11239704	6051899
11239704	6842974
11239704	11238435
11239705	11239711
11239705	11239712
11239705	11239713
11239705	11239714
11239705	11239715
11239705	11239716
11239705	11239717
11239705	11239722
11239705	11239731
11239705	11239737
11239706	11239707
11239706	12704907
11239707	11239706
11239708	11239709
11239709	11239708
11239710	11616658
11239710	11616659
11239711	11239705
11239711	11239712
11239711	11239713
11239711	11239714
11239711	11239715
11239711	11239716
11239711	11239717
11239711	11239722
11239711	11239731
11239711	11239737
11239711	11571017
11239711	11571018
11239711	13425176
11239712	11239705
11239712	11239711
11239713	11239705
11239713	11239711
11239714	11239705
11239714	11239711
11239714	11239715
11239715	11239705
11239715	11239711
11239715	11239714
11239716	11239705
11239716	11239711
11239717	11239705
11239717	11239711
11239719	13340771
11239722	11239705
11239722	11239711
11239725	12047816
11239725	12047817
11239729	2370231
11239729	11239736
11239731	11239705
11239731	11239711
11239734	12108457
11239736	11239729
11239737	11239705
11239737	11239711
11239737	11657710
11239738	12172962
11239740	11743863
11239743	12393732
11239744	12097679
11239744	12097681
11239748	12998366
11239749	11920646
11239754	12531917
11239761	11239769
11239761	11239795
11239761	11239799
11239761	11239805
11239761	11239812
11239761	11239818
11239761	11239838
11239761	11239844
11239761	11239847
11239763	11616250
11239763	12077124
11239763	13321846
11239769	11239761
11239771	11439010
11239771	13708903
11239771	13708904
11239773	12409678
11239785	13269811
11239786	11463149
11239788	11307334
11239788	13334103
11239792	12152584
11239794	13442834
11239795	11239761
11239797	13660246
11239798	8020297
11239798	12205133
11239799	11239761
11239801	11904815
11239802	12077231
11239802	12077232
11239805	11239761
11239807	13497780
11239810	13560779
11239811	6470372
11239812	11239761
11239813	12455262
11239815	12455263
11239818	11239761
11239819	13540010
11239820	11947517
11239820	11947518
11239821	9153582
11239822	11763177
11239822	12513698
11239822	13663986
11239824	10248826
11239829	11549238
11239830	5205818
11239835	1312784
11239838	11239761
11239840	12519535
11239843	3170620
11239844	11239761
11239847	11239761
11239849	11239863
11239850	10170622
11239852	11712545
11239854	282639
11239857	11835347
11239857	11876802
11239858	11715378
11239859	11562200
11239859	13879865
11239860	8559699
11239860	11239878
11239861	8524690
11239861	11239877
11239861	11795628
11239861	12205110
11239862	300587
11239862	10237192
11239863	11239849
11239863	11239869
11239863	11241818
11239863	11570934
11239864	4308372
11239865	11238616
11239865	11243160
11239866	1579436
11239866	4496652
11239867	11239868
11239867	11239871
11239867	11239874
11239867	11239875
11239867	11239876
11239867	11239879
11239867	11239880
11239867	11239884
11239867	11239891
11239867	11239892
11239867	11239893
11239868	11239867
11239868	11239875
11239868	11239879
11239868	11239880
11239868	11239884
11239868	11239892
11239869	11239863
11239869	11244226
11239870	9637444
11239871	11239867
11239872	9637444
11239872	9637494
11239872	9637495
11239872	11244241
11239873	5397080
11239874	11239867
11239875	11239867
11239875	11239868
11239875	11239893
11239876	11239867
11239877	11239861
11239878	11239860
11239879	11239867
11239879	11239868
11239880	11239867
11239880	11239868
11239881	680077
11239882	11159834
11239883	2267745
11239883	11239888
11239884	11239867
11239884	11239868
11239885	11240114
11239886	11240112
11239887	7909070
11239888	2267745
11239888	2292997
11239888	11239883
11239889	11240111
11239889	11616661
11239890	2358964
11239890	3760497
11239890	3761793
11239890	6680973
11239891	11239867
11239892	11239867
11239892	11239868
11239893	11239867
11239893	11239875
11239894	1923408
11239895	7172326
11239895	7238074
11239896	9176580
11239897	1956298
11239897	1956299
11239898	11239902
11239898	11239913
11239899	250503
11239901	6550167
11239901	7825333
11239902	11239898
11239902	11914100
11239902	12702675
11239903	3080377
11239903	3128093
11239903	3128097
11239903	8478241
11239903	8651876
11239903	11319419
11239903	11929674
11239904	280122
11239904	1419348
11239905	1562150
11239906	11240110
11239907	11240109
11239908	7338028
11239909	1026987
11239910	3138115
11239910	3138116
11239910	3140138
11239910	11240106
11239910	11240107
11239911	3138116
11239911	3140138
11239911	11240103
11239911	11240105
11239911	11240107
11239912	11238480
11239913	11239898
11239913	11239918
11239914	11238485
11239915	11238465
11239915	11238466
11239915	12395619
11239915	12463155
11239915	13623694
11239917	4591810
11239918	11239913
11239919	2247754
11239919	2549528
11239919	2552453
11239919	2552454
11239919	3199320
11239919	3199540
11239919	4693447
11239919	5934729
11239920	317595
11239920	454513
11239920	578639
11239920	881866
11239920	1073015
11239920	1985059
11239920	2265563
11239920	2265569
11239920	4523989
11239921	524967
11239921	693350
11239921	693351
11239921	1936381
11239921	2053696
11239921	2053840
11239921	3448821
11239921	6645472
11239922	15152
11239922	41846
11239922	524922
11239922	524943
11239922	579813
11239922	693350
11239922	693509
11239922	693510
11239922	786280
11239922	951790
11239922	1261068
11239922	1396447
11239922	1396448
11239922	1813387
11239922	2478557
11239922	2478558
11239922	2602843
11239922	2833680
11239922	2833682
11239922	2833684
11239922	2833685
11239922	2833686
11239922	3687673
11239922	5067691
11239922	8188702
11239923	65316
11239923	427391
11239923	427412
11239923	535195
11239923	538408
11239923	579497
11239923	593460
11239923	1104697
11239923	1398056
11239923	3214674
11239923	3214675
11239923	7446294
11239924	199994
11239925	8741619
11239926	8741619
11239927	8741620
11239927	11240093
11239927	11240096
11239927	11654929
11239928	8741620
11239928	11240092
11239928	11240095
11239928	11654928
11239929	255905
11239929	582496
11239929	711614
11239929	1420679
11239929	1515208
11239929	1515209
11239929	7335126
11239930	366766
11239930	1587304
11239930	1590740
11239930	1600353
11239931	1397890
11239932	11855630
11239932	12833292
11239933	11239939
11239934	7795620
11239935	11239970
11239939	11239933
11239940	6665911
11239940	11239946
11239940	11247850
11239943	7075569
11239943	8311148
11239943	8311149
11239943	11238522
11239943	11240342
11239943	11240346
11239943	11240347
11239943	11240349
11239943	11240353
11239943	11240357
11239943	11240361
11239943	11875394
11239943	12845556
11239943	12901020
11239943	12990517
11239946	6665911
11239946	11239940
11239947	6665911
11239948	615928
11239949	615928
11239950	7493068
11239952	3729619
11239952	11239953
11239953	3729619
11239953	11239952
11239954	10545239
11239955	4456620
11239956	4456620
11239957	8771245
11239958	8348260
11239959	8715366
11239960	8715366
11239961	4456619
11239961	4456620
11239962	4456619
11239962	4456620
11239963	4271623
11239964	4271623
11239965	8715370
11239966	4456621
11239967	4456621
11239969	10763218
11239970	11239935
11239971	8715370
11239972	1240984
11239973	301724
11239974	11239975
11239974	11239976
11239974	11239977
11239974	11239979
11239974	11239980
11239974	11239981
11239974	11239983
11239974	11239986
11239974	11239989
11239974	11239991
11239975	11239974
11239976	11239974
11239977	11239974
11239977	11239991
11239978	1110566
11239979	11239974
11239980	11239974
11239981	11239974
11239982	11053919
11239982	13966105
11239982	13966106
11239983	11239974
11239984	8715353
11239985	8715358
11239986	11239974
11239987	10565393
11239988	11049601
11239989	11239974
11239990	8715337
11239990	11239993
11239990	11277345
11239991	11239974
11239991	11239977
11239992	11239994
11239992	11240003
11239992	11240016
11239992	11240021
11239992	11240026
11239992	11240029
11239992	11240034
11239992	11240035
11239992	11240037
11239993	8715337
11239993	11239990
11239994	11239992
11239994	11240021
11239994	11240029
11239995	262609
11239996	253906
11239997	852616
11239998	11234932
11239998	12551111
11239998	12551112
11239998	12611481
11239998	12611482
11239999	7406966
11240000	6421545
11240001	4588141
11240002	8410781
11240003	11239992
11240004	2432575
11240005	1095761
11240006	2432573
11240007	2432576
11240008	1164327
11240009	2432574
11240009	11240090
11240010	1911920
11240011	5294558
11240012	5294560
11240013	5294564
11240014	5916862
11240015	7114522
11240016	11239992
11240016	11240021
11240017	6269099
11240017	7206347
11240017	13492553
11240018	9813577
11240019	7367736
11240020	8843294
11240021	11239992
11240021	11239994
11240021	11240016
11240021	11240029
11240021	11240035
11240022	5700965
11240023	9001210
11240024	9280403
11240025	9384962
11240026	11239992
11240027	11238489
11240028	6665911
11240028	12689393
11240029	11239992
11240029	11239994
11240029	11240021
11240030	11238478
11240031	11195150
11240032	7542502
11240033	7801187
11240034	11239992
11240035	11239992
11240035	11240021
11240036	11195087
11240037	11239992
11240038	11195053
11240040	7183897
11240043	4372525
11240044	11240046
11240044	11240050
11240044	11240053
11240044	11240054
11240044	11240059
11240044	11240065
11240044	11240066
11240044	11240067
11240044	11240068
11240045	2923349
11240046	11240044
11240046	11240059
11240047	6169679
11240048	11229770
11240049	11195050
11240049	11195051
11240049	11240055
11240049	11240056
11240050	11240044
11240051	11195045
11240052	8242384
11240052	11190333
11240052	11381117
11240052	11760300
11240053	11240044
11240053	11240059
11240054	11240044
11240054	11240059
11240055	11240049
11240055	11240056
11240056	11240049
11240056	11240055
11240057	11189620
11240058	18601
11240059	11240044
11240059	11240046
11240059	11240053
11240059	11240054
11240059	11240065
11240059	11240067
11240060	11189619
11240060	12611590
11240061	8473583
11240061	8473586
11240061	8473590
11240061	8861348
11240061	11240064
11240062	850537
11240064	8473583
11240064	8473586
11240064	8473590
11240064	8861348
11240064	11240061
11240065	11240044
11240065	11240059
11240066	11240044
11240067	11240044
11240067	11240059
11240068	11240044
11240069	11240522
11240071	12040040
11240072	11240074
11240073	11200117
11240074	11240072
11240074	12702674
11240075	11240076
11240075	11325279
11240076	4231332
11240076	11240075
11240077	12556884
11240079	13456565
11240082	11238623
11240084	11238623
11240085	2549401
11240085	2560013
11240085	4557738
11240085	5406882
11240085	7478386
11240085	8866313
11240085	9252843
11240086	2549401
11240086	2560015
11240086	2560017
11240086	7478387
11240086	7478388
11240086	9252842
11240087	2123590
11240087	2151025
11240087	2193895
11240087	3597384
11240087	4519007
11240087	4662193
11240087	5190425
11240087	5421075
11240088	5421075
11240089	8927621
11240090	2331910
11240090	2335788
11240090	2432574
11240090	11240009
11240090	13072640
11240091	8932291
11240092	8741620
11240092	8743162
11240092	11239928
11240092	11240095
11240092	11654928
11240092	11998971
11240093	8741620
11240093	8743161
11240093	11239927
11240093	11240096
11240093	11654929
11240093	11998973
11240094	4873726
11240095	8741620
11240095	8743162
11240095	11239928
11240095	11240092
11240096	8741620
11240096	8743161
11240096	11239927
11240096	11240093
11240097	11240099
11240098	7779463
11240099	11240097
11240100	9597360
11240101	9701857
11240102	396743
11240102	397087
11240102	490972
11240102	490973
11240102	501284
11240102	559540
11240102	1091591
11240102	1091594
11240102	1091595
11240102	1092050
11240102	1109621
11240102	1598922
11240102	2549297
11240102	3253806
11240102	8493697
11240102	10359322
11240103	3140138
11240103	11239911
11240103	11240107
11240104	9701852
11240105	3140138
11240105	11239911
11240105	11240107
11240106	3140138
11240106	11239910
11240106	11240107
11240106	13300254
11240106	13300255
11240107	3138115
11240107	3138116
11240107	11239910
11240107	11239911
11240107	11240103
11240107	11240105
11240107	11240106
11240108	8982051
11240108	11629694
11240108	13525613
11240109	11239907
11240109	11444442
11240110	11239906
11240110	11444450
11240111	11239889
11240111	11616661
11240112	11239886
11240112	11588074
11240113	619663
11240113	1591012
11240113	1861952
11240114	11239885
11240114	11243851
11240114	11243853
11240114	11588073
11240115	6248354
11240115	10656485
11240115	11238516
11240115	11239700
11240115	11239701
11240115	11239702
11240115	11239703
11240115	11243847
11240116	2644710
11240117	11239698
11240117	11239699
11240117	11396625
11240117	12947297
11240117	12947314
11240118	11239696
11240118	11239697
11240118	11243844
11240119	4772245
11240119	4912059
11240119	12630367
11240120	6547232
11240121	9701849
11240122	11239623
11240122	11239650
11240122	11240123
11240122	11240126
11240122	11551006
11240122	11551007
11240123	11239623
11240123	11239650
11240123	11240122
11240124	6854054
11240125	9701792
11240126	11240122
11240132	11240133
11240132	13807323
11240133	11240132
11240134	11239580
11240134	11243842
11240135	11239515
11240136	11240137
11240136	11240138
11240137	11240136
11240137	11243841
11240137	11243917
11240137	11243918
11240138	11240136
11240139	11240140
11240140	11240139
11240141	70377
11240141	429242
11240141	621657
11240141	929638
11240141	1266621
11240141	1331751
11240141	1331752
11240141	1710150
11240141	2975208
11240141	8165957
11240142	1229292
11240143	315991
11240143	5426487
11240144	5451176
11240145	315992
11240145	878607
11240145	5457118
11240146	11231251
11240146	11317379
11240146	11444051
11240147	11231247
11240147	11243840
11240148	11240149
11240148	11244497
11240148	12734354
11240148	12885151
11240148	12885152
11240148	13359622
11240148	13360798
11240148	13360807
11240148	13383019
11240148	13383024
11240148	13384088
11240148	13384089
11240148	13384090
11240148	13385156
11240148	13385158
11240148	13386170
11240148	13386176
11240148	13386325
11240148	13386328
11240148	13386750
11240148	13627099
11240148	13827683
11240149	11240148
11240149	11244497
11240149	12734354
11240149	12885151
11240149	12885152
11240149	13359622
11240149	13360798
11240149	13360807
11240149	13383019
11240149	13383024
11240149	13384088
11240149	13384089
11240149	13384090
11240149	13386170
11240149	13386176
11240149	13386325
11240149	13386328
11240149	13386750
11240150	9858322
11240151	6080701
11240152	10290489
11240153	55794
11240153	392945
11240153	948264
11240153	1555341
11240153	2277793
11240153	3594005
11240154	4529543
11240155	1483725
11240155	3880169
11240156	8040135
11240157	5096232
11240158	7737860
11240159	10448
11240159	68812
11240159	447775
11240159	454601
11240159	945082
11240159	1544870
11240159	1544890
11240159	3186731
11240159	3294197
11240159	4523985
11240159	6712282
11240159	7548907
11240159	9669440
11240159	10683111
11240160	1457529
11240160	1472469
11240161	11240162
11240161	11240163
11240162	11240161
11240163	11240161
11240164	11240165
11240165	11240164
11240166	1541248
11240166	1541305
11240166	1541307
11240166	1541308
11240166	1541369
11240166	1541370
11240166	1942179
11240166	3414434
11240167	10037401
11240167	11231392
11240168	2624811
11240168	2635025
11240168	4158524
11240168	5049407
11240168	10101390
11240169	8459971
11240170	6365616
11240171	11240172
11240172	11240171
11240173	1553867
11240173	1553998
11240173	1556680
11240173	1600596
11240174	11240175
11240175	11240174
11240176	1793833
11240176	1793974
11240176	1793980
11240176	2009629
11240176	3501953
11240176	10542097
11240179	1779951
11240180	10838895
11240181	5788222
11240181	12353933
11240182	827295
11240182	10509598
11240183	11240188
11240183	11240193
11240183	11240195
11240183	11240196
11240183	11240199
11240183	11240203
11240183	11240205
11240183	11240208
11240183	11240211
11240183	12395484
11240183	13763371
11240183	13763372
11240184	11240186
11240185	7116837
11240186	11240184
11240186	12922345
11240186	12922346
11240187	11243836
11240188	11240183
11240188	11240195
11240188	11240196
11240188	11240199
11240188	11240208
11240189	11240190
11240190	11240189
11240192	11240194
11240193	11240183
11240194	11240192
11240195	11240183
11240195	11240188
11240196	11240183
11240196	11240188
11240199	11240183
11240199	11240188
11240200	11240204
11240201	10099766
11240202	3723765
11240202	5658672
11240203	11240183
11240204	11240200
11240205	11240183
11240207	9692564
11240208	11240183
11240208	11240188
11240209	11240210
11240210	11240209
11240210	11243038
11240210	11490185
11240210	11490193
11240211	11240183
11240212	9442102
11240215	1356939
11240217	8430691
11240217	10654803
11240217	12058034
11240218	11588069
11240219	1053404
11240220	11277655
11240220	11758744
11240221	11648523
11240222	11238498
11240223	11240224
11240223	11240229
11240223	11240230
11240223	11240232
11240223	11240236
11240223	11240238
11240223	11240240
11240223	11240241
11240223	11240244
11240224	11240223
11240224	11240230
11240224	11240232
11240224	11240236
11240224	11240238
11240224	11240241
11240225	10632071
11240225	11240231
11240225	11240233
11240226	7792316
11240226	9112162
11240228	10724904
11240228	11938444
11240228	12736278
11240229	11240223
11240230	11240223
11240230	11240224
11240231	10632071
11240231	10632310
11240231	11240225
11240232	11240223
11240232	11240224
11240233	10632071
11240233	10632306
11240233	10632310
11240233	11240225
11240233	12548428
11240233	12548430
11240233	12548476
11240234	11240399
11240234	11240406
11240234	11240407
11240234	11240411
11240234	11240414
11240234	11240418
11240234	11240425
11240234	13606925
11240235	9529939
11240236	11240223
11240236	11240224
11240237	7729800
11240237	13831321
11240237	13831331
11240238	11240223
11240238	11240224
11240239	5939662
11240239	7094802
11240239	13222014
11240240	11240223
11240241	11240223
11240241	11240224
11240242	4615273
11240242	8532767
11240242	12214881
11240243	8532767
11240243	11240245
11240243	12214875
11240244	11240223
11240245	10314999
11240245	11240243
11240245	11240246
11240245	12214925
11240245	12214927
11240246	8532767
11240246	10314999
11240246	11240245
11240246	11240247
11240246	12214875
11240246	12214876
11240247	10314999
11240247	11240246
11240247	12214925
11240247	12214927
11240248	11115106
11240248	11240673
11240249	10585168
11240250	7013095
11240251	10497776
11240251	10524115
11240252	67313
11240252	3315302
11240252	11240255
11240253	10632071
11240254	10632071
11240254	10632308
11240254	12548439
11240254	12548440
11240254	12548471
11240254	12548491
11240255	11240252
11240256	10324008
11240257	10751182
11240258	8715323
11240259	11240260
11240259	11240265
11240259	11240268
11240259	11240269
11240259	11240270
11240259	11240272
11240259	11240276
11240259	11240279
11240259	11240280
11240259	11240281
11240259	13570931
11240260	11240259
11240260	11240268
11240260	11240280
11240261	8715320
11240262	8715316
11240263	6141077
11240264	2291108
11240264	5066139
11240264	10051268
11240265	11240259
11240266	1754008
11240266	11240277
11240267	1768611
11240267	11240273
11240268	11240259
11240268	11240260
11240268	13570931
11240269	11240259
11240270	11240259
11240272	11240259
11240273	11240267
11240276	11240259
11240277	11240266
11240278	6055672
11240278	13300668
11240278	13300669
11240279	11240259
11240280	11240259
11240280	11240260
11240280	11240281
11240280	13570931
11240281	11240259
11240281	11240280
11240281	13575393
11240282	6145110
11240282	11238972
11240282	11240289
11240283	2649842
11240284	11240287
11240285	1390301
11240285	11240310
11240286	1390301
11240287	11240284
11240287	11380927
11240288	1644573
11240288	11240416
11240288	11240417
11240289	11240282
11240290	11240292
11240290	11240294
11240290	11240295
11240290	11240297
11240290	11240299
11240290	11240300
11240290	11240305
11240290	11240307
11240290	11240309
11240291	11240293
11240292	11240290
11240293	11240291
11240294	11240290
11240295	11240290
11240296	4423673
11240296	12769508
11240297	11240290
11240297	11240307
11240298	9205971
11240299	11240290
11240300	11240290
11240301	7775238
11240301	10686420
11240301	12622565
11240301	12622570
11240302	11240304
11240303	9694588
11240304	11240302
11240304	11240412
11240304	11240415
11240305	11240290
11240306	9473011
11240307	11240290
11240307	11240297
11240308	9588691
11240308	13222461
11240308	13222462
11240309	11240290
11240310	11240285
11240311	7010752
11240311	7010756
11240311	7082531
11240312	1553867
11240313	9168028
11240314	2240015
11240315	2239811
11240315	2240013
11240316	11240317
11240316	11240318
11240316	11240321
11240316	11240324
11240316	11240325
11240316	11240326
11240316	11240328
11240316	11240330
11240316	11240334
11240317	11240316
11240317	11240330
11240318	11240316
11240319	3690819
11240320	9520548
11240321	11240316
11240322	5565105
11240323	7762155
11240324	11240316
11240325	11240316
11240326	11240316
11240327	9060058
11240328	11240316
11240329	3307304
11240329	5008325
11240329	8427862
11240329	13064671
11240329	13064778
11240329	13064782
11240330	11240316
11240330	11240317
11240331	145906
11240331	258748
11240332	11238633
11240333	5010030
11240334	11240316
11240335	8643989
11240336	3300535
11240336	11040362
11240336	11240562
11240337	11238623
11240338	866896
11240338	866897
11240338	867264
11240339	9629797
11240340	5154735
11240341	9088514
11240341	11102262
11240341	12365114
11240342	7075569
11240342	8311148
11240342	8311149
11240342	11238522
11240342	11239943
11240342	11240346
11240342	11240347
11240342	11240349
11240342	11240353
11240342	11240357
11240342	11240361
11240342	11875392
11240342	11875394
11240342	11875398
11240342	12901020
11240342	12990517
11240343	7075736
11240344	11240345
11240344	11240350
11240344	11240351
11240344	11240355
11240344	11240356
11240344	11240358
11240344	11240359
11240344	11240360
11240344	11240363
11240344	11240364
11240344	11240366
11240344	11240370
11240344	11240371
11240344	11240380
11240344	11240382
11240344	12141984
11240344	12142431
11240344	12143078
11240345	11240344
11240345	11240351
11240345	11240356
11240345	11240364
11240345	11240370
11240345	11240371
11240345	11240380
11240345	11240382
11240346	7075569
11240346	8311148
11240346	8311149
11240346	11238522
11240346	11239943
11240346	11240342
11240346	11240347
11240346	11240349
11240346	11240353
11240346	11240357
11240346	11240361
11240346	12901020
11240346	12990517
11240347	7075569
11240347	8311148
11240347	8311149
11240347	11238522
11240347	11239943
11240347	11240342
11240347	11240346
11240347	11240349
11240347	11240353
11240347	11240357
11240347	11240361
11240347	12901020
11240347	12990517
11240348	11029023
11240348	11240386
11240348	11240387
11240349	7075569
11240349	8311148
11240349	8311149
11240349	11238522
11240349	11239943
11240349	11240342
11240349	11240346
11240349	11240347
11240349	11240353
11240349	11240357
11240349	11240361
11240349	12901020
11240349	12990517
11240350	11240344
11240350	11240370
11240350	11240371
11240351	7699409
11240351	11240344
11240351	11240345
11240351	11240371
11240351	11240382
11240352	11060579
11240353	7075569
11240353	8311148
11240353	8311149
11240353	11238522
11240353	11239943
11240353	11240342
11240353	11240346
11240353	11240347
11240353	11240349
11240353	11240357
11240353	11240361
11240353	12901020
11240354	8536360
11240355	11240344
11240355	11240370
11240355	11240380
11240356	11240344
11240356	11240345
11240356	11240364
11240356	11240370
11240356	11240380
11240357	7075569
11240357	8311148
11240357	8311149
11240357	11238522
11240357	11239943
11240357	11240342
11240357	11240346
11240357	11240347
11240357	11240349
11240357	11240353
11240357	11240361
11240357	12901020
11240357	12990517
11240358	11240344
11240358	11240364
11240358	11240370
11240358	12141984
11240358	12142431
11240358	12143078
11240359	11240344
11240359	11240370
11240359	11240371
11240360	11240344
11240360	11240370
11240361	7075569
11240361	8311148
11240361	8311149
11240361	11238522
11240361	11239943
11240361	11240342
11240361	11240346
11240361	11240347
11240361	11240349
11240361	11240353
11240361	11240357
11240361	11875392
11240361	11875394
11240361	11875398
11240361	12845556
11240361	12901020
11240361	12990517
11240362	11238719
11240363	11240344
11240364	11240344
11240364	11240345
11240364	11240356
11240364	11240358
11240364	11240370
11240364	11240380
11240364	12142431
11240365	1164881
11240365	1628898
11240365	2826302
11240365	2830508
11240365	7743094
11240366	11240344
11240366	11240370
11240367	11239695
11240368	9411735
11240369	11239659
11240370	11240344
11240370	11240345
11240370	11240350
11240370	11240355
11240370	11240356
11240370	11240358
11240370	11240359
11240370	11240360
11240370	11240364
11240370	11240366
11240370	11240380
11240371	11240344
11240371	11240345
11240371	11240350
11240371	11240351
11240371	11240359
11240371	11240382
11240372	11239656
11240374	7372247
11240376	11240389
11240377	11239654
11240378	9380622
11240379	9380622
11240380	11240344
11240380	11240345
11240380	11240355
11240380	11240356
11240380	11240364
11240380	11240370
11240381	42054
11240381	485096
11240382	11240344
11240382	11240345
11240382	11240351
11240382	11240371
11240383	42056
11240383	2713289
11240383	8564469
11240384	549980
11240385	4499775
11240385	6381134
11240385	10473600
11240385	11240392
11240386	11240348
11240387	11240348
11240388	3410857
11240389	11240376
11240390	78292
11240390	9701448
11240390	9701449
11240390	13350996
11240391	11240393
11240392	11240385
11240393	11240391
11240394	7193305
11240395	11242564
11240395	11245524
11240399	11240234
11240405	13712667
11240406	11240234
11240407	11240234
11240408	4545446
11240409	13930634
11240410	9502416
11240411	11240234
11240411	11240418
11240412	11240304
11240412	13869793
11240412	13869795
11240414	11240234
11240415	11240304
11240416	11240288
11240417	11240288
11240418	11240234
11240418	11240411
11240418	12201569
11240419	4545446
11240421	13192309
11240422	11031201
11240423	4545446
11240425	11240234
11240428	5557069
11240428	9749909
11240429	13443777
11240430	13533377
11240431	13604029
11240433	13534328
11240435	12753491
11240437	13746466
11240438	12825825
11240442	6658497
11240446	880251
11240446	1103378
11240446	1103685
11240446	1971705
11240449	11923825
11240451	9989280
11240451	11381074
11240455	11563606
11240460	1602973
11240471	7965192
11240471	8688294
11240472	13445279
11240473	9683962
11240475	13423342
11240478	133798
11240478	4441642
11240478	10140357
11240478	11240518
11240480	12007849
11240482	13455981
11240486	10673238
11240490	10732271
11240491	10732271
11240493	11845606
11240495	11246293
11240496	12400125
11240497	10761795
11240497	11242381
11240497	11563446
11240501	11218207
11240502	11381123
11240503	12007853
11240504	12086689
11240506	10330198
11240508	10588619
11240508	13131866
11240508	13131867
11240510	10588619
11240511	2913456
11240513	13096705
11240514	2913484
11240514	13386910
11240518	11240478
11240519	13427007
11240521	1807478
11240522	11240069
11240523	11212949
11240526	3086842
11240531	10678218
11240531	11240560
11240533	8821938
11240533	8821939
11240533	9360748
11240533	9444845
11240533	11240539
11240533	11240541
11240533	11240543
11240533	11240549
11240535	6780467
11240535	11245960
11240536	6780467
11240538	658273
11240538	13671263
11240539	8821938
11240539	8821939
11240539	9360748
11240539	9444845
11240539	11240533
11240539	11240541
11240539	11240543
11240539	11240549
11240541	8821938
11240541	8821939
11240541	9360748
11240541	9444845
11240541	11240533
11240541	11240539
11240541	11240543
11240541	11240549
11240543	8821938
11240543	8821939
11240543	9360748
11240543	9444845
11240543	11240533
11240543	11240539
11240543	11240541
11240543	11240549
11240543	12084787
11240549	8821938
11240549	8821939
11240549	9360748
11240549	9444845
11240549	11240533
11240549	11240539
11240549	11240541
11240549	11240543
11240552	1381630
11240552	3578066
11240552	11240810
11240552	11535699
11240552	11535700
11240552	13192568
11240555	12873633
11240556	11242194
11240556	11269459
11240557	11189464
11240557	11189465
11240557	11189466
11240557	11189467
11240557	11189468
11240557	11189469
11240557	11189472
11240557	11189473
11240557	11189474
11240557	11189490
11240557	11189491
11240557	11189504
11240557	11189505
11240557	11189508
11240557	11189509
11240557	11240558
11240558	11189464
11240558	11189465
11240558	11189466
11240558	11189467
11240558	11189468
11240558	11189469
11240558	11189472
11240558	11189473
11240558	11189474
11240558	11189490
11240558	11189491
11240558	11189504
11240558	11189505
11240558	11189508
11240558	11189509
11240558	11240557
11240559	2793118
11240560	11240531
11240560	13150622
11240561	10701244
11240562	11240336
11240563	12389470
11240563	12389471
11240563	12389472
11240564	9168691
11240565	10016415
11240566	8329606
11240567	9255710
11240568	10735455
11240568	11326535
11240568	11326537
11240569	7210791
11240569	9822660
11240570	9530083
11240571	11241841
11240572	9057134
11240573	3180555
11240574	4502328
11240574	6758017
11240574	6758025
11240574	6758026
11240574	11240815
11240575	11165255
11240576	4500713
11240577	6854319
11240578	3159583
11240579	12109691
11240580	11149994
11240580	11149995
11240580	11240584
11240581	3159583
11240582	10568050
11240583	11241837
11240584	11240580
11240585	10559226
11240586	7523061
11240586	7534834
11240586	12381552
11240587	12109690
11240589	7523061
11240589	7534834
11240589	12381552
11240591	52468
11240592	3860669
11240593	5657289
11240594	903981
11240594	11240596
11240595	8984321
11240596	903981
11240596	11240594
11240597	8381722
11240599	8340564
11240599	8340565
11240599	8340567
11240599	8340568
11240599	10794663
11240600	12869497
11240601	4692673
11240601	11240607
11240602	561384
11240603	1723960
11240603	1726940
11240603	3030611
11240603	8819724
11240604	12109696
11240605	5213770
11240606	1692691
11240607	4692673
11240607	4929308
11240607	11240601
11240607	11240610
11240607	11240611
11240607	11240613
11240609	5998286
11240610	11240607
11240611	11240607
11240611	11240615
11240612	12802065
11240613	11240607
11240613	11240618
11240614	8648790
11240615	11240611
11240616	2047034
11240617	10872000
11240617	11240619
11240617	11240621
11240617	11240626
11240617	11240927
11240617	11240928
11240618	11240613
11240619	10872000
11240619	11240617
11240619	11240631
11240620	390330
11240621	11240617
11240621	11240623
11240622	8077258
11240623	11240621
11240624	5557296
11240625	6156738
11240626	11240617
11240626	11240927
11240626	11240928
11240627	1038620
11240628	6734173
11240629	6151003
11240630	4235404
11240631	11240619
11240632	1669266
11240632	8467995
11240633	9118509
11240634	12109695
11240635	8415810
11240636	12109694
11240637	9548545
11240638	12109692
11240639	10272466
11240640	1201546
11240641	2388652
11240643	6959094
11240644	1714596
11240645	9071332
11240646	267675
11240646	693408
11240648	4983519
11240649	6201136
11240650	7070840
11240652	1394936
11240654	7810819
11240655	1600735
11240656	1600735
11240657	1600735
11240658	1600735
11240659	1600735
11240661	1600735
11240662	817428
11240663	13582831
11240664	10031711
11240665	4592788
11240667	8943617
11240669	3820714
11240669	5955811
11240671	481691
11240672	7966094
11240672	12037556
11240673	11115106
11240673	11240248
11240675	5116740
11240677	12109700
11240678	10708155
11240679	2018050
11240680	2018050
11240681	2367387
11240682	12109699
11240684	1723093
11240685	10232874
11240686	11241811
11240686	12886917
11240686	12886918
11240687	12109697
11240689	11263905
11240690	6561350
11240692	372109
11240695	9601073
11240696	1632658
11240697	8677292
11240698	9627439
11240699	7029858
11240700	6707828
11240701	10952429
11240702	33727
11240703	33727
11240704	33728
11240705	12109707
11240706	33729
11240707	33730
11240708	3258726
11240709	33731
11240710	3258726
11240712	33733
11240713	3258726
11240714	3029819
11240715	10557427
11240716	2508122
11240717	33741
11240718	33741
11240720	127887
11240721	8323145
11240722	33742
11240723	6865547
11240724	12109706
11240725	1569938
11240725	11900767
11240725	11900774
11240727	1509804
11240729	12109705
11240730	9867
11240731	2285534
11240733	1148788
11240734	12109704
11240735	2334829
11240736	4582248
11240737	12109703
11240739	10272417
11240739	10272418
11240740	6528615
11240741	5930448
11240743	21744
11240744	11240795
11240747	33762
11240748	33765
11240749	33765
11240750	33766
11240751	9418553
11240752	9845511
11240753	10148387
11240754	10659639
11240755	2648987
11240756	2111630
11240757	2236913
11240758	2239873
11240759	2245758
11240760	2248899
11240761	2713785
11240762	2713786
11240763	60940
11240764	61145
11240765	243113
11240766	278936
11240767	319577
11240768	11145022
11240769	11145023
11240770	2892376
11240771	3819136
11240772	3921544
11240773	5294552
11240774	6269792
11240775	6664272
11240776	7967336
11240777	2243313
11240778	2247405
11240779	3171198
11240780	4609565
11240781	5147311
11240782	5454813
11240783	5498814
11240784	5840355
11240785	6357316
11240786	8416546
11240787	8887869
11240788	9259386
11240789	9270930
11240790	8416046
11240791	8837025
11240792	9528172
11240793	10107039
11240794	12178969
11240795	11240744
11240796	11240797
11240797	11240796
11240798	10846885
11240799	4501574
11240800	3060850
11240800	11240801
11240801	11240800
11240801	11380940
11240801	13905280
11240802	8715959
11240803	5367535
11240803	11240804
11240804	11240803
11240804	11381092
11240805	2328035
11240805	8946974
11240806	5747309
11240807	8947004
11240808	4430254
11240808	8976890
11240809	9954065
11240810	11240552
11240811	3384686
11240812	11238620
11240812	11612744
11240812	11947919
11240812	11947925
11240813	12846014
11240814	11237639
11240814	11237640
11240814	11734964
11240814	11915558
11240814	12711799
11240814	12904132
11240814	12910291
11240815	4502328
11240815	6758017
11240815	6758025
11240815	6758026
11240815	11240574
11240818	2481203
11240818	11240820
11240819	2481203
11240820	11240818
11240821	52453
11240822	6007342
11240822	10520317
11240823	3305044
11240824	3178306
11240825	40512
11240826	53182
11240827	8946007
11240828	2793039
11240829	53187
11240830	2793039
11240831	7520233
11240832	10540360
11240833	7733808
11240834	8416139
11240835	9409725
11240836	9823899
11240837	58729
11240838	59202
11240839	279226
11240840	10684088
11240841	1123572
11240842	1365823
11240843	2234149
11240844	2308170
11240845	2400123
11240846	2713665
11240847	2713716
11240848	2713749
11240849	3737859
11240850	4502046
11240851	5429980
11240852	5916923
11240853	6272609
11240854	323321
11240855	9439000
11240856	6351670
11240857	6357884
11240858	6658644
11240859	7733314
11240860	8233361
11240861	8990118
11240862	9164316
11240863	9387008
11240864	3155632
11240865	3434118
11240866	11238562
11240867	4076838
11240868	11049398
11240869	6954575
11240870	9414317
11240871	11238562
11240872	10777114
11240873	10921614
11240874	68002
11240875	3477927
11240876	3594759
11240877	9426948
11240878	9673019
11240879	9824347
11240880	9929415
11240881	10095809
11240882	10700657
11240883	11238635
11240884	11190689
11240885	19343
11240886	503055
11240887	1458931
11240888	1867763
11240889	2011610
11240890	2011710
11240891	11238635
11240892	2451520
11240893	2545325
11240894	2643953
11240895	2713404
11240896	3331045
11240897	13753462
11240898	3439456
11240899	3733778
11240901	3818584
11240904	3818588
11240906	13508699
11240907	3820901
11240908	4014632
11240909	4664817
11240910	4666954
11240913	4979575
11240917	6589447
11240924	374163
11240925	374163
11240926	374163
11240927	10872000
11240927	11240617
11240927	11240626
11240928	10872000
11240928	11240617
11240928	11240626
11240929	3821416
11240930	12177373
11240932	3821417
11240933	4013673
11240935	5485956
11240936	6263093
11240937	7291003
11240938	7306528
11240939	1992386
11240940	8954208
11240941	8042134
11240942	11212142
11240943	7045100
11240944	7519954
11240945	7045100
11240946	7543136
11240947	7045100
11240948	8216153
11240949	9022760
11240950	9463272
11240951	845382
11240952	9510667
11240953	5558870
11240954	5858459
11240955	5958247
11240956	7124991
11240957	7124993
11240958	10999665
11240959	6270047
11240960	6274673
11240961	8762617
11240962	8762617
11240963	8762624
11240964	8762624
11240965	8762624
11240966	11238638
11240966	13726371
11240966	13726372
11240967	1838380
11240967	1838609
11240968	1838380
11240968	1838610
11240969	1838380
11240969	1838606
11240970	1838380
11240970	1838608
11240971	1838380
11240971	1838609
11240972	1838380
11240972	1838610
11240973	11238638
11240974	6767798
11240975	4551962
11240976	2407583
11240976	7817002
11240977	7817002
11240978	7817002
11240979	11240980
11240979	11240981
11240980	2758970
11240980	11240979
11240981	11240979
11240983	11239557
11240984	11239557
11240986	5295540
11240987	2291097
11240987	12769506
11240987	12769507
11240988	352347
11240989	2373316
11240989	8539772
11240990	8403319
11240991	1688621
11240991	12769504
11240991	12769505
11240992	10759682
11240993	10759682
11240994	8463
11240995	3759490
11240996	4315017
11240997	1449054
11240998	11238642
11240999	3456210
11241000	1349537
11241001	8715281
11241002	11238643
11241003	8715281
11241004	8715279
11241005	8715279
11241006	3178870
11241006	3178875
11241006	3178932
11241007	11238640
11241008	8715273
11241009	8715273
11241010	8715233
11241012	10197800
11241013	10197800
11241014	10895450
11241014	11594857
11241014	11594860
11241014	11938781
11241014	11938782
11241015	10197800
11241021	11682113
11241021	11739251
11241021	11763178
11241022	12046075
11241024	10479217
11241025	11241028
11241028	11241025
11241029	11528632
11241031	11838730
11241038	11838731
11241040	11712488
11241040	12216067
11241040	12216068
11241040	12493393
11241040	12832744
11241042	10479217
11241046	12455264
11241050	12515579
11241053	12054164
11241055	11616251
11241055	12061364
11241056	11636268
11241059	11560191
11241060	3326966
11241061	11920053
11241062	11540530
11241063	2588772
11241063	2589413
11241067	8715227
11241069	12409836
11241077	11763179
11241080	11647770
11241087	11720315
11241087	12628202
11241090	11960301
11241092	11927987
11241092	13413396
11241092	13674189
11241093	11632293
11241093	11632294
11241093	12353969
11241097	11763180
11241097	11774509
11241097	13265356
11241097	13265358
11241100	11616375
11241100	11862289
11241101	8715233
11241102	8715227
11241103	12410677
11241109	8715227
11241110	12967703
11241113	5033326
11241114	12074960
11241114	12074961
11241117	11901445
11241123	55625
11241123	1284291
11241124	1284291
11241126	11456842
11241126	11456843
11241129	8715239
11241130	2782027
11241131	10748078
11241133	11418944
11241135	4605715
11241139	11088002
11241141	11953525
11241141	12000192
11241143	3273403
11241143	8715225
11241144	12065865
11241144	12065866
11241146	8715224
11241156	8715222
11241159	12902455
11241160	12082168
11241165	11949848
11241166	131490
11241166	293305
11241166	1204737
11241167	12409159
11241168	11790402
11241169	11241178
11241169	11241181
11241170	134055
11241170	311756
11241170	344558
11241170	1296702
11241171	11758059
11241171	11758060
11241173	9041562
11241178	11241169
11241178	11241181
11241178	11245480
11241181	11241169
11241181	11241178
11241181	11245480
11241182	10507732
11241185	10507731
11241186	11947050
11241186	11947051
11241187	10507739
11241189	10507739
11241190	11506933
11241190	11506934
11241190	12701885
11241191	11241214
11241195	11914457
11241196	12482062
11241200	11911623
11241206	11719801
11241206	11719802
11241207	12190856
11241208	11865038
11241214	11241191
11241217	11241256
11241217	13300190
11241217	13389070
11241217	13389072
11241217	13910426
11241218	11241227
11241218	11241230
11241218	11241238
11241218	11849246
11241219	12521926
11241221	12061161
11241225	12059572
11241227	11241218
11241227	11241238
11241230	11241218
11241230	11241238
11241237	10290644
11241238	11241218
11241238	11241227
11241238	11241230
11241241	11668323
11241244	12513639
11241247	11244312
11241247	11258479
11241248	13130095
11241251	11967459
11241251	12061407
11241256	11241217
11241257	2069906
11241257	2241522
11241257	2260967
11241257	2260970
11241257	2691363
11241257	10569571
11241258	2481315
11241258	2850989
11241258	11241261
11241258	11241263
11241258	11241266
11241258	11241268
11241258	11994165
11241259	463268
11241259	463269
11241259	954865
11241259	4198506
11241260	3200782
11241261	11241258
11241262	5362747
11241262	10928590
11241262	12236728
11241263	11241258
11241264	2843736
11241264	7044263
11241264	7044264
11241265	332227
11241265	348098
11241265	362772
11241265	373296
11241265	373297
11241265	373298
11241265	375832
11241265	375833
11241265	390882
11241265	799798
11241265	1139476
11241265	1244605
11241265	1244606
11241265	1244607
11241265	4446338
11241265	4771541
11241265	5165671
11241265	5200372
11241265	7874342
11241265	8623056
11241265	9295847
11241266	5549715
11241266	11241258
11241267	2843736
11241267	7044263
11241267	7044264
11241267	11262559
11241268	11241258
11241269	5272075
11241269	11241270
11241270	11241269
11241271	3734115
11241271	9857074
11241272	11241273
11241272	11241274
11241272	11241275
11241272	11241276
11241272	11241278
11241272	11241280
11241272	11241282
11241272	11241284
11241272	11241287
11241273	11241272
11241273	11241275
11241273	11241278
11241274	11241272
11241275	11241272
11241275	11241273
11241275	11241287
11241276	11241272
11241276	11241287
11241278	11241272
11241278	11241273
11241279	7560443
11241279	10181748
11241280	11241272
11241281	6358013
11241282	11241272
11241283	2337287
11241284	11241272
11241287	11241272
11241287	11241275
11241287	11241276
11241289	11617221
11241292	12376404
11241293	11241305
11241296	12065850
11241296	12065851
11241296	13983350
11241297	12045948
11241299	11920283
11241300	13644337
11241300	13644338
11241305	11241293
11241308	11719654
11241308	11876780
11241310	5735918
11241310	13509535
11241313	5319657
11241314	5319663
11241315	2529991
11241315	5319668
11241316	5319671
11241316	12290528
11241316	12290864
11241317	5319674
11241317	5456609
11241317	8836731
11241320	11241325
11241320	11241342
11241320	11241348
11241320	11241354
11241320	11241360
11241320	11241365
11241320	11241371
11241320	11241375
11241320	11241382
11241322	11919967
11241324	13336046
11241325	11241320
11241325	11241348
11241325	11241354
11241325	11241375
11241326	5319676
11241328	11901160
11241329	1478192
11241329	5319682
11241332	11600304
11241332	11756764
11241332	13830506
11241333	2164459
11241334	2164459
11241338	5319689
11241342	11241320
11241346	11862643
11241346	13338502
11241347	8022555
11241347	11507370
11241347	11647880
11241347	12486454
11241348	11241320
11241348	11241325
11241351	11631943
11241352	11920268
11241352	11920271
11241354	11241320
11241354	11241325
11241358	11459779
11241360	11241320
11241364	42404
11241364	11241404
11241364	12568833
11241365	11241320
11241366	12409038
11241367	11712547
11241367	12784951
11241367	12784952
11241371	11241320
11241374	13348430
11241374	13348434
11241374	13447949
11241375	11241320
11241375	11241325
11241377	5707236
11241377	5718003
11241377	5718004
11241379	1161572
11241381	1197485
11241381	2425830
11241382	11241320
11241383	8910297
11241383	11241401
11241387	7240517
11241387	7240518
11241387	7342227
11241387	11241393
11241388	11862826
11241393	7240517
11241393	7240518
11241393	11241387
11241395	13107410
11241396	12059596
11241401	8910297
11241401	11241383
11241404	11241364
11241410	3168076
11241411	3168076
11241412	3168076
11241413	12141326
11241415	3168076
11241416	3168076
11241417	3168076
11241418	3168076
11241419	3168076
11241421	12051809
11241422	9576437
11241423	11241431
11241424	9576437
11241426	11042078
11241426	12416809
11241431	11241423
11241433	12604769
11241437	11832096
11241438	11654580
11241442	13950143
11241443	11843969
11241444	12065937
11241450	11560518
11241451	11430579
11241451	11430580
11241451	11615779
11241461	13887446
11241463	8436870
11241463	9754762
11241464	7513042
11241464	11139827
11241465	70193
11241465	1595210
11241465	2009310
11241465	7952565
11241466	11241475
11241467	8996279
11241467	9843487
11241468	8837342
11241469	2239696
11241469	2592894
11241469	10051052
11241469	10051087
11241469	10051088
11241470	11094365
11241473	7199527
11241473	10735226
11241473	10735227
11241475	11241466
11241476	2970608
11241477	7817544
11241478	11241528
11241478	11241549
11241479	10224613
11241480	11208304
11241481	1304602
11241481	10790142
11241481	10790146
11241482	9490171
11241483	10457175
11241484	9713817
11241485	7367733
11241485	7370281
11241485	7370283
11241485	7373020
11241485	10750589
11241486	2623991
11241486	9855315
11241487	10225165
11241487	10622572
11241488	10706120
11241489	11133788
11241490	261683
11241491	309900
11241491	12590804
11241492	66257
11241492	2534831
11241493	738076
11241494	2348999
11241495	11241499
11241496	3145050
11241498	2349004
11241498	12475803
11241499	11241495
11241499	11244500
11241501	2240473
11241502	8147305
11241502	13135969
11241503	2349008
11241504	3064264
11241508	7697512
11241508	7697516
11241509	13678469
11241510	2349011
11241511	8245913
11241512	8245913
11241513	2349013
11241514	3295223
11241514	11241517
11241515	11241516
11241515	11241519
11241515	11241521
11241515	11241522
11241515	11241523
11241515	11241525
11241515	11241530
11241515	11241532
11241515	11241536
11241515	11241539
11241516	11241515
11241516	11241525
11241516	11241536
11241516	11241539
11241516	13034976
11241516	13137135
11241517	11241514
11241519	11241515
11241520	2349013
11241521	11241515
11241521	11241525
11241522	11241515
11241522	11241525
11241523	11241515
11241523	11241525
11241525	11241515
11241525	11241516
11241525	11241521
11241525	11241522
11241525	11241523
11241525	11241532
11241526	5288167
11241526	5941639
11241526	12630127
11241526	12630128
11241526	12630130
11241526	12630131
11241526	12630169
11241526	12630172
11241527	11241531
11241528	11241478
11241529	11241531
11241530	11241515
11241531	8210402
11241531	8210404
11241531	11241527
11241531	11241529
11241532	11241515
11241532	11241525
11241533	4834399
11241534	11241535
11241535	11241534
11241536	11241515
11241536	11241516
11241536	13034976
11241538	7486373
11241539	11241515
11241539	11241516
11241541	5720596
11241542	5720596
11241542	11242577
11241543	8937488
11241544	8549243
11241545	6495496
11241546	6229588
11241547	11241548
11241547	11241553
11241547	11241554
11241547	11241555
11241547	11241556
11241547	11241558
11241547	11241560
11241547	11241563
11241547	11241564
11241548	11241547
11241548	11241553
11241548	11241563
11241549	11241478
11241549	11241557
11241549	11241559
11241550	11241552
11241551	2684309
11241551	7044654
11241551	7044655
11241551	11241823
11241552	11241550
11241553	11241547
11241553	11241548
11241554	11241547
11241555	11241547
11241556	11241547
11241557	11241549
11241557	11241559
11241558	11241547
11241559	11241549
11241559	11241557
11241560	11241547
11241561	613
11241561	2922
11241561	3625
11241562	613
11241562	2922
11241562	3625
11241563	11241547
11241563	11241548
11241563	13828609
11241564	11241547
11241565	11241566
11241565	11241569
11241565	11241572
11241565	11241573
11241565	11241577
11241565	11241579
11241565	11241582
11241565	11241588
11241565	11241590
11241566	11241565
11241566	11241572
11241566	11241573
11241566	11241577
11241566	11241579
11241566	11241588
11241567	9232246
11241567	11241568
11241567	11241580
11241567	13727419
11241568	11241567
11241569	11241565
11241570	11241587
11241570	11241603
11241571	11241574
11241571	11241576
11241572	11241565
11241572	11241566
11241572	11241577
11241572	11241588
11241573	11241565
11241573	11241566
11241574	11241571
11241575	893611
11241576	11241571
11241577	11241565
11241577	11241566
11241577	11241572
11241579	11241565
11241579	11241566
11241580	11241567
11241582	11241565
11241583	9079988
11241584	9079988
11241585	9079987
11241586	9079987
11241587	11241570
11241588	11241565
11241588	11241566
11241588	11241572
11241589	9079985
11241590	11241565
11241591	9079984
11241592	9079957
11241592	9079958
11241593	1372687
11241594	9079960
11241595	9079960
11241596	464662
11241597	5838199
11241598	9079989
11241599	7213301
11241600	10520559
11241601	5845072
11241602	8727047
11241603	11241570
11241604	2311399
11241605	7739695
11241606	11241611
11241606	11241612
11241606	11241613
11241606	11241615
11241606	11241618
11241606	11241622
11241606	11241623
11241606	11241626
11241606	11241627
11241606	11241630
11241606	11241632
11241606	11242372
11241606	13242877
11241607	10225059
11241608	9079990
11241608	9956515
11241609	9079990
11241609	9956515
11241610	6818732
11241611	11241606
11241611	11241613
11241611	11241615
11241611	11241618
11241611	11241630
11241611	11241805
11241612	11241606
11241613	11241606
11241613	11241611
11241613	13242877
11241614	2694754
11241615	11241606
11241615	11241611
11241615	12189528
11241616	2163122
11241616	9079907
11241617	476152
11241618	11241606
11241618	11241611
11241618	11241630
11241618	11241805
11241619	1803
11241620	1586303
11241621	1803
11241622	11241606
11241623	11241606
11241624	11229080
11241624	12559542
11241625	11229080
11241626	11241606
11241627	11241606
11241628	400964
11241629	489197
11241630	11241606
11241630	11241611
11241630	11241618
11241630	11241805
11241630	13747691
11241631	304835
11241631	1180171
11241631	2389129
11241632	11241606
11241632	11241805
11241632	13244971
11241633	964410
11241633	12415388
11241634	6129387
11241635	1111792
11241636	595406
11241637	7203887
11241638	3454425
11241638	13198854
11241639	6579895
11241640	5640186
11241641	2243563
11241642	4516896
11241643	2243563
11241644	10667536
11241645	402816
11241646	6269273
11241647	5120197
11241648	3123416
11241649	5120197
11241650	7200167
11241651	11101897
11241652	11241655
11241653	10245187
11241654	10245187
11241655	11241652
11241656	3168739
11241657	2240986
11241658	11241659
11241658	11241674
11241659	11241658
11241660	11241661
11241661	11241660
11241661	11241664
11241661	11241665
11241662	11241663
11241663	11241662
11241664	11241661
11241665	11241661
11241666	11241668
11241666	11241675
11241666	11241677
11241666	11241679
11241666	11241681
11241666	11241686
11241666	11241689
11241666	11241690
11241666	11241691
11241666	11241692
11241667	6118985
11241668	11241666
11241668	11241677
11241668	11241679
11241668	11241681
11241668	11241686
11241668	11241690
11241668	11241691
11241669	476015
11241670	3390162
11241671	3390162
11241672	3390162
11241673	11241676
11241674	11241658
11241675	11241666
11241675	11241690
11241676	11241673
11241677	11241666
11241677	11241668
11241677	11241690
11241678	10172398
11241679	11241666
11241679	11241668
11241679	11241690
11241680	10172398
11241681	11241666
11241681	11241668
11241681	11241690
11241682	5004721
11241683	5004721
11241684	10868239
11241685	10868239
11241686	11241666
11241686	11241668
11241686	11241690
11241687	7897739
11241688	2250460
11241689	11241666
11241690	11241666
11241690	11241668
11241690	11241675
11241690	11241677
11241690	11241679
11241690	11241681
11241690	11241686
11241690	11241691
11241691	11241666
11241691	11241668
11241691	11241690
11241692	11241666
11241692	13410418
11241692	13410419
11241693	6864103
11241694	7006397
11241695	974888
11241696	7006397
11241697	974901
11241697	12868603
11241698	6999289
11241699	6999289
11241700	6999289
11241701	11241703
11241701	11241709
11241701	11241713
11241701	11241716
11241701	11241718
11241701	11241720
11241701	11241722
11241701	11241724
11241701	11241726
11241702	3554370
11241703	11241701
11241703	11241713
11241703	11241716
11241703	11241718
11241703	11241724
11241704	3554370
11241705	8631817
11241706	3554370
11241707	974885
11241708	11241715
11241709	11241701
11241710	10674608
11241711	10674608
11241712	10674608
11241713	11241701
11241713	11241703
11241713	11477831
11241714	7042892
11241715	11241708
11241716	11241701
11241716	11241703
11241717	974893
11241717	5991841
11241717	12868604
11241718	11241701
11241718	11241703
11241719	4895590
11241720	11241701
11241721	8229697
11241722	11241701
11241723	974899
11241723	12868605
11241724	11241701
11241724	11241703
11241725	6213193
11241726	11241701
11241727	8356423
11241728	5388842
11241728	5388935
11241728	5401500
11241729	974887
11241729	12868593
11241729	12868594
11241730	5368115
11241731	5826986
11241732	7932345
11241732	11241733
11241732	11241803
11241732	11241804
11241732	11437017
11241733	7932345
11241733	11241732
11241733	11241802
11241733	11241803
11241733	11241804
11241734	2888091
11241735	4144678
11241736	5388528
11241737	3566321
11241738	3513576
11241738	3514809
11241738	3972639
11241738	11241739
11241738	13293233
11241739	3513576
11241739	3513848
11241739	3514809
11241739	3523604
11241739	3972639
11241739	11241738
11241740	2214314
11241741	8414477
11241742	8250346
11241742	11241743
11241742	11241800
11241742	11242236
11241743	8250346
11241743	11241742
11241743	11241796
11241744	2278696
11241745	8971589
11241746	8286227
11241747	6673926
11241748	3087411
11241748	11242234
11241749	2776274
11241750	7762153
11241750	12788495
11241750	12788652
11241750	12789669
11241750	12789683
11241750	12789696
11241751	3232780
11241751	3312025
11241751	4116737
11241751	8755630
11241752	46500
11241752	11241799
11241753	1534905
11241754	670474
11241754	814948
11241754	11241797
11241754	11241798
11241754	11689691
11241755	5969751
11241757	4899827
11241757	9325465
11241757	11241795
11241757	11987324
11241758	11237542
11241758	11241791
11241759	5325979
11241760	11237502
11241760	11241779
11241761	257307
11241761	11241793
11241761	11241794
11241762	11241765
11241762	11241773
11241762	11241776
11241762	11241780
11241762	11241781
11241762	11241785
11241762	11241788
11241762	11241789
11241762	11241792
11241763	4520280
11241764	6251471
11241764	7577857
11241765	11241762
11241765	11241776
11241765	11241780
11241765	11241781
11241765	11241789
11241767	273095
11241768	5392587
11241768	11241771
11241768	12718038
11241768	13416689
11241768	13872588
11241770	7878163
11241770	7893657
11241770	11979746
11241771	5392587
11241771	5668370
11241771	7828450
11241771	11241768
11241772	5392587
11241772	5668371
11241772	7828450
11241773	11241762
11241775	11241777
11241775	11962139
11241775	11962143
11241776	11241762
11241776	11241765
11241777	11241775
11241778	8928228
11241778	9495929
11241778	12226708
11241778	12226709
11241779	11237502
11241779	11241760
11241780	11241762
11241780	11241765
11241781	11241762
11241781	11241765
11241782	309659
11241783	11241786
11241784	11237542
11241784	11241875
11241785	11241762
11241786	11241783
11241786	11241873
11241787	3916881
11241787	4835969
11241787	4835970
11241787	4835972
11241787	4835973
11241788	11241762
11241789	11241762
11241789	11241765
11241790	2705532
11241791	11241758
11241792	11241762
11241793	11241761
11241794	11241761
11241795	11241757
11241796	11241743
11241797	814948
11241797	11241754
11241798	11241754
11241798	13626337
11241799	11241752
11241800	11241742
11241801	2792602
11241801	10844533
11241802	11241733
11241802	11437020
11241803	11241732
11241803	11241733
11241803	11437017
11241804	11241732
11241804	11241733
11241804	11437017
11241805	11241611
11241805	11241618
11241805	11241630
11241805	11241632
11241806	6083884
11241807	10171243
11241807	11241814
11241808	22566
11241808	11241850
11241808	11241851
11241809	8159832
11241809	11241815
11241810	5773181
11241810	6786219
11241811	11240686
11241811	11981429
11241812	2546727
11241812	11241848
11241813	8000372
11241813	11241867
11241813	12878046
11241813	12878049
11241813	12878052
11241813	12878053
11241814	10171243
11241814	11241807
11241815	8159832
11241815	11241809
11241817	3058823
11241818	11239863
11241819	8159833
11241820	50463
11241821	11241822
11241822	11241821
11241823	2684309
11241823	7044654
11241823	11241551
11241823	11241840
11241824	896661
11241825	12873665
11241826	2438356
11241826	11241827
11241827	2438356
11241827	11241826
11241829	11241830
11241829	11241835
11241830	11241829
11241832	3914967
11241832	12424772
11241833	3914966
11241834	317037
11241835	11241829
11241836	3909199
11241837	11240583
11241837	11241842
11241837	11243159
11241838	321331
11241839	1920823
11241840	2684309
11241840	11241823
11241841	11240571
11241841	11241844
11241841	11241845
11241842	11241837
11241844	11241841
11241844	11241845
11241845	11241841
11241845	11241844
11241847	4494236
11241847	4551262
11241847	4551263
11241848	2546727
11241848	11241812
11241849	2546727
11241850	22566
11241850	805676
11241850	11241808
11241851	22566
11241851	805676
11241851	11241808
11241852	309790
11241852	352294
11241853	22566
11241854	22566
11241857	1647902
11241857	1647938
11241858	9054141
11241859	7680009
11241859	11241862
11241860	12898599
11241861	7562933
11241862	11241859
11241863	11189618
11241865	11241869
11241865	11241872
11241866	13990495
11241867	8000372
11241867	9547585
11241867	11241813
11241869	11241865
11241872	11241865
11241873	11241786
11241875	11241784
11241875	13509947
11241876	11241879
11241876	11241889
11241878	8067922
11241879	11241876
11241879	11241881
11241879	11241882
11241879	11241889
11241879	13365883
11241880	10174477
11241881	11241879
11241882	11241879
11241882	13365883
11241884	11241888
11241884	11241902
11241884	11241903
11241884	11241909
11241884	11241911
11241884	11241917
11241884	11241918
11241884	11588067
11241884	11588068
11241885	11241965
11241885	11241974
11241886	4439025
11241886	10654270
11241886	11241899
11241887	10654270
11241887	11241898
11241887	11241900
11241888	11241884
11241889	11241876
11241889	11241879
11241889	13365883
11241890	10792843
11241890	11241895
11241890	11241905
11241890	11241906
11241891	9579117
11241893	8867929
11241894	7707333
11241895	11241890
11241895	11241905
11241895	11241906
11241895	11642411
11241897	7158662
11241897	11241920
11241897	12234380
11241898	11241887
11241898	13738322
11241899	1006588
11241899	2343803
11241899	11241886
11241899	13738322
11241900	11241887
11241900	13738322
11241901	9179251
11241902	11241884
11241902	11241911
11241902	11241917
11241903	11241884
11241903	11241909
11241903	11241918
11241905	11241890
11241905	11241895
11241905	11241906
11241905	11642411
11241906	11241890
11241906	11241895
11241906	11241905
11241906	11241908
11241908	11241906
11241909	11241884
11241909	11241903
11241909	11241918
11241909	11588068
11241910	11241914
11241910	11241915
11241911	11241884
11241911	11241902
11241911	11241917
11241911	11588067
11241913	11214495
11241914	11241910
11241915	11241910
11241917	11241884
11241917	11241902
11241917	11241911
11241918	11241884
11241918	11241903
11241918	11241909
11241919	8412006
11241919	10700865
11241920	6356927
11241920	11241897
11241924	4230110
11241924	9446294
11241924	13230910
11241926	9119058
11241926	11241932
11241926	11241934
11241926	11241936
11241926	11241937
11241926	11241938
11241926	11241939
11241928	9511723
11241929	7364704
11241931	11241933
11241931	11241942
11241932	11241926
11241933	11241931
11241934	11241926
11241936	11241926
11241937	11241926
11241938	11241926
11241939	11241926
11241940	1037236
11241941	8209489
11241942	11241931
11241943	13630438
11241948	11241956
11241948	11241961
11241950	5272170
11241952	7759130
11241952	11494793
11241956	11241948
11241956	11241987
11241957	9078003
11241957	11558815
11241958	3850919
11241958	4709412
11241959	9078003
11241959	9078011
11241959	11558814
11241961	11241948
11241961	11558824
11241962	9407105
11241962	9407110
11241962	9407786
11241962	9407787
11241962	9407822
11241962	9408027
11241962	9408074
11241962	9408076
11241962	9408078
11241962	9408087
11241962	9408191
11241962	9408194
11241962	9408204
11241962	9408249
11241962	9408253
11241962	9410301
11241962	9410350
11241962	9410398
11241962	9810661
11241962	10174049
11241962	10174173
11241962	10174202
11241962	10641620
11241962	11113003
11241962	11113005
11241962	13346846
11241962	13346860
11241962	13346878
11241962	13346908
11241962	13346914
11241962	13349248
11241962	13349302
11241962	13349304
11241962	13349711
11241962	13349717
11241962	13349728
11241962	13349977
11241962	13350567
11241963	9402340
11241963	9404005
11241964	10736244
11241964	11242215
11241964	11242217
11241965	11241885
11241965	11241974
11241966	2360040
11241966	5503534
11241967	2360040
11241967	5503533
11241967	13195980
11241969	13165983
11241971	11225403
11241971	11225824
11241974	11241885
11241974	11241965
11241975	11236083
11241977	13630447
11241978	11223944
11241978	11225639
11241980	11244423
11241981	8837629
11241982	11223655
11241982	11223713
11241983	8837629
11241987	11241956
11241988	11236083
11241990	11236083
11241991	12100353
11241993	11124545
11241994	11236083
11241995	11124545
11241999	11236083
11242003	11236083
11242004	4478353
11242004	4584635
11242004	11558830
11242006	5647669
11242006	13525205
11242007	5647669
11242008	9051111
11242009	2733126
11242009	2733138
11242010	3017894
11242011	9629362
11242012	9031938
11242012	11242015
11242012	11242019
11242013	318953
11242014	9781003
11242015	9031938
11242015	11242012
11242016	5669764
11242016	12020669
11242017	6677063
11242018	3788653
11242019	9031938
11242019	11242012
11242020	5033617
11242021	10643583
11242022	5033617
11242023	10500688
11242024	283380
11242024	1473433
11242026	11242031
11242026	11242045
11242026	11242048
11242026	11242054
11242026	11242058
11242026	11242059
11242026	11242062
11242026	11242064
11242026	11242067
11242028	616164
11242031	11242026
11242031	11242048
11242031	11242058
11242031	11242064
11242035	7447071
11242036	2783246
11242042	4478358
11242042	6034940
11242043	12873604
11242044	10325882
11242044	11242049
11242045	11242026
11242047	5995522
11242048	11242026
11242048	11242031
11242049	10325882
11242049	11242044
11242050	294953
11242050	11242056
11242051	10325882
11242052	7918407
11242053	7918407
11242054	11242026
11242055	4584620
11242055	12231172
11242056	11242050
11242057	3416856
11242057	3769307
11242057	6642730
11242057	6942257
11242058	11242026
11242058	11242031
11242059	11242026
11242060	12898404
11242061	4492842
11242062	11242026
11242064	11242026
11242064	11242031
11242065	2545248
11242065	3484706
11242065	11242071
11242065	12784234
11242067	11242026
11242068	1228844
11242069	3911190
11242069	3911191
11242069	4605477
11242069	4605480
11242070	6590502
11242071	2545248
11242071	11242065
11242073	7425554
11242074	11210847
11242074	11210868
11242075	11210847
11242075	11210868
11242076	5955872
11242077	11210847
11242078	7449047
11242079	5894316
11242080	11242083
11242080	11242089
11242080	11242095
11242080	11242101
11242080	11242114
11242080	11242118
11242080	11242120
11242080	11242122
11242080	11242123
11242080	11242124
11242080	11242127
11242081	9079991
11242082	9079991
11242083	11242080
11242083	11242095
11242083	11242124
11242084	9079991
11242085	9079991
11242086	9079991
11242087	9079991
11242088	9079993
11242089	11242080
11242091	9079996
11242091	11839009
11242092	9079996
11242093	9079996
11242094	9079996
11242095	11242080
11242095	11242083
11242096	9079998
11242097	9079998
11242101	11242080
11242103	10059186
11242103	11242280
11242103	11619407
11242107	7047951
11242107	7050965
11242107	11242211
11242107	11242232
11242108	2428829
11242108	4852259
11242108	7548716
11242108	7702261
11242108	9057055
11242109	4979331
11242109	5958246
11242112	8996437
11242112	11242240
11242113	11242187
11242114	11242080
11242116	8664275
11242117	8664274
11242118	11242080
11242119	6286155
11242120	11242080
11242121	9080000
11242122	11242080
11242123	11242080
11242124	11242080
11242124	11242083
11242125	11242140
11242125	11242563
11242125	11242567
11242126	11242130
11242127	11242080
11242128	9224383
11242129	9061374
11242129	9061377
11242130	11242126
11242131	9061374
11242131	9061377
11242132	11242146
11242132	11242155
11242132	11242163
11242132	11242164
11242132	11242169
11242132	11242170
11242132	11242171
11242132	11242174
11242132	11242178
11242132	11242181
11242133	9767919
11242133	11242156
11242134	9080001
11242135	9080004
11242138	704164
11242139	3416945
11242140	11242125
11242141	704103
11242142	11242143
11242143	11242142
11242144	9080005
11242144	12113431
11242146	11242132
11242147	9549185
11242149	6347866
11242149	11242150
11242149	11242151
11242150	6347866
11242150	11242149
11242151	6347866
11242151	11242149
11242152	6347866
11242153	704107
11242154	7456354
11242155	11242132
11242156	11242133
11242156	13166649
11242157	9625056
11242159	2084
11242159	3892
11242159	460331
11242159	461403
11242159	2015548
11242160	869569
11242160	11242203
11242160	11242352
11242161	704106
11242162	7683515
11242162	11242196
11242162	11242197
11242162	11242198
11242162	11242200
11242163	11242132
11242164	11242132
11242165	679796
11242166	3727601
11242167	672046
11242167	672048
11242168	5711365
11242168	7834038
11242169	11242132
11242170	11242132
11242170	13556645
11242171	11242132
11242172	7053950
11242173	427771
11242174	11242132
11242174	11242181
11242174	11242184
11242174	11242186
11242174	11242204
11242174	11242547
11242176	9140300
11242177	625903
11242178	11242132
11242179	625900
11242180	6954774
11242180	11242188
11242181	11242132
11242181	11242174
11242182	9179211
11242183	619368
11242183	619371
11242183	619374
11242183	1707721
11242183	12602599
11242184	11242174
11242185	9101000
11242185	11612682
11242185	11612685
11242185	11612725
11242186	11242174
11242187	11242113
11242188	6954774
11242188	11242180
11242189	9047089
11242191	2068402
11242191	2069010
11242191	5453616
11242191	10300191
11242192	8114110
11242193	7839513
11242194	11240556
11242195	2251184
11242195	5513049
11242196	7683515
11242196	11242162
11242197	7683515
11242197	11242162
11242198	7683515
11242198	11242162
11242199	388719
11242199	7173895
11242200	7683515
11242200	11242162
11242201	612846
11242202	388719
11242202	7173895
11242203	869569
11242203	11242160
11242204	11242174
11242205	531213
11242206	6584122
11242206	7433085
11242207	11242208
11242208	11242207
11242210	8162964
11242210	12363936
11242210	12363937
11242210	12363942
11242211	7044985
11242211	11242107
11242211	11242232
11242212	531224
11242213	9460780
11242213	9460781
11242213	11242219
11242213	11242221
11242213	11242227
11242213	11242228
11242214	2062342
11242214	2062346
11242214	2068401
11242214	2068402
11242214	3953663
11242214	4548896
11242214	4924029
11242214	5453616
11242214	5455369
11242214	10300191
11242214	11087948
11242214	11908697
11242214	13673404
11242214	13673405
11242214	13673470
11242215	10736244
11242215	11241964
11242216	9353135
11242217	10736244
11242217	11241964
11242218	3822927
11242218	4287106
11242218	13430284
11242219	9460780
11242219	9460781
11242219	11242213
11242220	9973867
11242221	11242213
11242221	11242227
11242221	11242228
11242222	3065087
11242222	9460780
11242222	9460781
11242223	2068402
11242224	9338946
11242225	12728338
11242226	9116268
11242226	11242241
11242226	12224634
11242226	13525612
11242227	11242213
11242227	11242221
11242227	11242229
11242227	11276634
11242228	11242213
11242228	11242221
11242228	11242229
11242228	11276634
11242229	11242227
11242229	11242228
11242231	4015652
11242231	11242244
11242232	11242107
11242232	11242211
11242232	11497903
11242233	7537181
11242234	11241748
11242235	483603
11242235	483609
11242235	551898
11242236	11241742
11242237	612009
11242237	13130348
11242238	26431
11242238	483609
11242238	1156140
11242239	8983352
11242239	11242251
11242240	8996437
11242240	11242112
11242241	9116268
11242241	11242226
11242242	9116268
11242243	611819
11242243	12224096
11242244	865423
11242244	11242231
11242245	9525280
11242245	9525286
11242245	9525288
11242245	9525291
11242246	4015652
11242246	11242253
11242247	11242307
11242247	11242315
11242247	11242319
11242247	11242324
11242247	11242336
11242247	11242337
11242247	11242339
11242247	11242349
11242247	11242354
11242247	11242357
11242247	11242362
11242247	11242366
11242247	11242369
11242248	4015652
11242249	611804
11242250	611377
11242251	11242239
11242252	2546799
11242252	2628883
11242252	4514632
11242252	5259218
11242252	7967479
11242252	11242256
11242253	11242246
11242254	2546799
11242254	2628883
11242254	5259218
11242254	7967479
11242255	7416767
11242256	11242252
11242257	1702187
11242257	3669843
11242257	13719260
11242258	11242260
11242259	2008698
11242260	11242258
11242260	12870607
11242261	11242264
11242262	9828097
11242263	611376
11242264	11242261
11242264	12196460
11242265	5916682
11242265	5958511
11242265	7863432
11242266	3826650
11242266	4555200
11242267	11242268
11242268	11242267
11242269	307142
11242269	8568035
11242269	11242277
11242270	611375
11242271	2015134
11242271	2971993
11242271	11242290
11242272	11242274
11242273	9080008
11242274	11242272
11242275	611374
11242275	611381
11242275	611402
11242275	611725
11242275	611736
11242275	611742
11242275	611908
11242275	612517
11242275	614377
11242275	2576173
11242275	2576174
11242275	2729969
11242275	5262944
11242277	11242269
11242278	7525019
11242279	611373
11242280	10059186
11242280	11242103
11242281	10059186
11242282	9080010
11242283	11921875
11242285	9080010
11242286	607431
11242286	1388658
11242286	3216047
11242286	11482840
11242286	11498925
11242286	11498927
11242287	11242301
11242288	11943519
11242289	2015134
11242290	2015134
11242290	11242271
11242290	11242325
11242290	12685412
11242290	13199439
11242291	11142689
11242292	8643223
11242293	607431
11242293	1388658
11242293	11498927
11242293	12058346
11242294	11142689
11242295	2015134
11242295	11242323
11242296	601669
11242296	12226085
11242299	11103331
11242301	11242287
11242304	1511221
11242304	11242318
11242305	7491128
11242305	11921876
11242307	11242247
11242307	11242315
11242307	11242357
11242307	11242362
11242307	11242366
11242308	1511215
11242308	11242314
11242309	600677
11242310	9279202
11242311	11242313
11242313	11242311
11242314	11242308
11242315	11242247
11242315	11242307
11242316	600673
11242316	724272
11242316	909822
11242316	12994255
11242317	13482424
11242318	11242304
11242319	11242247
11242321	600675
11242321	11691756
11242322	2332712
11242323	11242295
11242324	11242247
11242325	11242290
11242326	2015134
11242326	5857243
11242327	600667
11242329	2015134
11242330	2015134
11242330	5857243
11242331	2015134
11242332	11616666
11242335	9406714
11242336	11242247
11242337	11242247
11242339	11242247
11242340	9566937
11242341	11242344
11242344	11242341
11242344	11242348
11242345	10627199
11242347	13417171
11242348	11242344
11242349	11242247
11242352	868946
11242352	869569
11242352	11242160
11242353	9840417
11242354	11242247
11242355	13438563
11242356	600658
11242356	11980250
11242357	11242247
11242357	11242307
11242359	9080018
11242360	9293589
11242361	11242375
11242362	11242247
11242362	11242307
11242364	286930
11242364	1645762
11242366	11242247
11242366	11242307
11242367	12752268
11242368	1645762
11242369	11242247
11242371	589592
11242371	12171085
11242372	11241606
11242374	572071
11242374	12058879
11242375	11242361
11242377	10500981
11242378	11242392
11242378	11845602
11242379	566859
11242380	559051
11242380	11688038
11242381	11240497
11242382	12779109
11242382	13443217
11242383	551523
11242384	438783
11242386	11242387
11242387	11242386
11242389	8311664
11242391	11242393
11242392	11242378
11242393	11242391
11242394	11260155
11242395	2469319
11242396	2469319
11242397	9452719
11242398	533466
11242399	2524165
11242400	9051719
11242401	528567
11242402	11125037
11242403	752404
11242404	528572
11242404	12597643
11242405	3743183
11242406	528574
11242407	1448296
11242408	528570
11242410	853782
11242411	10189128
11242411	10189131
11242413	9751075
11242414	9082987
11242415	7145015
11242416	7145015
11242417	7145015
11242418	7195801
11242419	3417052
11242419	9829932
11242419	9829939
11242419	10034421
11242420	859084
11242421	10304348
11242421	10304349
11242422	10027991
11242423	1705609
11242424	528580
11242424	528643
11242424	13075827
11242425	9299971
11242426	1683560
11242427	527833
11242428	9921032
11242428	10221359
11242429	2297931
11242430	9625695
11242430	14008141
11242431	1388018
11242432	5296381
11242432	6483533
11242432	6523231
11242433	7162024
11242435	518384
11242436	11236675
11242437	9229821
11242438	245496
11242438	7802330
11242439	7128209
11242440	507472
11242440	11786778
11242441	505906
11242442	9751075
11242443	503638
11242444	4501634
11242444	4759658
11242444	7052619
11242445	9033354
11242446	478036
11242447	442322
11242448	481877
11242449	9690907
11242450	644926
11242451	644926
11242452	308657
11242453	645181
11242454	451893
11242455	9679817
11242455	12821011
11242455	12821018
11242457	479865
11242458	10071606
11242459	9679817
11242459	12821013
11242459	12821019
11242460	3907080
11242460	4421604
11242460	5994249
11242460	5994250
11242460	6571034
11242460	8574073
11242460	11244244
11242462	686240
11242463	478042
11242464	9564031
11242465	477529
11242466	759800
11242466	761389
11242467	776571
11242467	12696855
11242467	12764299
11242468	474331
11242468	11566343
11242469	820668
11242469	12126624
11242470	7323035
11242471	451888
11242471	874510
11242471	874594
11242472	451652
11242472	11364456
11242473	9574386
11242474	451591
11242474	13293332
11242475	9573499
11242476	451582
11242478	7771647
11242478	11327737
11242478	11508255
11242479	5577708
11242479	7354396
11242481	451568
11242481	12885330
11242482	9255490
11242484	3023632
11242484	9402448
11242485	451563
11242485	12374969
11242487	841473
11242488	10070489
11242489	2491644
11242489	11381139
11242490	451562
11242491	3306809
11242492	451561
11242492	12086969
11242494	9402322
11242495	7850180
11242495	11146641
11242496	599304
11242496	10716909
11242496	11242503
11242499	5871838
11242499	11211097
11242500	114286
11242500	1925087
11242500	12714252
11242500	12714679
11242501	3565074
11242501	8798285
11242501	8814408
11242501	8814409
11242501	8863208
11242501	11143867
11242502	7722829
11242503	11242496
11242504	945481
11242505	6557456
11242505	6558719
11242506	6516401
11242506	6594491
11242506	6594492
11242507	1187192
11242507	11242517
11242507	11242518
11242507	11242520
11242507	11242522
11242507	11242531
11242507	11242532
11242507	11243158
11242508	9481832
11242509	7791607
11242509	11244232
11242510	11242511
11242510	11686761
11242511	11242510
11242512	7284371
11242513	5177813
11242514	10527237
11242515	8650419
11242516	10527237
11242517	11242507
11242518	11242507
11242519	502222
11242519	11242605
11242520	11242507
11242521	9631414
11242522	11242507
11242523	5881088
11242523	9464857
11242524	5041915
11242525	9482274
11242526	9464857
11242527	10527237
11242528	9486987
11242529	10527237
11242530	9055382
11242530	11242599
11242530	11242601
11242531	11242507
11242532	11242507
11242533	11239635
11242534	9168475
11242535	9168475
11242535	9168574
11242536	1752535
11242536	11242595
11242537	9220714
11242538	7722468
11242538	11242586
11242539	1750839
11242539	11242579
11242540	7722468
11242541	11186053
11242542	11242543
11242543	11242542
11242544	2869210
11242545	9464857
11242545	11242552
11242546	9633418
11242547	11242174
11242548	11242549
11242549	11242548
11242550	3787662
11242550	12769503
11242551	9299775
11242552	11242545
11242553	11242554
11242553	11242557
11242553	11242558
11242553	11242559
11242553	11242561
11242553	11242562
11242553	11242566
11242553	11242572
11242553	11242575
11242553	11242578
11242553	11244229
11242553	11648062
11242553	11648065
11242554	11242553
11242554	11244229
11242555	12635209
11242556	7550885
11242556	7550886
11242557	11242553
11242558	11242553
11242558	11242578
11242559	11242553
11242560	11242576
11242561	11242553
11242562	11242553
11242563	11242125
11242564	11240395
11242564	11245524
11242565	11242569
11242566	11242553
11242567	11242125
11242568	11242569
11242569	11242565
11242569	11242568
11242569	11261999
11242570	11242585
11242571	7415251
11242571	11125446
11242572	11242553
11242574	8361073
11242575	11242553
11242575	11648022
11242576	11242560
11242577	11241542
11242578	11242553
11242578	11242558
11242579	11242539
11242582	11142689
11242583	8357690
11242584	11142689
11242585	11242570
11242586	11242538
11242591	11242592
11242592	11242591
11242593	4187385
11242593	11841440
11242593	11841442
11242594	11142692
11242594	11142693
11242594	11242597
11242594	11242602
11242595	546932
11242595	578932
11242595	11242536
11242596	546930
11242596	546932
11242596	547134
11242596	842030
11242597	11142693
11242597	11242594
11242599	11242530
11242601	11242530
11242602	11242594
11242603	11242620
11242603	12121989
11242603	12121990
11242604	4167334
11242605	11242519
11242606	11242620
11242607	11242620
11242608	11242620
11242610	11242620
11242612	11242620
11242613	11242620
11242614	11242620
11242615	11242620
11242616	11242620
11242617	11242620
11242618	3948195
11242619	11242620
11242620	11242603
11242620	11242606
11242620	11242607
11242620	11242608
11242620	11242610
11242620	11242612
11242620	11242613
11242620	11242614
11242620	11242615
11242620	11242616
11242620	11242617
11242620	11242619
11242621	11242624
11242621	11242629
11242621	11242631
11242621	11242681
11242622	969420
11242622	969427
11242622	3317004
11242622	7152091
11242622	13647578
11242623	2529839
11242623	4314625
11242623	5336359
11242623	11197346
11242623	11536574
11242624	11242621
11242624	11242629
11242624	11242631
11242624	11242640
11242624	11242681
11242629	11242621
11242629	11242624
11242629	11242681
11242630	11242632
11242630	11242644
11242630	11242647
11242630	11242649
11242630	11242652
11242630	11242657
11242630	11242660
11242630	11242664
11242630	11242669
11242631	11242621
11242631	11242624
11242631	11242681
11242632	11242630
11242632	11242647
11242632	11242649
11242632	11242652
11242632	11242664
11242632	11242669
11242633	881644
11242633	11245289
11242634	7403490
11242634	7843421
11242634	11242672
11242634	11242673
11242635	4296464
11242635	11242670
11242636	7403490
11242637	2292871
11242637	2297620
11242638	317311
11242639	317311
11242640	11242624
11242641	6090594
11242642	687380
11242643	2292871
11242644	11242630
11242645	2254226
11242645	5614613
11242645	12781418
11242646	9699456
11242646	9987355
11242646	9987356
11242647	11242630
11242647	11242632
11242648	2758962
11242648	4636282
11242649	11242630
11242649	11242632
11242650	2287285
11242650	11525971
11242651	9012090
11242652	11242630
11242652	11242632
11242653	318258
11242654	318258
11242655	5738746
11242656	7841354
11242657	11242630
11242658	3424192
11242660	11242630
11242663	5333348
11242664	11242630
11242664	11242632
11242667	10103059
11242669	11242630
11242669	11242632
11242669	13516905
11242670	11242635
11242671	11242676
11242672	7403490
11242672	11242634
11242673	7403490
11242673	11242634
11242674	265740
11242676	11242671
11242676	11263250
11242679	7168300
11242680	12897077
11242681	11242621
11242681	11242624
11242681	11242629
11242681	11242631
11242681	11242687
11242682	11242684
11242683	9975205
11242684	11242682
11242684	12955098
11242687	11242681
11242691	3635927
11242691	10619939
11242692	1566978
11242692	2120446
11242692	3301272
11242692	3301273
11242692	3765583
11242692	4197231
11242692	4197253
11242692	4197266
11242692	7288811
11242692	8110320
11242694	11242708
11242694	11242713
11242694	11242715
11242694	11242720
11242694	11242724
11242694	11242729
11242694	11242733
11242694	11242735
11242695	3259689
11242695	3259690
11242702	9701421
11242704	11242705
11242705	11242704
11242707	3821593
11242708	11242694
11242708	11242715
11242708	11242720
11242708	11242733
11242708	11244221
11242712	6342190
11242713	11242694
11242715	11242694
11242715	11242708
11242716	8110320
11242717	6689911
11242718	8110320
11242720	11242694
11242720	11242708
11242721	6252195
11242722	3910158
11242724	11242694
11242725	6424782
11242727	8469776
11242728	6124238
11242729	11242694
11242731	7397505
11242733	11242694
11242733	11242708
11242734	2642748
11242734	4963127
11242734	11242743
11242735	11242694
11242736	5516974
11242737	6509568
11242738	12898407
11242739	10118108
11242743	2642748
11242743	11242734
11242745	7101252
11242745	11242746
11242745	11242755
11242745	11242759
11242745	11242760
11242745	11242766
11242745	11242768
11242745	11242770
11242745	11242772
11242745	11244217
11242746	11242745
11242746	11244217
11242750	761038
11242752	19143
11242755	11242745
11242757	6509568
11242759	11242745
11242760	11242745
11242761	265740
11242762	3643723
11242762	10999347
11242763	11242764
11242763	13442423
11242764	11242763
11242766	11242745
11242767	11796955
11242768	11242745
11242769	11221990
11242770	11242745
11242771	777624
11242772	11242745
11242774	803074
11242775	803074
11242779	7707917
11242779	7707918
11242780	11242783
11242780	11242786
11242780	11242790
11242780	11242796
11242780	11242798
11242780	11242799
11242780	11242800
11242780	11242802
11242780	11242804
11242780	11242805
11242780	11242808
11242780	11242810
11242780	11242812
11242780	11242818
11242780	11242819
11242780	11242820
11242783	11242780
11242783	11242790
11242783	11242812
11242783	11242819
11242785	3030793
11242786	11242780
11242787	1762710
11242789	316604
11242789	346502
11242789	632304
11242789	791333
11242790	11242780
11242790	11242783
11242790	11242819
11242791	9144756
11242791	11242813
11242795	2358793
11242795	3519518
11242795	4366712
11242795	11242816
11242796	11242780
11242798	11242780
11242799	11242780
11242800	11242780
11242801	1668755
11242801	12769492
11242802	11242780
11242804	11242780
11242805	11242780
11242806	7743610
11242807	7129941
11242808	11242780
11242809	10087897
11242810	11242780
11242811	4500094
11242812	11242780
11242812	11242783
11242813	11242791
11242815	7190435
11242816	11242795
11242817	7190435
11242818	11242780
11242819	11242780
11242819	11242783
11242819	11242790
11242820	11242780
11242821	9360076
11242822	6416374
11242823	4926888
11242824	4926888
11242825	10895489
11242826	723671
11242826	3645823
11242827	723671
11242827	3645823
11242828	723671
11242828	3645823
11242829	723671
11242830	723671
11242831	723671
11242832	7773069
11242832	8741159
11242832	8741160
11242832	11242840
11242832	11242841
11242832	11242842
11242832	11243635
11242832	11243636
11242833	11118189
11242834	11118189
11242835	6253088
11242836	11118189
11242839	13466010
11242840	11242832
11242841	11242832
11242842	11242832
11242844	9080019
11242845	9080019
11242846	9080020
11242847	9080021
11242850	12690
11242853	6412827
11242854	6412827
11242858	128617
11242858	269456
11242859	5907357
11242860	5907357
11242861	620175
11242868	11242869
11242868	11242870
11242868	11242871
11242868	11520650
11242868	11580003
11242869	11242868
11242870	11242868
11242871	11242868
11242871	11580003
11242872	6447804
11242872	11242877
11242872	11242878
11242873	9974315
11242874	2698667
11242875	6507234
11242876	8941361
11242876	11242880
11242877	11242872
11242878	11242872
11242878	11242879
11242879	11242878
11242880	11242876
11242880	11242881
11242881	11242880
11242882	1029186
11242883	1769587
11242883	11242886
11242884	1769587
11242885	10744688
11242886	11242883
11242887	6019033
11242887	12621256
11242888	253073
11242889	2012182
11242889	6642128
11242889	11242890
11242889	11242893
11242890	2012182
11242890	11242889
11242890	11242891
11242891	11242890
11242892	7543852
11242893	2012182
11242893	11242889
11242895	258062
11242895	1467329
11242895	5326563
11242896	2012182
11242897	31142
11242898	2640969
11242899	47351
11242900	60822
11242900	223487
11242900	591544
11242900	779876
11242900	2253715
11242901	8050418
11242902	19529
11242903	15570
11242904	10139775
11242905	1958253
11242906	3660796
11242907	12109714
11242911	12109721
11242913	12109718
11242915	12109717
11242916	12109716
11242918	12109715
11242924	13356613
11242928	12508008
11242930	12109727
11242932	12109724
11242933	12714824
11242936	5936872
11242937	17966
11242938	8582162
11242939	7268193
11242940	8170974
11242941	2641403
11242943	4502787
11242944	7137727
11242945	10564880
11242946	8481792
11242947	3144477
11242948	7908607
11242949	5823305
11242950	9955540
11242952	7249887
11242955	6730916
11242956	313000
11242957	10281975
11242959	6541064
11242961	4828345
11242962	9765541
11242964	5831800
11242965	6497747
11242966	13014872
11242967	2537964
11242968	3280026
11242969	6412285
11242970	8200587
11242972	1739539
11242974	311318
11242977	238048
11242977	2162309
11242979	238048
11242981	6495054
11242983	8924592
11242983	11244322
11242984	3820394
11242984	11251694
11242987	7927600
11242988	1674824
11242989	8020071
11242990	11242991
11242991	11242990
11242991	11242992
11242991	11263244
11242991	11263246
11242992	11242991
11242993	849572
11242993	4454665
11242993	11708582
11242994	5463819
11242995	8106711
11242995	11243484
11242995	11243492
11242995	11243493
11242995	11243496
11242995	11243573
11242995	11243576
11242995	11243606
11242995	11243608
11242995	11243611
11242995	11243612
11242995	11244192
11242996	7967822
11242997	10182595
11242998	11242999
11242999	11242998
11243000	4819067
11243001	8500072
11243002	8305562
11243003	10716251
11243004	3476760
11243004	13632038
11243005	9048462
11243006	7496141
11243006	12728248
11243007	3072535
11243007	11254070
11243007	11254073
11243007	11254075
11243007	11254076
11243008	3072535
11243008	13920702
11243009	4484504
11243010	4484504
11243011	10627359
11243012	10627359
11243013	3479773
11243014	4825125
11243015	4825125
11243016	9968437
11243017	9968437
11243018	7477388
11243019	8457045
11243020	11243022
11243021	3754346
11243022	11243020
11243023	11243025
11243023	11263241
11243024	3754347
11243025	11243023
11243026	7900325
11243026	13807703
11243026	13807704
11243027	11243028
11243028	11243027
11243028	11244212
11243028	13805602
11243029	10579633
11243030	11243031
11243031	11243030
11243032	11243033
11243033	11243032
11243034	6600583
11243038	11240210
11243043	374671
11243047	11243048
11243047	12409263
11243047	12409264
11243048	11243047
11243049	10954189
11243049	11243051
11243050	8648735
11243050	11243053
11243051	11243049
11243052	2802005
11243053	11243050
11243054	5840458
11243055	10473165
11243056	3712728
11243057	278303
11243057	12446387
11243058	914054
11243059	300094
11243060	300094
11243061	238491
11243061	12215108
11243062	10955015
11243063	8385701
11243064	2202641
11243064	2203257
11243064	8401390
11243065	11243066
11243065	12307430
11243065	12702673
11243066	11243065
11243067	7125100
11243068	11243074
11243069	9463917
11243070	6559108
11243071	1549729
11243072	1337258
11243073	3911628
11243074	11243068
11243075	266051
11243076	27652
11243077	8482770
11243078	32644
11243079	11243083
11243079	11243094
11243080	1974827
11243081	455290
11243082	37512
11243083	11243079
11243084	11243085
11243085	11243084
11243085	11554095
11243086	10500872
11243086	10937236
11243087	11243088
11243088	11243087
11243089	254072
11243090	11243095
11243091	5741285
11243092	10952252
11243092	10952253
11243092	11243096
11243093	323299
11243094	11243079
11243095	11243090
11243096	11243092
11243097	2451681
11243098	250842
11243099	249713
11243100	240641
11243101	20754
11243103	10516278
11243104	11243105
11243104	11243109
11243105	11243104
11243107	11243108
11243108	11243107
11243108	13820950
11243109	11243104
11243111	13418561
11243112	3729551
11243113	456237
11243115	11243119
11243115	11243192
11243116	5942303
11243118	6666430
11243119	11243115
11243119	11666540
11243119	11666541
11243120	2216376
11243121	2236697
11243122	11243124
11243123	2495042
11243124	11243122
11243124	11247999
11243124	11248016
11243126	11243127
11243127	11243126
11243127	11243453
11243127	11243458
11243127	11243461
11243127	12991284
11243128	29477
11243129	3560306
11243130	486694
11243131	10827867
11243131	13254922
11243131	13254923
11243132	10497207
11243133	239431
11243134	2703762
11243135	486694
11243136	11243379
11243136	11243383
11243136	11243385
11243136	11243386
11243136	11243388
11243136	11243390
11243136	11243394
11243136	11243397
11243136	11243399
11243136	11243401
11243136	11496340
11243136	13007913
11243136	13007915
11243137	675960
11243138	11243139
11243139	11243138
11243139	11243363
11243140	2007572
11243141	8212757
11243142	11243144
11243143	2229216
11243144	11243142
11243145	2229216
11243146	11243147
11243147	11243146
11243148	721871
11243148	723101
11243148	12043277
11243149	8091119
11243150	1954662
11243151	8091119
11243152	1670000
11243153	11243154
11243153	11263904
11243153	11502565
11243154	11243153
11243154	12642415
11243155	8463791
11243156	8803988
11243157	8803988
11243158	11242507
11243159	11241837
11243160	11238616
11243160	11239865
11243161	11237478
11243162	8456391
11243162	11665965
11243163	11237461
11243163	11665966
11243164	11236388
11243164	11236497
11243165	11235387
11243165	11570924
11243166	11235344
11243166	11238070
11243166	11665968
11243167	3560326
11243167	11665969
11243167	11665977
11243168	11235300
11243168	11238098
11243169	9079942
11243169	11233328
11243170	3228588
11243170	3228589
11243170	11232467
11243171	11232086
11243171	11238143
11243172	8640771
11243172	11231994
11243173	8736674
11243174	11231959
11243175	3551801
11243175	11231926
11243175	11238183
11243177	11231896
11243178	11231844
11243178	11665982
11243179	348092
11243180	348092
11243181	6602192
11243181	11225629
11243182	8460232
11243183	8459952
11243184	8468211
11243184	8468213
11243185	8463967
11243186	7750173
11243187	8470820
11243188	1989629
11243188	5083337
11243189	3560335
11243189	11243332
11243190	1745036
11243191	1966279
11243192	11243115
11243193	4457948
11243193	11243331
11243194	8459990
11243195	8954973
11243196	3239164
11243197	8483764
11243198	8543918
11243199	8459881
11243200	1680189
11243200	3501915
11243201	685972
11243202	3560345
11243203	2591411
11243203	5110720
11243204	3535338
11243205	1806301
11243205	2218397
11243205	10371320
11243205	11243591
11243205	11243593
11243206	1442753
11243208	7236536
11243208	7236537
11243208	11243584
11243209	4888271
11243209	11243582
11243209	11244206
11243211	11244335
11243211	11244339
11243213	11244347
11243213	11244350
11243214	13183704
11243216	11244362
11243217	3906710
11243218	6196888
11243218	6197033
11243218	6197034
11243218	6197036
11243219	3906711
11243219	12427544
11243219	12855976
11243220	3906712
11243220	12427542
11243221	11068726
11243222	11246391
11243223	7750170
11243224	11068715
11243225	7749812
11243226	9080027
11243227	9080061
11243227	9080064
11243231	11250611
11243232	2507309
11243232	10510399
11243232	12154168
11243232	12155351
11243232	12155352
11243232	12155354
11243232	12155358
11243234	2507309
11243234	11243235
11243234	12155388
11243234	12155389
11243234	12155391
11243234	12155392
11243235	2507309
11243235	6487168
11243235	11243234
11243236	258978
11243236	390944
11243237	258978
11243237	390944
11243238	7700867
11243242	7751113
11243243	10156174
11243243	10156177
11243243	10156203
11243244	3560372
11243245	1836697
11243246	503118
11243247	2826077
11243248	3560364
11243249	10498903
11243250	1337267
11243251	298642
11243251	397305
11243251	2900622
11243251	9202665
11243251	11619908
11243252	10314730
11243253	3560367
11243254	37064
11243255	10336743
11243256	40916
11243257	300945
11243258	8574671
11243259	11226769
11243260	6106405
11243261	258920
11243261	435452
11243261	435453
11243262	258920
11243262	435453
11243263	6106405
11243264	317963
11243265	6106405
11243266	10050001
11243267	57817
11243268	3560374
11243268	11243330
11243269	10497156
11243270	8459909
11243271	1349951
11243271	2535641
11243272	8482885
11243273	3560383
11243274	903840
11243274	1346670
11243274	1390322
11243274	10670480
11243274	11243277
11243274	11243278
11243274	11243579
11243275	8487078
11243276	6010506
11243276	6010508
11243276	12090907
11243277	903840
11243277	1346670
11243277	1390322
11243277	10670480
11243277	11243274
11243277	11243579
11243278	903840
11243278	1346670
11243278	1390322
11243278	10670480
11243278	11243274
11243278	11243579
11243279	9014366
11243280	1241332
11243280	11327734
11243280	11327762
11243280	11327763
11243281	5224941
11243281	11243325
11243281	11243326
11243282	3560381
11243284	2259082
11243285	9080827
11243286	8267528
11243286	11243290
11243287	6272118
11243288	10327933
11243289	10327932
11243290	11243286
11243291	2952085
11243291	2952086
11243292	10327931
11243293	10327930
11243294	2455027
11243295	10327931
11243296	10327930
11243297	10327931
11243298	10327930
11243299	10327931
11243299	13211004
11243300	10327930
11243301	3444526
11243302	10327931
11243303	10327930
11243304	10327929
11243305	10327929
11243306	10327929
11243307	4829547
11243307	10327929
11243308	10327929
11243309	10327928
11243310	10327928
11243311	10327928
11243312	10327928
11243313	5296286
11243314	10327928
11243315	9183500
11243316	4365455
11243316	4365577
11243318	5941834
11243320	11244352
11243320	11244356
11243320	11993835
11243321	134700
11243321	317338
11243321	1612603
11243322	134699
11243322	404117
11243322	1707580
11243324	3560409
11243324	11243329
11243325	5224941
11243325	11243281
11243325	11243326
11243326	5224941
11243326	11243281
11243326	11243325
11243327	895538
11243327	2542724
11243327	2642827
11243328	11236459
11243329	11243324
11243329	13569189
11243330	11243268
11243331	4457948
11243331	11243193
11243332	11243189
11243332	12243358
11243333	3328545
11243333	13254925
11243336	60334
11243336	637401
11243336	705600
11243336	968001
11243336	968007
11243337	8990553
11243338	8990553
11243339	8990553
11243339	8993694
11243339	9020485
11243339	11243344
11243339	11243346
11243339	11243347
11243339	11243348
11243340	244282
11243340	1538534
11243341	244282
11243341	1538534
11243342	244282
11243343	244282
11243344	8990553
11243344	9020485
11243344	11243339
11243346	8990553
11243346	9020485
11243346	11243339
11243347	8990553
11243347	11243339
11243348	8990553
11243348	11243339
11243349	8990553
11243350	11194125
11243350	11243351
11243351	11194125
11243351	11243350
11243352	8990553
11243353	8990553
11243354	11243356
11243354	11243358
11243354	11243359
11243354	11243365
11243354	11243366
11243354	11243368
11243354	11243370
11243354	11243371
11243354	11243373
11243354	11243374
11243354	11244384
11243355	2653594
11243356	11243354
11243357	1525782
11243358	11243354
11243358	11243366
11243359	11243354
11243359	11243365
11243359	11243371
11243359	11244384
11243360	2490559
11243361	2490559
11243362	2490559
11243363	11243139
11243364	4842517
11243365	11243354
11243365	11243359
11243365	11243366
11243365	11243368
11243365	11243370
11243365	11244200
11243365	11244384
11243366	11243354
11243366	11243358
11243366	11243365
11243366	11243371
11243366	11244200
11243366	11244384
11243367	7088911
11243367	7088912
11243368	11243354
11243368	11243365
11243369	444656
11243370	11243354
11243370	11243365
11243371	11243354
11243371	11243359
11243371	11243366
11243372	57975
11243372	220653
11243372	369333
11243372	444656
11243373	11243354
11243374	11243354
11243375	9813505
11243376	1146104
11243376	5228931
11243376	9814562
11243376	11238553
11243377	1146104
11243377	5228931
11243377	5915168
11243377	13639973
11243378	1055233
11243379	11243136
11243380	1921995
11243381	7810789
11243382	7810789
11243383	11243136
11243383	11243386
11243383	11243388
11243383	11243390
11243383	11243394
11243383	11244198
11243383	11648069
11243383	11648070
11243384	5430863
11243385	11243136
11243385	11243386
11243385	11243388
11243385	11243390
11243385	11243394
11243385	11244196
11243386	11243136
11243386	11243383
11243386	11243385
11243386	11243397
11243386	13007913
11243387	341850
11243387	8588602
11243387	10011856
11243388	11243136
11243388	11243383
11243388	11243385
11243390	11243136
11243390	11243383
11243390	11243385
11243392	11375854
11243394	11243136
11243394	11243383
11243394	11243385
11243395	7783564
11243397	11243136
11243397	11243386
11243398	8665300
11243399	11243136
11243400	6240623
11243401	11243136
11243402	9243182
11243403	4269144
11243404	6946011
11243405	6038446
11243406	4404177
11243407	6439290
11243407	11244324
11243408	4135197
11243408	5535057
11243408	6124784
11243409	267032
11243409	663545
11243409	1006691
11243410	9765541
11243410	11243475
11243410	12399165
11243411	5218445
11243412	915378
11243412	6195360
11243413	9765541
11243414	1493725
11243415	9765541
11243416	3178449
11243417	2414545
11243418	6250364
11243418	7228560
11243418	9496609
11243418	11251692
11243419	12784
11243419	38820
11243419	182164
11243419	201645
11243419	456848
11243419	461463
11243419	937748
11243419	13167409
11243420	9765541
11243420	11243427
11243420	11243473
11243420	11243475
11243420	12399165
11243421	5823708
11243422	3823120
11243423	54205
11243423	1315644
11243423	11248364
11243424	54205
11243424	11248365
11243425	7165066
11243426	2154960
11243427	9765541
11243427	11243420
11243427	11243435
11243427	12398816
11243427	12399165
11243428	7380934
11243429	8877959
11243430	9765541
11243430	11243474
11243431	4665628
11243432	9765541
11243433	989777
11243434	10702835
11243435	9765541
11243435	11243427
11243435	12398816
11243436	8388670
11243437	669841
11243438	4646033
11243439	9765541
11243440	7474764
11243441	5109766
11243442	886960
11243442	1392222
11243442	12236739
11243442	13575922
11243443	7474764
11243443	11286082
11243444	9765541
11243445	2055876
11243446	1331901
11243446	2040792
11243447	3162099
11243448	1331901
11243449	5763634
11243450	5817678
11243451	10755168
11243452	3396701
11243452	3405805
11243452	5252745
11243453	11243127
11243453	11243461
11243454	8540768
11243455	2538353
11243456	6162822
11243457	10183752
11243457	13081708
11243458	11243127
11243459	6520597
11243460	10183753
11243461	11243127
11243461	11243453
11243461	12991284
11243462	6520597
11243463	8075179
11243464	7147550
11243465	10502044
11243467	10502044
11243468	7865787
11243470	11060403
11243471	1330018
11243471	11243500
11243471	11243501
11243471	11498526
11243472	11060415
11243473	11243420
11243474	9765541
11243474	11243430
11243475	9765541
11243475	11243410
11243475	11243420
11243476	6519177
11243477	1025015
11243478	1121867
11243480	3911463
11243480	10344237
11243481	3911463
11243482	3911463
11243483	134697
11243483	317291
11243484	11242995
11243484	11243493
11243484	11243573
11243484	11243576
11243484	11244192
11243485	134693
11243485	317212
11243485	1843474
11243486	2254892
11243487	1170844
11243488	2254892
11243489	10188344
11243490	11243491
11243491	1911902
11243491	8709957
11243491	11243490
11243492	11242995
11243493	11242995
11243493	11243484
11243494	134691
11243496	11242995
11243497	10154198
11243498	9254564
11243498	9402735
11243499	9254564
11243500	11243471
11243501	11243471
11243503	134686
11243503	317173
11243504	134685
11243505	134685
11243506	134682
11243506	317112
11243507	134680
11243508	10784814
11243509	134680
11243510	1455664
11243511	1623670
11243512	2418636
11243513	3873782
11243513	12869977
11243514	1037237
11243515	7749591
11243515	7749594
11243516	7700762
11243517	8464080
11243518	8492340
11243519	3918561
11243520	6365630
11243521	3918561
11243522	2402532
11243522	3434362
11243522	3611189
11243522	5899140
11243522	5899141
11243522	9286155
11243522	11243524
11243523	4525376
11243524	2402532
11243524	3434362
11243524	3611189
11243524	5899140
11243524	5899141
11243524	9286155
11243524	11243522
11243525	10012143
11243526	4683137
11243527	3303924
11243528	1142018
11243528	2329017
11243528	2329020
11243528	2329023
11243528	11243529
11243528	11243532
11243529	1142018
11243529	2329017
11243529	2329020
11243529	2329023
11243529	11243528
11243529	11243532
11243530	284110
11243531	2094674
11243532	2329020
11243532	2329023
11243532	11243528
11243532	11243529
11243533	2664335
11243534	2664335
11243534	4411861
11243534	4411862
11243534	11243567
11243534	11243568
11243534	11243570
11243536	2664335
11243537	1000227
11243537	1020715
11243537	1052475
11243537	3151444
11243537	4451578
11243537	7481987
11243538	3151444
11243538	4451578
11243538	7481988
11243539	2776059
11243540	3151449
11243540	4278774
11243540	4278776
11243540	11243541
11243541	3151449
11243541	4278774
11243541	4278776
11243541	11243540
11243543	1015644
11243543	1495862
11243543	1938572
11243543	5467281
11243543	5585789
11243543	6794530
11243543	6794531
11243543	6794534
11243546	13250386
11243547	1015644
11243547	1495862
11243547	1938572
11243547	2176917
11243547	3105599
11243547	10756430
11243548	6164715
11243550	10996935
11243550	12273726
11243550	12273732
11243555	11243559
11243555	12899880
11243555	13046404
11243555	13046405
11243555	13046406
11243558	3223950
11243559	11243555
11243561	1350973
11243564	14005950
11243564	14005951
11243564	14005982
11243566	11001507
11243566	11662185
11243566	11662186
11243566	13492828
11243567	4411861
11243567	11243534
11243568	4411862
11243568	11243534
11243570	2664335
11243570	11243534
11243571	12053869
11243571	13040640
11243573	11242995
11243573	11243484
11243573	11243611
11243573	11243612
11243574	8667658
11243574	11243577
11243576	11242995
11243576	11243484
11243576	11243606
11243576	11243608
11243577	11243574
11243578	12874034
11243579	11243274
11243579	11243277
11243579	11243278
11243582	11243209
11243583	2563733
11243584	11243208
11243586	2563733
11243588	2563733
11243590	10047913
11243591	11243205
11243591	11243601
11243591	11243602
11243592	11243595
11243592	11243598
11243593	11243205
11243593	11243599
11243593	11243600
11243595	11243592
11243597	3333908
11243598	11243592
11243599	11243593
11243600	11243593
11243601	11243591
11243602	11243591
11243603	12053865
11243604	11243610
11243604	11243613
11243604	11243617
11243605	3333908
11243606	11242995
11243606	11243576
11243607	14005949
11243608	11242995
11243608	11243576
11243610	11243604
11243611	11242995
11243611	11243573
11243612	11242995
11243612	11243573
11243612	11648076
11243613	11243604
11243615	3502191
11243616	11029170
11243617	11243604
11243618	11243621
11243618	11243623
11243620	3502191
11243621	11243618
11243621	11243623
11243622	14005946
11243622	14005947
11243622	14005948
11243623	11243618
11243623	11243621
11243623	11243624
11243623	11244171
11243624	11243623
11243624	11244171
11243625	12053864
11243626	3419008
11243627	942545
11243629	134671
11243629	317013
11243629	914142
11243629	4443196
11243629	13671127
11243631	11243634
11243631	11243639
11243632	12053861
11243633	272660
11243634	6723213
11243634	11243631
11243634	11712490
11243634	11712491
11243634	11712492
11243634	11712493
11243634	11712494
11243635	11242832
11243636	11242832
11243637	8361350
11243639	11243631
11243640	8741040
11243641	8741040
11243642	7232323
11243643	11243645
11243644	7378675
11243645	5256790
11243645	11243643
11243645	11641282
11243646	11243647
11243646	11243648
11243647	11243646
11243648	11243646
11243649	309787
11243650	11243651
11243651	11243650
11243653	12070028
11243654	2984396
11243657	2807565
11243658	2807565
11243660	2796190
11243660	2807565
11243661	11243664
11243661	11913825
11243661	11913826
11243661	11913830
11243662	2807565
11243664	11243661
11243667	11244300
11243667	11244308
11243668	3622364
11243668	11243674
11243669	3622364
11243669	11243674
11243670	11244289
11243670	11244294
11243671	3622364
11243671	11243674
11243672	3622364
11243672	11243674
11243673	3622364
11243673	11243674
11243674	3622364
11243674	3624435
11243674	3624469
11243674	3625376
11243674	11243668
11243674	11243669
11243674	11243671
11243674	11243672
11243674	11243673
11243674	11243675
11243674	11244026
11243675	3622364
11243675	11243674
11243680	11899579
11243680	11899580
11243680	11899581
11243681	11244316
11243681	11244328
11243682	11243683
11243683	11243682
11243683	11263235
11243683	12571974
11243684	11243685
11243685	11243684
11243686	4043102
11243687	4043102
11243689	10286882
11243691	463263
11243691	1628115
11243691	1628116
11243693	3879654
11243693	11262550
11243693	11262555
11243694	3879654
11243694	11262548
11243694	11262556
11243696	9431179
11243696	9504564
11243696	10565219
11243696	11065713
11243696	11262533
11243696	11262534
11243696	11262542
11243696	12946706
11243697	11243698
11243698	11243697
11243698	12853161
11243698	12878070
11243701	11243709
11243703	11243704
11243703	11614021
11243703	13224007
11243704	11243703
11243706	2646539
11243707	2028338
11243707	2028515
11243707	2028516
11243708	3356301
11243709	11243701
11243709	11994975
11243710	13005367
11243711	134667
11243711	316982
11243711	1573987
11243712	3960720
11243712	4356526
11243713	268879
11243715	10179493
11243716	11243721
11243717	1885554
11243718	1885554
11243719	5674460
11243720	1306169
11243721	11243716
11243722	3791380
11243723	11243726
11243724	1551743
11243725	11243727
11243726	11243723
11243727	11243725
11243728	1875979
11243729	1421916
11243730	69039
11243731	2014901
11243732	1421916
11243733	3705667
11243734	346241
11243735	856293
11243736	856293
11243737	11243739
11243737	11243765
11243738	3887938
11243739	11243737
11243740	3649318
11243741	3649318
11243742	11243745
11243742	11243764
11243743	5864158
11243744	5864158
11243745	11243742
11243745	11243748
11243745	11243764
11243745	11263232
11243746	5864158
11243747	3649318
11243748	11243745
11243749	3652176
11243750	11243754
11243751	11243753
11243751	11913834
11243753	11243751
11243754	11243750
11243754	11243781
11243755	7378675
11243758	7378675
11243759	13690892
11243760	7378675
11243761	2009053
11243762	2009053
11243763	2009053
11243764	11243742
11243764	11243745
11243765	11243737
11243765	11243769
11243765	13523667
11243767	11243771
11243768	303699
11243769	11243765
11243771	11243767
11243774	3649324
11243775	11243777
11243777	11243775
11243778	3649324
11243778	13668993
11243779	54243
11243780	763319
11243780	1900777
11243781	11243754
11243782	3649391
11243783	1369220
11243784	767891
11243784	13191935
11243785	5118336
11243786	9435055
11243787	11243791
11243788	1369220
11243789	1369318
11243791	11243787
11243792	11243793
11243793	11243792
11243794	584659
11243795	584659
11243796	11202799
11243797	1417212
11243797	1417213
11243797	1417284
11243798	5657879
11243798	11077328
11243799	3674108
11243800	9522512
11243801	5060383
11243801	10896904
11243802	3674108
11243803	3674108
11243804	3674108
11243805	11243809
11243806	11243808
11243808	11243806
11243808	11243832
11243808	11263229
11243809	11243805
11243811	3674108
11243812	11243814
11243813	3674108
11243813	11243817
11243813	11243820
11243813	11263227
11243814	11243812
11243814	13865672
11243815	1275799
11243815	1275800
11243816	3674108
11243817	11243813
11243818	2662988
11243818	2683495
11243818	5726854
11243819	2662988
11243819	5726855
11243820	11243813
11243821	11243823
11243823	11243821
11243824	11243825
11243825	11243824
11243826	11243827
11243827	11243826
11243829	11243830
11243830	11243829
11243831	11243833
11243832	11243808
11243833	11243831
11243834	2255171
11243834	2944716
11243834	2944719
11243834	9507987
11243836	11240187
11243837	11243838
11243838	11243837
11243839	9534255
11243840	11240147
11243841	11240137
11243842	11240134
11243843	2111928
11243843	5868114
11243843	5889775
11243843	7262640
11243843	13685382
11243844	11240118
11243845	10131699
11243845	10133946
11243845	11215220
11243846	10131699
11243846	10133946
11243846	11215220
11243847	11240115
11243848	3023415
11243848	3436560
11243848	4122539
11243848	5109543
11243848	9674052
11243851	11240114
11243852	11243854
11243852	11889780
11243853	11240114
11243854	11243852
11243855	3750914
11243856	11243858
11243856	11243874
11243857	2588413
11243857	2588426
11243857	2588427
11243857	4735000
11243857	11243875
11243857	11243877
11243857	11243878
11243857	11243879
11243858	11243856
11243859	3133044
11243860	10490277
11243861	11243862
11243862	11243861
11243863	11243864
11243864	11243863
11243864	11243872
11243864	11243873
11243865	9553490
11243865	11243867
11243865	11243871
11243867	11243865
11243870	7267844
11243870	11244003
11243871	11243865
11243872	11243864
11243873	11243864
11243874	11243856
11243875	2588413
11243875	11243857
11243875	13523689
11243876	11243888
11243877	2588413
11243877	11243857
11243878	2588413
11243878	11243857
11243879	2588413
11243879	11243857
11243880	11243881
11243881	11243880
11243882	2588412
11243883	2588412
11243884	2588412
11243885	2588412
11243888	11243876
11243889	9205999
11243890	7054858
11243890	11243894
11243890	11889777
11243891	5399741
11243892	5399740
11243894	11243890
11243896	11243900
11243898	2270404
11243898	2270405
11243900	11243896
11243901	2270404
11243901	2270405
11243903	11243909
11243903	11243948
11243904	11243906
11243906	11243904
11243906	11263221
11243906	13351355
11243907	7699312
11243908	4749422
11243908	5158399
11243908	5158401
11243909	11243903
11243913	10647711
11243914	2407843
11243915	2407843
11243916	2011433
11243916	3804181
11243916	3976930
11243916	11243922
11243917	11240137
11243918	11240137
11243919	11243920
11243920	11243919
11243921	618082
11243921	1371500
11243921	5492172
11243921	6070762
11243921	6328644
11243921	9998970
11243921	11243925
11243921	11243929
11243922	11243916
11243923	986812
11243924	115601
11243924	401926
11243924	530149
11243924	530150
11243924	531029
11243924	567243
11243924	577050
11243924	859760
11243924	1550505
11243924	1586602
11243924	1861040
11243924	5991986
11243924	11243932
11243924	11529338
11243925	11243921
11243926	2478436
11243927	9266353
11243928	241099
11243929	3123521
11243929	11243921
11243930	12109731
11243931	6643771
11243932	11243924
11243934	11243940
11243935	11243939
11243936	2711687
11243936	11243947
11243937	6033428
11243937	7521724
11243937	12321022
11243938	6033428
11243938	7521724
11243939	11243935
11243940	11243934
11243940	13984365
11243940	13984931
11243941	10422260
11243942	6780547
11243943	1961284
11243944	8149619
11243945	1961284
11243946	12109730
11243947	11243936
11243947	11243949
11243948	11243903
11243949	11243947
11243950	1961284
11243951	11243955
11243952	421297
11243953	2245740
11243954	317741
11243954	333733
11243954	345365
11243954	476109
11243954	2245740
11243954	4121875
11243955	11243951
11243955	11263220
11243955	13101718
11243955	13229716
11243956	1354319
11243958	11243960
11243959	287682
11243959	341335
11243959	341596
11243959	341602
11243959	353675
11243959	466120
11243959	466121
11243959	471891
11243959	472086
11243959	472087
11243959	473543
11243959	473545
11243959	553609
11243959	856870
11243959	949048
11243959	1384709
11243959	1384710
11243959	1384711
11243959	1384726
11243959	1877945
11243959	3774588
11243959	4506099
11243959	11455443
11243959	11455444
11243960	11243958
11243961	9536202
11243964	3548294
11243964	3775541
11243964	11243970
11243964	11244137
11243964	11244138
11243964	11256748
11243966	2099158
11243967	11243972
11243967	11243973
11243967	11243975
11243967	11243977
11243968	3647271
11243969	9751866
11243970	11243964
11243971	3647271
11243971	11243979
11243971	13645776
11243972	11243967
11243973	11243967
11243974	3086094
11243975	11243967
11243976	11060447
11243977	11243967
11243978	963975
11243979	3647271
11243979	8508506
11243979	8508508
11243979	11243971
11243979	11243994
11243979	11244387
11243980	269311
11243981	1671835
11243981	1673370
11243981	13097061
11243982	11243984
11243983	11689588
11243983	12584180
11243984	11243982
11243984	11263218
11243985	11058526
11243985	11244042
11243986	3647271
11243987	11058524
11243988	10501143
11243988	11058523
11243988	11067259
11243988	11243997
11243988	11243998
11243988	11256747
11243988	11472995
11243988	11472996
11243988	11472997
11243988	11472998
11243989	323722
11243989	1184055
11243989	3809762
11243990	11058519
11243990	12455815
11243990	12468266
11243990	12468267
11243990	12468269
11243990	13982818
11243990	13982819
11243990	13982820
11243991	11243999
11243992	3647271
11243993	1825129
11243994	3647271
11243994	8508506
11243994	11243979
11243995	1825129
11243996	11029005
11243996	11244040
11243996	11256746
11243997	11243988
11243998	11243988
11243999	11243991
11244000	11171664
11244001	11171664
11244002	10795789
11244002	11244008
11244002	11244009
11244002	11244012
11244002	11244013
11244002	11256745
11244002	12592442
11244003	5551002
11244003	11243870
11244004	5551002
11244004	13941229
11244005	10758844
11244005	11244035
11244006	3648970
11244006	3675936
11244007	10758843
11244008	11244002
11244008	11256745
11244009	11244002
11244010	10758840
11244010	11244031
11244010	11256744
11244010	11496370
11244010	13321967
11244011	10758839
11244012	11244002
11244013	10795789
11244013	11244002
11244014	8255776
11244014	13258337
11244015	10758838
11244015	11244030
11244015	11256743
11244015	14023693
11244016	11244020
11244017	11224549
11244017	13177671
11244018	9070443
11244020	11244016
11244020	11244106
11244021	10758835
11244022	9366229
11244022	13229633
11244023	10840953
11244023	13310648
11244024	8169058
11244024	13617361
11244025	9053408
11244026	3622364
11244026	3625376
11244026	11243674
11244026	13870343
11244027	11193548
11244028	8976841
11244029	8761650
11244030	11244015
11244030	11244039
11244031	11244010
11244031	11496370
11244032	3648970
11244033	10992105
11244034	9670335
11244035	11244005
11244036	6780547
11244036	9073612
11244037	2334368
11244037	4498075
11244037	4667218
11244037	4671516
11244038	10898913
11244038	13228017
11244039	11244030
11244040	11243996
11244041	11039027
11244042	11243985
11244042	11263215
11244043	8132113
11244044	11244050
11244045	7563065
11244046	11244135
11244046	11244136
11244047	11244049
11244048	9053371
11244049	11244047
11244050	11244044
11244051	5750481
11244052	8132121
11244053	8249151
11244054	10574528
11244055	8249151
11244056	8249151
11244057	8816122
11244058	10023491
11244059	10103159
11244059	13199661
11244060	10231863
11244061	2870519
11244062	2870519
11244063	1796663
11244064	2870519
11244065	7841370
11244066	8243808
11244067	8614197
11244068	10149265
11244069	10214218
11244070	10232606
11244071	10232775
11244071	13176867
11244071	13176868
11244072	10235609
11244073	1316367
11244074	10235610
11244075	10861731
11244076	1797707
11244077	1797707
11244078	10861732
11244079	10861733
11244079	13139116
11244079	13192467
11244080	10993298
11244081	11195769
11244082	11195895
11244082	13195271
11244083	2542102
11244084	11207823
11244085	11209831
11244086	2542102
11244087	1828460
11244088	1828462
11244088	13138947
11244088	13138950
11244088	13138952
11244089	5270536
11244090	7828122
11244090	13168287
11244090	13245211
11244091	7829330
11244092	2542102
11244093	8243856
11244093	13531665
11244094	8247623
11244094	11975497
11244095	2542102
11244095	11244098
11244096	8276069
11244097	9375379
11244098	11244095
11244099	10066851
11244100	4081146
11244101	3064601
11244103	2443586
11244104	11244119
11244105	11244107
11244106	11244020
11244107	11244105
11244110	13456604
11244113	11244116
11244114	11244115
11244115	11244114
11244115	12555008
11244116	11244113
11244116	11244132
11244117	2407843
11244117	2415309
11244117	5311769
11244117	8929470
11244118	11244122
11244119	11244104
11244119	11244131
11244119	11568818
11244120	1206030
11244120	11244126
11244121	824548
11244122	11244118
11244123	1206030
11244123	1216247
11244123	1674566
11244123	11244125
11244123	11244126
11244124	4626849
11244125	1206030
11244125	1674566
11244125	11244123
11244125	11244126
11244126	1206029
11244126	1206030
11244126	1207103
11244126	1208076
11244126	1216247
11244126	1322324
11244126	1323047
11244126	1674566
11244126	2030206
11244126	3675763
11244126	3675769
11244126	3675954
11244126	4351651
11244126	4351656
11244126	4353031
11244126	7010273
11244126	7010274
11244126	11244120
11244126	11244123
11244126	11244125
11244126	11244128
11244126	11263213
11244128	1206030
11244128	11244126
11244129	1704647
11244130	9489796
11244130	11244133
11244131	11244119
11244132	11244116
11244133	11244130
11244133	11263212
11244133	11444459
11244134	1819958
11244134	2991858
11244135	11244046
11244135	13857690
11244136	11244046
11244137	11243964
11244137	11256748
11244138	11243964
11244138	11256748
11244139	3260088
11244140	1444090
11244141	3260088
11244142	3260088
11244143	13444694
11244143	13444700
11244144	4423435
11244145	9535454
11244146	11616668
11244147	11244150
11244148	4524471
11244150	11244147
11244151	7956546
11244153	8004931
11244154	11244158
11244155	3636197
11244155	5220977
11244156	499007
11244156	11244162
11244157	3636197
11244158	11244154
11244159	11236338
11244160	5527775
11244161	6771685
11244161	6771688
11244161	6900573
11244161	13490068
11244162	11244156
11244163	7872202
11244165	5014578
11244165	13104099
11244166	10467672
11244167	10467671
11244168	10467671
11244169	89381
11244169	314330
11244169	11236385
11244170	10467676
11244171	11243623
11244171	11243624
11244171	11648081
11244172	11244176
11244173	10467677
11244174	2278254
11244175	10467678
11244176	11244172
11244177	11244181
11244178	11244188
11244180	10467679
11244181	11244177
11244181	11244314
11244182	10467680
11244183	11244195
11244184	11244186
11244186	11244184
11244188	11244178
11244188	11244201
11244188	13211294
11244189	3636196
11244191	11244194
11244192	11242995
11244192	11243484
11244192	11648075
11244193	11236453
11244193	11327736
11244193	13559609
11244194	11244191
11244195	11244183
11244196	11243385
11244197	3636196
11244198	11243383
11244199	2988739
11244200	11243365
11244200	11243366
11244200	11648067
11244201	11244188
11244203	7550196
11244203	11244598
11244203	11263210
11244206	11243209
11244206	11648064
11244208	11207171
11244208	13357990
11244211	11238626
11244211	11263208
11244212	11243028
11244212	11648059
11244212	12247118
11244212	12247389
11244215	7550196
11244216	12456961
11244217	11242745
11244217	11242746
11244217	11648051
11244218	13686177
11244221	11242708
11244221	11648032
11244221	11648047
11244222	12849754
11244223	2111505
11244226	11115103
11244226	11239869
11244226	11327733
11244227	11792423
11244229	11242553
11244229	11242554
11244229	11648024
11244232	7791607
11244232	11242509
11244232	11630289
11244235	863244
11244236	13732856
11244238	2296382
11244238	2328013
11244238	8946961
11244238	8946962
11244238	8946963
11244238	8946964
11244238	8946965
11244238	8946966
11244240	13710600
11244241	7584073
11244241	9637494
11244241	11239872
11244241	11244311
11244241	11263163
11244241	13228966
11244242	11244251
11244244	3907080
11244244	11242460
11244244	11246162
11244244	11630284
11244250	12551715
11244251	11244242
11244255	11244262
11244255	11244724
11244258	13456030
11244258	13456032
11244262	11244255
11244264	11244266
11244266	11244264
11244268	12503544
11244269	4135354
11244269	11244281
11244271	12603599
11244275	5732003
11244275	11889764
11244276	5454810
11244278	3732501
11244278	11244280
11244280	3732501
11244280	11244278
11244280	13858437
11244281	11244269
11244284	2047133
11244284	3643857
11244286	1418323
11244286	11245330
11244289	11243670
11244289	11889719
11244294	11243670
11244295	11244296
11244296	11244295
11244296	11263161
11244300	11243667
11244301	1349175
11244308	11243667
11244309	11244310
11244310	11244309
11244311	11244241
11244312	11241247
11244314	11244181
11244315	11030183
11244316	11243681
11244316	11890187
11244319	2470801
11244321	11244323
11244321	12058524
11244322	8924592
11244322	11242983
11244322	11263160
11244322	11323585
11244322	11323586
11244322	13833559
11244323	11244321
11244324	11243407
11244324	11263159
11244326	13254931
11244328	11243681
11244328	13843316
11244331	10996852
11244331	11244332
11244332	11244331
11244334	4734574
11244334	8828830
11244334	11258093
11244335	11243211
11244336	5467144
11244336	11244337
11244336	11244338
11244337	11244336
11244338	5467144
11244338	11244336
11244338	11263158
11244339	11243211
11244340	57641
11244340	575926
11244341	695241
11244341	695249
11244341	2033353
11244341	2324641
11244341	2748587
11244341	5246066
11244344	6439515
11244344	9760269
11244345	11244346
11244346	11244345
11244347	11243213
11244347	13284149
11244348	11244349
11244348	11244369
11244348	11244370
11244349	11244348
11244349	11263156
11244350	11243213
11244351	11244354
11244351	11244357
11244351	11244359
11244351	11244361
11244351	11244363
11244351	11244364
11244351	11244365
11244351	11244366
11244351	11244368
11244351	11244378
11244351	12310604
11244351	12328354
11244351	12328355
11244352	11243320
11244352	11889464
11244352	11889806
11244353	2141936
11244353	2622626
11244354	11244351
11244356	11243320
11244357	11244351
11244358	11244360
11244358	11244367
11244359	11244351
11244359	11244364
11244360	11244358
11244360	11263155
11244361	11244351
11244361	11244364
11244362	11243216
11244363	11244351
11244363	11244364
11244364	11244351
11244364	11244359
11244364	11244361
11244364	11244363
11244364	11244366
11244364	11244378
11244365	11244351
11244366	11244351
11244366	11244364
11244366	11244378
11244366	11263153
11244366	12310604
11244367	11244358
11244368	11244351
11244369	11244348
11244370	11244348
11244371	9534278
11244371	9534287
11244371	9793915
11244372	9534278
11244372	9534287
11244372	9793915
11244373	2647806
11244373	9793916
11244373	10708623
11244374	6526512
11244375	129235
11244375	276472
11244375	2092004
11244375	13557670
11244376	2276089
11244376	2504852
11244376	2504853
11244377	11024915
11244378	11244351
11244378	11244364
11244378	11244366
11244378	12310604
11244379	10999926
11244380	10999926
11244381	10370418
11244381	10371222
11244382	10370418
11244384	11243354
11244384	11243359
11244384	11243365
11244384	11243366
11244385	10713026
11244385	13111074
11244385	13111076
11244387	3647271
11244387	8508506
11244387	8508508
11244387	11243979
11244388	9859874
11244388	9859881
11244388	9859882
11244388	13555166
11244388	13555167
11244389	13583304
11244389	13583305
11244394	7737608
11244398	25566
11244399	25566
11244400	9988263
11244401	9988251
11244402	9097090
11244403	9988251
11244404	260484
11244405	5515175
11244405	5515396
11244405	9176212
11244405	9176251
11244406	1860676
11244406	7199763
11244406	10468206
11244407	1860676
11244407	7199763
11244407	10468206
11244408	1860676
11244408	7199763
11244408	11521047
11244410	6958796
11244411	5617471
11244411	11049738
11244412	3818677
11244412	10766616
11244412	11244414
11244413	4500419
11244413	11244415
11244414	3818677
11244414	10766616
11244414	10766625
11244414	11244412
11244415	4500419
11244415	11244413
11244416	3818677
11244417	7477122
11244418	7477122
11244419	11244420
11244420	11244419
11244421	3477786
11244422	3477786
11244422	11245285
11244423	11241980
11244424	3557079
11244424	4649336
11244424	9521084
11244424	11889452
11244425	4649337
11244425	9521084
11244425	11889451
11244426	11238619
11244426	11453647
11244427	12062683
11244429	13267434
11244433	12110348
11244433	12110349
11244434	12110347
11244435	12110345
11244436	10226645
11244436	10226648
11244436	10226650
11244436	12737001
11244437	12110344
11244441	12110318
11244442	12109742
11244443	12112969
11244444	2403122
11244445	12112968
11244447	12112963
11244449	5558686
11244449	7635937
11244449	11244502
11244450	434820
11244450	10792826
11244451	434820
11244451	4636492
11244456	12110435
11244460	12110418
11244463	12110414
11244464	12110413
11244466	12110391
11244468	12110390
11244472	11483445
11244473	70655
11244474	12112974
11244476	11244479
11244476	11268943
11244476	11345558
11244476	11392731
11244476	11508113
11244476	11841254
11244476	13247408
11244476	13247413
11244479	11244476
11244479	11392731
11244479	11508113
11244481	12112972
11244482	253468
11244483	12112971
11244485	12434862
11244486	425154
11244487	8208718
11244488	9013903
11244489	7470564
11244490	11140117
11244490	11140201
11244490	11144885
11244490	11147236
11244490	11147239
11244490	11244491
11244491	11140117
11244491	11140201
11244491	11144885
11244491	11147236
11244491	11147239
11244491	11244490
11244492	11244493
11244492	11244496
11244492	11244498
11244492	12895377
11244492	12895378
11244493	11244492
11244493	11244498
11244494	12910287
11244495	6274325
11244496	11244492
11244497	11240148
11244497	11240149
11244497	12734354
11244497	12885151
11244497	12885152
11244497	13359622
11244497	13360798
11244497	13360807
11244497	13383019
11244497	13383024
11244497	13384088
11244497	13384089
11244497	13384090
11244497	13386170
11244497	13386176
11244497	13386325
11244497	13386328
11244497	13386750
11244498	11244492
11244498	11244493
11244499	1145484
11244499	13382725
11244499	13382726
11244500	11241499
11244501	1911965
11244502	11244449
11244502	11381137
11244502	12313288
11244502	12313291
11244504	2239574
11244504	11585797
11244505	2239574
11244505	11585797
11244506	1858850
11244506	11163958
11244507	4265892
11244507	5322676
11244508	5322676
11244509	3613319
11244510	54604
11244511	7027556
11244512	5810673
11244513	2724584
11244514	6846728
11244515	6644366
11244516	266570
11244516	5544725
11244517	10158407
11244518	20432
11244518	13579974
11244519	2111500
11244520	455833
11244520	1164098
11244520	6889988
11244521	687646
11244521	1458160
11244522	3953931
11244522	10646855
11244523	854117
11244523	1181558
11244524	36809
11244525	1265548
11244526	38387
11244526	382973
11244526	408300
11244526	416709
11244526	507551
11244526	610114
11244526	1483682
11244526	3120141
11244526	3689041
11244526	3689042
11244526	3892814
11244526	4568011
11244526	4708223
11244526	5403896
11244526	5973369
11244526	10131274
11244526	10626981
11244526	11005168
11244526	11737281
11244526	13631231
11244527	11260478
11244529	8645500
11244530	9776834
11244531	1619718
11244532	11244533
11244532	13207728
11244533	11244532
11244533	11380926
11244533	13207728
11244533	13223267
11244534	9159094
11244535	1904400
11244536	1435876
11244537	1849026
11244537	11295408
11244538	1485294
11244538	1692682
11244539	65670
11244539	3123416
11244540	9939266
11244541	985805
11244542	2103156
11244543	1268452
11244543	11248585
11244544	4594552
11244544	11248583
11244544	12712898
11244545	983469
11244546	1135936
11244546	4009242
11244546	13061320
11244547	2386921
11244548	9754361
11244549	57281
11244550	10047867
11244550	10348097
11244550	11244588
11244551	2541109
11244551	13202188
11244552	722608
11244552	723510
11244552	911502
11244553	9943084
11244554	9943084
11244555	10196679
11244555	11244562
11244555	12303537
11244557	1534168
11244558	403068
11244558	6443807
11244559	403068
11244559	687904
11244560	10131583
11244560	10131584
11244561	899506
11244562	10196679
11244562	11244555
11244562	11244563
11244563	11244562
11244563	11244572
11244564	1641754
11244565	7016178
11244565	12967705
11244566	10792142
11244567	7957049
11244568	1764868
11244569	1020890
11244570	7682379
11244571	1441989
11244572	11244563
11244573	8695926
11244574	9185105
11244575	370703
11244576	370703
11244577	10308100
11244578	1926032
11244579	4871317
11244579	11244581
11244579	11256742
11244579	11473002
11244579	11473004
11244579	12524391
11244580	10812582
11244581	11244579
11244581	11473002
11244581	12524391
11244581	13466321
11244582	10812563
11244583	12278306
11244583	12278307
11244583	12314420
11244583	12314456
11244583	12314458
11244583	12314459
11244583	12314462
11244583	12317137
11244583	12317140
11244583	12317142
11244583	12317143
11244584	10812562
11244585	10812560
11244585	10812561
11244586	3821614
11244587	2111563
11244588	10348097
11244588	11244550
11244589	2711697
11244590	6684268
11244591	10812518
11244592	10812517
11244593	3833632
11244594	10812515
11244595	10812499
11244596	3833632
11244597	3833632
11244598	11244203
11244599	10812209
11244600	10812509
11244601	2561581
11244602	10812513
11244603	1724215
11244604	1724215
11244605	1724215
11244606	11199161
11244607	2969508
11244608	3865398
11244609	6718673
11244610	6718673
11244611	4491163
11244612	6718673
11244614	11244623
11244615	10102043
11244616	5077332
11244617	8633433
11244618	10775493
11244619	5280847
11244620	10775491
11244621	10775489
11244622	10775429
11244623	11244614
11244624	5295843
11244625	10718843
11244626	11244629
11244627	10540964
11244628	9929518
11244629	11244626
11244630	9699778
11244631	6456021
11244632	10775452
11244633	1645965
11244634	9697648
11244635	9697586
11244636	9020898
11244637	9020897
11244638	8314463
11244639	8728710
11244640	8314452
11244641	8230920
11244642	4775545
11244643	8230918
11244644	8230917
11244645	9676883
11244646	8230942
11244647	8230943
11244648	8314480
11244649	1013025
11244650	9020892
11244651	9020891
11244653	10288390
11244654	9020890
11244655	9018944
11244656	8994537
11244657	6568351
11244658	10211101
11244660	10344435
11244660	11744824
11244661	11244665
11244662	1998302
11244662	12350244
11244662	12350245
11244662	12350246
11244663	1536191
11244664	8119693
11244664	13878777
11244665	11244661
11244666	8495368
11244666	13101039
11244666	13101041
11244667	8182415
11244667	13103212
11244668	9115093
11244669	11018160
11244669	11349402
11244670	10228845
11244671	10228852
11244672	11115739
11244673	11115738
11244673	11115740
11244674	2875227
11244674	12685688
11244675	9098627
11244675	13211578
11244676	1665218
11244677	9030502
11244678	9030503
11244679	9030505
11244680	9030512
11244680	13146086
11244681	9030514
11244681	13148163
11244682	10876101
11244683	11011094
11244684	10836247
11244685	1709198
11244686	1709220
11244687	7757664
11244688	8022936
11244688	13637007
11244689	8135637
11244690	8169471
11244691	10341198
11244691	10341200
11244691	10348993
11244692	8249710
11244693	8495279
11244694	10327662
11244694	10327663
11244694	10332281
11244695	7748732
11244695	12842050
11244695	13223941
11244695	13223943
11244696	7748733
11244696	11590614
11244697	7811479
11244697	7863831
11244697	13800076
11244698	8237303
11244699	8297225
11244699	12554762
11244699	13108142
11244699	13108143
11244699	13108144
11244699	13180850
11244700	10230548
11244701	7747178
11244702	7747200
11244703	7747223
11244704	7747273
11244704	14016793
11244705	2487648
11244706	7747686
11244706	8147134
11244707	8253367
11244707	13179072
11244707	13179074
11244708	8551918
11244709	8588961
11244710	10062262
11244711	10062263
11244712	11195986
11244712	13148593
11244713	1699884
11244714	8130099
11244715	8546608
11244716	8849865
11244717	9774916
11244718	10069493
11244719	10231368
11244720	1776105
11244721	8130181
11244721	13812198
11244722	8130166
11244723	1140939
11244724	11244255
11244731	13022139
11244735	11244739
11244736	5799530
11244737	9952769
11244738	7552353
11244738	7817602
11244738	12571955
11244739	11244735
11244740	11244742
11244741	8080381
11244742	11244740
11244743	391886
11244744	11244745
11244745	11244744
11244746	13233115
11244746	13233116
11244747	11116215
11244747	12445849
11244748	11244751
11244750	7094001
11244751	11244748
11244753	5776937
11244753	5777214
11244753	5777601
11244753	5778500
11244753	5778725
11244753	5785028
11244753	7778464
11244755	6819478
11244756	11244757
11244757	11244756
11244759	12074774
11244760	11791329
11244766	11763181
11244766	11774503
11244767	12384889
11244767	13066961
11244769	11881508
11244769	11881509
11244769	12520460
11244786	11930211
11244787	11619766
11244787	12068780
11244788	12121142
11244790	11665534
11244794	11863690
11244796	12366714
11244798	7765366
11244798	7766850
11244798	8923724
11244798	11889445
11244800	12478280
11244800	13308779
11244804	9031899
11244804	9034474
11244804	9034475
11244804	9034476
11244804	9034477
11244804	11683498
11244808	12409715
11244810	11638695
11244812	12061081
11244813	889165
11244813	2724115
11244813	5987816
11244814	11953525
11244815	11616318
11244818	6684966
11244818	13806799
11244821	11774528
11244821	11774530
11244821	11774531
11244821	11774534
11244824	9974465
11244824	11889426
11244824	11889427
11244825	6062163
11244826	11244830
11244826	11244834
11244826	11245342
11244826	11245343
11244826	11245344
11244826	13594613
11244827	11836001
11244828	11250224
11244829	11763183
11244829	11774504
11244830	11244826
11244830	11244834
11244830	13594613
11244832	239085
11244832	11889381
11244832	12360672
11244832	12360673
11244833	12071059
11244833	12071060
11244833	12071061
11244834	11244826
11244834	11244830
11244835	11430591
11244835	11615781
11244836	11600230
11244836	11600231
11244836	11600232
11244836	11600233
11244837	2014707
11244837	6592825
11244838	12376407
11244838	12376408
11244843	2801166
11244843	12505353
11244846	2801166
11244851	11668324
11244853	13168993
11244853	13168996
11244859	11927524
11244860	3143793
11244861	11719803
11244863	12409039
11244866	11477910
11244866	11712288
11244866	13074089
11244866	13074090
11244872	11792442
11244883	12408919
11244884	12054659
11244888	13536861
11244888	13536862
11244890	11763184
11244890	12880470
11244893	5357058
11244900	11643942
11244900	13169119
11244902	2869124
11244904	10535279
11244906	11430603
11244906	11615783
11244910	11953527
11244910	13321357
11244911	13536863
11244911	13536864
11244912	11823891
11244912	11823892
11244914	11758065
11244916	11522343
11244916	11619767
11244916	13536849
11244916	13536850
11244918	13536857
11244918	13536858
11244919	11244930
11244921	11251257
11244924	13377352
11244929	1269139
11244930	11244919
11244932	12493356
11244933	11690998
11244939	1331916
11244947	450040
11244948	11773993
11244950	12409131
11244952	2840892
11244952	13238808
11244954	11406194
11244955	11920083
11244956	11547123
11244956	11901264
11244958	8664548
11244962	11615784
11244964	11911375
11244964	11911379
11244964	11911381
11244965	7290530
11244966	5485373
11244972	3601292
11244975	12059579
11244977	11560466
11244978	11774206
11244979	9001172
11244986	11840245
11244989	1000582
11244992	11749110
11244992	11749111
11244996	2342873
11244998	11654564
11244998	11914090
11244998	13619450
11245001	12410678
11245003	7731160
11245005	11691422
11245005	11691423
11245006	11691424
11245008	11245017
11245011	12514854
11245011	12514856
11245012	2807276
11245015	11540619
11245015	13006713
11245015	13006715
11245015	13006724
11245015	13006729
11245015	13006740
11245015	13006753
11245017	11245008
11245021	2965322
11245022	11694593
11245025	11691451
11245029	11560325
11245032	2124441
11245037	2124441
11245042	11656029
11245042	11656031
11245044	11643625
11245044	11746454
11245045	12122408
11245050	12410162
11245051	12377631
11245052	11430614
11245052	11615785
11245053	10464457
11245062	12376571
11245063	11712495
11245064	11615786
11245067	11988365
11245068	11655995
11245072	11659213
11245072	11659215
11245074	11962049
11245075	11719806
11245077	11771401
11245080	11654432
11245084	1783782
11245084	11245087
11245086	11844058
11245087	1783782
11245087	11245084
11245095	11620058
11245095	12519078
11245096	11248187
11245096	12376572
11245097	11177992
11245097	11245337
11245097	11245338
11245097	11245346
11245097	11245347
11245107	11245120
11245107	12493881
11245108	3095590
11245111	11664204
11245116	11245350
11245116	11245351
11245117	644456
11245118	2133507
11245119	3779102
11245120	11245107
11245122	11245126
11245123	11245124
11245124	11245123
11245124	11889357
11245125	6065029
11245126	11245122
11245126	11266383
11245127	8528227
11245128	8528227
11245129	4282339
11245130	9528008
11245131	9117068
11245132	5000550
11245132	11245133
11245133	5000550
11245133	5000556
11245133	11245132
11245133	11374861
11245134	2208347
11245134	11245135
11245135	11245134
11245136	11245137
11245137	11245136
11245138	11245139
11245138	11245899
11245139	11245138
11245140	11245146
11245140	11916255
11245140	13815831
11245140	13815832
11245141	11245142
11245142	11245141
11245143	11245147
11245143	11916254
11245144	11245145
11245145	11245144
11245145	11381125
11245145	12313299
11245145	12313301
11245145	12313303
11245145	12313304
11245146	11245140
11245147	11245143
11245148	11245149
11245148	11789217
11245148	12854326
11245149	11245148
11245150	11245152
11245151	3543842
11245152	11245150
11245152	12804198
11245155	11245156
11245155	11889346
11245156	11245155
11245157	11245160
11245158	11245170
11245158	11889343
11245159	11245163
11245160	11245157
11245161	11245183
11245163	11245159
11245164	11245169
11245165	12298464
11245167	12054306
11245169	11245164
11245170	11245158
11245173	12000193
11245174	11245176
11245174	11245192
11245175	11930233
11245176	11245174
11245176	11889340
11245178	11245186
11245179	11911734
11245179	11911735
11245181	12172963
11245183	11245161
11245186	8831409
11245186	11245178
11245187	2579126
11245187	10248212
11245187	11245191
11245191	11245187
11245192	11245174
11245192	11381130
11245192	11456691
11245192	12313293
11245192	12313294
11245192	12313297
11245195	12012900
11245197	13837950
11245198	11246150
11245198	11684537
11245199	11245205
11245199	11889295
11245199	12228761
11245199	12228766
11245199	12228768
11245199	12228887
11245199	12229388
11245199	12256936
11245199	12444237
11245200	13488264
11245205	11245199
11245208	11245221
11245210	13576131
11245212	12519497
11245219	11927505
11245219	11927506
11245220	12618753
11245220	12618754
11245220	12618755
11245221	11245208
11245221	11889297
11245223	11245225
11245225	11245223
11245225	11889316
11245228	11668325
11245228	11668326
11245231	12183358
11245234	11920183
11245234	11920185
11245236	11668327
11245236	11668328
11245239	12120844
11245241	13698057
11245241	13698059
11245245	11889334
11245245	11889335
11245247	4493647
11245247	4794239
11245249	11889325
11245249	12808375
11245251	11889326
11245251	11889328
11245252	5191610
11245253	13366153
11245255	11760227
11245256	13363118
11245256	13365075
11245258	11760224
11245259	13311919
11245261	11760638
11245261	11760666
11245261	13503202
11245263	3022857
11245264	13367728
11245268	11505306
11245269	12004044
11245273	11245274
11245273	11245275
11245274	11245273
11245274	11285029
11245275	11245273
11245276	11245277
11245277	11245276
11245279	11245280
11245279	11245281
11245280	11245279
11245281	11245279
11245282	11245283
11245282	11245284
11245282	11245287
11245282	11245288
11245282	11245290
11245282	11245291
11245282	11245292
11245282	11245293
11245282	11245294
11245282	11245340
11245282	11247631
11245282	11247632
11245283	11245282
11245283	11245287
11245283	11245340
11245283	11247631
11245283	11247632
11245284	11245282
11245285	11244422
11245286	10820264
11245286	12769483
11245286	13501242
11245286	13524667
11245287	11245282
11245287	11245283
11245287	11245288
11245287	11245291
11245287	11245293
11245287	11245340
11245287	11247631
11245287	11247632
11245288	11245282
11245288	11245287
11245288	11245340
11245288	11247631
11245288	11247632
11245289	881644
11245289	11242633
11245290	11245282
11245290	11247631
11245290	11247632
11245291	11245282
11245291	11245287
11245291	11245340
11245291	11247631
11245291	11247632
11245292	11245282
11245293	11245282
11245293	11245287
11245293	11245340
11245293	11247631
11245293	11247632
11245293	11266382
11245294	11245282
11245295	11245296
11245295	11245297
11245295	11245299
11245295	11245300
11245295	11245301
11245295	11245302
11245295	11245303
11245295	11245304
11245295	11245305
11245295	13707698
11245296	11245295
11245297	11245295
11245298	4114415
11245298	9794384
11245299	11245295
11245299	11245301
11245300	11245295
11245300	11245301
11245301	11245295
11245301	11245299
11245301	11245300
11245301	11245302
11245301	11245304
11245302	11245295
11245302	11245301
11245303	11245295
11245304	11245295
11245304	11245301
11245304	11245325
11245305	11245295
11245306	11245308
11245307	40162
11245307	12782023
11245308	11245306
11245309	11669619
11245311	11245313
11245311	11245318
11245311	11245319
11245311	11245320
11245311	11245323
11245311	11245326
11245311	11245332
11245311	11245334
11245311	11245335
11245312	11245314
11245313	11245311
11245314	11245312
11245318	11245311
11245319	11245311
11245320	11245311
11245321	11245322
11245322	11245321
11245323	11245311
11245323	11245334
11245325	11245304
11245326	11245311
11245327	11245328
11245328	11245327
11245329	11245331
11245330	1417967
11245330	11244286
11245331	11245329
11245331	11266381
11245332	11245311
11245333	1418279
11245333	1418324
11245333	11245336
11245334	11245311
11245334	11245323
11245335	11245311
11245336	1418279
11245336	11245333
11245337	11245097
11245337	11245346
11245337	11245347
11245338	11245097
11245338	11245346
11245338	11245347
11245339	11245341
11245340	11245282
11245340	11245283
11245340	11245287
11245340	11245288
11245340	11245291
11245340	11245293
11245341	11245339
11245342	11244826
11245342	13594613
11245343	11244826
11245343	13594613
11245344	11244826
11245346	11177992
11245346	11245097
11245346	11245337
11245346	11245338
11245347	11177992
11245347	11245097
11245347	11245337
11245347	11245338
11245348	492172
11245348	841686
11245349	492170
11245349	11245401
11245350	11245116
11245351	11245116
11245352	841686
11245352	1792020
11245353	3616390
11245353	3763308
11245354	8236964
11245355	9704881
11245356	9704881
11245357	9704881
11245358	9704881
11245360	11245366
11245360	11245369
11245360	11245372
11245360	11245373
11245360	11245376
11245360	11245468
11245360	11245478
11245361	39965
11245361	365617
11245361	11245364
11245362	39965
11245363	11245367
11245363	11245371
11245363	11245372
11245363	11245374
11245363	11245459
11245363	11246981
11245364	11245361
11245365	881644
11245366	11245360
11245366	11245369
11245366	11245373
11245366	11245468
11245366	12438544
11245366	13288897
11245366	13288898
11245366	13288903
11245366	13288904
11245367	11245363
11245367	11245371
11245367	11245372
11245367	11245374
11245367	11245459
11245367	12438545
11245368	881644
11245369	11245360
11245369	11245366
11245369	11245373
11245369	13882869
11245370	881644
11245371	11245363
11245371	11245367
11245371	11245374
11245371	11246981
11245371	13882856
11245372	11245360
11245372	11245363
11245372	11245367
11245372	11245375
11245372	11245376
11245372	11245478
11245372	11246974
11245372	11246981
11245372	13882864
11245373	11245360
11245373	11245366
11245373	11245369
11245373	11245468
11245374	11245363
11245374	11245367
11245374	11245371
11245374	11245459
11245374	11246981
11245375	11245372
11245375	11245376
11245375	11245478
11245375	11245485
11245375	11246974
11245376	11245360
11245376	11245372
11245376	11245375
11245376	11245474
11245376	11245476
11245376	11245478
11245376	11245485
11245377	5168487
11245378	1472822
11245378	11245383
11245378	11444466
11245379	5168487
11245379	10809360
11245379	11245384
11245379	11246973
11245380	6887212
11245380	8646190
11245381	6887212
11245381	12555566
11245382	6887212
11245382	12555566
11245383	11245378
11245383	11444463
11245383	11444466
11245384	11245379
11245384	11246973
11245387	11245570
11245388	11883692
11245391	13650218
11245399	3396838
11245400	3396838
11245401	11245349
11245401	11616673
11245402	13458733
11245403	3396838
11245406	13467729
11245408	1890736
11245408	11245409
11245409	11245408
11245410	3046048
11245411	11245412
11245411	11245415
11245411	11245419
11245411	11245421
11245411	11245424
11245411	11245428
11245411	11245432
11245411	11245434
11245411	11245438
11245411	11245453
11245412	11245411
11245412	11245419
11245412	11253274
11245415	11245411
11245416	11245418
11245417	3729129
11245418	11245416
11245419	11245411
11245419	11245412
11245419	11253274
11245421	11245411
11245421	11245424
11245421	11245453
11245422	12507891
11245423	3824231
11245423	5895988
11245424	11245411
11245424	11245421
11245424	11245428
11245424	11245434
11245425	12749561
11245428	11245411
11245428	11245424
11245429	249521
11245432	11245411
11245434	11245411
11245434	11245424
11245434	11263150
11245437	13029335
11245438	11245411
11245439	1950731
11245440	13990399
11245441	1950731
11245442	1950731
11245443	2280386
11245444	11245446
11245445	412449
11245446	11245444
11245446	11997641
11245446	11997682
11245447	1950731
11245447	2024955
11245447	2024956
11245447	11245449
11245448	1950731
11245448	2024955
11245448	2024956
11245449	11245447
11245450	412449
11245451	11245452
11245451	11245455
11245451	11245457
11245451	11245458
11245451	11245461
11245451	11245466
11245451	11245472
11245451	11245473
11245451	11258067
11245452	11245451
11245453	11245411
11245453	11245421
11245454	7384778
11245454	7384779
11245455	11245451
11245456	1891022
11245456	2765749
11245457	11245451
11245458	11245451
11245458	11254094
11245458	11254096
11245459	11245363
11245459	11245367
11245459	11245374
11245460	11246361
11245460	11246365
11245461	11245451
11245462	1710430
11245463	11246367
11245463	11246369
11245464	7655
11245464	128305
11245464	251602
11245464	400203
11245464	874369
11245464	8918371
11245465	11070443
11245466	11245451
11245467	1935358
11245468	11245360
11245468	11245366
11245468	11245373
11245469	2845639
11245470	2957278
11245470	7126275
11245471	10225431
11245472	11245451
11245473	11245451
11245474	11245376
11245474	11245478
11245475	5100105
11245476	11245376
11245476	11245478
11245477	436325
11245477	469786
11245478	11245360
11245478	11245372
11245478	11245375
11245478	11245376
11245478	11245474
11245478	11245476
11245478	11245485
11245480	11241178
11245480	11241181
11245482	6248764
11245483	3777072
11245483	3803808
11245483	5624785
11245484	1350495
11245484	1350497
11245485	11245375
11245485	11245376
11245485	11245478
11245486	11245488
11245486	11245490
11245486	11245491
11245486	11245493
11245486	11245495
11245486	11245497
11245486	11245498
11245486	11245499
11245486	11245500
11245486	11245502
11245486	11245503
11245486	11245505
11245486	12481231
11245487	3272704
11245487	8475665
11245488	11245486
11245489	11246377
11245489	11246380
11245490	11245486
11245491	11245486
11245492	11176044
11245492	11176045
11245493	11245486
11245493	11245499
11245494	3793302
11245494	11246382
11245495	11245486
11245496	5167620
11245496	5167621
11245496	8475780
11245496	9268982
11245497	11245486
11245498	11245486
11245499	11245486
11245499	11245493
11245499	11245500
11245500	11245486
11245500	11245499
11245501	1213662
11245502	11245486
11245503	11245486
11245504	6142556
11245505	11245486
11245506	11245507
11245506	11245509
11245506	11245511
11245506	11245513
11245506	11245514
11245506	11245515
11245506	11245520
11245506	11245522
11245507	11245506
11245509	11245506
11245510	8553619
11245511	11245506
11245512	8553619
11245513	11245506
11245514	11245506
11245515	11245506
11245517	3914100
11245517	4251145
11245517	7108127
11245518	3914100
11245518	13528636
11245519	3914101
11245520	11245506
11245521	3068370
11245522	11245506
11245522	11246070
11245523	2241409
11245523	2840240
11245523	4502708
11245523	4503897
11245523	4777536
11245523	8065050
11245524	11240395
11245524	11242564
11245525	11245527
11245525	11245529
11245525	11245530
11245525	11245533
11245525	11245537
11245525	11245539
11245525	11245541
11245525	11245543
11245525	11245544
11245525	11245545
11245525	11245549
11245525	11245550
11245525	11246141
11245525	13656057
11245525	13656061
11245525	13656062
11245525	13656063
11245526	11245528
11245526	11845600
11245527	11245525
11245528	11245526
11245529	11245525
11245530	11245525
11245531	2540947
11245531	9760302
11245532	8723327
11245533	11245525
11245533	11245544
11245533	13656061
11245533	13656063
11245534	8089189
11245535	8723327
11245536	3883719
11245536	8089190
11245537	11245525
11245537	11245544
11245537	13656057
11245537	13656062
11245538	3883599
11245539	11245525
11245539	11245550
11245539	13656061
11245539	13656063
11245540	3883599
11245541	11245525
11245541	11245544
11245542	5725806
11245543	11245525
11245543	11245550
11245543	13656057
11245543	13656061
11245543	13656062
11245543	13656063
11245544	11245525
11245544	11245533
11245544	11245537
11245544	11245541
11245544	11245549
11245544	11245550
11245544	13656057
11245544	13656061
11245544	13656062
11245544	13656063
11245545	11245525
11245546	2044002
11245546	2044013
11245546	10748536
11245549	11245525
11245549	11245544
11245550	11245525
11245550	11245539
11245550	11245543
11245550	11245544
11245550	13658858
11245551	11246384
11245551	11246385
11245552	8349142
11245552	10468209
11245553	3258101
11245554	5272192
11245554	10468215
11245555	11245556
11245555	11246139
11245555	12674123
11245556	11245555
11245556	12674123
11245557	8349142
11245558	30630
11245558	333551
11245558	403656
11245558	463637
11245558	781074
11245558	10122884
11245558	10130342
11245558	10468226
11245559	11206699
11245560	30630
11245560	333551
11245560	403656
11245560	463637
11245560	781074
11245560	10468226
11245561	30630
11245561	463637
11245562	30630
11245562	463637
11245562	10130342
11245563	30630
11245563	463637
11245563	10130342
11245564	605866
11245567	11070152
11245568	605866
11245569	5272192
11245569	10468215
11245570	11245387
11245572	1477246
11245572	10468243
11245573	1477246
11245573	10468243
11245574	10468247
11245575	1133592
11245575	10468882
11245576	11245583
11245577	13856726
11245578	1391087
11245579	11245587
11245579	11245588
11245579	12392148
11245580	11245582
11245580	11245584
11245580	11245586
11245582	11245580
11245582	11245585
11245582	11245586
11245583	11245576
11245584	11245580
11245584	11245585
11245584	11245586
11245585	11245582
11245585	11245584
11245585	11245586
11245586	11245580
11245586	11245582
11245586	11245584
11245586	11245585
11245587	11245579
11245587	11245588
11245588	11245579
11245588	11245587
11245589	11245592
11245589	11245594
11245589	11245595
11245589	11245609
11245589	11245610
11245589	13490278
11245589	13494572
11245589	13709468
11245589	13709485
11245590	3678272
11245591	3591019
11245591	3591333
11245591	4076861
11245591	4076862
11245591	4079752
11245592	11245589
11245592	11245594
11245592	11245595
11245592	11245609
11245592	11245610
11245593	3413001
11245594	11245589
11245594	11245592
11245594	11245609
11245595	11245589
11245595	11245592
11245595	11245609
11245596	11245598
11245597	11245601
11245597	11245603
11245597	11245604
11245597	11245617
11245598	11245596
11245599	3413001
11245599	11245611
11245600	3413001
11245601	11245597
11245601	11245603
11245601	11245604
11245601	11245617
11245602	3413001
11245603	11245597
11245603	11245601
11245604	11245597
11245604	11245601
11245605	2192796
11245605	6546983
11245605	8002549
11245606	3413001
11245607	2663335
11245608	3413001
11245608	11263148
11245608	13824982
11245609	11245589
11245609	11245592
11245609	11245594
11245609	11245595
11245609	13494572
11245609	13724478
11245610	11245589
11245610	11245592
11245610	13494572
11245610	13724478
11245611	3413001
11245611	11245599
11245612	11245750
11245613	11245622
11245613	13475700
11245614	12045706
11245615	11245619
11245616	2261887
11245617	11245597
11245617	11245601
11245618	11555084
11245619	11245615
11245620	5139604
11245621	3308545
11245621	6377435
11245621	10574722
11245621	10574723
11245621	11452662
11245621	11452666
11245621	11528403
11245621	11752572
11245621	12215171
11245622	11245613
11245623	3308545
11245623	6377435
11245623	10574720
11245623	10574721
11245624	3308545
11245626	8260585
11245627	11552625
11245627	12670026
11245628	8260585
11245629	934261
11245629	934266
11245630	8260585
11245631	4937867
11245631	7193198
11245631	7193199
11245632	6306991
11245633	10364419
11245633	11742405
11245633	13570042
11245634	1093775
11245635	5848946
11245635	6007754
11245635	6009530
11245636	5848946
11245637	5848946
11245638	2686613
11245638	6472132
11245639	5955954
11245644	13587705
11245653	4544539
11245653	11245654
11245653	11742412
11245654	11245653
11245655	11245683
11245655	11245684
11245656	7961855
11245656	11245657
11245657	11245656
11245658	11245659
11245658	11742415
11245658	11742416
11245659	11245658
11245659	11266926
11245660	11245661
11245660	11245666
11245660	11245667
11245660	11742417
11245660	11742418
11245661	11245660
11245662	11245663
11245662	11245664
11245662	11245665
11245663	11245662
11245664	11245662
11245665	11245662
11245666	11245660
11245667	11245660
11245668	1979282
11245668	5650088
11245668	11724733
11245669	1979282
11245669	5650089
11245670	2282416
11245671	11245673
11245671	12702671
11245671	12702672
11245673	11245671
11245674	2483287
11245674	4976404
11245674	11524480
11245675	11245676
11245675	12702670
11245676	11245675
11245677	2465439
11245677	2592696
11245678	11245680
11245678	12136190
11245678	12702669
11245679	2948155
11245679	6601476
11245679	12601186
11245680	11245678
11245681	10516319
11245681	12702668
11245682	3171378
11245682	12600289
11245683	2783818
11245683	11245655
11245683	11245684
11245683	11247431
11245683	11307907
11245683	12715443
11245684	2783642
11245684	2783818
11245684	11245655
11245684	11245683
11245684	11246201
11245684	11247431
11245685	11245690
11245685	11663196
11245687	2380338
11245687	11245689
11245688	1223156
11245689	1900777
11245689	11245687
11245690	11245685
11245691	1223156
11245692	11245694
11245693	1223156
11245694	11245692
11245695	1223156
11245696	27668
11245696	970889
11245696	971028
11245697	3171378
11245697	11632668
11245698	3171378
11245699	11245711
11245699	11246131
11245699	13024387
11245699	14001468
11245709	8299381
11245710	2111942
11245711	11245699
11245712	2111943
11245713	307895
11245714	2235646
11245715	5916652
11245716	10616340
11245716	11245726
11245716	11245734
11245717	3070256
11245718	10469816
11245718	10469818
11245718	10472889
11245718	12572116
11245719	10469816
11245719	10469819
11245719	12572116
11245720	4456181
11245720	6783146
11245720	10469823
11245721	4456181
11245721	10469825
11245721	12440540
11245721	12511483
11245722	3070256
11245723	10469828
11245724	10469829
11245724	10469830
11245725	3070256
11245726	11245716
11245727	10616340
11245728	10617146
11245728	12976873
11245729	10617146
11245729	12976873
11245730	39393
11245731	518631
11245732	73521
11245732	1772610
11245732	13516012
11245733	3413237
11245734	11245716
11245735	45046
11245735	356285
11245735	948770
11245735	1444918
11245736	73521
11245736	1943494
11245737	3413237
11245737	6641336
11245738	73616
11245738	13505903
11245739	3413237
11245740	3413237
11245741	73616
11245741	13505905
11245742	3413237
11245742	4898457
11245742	11679766
11245743	3413237
11245743	11679763
11245743	11679764
11245744	10717717
11245744	11246312
11245745	3413237
11245746	3693727
11245747	10773453
11245748	3413237
11245748	11457664
11245748	11457665
11245748	11457666
11245748	11457668
11245748	11457669
11245748	11457670
11245748	11457671
11245749	8013437
11245750	11245612
11245751	3413237
11245752	6338352
11245753	2542683
11245754	2542683
11245755	2542683
11245756	2542683
11245756	11263142
11245757	2542683
11245757	11263140
11245758	2542683
11245758	11263139
11245759	1858664
11245759	2987420
11245760	1977627
11245760	1977720
11245760	1977745
11245760	1977799
11245760	2019246
11245760	2135138
11245760	4894012
11245760	5218090
11245761	11245763
11245761	11679762
11245762	1951457
11245763	11245761
11245764	1886317
11245764	2061817
11245765	1886317
11245765	2061815
11245766	1886317
11245766	2061812
11245766	2331036
11245767	1886317
11245767	2061810
11245767	2331036
11245767	5020704
11245770	11245772
11245770	11679645
11245770	13299720
11245772	11245770
11245773	1951457
11245774	1951457
11245776	1951457
11245777	7207108
11245778	1951457
11245779	11245781
11245780	1951457
11245781	7907999
11245781	11245779
11245781	11402471
11245783	4021716
11245783	5185734
11245785	11245786
11245786	5022983
11245786	11245785
11245786	12182321
11245788	10716680
11245788	10716684
11245789	10716680
11245790	7562440
11245791	11245797
11245792	11245796
11245794	11245795
11245795	7908007
11245795	11245794
11245796	11245792
11245797	7921913
11245797	11245791
11245797	12006598
11245797	12006704
11245797	12006705
11245797	12609841
11245798	11245799
11245799	11245798
11245800	2236227
11245800	11245802
11245801	1951457
11245802	3057506
11245802	11245800
11245803	34861
11245805	11292026
11245806	34864
11245807	11245810
11245808	427819
11245809	7010312
11245810	11245807
11245810	11245813
11245811	11245812
11245812	11245811
11245812	11245815
11245812	13864336
11245813	11245810
11245814	6616064
11245814	10928950
11245814	11245822
11245815	11245812
11245816	10791787
11245817	10716680
11245818	6084097
11245819	1886317
11245820	1886317
11245821	3913875
11245822	4568618
11245822	4886724
11245822	10808630
11245822	10928950
11245822	11245814
11245822	11245825
11245822	11380929
11245822	11909372
11245822	11909379
11245823	11245824
11245823	11245898
11245824	11245823
11245825	11245822
11245825	11815017
11245825	11909379
11245825	11917933
11245826	11245829
11245826	11245958
11245826	11245959
11245826	11245961
11245827	11245830
11245827	11270029
11245827	11270032
11245828	11245832
11245828	11245836
11245828	11245837
11245828	11245840
11245828	11285002
11245828	11409782
11245829	11245826
11245829	11245958
11245829	11245959
11245829	11245961
11245830	11245827
11245830	11270029
11245830	11270032
11245831	1751891
11245832	11245828
11245832	11245836
11245832	11245837
11245832	11245840
11245832	11285002
11245832	11409782
11245833	11245844
11245834	10246345
11245835	8546448
11245836	11245828
11245836	11245832
11245836	11245837
11245836	11245840
11245836	11285002
11245836	11409782
11245837	11245828
11245837	11245832
11245837	11245836
11245837	11245840
11245837	11285002
11245837	11409782
11245838	517410
11245839	10470094
11245840	11245828
11245840	11245832
11245840	11245836
11245840	11245837
11245840	11285002
11245840	11409782
11245841	4496239
11245842	11245843
11245843	11245842
11245844	11245833
11245845	1676743
11245846	73814
11245847	6391642
11245847	9267583
11245848	2094827
11245848	2733582
11245848	2735255
11245848	9411583
11245849	6169119
11245850	8017598
11245850	11135343
11245851	2094827
11245852	2835739
11245852	10677943
11245853	8523536
11245854	2835739
11245854	6471530
11245854	10677943
11245855	2835739
11245855	10677943
11245856	11071845
11245857	9526024
11245858	5622433
11245858	7583644
11245858	7786565
11245859	9773893
11245859	9980588
11245859	10976442
11245860	6528194
11245860	8183973
11245861	6353361
11245861	10647230
11245862	9804207
11245862	9987315
11245863	10365159
11245863	10365230
11245864	3436708
11245864	9172936
11245865	33281
11245865	1857071
11245865	2503351
11245865	8237857
11245866	6528194
11245868	73854
11245868	7836660
11245869	11245875
11245870	73854
11245870	7836660
11245872	9521886
11245873	317551
11245873	408417
11245873	11820905
11245873	12351957
11245874	2475434
11245874	7961851
11245875	11245869
11245875	13183050
11245876	8518901
11245876	9173024
11245877	4333054
11245877	10074696
11245878	2230228
11245878	2230618
11245878	10668827
11245879	5812946
11245880	3825913
11245880	4493595
11245880	8277999
11245881	435774
11245881	439598
11245881	972619
11245881	972620
11245882	5734691
11245882	9818892
11245882	11246142
11245883	5812946
11245884	10788643
11245885	1104196
11245886	1973397
11245886	2271920
11245887	11188394
11245887	11245889
11245888	1527874
11245888	8672024
11245888	11246140
11245889	11188394
11245889	11245887
11245890	8618811
11245890	9618625
11245891	6009201
11245892	2961556
11245892	2962297
11245892	6642538
11245893	6912113
11245894	1850253
11245894	1851528
11245895	1850253
11245895	2351592
11245895	2351593
11245895	2363744
11245895	2363746
11245895	4942538
11245896	1049317
11245896	1050575
11245896	1053152
11245896	1055456
11245896	1078844
11245896	1109702
11245897	1779927
11245898	11245823
11245899	11245138
11245900	2958892
11245901	10740700
11245901	10740701
11245901	10740702
11245901	11246138
11245902	2958892
11245903	2846670
11245904	2255336
11245904	2549187
11245904	2781107
11245904	5037373
11245904	11245908
11245905	1779927
11245906	11136772
11245906	11246130
11245907	8809316
11245907	11136772
11245907	11246130
11245908	2255336
11245908	2549187
11245908	2781107
11245908	2781462
11245908	11245904
11245909	3128559
11245910	7476295
11245911	619139
11245911	2034648
11245911	5274423
11245911	9370826
11245911	13390669
11245911	13390671
11245916	10244068
11245916	10244168
11245916	10245114
11245916	10245142
11245916	10245746
11245916	10710444
11245916	11043389
11245916	11144660
11245916	12958081
11245917	11246114
11245918	11246096
11245919	11245949
11245919	11249583
11245919	11249589
11245919	11252623
11245919	11845597
11245920	298399
11245920	706138
11245920	10745163
11245922	6663896
11245922	9068000
11245923	8194930
11245924	8763333
11245925	2203266
11245926	8982806
11245926	11246125
11245926	12308885
11245926	12308886
11245926	13470662
11245926	13470665
11245926	13489675
11245927	1370839
11245927	5146808
11245927	5663564
11245928	6254507
11245928	8797244
11245928	9099487
11245928	11046234
11245929	4493764
11245929	4793547
11245929	6628101
11245929	7535990
11245929	7728474
11245929	7728478
11245929	7728479
11245929	7728480
11245929	7728482
11245929	8806687
11245930	9937475
11245931	7535295
11245932	3680304
11245932	13667122
11245933	10033144
11245934	2775057
11245934	2775059
11245934	11245935
11245935	11245934
11245936	1108985
11245937	1108985
11245938	3694817
11245939	256531
11245939	256533
11245939	532517
11245939	532570
11245939	594895
11245939	1206596
11245939	5086006
11245939	5451371
11245939	5451372
11245940	6393064
11245940	6447353
11245940	6449309
11245940	7057014
11245940	7057137
11245940	8651055
11245941	3694817
11245942	3912807
11245942	4720538
11245943	3912807
11245943	4720541
11245943	4957709
11245944	12110449
11245945	12110448
11245946	1267192
11245946	1444003
11245946	1445338
11245946	1445365
11245946	1754179
11245946	1775656
11245946	2870390
11245947	11246307
11245947	11845595
11245948	2545151
11245949	11245919
11245949	11249583
11245949	11249589
11245949	11252623
11245950	2545151
11245951	8580943
11245951	13585428
11245952	8580943
11245953	1836152
11245953	1836382
11245954	3229744
11245955	11245956
11245956	11245955
11245957	5521388
11245957	5528762
11245957	5531242
11245958	11245826
11245958	11245829
11245958	11245961
11245959	11245826
11245959	11245829
11245959	11245961
11245959	11246117
11245960	6780467
11245960	11240535
11245961	11245826
11245961	11245829
11245961	11245958
11245961	11245959
11245962	2242973
11245962	2692696
11245962	6627557
11245962	9952317
11245962	11245963
11245963	2242973
11245963	2692696
11245963	6627557
11245963	9952317
11245963	11245962
11245964	6835497
11245965	24150
11245965	8693427
11245965	10633294
11245966	6838041
11245966	11245967
11245967	11245966
11245968	7798501
11245968	7799443
11245968	7800382
11245968	7800383
11245968	7807700
11245969	12110446
11245970	1843974
11245970	2631461
11245970	2634571
11245971	12110444
11245972	7018018
11245972	7076821
11245973	261201
11245973	8388565
11245973	11095586
11245973	11095591
11245974	3920713
11245974	4628817
11245974	4628818
11245974	6067965
11245974	6067967
11245974	6067968
11245974	10790512
11245974	11246111
11245974	11246121
11245974	11246157
11245975	6287087
11245975	11160916
11245976	7907049
11245976	11246107
11245977	5351741
11245977	8604328
11245978	6337114
11245978	11246090
11245979	6337114
11245980	945668
11245980	945669
11245980	8786968
11245981	10470182
11245981	10470185
11245981	10470186
11245981	10472883
11245982	10470182
11245982	10470185
11245982	10470186
11245982	10472883
11245983	10470202
11245983	10470204
11245984	259138
11245985	7815356
11245985	11245987
11245986	6682392
11245987	7815356
11245987	11245985
11245988	6623788
11245989	262717
11245989	12378874
11245990	12595211
11245991	919573
11245991	3059913
11245991	3781449
11245991	4827225
11245991	5626801
11245992	11246049
11245994	4496810
11245995	6532446
11245995	11871092
11245995	11872046
11245995	12241683
11245995	12248902
11245995	13644373
11245996	3078181
11245996	3479798
11245996	11246002
11245997	5825810
11245997	11245999
11245997	11246000
11245998	3805710
11245999	11245997
11246000	11245997
11246001	5825810
11246002	11245996
11246003	1880718
11246003	2497595
11246004	1880718
11246004	2497597
11246005	11246007
11246006	55386
11246006	4927034
11246006	4927035
11246007	11246005
11246008	1887467
11246011	5316731
11246011	8899047
11246012	365165
11246012	11246013
11246012	11246014
11246012	11246595
11246013	11246012
11246014	11246012
11246015	820820
11246015	6293798
11246015	10583473
11246016	356809
11246017	10857144
11246017	10857146
11246017	11372667
11246017	11373077
11246017	11373078
11246017	11373079
11246019	7395035
11246019	8733701
11246020	4501634
11246020	7052619
11246020	11630282
11246021	4501634
11246021	7052619
11246021	11246024
11246021	11246025
11246021	13047281
11246021	13047282
11246021	13047283
11246022	10472879
11246022	11247054
11246022	11247058
11246022	11247063
11246023	10472878
11246023	11247088
11246023	11247363
11246023	11247803
11246024	4501634
11246024	7052619
11246024	11246021
11246024	11246025
11246025	4501634
11246025	7052619
11246025	11246021
11246025	11246024
11246025	11246052
11246027	11206512
11246027	11234989
11246027	11246030
11246027	11246624
11246027	11246625
11246028	10470406
11246029	10470406
11246030	11206512
11246030	11234989
11246030	11246027
11246030	11246624
11246030	11246625
11246031	9371911
11246032	6954595
11246032	7590002
11246033	10470408
11246034	10470408
11246035	10470406
11246036	10470406
11246037	10470408
11246038	10470408
11246040	72372
11246040	12686143
11246042	2274038
11246042	2275099
11246043	6681650
11246043	11246078
11246044	2275099
11246045	2275101
11246046	13196193
11246047	13196193
11246049	11245992
11246050	11246051
11246051	11246050
11246052	11246025
11246052	11630283
11246053	10472879
11246053	11247056
11246053	11247058
11246053	11247067
11246054	10472878
11246054	11247361
11246054	11247362
11246054	11247363
11246055	13636211
11246056	10470615
11246056	10472864
11246056	10472865
11246057	11246063
11246058	10470615
11246058	10472864
11246058	10472865
11246059	11246175
11246060	11246064
11246061	277690
11246061	2165202
11246061	2672250
11246061	3379019
11246061	11582925
11246063	11246057
11246064	11246060
11246065	3330319
11246065	3902535
11246066	260874
11246066	476105
11246066	812487
11246066	822066
11246066	7834855
11246066	12195928
11246067	6829547
11246067	11380920
11246068	8908975
11246068	8909005
11246068	8909006
11246068	8909690
11246068	8910717
11246069	8908975
11246070	11245522
11246072	6335217
11246073	11158480
11246074	33148
11246075	130876
11246075	289852
11246075	352547
11246076	8898431
11246076	10932979
11246076	11146808
11246076	11146809
11246076	11246080
11246076	11256741
11246077	10667338
11246078	6681650
11246078	11246043
11246078	11630280
11246080	11246076
11246081	1248009
11246082	11246084
11246082	11246305
11246083	4479026
11246083	11381078
11246084	11246082
11246084	11246091
11246084	11246298
11246084	11246299
11246084	11246304
11246084	11246305
11246085	11246086
11246086	11246085
11246087	1180028
11246087	13341555
11246088	1180028
11246088	13341555
11246089	1268548
11246090	11245978
11246090	11630279
11246091	11246084
11246092	4479026
11246092	11381076
11246093	1717086
11246094	4554304
11246095	1717739
11246095	3989351
11246096	11245918
11246097	1717739
11246098	11246106
11246099	9171398
11246101	1985381
11246101	2596721
11246101	6862737
11246103	11246106
11246104	11246106
11246105	11246106
11246106	11246098
11246106	11246103
11246106	11246104
11246106	11246105
11246106	11246108
11246106	11246109
11246106	11246119
11246106	11246383
11246107	11245976
11246107	11630277
11246108	11246106
11246109	11246106
11246110	2055821
11246111	11245974
11246111	11246157
11246111	11630275
11246112	3135680
11246112	3138012
11246112	11406656
11246114	11245917
11246115	283054
11246116	283054
11246116	13408111
11246116	13408112
11246117	11245959
11246118	11284660
11246119	11246106
11246120	1026544
11246121	11245974
11246122	3117762
11246122	12927237
11246123	3755234
11246123	13888754
11246123	13890310
11246123	13890377
11246124	3762364
11246125	11245926
11246126	7006201
11246126	7007389
11246126	7007415
11246127	3766488
11246127	10021818
11246128	3766488
11246128	13533327
11246128	13533331
11246128	13533332
11246129	3766488
11246130	11245906
11246130	11245907
11246130	11630272
11246130	12342056
11246131	11245699
11246132	2002959
11246132	4640816
11246133	4770416
11246133	11255851
11246134	2075424
11246134	3130758
11246134	4770416
11246135	4846897
11246136	1026544
11246137	21678
11246138	11245901
11246138	12419087
11246139	11245555
11246140	11245888
11246140	11630268
11246141	11245525
11246142	11245882
11246142	11630265
11246143	11246146
11246143	11251721
11246143	11251722
11246143	13538897
11246143	13538907
11246144	5750111
11246145	5750111
11246145	12204868
11246146	11246143
11246146	11885465
11246146	11885468
11246147	6095796
11246147	6096089
11246147	11246152
11246147	13496949
11246148	6095796
11246148	6096089
11246148	11246152
11246148	13496950
11246148	13496951
11246149	2068213
11246150	11245198
11246151	6405756
11246151	6822681
11246151	9171606
11246151	11246154
11246151	11246573
11246151	12662120
11246152	6095796
11246152	6096089
11246152	11246147
11246152	11246148
11246153	2068213
11246154	5758013
11246154	5765923
11246154	6822681
11246154	11246151
11246155	2220196
11246155	2223218
11246156	11246159
11246157	11245974
11246157	11246111
11246158	2220196
11246158	2223218
11246159	11246156
11246160	1877731
11246160	13536298
11246160	13536299
11246160	13536300
11246161	1877731
11246162	11244244
11246162	12206726
11246162	12209404
11246163	11246165
11246164	3026468
11246165	11246163
11246166	1630709
11246167	11246170
11246167	11251681
11246168	11251063
11246169	2541478
11246170	11246167
11246171	12226722
11246172	11246176
11246172	13251351
11246172	13251353
11246172	13251355
11246173	2541478
11246174	2993565
11246174	3008853
11246175	11246059
11246175	12206724
11246175	12206725
11246175	12642105
11246176	11246172
11246177	2541478
11246177	3410228
11246177	6353766
11246179	4007388
11246181	11246182
11246182	11246181
11246184	11250955
11246185	2541478
11246185	3707035
11246185	5253053
11246185	11250954
11246186	11250951
11246187	7364506
11246188	4505638
11246189	8102290
11246189	8102292
11246189	13865198
11246191	2541478
11246192	2541478
11246193	11250949
11246195	11246198
11246196	11674879
11246197	8361577
11246197	13602517
11246198	11246195
11246199	12365649
11246199	13418771
11246200	11250947
11246201	11245684
11246202	7738664
11246204	11246208
11246208	11246204
11246212	8639015
11246213	8639015
11246214	11246428
11246214	11246431
11246214	11246433
11246215	598045
11246216	8742847
11246218	3698320
11246219	11250939
11246220	3698320
11246221	13357120
11246222	11250938
11246223	8819434
11246224	11250936
11246224	11250937
11246226	327864
11246227	11246230
11246227	11250934
11246228	11246233
11246229	1440052
11246230	11246227
11246232	9611557
11246233	11246228
11246234	9690558
11246236	9701853
11246237	474337
11246238	11246239
11246238	14015780
11246239	11246238
11246240	11246243
11246241	9857838
11246241	9857839
11246241	9857843
11246242	9857838
11246242	9857839
11246242	9857843
11246242	12608836
11246242	12608838
11246242	12608839
11246243	11246240
11246244	13367734
11246246	5499555
11246246	12722529
11246247	11246248
11246248	11246247
11246250	9163247
11246252	11246253
11246253	11246252
11246254	9793544
11246254	11270011
11246254	11270014
11246257	11884591
11246259	11591016
11246259	11591017
11246259	11591019
11246259	11591020
11246259	11591033
11246259	11591034
11246259	11591038
11246259	11591040
11246260	11246261
11246260	11246557
11246261	11246260
11246266	13865037
11246267	13245405
11246268	319809
11246268	801117
11246268	825719
11246268	825812
11246268	1236785
11246268	1644952
11246268	2139178
11246268	3271506
11246268	3418435
11246269	3011322
11246269	11250921
11246270	597128
11246270	924163
11246270	924169
11246270	926656
11246270	1448845
11246270	1564584
11246270	1615829
11246270	1717843
11246270	1863086
11246270	4581828
11246270	4733099
11246270	5845384
11246270	7764670
11246270	8450175
11246270	10700679
11246271	287360
11246271	11250362
11246271	11250363
11246272	3011322
11246272	11250921
11246273	3011322
11246273	4876494
11246273	11250921
11246273	11251129
11246274	11246277
11246276	879604
11246276	879606
11246276	879607
11246276	1325198
11246276	1325214
11246276	1550667
11246276	2000549
11246276	3206595
11246276	6133337
11246277	11246274
11246279	1497684
11246279	1497741
11246279	1509680
11246279	4226646
11246280	13365153
11246281	42052
11246281	42053
11246281	715181
11246281	1584132
11246281	2091861
11246281	2091901
11246281	2091953
11246281	2092463
11246284	12740789
11246284	12740790
11246286	3725672
11246286	5456853
11246287	2245888
11246287	2408802
11246287	2433227
11246287	2433228
11246287	2433229
11246287	2433588
11246287	2867503
11246287	4044282
11246287	4372250
11246287	5944562
11246288	1411626
11246288	1503750
11246288	12206720
11246288	13010595
11246289	2249571
11246289	4625953
11246289	6081190
11246290	11231951
11246291	1438705
11246291	1438708
11246291	1509689
11246291	1510729
11246291	1510739
11246291	1511079
11246291	1511296
11246291	1852101
11246292	4770108
11246292	11248494
11246293	11240495
11246294	1438705
11246294	1438706
11246294	1438707
11246294	1510739
11246294	1511074
11246294	1511075
11246294	1511076
11246294	1511297
11246294	8391131
11246294	8391132
11246295	10993592
11246296	10212768
11246297	1852101
11246297	11246300
11246297	11246301
11246297	11246496
11246298	11246084
11246299	11246084
11246300	1852101
11246300	11246297
11246300	11246301
11246301	1852101
11246301	11246297
11246301	11246300
11246302	3951153
11246303	4892988
11246304	11246084
11246305	11246082
11246305	11246084
11246307	11245947
11246308	3067428
11246310	11250348
11246311	11250349
11246311	11250352
11246312	5216652
11246312	10717717
11246312	11245744
11246312	11246317
11246312	11246321
11246312	11246322
11246312	11694824
11246315	11933027
11246315	13386230
11246316	11250338
11246317	10717717
11246317	11246312
11246317	11694824
11246318	11250335
11246318	13433132
11246319	11247036
11246319	11247039
11246320	11250332
11246321	10717717
11246321	11246312
11246321	11246594
11246321	11694824
11246322	10717717
11246322	11246312
11246324	5448807
11246324	5453221
11246324	5453942
11246324	13215014
11246324	13215017
11246325	11249855
11246326	10717717
11246329	11246333
11246330	9975326
11246330	11246337
11246332	11249850
11246333	11246329
11246333	11246341
11246334	790257
11246335	13363117
11246335	13365077
11246336	13363116
11246336	13365076
11246337	9975326
11246337	11246330
11246338	2512730
11246338	11246373
11246338	11246376
11246338	11251925
11246338	11256740
11246338	13974248
11246339	6661711
11246339	9975323
11246339	9975326
11246340	1285171
11246341	11246333
11246342	1105959
11246343	11246344
11246343	11246347
11246344	11246343
11246344	11249843
11246345	5432941
11246345	12400085
11246346	4996957
11246346	10050855
11246347	11246343
11246348	3723151
11246348	11249833
11246348	11249835
11246348	12819030
11246349	11246350
11246349	11246352
11246350	11246349
11246351	5741224
11246351	5850208
11246351	6131156
11246351	13762936
11246351	13762937
11246351	13762938
11246351	13762939
11246352	11246349
11246353	2235647
11246356	13840141
11246360	11249766
11246361	11245460
11246361	11249765
11246362	11250848
11246362	11250849
11246365	11245460
11246367	11245463
11246367	11249747
11246367	11249749
11246367	11249750
11246369	11245463
11246370	2235648
11246373	11246338
11246373	11246376
11246376	11246338
11246376	11246373
11246376	11251925
11246377	8675293
11246377	11245489
11246378	11249743
11246378	11249744
11246379	11249718
11246380	8675293
11246380	11245489
11246380	12655918
11246381	11249638
11246382	3071603
11246382	11245494
11246383	11246106
11246384	11245551
11246385	11245551
11246385	12080557
11246385	12081078
11246386	11246387
11246386	11246390
11246387	11246386
11246388	6013197
11246389	6013197
11246390	11246386
11246391	11243222
11246391	11249635
11246392	6013199
11246393	6335606
11246394	6335606
11246395	6335607
11246396	6335607
11246400	8877994
11246401	6335608
11246401	12889580
11246403	6335608
11246406	6335610
11246407	6335610
11246410	6335612
11246412	6335612
11246413	6335613
11246414	6335613
11246415	218679
11246416	6335615
11246418	6335615
11246419	6335619
11246420	6335619
11246423	6335625
11246424	6335625
11246425	2976539
11246426	6335625
11246427	6335625
11246428	11246214
11246428	11246431
11246428	11246433
11246429	6335627
11246430	6335627
11246431	11246214
11246431	11246428
11246431	11246433
11246432	6335629
11246433	11246214
11246433	11246428
11246433	11246431
11246434	6335629
11246434	6335631
11246435	6335629
11246436	6335631
11246437	6335633
11246438	6335633
11246439	6335634
11246440	6335635
11246441	6335635
11246442	6335637
11246443	6335637
11246443	12659926
11246444	6335639
11246445	8333058
11246446	6335639
11246447	2111471
11246447	8333058
11246447	11956859
11246448	11013811
11246449	8336327
11246449	11246472
11246450	6335642
11246451	8344824
11246452	6335642
11246453	6335642
11246454	8385652
11246454	11246462
11246455	6335644
11246456	8398866
11246456	11246467
11246457	8405891
11246458	6335644
11246459	8409948
11246461	6335645
11246462	8385652
11246462	11246454
11246462	12553106
11246463	6335646
11246464	6335646
11246465	6335647
11246466	6335647
11246467	8398866
11246467	11246456
11246468	6335648
11246469	6335649
11246470	6335649
11246470	12362827
11246471	6335649
11246472	8336327
11246472	11246449
11246473	6335649
11246474	6335650
11246475	6335650
11246476	6335651
11246478	6335651
11246482	564436
11246483	6335652
11246486	6335652
11246486	12964833
11246488	12024768
11246488	12024769
11246489	3094
11246489	707469
11246489	1886819
11246489	3819939
11246489	12651943
11246489	12651947
11246489	12651948
11246493	13437960
11246496	11246297
11246501	1438705
11246501	1509689
11246505	1112332
11246505	11750641
11246506	12110508
11246507	12110508
11246508	12110508
11246509	13370531
11246513	1635434
11246514	1635434
11246517	5240673
11246521	6335654
11246522	6335654
11246523	8946703
11246523	12796783
11246524	8946703
11246525	8946704
11246526	8946704
11246527	8946705
11246528	8946706
11246529	13125894
11246530	8946707
11246531	8946707
11246532	8946708
11246534	8946708
11246539	11027956
11246540	11246562
11246540	13238155
11246541	12112977
11246542	12031715
11246545	12112980
11246546	223051
11246550	6856783
11246551	1328074
11246552	10999826
11246554	5725806
11246555	11038482
11246556	8210824
11246557	11246260
11246558	5725806
11246559	9446201
11246559	11249627
11246560	8216346
11246561	7089595
11246561	11249587
11246562	11246540
11246563	259069
11246564	4794140
11246565	3918501
11246565	3918507
11246565	5751208
11246565	6020647
11246565	6020648
11246565	6020650
11246565	9399234
11246566	3422202
11246566	4236362
11246567	3422202
11246568	1635828
11246569	2006552
11246569	2044253
11246569	2045004
11246569	2686175
11246569	2686177
11246569	2686178
11246569	2686179
11246569	2686180
11246569	2686181
11246569	2686182
11246569	2686183
11246569	2686184
11246569	2686186
11246569	2686187
11246569	2686188
11246569	6872929
11246569	8696986
11246570	2045004
11246571	3820503
11246572	3820503
11246573	11246151
11246574	11756
11246574	53084
11246574	359526
11246574	1397083
11246574	4847224
11246574	4850747
11246575	19214
11246576	2252708
11246576	2523113
11246576	2599514
11246576	2599515
11246576	2602246
11246576	2602247
11246576	2619552
11246576	2619554
11246576	3013303
11246576	6082232
11246576	6645494
11246576	11247629
11246577	37957
11246578	7384598
11246579	70816
11246588	70816
11246589	12668069
11246590	3761976
11246591	12109593
11246591	12400250
11246592	3761976
11246593	2081101
11246594	11246321
11246595	11246012
11246596	11270002
11246598	11247928
11246602	8946709
11246603	8946709
11246604	8946710
11246605	8946710
11246606	8946711
11246606	8946712
11246607	8946711
11246607	8946712
11246608	8946711
11246609	8946711
11246614	8946713
11246615	8946713
11246624	11206512
11246624	11234989
11246624	11246027
11246624	11246030
11246624	11246625
11246625	11206512
11246625	11234989
11246625	11246027
11246625	11246030
11246625	11246624
11246626	11247459
11246626	11947962
11246631	11247457
11246631	11253241
11246631	11755700
11246631	11755701
11246631	12487474
11246631	12487479
11246631	12487482
11246631	12487488
11246631	12487493
11246631	12487497
11246632	11269993
11246633	11606224
11246635	11247481
11246635	11247483
11246635	11247484
11246635	13064228
11246636	11247456
11246636	11534186
11246636	11720421
11246637	11340856
11246637	11340857
11246637	11340858
11246637	11720392
11246637	11926985
11246637	11975804
11246638	2353689
11246638	11768045
11246638	12654554
11246646	2273524
11246647	11249582
11246648	11249580
11246648	11249581
11246648	11946771
11246648	11946773
11246648	13006404
11246649	11249551
11246650	11249548
11246651	11249549
11246652	11249545
11246653	10765833
11246654	11249524
11246654	11249526
11246655	9965040
11246656	9965039
11246657	9965038
11246658	9965034
11246658	13067345
11246659	9965033
11246659	12642726
11246660	9964925
11246660	13606401
11246661	9964923
11246662	10798619
11246663	9964911
11246664	9964502
11246665	11249519
11246666	9964499
11246667	9964495
11246668	10896977
11246669	9963798
11246669	13365620
11246670	9963796
11246671	9963794
11246671	13501817
11246672	9963797
11246673	48003
11246673	543762
11246673	5082765
11246673	6759877
11246673	12896818
11246674	10897289
11246675	9963782
11246676	9963781
11246677	9963778
11246678	10900653
11246678	13143307
11246678	13143308
11246679	10905308
11246680	9963777
11246681	9963776
11246682	9963761
11246683	9963759
11246684	9963723
11246685	9963728
11246686	9963721
11246687	10992179
11246688	9963719
11246689	9963402
11246690	9963400
11246691	9963396
11246692	9963394
11246693	9963367
11246694	10992306
11246695	9963347
11246696	9963342
11246697	9963335
11246698	9963328
11246699	9963323
11246700	9962775
11246701	9962754
11246702	9962753
11246703	9962752
11246704	11045209
11246704	13229194
11246705	9962750
11246706	9962744
11246707	9962740
11246708	9962734
11246708	13789645
11246709	9962735
11246710	9962730
11246710	13809889
11246711	9962728
11246712	9962726
11246713	9962724
11246714	9962714
11246715	9962711
11246716	9962717
11246717	11173454
11246718	9962716
11246719	9962715
11246720	9962712
11246721	9962670
11246721	13601769
11246722	9962667
11246723	9962665
11246724	9957953
11246725	9962484
11246726	1840508
11246726	13161731
11246727	9960890
11246728	9953301
11246728	9960988
11246729	9960975
11246730	9960972
11246731	9960967
11246732	3877395
11246732	13108321
11246733	9960966
11246733	12019576
11246733	13939635
11246734	9960957
11246735	9960956
11246736	9960953
11246737	9960952
11246738	9960943
11246739	3902424
11246740	8234022
11246741	8247471
11246741	13229822
11246742	6434855
11246743	8784714
11246744	8900612
11246744	13537516
11246745	9037824
11246746	9084874
11246747	9960919
11246748	9960918
11246749	9960887
11246750	6661237
11246751	9960917
11246752	9960894
11246753	9089665
11246754	9960888
11246755	1804112
11246755	6221351
11246755	8970042
11246756	9960874
11246757	9960873
11246758	9960860
11246759	9960856
11246759	11883702
11246759	11883703
11246760	9960855
11246761	9960838
11246761	13674617
11246761	13674620
11246762	9143121
11246763	9960828
11246764	9960836
11246765	8531518
11246765	9960835
11246766	9960817
11246766	12597404
11246767	9960815
11246768	9960783
11246769	9960712
11246769	13472796
11246770	9960714
11246770	12426340
11246771	9960782
11246772	9960691
11246773	9960689
11246774	8677294
11246775	9763805
11246776	9960083
11246777	9960074
11246778	9960071
11246779	9960003
11246780	5161345
11246781	9959948
11246782	9959922
11246783	9959918
11246784	9959903
11246785	9959666
11246786	9959495
11246787	9432867
11246788	9959125
11246788	12335226
11246789	9959124
11246789	12461791
11246790	9959074
11246791	6491019
11246791	6491020
11246792	9959021
11246792	13506291
11246793	9511710
11246793	13195359
11246794	9957952
11246795	9957935
11246796	9638182
11246796	11412062
11246797	9957931
11246798	9957930
11246799	1418279
11246800	9957910
11246801	9957911
11246802	2546794
11246803	9957895
11246804	9796677
11246805	9957890
11246806	9957885
11246806	9957887
11246807	9957883
11246808	9957886
11246809	9957878
11246810	9957876
11246811	9961938
11246812	9957873
11246812	13565403
11246813	9957872
11246814	9957868
11246815	10064536
11246816	9957867
11246817	9957866
11246818	9957854
11246819	9957628
11246820	9957627
11246821	2539135
11246822	10185912
11246823	10222477
11246824	10222926
11246825	10328205
11246825	13161661
11246825	13161662
11246826	2211495
11246827	10798541
11246828	34604
11246829	11246876
11246829	11246884
11246830	11246940
11246830	11246943
11246831	11246947
11246831	11246953
11246832	9955133
11246833	9955123
11246834	9955119
11246835	9955110
11246836	9955104
11246837	9955103
11246838	9955078
11246839	9954575
11246840	9954569
11246841	9954567
11246841	13683240
11246842	9954574
11246843	9954564
11246844	9954560
11246845	9954537
11246846	9954512
11246847	9954095
11246848	9954293
11246849	9954292
11246850	9954288
11246852	9954284
11246853	9953045
11246854	9953043
11246855	9953041
11246856	9953040
11246857	9953038
11246859	9953037
11246860	9953033
11246861	9953032
11246862	9953031
11246863	9953030
11246864	9953019
11246865	9953018
11246866	9953015
11246867	9953014
11246868	9953013
11246869	9953011
11246870	7933998
11246870	9455052
11246870	11246893
11246870	12026228
11246870	13854825
11246871	9953008
11246872	9953002
11246873	9953007
11246874	9952999
11246875	9952821
11246876	11246829
11246877	9952818
11246878	9952817
11246879	9952738
11246880	9952710
11246881	9952705
11246882	9952701
11246883	9952698
11246884	11246829
11246884	13109454
11246885	9952675
11246885	11878793
11246886	9952349
11246886	10137504
11246887	9952347
11246888	9952340
11246889	9952330
11246890	9952331
11246891	9952314
11246892	9952313
11246893	11246870
11246894	9952304
11246895	9952303
11246896	9952292
11246897	9952289
11246898	9952286
11246899	9952285
11246900	9952283
11246901	9952280
11246902	9952277
11246903	9952273
11246904	9952268
11246905	9950424
11246906	9951929
11246906	12559318
11246907	9951926
11246908	9951923
11246908	13789651
11246909	9951922
11246910	11246916
11246910	11249510
11246911	9951920
11246912	9951329
11246913	9951326
11246914	9951324
11246915	9951323
11246916	11246910
11246917	9951323
11246918	9951319
11246919	9957560
11246920	9957562
11246922	9957558
11246922	13508005
11246923	9957556
11246924	9957550
11246925	9957053
11246925	12024565
11246926	9957052
11246927	9957045
11246928	9957044
11246929	9957041
11246930	9957040
11246931	9957028
11246932	9957025
11246933	9957020
11246934	9957016
11246935	9957009
11246936	568299
11246936	572823
11246936	2994532
11246936	3136797
11246936	5262122
11246936	10281869
11246937	9957006
11246938	9957000
11246939	9956864
11246940	11246830
11246942	9306546
11246942	11249481
11246942	11249484
11246943	11246830
11246944	9956474
11246944	13821476
11246946	9955563
11246947	11246831
11246953	11246831
11246954	9955562
11246955	9955557
11246956	11246960
11246956	11249356
11246956	11285142
11246956	11285149
11246957	9955555
11246958	9955538
11246959	9955536
11246960	11246956
11246960	11285142
11246960	11285149
11246961	9955505
11246962	9955485
11246963	9955483
11246964	7820851
11246964	8181921
11246965	9955464
11246966	9955465
11246967	9955466
11246968	9955462
11246969	9955460
11246970	9955458
11246971	7108506
11246972	4497684
11246972	11249342
11246973	1211254
11246973	2546765
11246973	11245379
11246973	11245384
11246974	11245372
11246974	11245375
11246975	8816122
11246976	13406625
11246979	11246983
11246979	12704911
11246979	13462457
11246981	11245363
11246981	11245371
11246981	11245372
11246981	11245374
11246983	11246979
11246986	11246987
11246987	11246986
11246989	11246991
11246990	10103159
11246991	11246989
11246992	11227784
11246993	11246994
11246993	13278910
11246993	13278913
11246994	11246993
11246995	11246997
11246995	12186071
11246997	11246995
11246998	13854708
11246999	11475656
11246999	11968489
11246999	11968502
11247000	11247001
11247001	11247000
11247002	11247003
11247003	11247002
11247004	10235609
11247005	10230748
11247006	10231290
11247006	10234888
11247007	10232135
11247008	10232256
11247009	10232368
11247010	10765887
11247015	10798868
11247016	10764419
11247016	10802790
11247017	10823434
11247017	11700949
11247018	10861216
11247019	10861966
11247020	10209321
11247020	10862056
11247021	10206849
11247021	10207456
11247022	10206862
11247023	10206871
11247024	10206877
11247025	10206908
11247026	10206924
11247027	10206935
11247028	10206955
11247029	10206956
11247030	10206997
11247031	10207024
11247031	11212166
11247032	243932
11247033	10207086
11247033	10212805
11247034	11247038
11247034	11247044
11247035	10207087
11247036	11246319
11247037	10207088
11247038	11247034
11247039	11246319
11247040	10207223
11247041	10207227
11247041	10209912
11247042	11247049
11247042	11248291
11247042	13389085
11247043	10207228
11247044	11247034
11247045	10207229
11247046	11227386
11247046	11247047
11247046	11247105
11247046	11263138
11247047	11227386
11247047	11247046
11247047	11247105
11247048	10207231
11247048	10216402
11247049	11247042
11247050	10492853
11247050	10524129
11247050	11247940
11247050	11263137
11247051	10207409
11247051	10607525
11247051	12242842
11247052	10207410
11247053	11247057
11247054	10472879
11247054	11246022
11247054	11247058
11247054	11247063
11247054	11263136
11247055	10207437
11247056	10472879
11247056	11246053
11247056	11247058
11247056	11247067
11247056	11263135
11247057	11247053
11247058	10472879
11247058	11246022
11247058	11246053
11247058	11247054
11247058	11247056
11247058	11247063
11247058	11247067
11247059	10207454
11247060	2183970
11247060	11247062
11247060	11248281
11247061	10207459
11247061	10214146
11247062	11247060
11247063	10472879
11247063	11246022
11247063	11247054
11247063	11247058
11247064	10207464
11247065	10207467
11247066	10207726
11247066	10215920
11247066	10296649
11247067	10472879
11247067	11246053
11247067	11247056
11247067	11247058
11247068	10207760
11247069	10207764
11247070	10207775
11247071	10207797
11247072	10207799
11247073	10207802
11247073	10207803
11247074	5508087
11247074	11247075
11247075	11247074
11247076	11247078
11247076	11248279
11247077	10207805
11247078	11247076
11247079	10207808
11247080	10207811
11247081	10207814
11247082	10207815
11247083	11247084
11247083	11248278
11247084	11247083
11247084	11864613
11247085	11247086
11247085	11248272
11247086	11247085
11247087	11247089
11247087	11248270
11247087	11248271
11247088	10472878
11247088	11246023
11247088	11247363
11247088	11263134
11247089	11247087
11247091	10207818
11247093	10207819
11247094	10207821
11247095	10207822
11247095	10208182
11247096	11247097
11247097	11247096
11247098	11247099
11247098	11248171
11247098	11248176
11247099	11247098
11247100	11247101
11247100	11248153
11247101	11247100
11247102	11247104
11247102	11248149
11247102	11248151
11247103	11247112
11247103	11247119
11247104	11247102
11247105	11247046
11247105	11247047
11247106	11247107
11247106	11248145
11247107	11247106
11247112	11247103
11247113	12074823
11247114	12532525
11247116	11752757
11247119	11247103
11247125	11247131
11247125	11248219
11247129	11651765
11247129	11922981
11247131	11247125
11247139	11812402
11247140	12515590
11247141	12377632
11247142	12515596
11247143	12498948
11247143	13991875
11247147	12409161
11247148	11719655
11247154	11763185
11247155	13110709
11247160	11638124
11247165	12618740
11247166	12006665
11247173	11816468
11247179	12065264
11247180	12518362
11247184	13344947
11247186	12409165
11247188	11719807
11247190	11648988
11247190	11648989
11247190	11648992
11247190	11648993
11247192	12515619
11247193	12515611
11247196	11515993
11247198	11248759
11247205	11638621
11247206	11763186
11247230	11920324
11247234	11744927
11247241	11763187
11247241	11831881
11247258	11665415
11247259	12063363
11247259	12063364
11247260	11719808
11247262	13067711
11247265	11619768
11247266	11792444
11247279	11560520
11247282	11560520
11247287	11064054
11247289	5738049
11247290	8499540
11247297	11950853
11247304	9435055
11247309	2406096
11247311	10762577
11247312	10131699
11247314	4982224
11247315	11756906
11247318	7974880
11247318	7974881
11247318	11781745
11247319	11247321
11247320	681969
11247321	11247319
11247322	9166558
11247323	2580882
11247327	11247331
11247328	7883179
11247328	13444960
11247329	11247330
11247330	11247329
11247331	11247327
11247334	11928597
11247334	11928599
11247338	3669945
11247340	3669945
11247347	10926433
11247347	13432468
11247347	13432470
11247347	13432489
11247348	733339
11247348	11248117
11247349	9772428
11247349	11247980
11247349	11247981
11247350	8480140
11247350	12558891
11247352	8480140
11247353	8480140
11247355	306467
11247356	10493022
11247356	13498282
11247361	10472878
11247361	11246054
11247361	11247363
11247361	11263133
11247362	10472878
11247362	11246054
11247362	11247363
11247362	11263132
11247363	10472878
11247363	11246023
11247363	11246054
11247363	11247088
11247363	11247361
11247363	11247362
11247364	1356256
11247365	1356256
11247366	10733450
11247367	10733450
11247368	10733450
11247369	3642790
11247370	11212988
11247371	3497742
11247372	2494530
11247373	4545765
11247374	10137803
11247375	10137803
11247376	10365016
11247377	4711256
11247378	3516203
11247378	6830118
11247379	7782494
11247379	11266380
11247380	9734760
11247380	9734937
11247380	10586387
11247380	11266379
11247380	13776406
11247381	13675279
11247382	4518739
11247382	4518744
11247382	11247778
11247383	8663775
11247386	4889348
11247387	4889348
11247388	8430299
11247388	11247772
11247392	11247393
11247392	12193541
11247393	11247392
11247394	9292762
11247395	9292762
11247397	11247754
11247403	5353332
11247404	10666642
11247407	7851083
11247410	8444209
11247410	11855432
11247410	11855433
11247412	6774589
11247412	11247582
11247414	2645487
11247414	4938552
11247414	11937293
11247417	2141062
11247418	6197036
11247426	1985816
11247426	4696654
11247431	1047104
11247431	1633352
11247431	2783642
11247431	2783645
11247431	11245683
11247431	11245684
11247431	11307907
11247446	7156004
11247447	4625814
11247448	4625814
11247453	1966374
11247454	2241102
11247455	2250084
11247456	11246636
11247457	11246631
11247457	11253241
11247459	11246626
11247459	11947962
11247461	13071438
11247463	12877733
11247466	13084981
11247466	13084991
11247466	13084992
11247468	12232817
11247469	12123138
11247472	11247474
11247472	11247579
11247474	11247472
11247477	13767617
11247481	11246635
11247481	11247483
11247481	11247484
11247482	11247485
11247482	11247576
11247482	11247578
11247483	11246635
11247483	11247481
11247483	11247491
11247484	11246635
11247484	11247481
11247485	11247482
11247487	11247489
11247489	11247487
11247489	11380919
11247489	13312672
11247489	13312673
11247490	13404713
11247491	11247483
11247495	260874
11247495	476105
11247495	822066
11247497	11247502
11247497	11247506
11247498	8003501
11247500	8003501
11247502	11247497
11247504	127482
11247504	259405
11247504	331230
11247504	592004
11247504	592213
11247504	1558551
11247504	1953368
11247504	11229755
11247505	11247507
11247505	11247512
11247505	11247513
11247505	11247514
11247505	11247516
11247505	11247517
11247505	11247518
11247505	11247519
11247505	11247520
11247506	11247497
11247507	11247505
11247507	11247513
11247507	11247514
11247507	11247519
11247507	11638800
11247508	13565898
11247509	11247564
11247509	11247609
11247509	11497236
11247510	13393795
11247512	11247505
11247513	11247505
11247513	11247507
11247513	11247520
11247513	11638800
11247514	11247505
11247514	11247507
11247514	11638800
11247515	2783325
11247515	2825906
11247515	4858436
11247516	11247505
11247517	11247505
11247517	11638800
11247518	11247505
11247518	11638800
11247519	11247505
11247519	11247507
11247519	11247936
11247519	11266377
11247519	11638800
11247520	11247505
11247520	11247513
11247520	11638800
11247521	11045136
11247522	11045136
11247523	11045136
11247524	11045136
11247525	5079422
11247525	13054535
11247525	13054536
11247525	13054538
11247525	13054539
11247526	8818259
11247527	10153028
11247528	23422
11247529	786668
11247530	4496064
11247530	4496065
11247530	5165403
11247530	10475138
11247531	1612977
11247532	11247533
11247532	11247537
11247532	11247540
11247532	11247541
11247532	11247543
11247532	11247546
11247532	11247548
11247532	11247549
11247532	11247551
11247532	11247554
11247532	11247556
11247533	11247532
11247533	11247540
11247533	11247541
11247533	11247543
11247534	2116326
11247535	2116326
11247536	2116326
11247537	11247532
11247538	9306012
11247539	9306012
11247540	11247532
11247540	11247533
11247540	11247554
11247541	11247532
11247541	11247533
11247541	11247858
11247542	42334
11247543	11247532
11247543	11247533
11247544	42334
11247545	42334
11247546	11247532
11247547	10593160
11247548	11247532
11247549	11247532
11247550	6563265
11247551	11247532
11247551	11247556
11247551	13568014
11247551	13568017
11247552	11247560
11247552	11247562
11247553	563762
11247553	9344930
11247553	10071203
11247554	11247532
11247554	11247540
11247555	11247557
11247555	11247558
11247555	11247559
11247555	11247607
11247556	11247532
11247556	11247551
11247557	11247555
11247557	11247558
11247557	11247607
11247558	11247555
11247558	11247557
11247559	11247555
11247559	11247567
11247559	11247568
11247559	11247603
11247560	11247552
11247560	11247562
11247561	41921
11247562	11247552
11247562	11247560
11247563	2235649
11247564	11247509
11247564	11247610
11247564	11497234
11247565	2235650
11247566	2235651
11247567	11247559
11247567	11247568
11247567	11247603
11247568	11247559
11247568	11247567
11247568	11247603
11247569	2245014
11247570	2245015
11247571	2245016
11247572	2245017
11247573	2245018
11247574	2245018
11247575	2245019
11247576	11247482
11247577	2245020
11247578	11247482
11247579	11247472
11247580	2245021
11247582	11247412
11247583	1029781
11247584	6783435
11247584	11247585
11247585	11247584
11247586	301008
11247586	12146400
11247587	3374175
11247588	8409700
11247588	11247589
11247588	11247598
11247588	11930184
11247589	8409700
11247589	11247588
11247589	11247598
11247589	11930184
11247590	2282264
11247590	2679486
11247590	2679493
11247590	7694613
11247590	11930185
11247591	6257423
11247591	11072975
11247592	5915562
11247592	11072976
11247592	13829333
11247593	11073019
11247594	11073019
11247595	6270791
11247595	11073024
11247596	6270791
11247597	6586779
11247597	8783284
11247598	8409700
11247598	11247588
11247598	11247589
11247598	11930184
11247603	11247559
11247603	11247567
11247603	11247568
11247603	12817387
11247604	13514977
11247606	6586784
11247607	11247555
11247607	11247557
11247608	6774589
11247609	11247509
11247609	11497236
11247609	12911233
11247610	11247564
11247610	11497234
11247611	7262550
11247612	10067956
11247613	10081208
11247614	11247615
11247614	11497211
11247615	11247614
11247616	13086619
11247617	10700137
11247618	6257423
11247619	10733837
11247620	2642193
11247620	11497240
11247621	8718351
11247622	8718351
11247623	9259623
11247624	9798432
11247624	9798433
11247625	435082
11247627	11072973
11247628	11072970
11247629	2252708
11247629	2523648
11247629	2599514
11247629	2599515
11247629	2602246
11247629	2602247
11247629	2619552
11247629	2619554
11247629	3013303
11247629	3013632
11247629	4905667
11247629	6082232
11247629	6645494
11247629	6984091
11247629	11246576
11247630	8777438
11247630	8778079
11247631	11245282
11247631	11245283
11247631	11245287
11247631	11245288
11247631	11245290
11247631	11245291
11247631	11245293
11247632	11245282
11247632	11245283
11247632	11245287
11247632	11245288
11247632	11245290
11247632	11245291
11247632	11245293
11247633	237883
11247634	237883
11247635	10604245
11247636	10604245
11247637	10786
11247637	65295
11247638	9046000
11247638	9813112
11247639	10786
11247639	65295
11247640	2013031
11247640	11072960
11247641	2013031
11247642	9701787
11247643	1251165
11247643	2047425
11247643	5989760
11247643	11072950
11247644	9701787
11247646	9701783
11247647	11247683
11247647	12758977
11247648	9701779
11247649	9701774
11247650	11072950
11247652	5989760
11247654	11706009
11247655	9701754
11247656	9701750
11247657	11247673
11247657	11247674
11247657	11247681
11247657	11247682
11247657	13262001
11247659	7040085
11247660	317888
11247662	7966921
11247663	3619725
11247665	11247666
11247665	12799748
11247665	13376480
11247666	11247665
11247667	326288
11247668	2360406
11247668	5852310
11247668	7865549
11247668	13390176
11247669	1241224
11247670	6078550
11247670	11072948
11247671	2264863
11247672	2264863
11247673	11247657
11247673	13262001
11247674	11247657
11247674	13262001
11247677	9009167
11247677	11238408
11247678	11147921
11247679	1549913
11247681	11247657
11247682	11247657
11247683	11247647
11247684	1674405
11247685	6078550
11247687	182531
11247689	6947141
11247690	3791485
11247691	9921748
11247693	11072790
11247694	11072790
11247695	6346582
11247695	11072790
11247696	2643404
11247697	11247698
11247697	11247701
11247697	11247702
11247697	11247703
11247697	11247704
11247697	11247710
11247697	11247712
11247697	11247714
11247698	11247697
11247698	11247701
11247698	11247702
11247698	11247703
11247698	11247704
11247698	11247712
11247701	11247697
11247701	11247698
11247701	11247714
11247701	12684936
11247702	11247697
11247702	11247698
11247703	11247697
11247703	11247698
11247704	11247697
11247704	11247698
11247704	11247714
11247705	3071758
11247705	8516523
11247705	11072788
11247706	11072786
11247707	5250548
11247708	5250548
11247709	11072786
11247710	11247697
11247711	11247739
11247711	11247743
11247712	11247697
11247712	11247698
11247713	10661533
11247714	11247697
11247714	11247701
11247714	11247704
11247715	11247727
11247715	11247729
11247716	11247717
11247716	11247720
11247716	11247721
11247716	11247723
11247716	11247724
11247716	11247726
11247716	11247728
11247716	11247730
11247716	11247732
11247716	11367726
11247717	11247716
11247717	11247730
11247718	2549605
11247720	11247716
11247721	11247716
11247723	11247716
11247724	11247716
11247725	8477055
11247726	11247716
11247727	11247715
11247727	11247734
11247727	11497246
11247728	11247716
11247729	11247715
11247729	12639225
11247730	11247716
11247730	11247717
11247731	10031006
11247732	11247716
11247732	13226776
11247734	11247727
11247734	11247935
11247737	11064217
11247737	11072724
11247738	12907690
11247739	11247711
11247741	11247745
11247741	11247748
11247741	11247751
11247741	11247756
11247741	11247757
11247741	11247760
11247741	11247763
11247741	11247768
11247741	11247769
11247741	11247771
11247742	11552622
11247742	11926963
11247742	11926964
11247743	515330
11247743	2069896
11247743	2071609
11247743	11247711
11247743	11247788
11247743	11515323
11247743	13824557
11247744	30309
11247745	11247741
11247745	11247748
11247745	11247769
11247747	2304070
11247748	11247741
11247748	11247745
11247750	1812063
11247750	5671742
11247751	11247741
11247753	14018085
11247753	14018086
11247754	11247397
11247755	9524891
11247755	11497259
11247755	11497260
11247755	11636088
11247756	11247741
11247757	11247741
11247758	3142909
11247758	11497261
11247759	4144913
11247759	8051422
11247760	11247741
11247762	2111097
11247762	9305662
11247762	11497324
11247762	11497330
11247763	11247741
11247764	30314
11247765	12723213
11247765	12723221
11247766	12944958
11247768	11247741
11247769	11247741
11247769	11247745
11247770	30980
11247771	11247741
11247772	11247388
11247773	11066229
11247773	11072721
11247775	11072720
11247776	11066235
11247776	11072719
11247778	4518744
11247778	11247382
11247779	11066235
11247779	11072719
11247780	138868
11247781	11066235
11247781	11072719
11247782	11066265
11247782	11072718
11247783	6885879
11247784	11247787
11247784	11247789
11247784	11247791
11247784	11247792
11247784	11247794
11247784	11247795
11247784	11247796
11247784	11247798
11247785	11066265
11247785	11072718
11247786	11066265
11247786	11072718
11247787	11247784
11247787	11247789
11247787	11247791
11247787	11247792
11247787	11247794
11247787	11247796
11247788	11247743
11247789	11247784
11247789	11247787
11247789	11247798
11247790	242649
11247791	11247784
11247791	11247787
11247792	11247784
11247792	11247787
11247793	5791054
11247793	12206717
11247794	11247784
11247794	11247787
11247795	11247784
11247796	11247784
11247796	11247787
11247798	11247784
11247798	11247789
11247799	11247800
11247800	11247799
11247800	11247918
11247800	11247921
11247801	8630024
11247801	10180481
11247801	11247807
11247801	11247812
11247801	11247814
11247801	11247816
11247801	12206714
11247801	12206715
11247801	13827965
11247803	11246023
11247804	11247810
11247804	11247815
11247804	11247818
11247804	11247821
11247804	11247822
11247804	11247825
11247804	11247829
11247804	11247836
11247804	11247840
11247804	11284439
11247805	11247897
11247805	11360431
11247805	11575054
11247805	12735029
11247805	12735030
11247807	11247801
11247808	4205930
11247808	11266413
11247808	11266414
11247808	11273874
11247808	11273877
11247808	12569643
11247808	12574063
11247808	13353727
11247808	13353728
11247808	13353729
11247808	13353730
11247808	13393360
11247809	5863155
11247809	12206711
11247810	11247804
11247810	11247818
11247810	11247821
11247810	11247836
11247811	6560538
11247812	11247801
11247813	4622462
11247814	11247801
11247815	11247804
11247816	11247801
11247817	7188
11247818	11247804
11247818	11247810
11247819	10672337
11247819	11247827
11247819	11247828
11247819	11248467
11247819	11753230
11247819	11753231
11247820	9133567
11247820	10040677
11247821	11247804
11247821	11247810
11247822	11247804
11247823	9133567
11247824	9133567
11247825	11247804
11247826	8695961
11247827	11247819
11247828	11247819
11247829	11247804
11247830	11215544
11247831	11210946
11247832	11223378
11247833	11215537
11247834	3213554
11247834	3611564
11247834	3611565
11247834	3611567
11247834	3611568
11247834	9041508
11247834	9041510
11247834	9602398
11247834	9640530
11247834	9640531
11247834	10005756
11247834	11117904
11247834	11117910
11247834	11118446
11247835	11215536
11247836	11247804
11247836	11247810
11247836	11247934
11247837	2478801
11247838	11226514
11247839	10491660
11247840	11247804
11247841	11046706
11247841	11047791
11247841	11223562
11247842	11226467
11247843	11223539
11247844	11215525
11247844	11248480
11247845	11210949
11247845	11248476
11247846	11210944
11247847	11197866
11247848	11158345
11247849	5822181
11247849	11497354
11247849	11497360
11247850	11239940
11247850	11248474
11247851	11169878
11247852	11169878
11247853	6274688
11247853	7076382
11247853	12991318
11247854	11147241
11247854	11248472
11247855	11148045
11247856	722827
11247857	3914491
11247857	8877806
11247857	8877807
11247857	8877812
11247857	8877813
11247857	11497366
11247857	11497367
11247857	11497368
11247857	12849047
11247858	11247541
11247859	9816304
11247860	9816304
11247861	8939028
11247867	9611723
11247867	9835755
11247869	7532353
11247869	11318292
11247870	11066288
11247870	11072717
11247872	317701
11247872	11318283
11247873	5938119
11247873	11318281
11247874	9466391
11247874	11318276
11247876	5293148
11247876	11318266
11247877	3629979
11247877	11318259
11247878	11212783
11247878	11230803
11247878	11236689
11247878	11236783
11247878	11532630
11247881	8549886
11247881	11318257
11247881	11488632
11247882	11115838
11247883	8650928
11247887	11247891
11247887	11247896
11247888	9667691
11247888	9669245
11247890	8732507
11247890	8732508
11247890	8732784
11247890	8732789
11247890	9248847
11247891	11247887
11247892	8815524
11247893	9734593
11247893	9734594
11247893	10061149
11247894	13007884
11247895	11878379
11247896	11247887
11247896	13319742
11247896	13319743
11247897	11247805
11247897	12735029
11247897	12735030
11247898	11247899
11247898	11252557
11247898	12487679
11247899	11247898
11247899	11252557
11247900	11248334
11247900	11249590
11247900	11249591
11247900	11252428
11247900	11257735
11247900	12721946
11247901	3992436
11247902	6363579
11247903	1409529
11247904	6363579
11247905	7188806
11247906	2376301
11247906	2383759
11247906	11247912
11247907	6428177
11247907	6707541
11247907	11248189
11247907	11249558
11247908	12919746
11247909	6484705
11247910	2898638
11247911	2650182
11247912	2376301
11247912	2383759
11247912	11247906
11247913	2259463
11247913	11455198
11247913	11497371
11247914	3592830
11247915	6996712
11247916	10582310
11247917	6218382
11247917	6218498
11247918	11247800
11247919	7538386
11247919	7614514
11247920	8386385
11247921	11247800
11247922	3619808
11247922	10737385
11247923	9952755
11247924	11069535
11247924	11069659
11247924	11069660
11247924	11072709
11247925	6351993
11247925	11254024
11247926	11069557
11247926	11069577
11247926	11072708
11247927	11069557
11247927	11069577
11247927	11072708
11247928	11246598
11247929	1763311
11247929	2753998
11247929	9823865
11247930	11072706
11247931	643267
11247933	643267
11247934	11247836
11247935	11247734
11247936	11247519
11247937	3609991
11247937	11248168
11247937	11248216
11247940	11247050
11247941	11248155
11247941	11249560
11247941	11249714
11247941	11263130
11247941	12901580
11247941	12901581
11247942	5964630
11247943	3915847
11247943	10359033
11247945	5964630
11247947	6782507
11247947	6934965
11247947	6934967
11247947	7535171
11247947	8951889
11247948	10191486
11247949	10191486
11247951	10191486
11247952	11247954
11247953	7403206
11247953	9681355
11247954	11247952
11247954	11263129
11247955	11263875
11247955	11832087
11247956	4537768
11247956	6603117
11247957	11247959
11247958	3662217
11247959	11247957
11247959	11263126
11247959	11263128
11247960	9636937
11247962	3782813
11247963	8721662
11247964	3662281
11247965	2799737
11247966	11247967
11247967	11247966
11247968	2777936
11247968	10105565
11247968	10737114
11247969	6814680
11247970	3151619
11247970	9002321
11247971	3862657
11247973	1126628
11247973	1129533
11247973	4479612
11247973	9066632
11247974	3862657
11247975	11247977
11247976	14883
11247976	251849
11247976	1483244
11247977	11247975
11247977	11263123
11247977	11263124
11247978	11247985
11247980	7201996
11247980	9722681
11247980	9772428
11247980	10846864
11247980	11247349
11247981	11247349
11247982	432719
11247982	432720
11247982	432725
11247982	3378483
11247982	4509509
11247982	10252946
11247983	11247984
11247984	11247983
11247985	11247978
11247985	11263119
11247985	11263121
11247985	12194452
11247985	13569782
11247987	9940713
11247988	9940695
11247989	9940713
11247990	10568068
11247990	10913480
11247990	11947411
11247990	11947412
11247992	1871845
11247992	10905925
11247993	4017763
11247994	4890786
11247994	4953353
11247994	9187481
11247994	11378656
11247994	11378657
11247995	11247998
11247996	597286
11247996	597815
11247996	3469457
11247998	11247995
11247998	11263118
11247999	11243124
11248000	1609019
11248000	2077326
11248000	2077328
11248000	3006945
11248000	3012478
11248000	8666233
11248000	11248005
11248000	11249711
11248000	11249712
11248001	11248002
11248002	11248001
11248003	11248004
11248004	5070979
11248004	11248003
11248005	11248000
11248007	11248019
11248009	6676399
11248009	6676400
11248009	7645145
11248010	6840082
11248011	13454269
11248012	11144172
11248014	10005198
11248015	3746246
11248015	11249693
11248015	11249697
11248015	11249698
11248015	11249700
11248015	11249701
11248015	11249702
11248015	11249703
11248015	11249705
11248015	11249709
11248015	11351016
11248016	11243124
11248019	11248007
11248020	11248034
11248023	9752031
11248026	1300471
11248028	2953075
11248028	3484804
11248028	3657883
11248028	3697560
11248028	11249689
11248028	11249691
11248029	4167940
11248029	9358477
11248030	3907666
11248030	3915986
11248030	4124370
11248030	4124371
11248030	4124537
11248030	4785098
11248030	8195676
11248030	11249683
11248033	5679168
11248033	9497633
11248033	9497635
11248033	9515212
11248034	11248020
11248034	11263117
11248035	13611898
11248036	10363916
11248036	10450577
11248036	11249672
11248036	11249673
11248037	10091843
11248037	10336116
11248038	13079460
11248039	11248056
11248041	11248055
11248042	9358477
11248043	8058809
11248044	2647293
11248044	5508596
11248044	8774122
11248044	11938491
11248045	8058809
11248047	11248048
11248048	11248047
11248049	10742419
11248049	10750381
11248049	11249639
11248049	11249642
11248049	11249649
11248049	12738881
11248050	11248053
11248051	4852715
11248052	4852715
11248053	11248050
11248054	10891112
11248054	10891115
11248055	11248041
11248055	11263116
11248056	11248039
11248057	6419257
11248057	10810878
11248059	3000659
11248059	4856754
11248059	4856755
11248059	10051607
11248061	13391228
11248062	8660997
11248062	9032002
11248062	9032003
11248063	12572229
11248064	9682834
11248064	9682839
11248064	10911144
11248065	5246693
11248066	11248067
11248067	11248066
11248067	13155651
11248067	13250107
11248068	5246693
11248069	5738395
11248069	9815555
11248070	11248071
11248070	11248078
11248070	12900712
11248071	11248070
11248071	12449340
11248072	1983729
11248072	1983732
11248072	1985869
11248072	1985870
11248072	1985873
11248072	1985874
11248072	3799687
11248072	3799695
11248072	5081512
11248072	5083423
11248072	5083436
11248072	6603341
11248072	11385074
11248072	11385075
11248072	11385077
11248072	11385078
11248072	11385080
11248072	11385081
11248073	11248074
11248074	11248073
11248075	8040933
11248075	9697942
11248076	1644375
11248077	3143862
11248077	11248083
11248077	11248084
11248078	11248070
11248079	1042375
11248079	11248839
11248080	11218560
11248080	11223857
11248081	11248082
11248082	11248081
11248083	57041
11248083	11248077
11248083	13869918
11248083	13869919
11248084	57041
11248084	11248077
11248084	13248805
11248085	1301109
11248085	1301684
11248085	8496191
11248086	5134223
11248086	7224704
11248086	11248088
11248087	11248096
11248088	6852693
11248088	11248086
11248089	342432
11248089	370169
11248089	487793
11248089	4655340
11248089	6769118
11248089	6959527
11248089	12099783
11248090	5937938
11248090	8033549
11248090	8033550
11248091	8356
11248092	11255331
11248093	9684447
11248093	11248836
11248094	1538117
11248095	8356
11248096	11248087
11248096	11263115
11248096	12957576
11248098	13474927
11248102	11248107
11248103	11248141
11248105	11248108
11248106	444788
11248107	11248102
11248108	11248105
11248109	11072522
11248109	11072523
11248109	11072525
11248109	11072526
11248109	11072531
11248109	11825657
11248110	11072522
11248110	11072524
11248110	11072525
11248111	11072490
11248112	11072478
11248114	11248116
11248114	11823189
11248115	11248118
11248116	11248114
11248117	11247348
11248118	11248115
11248119	1051993
11248119	10524819
11248119	11248126
11248119	13122927
11248120	11072522
11248120	11825657
11248121	11072522
11248122	11248124
11248122	11248127
11248122	11248129
11248122	11248130
11248122	11248134
11248122	11248144
11248122	11248154
11248122	11248164
11248122	11248167
11248123	6892791
11248123	11248125
11248124	11248122
11248124	11248127
11248124	11248164
11248125	11248123
11248126	10524819
11248126	11248119
11248127	11248122
11248127	11248124
11248127	11248136
11248129	11248122
11248129	11248136
11248130	11248122
11248131	11116878
11248131	13580694
11248131	13580696
11248133	8429081
11248133	11116879
11248133	13203725
11248134	11248122
11248135	11116880
11248135	13158461
11248136	11248127
11248136	11248129
11248137	11116883
11248137	11116887
11248137	13146095
11248137	13146096
11248137	13146097
11248138	11116884
11248138	13302775
11248139	11116885
11248139	13302768
11248139	13302769
11248140	11248146
11248140	11497372
11248141	11248103
11248142	11116890
11248142	13136590
11248142	13210914
11248143	11116891
11248143	13302767
11248144	11248122
11248145	11247106
11248146	11248140
11248147	11116892
11248147	11116894
11248147	13162781
11248149	11247102
11248150	11116893
11248151	11247102
11248152	10524819
11248153	11247100
11248154	11248122
11248155	11247941
11248155	11249560
11248155	11249714
11248155	12901581
11248156	11116895
11248156	13126858
11248157	11116899
11248158	10524818
11248159	11116900
11248160	11116901
11248161	11116902
11248161	13264607
11248161	13264609
11248162	11116904
11248164	11248122
11248164	11248124
11248166	10158471
11248167	11248122
11248168	11247937
11248168	11248216
11248169	3991342
11248170	8572688
11248170	13120669
11248170	13120670
11248171	11247098
11248172	9021460
11248172	13121820
11248173	9021462
11248174	9021464
11248175	11248182
11248175	11248201
11248175	11248205
11248175	11248209
11248175	11248217
11248175	11248221
11248175	11248225
11248175	11248229
11248175	11248234
11248175	11248237
11248175	11248250
11248175	11248253
11248175	11248258
11248175	11248261
11248175	11248264
11248175	11248267
11248176	11247098
11248177	9021471
11248178	13469710
11248179	10132418
11248180	13583536
11248181	10243858
11248182	11248175
11248182	11248205
11248182	11248258
11248184	10132418
11248186	10748895
11248186	13106341
11248187	11245096
11248189	11247907
11248189	11249558
11248190	11248207
11248191	1661197
11248193	1818919
11248195	8400857
11248196	11248202
11248197	8541547
11248197	13627285
11248199	8572486
11248201	11248175
11248202	11248196
11248203	10834255
11248204	1663206
11248204	13195041
11248205	11248175
11248205	11248182
11248207	11248190
11248208	9801012
11248209	11248175
11248211	10822446
11248212	10823877
11248213	11176979
11248214	1828993
11248214	13098948
11248215	2879108
11248215	8217741
11248215	13174176
11248216	11247937
11248216	11248168
11248217	11248175
11248218	8133247
11248219	11247125
11248220	8392840
11248221	11248175
11248222	9133280
11248222	13311761
11248223	10228654
11248223	13155601
11248224	10822446
11248225	11248175
11248226	10822553
11248228	10822690
11248228	13262144
11248229	11248175
11248230	10822690
11248231	1635444
11248231	13296560
11248231	13296561
11248232	1635444
11248232	13296561
11248234	11248175
11248234	11248250
11248235	1662194
11248235	13296559
11248236	1686567
11248236	11485185
11248236	13296558
11248237	11248175
11248238	11248241
11248239	10389506
11248240	10226282
11248240	13286560
11248241	11248238
11248242	10389506
11248243	1665346
11248244	1673279
11248244	2012305
11248244	13380324
11248244	13380836
11248244	13532116
11248246	1709156
11248247	1829002
11248248	2875335
11248249	2875471
11248250	11248175
11248250	11248234
11248251	13654743
11248252	2875811
11248253	11248175
11248254	1700577
11248255	3879637
11248256	8257017
11248257	8257019
11248258	11248175
11248258	11248182
11248259	8257027
11248260	8257216
11248261	11248175
11248262	8257118
11248263	9392138
11248264	11248175
11248265	2875707
11248266	10020369
11248267	11248175
11248268	10211025
11248269	10217231
11248269	13141701
11248270	11247087
11248271	11247087
11248272	11247085
11248273	10217274
11248273	13230324
11248274	10217358
11248275	10223401
11248276	3991316
11248277	11248289
11248278	11247083
11248279	11247076
11248280	8051002
11248280	13202130
11248281	11247060
11248282	8051023
11248282	13139101
11248283	8051035
11248284	8051040
11248284	13124073
11248284	13577063
11248285	11248288
11248285	11248290
11248285	11248292
11248285	11248294
11248285	11248297
11248285	11248299
11248285	11248301
11248285	11248307
11248285	11248324
11248285	11248329
11248285	11248331
11248285	12698809
11248286	8051047
11248287	8051047
11248288	11248285
11248288	11248292
11248288	11248324
11248289	11248277
11248290	11248285
11248291	11247042
11248292	11248285
11248292	11248288
11248293	8051048
11248294	11248285
11248295	8447614
11248296	11248300
11248297	11248285
11248298	8562574
11248298	13526834
11248298	13526835
11248299	11248285
11248300	11248296
11248301	11248285
11248302	8305634
11248302	8305635
11248302	8365605
11248302	9331792
11248303	10869965
11248303	13199177
11248304	2880980
11248305	7961578
11248306	278499
11248307	11248285
11248308	8239073
11248308	13636951
11248309	8303795
11248310	8303795
11248310	13126434
11248311	8376922
11248312	8376922
11248312	13542417
11248312	13542420
11248313	8376922
11248314	1709164
11248315	11248319
11248315	11248327
11248316	8783213
11248316	13240386
11248317	8622674
11248318	8778982
11248319	11248315
11248319	11251678
11248319	11251679
11248320	8780481
11248321	11248325
11248322	8783076
11248323	8783099
11248323	13553637
11248324	11248285
11248324	11248288
11248324	11263112
11248325	11248321
11248325	12911923
11248325	12911924
11248326	8783149
11248326	13112584
11248326	13112589
11248327	11248315
11248328	11248330
11248329	11248285
11248330	11248328
11248330	11248335
11248330	13113848
11248330	13113849
11248331	11248285
11248332	2880863
11248333	284831
11248334	11247900
11248335	11248330
11248336	11248338
11248336	11248341
11248336	11248344
11248336	11248345
11248336	11248347
11248336	11248350
11248336	11248352
11248336	11248354
11248336	11248356
11248336	11248359
11248337	11248339
11248337	11248340
11248337	12517426
11248337	13061949
11248338	11248336
11248338	11248356
11248339	11248337
11248340	11248337
11248341	11248336
11248342	11248351
11248343	7895501
11248343	7895503
11248343	11443377
11248343	11443378
11248343	11443379
11248343	11443381
11248343	11443383
11248343	11443385
11248343	12206709
11248343	12551260
11248343	12551261
11248343	12551262
11248343	12703164
11248343	12707243
11248343	12707245
11248343	12707247
11248343	12707248
11248343	12707249
11248343	12707250
11248344	11248336
11248345	11248336
11248346	10163298
11248347	11248336
11248348	11248349
11248349	11248348
11248350	11248336
11248351	11248342
11248352	11248336
11248353	5814123
11248353	5952424
11248353	12461996
11248354	11248336
11248355	8573428
11248356	11248336
11248356	11248338
11248356	11263109
11248357	11248358
11248358	11248357
11248359	11248336
11248360	10599687
11248361	11248362
11248362	11248361
11248363	11248369
11248363	11248373
11248363	11248375
11248363	11248378
11248363	11248381
11248363	11248384
11248363	11248386
11248363	11248389
11248363	11248391
11248363	11248394
11248364	11243423
11248364	11263106
11248365	11243424
11248365	11248368
11248366	7057235
11248367	7057235
11248368	11248365
11248369	11248363
11248369	11248375
11248369	11248381
11248369	11248389
11248370	6826386
11248371	11248379
11248372	127783
11248372	708100
11248372	9182758
11248372	11248374
11248372	11851964
11248373	11248363
11248374	9182758
11248374	11248372
11248374	11263105
11248375	11248363
11248375	11248369
11248376	21327
11248377	1060173
11248377	11470239
11248377	12962766
11248378	11248363
11248379	11248371
11248380	10703560
11248381	11248363
11248381	11248369
11248382	10971650
11248383	11248388
11248384	11248363
11248386	11248363
11248388	11248383
11248389	11248363
11248389	11248369
11248389	11263103
11248390	7755113
11248391	11248363
11248392	4794547
11248392	12206706
11248392	12206707
11248392	12206708
11248393	11251140
11248394	11248363
11248395	5979433
11248395	11834165
11248395	11834166
11248395	11838473
11248396	11248397
11248396	11248402
11248397	11248396
11248398	5038413
11248398	11928919
11248399	5054272
11248400	11248401
11248401	11248400
11248402	11248396
11248402	11248543
11248402	11248544
11248402	11248545
11248402	11248546
11248402	11248547
11248402	11248548
11248402	11248549
11248402	11248550
11248402	11248551
11248406	12530244
11248408	11026166
11248409	11248410
11248410	11248409
11248411	11248412
11248411	12702666
11248411	12702667
11248412	11248411
11248413	11248414
11248413	12397470
11248414	11248413
11248415	11248416
11248415	12702661
11248415	12702662
11248416	11248415
11248416	11998484
11248416	11998485
11248419	11248420
11248419	13300313
11248419	13300314
11248419	13300315
11248420	11248419
11248421	8980304
11248422	11248423
11248422	13614912
11248423	11248422
11248424	8980304
11248425	66484
11248425	12962773
11248426	66484
11248427	52448
11248427	11248432
11248428	52448
11248428	11248432
11248429	3686634
11248429	12962774
11248430	9470514
11248430	9573099
11248431	11248433
11248431	11248436
11248431	11248437
11248431	11248438
11248431	11248439
11248431	11248440
11248431	11248441
11248431	11248442
11248431	11248443
11248432	52448
11248432	11248427
11248432	11248428
11248433	11248431
11248433	11248437
11248433	11248438
11248433	11248439
11248433	11248440
11248433	11248442
11248434	12962807
11248434	13938469
11248434	13939100
11248434	13939918
11248435	13939171
11248435	13939172
11248436	11248431
11248437	11248431
11248437	11248433
11248438	11248431
11248438	11248433
11248439	11248431
11248439	11248433
11248440	11248431
11248440	11248433
11248441	11248431
11248442	11248431
11248442	11248433
11248442	11254126
11248443	11248431
11248444	11248445
11248444	11248448
11248444	11248450
11248444	11248451
11248444	11248452
11248444	11248453
11248444	11248454
11248444	11248455
11248444	11248456
11248445	11248444
11248446	8832008
11248447	8481960
11248448	11248444
11248449	8481960
11248450	11248444
11248451	11248444
11248452	11248444
11248453	11248444
11248454	11248444
11248455	11248444
11248455	11263102
11248456	11248444
11248457	11248458
11248458	11248457
11248459	7842725
11248459	11250043
11248460	11248461
11248460	11248462
11248460	11248463
11248460	11248464
11248460	11248465
11248460	11248466
11248460	11248468
11248460	11248469
11248460	11248471
11248460	11248473
11248461	11248460
11248461	11248471
11248462	11248460
11248463	11248460
11248464	11248460
11248465	11248460
11248466	11248460
11248467	11247819
11248467	12962808
11248468	11248460
11248469	11248460
11248470	7956794
11248471	11248460
11248471	11248461
11248471	11263101
11248472	11247854
11248473	11248460
11248474	11247850
11248474	12962809
11248475	117368
11248476	11247845
11248476	12962810
11248477	11248479
11248477	11248482
11248477	11248483
11248477	11248485
11248477	11248486
11248477	11248487
11248477	11248488
11248477	11248489
11248477	11248491
11248477	11619695
11248478	9962195
11248479	11248477
11248479	11248483
11248479	11248486
11248479	11248489
11248480	11247844
11248481	6971460
11248481	11248499
11248482	11248477
11248483	11248477
11248483	11248479
11248484	6728848
11248484	11248495
11248485	11248477
11248486	11248477
11248486	11248479
11248487	11248477
11248488	11248477
11248489	11248477
11248489	11248479
11248489	11263100
11248490	4339454
11248491	11248477
11248492	11067861
11248493	5013356
11248494	11246292
11248495	11248484
11248495	11249621
11248495	13051263
11248496	3013031
11248497	6479371
11248497	11248500
11248498	405749
11248499	11248481
11248500	11248497
11248503	10176665
11248504	1810920
11248505	2970410
11248506	7448628
11248507	9614725
11248508	340966
11248509	817061
11248510	3530323
11248511	3605465
11248512	4206037
11248513	6972178
11248514	10225093
11248515	10760580
11248516	11214914
11248517	400004
11248518	1503286
11248519	1561883
11248520	1986563
11248521	2143452
11248522	2420101
11248523	2742307
11248524	3024859
11248525	341614
11248526	11016945
11248527	6440700
11248528	10166109
11248529	606954
11248530	1909953
11248531	2696397
11248532	2804325
11248533	7956330
11248534	10244354
11248535	10926153
11248536	2253058
11248537	4799198
11248538	8541578
11248539	8239165
11248540	3454677
11248541	3398522
11248541	11248542
11248542	3398522
11248542	11248541
11248543	11248402
11248543	11248545
11248543	11248550
11248544	11248402
11248545	11248402
11248545	11248543
11248546	11248402
11248547	11248402
11248548	11248402
11248549	11248402
11248550	11248402
11248550	11248543
11248551	11248402
11248552	546007
11248553	1437
11248554	25930
11248555	28129
11248556	30397
11248557	30433
11248558	30542
11248559	36419
11248560	39996
11248561	253448
11248562	9976777
11248563	324637
11248564	8515762
11248565	18209
11248566	7867746
11248567	7519023
11248568	7218142
11248569	7402443
11248570	16851
11248571	19118
11248572	19536
11248573	11248574
11248573	11263903
11248574	11248573
11248574	11248586
11248575	11248576
11248575	11263902
11248575	12965216
11248576	11248575
11248576	11248577
11248576	11248578
11248577	11248576
11248577	11248833
11248578	11248576
11248578	12622198
11248579	10209187
11248580	9690724
11248581	10303903
11248582	10140853
11248583	11244544
11248584	9855739
11248585	11244543
11248586	11248574
11248586	11248587
11248587	11248586
11248588	11238823
11248590	2237576
11248591	2005188
11248591	2237576
11248592	8256329
11248594	10131768
11248596	9365677
11248597	33792
11248597	196613
11248598	235264
11248599	10988810
11248600	10915088
11248601	9951308
11248602	9951307
11248602	12809532
11248603	11027850
11248604	9951299
11248605	9951298
11248606	9951297
11248607	9951287
11248608	9951272
11248609	9951271
11248610	9951269
11248611	9951268
11248612	9951259
11248612	12003142
11248613	9951256
11248614	9951257
11248615	9951258
11248616	9951025
11248617	9951024
11248618	9950996
11248619	10901682
11248620	9950993
11248621	9949386
11248621	13613533
11248622	9949435
11248623	9950955
11248624	9950954
11248625	10903740
11248625	10903741
11248626	9950388
11248626	13392326
11248627	9950384
11248628	9950383
11248629	9950345
11248630	9950186
11248630	13491688
11248630	13491689
11248631	9950179
11248632	9950093
11248633	9950056
11248634	9950054
11248635	9950052
11248636	9950049
11248637	9949232
11248638	9949463
11248639	9949462
11248640	9949449
11248641	9949448
11248642	9949447
11248643	11248658
11248644	11248645
11248645	11248644
11248646	11248653
11248646	11263099
11248647	9949434
11248648	9949429
11248649	2248295
11248649	2654670
11248650	9949426
11248650	12112444
11248651	9949423
11248652	9949422
11248653	11248646
11248654	9949421
11248655	9949420
11248656	9949416
11248657	9949415
11248658	11248643
11248659	11248679
11248660	11248662
11248661	5603251
11248662	11248660
11248663	9949408
11248664	9949406
11248665	9949405
11248667	9949403
11248668	9949400
11248669	9949395
11248670	11248694
11248671	9949388
11248672	9949387
11248673	9949385
11248674	9949384
11248675	9949383
11248676	9949382
11248677	9949381
11248678	9949380
11248679	11248659
11248680	9949378
11248681	9949377
11248682	9949375
11248683	9949374
11248684	9949373
11248685	9949361
11248686	11248692
11248686	12302843
11248687	9949356
11248688	9949355
11248688	13542385
11248689	9949353
11248690	9949335
11248691	9949331
11248692	11248686
11248693	9949330
11248694	11248670
11248695	9949325
11248696	9949323
11248697	9949250
11248698	9949249
11248699	9949247
11248700	11248744
11248701	9949246
11248702	9949220
11248703	9949229
11248704	9949226
11248705	9949223
11248706	9949218
11248707	11248727
11248708	9949212
11248709	9949210
11248710	9949205
11248711	9949203
11248712	9949201
11248712	12933021
11248713	9949199
11248714	9949198
11248715	9949195
11248716	10876015
11248716	13120525
11248717	9949179
11248718	9949178
11248719	9949177
11248721	9949175
11248721	9949186
11248722	10878885
11248722	13321982
11248722	13321987
11248723	9495980
11248723	9949174
11248724	9949172
11248725	9949171
11248726	9949169
11248727	11248707
11248728	9949168
11248728	11773179
11248729	9949167
11248730	10882045
11248730	10882046
11248730	13129606
11248731	9949166
11248732	9949164
11248733	9949161
11248734	9949163
11248735	5958347
11248735	9360458
11248736	9949162
11248737	9949159
11248738	9949158
11248739	9949152
11248740	10890374
11248741	9949149
11248742	9949148
11248743	9949144
11248743	11926233
11248744	11248700
11248745	9949105
11248746	11248749
11248747	11248753
11248748	11076152
11248749	11248746
11248750	11207790
11248751	9949099
11248752	11209710
11248753	11248747
11248754	11212649
11248755	11248757
11248756	7707327
11248756	11248809
11248757	11248755
11248758	11248760
11248759	11247198
11248760	11248758
11248760	11248813
11248761	1634872
11248762	1672910
11248763	11248765
11248764	11248767
11248765	11248763
11248766	3932925
11248766	3934641
11248767	11248764
11248767	11248803
11248768	8249708
11248769	11248770
11248770	11248769
11248770	11248801
11248772	8608444
11248775	8614586
11248776	13997383
11248777	8674195
11248778	11248797
11248779	11248794
11248780	11248782
11248781	9354539
11248781	11975466
11248782	11248780
11248783	9768594
11248783	13173799
11248783	13173800
11248784	9947018
11248785	11248793
11248786	9947765
11248786	12006747
11248787	9948478
11248788	9948483
11248789	9948466
11248790	9819832
11248790	13526153
11248791	8844880
11248792	8725438
11248793	11248785
11248794	11248779
11248795	9953398
11248797	11248778
11248798	11248805
11248798	13008480
11248799	9956124
11248800	9956428
11248801	11248770
11248803	11248767
11248804	9992141
11248805	11248798
11248806	11248808
11248807	10023687
11248808	11248806
11248809	11248756
11248810	11248811
11248810	12011614
11248811	11248810
11248811	12011614
11248813	11248760
11248814	11248816
11248814	13015166
11248816	11248814
11248817	11248818
11248818	11248817
11248819	11248822
11248821	11248824
11248821	11248825
11248821	11281420
11248821	11281421
11248822	11248819
11248824	11248821
11248824	11263096
11248824	11281420
11248824	11281421
11248825	11248821
11248826	10667920
11248827	1344376
11248828	2822701
11248829	11248830
11248829	12358446
11248829	13863918
11248830	11248829
11248830	11250016
11248830	11263095
11248830	12358446
11248830	13863918
11248831	315903
11248833	11248577
11248834	285367
11248834	13442769
11248834	13442859
11248835	9827379
11248836	11248093
11248836	13508516
11248837	47284
11248837	8328919
11248837	8343665
11248838	8964509
11248838	8964510
11248839	11248079
11248840	2835520
11248840	11726089
11248841	11248842
11248841	13606067
11248842	11248841
11248842	11263094
11248843	9946941
11248843	12415391
11248844	9946940
11248845	9946939
11248845	12914540
11248846	9946924
11248847	9947001
11248848	9946997
11248849	9946996
11248850	9946991
11248851	9946965
11248852	9946962
11248853	9946948
11248854	9946947
11248856	9946887
11248857	9946753
11248858	9946741
11248859	9946740
11248860	9946738
11248861	9946723
11248862	9946120
11248863	9946119
11248864	9946117
11248865	9946116
11248866	9946065
11248867	9945487
11248868	9944696
11248869	9944695
11248870	9944667
11248871	9944662
11248872	9944661
11248873	9944660
11248874	9944659
11248875	9944655
11248876	9944654
11248877	9944647
11248878	9944646
11248879	9944645
11248880	11248882
11248880	12006844
11248881	9944644
11248882	11248880
11248882	12006844
11248883	11248884
11248884	11248883
11248885	11248886
11248886	11248885
11248887	9944636
11248888	9944630
11248889	9944629
11248890	9944619
11248891	9944621
11248891	12055649
11248892	9944600
11248892	12014599
11248893	9944599
11248893	14009906
11248894	9944598
11248895	9944576
11248896	9944571
11248896	12521607
11248897	9944564
11248899	11248900
11248899	13480863
11248900	11248899
11248901	9944562
11248902	9944395
11248903	9944393
11248904	9944345
11248905	9944340
11248906	9943033
11248907	9943032
11248908	9943021
11248909	9943018
11248910	9943005
11248911	9942992
11248912	9942263
11248913	9941944
11248914	9941936
11248915	9942903
11248916	9942869
11248917	9942880
11248918	9942862
11248919	9942860
11248920	9942843
11248921	9942796
11248922	9942338
11248923	9942335
11248924	9942301
11248925	9942276
11248926	9942264
11248928	9941450
11248929	9941449
11248930	9941437
11248931	9941436
11248932	9941435
11248933	9941429
11248934	9941428
11248935	9941422
11248936	9941423
11248937	9941416
11248938	9941415
11248939	9941403
11248939	12131213
11248940	9941393
11248941	9941388
11248942	9941380
11248943	9941379
11248944	9941220
11248945	9941208
11248946	9941207
11248947	9941203
11248948	9941184
11248949	9941183
11248950	9941180
11248951	9941170
11248952	9941086
11248953	9941074
11248954	9941066
11248955	9941057
11248956	9940732
11248957	9940716
11248958	9940712
11248959	9940688
11248960	9940681
11248961	9940679
11248962	8490901
11248963	9940658
11248964	8490901
11248965	9940537
11248966	8490901
11248967	8490901
11248968	9940535
11248969	7132055
11248970	9940533
11248971	3906417
11248972	9940532
11248973	9940531
11248974	9940529
11248975	9940524
11248976	9940520
11248977	9940519
11248978	9940511
11248979	9940361
11248980	5909655
11248981	13477285
11248982	9939989
11248983	9939985
11248984	9939983
11248985	9939973
11248986	9939969
11248987	9939949
11248988	9939945
11248989	9939926
11248989	13754887
11248990	9939912
11248991	3823255
11248992	9939911
11248993	9939899
11248994	9939897
11248995	3733277
11248997	9939894
11248998	9939893
11248999	6797104
11249000	3636163
11249001	10642427
11249002	2602962
11249003	2881774
11249004	807076
11249005	8560030
11249006	9939890
11249007	9939889
11249008	13094
11249009	6658774
11249010	9939888
11249011	11249194
11249012	9939883
11249013	9939857
11249014	9939854
11249015	13094
11249016	9939851
11249017	10991776
11249018	9939845
11249018	13776717
11249019	9939838
11249020	9939566
11249021	9939565
11249022	9939003
11249023	9938992
11249023	12815155
11249024	10085237
11249025	9938990
11249026	9938989
11249027	9938988
11249028	9938987
11249029	9938986
11249030	9938985
11249031	9938975
11249032	9938973
11249032	12902728
11249033	10495839
11249034	9938962
11249035	1882744
11249036	9938958
11249037	9938957
11249038	9938946
11249039	9938927
11249040	9938008
11249041	2647193
11249042	9938007
11249043	9959333
11249044	9938006
11249044	12804207
11249045	1403867
11249046	9938005
11249047	9966356
11249048	9938004
11249049	9938003
11249050	9938002
11249051	9938001
11249052	9938000
11249052	12589973
11249053	5078314
11249054	9937999
11249055	9937998
11249056	9937997
11249057	9937994
11249058	5078314
11249059	11822157
11249060	9937992
11249061	11249195
11249062	9937990
11249063	2867564
11249065	6786272
11249066	3310833
11249067	6832734
11249068	9937989
11249069	9937986
11249070	9684647
11249071	1612078
11249072	10749967
11249073	3155592
11249073	9359559
11249074	124997
11249075	331874
11249076	9937985
11249077	9937983
11249078	6724772
11249079	9937982
11249080	9937972
11249081	9937971
11249082	9937965
11249083	9937964
11249084	9937946
11249085	1809014
11249086	9937942
11249087	9937930
11249088	9937929
11249089	9937901
11249090	9937900
11249091	9937892
11249092	9937878
11249095	11719656
11249095	11719657
11249095	11719658
11249095	11719659
11249096	9936973
11249098	9936971
11249099	9936972
11249101	9936970
11249102	9936969
11249102	12878212
11249103	11250216
11249103	11933581
11249104	9936968
11249105	9936965
11249106	11761523
11249107	9936963
11249108	7698278
11249109	9936937
11249110	11507371
11249110	12486455
11249110	13530518
11249111	12584991
11249111	12584993
11249111	13530556
11249112	11761852
11249112	11792426
11249112	12686836
11249115	11103190
11249116	9936935
11249117	12052111
11249118	11756973
11249119	9936923
11249120	9936922
11249121	9936784
11249123	11658995
11249123	12902562
11249124	12524002
11249126	9936783
11249127	7698278
11249128	12068400
11249129	11949853
11249129	11978111
11249131	9936782
11249133	9936468
11249133	11708264
11249133	11708265
11249134	12074979
11249135	9936036
11249138	9936033
11249141	9936032
11249143	9936031
11249145	356213
11249145	1211575
11249145	9507406
11249146	9690558
11249147	8928428
11249147	10731730
11249147	10731732
11249148	8928428
11249148	10731732
11249149	9190334
11249150	3483462
11249151	9968474
11249152	2220196
11249153	2658251
11249153	10811016
11249153	10811017
11249154	428016
11249155	10365289
11249155	10365290
11249155	11233290
11249157	6344653
11249157	9173420
11249158	1018690
11249158	9377876
11249159	9032842
11249159	10715011
11249160	5995965
11249161	6020839
11249170	3537
11249171	11712496
11249172	6304481
11249173	6304481
11249174	11712498
11249177	11712550
11249179	12006674
11249181	8662386
11249182	6320386
11249183	6543538
11249183	12570470
11249183	12570472
11249183	13777677
11249183	13777678
11249183	13777679
11249184	1127948
11249184	1128817
11249185	6616678
11249186	6616678
11249187	6708264
11249188	6797291
11249189	6919591
11249189	11255847
11249190	6952662
11249190	11255848
11249190	11256739
11249191	7547338
11249191	8444898
11249192	8381030
11249192	10817820
11249193	5913758
11249194	11249011
11249195	11249061
11249196	5459821
11249196	5984455
11249197	9804915
11249197	10658536
11249198	11249199
11249199	11249198
11249199	12897154
11249200	101802
11249201	11237414
11249202	5255771
11249202	5256737
11249202	9452348
11249202	9476716
11249202	9476721
11249203	6331996
11249204	4667153
11249204	5933247
11249204	10093627
11249205	6562355
11249206	5825192
11249206	9669351
11249207	10672196
11249208	5832421
11249208	6759835
11249208	11978304
11249209	7394613
11249210	6972189
11249211	8123910
11249212	4498841
11249212	10649733
11249213	2321750
11249214	6530991
11249214	10642903
11249215	9788688
11249216	9788688
11249217	3602263
11249218	9803487
11249219	32989
11249219	180333
11249220	6821518
11249221	10139819
11249221	10139820
11249221	13552263
11249222	10142947
11249223	10153063
11249224	11249229
11249224	11767869
11249225	10171090
11249226	10171090
11249227	10171321
11249229	11249224
11249230	1952428
11249231	11249232
11249232	11249231
11249233	10041612
11249233	11255842
11249233	11256717
11249233	11256718
11249233	11256721
11249233	11433964
11249235	8650211
11249235	11255840
11249236	5488145
11249237	6120031
11249238	7457456
11249239	4484862
11249239	7547671
11249239	7547682
11249239	11482623
11249239	11482625
11249240	7559927
11249241	2252326
11249241	4647174
11249241	7895407
11249241	7911103
11249242	11249243
11249243	11249242
11249244	11249247
11249244	11249248
11249245	432590
11249245	11283039
11249246	432590
11249246	11283039
11249247	11249244
11249248	11249244
11249249	9984641
11249250	12749219
11249251	11249264
11249253	6253146
11249254	10894575
11249255	7542517
11249256	7470605
11249257	6248497
11249258	802687
11249259	6414232
11249260	283564
11249261	7520910
11249262	789873
11249264	11249251
11249267	268157
11249268	9448043
11249270	8589909
11249273	4498450
11249274	2643642
11249275	564931
11249275	1341104
11249276	564931
11249276	1341104
11249277	7520164
11249278	272884
11249279	4013443
11249280	6236826
11249281	6236826
11249282	6236826
11249284	6236826
11249285	38153
11249286	7768810
11249288	7768810
11249288	7768830
11249288	13725636
11249289	7768810
11249290	7768810
11249291	7768810
11249292	11249293
11249292	11249294
11249292	11249295
11249292	11249298
11249292	11249299
11249292	11249316
11249292	11249317
11249292	11249320
11249292	11249324
11249292	11249325
11249292	11249326
11249292	11249330
11249292	11249340
11249292	11249341
11249292	11249343
11249292	11249346
11249292	11249357
11249292	11249362
11249292	11249366
11249293	11249292
11249294	11249292
11249295	11249292
11249298	11249292
11249299	11249292
11249304	13703398
11249316	11249292
11249317	11249292
11249319	11253403
11249320	11249292
11249321	11253404
11249321	12434078
11249321	12534688
11249321	12534689
11249321	12559019
11249322	11253405
11249322	11430832
11249324	11249292
11249324	11249357
11249325	11249292
11249326	11249292
11249327	11908613
11249328	11253407
11249328	11651767
11249328	12473142
11249329	11253408
11249329	11877816
11249329	13899484
11249330	11249292
11249331	11253409
11249332	11638654
11249336	6713132
11249337	7438974
11249337	7440028
11249339	11253411
11249339	11253413
11249340	11249292
11249341	11249292
11249342	11246972
11249343	11249292
11249344	4497684
11249345	4497684
11249346	11249292
11249347	11253414
11249347	11752786
11249350	12434081
11249350	12534690
11249351	12085519
11249351	12085521
11249355	11253417
11249355	11668956
11249356	11246956
11249356	11285142
11249356	11285149
11249357	11249292
11249357	11249324
11249357	11254129
11249357	11266373
11249358	11253416
11249360	12480449
11249362	11249292
11249366	11249292
11249369	11680669
11249373	11988614
11249376	11638010
11249378	11249388
11249378	11249398
11249378	11249407
11249378	11249415
11249378	11249420
11249378	11249425
11249378	11249430
11249378	11249433
11249378	11249442
11249378	11253194
11249382	12453687
11249387	11558605
11249387	12241151
11249387	12432013
11249388	11249378
11249389	12478417
11249389	12478418
11249389	12729260
11249393	11819449
11249393	11819450
11249393	11819452
11249394	11771011
11249398	11249378
11249402	12377633
11249407	11249378
11249407	11253194
11249413	11615788
11249413	12337378
11249413	12337388
11249415	11249378
11249416	11989152
11249416	12480312
11249416	12714334
11249417	12052053
11249420	11249378
11249421	12616232
11249424	12059648
11249425	11249378
11249428	12609472
11249428	13755186
11249429	13039952
11249430	11249378
11249433	11249378
11249435	11670334
11249437	13575561
11249440	12366576
11249440	12366577
11249440	12366578
11249440	12366579
11249440	12366581
11249440	12366583
11249440	12366584
11249440	12366743
11249440	12366751
11249442	11249378
11249443	11249546
11249443	11249557
11249443	11249563
11249443	11249567
11249444	12410118
11249445	11249544
11249445	11249615
11249445	11249616
11249445	11600074
11249445	11600075
11249448	12059719
11249448	12059721
11249449	11249542
11249449	11249566
11249457	11528622
11249458	12515566
11249459	11662598
11249461	11249540
11249461	11249565
11249475	12618771
11249481	2172009
11249481	9306546
11249481	11246942
11249482	11637998
11249482	11637999
11249482	11638000
11249482	11638001
11249483	11933756
11249483	11933757
11249484	2172009
11249484	9306546
11249484	11246942
11249488	11249562
11249488	11249713
11249491	12054666
11249494	2713331
11249505	12097058
11249510	11246910
11249514	7098046
11249514	10060453
11249516	11873592
11249516	11873593
11249519	11246665
11249524	11246654
11249525	11786363
11249525	11786364
11249525	11786365
11249525	11786366
11249525	12003248
11249526	11246654
11249527	11615789
11249528	12515585
11249528	13191677
11249529	12446101
11249530	11670330
11249533	11638633
11249533	11638634
11249536	3258287
11249539	11772708
11249539	12376573
11249540	11249461
11249540	11249565
11249541	13573834
11249542	11249449
11249542	11249566
11249542	13468867
11249543	10749557
11249544	11249445
11249544	11249615
11249544	11249616
11249545	11246652
11249546	11249443
11249546	11249557
11249546	11249563
11249546	11249567
11249547	6669
11249548	11246650
11249549	11246651
11249549	11249559
11249550	10465854
11249551	11246649
11249552	5579269
11249553	8506441
11249553	11249555
11249554	5579269
11249555	11249553
11249556	5579269
11249557	11249443
11249557	11249546
11249557	11249563
11249557	11249567
11249558	6428177
11249558	6707541
11249558	11247907
11249558	11248189
11249559	11249549
11249560	11247941
11249560	11248155
11249560	11249714
11249560	11249715
11249560	11249717
11249560	11250488
11249560	11250489
11249560	12901581
11249561	2735486
11249562	11249488
11249563	11249443
11249563	11249546
11249563	11249557
11249564	7473309
11249564	7474729
11249564	12285395
11249565	11249461
11249565	11249540
11249566	11249449
11249566	11249542
11249567	11249443
11249567	11249546
11249567	11249557
11249568	11249569
11249568	11249570
11249568	11249571
11249568	11249572
11249568	11249573
11249568	11249574
11249568	11249575
11249568	11249576
11249568	11249584
11249568	11249586
11249568	11249588
11249569	11249568
11249570	11249568
11249571	11249568
11249572	11249568
11249573	11249568
11249574	11249568
11249575	11249568
11249576	11249568
11249577	13932671
11249577	13932675
11249580	11246648
11249581	11246648
11249582	11246647
11249583	11245919
11249583	11245949
11249583	11249589
11249583	11252623
11249584	11249568
11249585	52583
11249585	341528
11249585	463570
11249585	481463
11249585	481809
11249585	1950095
11249586	11249568
11249587	11246561
11249588	11249568
11249589	11245919
11249589	11245949
11249589	11249583
11249589	11252623
11249590	11247900
11249590	11249591
11249590	11252428
11249590	11257735
11249591	11247900
11249591	11249590
11249591	11252428
11249591	11257735
11249592	11249593
11249592	11249594
11249592	11249595
11249592	11249596
11249592	11249597
11249592	11249598
11249592	11249599
11249592	11249600
11249592	11249601
11249592	11249602
11249592	11249603
11249593	11249592
11249594	11249592
11249595	11249592
11249596	11249592
11249597	11249592
11249598	11249592
11249599	11249592
11249600	11249592
11249601	11249592
11249602	11249592
11249603	11249592
11249604	9973907
11249605	1896470
11249606	1896477
11249607	1896483
11249607	2980052
11249607	11788283
11249607	11788285
11249608	1896486
11249609	1896502
11249610	1896543
11249611	1896551
11249613	1964553
11249614	1896579
11249615	11249445
11249615	11249544
11249616	11249445
11249616	11249544
11249617	8465851
11249618	8465851
11249620	11249622
11249621	11248495
11249622	11249620
11249622	11249626
11249623	8470328
11249625	8465980
11249626	11249622
11249627	1877232
11249627	1882797
11249627	11246559
11249627	12793221
11249628	8457271
11249629	11249636
11249630	2977230
11249631	8467428
11249632	2977230
11249633	8460019
11249633	9977268
11249634	8457807
11249635	11246391
11249636	11249629
11249637	10742419
11249638	11246381
11249638	12936448
11249639	10742419
11249639	11248049
11249640	11249648
11249640	13673485
11249641	11249643
11249641	11249953
11249641	13300318
11249642	10742419
11249642	10742520
11249642	11248049
11249642	11249649
11249642	11249758
11249642	12154174
11249642	12738881
11249643	11249641
11249646	10742419
11249646	12738881
11249648	11249640
11249649	10742419
11249649	10742520
11249649	11248049
11249649	11249642
11249649	12738881
11249650	8467824
11249651	8467824
11249652	11249655
11249652	11249943
11249654	7750165
11249655	11249652
11249656	7750165
11249658	11249659
11249658	11249940
11249658	11249941
11249659	11249658
11249660	2647293
11249660	13253442
11249661	2647293
11249665	2647293
11249665	8257985
11249666	10450577
11249666	11253184
11249667	10450577
11249668	11249669
11249668	11249937
11249668	13532306
11249669	11249668
11249670	10450577
11249670	11249672
11249670	11249673
11249671	11249680
11249672	10450577
11249672	10801630
11249672	11248036
11249672	11249670
11249672	11253184
11249673	10450577
11249673	11248036
11249673	11249670
11249673	11253184
11249673	13467037
11249674	11249677
11249675	10450577
11249676	11249678
11249676	11249935
11249677	11249674
11249678	11249676
11249679	3915986
11249680	11249671
11249680	11249757
11249681	3915986
11249682	11249684
11249682	11249948
11249683	3915986
11249683	4802328
11249683	4802329
11249683	7250589
11249683	7268739
11249683	8195676
11249683	11248030
11249684	11249682
11249685	11249690
11249686	2953075
11249687	6156822
11249687	10188233
11249687	11249688
11249688	11249687
11249689	2953075
11249689	11248028
11249689	11254131
11249690	11249685
11249691	2953075
11249691	11248028
11249692	2953075
11249693	11248015
11249694	11249696
11249695	2296245
11249695	2330136
11249696	11249694
11249697	11248015
11249698	11248015
11249698	11249703
11249698	11249705
11249699	686227
11249699	865475
11249699	2454610
11249700	11248015
11249700	11249762
11249700	11249763
11249701	11248015
11249702	11248015
11249703	11248015
11249703	11249698
11249705	11248015
11249705	11249698
11249705	11249759
11249705	11249761
11249705	11249762
11249705	11249763
11249709	11248015
11249710	3006945
11249711	3006945
11249711	11248000
11249712	3006945
11249712	3708323
11249712	11248000
11249713	11249488
11249714	11247941
11249714	11248155
11249714	11249560
11249714	12901580
11249714	12901581
11249715	11249560
11249715	11249717
11249715	11250488
11249715	11250489
11249715	12901580
11249715	12901581
11249716	2635206
11249716	5769626
11249717	11249560
11249717	11249715
11249717	11250488
11249717	11263093
11249717	12901581
11249718	11246379
11249719	11249720
11249720	11249719
11249721	9697247
11249721	9697254
11249721	12082586
11249721	12082587
11249722	4890786
11249723	8693766
11249724	4890786
11249727	4890786
11249727	11249931
11249728	8090971
11249729	4890786
11249729	11249931
11249730	1123550
11249731	8090963
11249732	11145536
11249733	2976130
11249734	4890786
11249734	9187481
11249735	8090963
11249736	11249739
11249737	8090977
11249738	8090977
11249739	11249736
11249739	11249772
11249740	9008599
11249741	3748222
11249742	8482761
11249743	11246378
11249744	11246378
11249745	11249748
11249746	8470722
11249747	11246367
11249748	11249745
11249748	11945792
11249749	11246367
11249750	11246367
11249751	2311255
11249752	8482839
11249753	8468163
11249754	11249760
11249755	6365620
11249756	4832441
11249757	11249680
11249758	11249642
11249759	11249705
11249760	11249754
11249761	11249705
11249762	11249700
11249762	11249705
11249763	11249700
11249763	11249705
11249764	409194
11249765	11246361
11249766	11246360
11249767	11249768
11249768	11249767
11249769	5936743
11249770	624657
11249771	11249773
11249771	11249774
11249771	13046407
11249771	13046408
11249771	13046409
11249772	11249739
11249773	11249771
11249774	11249771
11249775	693939
11249778	11249779
11249778	11249922
11249779	11249778
11249780	1102719
11249781	11249785
11249782	11249783
11249782	13632634
11249783	11249782
11249783	11916699
11249783	13632641
11249784	6108122
11249784	11217813
11249785	11249781
11249785	11249920
11249786	6108122
11249786	11217813
11249786	12385073
11249787	11249790
11249787	13312222
11249788	11249789
11249788	11249904
11249789	11249788
11249790	11249787
11249790	12857995
11249790	12861385
11249790	13179489
11249791	8470772
11249792	1570147
11249793	31263
11249793	774715
11249793	6186178
11249794	31263
11249794	774715
11249795	31263
11249795	774715
11249795	6186176
11249796	31263
11249796	774715
11249796	6186177
11249797	31263
11249797	774715
11249798	8465469
11249799	11249806
11249800	3239629
11249801	11249808
11249801	11496806
11249802	510595
11249803	11249804
11249803	11249899
11249804	11249803
11249805	8460141
11249806	11249799
11249806	11249896
11249806	12977880
11249807	7750274
11249808	11249801
11249808	11274469
11249808	11274470
11249809	8470759
11249810	11249818
11249811	8470759
11249812	31263
11249812	774715
11249812	6186179
11249813	8493411
11249814	31263
11249814	774715
11249814	6186178
11249815	31263
11249815	774715
11249816	31263
11249816	774715
11249816	6186177
11249817	31263
11249817	774715
11249818	11249810
11249819	11249821
11249819	11249892
11249819	11249893
11249819	11249894
11249819	11249895
11249820	8468582
11249821	11249819
11249822	8486410
11249823	8480094
11249824	11249825
11249825	11249824
11249825	11249890
11249826	8464063
11249827	11249829
11249828	11249831
11249829	11249827
11249829	13301043
11249829	13301044
11249829	13901744
11249829	13901747
11249829	13901749
11249829	13901750
11249829	13901758
11249829	13901759
11249829	13901760
11249829	13901762
11249829	13901763
11249829	13901764
11249829	13901765
11249829	13901766
11249829	13901767
11249829	13901770
11249829	13901773
11249829	13901774
11249829	13901775
11249829	13901776
11249829	13901777
11249829	13901778
11249830	2685199
11249831	11249828
11249832	8486420
11249833	3723151
11249833	11246348
11249834	8457815
11249835	3723151
11249835	11246348
11249836	4771701
11249837	8457815
11249838	5758404
11249839	10050855
11249840	10050855
11249841	10050855
11249842	8979457
11249843	11246344
11249844	8803947
11249845	5325590
11249845	8441808
11249845	11249847
11249845	11249849
11249845	11249852
11249845	11249853
11249845	11249857
11249845	11249860
11249845	11249865
11249845	11249867
11249845	11249869
11249845	11249871
11249845	11249874
11249845	11249875
11249845	11249876
11249845	11249877
11249845	11249879
11249845	11249880
11249845	11249882
11249845	11249887
11249846	8803947
11249847	11249845
11249848	8468109
11249849	11249845
11249849	11249857
11249849	11249860
11249849	11249879
11249849	11249880
11249850	11246332
11249851	7750161
11249852	11249845
11249853	11249845
11249854	4771701
11249855	11246325
11249856	13958282
11249857	11249845
11249857	11249849
11249858	8804296
11249859	11251116
11249860	5325590
11249860	11249845
11249860	11249849
11249860	11249888
11249860	11700013
11249862	13002590
11249863	11251114
11249864	7749540
11249865	11249845
11249866	8465968
11249867	11249845
11249867	11302885
11249867	11302886
11249868	8460378
11249868	8480487
11249869	11249845
11249870	11249873
11249870	11249885
11249871	11249845
11249872	8804338
11249873	11249870
11249874	11249845
11249875	11249845
11249876	11249845
11249877	11249845
11249878	4831001
11249879	11249845
11249879	11249849
11249880	11249845
11249880	11249849
11249881	11249884
11249881	11249886
11249882	11249845
11249883	11249997
11249884	11249881
11249885	11249870
11249886	11249881
11249887	11249845
11249888	11249860
11249889	8479095
11249890	11249825
11249891	8479095
11249892	11249819
11249893	11249819
11249894	11249819
11249895	11249819
11249896	11249806
11249896	13234318
11249896	13451121
11249897	8482937
11249898	8463870
11249899	11249803
11249900	2506564
11249901	8470295
11249902	2891279
11249902	6936879
11249902	6936880
11249903	8484605
11249904	11249788
11249905	8493417
11249906	11249908
11249906	11249928
11249906	11249934
11249906	11249944
11249906	11250557
11249906	11250569
11249907	11249909
11249908	11249906
11249909	11249907
11249910	10983837
11249911	10983840
11249912	11249916
11249913	11249914
11249913	11249915
11249913	13806265
11249914	11249913
11249915	11249913
11249916	11249912
11249917	10463041
11249918	11249921
11249919	13958288
11249919	13958642
11249920	11249785
11249921	11249918
11249922	11249778
11249923	496605
11249925	8467914
11249926	12831169
11249927	8492325
11249928	11249906
11249928	11249934
11249929	8450656
11249930	8450656
11249930	13105317
11249930	13160722
11249931	4890786
11249931	4893947
11249931	4893948
11249931	4893952
11249931	11249727
11249931	11249729
11249932	11249933
11249932	12746935
11249932	12746936
11249933	11249932
11249934	11249906
11249934	11249928
11249935	11249676
11249936	8045945
11249937	11249668
11249937	13532306
11249938	8902198
11249939	2929406
11249940	9019272
11249940	11249658
11249941	9019272
11249941	11249658
11249942	7506638
11249943	11249652
11249944	11249906
11249945	8323867
11249945	11594104
11249946	8323867
11249947	11249954
11249947	11249957
11249947	11249960
11249947	11249961
11249947	11249962
11249947	11249963
11249947	11249967
11249948	11249682
11249953	11249641
11249954	11249947
11249954	11249962
11249954	11249963
11249955	11249956
11249956	11249955
11249957	11249947
11249958	11136363
11249960	11249947
11249961	11249947
11249962	11249947
11249962	11249954
11249963	11249947
11249963	11249954
11249964	11249975
11249965	11249966
11249966	11249965
11249967	11249947
11249969	1476274
11249969	11249970
11249969	11249971
11249969	11249974
11249969	11249978
11249969	11249984
11249969	11249991
11249970	11249969
11249971	11249969
11249972	2728686
11249973	2728686
11249974	11249969
11249975	11249964
11249976	8578899
11249977	11249993
11249977	11616676
11249978	11249969
11249979	11249987
11249979	11263092
11249980	11249989
11249981	11263091
11249981	11551008
11249982	11263090
11249983	11249989
11249984	11249969
11249985	11616677
11249985	11616678
11249986	11249989
11249987	11249979
11249988	11249989
11249989	1892936
11249989	11249980
11249989	11249983
11249989	11249986
11249989	11249988
11249990	11263087
11249990	11616680
11249990	12071501
11249991	1476274
11249991	11249969
11249991	12497991
11249992	10220122
11249992	11616871
11249993	11249977
11249994	11263086
11249995	10220124
11249996	1878
11249997	11249883
11249998	10220131
11249999	11250000
11250000	11249999
11250000	11251139
11250001	6603829
11250001	10220134
11250002	11250009
11250002	11250011
11250002	11250018
11250002	11250022
11250002	11250028
11250002	11250036
11250002	11250048
11250002	11250050
11250004	10220134
11250005	10220134
11250007	8450630
11250007	8459743
11250008	30307
11250009	11250002
11250009	11250048
11250010	11263085
11250011	11250002
11250012	2720039
11250014	6603830
11250015	2720039
11250015	13145838
11250015	13304395
11250015	13304396
11250016	11248830
11250017	2720041
11250018	11250002
11250019	2720044
11250019	13148167
11250019	13158500
11250020	2720058
11250021	2880972
11250021	13152360
11250022	11250002
11250023	7856793
11250024	8019220
11250025	8019224
11250025	13582277
11250025	13582278
11250026	11263084
11250026	12256849
11250027	8030692
11250027	8030693
11250027	13130886
11250027	13130887
11250028	11250002
11250029	6603831
11250030	8545611
11250031	8567254
11250032	8575023
11250032	13613852
11250033	6603832
11250034	8778472
11250034	13158472
11250034	13158476
11250034	13158477
11250034	13192923
11250035	9044823
11250036	11250002
11250037	7188801
11250037	7188802
11250037	13726745
11250037	13726748
11250037	13726749
11250037	13726750
11250037	13726752
11250037	13726753
11250038	9044828
11250039	9044828
11250040	8479414
11250041	9044823
11250042	11250076
11250043	7842725
11250043	11248459
11250044	9995388
11250044	13169699
11250045	8463863
11250046	10026281
11250047	10026281
11250048	11250002
11250048	11250009
11250049	10132059
11250050	11250002
11250051	10209841
11250052	2659226
11250053	6603835
11250054	1662871
11250055	1663052
11250056	6603835
11250056	6604185
11250057	1663052
11250058	8543779
11250059	1666039
11250060	2876937
11250061	8090980
11250062	8349330
11250063	8593671
11250063	13572549
11250064	8622451
11250064	13514922
11250065	8622452
11250066	8457817
11250067	11250070
11250067	11250081
11250068	9770732
11250069	10052752
11250069	13202323
11250069	13202324
11250069	13202326
11250070	11250067
11250070	11250081
11250071	10207946
11250071	13654414
11250071	13654417
11250072	8453749
11250073	2647312
11250073	6604186
11250074	10207947
11250075	10213126
11250076	11250042
11250076	11250085
11250076	12461379
11250076	12461380
11250076	12461381
11250076	12461496
11250076	12461497
11250077	10221755
11250077	13528677
11250078	11250083
11250079	10221955
11250079	13132843
11250080	10222940
11250080	13101467
11250081	11250067
11250081	11250070
11250081	11263079
11250082	10222941
11250083	5018503
11250083	11250078
11250083	11250091
11250083	11254132
11250083	11263078
11250083	12991463
11250083	13401095
11250084	10222973
11250085	11250076
11250086	11250089
11250086	11250129
11250087	2647313
11250088	8409268
11250088	13166449
11250089	11250086
11250089	11250093
11250089	11250129
11250090	8409269
11250091	11250083
11250092	2647314
11250093	11250089
11250093	11250129
11250094	9806993
11250095	10225256
11250096	8394862
11250097	2647315
11250098	8396387
11250099	8409271
11250100	8396353
11250101	1886789
11250102	11250110
11250102	11250113
11250102	11250125
11250102	11250134
11250102	11250136
11250102	11250139
11250102	11250145
11250102	11250153
11250102	11250160
11250102	11250168
11250102	11250178
11250103	10013208
11250104	10223609
11250105	9301715
11250105	9327530
11250106	10223078
11250107	2647316
11250108	10223078
11250109	9796093
11250110	11250102
11250111	10231328
11250112	2648235
11250113	11250102
11250113	11250125
11250113	11250134
11250113	11250136
11250113	11250139
11250113	11250160
11250114	10226539
11250115	10475669
11250116	10023305
11250117	293132
11250118	10023368
11250118	13130178
11250119	2647318
11250120	9796678
11250120	10030508
11250121	10107863
11250122	10223677
11250122	13183322
11250123	2249854
11250123	12808399
11250123	13498281
11250124	10225628
11250125	11250102
11250125	11250113
11250126	2646737
11250127	10232141
11250127	13299631
11250128	10885289
11250129	11250086
11250129	11250089
11250129	11250093
11250130	11224869
11250131	2646736
11250132	8614250
11250133	8614253
11250134	11250102
11250134	11250113
11250134	11455124
11250135	10230818
11250135	13101460
11250136	11250102
11250136	11250113
11250137	10234179
11250138	1839618
11250139	11250102
11250139	11250113
11250140	10576823
11250141	8744304
11250141	10267136
11250141	11153730
11250141	13481993
11250144	10798647
11250145	11250102
11250146	350953
11250147	435080
11250148	9705683
11250148	13865857
11250148	13865858
11250148	13865859
11250149	2880954
11250150	8614555
11250150	13703127
11250151	376080
11250152	8614555
11250153	11250102
11250154	10216745
11250154	13168442
11250155	10807821
11250155	13229746
11250157	10807821
11250157	13104353
11250159	388890
11250159	1416358
11250160	11250102
11250160	11250113
11250160	11263077
11250161	2879040
11250163	4503445
11250167	8179633
11250168	11250102
11250169	8179633
11250170	8280370
11250173	8414908
11250173	13582829
11250174	8414908
11250176	8783134
11250178	11250102
11250179	8783134
11250180	242716
11250181	8792319
11250182	8792319
11250182	13132816
11250183	8792322
11250184	8792322
11250184	13645308
11250185	8792326
11250185	13645318
11250186	8792335
11250186	13645307
11250187	242717
11250188	13606025
11250189	10023835
11250189	13142883
11250190	242718
11250192	10027067
11250194	505657
11250195	8773280
11250196	6663370
11250197	242721
11250198	10031113
11250198	13154100
11250199	7404118
11250200	10210440
11250200	10913010
11250201	242722
11250202	8453829
11250203	242722
11250204	10945964
11250205	1682881
11250206	7197645
11250207	7457963
11250208	611244
11250209	7457963
11250210	3733352
11250211	2544636
11250211	12044307
11250211	12044309
11250212	9995240
11250212	12687391
11250213	242723
11250214	10210441
11250214	13179310
11250215	11212869
11250216	11249103
11250217	242724
11250217	374470
11250218	10134406
11250219	2263358
11250220	9140699
11250221	1586632
11250222	6425847
11250223	7493847
11250224	11244828
11250225	1003488
11250226	3329995
11250227	11224858
11250229	1885934
11250230	10984079
11250230	12294564
11250230	13577243
11250231	9083410
11250232	11017721
11250232	13225457
11250233	5373291
11250234	1102991
11250235	242732
11250236	253755
11250237	10945879
11250240	11205789
11250240	13126501
11250240	13272328
11250241	242733
11250243	242735
11250243	12008107
11250244	9226909
11250245	242735
11250246	9961748
11250247	11017838
11250248	11250260
11250248	13465593
11250249	242740
11250250	264388
11250251	242740
11250252	8546550
11250253	11195900
11250253	13174245
11250254	2584053
11250255	11196313
11250255	12063201
11250256	11224907
11250258	11227479
11250259	242744
11250260	11250248
11250260	11347089
11250260	11347093
11250261	11231584
11250262	11231584
11250263	1700604
11250264	320692
11250265	242745
11250266	1762362
11250266	13534241
11250266	13534242
11250266	13534243
11250267	2719816
11250268	320692
11250269	2719821
11250270	2719823
11250271	703321
11250272	9775968
11250273	2719826
11250274	242746
11250275	2719828
11250276	2719832
11250277	2719835
11250278	2719840
11250278	13534236
11250278	13534238
11250278	13534240
11250279	2719854
11250280	2358643
11250281	2719856
11250281	13217404
11250282	242754
11250283	2719858
11250283	13142371
11250283	13142377
11250285	7521758
11250286	10062267
11250287	7866670
11250288	4664144
11250289	1590290
11250290	7866695
11250290	13120716
11250291	8246929
11250291	13217690
11250293	8307941
11250294	242969
11250295	5747549
11250296	8405552
11250296	13173596
11250297	242970
11250298	8614177
11250299	9793494
11250300	9800865
11250301	5011630
11250301	12755735
11250302	242972
11250303	9821426
11250304	1564541
11250305	10213090
11250305	13150490
11250305	13150491
11250306	242973
11250307	10216036
11250308	10225239
11250309	2647292
11250310	10807987
11250311	11221060
11250312	242974
11250313	1740236
11250314	1489382
11250315	2388668
11250316	2388666
11250316	13109361
11250317	3150812
11250318	8485235
11250319	2879110
11250319	12294524
11250319	13170914
11250320	6169679
11250321	242975
11250322	2451626
11250323	8834911
11250324	6806745
11250325	2875915
11250326	242976
11250327	2879279
11250327	13151842
11250327	13151843
11250327	13524452
11250328	6353949
11250329	10225629
11250330	242977
11250331	8314615
11250332	11246320
11250333	8764718
11250333	12294532
11250334	9115009
11250335	11246318
11250335	13433132
11250336	7404723
11250337	10210968
11250337	13296826
11250338	11246316
11250339	10876091
11250339	13103556
11250339	13103557
11250340	242978
11250341	1650548
11250341	13663811
11250342	242978
11250343	8208150
11250344	8314435
11250345	8314812
11250346	242979
11250347	6223286
11250348	11246310
11250348	13786503
11250349	11246311
11250350	2880373
11250351	242980
11250352	11246311
11250353	3997914
11250353	13306281
11250353	13306282
11250354	242981
11250355	8390764
11250355	13141359
11250355	13141360
11250355	13158490
11250355	13184448
11250356	8679832
11250356	13101494
11250356	13158484
11250357	9265496
11250357	13136394
11250359	9479885
11250359	12824538
11250360	9764767
11250361	10041020
11250362	11246271
11250363	11246271
11250364	10210486
11250365	242984
11250366	2646498
11250367	9402101
11250368	242985
11250369	10077879
11250369	13644238
11250370	242987
11250371	10312504
11250371	13438113
11250372	11219231
11250372	13580683
11250373	9431942
11250374	1700573
11250375	242988
11250376	1762323
11250377	8803372
11250377	13342963
11250377	13342964
11250378	260451
11250379	242989
11250379	11427419
11250380	8803379
11250380	13260116
11250381	9975197
11250381	13120462
11250381	13162565
11250382	10511449
11250383	10987181
11250384	3464075
11250385	11232019
11250386	6033343
11250387	8398310
11250388	2548922
11250389	2548922
11250390	8980953
11250391	242998
11250392	10077869
11250392	13098829
11250392	13098833
11250393	1666076
11250394	1820608
11250394	13113620
11250394	13113621
11250395	3856601
11250396	7747221
11250397	7861506
11250398	3123892
11250399	9369148
11250400	243000
11250401	7389838
11250402	10062265
11250403	1709214
11250404	1709216
11250404	13113165
11250404	13663797
11250405	8260440
11250406	10243409
11250407	10243409
11250408	11239104
11250408	13152961
11250409	1634889
11250409	13191399
11250410	1650224
11250410	13663796
11250412	1650488
11250412	13663795
11250413	1709203
11250413	13150993
11250413	13663793
11250414	1880668
11250414	13121353
11250415	1880668
11250415	13402669
11250416	2446558
11250416	13147330
11250416	13200554
11250417	7486333
11250417	13183965
11250418	8614326
11250418	13184229
11250419	10023646
11250420	7485236
11250421	8541481
11250421	13131464
11250421	13131465
11250422	8558149
11250423	8579962
11250424	9992567
11250425	10136561
11250426	10186314
11250427	1679059
11250428	1881995
11250429	7863068
11250430	8145291
11250431	8316662
11250432	8558035
11250434	8573258
11250435	8575356
11250436	8580254
11250436	8580255
11250436	13567812
11250437	11225077
11250438	11014094
11250439	11250440
11250439	11250441
11250440	11250439
11250441	11250439
11250442	3529911
11250442	11250443
11250442	11250444
11250443	11250442
11250444	11250442
11250445	2280353
11250446	2280353
11250447	11250466
11250448	11250468
11250449	11250454
11250449	11250455
11250449	11250457
11250449	11250460
11250449	11250462
11250449	11250463
11250449	11250464
11250449	11250465
11250449	11250467
11250450	11250469
11250450	11250470
11250451	1714970
11250453	11250471
11250454	11250449
11250454	11250457
11250454	11250460
11250454	11250462
11250454	11250465
11250455	11250449
11250457	11250449
11250457	11250454
11250457	11250472
11250458	11250459
11250459	11250458
11250459	12735686
11250460	11250449
11250460	11250454
11250462	11250449
11250462	11250454
11250463	11250449
11250464	11250449
11250465	11250449
11250465	11250454
11250465	11263076
11250466	11250447
11250467	11250449
11250468	11250448
11250469	11250450
11250470	11250450
11250471	11250453
11250472	11250457
11250473	8373826
11250473	11250476
11250473	11250478
11250473	11250479
11250473	11250491
11250473	11590563
11250473	11590571
11250473	11594114
11250474	5863757
11250475	8373826
11250476	8373826
11250476	11250473
11250476	11250491
11250476	11590563
11250476	11590571
11250476	11594114
11250477	8373826
11250477	11594114
11250478	8373826
11250478	11250473
11250478	11590563
11250478	11594114
11250479	8373826
11250479	11250473
11250479	11590571
11250479	11594114
11250480	8244330
11250481	686579
11250481	3673622
11250481	11250482
11250482	686579
11250482	3673622
11250482	11250481
11250482	11251304
11250482	11266372
11250483	1180102
11250483	1674760
11250484	8123422
11250484	12375865
11250485	8373826
11250486	8373826
11250487	4664016
11250487	11442627
11250488	11249560
11250488	11249715
11250488	11249717
11250488	11250489
11250488	12436941
11250488	12901581
11250489	11249560
11250489	11249715
11250489	11250488
11250489	11263075
11250489	12901581
11250490	2952931
11250490	11443039
11250491	8373826
11250491	11250473
11250491	11250476
11250491	11263074
11250491	11590563
11250491	11590571
11250491	11594114
11250492	436407
11250492	11443042
11250493	9995590
11250493	13323352
11250493	13323353
11250494	8373826
11250494	11594114
11250495	1722526
11250495	8973571
11250496	10726540
11250498	530693
11250498	3422054
11250498	12376503
11250500	10960121
11250500	13132703
11250502	3422054
11250502	11250506
11250502	11852131
11250502	12376503
11250503	9107649
11250503	13306800
11250503	13306803
11250505	11250507
11250506	3422054
11250506	11250502
11250507	11250505
11250508	11250511
11250508	11250516
11250508	11250519
11250508	11250523
11250508	11250526
11250508	11250530
11250508	11250533
11250508	11250536
11250508	11250538
11250508	12122794
11250509	3922869
11250510	1057896
11250510	3974803
11250511	11250508
11250511	11250519
11250511	11250523
11250511	11250530
11250511	11250536
11250512	8249556
11250512	13130931
11250513	8297610
11250514	3079414
11250514	10748523
11250515	9073791
11250516	11250508
11250517	10232599
11250518	8254784
11250518	13184330
11250519	11250508
11250519	11250511
11250519	11250538
11250520	8254784
11250521	2465186
11250521	11443048
11250522	9768773
11250523	11250508
11250523	11250511
11250525	4512502
11250525	13138753
11250525	13138759
11250525	13138761
11250526	11250508
11250527	10066739
11250528	686579
11250528	11250561
11250528	11250567
11250530	11250508
11250530	11250511
11250531	48073
11250531	11443049
11250531	11443050
11250532	11219065
11250533	11250508
11250534	13357916
11250535	3857552
11250535	13171626
11250535	13171629
11250536	11250508
11250536	11250511
11250536	11263072
11250536	11263073
11250537	8148817
11250538	11250508
11250538	11250519
11250539	686579
11250539	11250561
11250540	8297612
11250541	8567748
11250542	9074238
11250542	13171710
11250544	3873134
11250545	9463173
11250546	8349985
11250546	10086679
11250547	8349985
11250548	8803404
11250549	4769384
11250550	4769384
11250551	4769384
11250552	4769384
11250553	3856821
11250554	7870869
11250555	7881227
11250556	7857402
11250557	11249906
11250558	8586814
11250558	12046482
11250559	8543235
11250560	8336510
11250561	686579
11250561	11250528
11250561	11250539
11250561	11250587
11250561	11250594
11250562	8132993
11250563	8558069
11250564	7881333
11250565	7119502
11250566	8558165
11250566	13171797
11250566	13171798
11250566	13171799
11250567	686579
11250567	11250528
11250568	8799344
11250568	8799366
11250569	11249906
11250570	9027135
11250571	2955029
11250572	8800833
11250573	8828481
11250573	12046501
11250574	9027138
11250575	9166615
11250576	8558004
11250577	9991678
11250577	11959940
11250577	11959968
11250578	8558042
11250579	10156793
11250580	10156793
11250581	10156793
11250582	8610333
11250582	13299007
11250582	13299008
11250583	6941680
11250584	8788006
11250585	8788010
11250586	8788013
11250587	11250561
11250588	8788029
11250590	9027122
11250590	13199172
11250591	2361192
11250592	9027125
11250592	13165783
11250592	13165785
11250592	13229816
11250593	9027127
11250593	13110651
11250593	13110652
11250594	11250561
11250594	11884183
11250595	9027129
11250595	13151820
11250595	13151821
11250598	9075859
11250599	7259474
11250600	10088282
11250601	7926925
11250602	7926925
11250603	8132949
11250604	8243787
11250606	11176748
11250607	8145156
11250607	8627253
11250607	11307014
11250608	8150538
11250608	13148570
11250610	8198314
11250611	11243231
11250612	8230579
11250612	13155271
11250613	8230639
11250613	13575775
11250614	8230692
11250614	13159151
11250615	8423317
11250615	13727409
11250616	8230731
11250616	8230732
11250616	13120726
11250616	13160291
11250617	10218164
11250617	12045734
11250618	10218164
11250618	12045734
11250619	10882035
11250620	10882035
11250621	8246625
11250621	13202393
11250622	10882035
11250623	10882035
11250624	8246626
11250624	13114964
11250624	13114965
11250624	13114967
11250625	8246627
11250625	12365675
11250626	8246629
11250626	13206193
11250626	13206194
11250626	13769415
11250627	8246630
11250627	13760345
11250627	13768390
11250628	8246698
11250628	13537468
11250629	8247369
11250630	8249254
11250630	13293251
11250631	11250632
11250631	11250634
11250631	11250653
11250631	11250661
11250631	11250666
11250631	11250670
11250631	11250673
11250631	11250678
11250631	11250683
11250631	11250689
11250631	11250691
11250631	11250693
11250632	11250631
11250633	8222680
11250634	11250631
11250635	11199145
11250636	8222922
11250636	12659700
11250637	8606799
11250638	3469052
11250638	6011146
11250638	11937847
11250638	12046410
11250638	12338834
11250639	6293984
11250640	10114529
11250640	13206282
11250641	10209858
11250642	11250647
11250642	12299131
11250643	10209859
11250644	11157385
11250644	13297039
11250645	1816920
11250646	5987320
11250646	5987321
11250647	11250642
11250648	7326987
11250649	8197409
11250650	8222765
11250651	8373396
11250652	8543318
11250653	11250631
11250654	8575359
11250655	11250665
11250656	8583713
11250657	11189617
11250658	10139049
11250658	13113349
11250658	13113350
11250659	7809734
11250659	13294848
11250660	8589065
11250661	11250631
11250661	11250693
11250662	11178832
11250663	10209397
11250663	13507339
11250664	10209398
11250665	11250655
11250666	11250631
11250667	8021745
11250668	11250671
11250669	3928056
11250670	11250631
11250671	11250668
11250672	11239017
11250673	11250631
11250674	11250680
11250675	9714550
11250676	10041010
11250676	13188125
11250677	10179666
11250678	11250631
11250679	10209894
11250679	13127174
11250680	11250674
11250681	10209895
11250682	3991414
11250683	11250631
11250684	4009254
11250685	8417505
11250686	11250697
11250686	11443051
11250686	11443052
11250686	11443054
11250686	11443059
11250687	10345756
11250688	8552265
11250689	11250631
11250689	13828965
11250690	10819648
11250690	12045737
11250691	11250631
11250692	9821466
11250693	11250631
11250693	11250661
11250694	11178830
11250695	9833710
11250695	13172935
11250695	13172936
11250697	11250686
11250698	7133820
11250699	7133820
11250700	7133820
11250702	1895576
11250702	1909228
11250702	4579579
11250702	5143611
11250702	8723011
11250702	11250707
11250702	11250708
11250703	11250704
11250704	392310
11250704	11250703
11250706	11250709
11250707	1895576
11250707	5143611
11250707	11250702
11250708	1895576
11250708	5143611
11250708	5160214
11250708	11250702
11250709	599558
11250709	11250706
11250710	8321373
11250711	8390650
11250712	9388128
11250714	13669273
11250715	4009236
11250716	530693
11250716	3422054
11250716	12376503
11250717	11250719
11250718	4009264
11250719	11250717
11250720	8816201
11250721	984596
11250721	992906
11250721	11992046
11250723	2875253
11250724	2875901
11250725	8030251
11250726	12300127
11250726	12385778
11250726	12385780
11250726	12445560
11250726	12453168
11250727	8251520
11250727	8251534
11250728	8251525
11250728	13486848
11250729	8251532
11250729	8251549
11250729	13627220
11250729	13627221
11250730	8251533
11250731	8251542
11250732	11250734
11250733	8251583
11250733	8251618
11250734	11250732
11250734	11250738
11250734	11250741
11250735	5965090
11250735	5965318
11250736	8251587
11250736	13273118
11250737	8301666
11250738	11250734
11250738	11250741
11250738	11250867
11250738	13165001
11250739	8405457
11250740	8513089
11250740	13161006
11250740	13161007
11250740	13240377
11250741	11250734
11250741	11250738
11250741	11250867
11250741	13165001
11250741	13205334
11250742	8748435
11250742	13168800
11250743	8748437
11250744	8748439
11250745	11250746
11250745	11250749
11250746	11250745
11250746	11250869
11250747	8818070
11250747	13201281
11250747	13201282
11250748	9977768
11250749	11250745
11250749	11250869
11250749	13205334
11250750	10209410
11250750	13136527
11250751	10209412
11250752	10225472
11250753	11250755
11250753	11250757
11250753	11250758
11250754	1835679
11250755	11250753
11250755	11250865
11250756	2875660
11250756	12063200
11250757	11250753
11250757	11250759
11250757	11250865
11250757	11475591
11250758	11250753
11250759	11250757
11250759	11250760
11250759	11250761
11250760	11250759
11250760	11250865
11250761	11250759
11250763	2573296
11250763	3465319
11250765	3253
11250767	11250770
11250767	11250772
11250768	10224067
11250770	6884115
11250770	11250767
11250771	1725524
11250771	13112387
11250771	13112390
11250772	6884115
11250772	11250767
11250773	8301574
11250774	8321374
11250775	11251302
11250775	11266371
11250776	1725508
11250777	10224065
11250778	1773913
11250778	1776156
11250779	5371904
11250779	11250783
11250780	6302091
11250780	6305876
11250781	3901957
11250782	6403804
11250782	6534246
11250782	8875622
11250782	8875623
11250782	9239895
11250783	11250779
11250784	11250791
11250785	11181425
11250786	11987294
11250787	11250789
11250788	2323
11250788	8816138
11250788	11251657
11250789	11250787
11250790	3925223
11250791	11250784
11250792	71118
11250792	2122297
11250792	2122301
11250792	2423649
11250792	11250875
11250792	11587041
11250794	11051001
11250795	2243101
11250796	11209650
11250796	12688513
11250797	3891846
11250798	11251298
11250799	2243101
11250800	3925030
11250801	652930
11250801	4729767
11250801	11250877
11250801	11250878
11250801	11250879
11250801	11250880
11250801	12792483
11250801	12792867
11250801	12792868
11250801	12794051
11250803	4046661
11250803	4048613
11250803	10987052
11250803	11250881
11250804	2880967
11250804	13375640
11250804	13882897
11250805	8120120
11250805	13882905
11250806	8373478
11250807	11250808
11250808	11250807
11250809	8818298
11250809	13202375
11250810	237852
11250810	712471
11250811	10113333
11250812	10209496
11250813	10209497
11250814	2243104
11250815	8579957
11250817	11023824
11250817	13553587
11250818	4403211
11250818	4403555
11250818	4403556
11250818	4438969
11250818	4454542
11250818	5994734
11250818	11250882
11250819	2243105
11250819	12509214
11250820	11023935
11250820	13553586
11250821	8166381
11250823	8243768
11250823	13128643
11250823	13128644
11250823	13204358
11250824	8408389
11250825	12205987
11250827	9074815
11250828	2243109
11250829	2243111
11250830	2243111
11250831	6329782
11250831	11250893
11250831	11280476
11250832	2243113
11250833	6329783
11250833	11250863
11250834	297823
11250834	376437
11250834	452680
11250834	452685
11250834	1318952
11250834	1667576
11250834	8773717
11250835	309577
11250835	365366
11250835	365478
11250835	375162
11250835	511165
11250835	1330840
11250835	1699750
11250836	1396428
11250836	1575555
11250836	1973691
11250837	2774517
11250838	4630132
11250838	4774333
11250838	5223964
11250841	11250843
11250843	11250841
11250848	11246362
11250849	11246362
11250858	11250860
11250860	11250858
11250862	13844116
11250863	11250833
11250864	2243114
11250864	11250866
11250865	11250755
11250865	11250757
11250865	11250760
11250865	13888825
11250866	2243114
11250866	6459084
11250866	11250864
11250867	11250738
11250867	11250741
11250867	13165001
11250867	13205334
11250869	11250746
11250869	11250749
11250869	13205334
11250870	2243115
11250872	11250874
11250874	11250872
11250875	71118
11250875	716264
11250875	2122297
11250875	11250792
11250875	12991854
11250875	13932561
11250876	2243115
11250877	11250801
11250878	11250801
11250878	12792483
11250879	11250801
11250879	12663242
11250879	12794843
11250880	11250801
11250880	12794851
11250880	14004122
11250881	11250803
11250882	4403211
11250882	11250818
11250883	4403211
11250884	2243116
11250885	244088
11250885	330270
11250885	442455
11250885	470616
11250885	1384983
11250886	2243117
11250886	5617700
11250886	5617702
11250886	11391109
11250888	2243118
11250890	457775
11250891	2243118
11250892	2243119
11250893	11250831
11250894	2243120
11250895	11250896
11250896	11250895
11250897	2243121
11250897	4942399
11250900	2868437
11250901	1356768
11250901	2868437
11250901	11250902
11250902	3015733
11250902	11250901
11250902	12736914
11250902	13967498
11250903	11250905
11250903	11250914
11250903	11250915
11250903	11250917
11250903	11250919
11250903	11250922
11250903	11250926
11250903	11250928
11250903	11250929
11250905	11250903
11250906	1356768
11250906	2868437
11250906	11250908
11250907	12112979
11250908	5615610
11250908	11250906
11250912	1180102
11250914	11250903
11250914	11250929
11250915	11250903
11250916	13811601
11250917	11250903
11250919	11250903
11250921	3011322
11250921	3063544
11250921	4807795
11250921	11246269
11250921	11246272
11250921	11246273
11250922	11250903
11250924	11250925
11250925	11250924
11250926	11250903
11250928	11250903
11250929	11250903
11250929	11250914
11250932	11250935
11250933	11250940
11250933	11250950
11250933	11250953
11250933	11250956
11250933	11250957
11250933	11250958
11250933	11250959
11250933	11250960
11250933	11250964
11250933	11250966
11250933	11250967
11250933	11443068
11250934	11246227
11250935	11250932
11250936	11246224
11250936	11251044
11250937	11246224
11250938	11246222
11250939	11246219
11250940	11250933
11250942	6205235
11250947	11246200
11250949	11246193
11250950	11250933
11250950	11250957
11250951	11246186
11250953	11250933
11250953	11443068
11250954	11246185
11250955	11246184
11250956	11250933
11250956	11443068
11250957	11250933
11250957	11250950
11250958	11250933
11250959	11250933
11250960	11250933
11250961	13297763
11250964	11250933
11250965	12112983
11250966	11250933
11250966	11443068
11250967	11250933
11250968	1871551
11250968	5633731
11250969	1871551
11250969	5633732
11250970	12112982
11250971	4599971
11250972	13476423
11250974	482516
11250974	964443
11250974	965407
11250974	11250975
11250975	482516
11250975	964443
11250975	965407
11250975	11250974
11250977	6624895
11250977	11250978
11250977	11250979
11250978	11250977
11250979	11250977
11250980	11702299
11250981	2475540
11250982	3011322
11250983	4930429
11250983	4930430
11250983	4931192
11250983	4931578
11250983	4931898
11250983	11250984
11250984	4930429
11250984	4930430
11250984	4930434
11250984	4931192
11250984	4931578
11250984	4931898
11250984	11250983
11250984	11254134
11250985	1766705
11250986	11250987
11250986	11250989
11250986	11250991
11250986	11250994
11250986	11250997
11250986	11251004
11250986	11251042
11250987	11250986
11250987	11250988
11250987	11250989
11250987	11250991
11250987	11250994
11250987	11250997
11250987	11251004
11250987	11251042
11250987	11251143
11250987	11251144
11250987	11254136
11250987	13466534
11250987	13466535
11250988	11250987
11250988	11250989
11250988	11250991
11250988	11250994
11250988	11250997
11250988	11251004
11250988	11251042
11250988	11251124
11250988	13466534
11250988	13466535
11250988	13527623
11250989	11250986
11250989	11250987
11250989	11250988
11250989	11250991
11250989	11250994
11250989	11250997
11250989	11251004
11250989	11251009
11250989	11251042
11250989	11254136
11250989	11257268
11250989	11257269
11250989	12472784
11250989	12823832
11250989	13526403
11250989	13528996
11250990	7295545
11250991	11250986
11250991	11250987
11250991	11250988
11250991	11250989
11250991	11250997
11250991	11251004
11250991	11251042
11250991	11254136
11250992	9848863
11250993	9848863
11250994	4807802
11250994	4807804
11250994	7780452
11250994	7780481
11250994	7781926
11250994	9684429
11250994	11250986
11250994	11250987
11250994	11250988
11250994	11250989
11250994	11250997
11250994	11250998
11250994	11251004
11250994	11251042
11250994	11254136
11250995	11251000
11250995	11251006
11250995	11251014
11250995	11251019
11250995	11251022
11250995	11251030
11250995	11251033
11250995	11251035
11250995	11251039
11250995	11251043
11250995	11251045
11250995	11251053
11250995	11253996
11250995	11254138
11250995	11653857
11250996	3226344
11250997	11250986
11250997	11250987
11250997	11250988
11250997	11250989
11250997	11250991
11250997	11250994
11250997	11251004
11250997	11251042
11250997	11254136
11250997	12576688
11250997	13526403
11250998	4807802
11250998	4807804
11250998	7780452
11250998	7780481
11250998	7781926
11250998	9684429
11250998	11250994
11250998	13526403
11251000	11250995
11251000	11251043
11251000	11254138
11251001	158
11251001	532812
11251001	727885
11251001	2742205
11251001	2742210
11251002	1820818
11251002	10472741
11251004	11250986
11251004	11250987
11251004	11250988
11251004	11250989
11251004	11250991
11251004	11250994
11251004	11250997
11251004	11251042
11251004	11254136
11251005	532567
11251006	11250995
11251006	11254138
11251007	6382688
11251007	11251008
11251007	11251010
11251007	11251013
11251007	11251015
11251007	11251016
11251007	11251017
11251007	11251034
11251008	6382688
11251008	11251007
11251008	11251013
11251008	11251015
11251008	11251017
11251008	11251034
11251009	11250989
11251010	6382688
11251010	11251007
11251010	11251013
11251010	11251015
11251010	11251017
11251010	11251034
11251011	7780452
11251012	374213
11251012	740569
11251012	1396177
11251012	1450549
11251012	1818284
11251012	2434395
11251012	2764437
11251012	4825856
11251012	6061719
11251013	6382688
11251013	11251007
11251013	11251008
11251013	11251010
11251013	11251017
11251013	11251034
11251013	12740899
11251014	11250995
11251014	11251053
11251014	11254138
11251015	6382688
11251015	11251007
11251015	11251008
11251015	11251010
11251015	11251017
11251015	11251034
11251016	11251007
11251017	6382688
11251017	11251007
11251017	11251008
11251017	11251010
11251017	11251013
11251017	11251015
11251017	11251034
11251019	11250995
11251019	11254138
11251020	12112992
11251021	12112991
11251022	11250995
11251022	11254138
11251023	12112993
11251025	12112994
11251026	12112994
11251027	4499579
11251027	5634560
11251027	7815508
11251027	11251028
11251027	11251037
11251028	4499579
11251028	7815508
11251028	11251027
11251030	11250995
11251030	11254138
11251033	11250995
11251033	11254138
11251034	6382688
11251034	11251007
11251034	11251008
11251034	11251010
11251034	11251013
11251034	11251015
11251034	11251017
11251035	11250995
11251036	12112986
11251037	4499579
11251037	7815508
11251037	11251027
11251039	11250995
11251040	4499579
11251040	5392471
11251040	5634550
11251040	11251041
11251041	4499579
11251041	5392471
11251041	5634550
11251041	11251040
11251042	11250986
11251042	11250987
11251042	11250988
11251042	11250989
11251042	11250991
11251042	11250994
11251042	11250997
11251042	11251004
11251043	11250995
11251043	11251000
11251043	11251142
11251043	11254138
11251044	11250936
11251044	11441941
11251044	11441942
11251044	11441943
11251044	13282130
11251045	11250995
11251046	326135
11251046	722031
11251046	10052475
11251047	3350504
11251047	3351256
11251047	5567607
11251047	11251049
11251048	13254196
11251048	13254197
11251049	3350504
11251049	3351256
11251049	5567607
11251049	11251047
11251052	11251054
11251052	11251066
11251052	11251074
11251052	11251081
11251052	11251084
11251052	11251087
11251052	11251091
11251052	11251096
11251052	11251101
11251052	11251105
11251052	11251108
11251053	11250995
11251053	11251014
11251053	13565009
11251053	13905201
11251053	13905202
11251053	13905204
11251054	11251052
11251054	11251074
11251054	11251105
11251055	12001119
11251056	4795906
11251056	4800064
11251056	4800065
11251057	816980
11251057	1598226
11251058	3454536
11251058	11251130
11251059	3454536
11251060	13576699
11251061	1665519
11251061	10281863
11251063	11246168
11251066	11251052
11251074	11251052
11251074	11251054
11251080	14005205
11251081	11251052
11251082	43514
11251082	765584
11251082	11251083
11251083	43514
11251083	765584
11251083	2354858
11251083	11251082
11251084	11251052
11251085	1393619
11251087	11251052
11251088	39103
11251088	1739777
11251088	11251092
11251088	11251094
11251091	11251052
11251092	11251088
11251094	11251088
11251095	9089071
11251095	12346015
11251095	12976410
11251095	13376202
11251096	11251052
11251098	1531031
11251098	1535146
11251098	1839298
11251098	11251099
11251099	1531031
11251099	1616091
11251099	1839298
11251099	11251098
11251101	11251052
11251102	12042853
11251105	11251052
11251105	11251054
11251107	6251630
11251107	11251109
11251108	11251052
11251109	11251107
11251110	5015234
11251110	7217145
11251111	10222445
11251111	10242627
11251111	11251112
11251112	10222445
11251112	10242627
11251112	11251111
11251113	11251115
11251114	11249863
11251114	13271640
11251114	13707741
11251115	11251113
11251116	11249859
11251118	13576573
11251119	68869
11251119	11251133
11251119	12962873
11251121	9143108
11251122	4815269
11251122	12962876
11251123	3454536
11251123	11251130
11251123	12962879
11251124	11250988
11251124	12048938
11251125	3011322
11251125	11251129
11251125	12127140
11251126	13298038
11251127	278174
11251128	267646
11251129	3011322
11251129	9337781
11251129	11246273
11251129	11251125
11251130	3454536
11251130	9135408
11251130	11251058
11251130	11251123
11251130	11251131
11251130	11251132
11251131	11251130
11251131	11251132
11251132	11251130
11251132	11251131
11251133	68869
11251133	231504
11251133	11251119
11251134	4815269
11251135	6017266
11251136	3395505
11251136	3407650
11251139	11250000
11251140	11248393
11251142	11251043
11251143	11250987
11251144	11250987
11251146	241629
11251147	348199
11251148	348214
11251149	348211
11251150	348210
11251151	348213
11251152	348225
11251153	348222
11251154	486600
11251155	486664
11251155	11257757
11251156	487374
11251156	11257759
11251157	1178944
11251158	8311098
11251159	486694
11251159	11257761
11251160	9847010
11251161	11190826
11251162	9069844
11251163	6873407
11251164	11172184
11251165	11172184
11251166	9434731
11251167	11118598
11251167	11133710
11251169	8922185
11251172	12112996
11251173	12112997
11251174	12112998
11251175	12112999
11251175	12113004
11251176	12113000
11251176	12113002
11251177	12113001
11251177	12113005
11251185	258213
11251187	11251188
11251187	11251190
11251188	11251187
11251190	11251187
11251191	12114007
11251193	11251195
11251194	12114005
11251195	11251193
11251196	8548851
11251196	12211328
11251198	12114004
11251200	11251201
11251201	11251200
11251204	12113999
11251205	11009097
11251206	12113997
11251209	11251210
11251210	11251209
11251214	11251215
11251215	11251214
11251216	6528595
11251217	5938092
11251218	6253038
11251218	7176971
11251221	11251222
11251222	11251221
11251224	11251225
11251225	11251224
11251244	11252202
11251247	13840367
11251248	13831968
11251248	13831969
11251251	8348871
11251252	11251255
11251253	11251254
11251254	11251253
11251254	13876182
11251255	11251252
11251257	11244921
11251258	7871341
11251259	8234064
11251260	8247414
11251261	8259616
11251262	8260540
11251263	8377436
11251263	13181962
11251263	13181968
11251264	8377436
11251265	8420535
11251266	8500007
11251267	8572491
11251268	9817545
11251269	9824036
11251270	10064641
11251271	10962712
11251272	10991891
11251273	10992326
11251274	11190562
11251275	1682421
11251276	1870105
11251277	7867679
11251278	8085711
11251279	8387298
11251279	13771075
11251280	8411634
11251281	8443905
11251282	9821798
11251283	9824076
11251284	10096562
11251285	1762227
11251285	13653611
11251286	1762230
11251286	13118148
11251286	13118150
11251286	13195294
11251287	1762329
11251289	12421007
11251298	11250798
11251302	11250775
11251303	2852316
11251304	11250482
11251305	9369337
11251306	2543450
11251306	12579801
11251308	5406680
11251308	6435770
11251309	6435770
11251310	2025040
11251311	2025040
11251312	2025040
11251313	2025040
11251314	11084106
11251315	11084106
11251316	11084106
11251317	11084106
11251321	12476925
11251322	12409199
11251324	12480408
11251326	11763188
11251326	12157109
11251326	12696259
11251326	12696260
11251327	12703314
11251327	12703315
11251327	12703316
11251332	12083988
11251332	12515597
11251334	12000195
11251334	12620229
11251335	12082155
11251335	12082156
11251339	12515610
11251340	13084859
11251340	13084860
11251340	13084861
11251344	11463044
11251344	11463046
11251344	11583135
11251346	11792466
11251351	11719811
11251351	11719812
11251354	12625829
11251355	11617231
11251356	11616336
11251359	11920643
11251368	11719813
11251368	11719814
11251371	11924991
11251375	13772204
11251376	12595363
11251376	12595364
11251377	11619769
11251377	11837810
11251377	12108459
11251377	12409659
11251379	12070956
11251382	11840243
11251383	11994678
11251383	12480360
11251383	12617557
11251386	11251404
11251388	11251540
11251390	11251537
11251391	11251544
11251391	11251545
11251393	12054680
11251395	7269871
11251396	11581028
11251401	11638278
11251401	11638279
11251403	11638075
11251404	11251386
11251405	11251408
11251406	12040553
11251406	12042001
11251407	12065928
11251408	11251405
11251409	12409041
11251410	11251418
11251411	11251421
11251411	11251422
11251411	11251429
11251411	11251432
11251415	11997281
11251417	11600137
11251418	11251410
11251421	11251411
11251422	11251411
11251424	12482021
11251426	12616189
11251427	13645932
11251429	11251411
11251432	11251411
11251434	11619693
11251451	13295133
11251453	11651794
11251453	12315103
11251454	11904423
11251461	11499288
11251461	11499290
11251461	11655556
11251461	11911719
11251461	11911720
11251462	11834776
11251464	12190012
11251465	12763502
11251468	11084107
11251470	13020577
11251471	12994962
11251472	11557986
11251472	12459636
11251472	12459639
11251473	11752758
11251476	12409133
11251483	12410758
11251487	11962199
11251488	12047780
11251491	12519402
11251491	13337233
11251493	12967706
11251495	11645356
11251497	11085124
11251499	12108428
11251501	14013567
11251502	11085124
11251507	12573515
11251512	12408920
11251517	11085127
11251518	11085127
11251520	12409134
11251525	12448716
11251525	12524003
11251527	11830605
11251529	12120860
11251529	12258654
11251530	11463052
11251530	11583134
11251535	12000197
11251535	12628237
11251535	12628238
11251535	12628239
11251535	13520445
11251535	13520446
11251536	13520429
11251537	1476577
11251537	11251390
11251537	11480126
11251538	13520457
11251540	11251388
11251543	11085128
11251544	11251391
11251545	11251391
11251548	11483952
11251548	11483953
11251550	12055204
11251555	1159966
11251560	11085129
11251569	11642074
11251569	12080039
11251571	11791291
11251572	11252090
11251572	11252091
11251572	11819370
11251572	11819371
11251572	11819372
11251572	11964309
11251574	11712499
11251579	12837755
11251582	9936016
11251582	12640325
11251585	12143348
11251586	9936019
11251590	13820720
11251590	13820721
11251595	7219466
11251596	11713523
11251597	11086155
11251600	11251961
11251600	12108434
11251600	13112000
11251600	13112001
11251600	13112005
11251600	13112006
11251600	13112008
11251602	12051749
11251602	12051750
11251603	12063378
11251603	12063379
11251606	11763951
11251610	11830606
11251611	11719815
11251611	11719816
11251611	13820761
11251611	13820762
11251615	11086157
11251616	13309188
11251617	12708991
11251617	13373140
11251625	12508752
11251625	12508753
11251625	12508754
11251625	12515236
11251629	11086159
11251630	12081989
11251641	12405820
11251641	12405821
11251644	11771365
11251647	11616378
11251647	11761467
11251647	11761468
11251650	12518043
11251651	11648135
11251652	11960314
11251654	11251671
11251655	11251670
11251655	11990879
11251656	11251669
11251657	1134344
11251657	11250788
11251658	11086158
11251659	11086160
11251660	11494747
11251661	6867353
11251662	1086439
11251663	11086637
11251665	11251666
11251666	11251665
11251666	11251668
11251666	12362736
11251666	12362737
11251667	11086641
11251668	11251666
11251669	11251656
11251670	11251655
11251671	11251654
11251672	11251673
11251673	11251672
11251674	11086644
11251675	11086646
11251676	11086646
11251677	11086646
11251678	11248319
11251679	11248319
11251680	1914501
11251680	13296071
11251681	11246167
11251681	13709827
11251682	11087271
11251683	11251702
11251684	961163
11251684	6629930
11251684	7330721
11251684	10739143
11251684	11251716
11251684	11251728
11251684	11906939
11251684	12113123
11251684	12113124
11251685	11251713
11251685	11251720
11251685	11251725
11251685	11252076
11251685	11266369
11251685	11266370
11251685	12134036
11251685	12134037
11251685	12134038
11251686	11251700
11251686	11266368
11251686	12119285
11251687	11266367
11251688	11251689
11251688	11251701
11251688	11251706
11251688	11266365
11251688	11266366
11251689	11251688
11251689	11251701
11251689	11251706
11251689	11409841
11251689	11409843
11251689	11533231
11251689	11653855
11251689	11733798
11251691	11409840
11251692	6250364
11251692	7228560
11251692	9496609
11251692	9512421
11251692	9512424
11251692	10083336
11251692	11243418
11251693	9249086
11251694	3820394
11251694	11242984
11251694	11251699
11251694	11266364
11251695	1140883
11251697	2638642
11251698	7392212
11251699	3820394
11251699	11251694
11251700	11251686
11251701	11251688
11251701	11251689
11251701	11733798
11251702	11251683
11251703	11251704
11251704	11251703
11251704	11251708
11251705	1102990
11251706	11251688
11251706	11251689
11251707	348091
11251707	348107
11251707	3325741
11251708	11251704
11251709	11251711
11251710	3620032
11251711	11251709
11251712	3620032
11251713	11251685
11251714	11251715
11251715	11251714
11251716	11251684
11251716	11251726
11251716	11252071
11251717	986502
11251717	986505
11251718	986502
11251718	986505
11251719	11087268
11251720	11251685
11251720	11251725
11251720	12134036
11251720	12134038
11251721	11246143
11251721	13540769
11251721	13540778
11251722	11246143
11251722	11251724
11251722	13538894
11251722	13540781
11251723	11087269
11251724	11251722
11251725	11251685
11251725	11251720
11251725	11252076
11251726	11251716
11251726	11252071
11251726	11253143
11251727	2229179
11251728	961163
11251728	7118077
11251728	7330721
11251728	11251684
11251728	11252066
11251729	11087270
11251730	2273787
11251730	2275462
11251730	6641249
11251730	6669723
11251730	8654646
11251730	9858926
11251730	11251736
11251730	12120888
11251731	10349
11251731	4852179
11251732	1223586
11251732	1223587
11251732	5848873
11251733	9419070
11251734	11087690
11251735	2273787
11251736	2273787
11251736	3040268
11251736	11251730
11251736	12120875
11251736	12120888
11251737	290436
11251738	290436
11251739	290436
11251740	290436
11251741	6346461
11251741	11251742
11251741	13048317
11251742	6346461
11251742	11251741
11251742	13048317
11251743	6167837
11251744	10241673
11251745	1686126
11251745	11251757
11251746	10241673
11251747	6346461
11251747	11252047
11251747	13048317
11251748	8440231
11251748	8440232
11251748	8449392
11251748	9615126
11251748	9634408
11251748	12377892
11251748	13740878
11251748	13740879
11251748	13740881
11251749	9471908
11251750	10901774
11251751	7292489
11251752	7292489
11251753	11089306
11251754	11089306
11251755	11089306
11251756	11089307
11251757	11251745
11251758	11089310
11251759	60136
11251760	60136
11251760	8027038
11251761	6548455
11251761	6548463
11251761	6764977
11251761	9296736
11251761	11251999
11251761	11252001
11251761	11717342
11251762	6548463
11251763	11046389
11251763	11251764
11251763	11252242
11251763	11252243
11251763	11252244
11251764	11046389
11251764	11251763
11251765	11046389
11251766	11046389
11251767	11089311
11251768	11089312
11251769	11089312
11251770	11089313
11251771	11089313
11251772	4479698
11251775	11251777
11251775	11251851
11251777	11251775
11251777	11251778
11251778	11251777
11251778	11251779
11251778	11251849
11251779	11251778
11251781	5225076
11251781	7232556
11251781	11251785
11251781	11251790
11251782	12608691
11251784	13800838
11251785	11251781
11251786	5747842
11251786	11251788
11251786	11251802
11251788	5747842
11251788	11251786
11251788	11251802
11251789	7768263
11251789	11251794
11251789	11256714
11251789	13283399
11251790	5225076
11251790	11251781
11251791	3405466
11251794	11251789
11251796	8335844
11251796	10094308
11251796	10094309
11251796	11251798
11251798	10094308
11251798	11251796
11251799	10461826
11251799	10461828
11251799	10461829
11251799	10461831
11251800	10461826
11251800	10461827
11251800	10461830
11251800	10461832
11251801	7963757
11251801	13033134
11251801	13041879
11251802	11251786
11251802	11251788
11251805	11603173
11251806	3202545
11251807	3907865
11251807	4028934
11251807	11251831
11251807	11251832
11251807	11251833
11251808	3907866
11251808	4028933
11251808	11251831
11251808	11251832
11251808	11251834
11251809	10470673
11251809	11251814
11251809	11256713
11251809	12725644
11251813	6838443
11251814	11251809
11251815	11251816
11251816	11251815
11251816	11266362
11251816	12940369
11251816	12940371
11251817	8499301
11251817	11251818
11251817	11256710
11251818	8499301
11251818	11251817
11251819	4805303
11251819	11251820
11251820	4805303
11251820	11251819
11251820	11253611
11251820	11266360
11251821	10074163
11251821	11938178
11251821	11945481
11251821	12206695
11251822	11251823
11251822	11251824
11251822	12702658
11251823	11251822
11251823	13387931
11251824	11251822
11251824	13387931
11251825	9000123
11251826	11089494
11251827	10944097
11251827	10944098
11251827	12662527
11251828	11089495
11251829	8681212
11251829	8681213
11251830	11089496
11251831	11251807
11251831	11251808
11251831	11251833
11251831	11251834
11251832	3907865
11251832	3907866
11251832	4028933
11251832	4028934
11251832	11251807
11251832	11251808
11251832	11253140
11251832	11253141
11251833	3907865
11251833	11251807
11251833	11251831
11251834	3907866
11251834	11251808
11251834	11251831
11251836	3907866
11251836	7251300
11251836	7251303
11251837	8207199
11251837	13940409
11251837	13942430
11251838	3907866
11251838	7251299
11251838	7251301
11251849	11251778
11251850	11251858
11251851	11251775
11251851	13966489
11251852	11089497
11251853	11251859
11251855	11089498
11251856	9178523
11251857	10911434
11251858	11251850
11251859	11251853
11251860	2924454
11251861	3427704
11251862	6761182
11251863	2568624
11251864	697564
11251864	10950861
11251865	129612
11251866	242955
11251866	757447
11251866	1318987
11251867	6461298
11251868	1849803
11251869	10153889
11251870	4572357
11251870	11251872
11251870	11251876
11251870	11251881
11251870	11251884
11251870	11251886
11251870	11251888
11251870	11251889
11251870	11251893
11251870	11251899
11251870	11251911
11251870	11252078
11251870	11533230
11251871	3428289
11251871	3447144
11251871	3448679
11251871	4701359
11251871	7635640
11251872	11251870
11251872	11251876
11251872	11251884
11251872	11251889
11251873	3666634
11251873	3895703
11251873	3895713
11251873	3897761
11251873	5490156
11251873	5490162
11251874	10657066
11251875	10657067
11251876	11251870
11251876	11251872
11251877	10657067
11251878	10657001
11251879	10657000
11251880	7635593
11251880	11251883
11251881	11251870
11251882	10656972
11251882	10656973
11251882	13117485
11251883	3403434
11251883	7635593
11251883	11251880
11251884	11251870
11251884	11251872
11251885	11004829
11251886	11251870
11251887	9701735
11251888	11251870
11251889	11251870
11251889	11251872
11251890	9701728
11251891	9701728
11251892	5653062
11251892	5855414
11251892	9928575
11251893	11251870
11251894	539050
11251894	1392439
11251894	1392532
11251894	1392760
11251894	11075264
11251894	12985199
11251894	12985219
11251894	12985233
11251895	9705176
11251896	9705017
11251897	5871042
11251897	13380342
11251898	7849415
11251898	7849416
11251898	7849514
11251898	10274009
11251899	11251870
11251900	9740684
11251900	9740688
11251900	9740690
11251900	11251903
11251901	7849416
11251902	10694683
11251902	10694684
11251902	11251904
11251903	11251900
11251904	11251902
11251905	703123
11251905	9722908
11251906	6352803
11251907	1230509
11251907	1230511
11251907	1476260
11251908	10656379
11251909	10656379
11251910	10656379
11251911	11251870
11251912	1230509
11251912	3460303
11251913	2145417
11251913	2392868
11251914	2145419
11251914	2392868
11251915	11089494
11251916	4007089
11251916	4021734
11251916	11745481
11251917	12337601
11251918	1866484
11251918	1868701
11251920	1866484
11251920	1868701
11251921	3396949
11251921	11251924
11251921	11251928
11251921	11251933
11251921	11251937
11251921	11251939
11251921	11251944
11251921	11251945
11251921	11251946
11251921	11251948
11251921	11251952
11251921	11251954
11251921	11252077
11251921	11254122
11251921	11761097
11251922	1866484
11251922	1868701
11251923	1866484
11251923	1868701
11251924	11251921
11251925	11246338
11251925	11246376
11251926	1866484
11251927	1866484
11251928	3396949
11251928	11251921
11251928	11251933
11251928	11251937
11251928	11251939
11251928	11251954
11251929	1866485
11251929	1969119
11251929	10241340
11251930	1866485
11251930	1969119
11251930	10241340
11251931	1866485
11251931	1969119
11251931	10241340
11251932	1866485
11251932	1969119
11251932	10241340
11251933	11251921
11251933	11251928
11251933	11251948
11251933	11254122
11251934	1866486
11251934	2255993
11251935	1866486
11251935	2255993
11251936	1866486
11251936	1869475
11251936	1869478
11251936	2255993
11251937	11251921
11251937	11251928
11251937	11254122
11251937	13539612
11251938	10726642
11251938	10726643
11251939	11251921
11251939	11251928
11251939	11254122
11251940	11251941
11251940	11251947
11251941	11251940
11251942	5195258
11251943	12895336
11251944	11251921
11251945	11251921
11251946	11251921
11251947	11251940
11251948	11251921
11251948	11251933
11251948	12445298
11251949	11251950
11251949	12702655
11251949	12702656
11251949	12702657
11251950	11251949
11251951	11251953
11251951	12702654
11251952	11251921
11251953	11251951
11251954	11251921
11251954	11251928
11251954	11254122
11251954	11254144
11251957	11251958
11251958	11251957
11251958	11251970
11251958	11252015
11251958	11252017
11251958	11252031
11251958	11252032
11251958	11252039
11251958	11252062
11251958	11252064
11251958	11252081
11251958	11495655
11251959	3454012
11251960	3454012
11251961	11251600
11251962	8080230
11251963	8080230
11251964	8080230
11251965	10196098
11251966	10196098
11251967	10483635
11251968	10483635
11251969	11049816
11251969	11252240
11251969	11255520
11251969	11255577
11251969	13916550
11251970	11251958
11251972	11046389
11251972	11252244
11251973	11046389
11251973	11252243
11251974	11046389
11251974	11252244
11251975	11046389
11251975	11252243
11251977	572964
11251978	572964
11251981	1877598
11251982	11252016
11251982	11252022
11251982	11252026
11251982	11252040
11251982	11252041
11251982	11252043
11251982	11252200
11251982	11252529
11251982	11253265
11251982	11261132
11251983	1877598
11251984	1877598
11251985	1983813
11251985	1983814
11251986	1983813
11251986	1983814
11251987	1977696
11251988	1977696
11251989	1977696
11251990	1977696
11251991	1983816
11251992	1983816
11251993	1983816
11251994	2261873
11251995	2261873
11251996	2261873
11251997	2265989
11251998	2265989
11251999	1733937
11251999	9296736
11251999	11251761
11251999	11717342
11252000	2265989
11252001	8564102
11252001	9296736
11252001	11251761
11252001	11717342
11252002	2648449
11252003	2648449
11252004	2649153
11252005	2649153
11252006	2649153
11252007	2649153
11252008	2649153
11252009	2649153
11252010	2649159
11252011	2649159
11252012	2649159
11252013	3723896
11252014	3723896
11252015	11251958
11252016	11251982
11252016	11252022
11252016	11252026
11252016	11252040
11252016	11252041
11252016	11252043
11252016	11252200
11252016	11252529
11252016	11253265
11252017	11251958
11252018	3826013
11252019	3826013
11252020	3826013
11252021	11252028
11252021	11252029
11252021	11252030
11252022	11251982
11252022	11252016
11252022	11252040
11252022	11252041
11252023	5277655
11252024	5277655
11252025	5277655
11252026	11251982
11252026	11252016
11252026	11252040
11252026	11252041
11252026	11252043
11252026	11252200
11252026	11252529
11252026	11253265
11252027	1444766
11252028	11252021
11252029	11252021
11252030	11252021
11252031	11251958
11252032	11251958
11252034	6548455
11252039	11251958
11252040	11251982
11252040	11252016
11252040	11252022
11252040	11252026
11252040	11252041
11252040	11252043
11252040	11252200
11252040	11252529
11252040	11253265
11252041	11251982
11252041	11252016
11252041	11252022
11252041	11252026
11252041	11252040
11252041	11252043
11252041	11252200
11252041	11252529
11252041	11253265
11252041	11261095
11252042	5491233
11252043	11251982
11252043	11252016
11252043	11252026
11252043	11252040
11252043	11252041
11252043	11252200
11252043	11252529
11252043	11253265
11252044	5491233
11252045	5491233
11252046	8715216
11252047	6346461
11252047	11251747
11252047	11252063
11252047	13048317
11252048	1444771
11252049	6049411
11252050	6049411
11252051	6049411
11252052	2648956
11252053	2648956
11252054	3331027
11252055	3331027
11252056	3331027
11252056	6782523
11252057	3331027
11252058	5848873
11252059	3737992
11252060	3737992
11252061	1499396
11252062	11251958
11252063	6346461
11252063	11252047
11252063	13048317
11252064	11251958
11252065	8715199
11252066	11251728
11252068	12880818
11252069	6049401
11252070	6049401
11252071	6629930
11252071	11251716
11252071	11251726
11252072	6274634
11252073	6429970
11252074	6429970
11252075	6576502
11252076	11251685
11252076	11251725
11252077	11251921
11252078	11251870
11252081	11251958
11252082	6782523
11252083	7382311
11252084	7382311
11252085	6429982
11252086	6429982
11252087	1601588
11252088	3562534
11252089	3562534
11252090	11251572
11252091	11251572
11252093	2250309
11252094	928517
11252095	10531220
11252096	10216657
11252097	10216657
11252098	8505776
11252099	9371555
11252100	9371555
11252101	9371555
11252102	9371555
11252103	9452679
11252104	11252105
11252104	12703804
11252105	11252104
11252106	11252109
11252106	11252110
11252106	11252111
11252106	11252130
11252106	11252131
11252108	2546365
11252109	11252106
11252110	11252106
11252111	11252106
11252112	8714530
11252113	8714531
11252114	11252115
11252114	11252116
11252114	11252117
11252115	11252114
11252116	11252114
11252117	11252114
11252118	2760906
11252119	1685561
11252120	1949622
11252120	2151714
11252121	24885
11252121	42149
11252121	542294
11252121	550822
11252121	1119105
11252122	11252123
11252122	12702653
11252123	11252122
11252126	5433797
11252127	2250969
11252127	6082131
11252128	1135061
11252128	5987394
11252129	1135061
11252130	11252106
11252131	11252106
11252132	2422197
11252132	2626647
11252132	3455142
11252132	10553687
11252133	2422197
11252133	2626647
11252133	3455142
11252133	10553687
11252134	3291902
11252134	8548592
11252134	8548606
11252135	8850078
11252135	12206691
11252136	8203050
11252137	3705118
11252138	2434547
11252138	11320703
11252138	13279186
11252139	3705118
11252140	3705118
11252141	11252149
11252142	410769
11252143	410769
11252144	410769
11252145	3705118
11252146	11269941
11252146	11718842
11252146	13563572
11252147	3705118
11252148	3705117
11252148	3705118
11252148	12443587
11252149	11252141
11252150	3221294
11252150	13153954
11252151	3221294
11252152	3705118
11252152	3705122
11252152	3705123
11252152	11261092
11252153	3705118
11252154	10952544
11252156	5739332
11252156	11252166
11252157	5747621
11252157	11252163
11252157	11252164
11252157	11290514
11252158	5851144
11252158	6289508
11252158	11252162
11252159	6945989
11252160	2061641
11252160	2061648
11252160	3112978
11252160	4606478
11252160	4606479
11252160	4606489
11252160	8558575
11252160	8558576
11252161	3723221
11252162	5851144
11252162	11252158
11252163	5747621
11252163	11252157
11252164	5747621
11252164	11252157
11252165	3007072
11252165	3007073
11252165	3007074
11252165	3007075
11252165	3007076
11252165	3007077
11252165	3007078
11252165	3007079
11252165	3007093
11252165	3007244
11252165	3007289
11252165	3007364
11252165	3007671
11252165	3007681
11252165	3008141
11252165	3022102
11252165	3026304
11252165	4286685
11252166	11252156
11252167	11045491
11252168	2302069
11252169	11252173
11252170	2955384
11252171	2202637
11252171	5423793
11252171	12942891
11252171	12942892
11252171	13787575
11252172	295112
11252172	6069465
11252173	11252169
11252174	11252176
11252175	3716046
11252175	9173712
11252175	11252180
11252175	11252181
11252176	11252174
11252177	9173712
11252178	301985
11252178	5901195
11252179	2277326
11252180	3716026
11252180	3716030
11252180	3716032
11252180	3716033
11252180	3716043
11252180	3716046
11252180	8115277
11252180	9173712
11252180	11252175
11252180	12119898
11252181	11252175
11252181	11252193
11252182	2650374
11252182	11266666
11252183	7996026
11252183	8714296
11252184	3716048
11252185	8480507
11252186	2280545
11252186	7198657
11252186	8714294
11252186	12005374
11252187	12113993
11252188	11252191
11252189	2374820
11252190	2374820
11252191	11252188
11252192	2374820
11252193	3716026
11252193	9173712
11252193	10637724
11252193	11252181
11252194	2374820
11252195	2374820
11252195	11252198
11252196	2374820
11252197	2374820
11252198	2374820
11252198	11252195
11252198	11261090
11252199	3908131
11252200	11251982
11252200	11252016
11252200	11252026
11252200	11252040
11252200	11252041
11252200	11252043
11252200	11252529
11252200	11253265
11252201	10497173
11252202	11251244
11252203	10739440
11252204	3199917
11252205	11252206
11252205	11252207
11252205	11252208
11252205	13093369
11252206	11252205
11252207	11252205
11252208	11252205
11252210	11252211
11252210	11252213
11252210	11252261
11252210	11252262
11252210	11252267
11252211	11252210
11252211	11252213
11252211	11252261
11252212	11252213
11252213	11252210
11252213	11252211
11252213	11252212
11252215	3908132
11252217	6101115
11252218	11252222
11252218	11252224
11252218	11252227
11252219	11252221
11252219	11252223
11252219	11252225
11252220	9765494
11252221	11252219
11252222	11252218
11252223	11252219
11252223	11252225
11252223	12418252
11252223	12466467
11252223	12466468
11252223	12466472
11252223	13093371
11252224	11252218
11252225	11252219
11252225	11252223
11252225	13093371
11252226	7201869
11252226	8229331
11252227	11252218
11252229	9853869
11252229	9869717
11252229	9869721
11252229	9869914
11252229	9869915
11252229	9869917
11252229	9869918
11252229	9900586
11252229	9926444
11252229	10064209
11252230	11252232
11252232	11252230
11252235	11252849
11252236	8930881
11252238	1226664
11252238	1227598
11252238	1230379
11252238	1447675
11252238	2055440
11252238	7906715
11252239	2912518
11252239	10654467
11252240	11049816
11252240	11251969
11252241	7183069
11252241	8435511
11252242	11046389
11252242	11251763
11252243	11046389
11252243	11251763
11252243	11251973
11252243	11251975
11252244	11046389
11252244	11251763
11252244	11251972
11252244	11251974
11252248	9752341
11252248	9752342
11252249	2239748
11252249	7975763
11252249	10082918
11252249	10083055
11252250	3820118
11252250	10674672
11252251	10528840
11252252	6783467
11252252	6783473
11252252	6826197
11252253	10528840
11252254	10528840
11252255	3738681
11252255	11086915
11252256	11252848
11252257	2287907
11252257	8785144
11252257	9456536
11252258	12041532
11252259	8538646
11252260	10862815
11252261	11252210
11252261	11252211
11252262	11252210
11252263	6614734
11252263	7481878
11252263	7861023
11252264	11253841
11252267	11252210
11252268	6335066
11252268	8591887
11252268	9512768
11252269	11252270
11252270	11252269
11252271	9151697
11252271	9151700
11252271	9151703
11252271	9151722
11252271	9151724
11252272	10096198
11252273	11252851
11252274	8848639
11252274	12690669
11252280	13422635
11252281	2238807
11252281	10050997
11252283	11220961
11252284	12427486
11252286	6486829
11252287	8375308
11252287	9292813
11252288	11252854
11252289	1809595
11252289	1809604
11252289	1809605
11252289	1809626
11252289	4822869
11252290	7587167
11252290	10695000
11252297	2407784
11252297	3377571
11252297	7785921
11252297	7785922
11252297	8948197
11252300	2712513
11252302	7042253
11252308	11252310
11252309	11009537
11252310	11252308
11252315	2770581
11252315	2770788
11252315	6482560
11252315	7168666
11252319	12006630
11252324	7791455
11252324	7791505
11252325	11252871
11252325	12293830
11252326	12655195
11252327	11252331
11252328	11252331
11252329	11252331
11252329	11252334
11252329	11252335
11252330	11252331
11252331	11252327
11252331	11252328
11252331	11252329
11252331	11252330
11252331	11253960
11252332	11252333
11252332	11767664
11252333	11252332
11252333	12955104
11252334	11252329
11252335	11252329
11252335	13376910
11252335	13376911
11252336	3740425
11252336	11252337
11252336	11252340
11252336	11252342
11252336	11252343
11252336	11252346
11252336	11252350
11252336	11252351
11252336	11252352
11252337	11252336
11252337	11252346
11252338	11252339
11252339	11252338
11252340	11252336
11252340	11252345
11252340	11252346
11252340	11653849
11252341	7489922
11252341	10308968
11252341	10492556
11252342	11252336
11252343	11252336
11252343	11252346
11252344	34764
11252344	197577
11252345	11252340
11252345	11252346
11252345	11939012
11252346	11252336
11252346	11252337
11252346	11252340
11252346	11252343
11252346	11252345
11252346	11252350
11252346	11252352
11252347	1177510
11252347	10208680
11252348	5126413
11252349	5126413
11252350	11252336
11252350	11252346
11252351	11252336
11252352	11252336
11252352	11252346
11252353	11252354
11252354	11252353
11252355	11257752
11252356	169564
11252356	244921
11252357	3626471
11252358	3626471
11252359	3626471
11252359	11252362
11252360	3626471
11252361	3626471
11252362	3626471
11252362	11252359
11252362	11252364
11252363	3626471
11252364	3626471
11252364	11252362
11252365	3626471
11252365	13286091
11252366	11252367
11252367	11252366
11252368	11252369
11252368	13410529
11252369	11252368
11252370	3128195
11252371	11252372
11252372	11252371
11252373	1016693
11252374	9134582
11252374	9134604
11252374	10082202
11252374	10156489
11252374	11252671
11252375	5778312
11252375	11758558
11252376	11252416
11252376	11252417
11252377	6770129
11252378	11252379
11252379	11252378
11252380	4889626
11252381	13427307
11252381	13427308
11252384	13338199
11252387	241067
11252387	981799
11252388	241067
11252388	981799
11252389	11252391
11252389	11253422
11252391	11252389
11252396	12017751
11252397	11252398
11252398	11252397
11252399	13275414
11252399	13275415
11252400	13408586
11252402	13395913
11252403	262350
11252403	611274
11252403	1509722
11252403	11252405
11252405	11252403
11252406	12076824
11252407	262350
11252407	611274
11252408	11252410
11252408	11252419
11252408	11252622
11252408	11254745
11252409	3093315
11252410	11252408
11252410	11252622
11252410	11252707
11252410	11254745
11252411	7175793
11252412	7391787
11252413	6507158
11252415	3330215
11252416	11252376
11252417	11252376
11252418	1137948
11252419	11252408
11252419	11252622
11252420	9252723
11252421	7126187
11252422	1887199
11252422	11210946
11252423	1887199
11252423	11210946
11252424	6951548
11252425	2865185
11252425	4072359
11252425	11211202
11252425	11252426
11252426	2865185
11252426	11252425
11252427	6248079
11252428	11247900
11252428	11249590
11252428	11249591
11252428	11257735
11252429	3720206
11252430	6520636
11252431	3720206
11252432	11127809
11252433	11539568
11252434	2409572
11252435	11210949
11252435	11252436
11252435	11252438
11252436	11210949
11252436	11252435
11252436	11252438
11252436	12449490
11252436	13672694
11252437	3719396
11252438	11210949
11252438	11252435
11252438	11252436
11252440	10153063
11252440	13611576
11252441	3719396
11252441	9982653
11252443	11211018
11252443	11211026
11252443	11211028
11252443	11211030
11252444	11565206
11252445	11211018
11252445	11211026
11252445	11211028
11252445	11211030
11252445	11211031
11252447	3719396
11252448	11531405
11252449	11402240
11252453	3740431
11252453	12367246
11252457	3719368
11252457	4869734
11252457	4869738
11252457	8006212
11252457	10565066
11252458	12114027
11252459	664860
11252460	12114024
11252461	3129498
11252462	3129498
11252463	672589
11252463	1319750
11252463	2793771
11252463	13519507
11252463	13519508
11252463	13519510
11252463	13519514
11252464	672589
11252464	1319750
11252464	2793771
11252465	534892
11252465	672600
11252466	534892
11252466	672600
11252467	3719079
11252468	690654
11252468	1848529
11252469	690776
11252470	3072646
11252471	703412
11252472	8039297
11252473	3719079
11252474	729579
11252476	779238
11252477	779238
11252477	10194280
11252477	10194283
11252477	11515008
11252479	2005248
11252480	2005248
11252481	2005248
11252483	13330115
11252484	2196757
11252484	13336393
11252485	2196757
11252486	6841579
11252486	6842484
11252488	589967
11252488	628593
11252488	4913757
11252488	5107149
11252489	4913757
11252489	5107149
11252490	3719059
11252490	5831032
11252490	6019106
11252490	11252491
11252490	11252688
11252490	11252689
11252490	11252693
11252491	3719059
11252491	5831032
11252491	11252490
11252492	3719059
11252492	6019106
11252492	11252688
11252492	11252689
11252492	11252693
11252493	3719059
11252493	6019106
11252493	11252688
11252493	11252689
11252493	11252693
11252494	661750
11252494	11252720
11252494	11256708
11252494	11496366
11252494	11496367
11252495	651281
11252496	621910
11252497	605938
11252498	605938
11252498	11252716
11252499	6205096
11252499	6307281
11252499	7020966
11252499	8079987
11252499	8079988
11252499	8619805
11252499	11252714
11252499	13140335
11252499	13140337
11252499	13140365
11252499	13700214
11252500	8089539
11252501	8115268
11252502	5859878
11252503	9054474
11252504	11201932
11252505	6090085
11252505	11252507
11252506	11201932
11252507	6090085
11252507	11252505
11252508	5758285
11252508	12470842
11252508	12470843
11252509	3312913
11252509	4652808
11252510	301702
11252510	601993
11252510	11582927
11252511	2030124
11252512	49186
11252513	11201943
11252513	11252710
11252513	12375120
11252514	8982065
11252515	2030124
11252516	10950862
11252516	11252523
11252516	11252524
11252516	13509525
11252517	10950555
11252518	7983999
11252518	7984000
11252518	8537463
11252518	10938275
11252518	10938276
11252519	2030124
11252520	84052
11252520	2026819
11252520	10938262
11252520	11252521
11252520	11252522
11252521	10937104
11252521	11252520
11252522	10937104
11252522	11252520
11252523	11252516
11252523	11252524
11252524	11252516
11252524	11252523
11252524	13509525
11252525	6548556
11252525	6548558
11252526	11252527
11252526	11252711
11252526	11700980
11252526	13772915
11252527	11252526
11252528	3719057
11252528	12150972
11252529	11251982
11252529	11252016
11252529	11252026
11252529	11252040
11252529	11252041
11252529	11252043
11252529	11252200
11252529	11253265
11252530	11101418
11252531	6271323
11252532	6807547
11252533	6807547
11252534	350803
11252535	1361185
11252535	12864098
11252536	12045707
11252537	10950946
11252537	10950951
11252539	7734828
11252540	10950874
11252540	10950876
11252540	10950946
11252541	8333163
11252542	3717283
11252543	2402429
11252543	2404897
11252543	7728931
11252543	11252708
11252543	11252709
11252543	11255824
11252543	11533227
11252544	6318365
11252544	7728941
11252544	13922433
11252544	13922435
11252545	9381432
11252545	12920838
11252545	13285080
11252546	9381432
11252546	12920985
11252546	13285082
11252547	9734544
11252548	9381434
11252548	12347476
11252548	13285079
11252549	9381434
11252549	12456610
11252549	13285081
11252550	9734544
11252551	9194693
11252552	3717283
11252553	9729852
11252554	1133830
11252555	9734544
11252556	1133355
11252556	1136194
11252557	11247898
11252557	11247899
11252558	391181
11252558	391182
11252559	3714572
11252559	11252560
11252559	11254145
11252560	3714571
11252560	3714572
11252560	3714830
11252560	3717046
11252560	3740444
11252560	4411449
11252560	4415209
11252560	5921406
11252560	5922805
11252560	7459455
11252560	10081917
11252560	10176896
11252560	11252559
11252560	11252561
11252560	11254145
11252560	11261088
11252560	13083285
11252560	13083315
11252561	3714572
11252561	11252560
11252561	11254145
11252562	614092
11252562	2876994
11252562	11169297
11252562	13521348
11252562	13521349
11252563	1392578
11252563	11252703
11252564	3717284
11252564	11252565
11252565	3717284
11252565	7052695
11252565	11252564
11252566	3717286
11252566	11252568
11252567	1929047
11252568	3717286
11252568	11252566
11252569	3717287
11252569	11252570
11252570	3717287
11252570	11252569
11252571	3831749
11252572	3831749
11252573	4014776
11252574	4014776
11252575	4014776
11252576	5165026
11252577	3717288
11252578	11845589
11252578	12638949
11252579	3717288
11252580	6229702
11252582	2785223
11252583	6231385
11252584	12114050
11252585	2785223
11252586	12114050
11252587	6270733
11252587	12739248
11252588	12114047
11252589	12114046
11252590	12114045
11252591	12114042
11252592	12114041
11252593	12114039
11252594	7386054
11252594	12343663
11252595	7381177
11252596	8396009
11252597	8954586
11252598	8954586
11252599	8954586
11252600	8954586
11252601	9237691
11252602	9237691
11252603	12114036
11252604	12321934
11252605	3714567
11252605	4699664
11252605	4699665
11252605	11252608
11252606	11252613
11252606	11252614
11252606	11252616
11252606	11262926
11252606	11262927
11252606	11262928
11252606	12043290
11252606	12043291
11252606	12043297
11252606	13843295
11252606	13843296
11252606	13843297
11252607	3714567
11252608	3714567
11252608	11252605
11252608	11253137
11252609	3714567
11252609	11253138
11252610	3714570
11252611	3714570
11252613	11252606
11252613	11252614
11252613	11252616
11252613	12043290
11252613	12043291
11252613	12043297
11252614	11252606
11252614	11252613
11252614	12043290
11252614	12043291
11252614	12043297
11252615	3712210
11252615	10146073
11252616	11252606
11252616	11252613
11252616	12043290
11252616	12043291
11252616	12043297
11252617	3712210
11252618	10641571
11252619	3712210
11252619	3850218
11252620	4728052
11252621	4728052
11252622	11252408
11252622	11252410
11252622	11252419
11252622	11254745
11252623	11245919
11252623	11245949
11252623	11249583
11252623	11249589
11252624	6616451
11252625	11051030
11252626	11051030
11252627	11136583
11252628	11136583
11252629	11051029
11252630	11051029
11252631	1867911
11252632	1867911
11252633	6094488
11252634	6094488
11252635	6427608
11252636	6427575
11252637	6427575
11252638	6427964
11252639	10260424
11252640	10260424
11252641	9800430
11252642	9800430
11252643	11129542
11252644	11129542
11252645	11051027
11252646	11051027
11252647	2331755
11252647	2336503
11252648	2331755
11252649	8023182
11252650	1836278
11252651	6577590
11252651	12426253
11252652	6577590
11252652	12426253
11252653	6577590
11252653	12426253
11252654	11211000
11252654	11211007
11252654	11211008
11252654	11211010
11252654	11211014
11252654	11252656
11252654	11252657
11252654	11252658
11252654	11252659
11252654	11252660
11252654	11252661
11252655	11211000
11252655	11211007
11252655	11211015
11252656	11211014
11252656	11252654
11252657	11211014
11252657	11252654
11252658	11211014
11252658	11252654
11252659	11211014
11252659	11252654
11252660	11211014
11252660	11252654
11252661	11211000
11252661	11211013
11252661	11211014
11252661	11252654
11252662	6662307
11252663	9168003
11252664	6662307
11252665	6662307
11252666	7461125
11252667	324886
11252668	4495467
11252668	6042881
11252669	9256126
11252669	12688484
11252670	312608
11252671	9134582
11252671	9134604
11252671	9135769
11252671	10082202
11252671	10156489
11252671	11252374
11252672	9300961
11252673	10688906
11252673	10688907
11252673	10688911
11252673	10688913
11252673	11252675
11252673	11252678
11252673	11252679
11252675	1191718
11252675	10688906
11252675	10688907
11252675	10688911
11252675	10688913
11252675	11252673
11252675	11252678
11252675	11252679
11252677	9296284
11252678	1191718
11252678	10688906
11252678	10688907
11252678	10688911
11252678	10688913
11252678	11252673
11252678	11252675
11252678	11252679
11252679	10688913
11252679	11252673
11252679	11252675
11252679	11252678
11252680	7264417
11252681	7497844
11252682	11139043
11252683	8112275
11252684	8198367
11252685	3821429
11252685	7968543
11252685	8331427
11252686	11232674
11252686	12539607
11252687	11155676
11252687	12963483
11252688	3719059
11252688	3786691
11252688	5831032
11252688	6019106
11252688	6610546
11252688	6629063
11252688	7087844
11252688	11252490
11252688	11252492
11252688	11252493
11252688	11252693
11252689	3719059
11252689	3786691
11252689	5831032
11252689	6019106
11252689	6610546
11252689	6629063
11252689	7087844
11252689	11252490
11252689	11252492
11252689	11252493
11252689	11252693
11252690	7533784
11252691	7533784
11252692	3719059
11252692	11252693
11252693	3719059
11252693	3786691
11252693	5831032
11252693	6019106
11252693	6610546
11252693	6629063
11252693	7087844
11252693	11252490
11252693	11252492
11252693	11252493
11252693	11252688
11252693	11252689
11252693	11252692
11252693	11252694
11252694	3719059
11252694	11252693
11252695	9508057
11252695	9508065
11252696	8888452
11252697	11214888
11252697	11214891
11252697	11214894
11252697	11214897
11252697	11214899
11252702	11252705
11252703	11252563
11252704	4262622
11252705	11252702
11252707	11252410
11252708	2402270
11252708	11252543
11252709	2402270
11252709	11252543
11252710	11252513
11252711	11252526
11252711	13772915
11252712	12802066
11252713	12802066
11252714	11252499
11252716	11252498
11252719	11990403
11252720	11252494
11252721	12114181
11252724	12108009
11252725	130079
11252727	12114216
11252728	2275418
11252729	12114213
11252730	12114212
11252731	12114204
11252732	12114202
11252733	12114202
11252735	12114197
11252737	11253238
11252737	11253239
11252737	11254552
11252737	11282616
11252737	12392595
11252737	12529113
11252737	13902347
11252737	13902348
11252737	13902349
11252737	13902350
11252737	13902351
11252737	13902356
11252737	13902357
11252737	13902358
11252737	13902360
11252737	13902361
11252737	13902362
11252737	13902363
11252737	13902364
11252737	13902365
11252737	13902367
11252737	13902369
11252737	13902370
11252737	13902371
11252737	13902373
11252737	13902377
11252738	10670867
11252738	11623366
11252739	10670866
11252739	11623360
11252740	2602958
11252741	2236927
11252742	2236927
11252743	3426018
11252744	10624082
11252745	2366919
11252746	10025934
11252747	318776
11252748	435168
11252749	6261841
11252749	7460946
11252749	11215088
11252749	11252761
11252750	7706501
11252750	7706507
11252750	7732550
11252750	11215078
11252751	7530812
11252751	9245785
11252751	11215079
11252752	6646318
11252752	6646319
11252752	11215074
11252752	11252753
11252753	6646318
11252753	6646319
11252753	11215074
11252753	11252752
11252754	6708324
11252754	8851729
11252754	11215108
11252754	11215109
11252754	11215900
11252755	6708324
11252755	6710211
11252755	8851728
11252755	11215108
11252755	11215902
11252755	11215903
11252756	9008992
11252756	11215104
11252757	5620553
11252757	10061259
11252757	11215100
11252758	7395935
11252758	11215166
11252758	11252759
11252759	7395935
11252759	11215166
11252759	11252758
11252760	7146042
11252760	7148091
11252760	11215126
11252761	11252749
11252761	13294079
11252762	6253745
11252762	11215124
11252763	13294078
11252764	11214620
11252764	11215927
11252764	11215930
11252764	13166106
11252765	9052397
11252766	11217338
11252766	11217343
11252766	11217344
11252766	11217349
11252766	11217355
11252767	1579041
11252768	40051
11252769	4317528
11252770	538123
11252770	9019450
11252771	52027
11252771	13941766
11252772	73252
11252772	442400
11252773	102792
11252773	102805
11252773	476205
11252773	672229
11252773	672254
11252773	672259
11252773	672262
11252773	672264
11252773	672268
11252773	672392
11252773	765935
11252773	864826
11252773	870254
11252773	1274707
11252773	1364767
11252773	1399494
11252773	1401396
11252773	2936574
11252773	2936620
11252773	2936636
11252773	2967036
11252773	4329805
11252773	4432735
11252773	4432880
11252773	5092389
11252773	5092396
11252773	5687973
11252773	5687977
11252773	7768904
11252773	8143426
11252773	11518253
11252773	13745612
11252774	3962717
11252776	8327976
11252777	5529472
11252778	672322
11252778	952980
11252778	11262027
11252778	11409837
11252779	5529485
11252780	11252781
11252781	11252780
11252782	1762346
11252783	1762369
11252784	1762384
11252785	1762475
11252786	1762592
11252786	13323374
11252786	13323375
11252787	2728476
11252788	9699466
11252788	13155755
11252789	10151616
11252790	1762326
11252790	13257965
11252791	1762341
11252792	1762344
11252793	1762375
11252794	1762459
11252794	12503448
11252794	13263549
11252795	1762511
11252795	13153013
11252796	1947078
11252796	11257924
11252797	1762551
11252798	1762568
11252798	13221097
11252798	13221099
11252798	13221173
11252799	1762587
11252800	1762606
11252801	1813054
11252802	7757648
11252802	13112316
11252802	13112317
11252803	8409495
11252803	8739931
11252803	11282591
11252804	8578841
11252804	13611520
11252805	8775661
11252805	13145833
11252806	9029041
11252806	13655794
11252807	3930353
11252808	4512511
11252808	13301122
11252809	7868264
11252810	8247457
11252811	8265805
11252812	8512761
11252812	11252833
11252813	8783093
11252814	9056283
11252814	13576127
11252815	9602139
11252815	13217592
11252816	10030490
11252817	11169367
11252818	1712930
11252819	1762241
11252819	1926313
11252820	11252821
11252820	11261086
11252821	11252820
11252822	11252823
11252823	11252822
11252824	11252826
11252824	11253599
11252825	3724482
11252826	11252824
11252827	6259351
11252827	7141951
11252827	7141954
11252828	10961066
11252828	10961067
11252828	10966970
11252828	13734169
11252829	3904181
11252829	4005256
11252829	6015558
11252829	6015559
11252830	3904180
11252830	4005256
11252830	6015560
11252830	6015562
11252831	1762915
11252831	1762916
11252831	1926313
11252832	1169113
11252833	8512761
11252833	11252812
11252834	9054754
11252834	11252837
11252834	11252838
11252834	11256701
11252835	448061
11252835	11476244
11252835	11990878
11252836	11252839
11252836	12963484
11252837	11252834
11252837	11252840
11252838	11252834
11252839	11252836
11252840	11252837
11252840	11252841
11252840	12505987
11252840	12505989
11252841	11252840
11252842	11252843
11252842	11252845
11252842	11252846
11252842	11252847
11252843	11252842
11252843	11924175
11252844	1225699
11252845	11252842
11252846	11252842
11252847	11252842
11252848	11252256
11252849	11252235
11252850	12045270
11252850	12402141
11252851	11252273
11252852	352558
11252853	11252857
11252854	11252288
11252855	8300788
11252856	8300788
11252857	11252853
11252863	9445442
11252865	8750800
11252869	6137667
11252871	11252325
11252871	12244902
11252873	394693
11252874	12684038
11252876	12318920
11252881	12405993
11252881	12495075
11252883	494273
11252884	1966319
11252885	10735008
11252888	13785462
11252889	13829052
11252892	11918178
11252895	11994680
11252895	12480361
11252895	12617548
11252896	12568995
11252897	11463018
11252897	11583193
11252899	11719661
11252899	11719662
11252905	11616298
11252905	13549485
11252906	7886987
11252909	20280
11252909	520265
11252909	1279219
11252909	7278062
11252922	12669678
11252924	12482126
11252926	407589
11252927	11253597
11252929	11625530
11252929	12625826
11252931	11906781
11252931	11906784
11252931	11906787
11252932	11908913
11252938	12780567
11252940	11616149
11252940	11617536
11252948	13404054
11252953	11769031
11252955	11719572
11252955	11719573
11252955	13286434
11252958	12259302
11252959	13435218
11252961	3968878
11252966	12967707
11252967	1703912
11252969	2951647
11252969	3968878
11252969	11366579
11252973	12172743
11252973	12521917
11252974	12482127
11252976	12132380
11252976	13887730
11252991	12082190
11252993	12374295
11252993	13231492
11253001	12620257
11253001	13640602
11253006	8685561
11253013	12408874
11253019	12561027
11253021	12121161
11253030	12055233
11253033	12063373
11253033	13107469
11253034	181367
11253037	11769032
11253040	13132176
11253040	13132177
11253041	12594299
11253049	10467704
11253050	12108415
11253051	11616382
11253054	11966388
11253055	10467704
11253057	11616252
11253057	12625954
11253058	10467704
11253066	11980450
11253068	11759069
11253069	12410378
11253071	11946993
11253075	8771805
11253076	11809980
11253077	12620879
11253079	11842052
11253081	11877019
11253081	13744259
11253081	13744262
11253085	12538958
11253090	12028828
11253094	12409788
11253099	12184992
11253099	13664723
11253099	13664724
11253107	13620858
11253108	11920367
11253111	12618858
11253111	12618861
11253113	11615790
11253114	12068642
11253119	11812391
11253130	3271319
11253132	53420
11253133	8641217
11253134	7667024
11253134	11255589
11253134	11255591
11253134	11263071
11253135	3672932
11253135	11254065
11253135	11254066
11253136	3010165
11253137	11252608
11253138	11252609
11253139	3976579
11253139	3978154
11253139	6101115
11253139	7967086
11253140	3907865
11253140	11251832
11253141	3907866
11253141	11251832
11253142	4746859
11253143	11251726
11253145	11654414
11253149	12409135
11253154	11465370
11253154	11465371
11253154	12148377
11253160	11615791
11253160	13662598
11253160	13662645
11253162	12519498
11253169	11898738
11253169	11898739
11253171	11253291
11253172	11253289
11253172	11253290
11253173	12071055
11253176	11253292
11253176	11253293
11253176	11253294
11253176	11253295
11253178	11665290
11253178	11901446
11253178	11901447
11253179	11997923
11253179	12620241
11253180	11697478
11253181	11907772
11253181	11907773
11253182	11921462
11253183	11840137
11253184	10450577
11253184	11249666
11253184	11249672
11253184	11249673
11253191	12620214
11253192	11558730
11253194	11249378
11253194	11249407
11253198	12054567
11253204	12482063
11253206	12061066
11253206	12143433
11253210	11584615
11253210	11584616
11253210	11667174
11253211	11904599
11253211	11904600
11253220	11991650
11253220	13444420
11253221	11859348
11253221	12141228
11253221	12141229
11253221	12141231
11253221	13110788
11253226	13815991
11253230	11616299
11253234	562905
11253234	564505
11253234	762711
11253234	1297504
11253234	11268687
11253234	11781099
11253234	11781100
11253234	12213847
11253236	13420954
11253237	12760074
11253238	11252737
11253238	11253239
11253238	11254552
11253238	11282616
11253238	12529113
11253238	13902349
11253238	13902377
11253239	11252737
11253239	11253238
11253239	11254552
11253239	11282616
11253239	12529113
11253240	432719
11253240	432720
11253240	432725
11253240	3378483
11253241	11246631
11253241	11247457
11253241	12409046
11253242	7738260
11253243	8398866
11253244	1672963
11253245	1672963
11253246	135631
11253247	3734165
11253247	6468624
11253248	2468137
11253249	11253251
11253249	11253267
11253250	3422
11253251	11253249
11253252	4737043
11253252	4738327
11253253	3206826
11253254	799918
11253254	799919
11253255	11253256
11253255	13282128
11253255	13282129
11253256	11253255
11253257	11253259
11253257	12702641
11253258	8685717
11253259	11253257
11253260	11253263
11253261	6598640
11253262	2192796
11253262	8002549
11253263	11253260
11253264	2617250
11253264	6277349
11253264	6277369
11253264	6277373
11253265	11251982
11253265	11252016
11253265	11252026
11253265	11252040
11253265	11252041
11253265	11252043
11253265	11252200
11253265	11252529
11253266	2617250
11253266	6277349
11253266	6277369
11253266	6277373
11253267	11253249
11253268	10625832
11253269	11253272
11253270	1071222
11253272	11253269
11253272	11253595
11253272	11263070
11253272	11616685
11253272	11616686
11253274	11245412
11253274	11245419
11253275	5099265
11253276	3640203
11253277	3304500
11253277	11174971
11253278	10879976
11253279	10879976
11253280	10204809
11253280	10737540
11253281	9527971
11253281	11232678
11253282	302183
11253283	7439216
11253283	7440228
11253284	11253285
11253284	12702651
11253285	11253284
11253286	3726079
11253287	2756766
11253288	8190219
11253289	11253172
11253290	11253172
11253291	11253171
11253292	11253176
11253293	11253176
11253294	11253176
11253295	11253176
11253296	12062389
11253297	5395237
11253297	11253736
11253297	11261085
11253298	5395237
11253298	11253729
11253298	11261084
11253299	5395237
11253299	11253725
11253299	11263069
11253300	3989225
11253300	11253716
11253301	6603786
11253301	11263068
11253302	8143299
11253302	11253709
11253302	11253761
11253302	11263067
11253303	6303736
11253303	7428134
11253303	11253592
11253303	11253701
11253304	7905848
11253304	8157863
11253304	11253591
11253304	11253694
11253304	11263066
11253305	12607561
11253305	12607562
11253308	12477549
11253311	11253313
11253311	11253314
11253311	11253315
11253311	11253316
11253311	11253317
11253311	11253318
11253311	11253319
11253311	11253321
11253311	11253322
11253313	11253311
11253314	11253311
11253315	11253311
11253316	11253311
11253317	11253311
11253318	11253311
11253319	11253311
11253321	11253311
11253322	11253311
11253323	11253324
11253323	11253325
11253323	11253328
11253323	11253330
11253323	11253333
11253323	11253336
11253323	11253339
11253323	11253342
11253323	11253347
11253324	11253323
11253325	11253323
11253328	11253323
11253329	11475627
11253330	11253323
11253331	11253332
11253332	11253331
11253333	11253323
11253334	11253340
11253335	11253344
11253335	11253346
11253336	11253323
11253337	8741410
11253338	8741410
11253339	11253323
11253340	11253334
11253342	11253323
11253343	9763649
11253343	11549723
11253343	11549744
11253344	11253335
11253345	12687326
11253346	11253335
11253347	11253323
11253348	9306375
11253349	277563
11253350	3903082
11253350	9306375
11253351	2985723
11253351	12539937
11253351	12539938
11253352	2985723
11253353	2985723
11253355	5337571
11253356	6273180
11253357	6273180
11253358	6273180
11253359	6273180
11253360	6273180
11253361	6273180
11253362	6284897
11253362	11468198
11253363	6284897
11253363	11468198
11253365	7371425
11253366	11253373
11253366	11253384
11253366	11253385
11253366	11253387
11253366	11253389
11253366	11253391
11253366	11253394
11253366	11253396
11253366	11253397
11253367	6438824
11253367	11253372
11253368	7975935
11253369	7995726
11253370	10262114
11253372	2645306
11253372	6438824
11253372	11253367
11253372	11253398
11253373	11253366
11253374	5474667
11253375	5776174
11253376	5776174
11253377	5776174
11253378	5748353
11253379	5748353
11253380	5474667
11253381	927682
11253382	12679153
11253383	5474667
11253384	11253366
11253385	11253366
11253386	6033155
11253387	11253366
11253388	6033155
11253389	11253366
11253390	294775
11253391	11253366
11253392	6575291
11253393	6575291
11253394	11253366
11253395	6575291
11253396	11253366
11253397	11253366
11253398	2645306
11253398	11253372
11253399	2690715
11253400	412201
11253400	651802
11253400	1240417
11253400	1342585
11253401	11253402
11253401	11253406
11253401	11253410
11253401	11253412
11253401	11253415
11253401	11253418
11253401	11253419
11253401	11253421
11253401	11253423
11253402	11253401
11253403	11249319
11253404	11249321
11253405	11249322
11253406	11253401
11253407	11249328
11253408	11249329
11253409	11249331
11253410	11253401
11253410	11308531
11253411	11249339
11253412	11253401
11253413	11249339
11253414	11249347
11253415	11253401
11253416	11249358
11253417	11249355
11253418	11253401
11253419	11253401
11253420	876068
11253420	1198816
11253420	1532832
11253420	1876041
11253420	1876052
11253420	2057650
11253420	2257859
11253420	2302907
11253420	3594305
11253420	3812697
11253420	5582374
11253420	6595017
11253420	7262576
11253420	7681286
11253420	7681288
11253420	7830658
11253420	8242222
11253420	8254412
11253420	9559301
11253420	9559707
11253421	11253401
11253422	11252389
11253422	11253430
11253423	11253401
11253424	7477874
11253424	12000081
11253425	8711381
11253426	8711333
11253427	8710787
11253428	8710787
11253429	8315635
11253429	9735920
11253429	9735921
11253430	11253422
11253431	11253433
11253431	11253435
11253431	11253436
11253431	11253437
11253431	11253438
11253431	11253439
11253431	11253443
11253431	11253444
11253431	11253445
11253431	11261141
11253431	11605977
11253432	8711381
11253433	11253431
11253434	8711333
11253435	11253431
11253436	11253431
11253436	11253445
11253437	11253431
11253438	11253431
11253439	11253431
11253440	10790184
11253441	10790184
11253442	12724913
11253443	11253431
11253444	11253431
11253444	11261083
11253445	11253431
11253445	11253436
11253445	11605977
11253445	11647467
11253446	11253581
11253447	4466464
11253448	6055
11253449	7769720
11253450	7400737
11253450	7400738
11253451	5372463
11253453	2186241
11253454	8532070
11253455	7526403
11253457	5251279
11253458	4665201
11253459	11253472
11253459	11253473
11253459	11258141
11253459	11258142
11253459	11349970
11253459	13600226
11253461	6519392
11253462	10367235
11253464	749403
11253465	749403
11253468	8514056
11253469	8514056
11253470	2206224
11253471	8041822
11253472	11253459
11253472	11258142
11253473	11253459
11253473	11258142
11253474	9683051
11253475	2255176
11253475	8384945
11253476	8728101
11253477	433357
11253478	8728101
11253479	8728101
11253480	8728101
11253482	9844594
11253483	9844594
11253484	9844595
11253485	9844595
11253486	7383694
11253487	7141544
11253488	5966426
11253489	10449902
11253490	10449902
11253491	11201080
11253491	11205308
11253492	289246
11253493	289246
11253494	770403
11253495	770403
11253496	2253263
11253497	2923185
11253497	6863715
11253498	8953760
11253499	5151936
11253500	10570015
11253501	10716175
11253502	32861
11253503	32861
11253504	3201064
11253504	6523326
11253505	8536248
11253506	6048606
11253508	8043321
11253508	11623566
11253509	8043321
11253510	8043321
11253510	8043333
11253510	8043334
11253510	11623566
11253511	8043321
11253512	1827697
11253512	2520708
11253512	2520709
11253512	6857143
11253512	11174095
11253513	8043321
11253513	11623566
11253514	8043321
11253515	8043321
11253516	7149895
11253517	8043321
11253518	2254495
11253518	2794532
11253519	2254495
11253519	2794532
11253520	2254495
11253520	2794532
11253521	2254495
11253521	2794532
11253522	5858162
11253523	8043321
11253524	5858162
11253525	5858162
11253526	5858162
11253527	7149304
11253527	7149305
11253528	7149503
11253529	8043321
11253529	11261082
11253529	11623566
11253530	7157111
11253531	41490
11253532	2260551
11253533	5758184
11253534	7157113
11253535	7159103
11253536	7159105
11253537	7971995
11253538	6221935
11253539	7970731
11253540	8332471
11253540	10164280
11253541	9159861
11253541	13475965
11253541	13477240
11253542	10979741
11253542	12113056
11253542	12113082
11253542	12114253
11253542	12114794
11253542	12114916
11253542	12116869
11253543	10979741
11253543	12113056
11253543	12113082
11253543	12114253
11253543	12116869
11253544	1764928
11253545	2646109
11253546	2646109
11253546	7633236
11253547	2646109
11253548	11253550
11253548	11261078
11253549	11253551
11253549	11253562
11253549	11253568
11253549	11253570
11253549	11253572
11253549	11253574
11253549	11253575
11253549	11253576
11253549	11253577
11253549	11253806
11253549	11253818
11253549	11257762
11253550	11253548
11253551	11253549
11253552	3520516
11253553	3520516
11253554	4494136
11253555	11253556
11253555	11253557
11253555	13363115
11253556	11253555
11253557	11253555
11253558	7149511
11253559	9769384
11253560	7149511
11253561	7149511
11253562	11253549
11253563	10326722
11253563	10326723
11253564	7149551
11253564	10465351
11253565	7149551
11253565	10465351
11253566	7149551
11253566	10465351
11253567	7149551
11253567	10465351
11253568	11253549
11253569	7460183
11253569	13662244
11253570	11253549
11253570	11253576
11253571	7460183
11253572	11253549
11253573	8582802
11253573	8744610
11253573	11253683
11253574	11253549
11253575	11253549
11253576	11253549
11253576	11253570
11253577	11253549
11253578	12128575
11253579	9623869
11253579	11253670
11253579	11253672
11253580	5478488
11253581	11253446
11253582	5907661
11253582	10633555
11253582	11253662
11253582	11254153
11253583	10734910
11253583	11253653
11253584	9051524
11253584	11253646
11253584	11253647
11253585	11253587
11253585	11253589
11253585	11253593
11253585	11253596
11253585	11253598
11253585	11253601
11253585	11253606
11253585	11253609
11253585	11253610
11253586	8976623
11253587	11253585
11253587	11253593
11253587	11253598
11253587	11253609
11253588	9051524
11253588	11253642
11253589	11253585
11253589	11253593
11253589	11253596
11253589	11253598
11253589	11253601
11253589	11253610
11253590	3918685
11253590	9735304
11253590	11253622
11253590	11253625
11253591	11253304
11253592	11253303
11253593	11253585
11253593	11253587
11253593	11253589
11253594	8549243
11253594	11253602
11253594	11253603
11253595	11253272
11253596	11253585
11253596	11253589
11253597	11252927
11253598	11253585
11253598	11253587
11253598	11253589
11253599	11252824
11253600	9189169
11253601	11253585
11253601	11253589
11253602	8549243
11253602	11253594
11253603	8549243
11253603	11253594
11253604	11253605
11253605	11253604
11253605	11266359
11253606	11253585
11253608	9189176
11253608	9189177
11253609	11253585
11253609	11253587
11253609	11261075
11253610	11253585
11253610	11253589
11253611	11251820
11253612	11253613
11253612	11253614
11253612	11253615
11253613	11253612
11253614	11253612
11253615	11253612
11253616	599016
11253616	7359585
11253616	10552689
11253616	13228119
11253617	9357856
11253618	5741500
11253619	2376661
11253619	7520470
11253620	11253621
11253620	11253623
11253620	11253628
11253620	11253629
11253620	11253634
11253620	11253635
11253620	11253639
11253620	12023341
11253621	11253620
11253621	11253623
11253621	11253629
11253622	11253590
11253623	11253620
11253623	11253621
11253624	8580825
11253625	3918685
11253625	11253590
11253626	7150458
11253627	10235629
11253628	11253620
11253629	11253620
11253629	11253621
11253630	4963307
11253631	7152586
11253632	7152586
11253633	7152586
11253634	11253620
11253635	11253620
11253637	11254154
11253638	35761
11253639	11253620
11253640	11253940
11253641	3914761
11253641	3914762
11253642	11253588
11253643	6571518
11253644	10594088
11253645	11254158
11253646	11253584
11253647	11253584
11253648	8717440
11253648	8717442
11253648	11253649
11253649	11253648
11253653	11253583
11253653	11253655
11253653	11253657
11253654	5322422
11253655	11253653
11253655	13242543
11253656	3867867
11253657	11253653
11253659	7149661
11253660	7149661
11253662	5907661
11253662	7862324
11253662	11253582
11253662	11253665
11253662	11254153
11253663	2755152
11253663	13241670
11253664	12472074
11253664	12472136
11253665	5907661
11253665	11253662
11253666	3955417
11253666	5720750
11253667	11253668
11253667	11253684
11253667	11253685
11253667	11253686
11253667	11253687
11253667	11253688
11253667	11253689
11253667	11253690
11253667	11253692
11253668	11253667
11253669	50741
11253669	1123440
11253669	12411282
11253670	11253579
11253672	11253579
11253673	7217258
11253673	8030127
11253674	9411160
11253674	11253762
11253674	11253763
11253675	7149575
11253676	4718674
11253677	7149575
11253678	7149575
11253679	4494137
11253680	4494207
11253681	535652
11253682	3908133
11253683	8582802
11253683	10146886
11253683	11253573
11253683	11261073
11253684	11253667
11253685	11253667
11253685	11253692
11253686	11253667
11253687	11253667
11253688	11253667
11253689	11253667
11253690	11253667
11253691	10653981
11253692	11253667
11253692	11253685
11253693	2310597
11253694	8157863
11253694	11253304
11253694	12435165
11253694	12435166
11253695	6031309
11253695	6031377
11253696	5646361
11253697	8140009
11253697	10307955
11253698	8140009
11253698	10307956
11253699	8140009
11253700	8140009
11253700	10307954
11253701	11253303
11253702	11253705
11253702	11253706
11253702	11253707
11253702	11253710
11253702	11253714
11253702	11253717
11253702	11253720
11253702	11253728
11253702	11253730
11253702	13247392
11253703	5066757
11253703	5068012
11253703	7466047
11253704	276298
11253704	740590
11253704	814696
11253704	1452758
11253704	1453268
11253704	1558122
11253704	3671180
11253704	3671188
11253704	6576493
11253704	11821575
11253704	12162895
11253704	12164551
11253704	12918650
11253705	11253702
11253706	11253702
11253707	11253702
11253708	25700
11253709	11253302
11253709	11253761
11253710	11253702
11253711	10445592
11253711	12295577
11253711	12295578
11253712	10445592
11253712	12287954
11253712	12288114
11253712	12295573
11253712	12295576
11253713	4501628
11253714	11253702
11253715	4501628
11253716	11253300
11253717	11253702
11253719	5746996
11253720	11253702
11253721	7137416
11253722	7137416
11253723	7137416
11253724	7137416
11253725	11253299
11253726	7137416
11253727	7137416
11253728	11253702
11253728	11261069
11253729	11253298
11253730	11253702
11253731	7149505
11253732	7149505
11253733	7149505
11253734	7149509
11253735	30305
11253736	11253297
11253737	322315
11253738	11253739
11253738	11253740
11253738	11253741
11253738	11253742
11253738	11253743
11253738	11253744
11253738	11253745
11253738	11253746
11253738	11253747
11253738	11253748
11253738	11253750
11253739	11253738
11253740	11253738
11253741	11253738
11253742	11253738
11253743	11253738
11253744	11253738
11253745	11253738
11253746	11253738
11253747	11253738
11253748	11253738
11253748	11261066
11253750	11253738
11253751	11253755
11253752	7152977
11253753	7152977
11253754	7163672
11253754	9640802
11253755	11253751
11253756	13498
11253756	32170
11253756	276568
11253756	293000
11253757	8143299
11253758	8143299
11253759	8143299
11253760	241699
11253760	12740263
11253761	11253302
11253761	11253709
11253762	9411160
11253762	11253674
11253763	9411160
11253763	11253674
11253764	9151655
11253765	4496605
11253765	13070108
11253766	9379469
11253767	7323279
11253768	10846750
11253769	8661577
11253770	7163692
11253771	7163720
11253772	7164134
11253773	6088865
11253774	5885036
11253774	7413479
11253774	9756138
11253774	11253782
11253774	11253783
11253774	11254151
11253775	10365258
11253776	1814643
11253776	3883826
11253776	7462472
11253777	3625535
11253778	3625536
11253779	292766
11253779	375291
11253780	292766
11253780	375291
11253781	177058
11253782	11253774
11253783	11253774
11253784	8315642
11253785	8315642
11253786	8315643
11253787	8315643
11253788	8315645
11253791	8315647
11253793	8315651
11253794	8315652
11253795	8194385
11253795	12932218
11253796	10664102
11253797	7455861
11253802	10677051
11253803	8402573
11253804	9042665
11253804	9042666
11253805	6398346
11253805	7318082
11253806	11253549
11253807	1017935
11253807	1181939
11253807	13716064
11253808	1920456
11253809	1017935
11253809	1181939
11253810	11253811
11253811	11253810
11253813	3151362
11253813	6285792
11253813	6285793
11253813	10817920
11253815	7183188
11253815	8616570
11253817	7114303
11253817	9486622
11253817	10046449
11253817	11254148
11253818	11253549
11253819	5979349
11253819	7547647
11253819	8807611
11253819	10679017
11253819	11254147
11253821	8282527
11253821	10302747
11253821	12228554
11253822	20705
11253823	5979349
11253823	5979351
11253823	7547647
11253823	8807611
11253823	10679017
11253823	11254147
11253824	6257266
11253824	7523158
11253825	70779
11253826	4796843
11253827	9800308
11253827	10787431
11253827	10787432
11253827	10787433
11253828	8514070
11253829	7807077
11253831	7329116
11253833	9968930
11253834	9227393
11253835	9285956
11253836	10560655
11253838	2406345
11253839	8924667
11253840	9373310
11253841	11252264
11253841	11266357
11253841	13559498
11253842	7129862
11253842	8571620
11253843	9928353
11253844	10298559
11253845	3513509
11253846	12898772
11253847	10671902
11253848	9999488
11253849	6431115
11253850	5520027
11253851	345215
11253851	977963
11253851	992072
11253853	7035061
11253853	8602876
11253854	7035061
11253854	8602876
11253856	10775648
11253856	10775649
11253857	11253860
11253857	11253863
11253857	11253874
11253858	11253859
11253858	11253868
11253858	11253872
11253858	11253878
11253858	11253880
11253858	11253881
11253858	11253884
11253858	11253887
11253858	11253888
11253858	11253908
11253858	11253910
11253859	11253858
11253859	11253872
11253859	11253910
11253860	11253857
11253861	11616687
11253861	11616688
11253863	11253857
11253864	1938312
11253865	1938312
11253866	1106212
11253867	1938312
11253868	11253858
11253869	327027
11253869	1879155
11253871	1938312
11253872	11253858
11253872	11253859
11253872	13845163
11253873	6261295
11253874	11253857
11253875	2470560
11253876	7197775
11253877	7197775
11253878	11253858
11253879	10768090
11253880	11253858
11253880	11253888
11253881	11253858
11253882	9668809
11253883	7844053
11253884	11253858
11253885	573849
11253885	2999891
11253885	7844052
11253885	7844053
11253886	2648868
11253887	11253858
11253888	11253858
11253888	11253880
11253888	13313215
11253889	11253894
11253889	11266356
11253890	278091
11253891	607092
11253892	278091
11253892	430870
11253893	607092
11253894	11253889
11253895	607092
11253896	607092
11253899	11253902
11253902	11253899
11253902	12903803
11253907	2824681
11253908	11253858
11253910	11253858
11253910	11253859
11253917	1659800
11253917	11253918
11253917	11253919
11253918	684001
11253918	1659799
11253918	1659800
11253918	11253917
11253919	684001
11253919	1659799
11253919	1659800
11253919	11253917
11253922	11253926
11253923	11546490
11253926	11253922
11253927	11254128
11253928	279676
11253928	6487824
11253929	11253932
11253929	11253935
11253929	11253936
11253929	11253937
11253929	11253941
11253929	11253948
11253929	11253952
11253929	11253956
11253929	11253959
11253932	11253929
11253932	11253936
11253932	11253937
11253932	11253941
11253932	11253948
11253932	11253956
11253933	11254118
11253934	12896041
11253935	11253929
11253936	11253929
11253936	11253932
11253936	11402326
11253937	11253929
11253937	11253932
11253938	313135
11253938	567060
11253938	1503856
11253938	1505313
11253938	1505314
11253938	1691711
11253938	11153570
11253940	11253640
11253941	11253929
11253941	11253932
11253942	11253943
11253943	11253942
11253948	11253929
11253948	11253932
11253950	13848309
11253952	11253929
11253956	11253929
11253956	11253932
11253956	11266354
11253959	11253929
11253960	11252331
11253961	5909655
11253961	11253967
11253962	255906
11253962	3517962
11253962	3517963
11253962	3517965
11253962	3517967
11253962	6220380
11253962	11254064
11253962	12478481
11253964	29565
11253964	11256851
11253964	11256852
11253967	5909655
11253967	11253961
11253969	10722905
11253969	10722908
11253970	257776
11253970	996061
11253974	130597
11253974	288472
11253974	11253987
11253975	3910653
11253975	5988407
11253979	11254018
11253980	2538435
11253980	11253986
11253981	2645689
11253981	4047640
11253981	6455961
11253982	2169044
11253982	3027990
11253982	11253985
11253983	3129527
11253983	4318021
11253983	11253984
11253984	11253983
11253985	2169044
11253985	11253982
11253986	11253980
11253987	11253974
11253988	740220
11253988	762646
11253988	1723293
11253989	11253991
11253989	11254002
11253989	11254007
11253989	11254009
11253989	11254010
11253989	11254011
11253989	11254015
11253989	11254016
11253989	11254021
11253990	1723293
11253990	1723300
11253991	11253989
11253991	11254016
11253991	11254149
11253992	3839656
11253992	11253993
11253993	3839656
11253993	11253992
11253994	288286
11253994	8476581
11253995	11253997
11253996	11250995
11253997	11253995
11253998	6664801
11253999	4791579
11254000	8365410
11254001	8365410
11254002	11253989
11254003	8365410
11254004	13581031
11254004	13581032
11254006	7391457
11254007	11253989
11254008	6036333
11254009	11253989
11254010	11253989
11254011	11253989
11254012	8315575
11254013	8315575
11254014	8315575
11254015	11253989
11254016	11253989
11254016	11253991
11254016	11254149
11254017	4375388
11254017	12210838
11254018	11253979
11254018	11907643
11254018	11967467
11254019	1183763
11254020	6428074
11254021	11253989
11254023	10928083
11254023	12421039
11254023	12421040
11254023	12703613
11254024	6351993
11254024	11247925
11254025	7978459
11254026	7978459
11254027	9800308
11254027	10787431
11254027	10787432
11254027	10787434
11254027	10787435
11254027	10787436
11254027	10787437
11254028	7708266
11254029	7610702
11254029	7708266
11254030	11254031
11254031	11254030
11254032	11254033
11254033	11254032
11254034	11254035
11254035	11254034
11254036	2771410
11254037	10333175
11254037	12748443
11254038	10333175
11254039	11254040
11254040	11254039
11254041	8052719
11254042	8052719
11254043	11254115
11254044	9988882
11254045	11254047
11254046	11254049
11254047	11254045
11254047	11254342
11254048	4296868
11254049	11254046
11254050	11254053
11254051	9841439
11254052	9841439
11254053	11254050
11254053	11254341
11254054	7056424
11254057	11254061
11254060	6110276
11254061	11254057
11254062	6110276
11254062	12238509
11254063	6110276
11254064	10764054
11254064	11253962
11254065	11253135
11254066	11253135
11254068	10256135
11254069	5275112
11254070	11243007
11254071	54323
11254072	902931
11254073	11243007
11254074	5275112
11254075	11243007
11254076	11243007
11254077	902931
11254078	6796420
11254079	902931
11254080	326254
11254080	3371551
11254080	5383969
11254080	9854345
11254080	12505356
11254081	3371551
11254081	9854345
11254081	12505356
11254082	11254084
11254083	3421944
11254084	11254082
11254085	3421944
11254086	2730928
11254086	8762355
11254087	2674957
11254087	13135577
11254088	639725
11254089	3459841
11254090	252010
11254091	325733
11254094	11245458
11254095	325733
11254096	11245458
11254097	325733
11254098	325733
11254099	11254102
11254100	325733
11254101	325733
11254102	11254099
11254103	4015539
11254104	8618811
11254104	9618625
11254105	9951043
11254106	10189221
11254106	11289512
11254106	12470570
11254107	130268
11254107	286171
11254108	286171
11254109	11289481
11254110	11254120
11254111	3360290
11254112	3360290
11254113	3360290
11254114	2208416
11254115	11254043
11254115	11254340
11254115	11902959
11254116	2208416
11254117	2208416
11254118	11253933
11254119	2208416
11254120	11254110
11254120	11254335
11254121	3738776
11254122	3396949
11254122	11251921
11254122	11251933
11254122	11251937
11254122	11251939
11254122	11251954
11254123	3738776
11254124	3738776
11254125	2195359
11254125	2195792
11254125	11773324
11254125	11773325
11254125	11773327
11254125	11773328
11254125	12556587
11254126	11248442
11254127	3738776
11254127	11254511
11254127	11254512
11254128	11253927
11254129	11249357
11254130	3738776
11254130	11254515
11254130	11254516
11254131	11249689
11254132	11250083
11254133	3738776
11254134	11250984
11254135	3738776
11254136	11250987
11254136	11250989
11254136	11250991
11254136	11250994
11254136	11250997
11254136	11251004
11254137	3738776
11254138	11250995
11254138	11251000
11254138	11251006
11254138	11251014
11254138	11251019
11254138	11251022
11254138	11251030
11254138	11251033
11254138	11251043
11254139	2195359
11254139	2195792
11254139	4405045
11254139	12556587
11254140	3921059
11254141	10913249
11254142	6272158
11254143	3904553
11254144	11251954
11254145	3714572
11254145	3714830
11254145	3717046
11254145	4411449
11254145	4415209
11254145	5922805
11254145	7459455
11254145	10081917
11254145	11252559
11254145	11252560
11254145	11252561
11254146	8626312
11254147	5979349
11254147	5979351
11254147	5979352
11254147	7547647
11254147	8807611
11254147	10679017
11254147	11253819
11254147	11253823
11254148	7114303
11254148	9486622
11254148	11253817
11254149	11253991
11254149	11254016
11254150	10847035
11254151	2245518
11254151	2660091
11254151	2660092
11254151	7412710
11254151	9756136
11254151	9756138
11254151	11253774
11254152	3738775
11254153	5907661
11254153	10633555
11254153	11253582
11254153	11253662
11254153	11293845
11254154	11253637
11254154	11254187
11254155	10847035
11254156	7530197
11254157	3738775
11254158	11253645
11254159	3738775
11254159	11254289
11254159	11254290
11254159	11254291
11254160	3738775
11254160	3815413
11254160	8213026
11254160	10636612
11254161	8524970
11254163	11254164
11254163	11254165
11254163	11254166
11254163	11254167
11254163	11254168
11254163	11254169
11254163	11254170
11254164	11254163
11254164	11254166
11254164	11254167
11254164	11254168
11254165	11254163
11254166	11254163
11254166	11254164
11254167	11254163
11254167	11254164
11254168	11254163
11254168	11254164
11254169	11254163
11254170	11254163
11254171	12114195
11254176	12116816
11254177	12116813
11254178	12116813
11254179	12116809
11254181	12114268
11254182	12114263
11254183	12114265
11254184	10323244
11254185	12114260
11254186	12114255
11254187	11254154
11254189	12114246
11254190	11824893
11254190	11824894
11254191	13306646
11254192	12114236
11254194	11254195
11254195	11254194
11254197	11254199
11254198	11969195
11254199	11254197
11254199	11266352
11254200	11254202
11254202	11254200
11254205	12563891
11254208	11254209
11254209	11254208
11254211	11254214
11254214	11254211
11254215	4813081
11254216	5558787
11254217	8963342
11254218	37939
11254219	9365821
11254220	398193
11254222	4548646
11254223	8373934
11254224	8373934
11254225	4559934
11254225	4559935
11254228	10534565
11254228	12368601
11254228	13273988
11254228	13717349
11254228	13717350
11254229	10839594
11254230	3219302
11254231	8668437
11254232	5038041
11254232	13757510
11254234	7469007
11254235	7469008
11254235	11762629
11254236	10356334
11254237	10451835
11254238	2168555
11254238	10874512
11254238	12335873
11254238	13736015
11254240	506770
11254240	553625
11254241	599072
11254242	11254245
11254243	1909602
11254243	13846209
11254244	1909602
11254245	11254242
11254245	11842852
11254245	11842966
11254245	11843288
11254246	2975973
11254247	3835431
11254249	5035812
11254252	11254254
11254254	11254252
11254255	11254256
11254256	11254255
11254256	12335151
11254256	12335152
11254256	12335153
11254256	12335154
11254256	12335155
11254256	12335156
11254256	12335159
11254256	12392364
11254256	12576565
11254256	12576577
11254257	6734107
11254257	11266347
11254258	11254259
11254259	11254258
11254260	11254261
11254260	11254262
11254261	11254260
11254262	11254260
11254263	11254264
11254264	11254263
11254265	11254266
11254266	11254265
11254267	6986335
11254267	6986370
11254267	11254288
11254268	10515496
11254268	11254269
11254268	11254287
11254268	11254331
11254269	11254268
11254269	11254331
11254269	11261064
11254269	11296433
11254270	11254272
11254270	11254286
11254270	11566366
11254270	11566367
11254271	11254273
11254272	11254270
11254272	11261062
11254272	11566366
11254272	11566367
11254272	12909992
11254273	11254271
11254275	11254276
11254276	11254275
11254277	325904
11254277	12776492
11254278	11254279
11254279	11254278
11254280	296213
11254281	6589236
11254281	11254282
11254281	11254284
11254281	11254305
11254281	11254326
11254282	1042198
11254282	6589236
11254282	11254281
11254282	11254305
11254282	11296428
11254282	11523597
11254283	5623948
11254283	11254323
11254283	11905010
11254284	11254281
11254285	330847
11254285	4869971
11254286	11254270
11254287	11254268
11254288	11254267
11254289	11254159
11254290	11254159
11254291	11254159
11254293	7922524
11254294	3669973
11254297	74115
11254297	329605
11254297	11254311
11254297	11260103
11254297	11260105
11254299	91199
11254299	1396774
11254299	1397192
11254301	2280705
11254301	2280834
11254301	2280835
11254301	8421904
11254302	35382
11254302	397790
11254302	397792
11254302	9741078
11254304	4013799
11254304	8670903
11254304	8670905
11254304	8672898
11254304	8672901
11254305	11254281
11254305	11254282
11254306	9432121
11254306	9432127
11254306	9443740
11254307	2585531
11254307	2585544
11254307	2590773
11254307	2590774
11254307	9926462
11254308	176284
11254308	238179
11254308	391418
11254308	767308
11254309	87708
11254309	1422982
11254309	11255932
11254310	5845214
11254311	11254297
11254312	2172557
11254312	11254406
11254313	11184627
11254313	11254644
11254313	11254654
11254313	11261059
11254314	7927290
11254315	6352346
11254316	7403807
11254316	11261056
11254316	11307460
11254317	6783905
11254317	11254623
11254317	11254627
11254317	11260097
11254318	6783905
11254318	11254619
11254318	11254627
11254318	11260094
11254318	11260095
11254318	11260096
11254318	11296414
11254321	903528
11254322	13264783
11254323	5623948
11254323	5628497
11254323	11254283
11254323	11905010
11254323	13130006
11254324	5251423
11254326	666040
11254326	1553246
11254326	11254281
11254327	5251427
11254327	13838542
11254329	13019956
11254330	8639097
11254331	10515496
11254331	10515498
11254331	11254268
11254331	11254269
11254331	11280448
11254335	11254120
11254337	12690194
11254340	327202
11254340	11254115
11254340	11280442
11254340	11902961
11254341	11254053
11254341	11280439
11254342	11254047
11254342	11281148
11254343	907833
11254344	907833
11254345	41364
11254347	910945
11254348	41364
11254349	11281147
11254350	911201
11254350	911203
11254351	911486
11254352	911486
11254354	522410
11254354	915210
11254355	5647281
11254356	12776556
11254357	630708
11254357	920804
11254357	8099999
11254358	924677
11254359	358589
11254360	924677
11254361	12776557
11254362	4842601
11254363	926240
11254364	2334213
11254365	2411831
11254365	13567521
11254366	6363214
11254367	2626711
11254368	2626711
11254369	12650269
11254369	12650272
11254369	12650275
11254370	2780563
11254371	3871054
11254372	2804302
11254373	5371901
11254375	8706886
11254376	11426972
11254377	10696040
11254378	11709580
11254381	11671392
11254384	11254386
11254385	10680119
11254386	11254384
11254387	2973434
11254387	12142428
11254388	2903275
11254389	2903284
11254389	6205720
11254390	2940432
11254391	2940441
11254391	11671947
11254391	12239841
11254391	13285874
11254391	13285875
11254391	13285876
11254391	13285877
11254392	2940441
11254393	2940777
11254394	2940443
11254394	13231288
11254395	2991706
11254396	3013568
11254397	1029368
11254397	11498937
11254398	3015773
11254399	10516080
11254400	7562259
11254401	9854137
11254402	3075549
11254402	3077693
11254402	11255817
11254403	2046675
11254403	13573558
11254404	3922017
11254405	8470046
11254406	2172557
11254406	11254312
11254407	6606354
11254408	10214275
11254408	12913210
11254409	7508467
11254410	11527424
11254411	3090514
11254413	10544600
11254414	3075537
11254414	3077714
11254414	3077717
11254415	2970619
11254416	3093049
11254416	3093092
11254416	3094757
11254416	3094758
11254417	3093095
11254418	3093023
11254418	3093108
11254419	3095446
11254420	3699166
11254420	11255814
11254420	11260093
11254421	4492665
11254421	4503392
11254421	4503610
11254421	8537486
11254422	5498321
11254423	11174095
11254424	2520708
11254424	11174095
11254425	2520709
11254426	24473
11254427	9242229
11254428	10649972
11254429	281285
11254430	582309
11254431	590349
11254431	798603
11254431	1451143
11254431	6324421
11254431	7972477
11254432	590349
11254432	798603
11254432	1451143
11254432	6324421
11254432	7972477
11254433	742338
11254434	695628
11254435	259083
11254437	6774581
11254437	12709456
11254438	808376
11254439	1219436
11254440	1257041
11254440	13539549
11254441	1259296
11254442	1362652
11254443	1362652
11254444	1654736
11254444	11255810
11254445	1654736
11254446	1380795
11254446	3128420
11254446	11066665
11254446	12377540
11254447	1380795
11254447	3128420
11254447	11066663
11254447	11066665
11254448	3575945
11254449	1957224
11254449	4633832
11254449	5120409
11254449	11533224
11254449	11533225
11254450	8959011
11254451	9189845
11254452	9189845
11254453	9565450
11254453	11255807
11254454	9709751
11254454	12062441
11254454	13821697
11254455	9993479
11254455	11260083
11254457	9994914
11254457	13694419
11254458	9994914
11254458	13694419
11254459	10464178
11254459	10654481
11254459	10655100
11254460	1564161
11254460	10655263
11254461	2101902
11254461	5586177
11254462	7967285
11254463	8501361
11254463	11260082
11254464	422630
11254465	422614
11254466	7238076
11254467	11254476
11254468	507370
11254469	11254476
11254470	11254476
11254471	7161415
11254472	497763
11254473	7213246
11254474	11254476
11254475	7238083
11254476	11254467
11254476	11254469
11254476	11254470
11254476	11254474
11254476	11257226
11254477	372022
11254478	5495256
11254479	6971524
11254480	7274500
11254481	372678
11254482	1597611
11254483	9547874
11254483	9547876
11254483	9547880
11254483	9547899
11254483	9548039
11254483	9549066
11254483	9549075
11254483	9550088
11254483	9567906
11254483	10025058
11254483	10117989
11254483	10118002
11254483	10118257
11254483	10118258
11254484	8692663
11254485	5495268
11254486	1663970
11254487	337171
11254488	330868
11254489	11313192
11254490	1387558
11254491	8185502
11254493	398298
11254494	8485543
11254495	6818891
11254496	509529
11254497	2936417
11254498	6470316
11254499	7980607
11254500	1116469
11254504	4552516
11254505	13560465
11254506	7952971
11254509	11254522
11254509	11254523
11254509	11254525
11254509	11254526
11254509	11254528
11254509	11254530
11254509	11254531
11254509	11254534
11254510	6083744
11254511	3738776
11254511	11254127
11254512	3738776
11254512	11254127
11254513	3738776
11254515	3738776
11254515	11254130
11254516	3738776
11254516	11254130
11254518	7395966
11254520	7395966
11254521	13459015
11254522	11254509
11254522	11254523
11254522	11254525
11254522	11254526
11254522	11254531
11254523	11254509
11254523	11254522
11254524	12614525
11254524	12614526
11254525	11254509
11254525	11254522
11254526	11254509
11254526	11254522
11254528	11254509
11254529	13222549
11254529	13222551
11254530	11254509
11254531	11254509
11254531	11254522
11254531	11261055
11254534	11254509
11254537	12893650
11254546	11425903
11254552	11252737
11254552	11253238
11254552	11253239
11254552	11282616
11254552	12529113
11254554	1841698
11254557	8359507
11254558	11433223
11254561	10213057
11254561	11266150
11254562	11266147
11254562	11280425
11254563	11266149
11254564	312571
11254564	11642514
11254566	12508356
11254570	12179751
11254576	11261117
11254591	12052187
11254603	12004746
11254611	2548639
11254613	289446
11254613	289466
11254613	2330219
11254613	7912971
11254613	11803198
11254618	11936926
11254618	12232336
11254618	12335280
11254618	12335283
11254619	6783905
11254619	6784810
11254619	11254318
11254619	11254627
11254619	11254634
11254621	11761522
11254621	11964118
11254621	11964119
11254622	13273199
11254623	6783905
11254623	6784811
11254623	11254317
11254623	11254627
11254624	12046176
11254624	12046177
11254626	12518066
11254627	6783905
11254627	6784810
11254627	6784811
11254627	9024701
11254627	9024702
11254627	11254317
11254627	11254318
11254627	11254619
11254627	11254623
11254627	11254634
11254629	11261119
11254633	11780579
11254633	11780580
11254633	11780581
11254634	6783905
11254634	6784810
11254634	11254619
11254634	11254627
11254634	11266384
11254634	11296411
11254635	12251540
11254637	11966389
11254637	13373680
11254639	11922507
11254641	11666174
11254644	11254313
11254644	11254654
11254647	12247334
11254647	12247335
11254648	10230979
11254654	11184627
11254654	11254313
11254654	11254644
11254656	11863656
11254658	12621503
11254659	2991344
11254659	12358572
11254659	13770317
11254660	12591703
11254660	12591705
11254660	12591707
11254660	12591708
11254660	12591738
11254660	12592113
11254660	12592130
11254661	12063555
11254664	11254668
11254664	11254681
11254664	11254683
11254664	11254687
11254664	11254688
11254664	11254696
11254664	11254709
11254664	11254719
11254664	11254725
11254664	11254729
11254664	11261054
11254665	11439019
11254665	11615792
11254666	11834756
11254666	11876987
11254668	11254664
11254668	11254683
11254668	11254687
11254668	11254688
11254668	11254696
11254668	11254725
11254669	11980452
11254677	12730791
11254678	10461863
11254678	11676756
11254678	12423906
11254679	11430622
11254679	11615793
11254681	11254664
11254682	8988801
11254682	10367040
11254683	11254664
11254683	11254668
11254684	9390301
11254684	10367035
11254684	10714059
11254684	10714069
11254684	10714072
11254685	8201119
11254686	12586353
11254686	12586355
11254686	12586356
11254687	11254664
11254687	11254668
11254688	11254664
11254688	11254668
11254689	11925814
11254692	11556103
11254692	11693256
11254694	11600205
11254694	11600206
11254696	11254664
11254696	11254668
11254699	12515573
11254705	10361304
11254705	10361469
11254706	11616320
11254709	11254664
11254715	12616181
11254716	11791277
11254716	11791278
11254716	11791279
11254716	11791280
11254717	11369890
11254718	433468
11254719	11254664
11254720	6956267
11254720	7058801
11254720	10361272
11254720	11497195
11254725	11254664
11254725	11254668
11254725	11261054
11254729	11254664
11254729	11261054
11254730	10361261
11254730	10361455
11254732	11668307
11254733	12051991
11254740	3315096
11254740	3315296
11254740	3315298
11254740	3315299
11254740	10827451
11254740	10827454
11254740	10827458
11254740	10827461
11254740	10827471
11254743	12538960
11254744	11680682
11254745	11252408
11254745	11252410
11254745	11252622
11254757	12052193
11254760	12625836
11254761	13329991
11254766	11986278
11254766	13292085
11254766	13292086
11254770	9849598
11254770	9850738
11254770	9934635
11254770	12689956
11254770	12689958
11254771	8315576
11254773	12000911
11254773	12068653
11254773	12068654
11254774	6849041
11254774	9486680
11254776	12410319
11254777	12410180
11254779	6252427
11254779	7546817
11254780	11540521
11254781	11439030
11254781	11439031
11254781	11615795
11254784	11634582
11254785	12251542
11254786	8315584
11254789	8315584
11254791	11877188
11254793	471856
11254793	473562
11254793	10302926
11254794	8315587
11254795	12619543
11254801	11791302
11254801	11791303
11254801	12523644
11254806	11801493
11254807	11638262
11254807	11772709
11254810	10041797
11254810	10221475
11254811	12046307
11254811	12046308
11254816	10787536
11254819	12232293
11254819	12318616
11254819	12323075
11254820	8315584
11254822	8315586
11254829	8572033
11254830	11616253
11254830	12628165
11254834	11791330
11254834	11791331
11254835	11616254
11254838	11616300
11254842	12029064
11254844	11983829
11254846	2111796
11254849	12589391
11254861	11616255
11254862	12082002
11254869	11616322
11254871	11712500
11254871	12000199
11254872	12518394
11254873	11763189
11254874	11619770
11254874	12044079
11254874	13573202
11254874	13573203
11254875	8397000
11254875	8397002
11254878	11763190
11254878	11863590
11254880	8663825
11254880	9038808
11254880	9038809
11254880	9038810
11254885	12081980
11254895	10518717
11254895	10519052
11254907	12108444
11254908	11430633
11254908	12172761
11254909	11926022
11254910	9666000
11254910	11177329
11254912	11986423
11254914	3538193
11254914	3539482
11254914	5812276
11254914	8464571
11254915	13714185
11254920	12409681
11254921	12074768
11254923	914031
11254923	1521283
11254923	1527586
11254923	2216304
11254923	4986322
11254923	7682390
11254923	7682391
11254924	11289518
11254926	7757215
11254926	7757218
11254929	12619547
11254929	13451877
11254930	12065852
11254930	12065853
11254931	12077141
11254934	6437466
11254934	10749764
11254937	6783095
11254937	6783097
11254937	6787907
11254937	6826181
11254937	6826182
11254937	8609296
11254941	11901496
11254942	5272437
11254942	10649735
11254946	3436710
11254946	10660131
11254946	10660132
11254950	13324131
11254950	13324132
11254951	12108442
11254952	3126155
11254952	11135277
11254952	11135278
11254952	11135279
11254952	11135280
11254952	11136813
11254955	14003926
11254957	3428635
11254957	10225967
11254958	12061415
11254959	4665343
11254959	10659972
11254966	11918147
11254966	11918148
11254968	6450931
11254968	8443715
11254977	8443715
11254979	11463843
11254979	11463844
11254979	12412859
11254979	12412861
11254983	12071016
11254984	10044549
11254985	12408921
11254989	11739028
11254991	10561516
11254991	11255663
11254992	12617327
11254994	2256515
11254994	2256638
11254994	2922267
11254994	3897845
11254994	7694604
11254998	11430642
11254998	11615796
11255001	6221452
11255001	6221453
11255001	7177235
11255001	7177237
11255001	10205695
11255003	10561523
11255003	12702650
11255011	11719665
11255011	11719666
11255021	12000200
11255028	12630914
11255028	12630915
11255029	12625847
11255030	10561531
11255032	8442484
11255034	7027262
11255034	10655362
11255040	12050067
11255042	11771178
11255058	11835422
11255058	12172700
11255061	13393481
11255069	11659041
11255070	12052269
11255070	12052270
11255071	11929760
11255072	12510012
11255078	11521013
11255082	11521074
11255082	11521076
11255082	11947419
11255082	12955256
11255084	11430654
11255084	11430655
11255084	11615798
11255087	2282383
11255089	13142334
11255095	12082022
11255095	12082023
11255097	4438530
11255098	12478356
11255100	4919148
11255102	12024514
11255104	13200798
11255104	13200803
11255108	11255111
11255108	11255115
11255108	11255119
11255108	11255122
11255108	11255125
11255108	11255134
11255108	11255141
11255108	11255144
11255108	11255148
11255111	11255108
11255111	11255115
11255111	11255144
11255114	11256711
11255114	12518076
11255115	11255108
11255115	11255111
11255118	11528958
11255118	11951279
11255119	11255108
11255120	11528607
11255121	11833896
11255122	11255108
11255125	11255108
11255127	11256699
11255127	12515592
11255134	11255108
11255135	11863583
11255135	11863584
11255135	11863585
11255135	11863586
11255137	11528627
11255140	11936784
11255140	11936785
11255141	11255108
11255144	11255108
11255144	11255111
11255144	13749224
11255146	13648010
11255146	13648011
11255146	13648012
11255146	13648014
11255146	13648019
11255146	13648021
11255146	13648023
11255146	13648024
11255147	12079966
11255148	11255108
11255152	11256696
11255153	11256697
11255156	12059312
11255158	11439039
11255158	11439040
11255158	11439041
11255158	11439042
11255158	11615799
11255160	11763191
11255160	11791306
11255162	12682057
11255167	11836084
11255172	12050297
11255172	13225955
11255172	13225956
11255179	11836085
11255179	12003250
11255186	12495265
11255188	11990895
11255189	11772783
11255190	11615800
11255192	11930274
11255195	11540527
11255200	10561565
11255200	11259916
11255200	11260065
11255205	11258509
11255205	11258511
11255205	12061193
11255211	10561581
11255211	11255230
11255213	11255215
11255214	10561620
11255214	12026959
11255214	12026960
11255214	13482013
11255215	11255213
11255216	10561623
11255216	11255229
11255221	11255225
11255222	11255223
11255223	11255222
11255223	11255228
11255223	11390752
11255224	10760665
11255224	11255226
11255224	11255227
11255224	11255236
11255224	12244881
11255224	12244882
11255224	13903852
11255225	11255221
11255226	11255224
11255226	12244881
11255226	12244882
11255226	13903826
11255226	13903827
11255226	13903851
11255226	13993761
11255227	8965965
11255227	8966646
11255227	8966647
11255227	11255224
11255227	11255234
11255227	11255235
11255227	11255236
11255227	12244882
11255227	13903826
11255227	13903827
11255227	13903851
11255228	11255223
11255229	11255216
11255230	11255211
11255231	11255241
11255231	11255243
11255231	11255247
11255234	11255227
11255235	11255227
11255236	11255224
11255236	11255227
11255236	12244881
11255236	12244882
11255236	13903852
11255237	8463940
11255238	8091017
11255239	11261053
11255240	2229249
11255241	11255231
11255242	8470629
11255243	11255231
11255243	13088214
11255244	3738834
11255244	3846728
11255244	8129201
11255244	8129203
11255244	11255248
11255244	11255250
11255245	6121622
11255246	3738834
11255247	11255231
11255248	3738834
11255248	11255244
11255249	11258504
11255250	3738834
11255250	11255244
11255250	11266146
11255252	6121622
11255253	6121622
11255254	3738834
11255255	3738831
11255255	11255262
11255256	6121620
11255256	6121622
11255258	6121620
11255258	6121622
11255259	7844947
11255260	6121620
11255260	6121622
11255261	11117096
11255261	11255452
11255261	11648238
11255262	3738831
11255262	11255255
11255263	11255265
11255265	11255263
11255265	11255282
11255265	11255286
11255265	11255451
11255265	11533219
11255265	11533220
11255265	11533223
11255265	12148388
11255268	3738831
11255282	11255265
11255286	11255265
11255304	3738831
11255307	3738831
11255316	3738831
11255317	3738831
11255317	11266145
11255319	3738831
11255324	12017885
11255328	7824516
11255329	7824516
11255330	7824516
11255331	11248092
11255332	11255335
11255333	12898600
11255335	11255332
11255335	11255382
11255335	11255588
11255339	1616973
11255341	8524970
11255343	8524970
11255344	3062005
11255346	8524970
11255348	6121620
11255348	6121622
11255352	6512627
11255352	7436268
11255352	12278041
11255352	12278042
11255353	6396748
11255354	6396748
11255355	6563265
11255357	10561627
11255357	11236766
11255357	11255358
11255358	11255357
11255364	10561630
11255366	11085649
11255366	13520124
11255367	11085649
11255368	10561634
11255369	11085661
11255369	11255370
11255369	11817605
11255369	12086552
11255369	12703174
11255370	11085661
11255370	11255369
11255370	12086552
11255370	13937264
11255371	10561639
11255372	3920980
11255372	6456408
11255372	6563265
11255373	8543929
11255374	6563265
11255375	3812739
11255376	8459739
11255377	8467176
11255378	8457365
11255379	8476204
11255380	8467736
11255381	8459790
11255382	11255335
11255382	11255390
11255383	6365629
11255384	2647363
11255384	4909335
11255384	11255406
11255385	8493666
11255386	2647363
11255387	11086155
11255387	11255394
11255388	8466759
11255389	2596415
11255390	11255382
11255391	11255392
11255392	11255391
11255393	11255395
11255393	11255396
11255393	11256496
11255394	11086155
11255394	11255387
11255395	11255393
11255396	11255393
11255396	11255402
11255397	6349963
11255398	11086159
11255399	11255403
11255399	12293321
11255400	1990886
11255400	10046518
11255400	13080759
11255401	1990888
11255401	8789822
11255401	10046518
11255402	11255396
11255403	11255399
11255404	11255405
11255405	11255404
11255406	2647363
11255406	11255384
11255407	11156363
11255408	6637374
11255409	573910
11255410	6126105
11255411	6805860
11255412	11156363
11255413	2276190
11255413	2527758
11255413	4392201
11255414	11156333
11255415	11086160
11255416	10055147
11255417	7922697
11255418	10068622
11255419	7922697
11255419	11255432
11255419	11255433
11255419	11255434
11255419	11255435
11255420	10068622
11255421	10272230
11255422	11151926
11255423	11205414
11255424	10272230
11255425	2319745
11255426	10788332
11255427	10788332
11255428	43941
11255429	3727290
11255430	11255442
11255431	328237
11255432	7922697
11255432	11255419
11255433	7922697
11255433	11255419
11255434	11255419
11255435	11255419
11255435	11543862
11255435	12600313
11255435	13860238
11255436	660388
11255437	7385822
11255437	7769405
11255437	7922697
11255438	7385822
11255438	7769405
11255439	328237
11255440	248545
11255441	11255476
11255441	11255490
11255441	11255494
11255442	11255430
11255443	11086788
11255444	53040
11255444	636131
11255444	2319745
11255444	3864136
11255444	5843670
11255445	3143771
11255445	12954751
11255447	9337272
11255448	8895906
11255449	9701708
11255450	296864
11255451	11255265
11255452	11255261
11255453	10783090
11255454	8895894
11255454	8895906
11255454	10746041
11255454	10749500
11255455	11205417
11255456	11255461
11255456	11255462
11255456	11255463
11255457	10104724
11255458	7589733
11255459	8468111
11255460	7589733
11255461	11255456
11255462	11255456
11255463	11255456
11255464	7589733
11255465	8467466
11255465	11295541
11255466	8470451
11255467	10989630
11255467	11707106
11255468	2382728
11255469	2382727
11255470	4496037
11255471	4496037
11255472	11205428
11255473	11205429
11255474	303549
11255474	13807910
11255475	72448
11255475	454054
11255475	4289334
11255476	11255441
11255476	11255490
11255476	11255494
11255477	11255478
11255477	11255527
11255478	11255477
11255479	11205429
11255480	11001527
11255481	11205432
11255481	11205434
11255482	9480089
11255482	11255524
11255482	11339622
11255482	12083730
11255483	9480089
11255483	11255524
11255483	11339622
11255483	12083730
11255484	9480089
11255484	11255525
11255484	11339622
11255484	12083730
11255485	11205436
11255486	11205436
11255487	11205436
11255487	12460887
11255488	9480089
11255488	11255525
11255488	11339622
11255488	12083730
11255489	11205436
11255490	11255441
11255490	11255476
11255490	11255494
11255491	180400
11255491	11205439
11255492	1931948
11255492	6976025
11255492	11820894
11255493	1931948
11255493	6976025
11255493	11820894
11255494	11255441
11255494	11255476
11255494	11255490
11255495	11205441
11255496	11001619
11255497	11205441
11255498	5293173
11255499	73625
11255500	73625
11255501	11239193
11255502	11255505
11255502	11255523
11255502	12283860
11255503	1010199
11255504	1040720
11255505	11255502
11255506	6838875
11255507	1112603
11255507	12036693
11255508	5189272
11255508	5189825
11255508	12819029
11255509	11255510
11255510	11255509
11255510	12028674
11255511	1989666
11255511	9020907
11255511	9036751
11255511	13742696
11255512	11054283
11255513	667463
11255514	48419
11255516	11016090
11255516	13248886
11255518	11049816
11255519	682226
11255520	11049816
11255520	11251969
11255520	11255534
11255520	11255540
11255520	11255563
11255520	11255575
11255523	11255502
11255523	12283860
11255524	9480089
11255524	11255482
11255524	11255483
11255524	11339622
11255524	13683639
11255525	9480089
11255525	11255484
11255525	11255488
11255525	11339622
11255526	13520139
11255527	11255477
11255528	11049816
11255534	11049816
11255534	11255520
11255534	11255577
11255536	238260
11255539	1271634
11255540	11049816
11255540	11255520
11255540	11266144
11255541	8090959
11255542	11086797
11255544	11087068
11255546	292251
11255547	11087069
11255548	487413
11255549	11087194
11255550	292251
11255551	11087194
11255552	11087194
11255553	11049816
11255554	11087194
11255555	2506566
11255556	11087194
11255557	11087194
11255559	11087208
11255560	285387
11255561	11087268
11255563	11049816
11255563	11255520
11255565	275800
11255567	1742124
11255567	12036701
11255569	8493805
11255570	11056140
11255571	241524
11255572	11087611
11255572	11381002
11255573	11087611
11255573	11381002
11255575	11049816
11255575	11255520
11255575	11261049
11255577	11049816
11255577	11251969
11255577	11255534
11255578	41509
11255580	7309723
11255580	12046034
11255583	3358308
11255583	7309706
11255583	7309723
11255583	12046034
11255584	9583800
11255585	3596361
11255586	1858665
11255586	4006184
11255586	12036706
11255587	7309727
11255587	12046034
11255588	11255335
11255589	11253134
11255590	3358308
11255590	7309717
11255590	7309727
11255590	12046034
11255591	11253134
11255592	11088265
11255593	11088265
11255593	11255596
11255594	1931945
11255594	11255733
11255594	11255735
11255595	11255608
11255595	11255652
11255595	11263840
11255595	11263844
11255596	11255593
11255596	11255597
11255596	11255716
11255597	11255596
11255598	12426663
11255598	12874628
11255599	11206613
11255600	3358308
11255600	12046034
11255602	1931956
11255602	1931957
11255602	1931958
11255602	11255730
11255603	1931959
11255603	8848029
11255603	11255729
11255604	11206613
11255605	1623427
11255606	2036709
11255606	11255709
11255606	11255727
11255606	11255728
11255607	828983
11255607	3900115
11255607	11255609
11255607	11255615
11255607	11255623
11255607	11255628
11255607	11899201
11255608	11255595
11255608	11255652
11255608	11263840
11255608	11263844
11255608	12492640
11255609	11255607
11255611	2046869
11255611	11255721
11255611	13836549
11255612	10899866
11255613	2046869
11255613	11255720
11255613	13836549
11255614	1623427
11255615	11255607
11255616	2783888
11255616	11255719
11255616	12201001
11255616	12258347
11255617	1437
11255618	2783888
11255618	11255719
11255618	12201001
11255619	2911692
11255620	5377
11255621	5371979
11255622	5840
11255622	639332
11255623	11255607
11255624	6458
11255625	8745
11255626	8795
11255627	5371979
11255628	11255607
11255629	8925
11255630	3311763
11255631	5371979
11255632	11608
11255633	5371979
11255634	12210
11255635	13587
11255636	15029
11255636	10665455
11255637	9494013
11255638	31567
11255638	12403688
11255638	12403691
11255638	13290949
11255639	138919
11255640	9706550
11255641	279975
11255642	320395
11255643	9494013
11255644	331699
11255645	139463
11255645	11255651
11255645	11255653
11255645	11255656
11255645	13671166
11255646	73561
11255646	11255664
11255646	11255704
11255647	8708685
11255648	8708685
11255649	928630
11255649	11255703
11255650	1359352
11255650	11255700
11255651	11255645
11255652	11255595
11255652	11255608
11255652	11263840
11255652	11263844
11255653	11255645
11255654	1741980
11255655	3740683
11255656	11255645
11255657	11257747
11255658	11001629
11255658	12107251
11255659	2770427
11255660	2770427
11255661	6284807
11255662	6284807
11255663	11254991
11255664	73561
11255664	11255646
11255665	6284807
11255665	11255699
11255666	1858668
11255666	11255698
11255667	6284807
11255667	11266143
11255668	6284807
11255670	6284807
11255670	11261048
11255671	6284807
11255672	6002375
11255672	7226385
11255672	11088125
11255672	11088550
11255673	6002375
11255673	7226385
11255673	11088125
11255673	11088556
11255674	11088550
11255675	11088556
11255675	11255677
11255676	3738832
11255677	11255675
11255677	11918783
11255678	383529
11255679	11255680
11255680	11255679
11255680	11255681
11255680	11381079
11255681	11255680
11255682	2770426
11255682	2770427
11255683	3738827
11255684	2012661
11255685	9111605
11255685	11088124
11255685	11088568
11255685	13707021
11255686	11088600
11255687	11088600
11255688	11088080
11255688	11088084
11255688	11088603
11255688	11088882
11255688	12437130
11255688	12437132
11255689	11088080
11255689	11088084
11255689	11088604
11255689	11088881
11255689	12437128
11255690	11089042
11255691	3270613
11255692	6880197
11255693	296449
11255693	11255695
11255694	296449
11255694	11255695
11255695	296449
11255695	11255693
11255695	11255694
11255696	11255697
11255697	11255696
11255698	11255666
11255699	11255665
11255700	11255650
11255701	11089231
11255702	11089255
11255703	11255649
11255704	11255646
11255704	11938452
11255705	8143433
11255705	11261047
11255705	13737711
11255706	3419613
11255707	3087510
11255708	3658261
11255708	7183718
11255708	8029423
11255709	11255606
11255710	11089255
11255716	11255596
11255717	9103635
11255718	10681922
11255718	11088265
11255719	2783882
11255719	2783888
11255719	11255616
11255719	11255618
11255719	12201001
11255720	2046869
11255720	11255613
11255721	2046869
11255721	11255611
11255722	5012769
11255725	6570901
11255725	11266339
11255726	6301626
11255726	11266337
11255727	2036709
11255727	11255606
11255728	2036709
11255728	11255606
11255729	1931959
11255729	11255603
11255730	1931956
11255730	1931957
11255730	11255602
11255731	10238488
11255732	3121690
11255732	7010161
11255733	11255594
11255734	11255742
11255734	12702647
11255734	12702648
11255734	13032814
11255735	11255594
11255736	1931945
11255737	5671861
11255737	11256646
11255738	1362
11255738	2536160
11255739	1931945
11255740	8300944
11255740	8300947
11255741	1931945
11255741	2131350
11255742	11255734
11255743	1931945
11255743	2131350
11255744	4073338
11255744	11458327
11255745	1931958
11255746	1931958
11255747	5769083
11255748	3516340
11255748	3516344
11255748	3661069
11255749	11255753
11255750	7849820
11255751	3516346
11255751	3516347
11255751	3661069
11255752	3516341
11255752	3516345
11255752	3661069
11255753	11255749
11255754	3957515
11255755	10544198
11255756	10281942
11255756	11255866
11255756	11261046
11255756	11296405
11255757	11256635
11255758	7065035
11255758	12831146
11255758	13572069
11255759	4835675
11255759	12041676
11255760	733746
11255761	2360677
11255763	132284
11255764	2838888
11255768	72065
11255768	975268
11255769	2388622
11255770	9749964
11255770	11255776
11255771	2361309
11255771	4356415
11255771	10836171
11255771	11255772
11255772	2276171
11255772	2361309
11255772	11255771
11255773	2276171
11255773	2361309
11255773	11563900
11255774	11255778
11255775	11255778
11255776	1901851
11255776	11255770
11255777	1901851
11255777	1914310
11255777	2267331
11255778	11255774
11255778	11255775
11255779	8315588
11255779	11255784
11255780	10039537
11255781	9451180
11255781	11612698
11255781	12734351
11255782	9172912
11255782	11255792
11255783	2253664
11255784	11255779
11255785	5179229
11255786	7387433
11255786	9984379
11255786	11967190
11255787	11255788
11255787	11255789
11255787	11935684
11255787	11935740
11255787	11935744
11255787	14023692
11255788	11255787
11255789	11255787
11255791	11255795
11255792	3920559
11255792	11255782
11255792	13625460
11255792	13625462
11255793	10621520
11255794	7746896
11255794	13158017
11255794	13158066
11255795	11255791
11255795	11261045
11255796	7122191
11255796	11255798
11255797	7203539
11255798	11255796
11255799	11255805
11255800	10527441
11255801	9387325
11255802	10621245
11255802	12937679
11255803	11255809
11255803	11255811
11255803	11255812
11255803	11255816
11255803	11255818
11255803	11255820
11255803	11255821
11255803	11255828
11255803	11255830
11255803	11255832
11255803	11255835
11255804	11060235
11255805	11255799
11255806	10621186
11255807	11254453
11255808	10621180
11255809	11255803
11255810	11254444
11255811	11255803
11255812	11255803
11255813	8808308
11255814	11254420
11255816	11255803
11255817	3075549
11255817	11254402
11255818	11255803
11255818	11255832
11255820	11255803
11255820	11255876
11255820	11255877
11255821	11255803
11255824	11252543
11255827	11255829
11255828	11255803
11255829	11255827
11255830	11255803
11255831	10763448
11255832	11255803
11255832	11255818
11255832	11256574
11255833	3312824
11255833	7520374
11255834	3312824
11255834	7520374
11255835	11255803
11255836	3312824
11255836	7520374
11255837	3312824
11255837	7520374
11255838	7050478
11255839	651632
11255839	1849750
11255840	11249235
11255841	12874119
11255842	11249233
11255842	11433964
11255843	11255845
11255843	11255856
11255843	11255860
11255843	11255861
11255844	11255846
11255844	11255874
11255844	11419275
11255845	11255843
11255846	11255844
11255846	11255874
11255846	11261043
11255847	11249189
11255847	13153353
11255848	11249190
11255848	11256739
11255851	11246133
11255852	11231832
11255852	11231834
11255853	11255854
11255854	11255853
11255855	10022352
11255856	11255843
11255857	10022324
11255858	10022270
11255859	10022176
11255860	11255843
11255861	11255843
11255862	11255872
11255863	11255865
11255863	11255867
11255863	11255870
11255863	11255890
11255864	10021858
11255865	11255863
11255866	11255756
11255867	11255863
11255868	8365490
11255868	8672158
11255869	8365490
11255869	8672158
11255870	11255863
11255871	275141
11255871	1949301
11255871	1949344
11255871	9593625
11255871	10218257
11255872	11255862
11255873	4005895
11255873	4005898
11255873	4006107
11255873	4006109
11255873	4006110
11255873	4006111
11255873	10767199
11255873	10788412
11255873	10788413
11255873	11255916
11255873	11255917
11255873	11255918
11255873	11255919
11255874	11255844
11255874	11255846
11255875	561085
11255875	2732594
11255875	2732596
11255876	11255820
11255876	13487204
11255876	13487205
11255877	11255820
11255878	8681794
11255878	9723960
11255878	10221426
11255879	6313362
11255879	6313558
11255880	10742271
11255880	10742272
11255881	1503291
11255881	9307419
11255881	10041829
11255881	13248980
11255881	13248982
11255882	10545648
11255882	11140447
11255883	5858221
11255883	8300366
11255883	10672484
11255884	4765810
11255884	8576320
11255885	5742801
11255885	9749137
11255886	8505818
11255886	9484335
11255886	9484336
11255887	1869744
11255887	4884677
11255887	6316517
11255887	8934675
11255888	8685705
11255888	8685706
11255888	9731030
11255889	10542801
11255890	11255863
11255891	10783889
11255891	10783890
11255892	8314623
11255892	11150205
11255893	11236744
11255894	3909143
11255894	3909187
11255894	3919253
11255894	4955051
11255894	4955052
11255894	8067831
11255894	8500255
11255894	9937614
11255895	11236744
11255896	11255897
11255897	11255896
11255897	12947261
11255898	10074672
11255899	10043984
11255900	2858881
11255900	9764869
11255901	3154012
11255901	10645095
11255902	5645417
11255902	5645505
11255902	10749131
11255903	10566746
11255904	11255905
11255904	13274082
11255905	11255904
11255906	265039
11255906	1021721
11255906	12337644
11255906	12337653
11255907	265039
11255907	1021721
11255907	12337656
11255907	12337659
11255909	20971
11255910	11255911
11255911	11255910
11255912	265039
11255912	12337669
11255913	265039
11255913	12337670
11255914	1021718
11255914	12337666
11255914	12337668
11255915	44644
11255916	4005254
11255916	10767199
11255916	11255873
11255917	4005254
11255917	10767199
11255917	11255873
11255918	4005254
11255918	10767199
11255918	11255873
11255919	4005254
11255919	10767199
11255919	11255873
11255920	8662309
11255920	10120587
11255920	11514003
11255921	8662309
11255921	10120586
11255922	8662307
11255922	11383177
11255923	11255925
11255924	8533834
11255924	8533835
11255925	11255923
11255926	30204
11255927	52246
11255928	28891
11255929	11255930
11255929	12383877
11255930	11255929
11255931	974278
11255932	87708
11255932	11254309
11255932	11261042
11255932	11327729
11255934	11255935
11255935	11255934
11255936	1772566
11255937	10610481
11255937	12447962
11255938	1772564
11255939	1742189
11255940	1606226
11255941	7802749
11255942	1606226
11255943	1427343
11255944	11255945
11255945	11255944
11255946	1365639
11255946	3774166
11255947	3217138
11255947	12382940
11255948	22786
11255948	6874161
11255948	13783709
11255949	1106277
11255950	1106277
11255951	634970
11255952	11255954
11255953	313629
11255954	11255952
11255955	241815
11255955	861944
11255955	12786778
11255955	12829868
11255955	12829870
11255956	73680
11255956	12026610
11255957	73566
11255957	13209936
11255958	8501495
11255958	11409836
11255961	73559
11255962	73542
11255962	13656516
11255963	73527
11255964	73527
11255964	7076170
11255965	28618
11255966	11255967
11255967	11255966
11255968	10162929
11255969	5085408
11255969	5450565
11255969	11957588
11255970	10162929
11255971	10022259
11255971	11983577
11255972	7754323
11255973	5879585
11255974	3030996
11255974	5476989
11255974	11495069
11255975	3030958
11255976	2049428
11255976	2471921
11255977	351840
11255978	4521992
11255978	7128307
11255979	4521992
11255980	7826732
11255980	8453233
11255980	11261041
11255981	8479852
11255981	11256572
11255981	11261040
11255982	7860097
11255982	13757508
11255984	361664
11255984	11256571
11255985	7866811
11255986	7866811
11255987	361682
11255988	361684
11255989	361687
11255989	12670303
11255989	13004031
11255990	361691
11255991	361342
11255992	8912805
11255992	8913020
11255992	11255995
11255992	11255996
11255992	13568460
11255993	361342
11255994	361342
11255995	8912805
11255995	8913020
11255995	11255992
11255996	8912805
11255996	8913020
11255996	11255992
11255997	361630
11255998	361631
11255999	361631
11255999	8618842
11255999	11256237
11256000	361632
11256001	361640
11256002	2905079
11256003	361642
11256003	12132954
11256004	2905079
11256005	361643
11256005	13395686
11256006	361645
11256007	361648
11256008	361649
11256009	361651
11256010	361652
11256011	6320279
11256011	11256233
11256012	6302108
11256012	11256231
11256013	4934303
11256013	11256230
11256014	4762769
11256014	11256229
11256015	2765418
11256015	11256228
11256016	1181780
11256016	11256227
11256017	2205138
11256018	2170760
11256019	11495063
11256019	11495064
11256020	11119814
11256021	11119814
11256022	11119816
11256023	59478
11256024	525179
11256024	11256223
11256025	3757103
11256025	11256222
11256025	11296385
11256026	6308214
11256026	13395687
11256027	3706550
11256027	13820585
11256027	13820586
11256028	8617753
11256029	3427551
11256030	7899701
11256030	11296365
11256030	13149895
11256031	505586
11256031	11296357
11256031	13308855
11256032	11256033
11256033	11256032
11256033	11495060
11256036	12615446
11256036	12615447
11256036	12615466
11256036	12622553
11256037	2476772
11256037	8332623
11256038	2034329
11256038	2034353
11256038	2034354
11256038	3159552
11256038	3159562
11256038	3340216
11256038	3388650
11256038	4784104
11256039	2034329
11256039	2034353
11256039	2034354
11256039	3159552
11256039	3159562
11256039	3388650
11256039	4784104
11256040	3159644
11256041	3159644
11256041	11659571
11256041	11659572
11256042	3160434
11256042	12242990
11256042	12254186
11256043	3248866
11256044	3897962
11256044	12484285
11256045	3158658
11256046	3159365
11256046	11260178
11256047	10938256
11256048	1536766
11256049	10365418
11256050	9833118
11256050	9833119
11256050	11260079
11256050	12356002
11256050	12356003
11256051	10900830
11256052	563921
11256052	5798361
11256053	259167
11256054	1484535
11256054	11256055
11256055	1484535
11256055	11256054
11256056	253385
11256057	1483584
11256058	1486891
11256058	11260077
11256058	11268064
11256059	559456
11256059	1494551
11256060	1494791
11256061	1494791
11256062	1062239
11256062	1507199
11256062	2174607
11256062	4854092
11256062	5146525
11256062	11977770
11256062	12947303
11256062	12947304
11256062	12947305
11256062	12959290
11256063	1541848
11256064	11205444
11256064	11205445
11256065	928102
11256065	1551039
11256066	928102
11256066	1551039
11256067	1552205
11256068	251728
11256069	1560913
11256070	1561907
11256071	1584693
11256072	465548
11256072	1584693
11256073	1585894
11256074	959765
11256074	1599614
11256075	1719556
11256076	1719556
11256077	1138096
11256077	1755996
11256077	11260176
11256077	11340952
11256077	12511493
11256077	13113800
11256078	1821680
11256078	11260173
11256078	11268062
11256078	11268085
11256079	418728
11256079	1419163
11256079	1830759
11256079	11260171
11256080	1184477
11256080	1986773
11256080	11906799
11256080	11912163
11256081	1184477
11256081	1986773
11256082	10587312
11256083	10712433
11256083	11256503
11256083	11268061
11256083	11268089
11256084	10759777
11256085	11263882
11256085	11263884
11256086	321187
11256086	9227050
11256087	11177836
11256087	11183411
11256087	11256088
11256088	11177836
11256088	11183411
11256088	11256087
11256088	11412449
11256088	12087100
11256089	11256218
11256090	11205444
11256091	11106491
11256092	11205445
11256093	11205446
11256094	11205454
11256095	11205454
11256096	9977012
11256097	9977012
11256098	11306879
11256098	11306882
11256099	11257764
11256099	11257765
11256100	12005428
11256100	12208468
11256102	12615531
11256102	12615532
11256103	9977027
11256104	2258235
11256104	11773329
11256105	9977078
11256106	12008867
11256107	11512180
11256109	2888377
11256112	8193909
11256113	11778876
11256113	11778878
11256113	12436986
11256113	13546074
11256114	2888385
11256117	2888444
11256118	436585
11256119	2888444
11256121	12008887
11256122	13219988
11256123	2888677
11256124	12031335
11256127	13079831
11256128	2888686
11256131	20362
11256131	324861
11256132	2888686
11256133	2251288
11256133	3728819
11256133	11773272
11256133	13546067
11256134	844055
11256134	2217686
11256134	11773074
11256134	12567723
11256135	2888687
11256137	12603475
11256137	12603477
11256137	12603479
11256137	12603480
11256138	11770300
11256138	13689947
11256139	11559135
11256140	2888714
11256142	2888714
11256146	2888715
11256150	11778881
11256150	12603373
11256150	12603374
11256150	12603375
11256150	13546058
11256151	2888734
11256152	12623357
11256152	12623358
11256152	12623359
11256153	2888734
11256154	13071437
11256155	13972581
11256156	11047618
11256159	2888766
11256160	2888767
11256161	2888774
11256165	1705
11256165	1438701
11256165	13274633
11256165	13274634
11256169	11257619
11256171	12631874
11256171	12631875
11256171	13756742
11256173	423157
11256175	263269
11256175	4501517
11256176	2248018
11256176	2586721
11256177	10740957
11256177	10740964
11256178	2888776
11256179	2888804
11256180	2888807
11256180	12481376
11256181	7227434
11256182	7227434
11256183	2317556
11256184	2317556
11256185	2246277
11256186	2246277
11256187	2890587
11256188	10770498
11256188	11256858
11256189	8768458
11256190	8768458
11256191	5004841
11256192	7764647
11256192	11256856
11256193	2008165
11256193	11256855
11256195	53465
11256195	13008465
11256195	13008466
11256195	13008467
11256196	11256202
11256196	11256498
11256196	11257920
11256196	11263899
11256196	12484674
11256198	11256199
11256198	11256201
11256198	11256497
11256198	11256854
11256198	11257917
11256198	11263897
11256199	11256198
11256199	11256854
11256199	11257917
11256201	11256198
11256201	11256854
11256201	11257917
11256202	11256196
11256203	8486352
11256204	8486352
11256205	8486352
11256206	8486352
11256207	3872892
11256208	2322765
11256209	11256213
11256210	5372812
11256213	11256209
11256214	849701
11256216	1182810
11256217	8709106
11256218	11256089
11256219	2174521
11256220	11256221
11256221	11256220
11256222	11256025
11256223	11256024
11256224	1462547
11256225	4693449
11256227	11256016
11256228	11256015
11256229	11256014
11256230	11256013
11256231	11256012
11256232	1060706
11256233	11256011
11256234	9009755
11256235	9009755
11256236	9164033
11256237	11255999
11256238	9935814
11256239	397554
11256239	9935810
11256239	11894554
11256240	9935781
11256241	9933781
11256242	9933785
11256243	9933786
11256243	12002759
11256244	9935646
11256245	9935641
11256245	13160165
11256246	9935619
11256247	9935614
11256248	7579004
11256248	9935571
11256249	9934779
11256250	9934772
11256251	11256256
11256251	12340352
11256252	9934769
11256253	9934766
11256254	9934765
11256255	9934759
11256256	11256251
11256256	12340352
11256257	9934569
11256258	9934567
11256258	12809551
11256259	9934555
11256259	13791697
11256260	9934543
11256261	9934541
11256261	13676184
11256262	9934534
11256263	9934531
11256264	9934530
11256265	9934529
11256266	9934515
11256266	11613843
11256267	9933870
11256268	9933867
11256269	9933858
11256270	9933853
11256271	9933852
11256272	9933844
11256272	13495361
11256273	9933843
11256274	9933834
11256275	9933824
11256276	9933821
11256277	9933820
11256278	9933819
11256279	9933816
11256279	12207979
11256280	9933815
11256281	9933814
11256282	9933797
11256283	9933796
11256284	9933793
11256285	9933774
11256286	9933770
11256287	9933716
11256288	9933714
11256289	9933702
11256290	9933577
11256291	9933574
11256292	9933567
11256293	9933566
11256294	9933541
11256295	9933540
11256296	9933526
11256297	9932056
11256298	9932055
11256298	12690876
11256299	9932052
11256300	9932044
11256301	9932043
11256302	9932028
11256303	9932027
11256304	9932018
11256305	9932017
11256306	9932005
11256307	9932001
11256308	9931981
11256309	9931980
11256310	9931969
11256311	9931968
11256312	9931967
11256313	9931966
11256314	9931965
11256315	9931963
11256316	9931946
11256317	9931941
11256318	9931938
11256319	9931936
11256319	11933379
11256320	9931932
11256321	9931927
11256322	9931926
11256323	9931923
11256324	9931921
11256325	9931911
11256326	9931886
11256327	9931885
11256328	9931828
11256329	9931708
11256330	9931278
11256331	9931277
11256332	9931265
11256333	9930779
11256334	9930759
11256335	9930758
11256336	9930443
11256337	9930421
11256338	9930424
11256339	9930425
11256340	9930390
11256341	9930384
11256342	9930373
11256343	9930372
11256344	9930356
11256345	9930354
11256346	9930334
11256347	9930327
11256348	9930320
11256349	9930319
11256350	11878045
11256351	9930285
11256351	13635125
11256352	9930284
11256353	9930271
11256354	9930268
11256355	9930262
11256356	9929942
11256357	7469622
11256358	9930097
11256359	9930096
11256360	9930095
11256361	9930094
11256361	12280099
11256362	9930093
11256363	9930090
11256364	9930088
11256365	9930087
11256365	12497662
11256366	9930086
11256366	12815333
11256367	9930084
11256367	13163776
11256368	9930083
11256369	9930082
11256369	11885644
11256370	9930081
11256371	9930079
11256372	9930078
11256373	9930077
11256374	9930031
11256375	9930033
11256376	9930037
11256377	9930036
11256378	9930014
11256379	9930011
11256379	12439121
11256380	9930010
11256381	9930009
11256382	9929994
11256383	9929967
11256384	9929952
11256385	9929949
11256386	9929940
11256387	9929935
11256387	13525070
11256388	9929923
11256389	9929922
11256390	9929911
11256391	9929908
11256392	9928447
11256393	9928446
11256394	9927714
11256394	11852750
11256395	9927712
11256396	9927711
11256397	9927710
11256397	11827841
11256397	11827842
11256398	9927709
11256399	9927707
11256400	9927705
11256400	12013917
11256401	9928431
11256402	9928430
11256403	9928429
11256404	9928428
11256405	9928427
11256406	9928426
11256407	9928425
11256408	9928424
11256409	9928423
11256410	9928411
11256411	9928410
11256412	9928375
11256413	9928374
11256414	9928373
11256415	9928372
11256416	9928369
11256417	9928299
11256418	9927250
11256419	9927244
11256420	9927256
11256421	9927375
11256422	9927374
11256423	9927352
11256424	9927319
11256424	12676901
11256425	9927318
11256426	9927314
11256427	9927311
11256428	9927310
11256429	9927290
11256430	9927288
11256431	9927271
11256432	9927257
11256433	9926654
11256434	9926625
11256434	9926627
11256435	9926624
11256435	9926626
11256436	9926643
11256437	9926644
11256438	9926645
11256439	9926646
11256439	12816815
11256440	9926648
11256441	9926649
11256442	9926652
11256443	9926651
11256444	9926650
11256445	9926640
11256446	9926639
11256447	9926630
11256448	9926619
11256449	9926608
11256450	9926600
11256451	9926599
11256452	9926598
11256453	9926594
11256454	9926590
11256455	9926592
11256456	9926589
11256457	9926588
11256458	6153315
11256459	9925805
11256460	9926036
11256461	9926032
11256462	9925917
11256463	9925791
11256464	9926587
11256465	9926585
11256466	9926584
11256467	9926583
11256468	9926568
11256469	9926567
11256470	9926565
11256471	9926564
11256472	9926563
11256473	9926561
11256474	9926539
11256475	9926104
11256476	5877103
11256476	11256495
11256476	12164751
11256476	12206688
11256476	13447586
11256476	13447587
11256476	13447589
11256477	2769409
11256477	2769410
11256477	11257010
11256477	11257012
11256478	4238807
11256478	11256494
11256478	11381131
11256478	11700573
11256478	11782645
11256478	11782646
11256479	11256493
11256480	9925789
11256481	9925785
11256482	9925782
11256482	13683472
11256483	9925780
11256484	9925777
11256485	9925774
11256486	9925772
11256487	9925769
11256488	9925765
11256489	9925761
11256490	9925759
11256491	9925754
11256492	9925751
11256493	11256479
11256494	11256478
11256495	11256476
11256496	11255393
11256497	11256198
11256498	11256196
11256499	9925739
11256500	9925737
11256501	9925727
11256502	9925732
11256503	11256083
11256504	9923345
11256505	9923343
11256506	9923340
11256507	9923301
11256508	9923299
11256509	9923247
11256510	9923239
11256511	9923235
11256512	9923181
11256513	9923082
11256514	9923078
11256515	9923057
11256516	1692736
11256517	6697262
11256518	10364736
11256521	13433904
11256525	11256526
11256526	11256525
11256526	11495054
11256526	11495057
11256527	11256528
11256528	11256527
11256528	11256529
11256528	11495050
11256528	11495052
11256529	11256528
11256531	12903176
11256532	11256534
11256533	11256534
11256534	8811151
11256534	11256532
11256534	11256533
11256535	13596479
11256536	13577639
11256537	9923018
11256537	12158012
11256538	9922372
11256538	12027388
11256539	9922371
11256540	9922361
11256541	9922360
11256542	9922322
11256543	9922319
11256544	9921676
11256545	11256550
11256546	9921675
11256547	9921661
11256548	9921657
11256549	9921617
11256550	11256545
11256550	11497350
11256551	9921602
11256552	9921601
11256553	9921599
11256554	9921598
11256554	13500685
11256556	9921597
11256557	9921596
11256558	9921595
11256559	9921594
11256560	9921592
11256561	9921591
11256562	9921590
11256563	9921589
11256564	9921588
11256565	9921577
11256565	12009780
11256566	11257192
11256566	11867203
11256567	11256568
11256567	11495071
11256567	11495072
11256568	11256567
11256569	9688916
11256570	9087997
11256570	12834870
11256570	12834871
11256571	11255984
11256572	11255981
11256574	11255832
11256577	11256578
11256578	11256577
11256578	11266841
11256580	69044
11256580	11256582
11256581	11256602
11256582	668848
11256582	11256580
11256582	12314229
11256583	9921576
11256584	308100
11256584	11256586
11256585	9921571
11256586	637640
11256586	11256584
11256586	12314229
11256587	9921570
11256588	9921569
11256588	12085419
11256589	9921568
11256590	9921567
11256590	13233119
11256591	9921565
11256592	11256596
11256593	9921564
11256594	9921559
11256595	9921520
11256596	5295355
11256596	11256592
11256596	11256601
11256596	11331907
11256596	11370882
11256597	9921499
11256598	9921503
11256599	9921496
11256600	9920771
11256601	11256596
11256602	11256581
11256603	9920769
11256604	11256605
11256605	8970229
11256605	11256604
11256605	11256606
11256606	69044
11256606	11256605
11256607	9920591
11256608	9920585
11256608	12815176
11256609	9920725
11256610	9920733
11256611	9920706
11256612	9920680
11256613	9920677
11256613	13617000
11256614	9920666
11256614	12592277
11256615	9920648
11256616	9920645
11256617	249562
11256619	9918344
11256619	13080050
11256620	9918324
11256621	9918319
11256622	9918277
11256623	9918272
11256624	9918262
11256625	4864784
11256625	9918261
11256626	128072
11256626	9918255
11256627	9918247
11256627	13501735
11256628	1546225
11256628	9918210
11256629	2842198
11256629	9918207
11256630	9918200
11256631	9918190
11256632	9918133
11256633	319483
11256634	2430553
11256634	3489546
11256635	11255757
11256636	11256641
11256636	11495036
11256636	11495038
11256637	10314886
11256637	11256638
11256638	11256637
11256638	11256640
11256638	11262088
11256639	11256977
11256640	10314886
11256640	11256638
11256641	11256636
11256642	11256644
11256644	11256642
11256644	11256645
11256644	11495034
11256645	11256644
11256646	11255737
11256647	11256648
11256648	11256647
11256650	11256651
11256651	11256650
11256651	13246393
11256654	11256656
11256655	11256658
11256656	11256654
11256657	254430
11256658	3015821
11256658	11256655
11256659	11921412
11256660	8188203
11256660	11256661
11256661	3015823
11256661	11256660
11256661	11256662
11256662	11256661
11256663	781977
11256663	11695287
11256664	11256665
11256665	11256664
11256665	11256666
11256665	11496340
11256665	13007915
11256666	11256665
11256667	743182
11256668	11256669
11256669	4516488
11256669	11256668
11256669	11496342
11256669	12724833
11256670	11256672
11256671	11256675
11256671	11496343
11256671	11496344
11256671	11496345
11256671	11496346
11256671	11496347
11256671	11496348
11256671	11496349
11256671	11496350
11256671	13583949
11256671	13593917
11256672	11256670
11256672	11256674
11256672	11496351
11256672	11496352
11256673	5070826
11256673	11256822
11256674	11256672
11256675	11256671
11256676	11256677
11256676	11496353
11256677	11256676
11256678	11256679
11256678	11496362
11256679	11256678
11256680	4182224
11256680	5928314
11256680	6333259
11256680	11257811
11256682	11256684
11256682	11496363
11256684	11256682
11256685	11256686
11256686	11256685
11256686	11256687
11256686	11496365
11256687	11256686
11256688	11256689
11256689	11256688
11256693	795408
11256696	11255152
11256697	11255153
11256698	403582
11256699	11255127
11256700	264526
11256701	2533948
11256701	3052047
11256701	11252834
11256702	8811829
11256703	1944044
11256703	1944047
11256703	1944056
11256703	1944057
11256703	1945329
11256703	1945330
11256703	2757380
11256703	2757382
11256704	10754404
11256705	5636702
11256705	11236463
11256706	23273
11256707	10511077
11256707	11256738
11256708	11252494
11256708	11496366
11256708	11496367
11256709	23273
11256710	8499301
11256710	11251817
11256711	11255114
11256712	6697234
11256713	10470673
11256713	11251809
11256714	7768263
11256714	11251789
11256715	4735099
11256716	10218185
11256717	11249233
11256718	11249233
11256719	10603266
11256720	10581179
11256721	11249233
11256721	13959963
11256722	2268746
11256723	2290894
11256724	2290894
11256725	2290894
11256726	4501771
11256727	4501771
11256728	5906258
11256729	5906258
11256730	6810610
11256731	7271534
11256732	7271535
11256733	8040500
11256734	9948054
11256735	10005477
11256735	11707491
11256735	11712086
11256735	11712088
11256736	296126
11256737	306405
11256738	11256707
11256739	265897
11256739	1656059
11256739	11249190
11256739	11255848
11256739	11496368
11256740	11246338
11256740	13974248
11256741	10932979
11256741	11146809
11256741	11246076
11256742	11244579
11256742	11473002
11256742	12524391
11256743	11244015
11256744	11244010
11256744	11496370
11256744	13321967
11256745	11244002
11256745	11244008
11256746	11243996
11256746	12551858
11256747	11067259
11256747	11243988
11256747	11472995
11256747	11472997
11256747	12896567
11256748	11243964
11256748	11244137
11256748	11244138
11256749	10521463
11256750	10521462
11256751	10521457
11256752	13080147
11256753	10521450
11256753	11355484
11256754	10521445
11256754	11355475
11256755	11256757
11256756	10521436
11256756	11355469
11256757	11256755
11256757	11472991
11256757	11472993
11256758	11256760
11256759	10521440
11256760	11256758
11256760	11256761
11256760	11355453
11256760	11472988
11256760	11472990
11256761	11256760
11256762	10521418
11256762	11355467
11256763	11256764
11256763	11256766
11256763	11256768
11256763	11256771
11256763	11256772
11256763	11256821
11256763	13083849
11256764	11256763
11256765	11256767
11256765	11589524
11256766	11256763
11256767	11256765
11256767	11472985
11256767	11472986
11256768	11256763
11256769	11256774
11256770	10521416
11256771	11256763
11256772	11256763
11256773	3955427
11256774	11256769
11256774	11257548
11256774	11257549
11256775	2549099
11256775	10493024
11256775	11355457
11256776	11256783
11256776	11256790
11256776	11256791
11256776	11256792
11256776	11256797
11256776	11256820
11256776	11257466
11256776	11268057
11256776	11268060
11256776	11497394
11256776	11497398
11256776	11497399
11256776	11497400
11256776	11497401
11256776	11497404
11256776	11497407
11256777	8865934
11256778	11256779
11256779	11256778
11256779	11256782
11256779	11472961
11256780	11256781
11256781	11256780
11256781	11256784
11256781	11472962
11256782	11256779
11256783	11256776
11256784	11256781
11256785	11256786
11256786	11256785
11256786	11472963
11256787	11256789
11256789	11256787
11256789	11472964
11256790	11256776
11256791	11256776
11256792	11256776
11256794	11256795
11256794	13731785
11256795	10611938
11256795	11256794
11256795	11472965
11256797	11256776
11256798	10612571
11256801	10612571
11256803	11256804
11256804	1887095
11256804	4009566
11256804	11256803
11256804	11256805
11256804	12365572
11256805	11256804
11256806	11256807
11256807	1887095
11256807	5510039
11256807	11256806
11256807	11256808
11256807	12302090
11256808	11256807
11256810	11256811
11256810	11256812
11256810	11256813
11256810	11256815
11256810	11256816
11256811	11256810
11256812	11256810
11256813	11256810
11256814	5256182
11256815	11256810
11256816	11256810
11256818	11256819
11256818	11256823
11256818	11256824
11256818	11256825
11256818	11256827
11256818	11256829
11256819	11256818
11256820	11256776
11256820	11257466
11256821	11256763
11256822	11256673
11256823	11256818
11256824	11256818
11256825	11256818
11256826	1447454
11256826	13574229
11256827	11256818
11256828	2037302
11256829	11256818
11256830	1955367
11256831	3146732
11256832	1799233
11256833	10604219
11256833	11256842
11256834	2207727
11256834	2649249
11256834	8620828
11256834	8620829
11256835	11256836
11256835	11472966
11256836	11256835
11256837	11256838
11256838	11256837
11256839	11256841
11256839	11472967
11256840	6130559
11256840	13874744
11256841	11256839
11256842	11256833
11256843	8190246
11256843	12726876
11256844	2218279
11256844	3716657
11256844	5213980
11256844	11256845
11256844	13731176
11256845	11256844
11256846	7082763
11256846	11256848
11256846	11472970
11256846	13223970
11256846	13223974
11256847	9357270
11256847	12949080
11256848	11256846
11256849	9357270
11256850	8763637
11256851	11253964
11256852	11253964
11256853	7087172
11256853	7459740
11256853	12206687
11256853	12483754
11256853	12635907
11256854	11256198
11256854	11256199
11256854	11256201
11256855	11256193
11256856	11256192
11256857	3508093
11256857	5691150
11256857	6056598
11256857	7343067
11256857	11317129
11256858	11256188
11256859	11256860
11256859	11273939
11256860	11256859
11256861	2656827
11256862	11256863
11256863	11256862
11256863	11472971
11256863	12103740
11256864	11256865
11256864	13766936
11256865	11256864
11256865	13766935
11256866	2753641
11256867	11075677
11256868	1889135
11256869	11256871
11256870	11256874
11256870	11472972
11256870	12270494
11256871	3341886
11256871	11256869
11256872	11256875
11256873	2456679
11256874	11256870
11256874	12002027
11256874	12002028
11256875	9446823
11256875	11256872
11256875	11256876
11256876	11256875
11256877	1919691
11256878	2631827
11256878	8764195
11256878	11256879
11256879	11256878
11256879	11256880
11256879	11472974
11256880	2631827
11256880	11256879
11256881	3437809
11256882	11256883
11256882	12321719
11256883	11256882
11256884	11256885
11256885	11256884
11256885	11256886
11256886	11256885
11256887	11256888
11256887	11273922
11256888	11256887
11256888	11256890
11256889	1701984
11256890	11256888
11256890	11273922
11256891	11256893
11256893	11256891
11256893	11273919
11256894	3844272
11256896	11256900
11256897	11256904
11256898	913869
11256898	1959438
11256898	13691623
11256898	13764186
11256899	8141309
11256900	11256896
11256900	11256902
11256900	11381062
11256902	11256900
11256903	3194878
11256904	4758252
11256904	11256897
11256905	11256970
11256906	1860196
11256907	8148337
11256908	11256948
11256909	11256910
11256909	11472984
11256910	11256909
11256911	11256967
11256912	2037634
11256913	8135270
11256914	1912387
11256914	1914027
11256914	1914232
11256914	2366398
11256914	2651024
11256914	2724460
11256914	3097747
11256914	11257810
11256914	11710551
11256915	2109298
11256916	2303363
11256916	2303817
11256917	8181474
11256918	5439654
11256919	1796156
11256920	2247376
11256921	6168229
11256922	626604
11256923	3054509
11256924	1822309
11256925	2018056
11256926	3009451
11256927	1511212
11256927	12087383
11256927	12087384
11256928	3281978
11256928	11498945
11256929	2311840
11256929	2312498
11256930	1735874
11256931	1575014
11256932	376665
11256932	468195
11256932	1769909
11256932	3032710
11256932	7469486
11256932	11257803
11256933	2198509
11256934	12705209
11256935	11256939
11256936	11256937
11256937	11256936
11256939	11256935
11256940	11256987
11256941	11256987
11256941	13687569
11256942	11256987
11256943	2241656
11256943	11384438
11256943	11900070
11256945	2241656
11256946	1959515
11256948	11256908
11256949	1514996
11256949	1947649
11256951	1294853
11256952	1641296
11256953	2152028
11256953	2152176
11256953	11257801
11256953	11268054
11256953	11268059
11256953	13663256
11256954	2081786
11256954	2082141
11256955	1461671
11256955	7122321
11256955	7122322
11256955	13419560
11256955	13419561
11256957	9711903
11256957	11814128
11256958	8134993
11256958	11256971
11256958	11268052
11256958	11268070
11256958	11753173
11256959	2139717
11256960	3714623
11256961	1499949
11256962	727707
11256963	1978370
11256964	1384851
11256965	2347666
11256966	2226049
11256966	12729760
11256967	11256911
11256968	2066472
11256968	2066614
11256968	11256969
11256968	11256973
11256968	11256975
11256968	11256983
11256968	11261038
11256968	11268050
11256969	2066472
11256969	11256968
11256969	11256983
11256969	11268050
11256970	11256905
11256971	11256958
11256971	11268070
11256972	11256985
11256972	13009809
11256972	13009813
11256973	11256968
11256974	5698127
11256975	2066472
11256975	11256968
11256975	11256983
11256975	11268050
11256977	11256639
11256978	6865267
11256979	1166255
11256980	1811786
11256981	1177122
11256983	2066472
11256983	11256968
11256983	11256969
11256983	11256975
11256983	11261038
11256984	2765313
11256985	11256972
11256985	13009809
11256985	13009813
11256986	7950430
11256987	11256940
11256987	11256941
11256987	11256942
11256987	11261037
11256988	11108168
11256989	11256990
11256989	11261035
11256990	11256989
11256991	1907727
11256992	9632067
11256993	562360
11256994	11256996
11256994	11256997
11256994	11256998
11256994	11256999
11256994	11257000
11256995	2997086
11256996	11256994
11256997	11256994
11256998	11256994
11256999	11256994
11257000	11256994
11257001	5737081
11257003	11257004
11257003	11257033
11257003	11257034
11257003	11257036
11257004	11257003
11257005	11257006
11257006	11257005
11257007	4013317
11257008	5340992
11257008	5340993
11257009	456469
11257010	2769410
11257010	11256477
11257010	11389427
11257011	687404
11257012	2769409
11257012	11256477
11257012	11389427
11257012	13501084
11257013	1325246
11257014	1325246
11257015	1911918
11257016	1911918
11257017	1911918
11257018	2169161
11257019	9517472
11257020	2647997
11257021	3818560
11257022	3818560
11257023	5340992
11257023	5340993
11257024	6023043
11257025	6273710
11257026	6273710
11257027	6273710
11257028	6274250
11257029	6357896
11257030	6357896
11257031	6357896
11257032	25521
11257032	888768
11257032	1004794
11257032	2826311
11257033	11257003
11257034	11257003
11257035	11257037
11257035	11257038
11257035	11257040
11257035	11472980
11257036	11257003
11257037	11257035
11257038	11257035
11257039	1624355
11257040	11257035
11257041	7004270
11257041	7004271
11257041	7004272
11257041	7004274
11257041	11257373
11257041	11268048
11257042	5632712
11257043	4021381
11257043	11257370
11257044	11257045
11257044	11472979
11257045	11257044
11257046	11257048
11257046	11257050
11257046	11257051
11257046	11257053
11257046	11257054
11257047	7770595
11257048	11257046
11257049	11257052
11257049	11472976
11257049	11472977
11257050	11257046
11257051	11257046
11257052	11257049
11257053	11257046
11257054	11257046
11257055	11197501
11257057	11257059
11257057	11472975
11257058	11257060
11257058	11257061
11257058	11257063
11257058	11257065
11257058	11257067
11257059	11257057
11257060	11257058
11257060	11257063
11257061	11257058
11257062	11257064
11257062	11257066
11257062	11472981
11257063	11257058
11257063	11257060
11257064	11257062
11257065	11257058
11257066	11257062
11257067	11257058
11257068	11257073
11257068	11472982
11257069	10198248
11257069	10198249
11257070	10198250
11257071	10198250
11257072	10198250
11257073	11257068
11257074	10198250
11257075	10198253
11257076	10198253
11257077	10198253
11257078	10198253
11257079	10198256
11257080	10198256
11257081	11257083
11257081	11257094
11257081	11257097
11257081	11257098
11257082	10198259
11257083	11257081
11257084	10197665
11257084	10197681
11257084	11257095
11257084	11257185
11257085	11257090
11257085	11257100
11257086	11261034
11257086	11751330
11257086	11751332
11257086	11756491
11257087	10197681
11257087	11257089
11257087	11257092
11257087	11257095
11257088	10197633
11257088	10197661
11257088	10198351
11257088	11616689
11257089	11257087
11257089	11257095
11257090	11257085
11257091	3813562
11257091	10197628
11257092	11257087
11257092	11257095
11257093	2979791
11257093	3771043
11257094	11257081
11257095	11257084
11257095	11257087
11257095	11257089
11257095	11257092
11257095	11257185
11257096	10197661
11257096	11257099
11257096	11257101
11257096	11257176
11257096	11257182
11257097	11257081
11257098	11257081
11257099	2247183
11257099	11257096
11257099	11257101
11257099	11257176
11257099	11616689
11257100	11257085
11257101	10197661
11257101	11257096
11257101	11257099
11257101	11257176
11257101	11257182
11257103	11616692
11257105	10197579
11257107	10198267
11257108	2662012
11257108	7110313
11257108	7478596
11257109	3771043
11257110	332296
11257110	448404
11257110	496933
11257110	1229954
11257111	8250393
11257111	13501123
11257111	13554195
11257111	13969745
11257111	13969750
11257114	3771043
11257120	12898603
11257130	13784839
11257130	13784840
11257131	11002448
11257134	11002450
11257135	5467973
11257135	5467974
11257135	12662573
11257136	5467973
11257136	5467974
11257136	12662573
11257137	9191713
11257138	2650957
11257139	7852098
11257139	11257368
11257139	12206685
11257140	2650957
11257141	2612049
11257141	4649255
11257141	11257146
11257142	9141936
11257142	11257367
11257142	11268047
11257143	236521
11257144	2304822
11257145	235753
11257146	2612049
11257146	2612050
11257146	2612686
11257146	2614278
11257146	2614748
11257146	3866936
11257146	3866943
11257146	4649255
11257146	8437667
11257146	10263394
11257146	11257141
11257146	11261032
11257147	10235917
11257148	2304822
11257149	11751335
11257149	11756503
11257150	2270433
11257150	11257206
11257151	6560651
11257152	2270433
11257152	11257207
11257154	4733
11257155	2175771
11257155	2176802
11257155	12779034
11257156	1972562
11257158	1865984
11257158	11257210
11257160	1160005
11257162	1858741
11257164	159432
11257165	1858741
11257166	151352
11257167	4482391
11257167	11266142
11257168	1858727
11257169	352949
11257169	11280421
11257170	79975
11257171	3261403
11257171	11385396
11257172	6620230
11257173	1702084
11257173	8766427
11257173	11266141
11257174	60978
11257176	11257096
11257176	11257099
11257176	11257101
11257176	12965929
11257177	2034058
11257178	1858723
11257179	152892
11257180	4665737
11257181	1858723
11257182	10207617
11257182	11257096
11257182	11257101
11257182	11257191
11257183	4916692
11257183	11266140
11257184	936081
11257184	5178714
11257185	11257084
11257185	11257095
11257186	1858703
11257187	936081
11257188	11257196
11257188	11257197
11257188	11257201
11257188	11257204
11257189	936081
11257189	5178719
11257190	110065
11257191	11257182
11257192	11256566
11257192	11257195
11257193	1858702
11257193	1943391
11257193	11257194
11257194	1858702
11257194	11257193
11257194	11799824
11257194	11799827
11257194	11799850
11257195	11257192
11257195	11867203
11257196	11257188
11257197	11257188
11257199	211227
11257201	11257188
11257202	16775
11257203	1858694
11257204	11257188
11257205	1858692
11257205	3931803
11257206	2270433
11257206	11257150
11257207	2270433
11257207	11257152
11257208	1742138
11257208	11257209
11257209	1742138
11257209	11257208
11257210	1865984
11257210	11257158
11257213	8419537
11257214	8419537
11257215	11257225
11257215	11257365
11257215	11257366
11257216	11257225
11257218	11257223
11257219	11257225
11257220	11257225
11257221	11257225
11257222	11257225
11257223	11257218
11257224	11257225
11257225	11257215
11257225	11257216
11257225	11257219
11257225	11257220
11257225	11257221
11257225	11257222
11257225	11257224
11257226	11254476
11257233	2871645
11257234	2871645
11257235	2871645
11257236	2871645
11257237	11257238
11257237	12702645
11257238	11257237
11257238	13959885
11257239	11257240
11257239	11345555
11257240	11257239
11257241	11257242
11257241	11257243
11257241	11257244
11257241	11257245
11257241	11257246
11257241	11257250
11257241	11257275
11257241	11257463
11257241	12910625
11257242	11257241
11257242	11257244
11257242	11257245
11257242	12910625
11257243	11257241
11257244	11257241
11257244	11257242
11257244	12910625
11257245	11257241
11257245	11257242
11257245	12910625
11257246	11257241
11257247	129961
11257247	283453
11257247	453479
11257247	1068862
11257248	2822147
11257249	129961
11257249	283453
11257249	453479
11257249	1068862
11257250	11257241
11257251	261034
11257251	578566
11257251	11498233
11257252	3528985
11257253	2322737
11257254	5851903
11257255	9164067
11257256	9164067
11257257	22471
11257258	3552258
11257259	2649228
11257260	2649228
11257261	10477549
11257261	11257287
11257262	260096
11257262	283982
11257262	1285209
11257262	1286635
11257262	5660977
11257263	6873388
11257264	308408
11257264	612391
11257264	612394
11257264	1499589
11257264	11225297
11257265	283982
11257265	1285209
11257265	1286635
11257266	308408
11257266	612391
11257266	612394
11257266	1499589
11257266	11225297
11257267	8785522
11257268	11250989
11257269	11250989
11257270	3657402
11257270	3657410
11257270	5469246
11257271	11257715
11257272	260996
11257272	964600
11257272	3657409
11257272	11257279
11257273	8302154
11257274	355171
11257274	453319
11257275	11257241
11257276	3907328
11257277	16775
11257278	11257280
11257279	260996
11257279	964600
11257279	3657409
11257279	11257272
11257280	11257278
11257282	65449
11257283	10746041
11257284	5792002
11257285	53040
11257286	5792002
11257287	11257261
11257287	11257291
11257288	5792002
11257289	11257290
11257290	11257289
11257290	11257292
11257291	11257287
11257292	11257290
11257293	11257294
11257294	11257293
11257294	11257295
11257295	11257294
11257296	2556390
11257297	2556390
11257299	347630
11257299	573942
11257299	574467
11257299	7751287
11257300	3907329
11257301	347630
11257301	573940
11257301	574470
11257301	7751287
11257303	10445491
11257303	11257311
11257304	10445491
11257304	11257312
11257305	347630
11257305	573940
11257305	574470
11257305	636499
11257305	7751287
11257306	347630
11257306	573942
11257306	574467
11257306	636499
11257306	7751287
11257307	3734682
11257307	3886581
11257307	11266138
11257308	5508748
11257308	6934566
11257308	11266137
11257308	11280419
11257308	11280420
11257308	11282209
11257309	11259453
11257310	11257717
11257311	10445491
11257311	11257303
11257312	10445491
11257312	11257304
11257313	11588064
11257313	11588065
11257313	11588066
11257314	3973919
11257315	11686594
11257315	13469966
11257317	11257318
11257317	11257320
11257317	11257321
11257317	11257322
11257317	11257324
11257318	11257317
11257318	11257321
11257319	7775077
11257320	11257317
11257321	11257317
11257321	11257318
11257322	11257317
11257323	10106233
11257323	12701260
11257324	11257317
11257325	3742814
11257326	8770000
11257327	6688905
11257328	3479805
11257328	11291939
11257328	11385395
11257329	1521085
11257329	1896032
11257329	11257334
11257329	11280414
11257330	3762313
11257331	2800431
11257332	9676338
11257333	8981485
11257334	11257329
11257335	1349866
11257336	1349866
11257337	2326547
11257337	2422836
11257338	2326547
11257338	2422835
11257339	11257340
11257339	11257344
11257339	11257347
11257339	11257349
11257339	11257465
11257339	11257467
11257340	11257339
11257341	2326547
11257341	2422836
11257342	10663137
11257343	10663137
11257344	11257339
11257345	3171124
11257346	4657030
11257346	11296337
11257347	11257339
11257348	3171984
11257348	5619311
11257349	11257339
11257350	887406
11257350	1341660
11257351	1341660
11257352	11257358
11257353	11257358
11257353	11257364
11257354	11257358
11257355	11257358
11257356	11257358
11257357	11257358
11257358	11257352
11257358	11257353
11257358	11257354
11257358	11257355
11257358	11257356
11257358	11257357
11257359	11257361
11257360	6040063
11257360	8181868
11257360	8362029
11257361	11257359
11257362	6040063
11257362	8181868
11257362	8362030
11257364	11257353
11257365	11257215
11257366	11257215
11257367	11257142
11257368	11257139
11257370	11257043
11257371	11257378
11257372	10520397
11257373	11257041
11257375	10520397
11257376	11257378
11257377	10520397
11257378	11257371
11257378	11257376
11257379	1901782
11257380	6322150
11257381	1901782
11257381	11697649
11257381	11697651
11257382	11257383
11257383	11257382
11257384	1901782
11257385	1901782
11257386	1901782
11257387	1901782
11257389	1901782
11257390	1901782
11257391	11257392
11257392	11257391
11257393	1977505
11257394	7172016
11257395	7172016
11257396	2256836
11257397	1980565
11257397	1980567
11257397	2419743
11257398	10081521
11257399	1980557
11257399	1980567
11257399	2419743
11257400	1980567
11257400	1980572
11257400	2419743
11257401	10081521
11257402	1980567
11257402	1980573
11257402	2419743
11257403	3439837
11257404	11257405
11257405	11257404
11257406	1600153
11257406	2256836
11257406	5500210
11257407	6445006
11257408	6445006
11257409	6445006
11257410	6445006
11257411	6445006
11257412	6445006
11257413	2256835
11257414	6645931
11257415	6645931
11257416	7159938
11257416	12521040
11257416	12521043
11257417	11257419
11257418	7159938
11257418	12216922
11257418	12216923
11257419	11257417
11257421	1499396
11257422	3202054
11257423	3202054
11257424	11257425
11257425	11257424
11257425	11257428
11257425	11257462
11257425	12241603
11257425	12241606
11257426	2256835
11257427	3202054
11257428	11257425
11257430	3202054
11257433	3202054
11257434	3202054
11257435	3202054
11257436	3202054
11257437	3592740
11257437	3656038
11257437	10475913
11257438	11183824
11257440	11257442
11257440	13148158
11257441	3656038
11257442	11257440
11257444	304990
11257444	373903
11257444	2138354
11257445	11183824
11257446	11183824
11257447	11183820
11257448	10989963
11257448	12137363
11257451	2900457
11257453	6573586
11257453	7093041
11257454	668702
11257454	11280412
11257454	11404571
11257454	11404572
11257454	11404573
11257454	11404575
11257455	9203789
11257456	6106120
11257456	11280408
11257457	11257458
11257458	11257457
11257459	9203789
11257461	2821145
11257461	3887769
11257462	11257425
11257463	11257241
11257464	608995
11257465	11257339
11257466	11256776
11257466	11256820
11257467	11257339
11257467	11257474
11257468	5547644
11257469	1419054
11257470	1419054
11257471	1419054
11257472	11257473
11257473	11257472
11257474	11257467
11257475	11257476
11257476	11257475
11257477	10906658
11257478	533768
11257478	3482115
11257478	5547644
11257479	1673149
11257479	1674535
11257479	1686478
11257479	1780716
11257479	2909578
11257480	10591161
11257481	10591155
11257482	10611208
11257483	2421310
11257483	13393386
11257484	2224163
11257485	5473640
11257486	7964456
11257487	3606512
11257488	3139913
11257488	8443383
11257489	3606516
11257490	3783506
11257491	353352
11257492	7758991
11257492	7758999
11257492	8162543
11257493	2574146
11257494	1619672
11257495	2676626
11257496	11257498
11257498	11257496
11257499	1985028
11257499	12247577
11257500	3730754
11257500	3996909
11257500	4507782
11257501	3730754
11257501	3996909
11257501	4507782
11257502	3730754
11257502	3996911
11257502	4507783
11257502	4508656
11257503	1648641
11257503	1698589
11257503	3631528
11257503	3764888
11257503	11922314
11257504	2551786
11257505	2676627
11257506	1527785
11257506	11257507
11257506	11257516
11257506	11257517
11257506	11262321
11257506	11262322
11257507	1527785
11257507	11257506
11257507	11257516
11257507	11257517
11257507	12206757
11257507	12206759
11257508	11257512
11257509	11257510
11257509	11257514
11257509	11257520
11257509	11264613
11257509	11265330
11257510	11257509
11257510	11257511
11257510	11257514
11257510	11257520
11257510	11265330
11257511	11257510
11257511	11257514
11257511	11257520
11257511	11264613
11257511	11265331
11257512	11257508
11257513	2676627
11257514	11257509
11257514	11257510
11257514	11257511
11257514	11257520
11257514	11264613
11257514	11265330
11257515	11257518
11257515	11257519
11257516	1527785
11257516	11257506
11257516	11257507
11257516	11262321
11257516	11262322
11257517	1527785
11257517	11257506
11257517	11257507
11257517	11262321
11257517	11262322
11257518	11257515
11257518	11381083
11257519	11257515
11257520	11257509
11257520	11257510
11257520	11257511
11257520	11257514
11257520	11265330
11257521	2551787
11257523	11257526
11257525	2551787
11257525	11257827
11257525	11257828
11257526	11257523
11257529	3497297
11257530	3497297
11257535	2433857
11257536	2208585
11257536	2567817
11257536	2567819
11257539	11257541
11257540	2208585
11257540	2567817
11257541	11257539
11257542	2208585
11257542	2567819
11257546	11154708
11257548	11256774
11257549	11256774
11257552	696597
11257553	3449849
11257556	13254320
11257558	3262674
11257559	3738826
11257560	3738826
11257561	3738826
11257562	3738826
11257563	4134271
11257565	4134271
11257566	11257567
11257567	11257566
11257568	3738825
11257569	3738825
11257569	11487912
11257569	11487913
11257570	11571288
11257571	4134271
11257573	3740761
11257574	11135841
11257575	11135841
11257576	3740761
11257577	11135839
11257578	3740761
11257579	3740761
11257580	3740761
11257580	13334619
11257580	13334620
11257580	13334622
11257580	13334624
11257581	11135839
11257582	333544
11257583	2292415
11257583	11896233
11257585	1673300
11257586	11135838
11257587	11135838
11257588	6324597
11257589	6324597
11257590	11135838
11257592	12838717
11257593	3740690
11257595	11135829
11257596	11237460
11257597	11135829
11257598	6354183
11257598	11257600
11257599	800449
11257600	11257598
11257600	11268864
11257600	13468746
11257601	6354183
11257602	6157222
11257603	12742309
11257605	6157222
11257606	11257722
11257607	6157222
11257608	6157222
11257612	11257711
11257612	11910438
11257614	11135829
11257615	11135829
11257616	11257620
11257617	11135825
11257618	12513977
11257618	13175411
11257619	11256169
11257620	11257616
11257621	11135825
11257622	2547901
11257623	13475681
11257623	13475682
11257625	11260200
11257627	2547901
11257629	3738797
11257630	3738797
11257632	11135825
11257638	1698632
11257638	11257643
11257639	51871
11257639	11257645
11257640	2911687
11257641	2911687
11257642	44095
11257643	1698632
11257643	11257638
11257644	1698632
11257644	1699239
11257644	1755590
11257645	51871
11257645	11257639
11257646	11135817
11257647	3115534
11257647	12336132
11257648	2679091
11257649	11135817
11257650	3504205
11257650	11257652
11257651	3590905
11257652	11257650
11257653	3590910
11257654	44755
11257654	11257655
11257654	11477901
11257655	11257654
11257656	2485841
11257657	14248
11257658	14248
11257658	243851
11257658	243880
11257658	357467
11257658	391007
11257658	1832249
11257661	6838044
11257661	6846781
11257661	12269613
11257662	3817952
11257663	11135813
11257668	2556262
11257669	12681219
11257670	12710560
11257671	6211278
11257673	3738796
11257675	11135813
11257676	3738796
11257677	3010160
11257678	3738796
11257679	3738796
11257680	2703204
11257680	11864061
11257681	6211030
11257681	6211031
11257681	6736473
11257682	6211030
11257682	6211031
11257682	6736473
11257682	7369877
11257683	261867
11257683	11798642
11257684	3738796
11257685	239314
11257685	11082073
11257686	863634
11257686	1295361
11257686	1908137
11257686	11258304
11257687	3738796
11257688	328649
11257689	12370997
11257689	12371554
11257690	12370997
11257690	12371554
11257692	328649
11257693	3738796
11257694	3738796
11257695	44746
11257695	8099897
11257696	44746
11257696	8099897
11257698	11135813
11257700	328712
11257701	3738795
11257702	3738795
11257703	328712
11257704	3738795
11257705	462090
11257705	12419996
11257705	13109268
11257706	3738795
11257707	1263647
11257708	3738795
11257709	1554660
11257709	11820939
11257710	1858666
11257711	11257612
11257711	11258011
11257712	1858688
11257713	1858688
11257714	1858688
11257714	12661007
11257715	11257271
11257716	1858730
11257716	13008344
11257717	11257310
11257718	1858730
11257718	13008344
11257719	1858731
11257720	1858738
11257720	11821025
11257720	12009120
11257720	12009121
11257720	12009123
11257721	3738814
11257722	11257606
11257723	1858740
11257724	3738814
11257725	1858742
11257725	11821038
11257726	1858751
11257728	8297591
11257729	12663130
11257731	1858809
11257732	1858809
11257733	13795692
11257734	1858811
11257734	6484049
11257734	12336123
11257735	11247900
11257735	11249590
11257735	11249591
11257735	11252428
11257736	6936813
11257736	7415407
11257736	11162990
11257736	11257738
11257738	6936813
11257738	7415407
11257738	11162990
11257738	11257736
11257739	9871460
11257740	10208136
11257741	10457108
11257742	5775000
11257742	10457108
11257742	11257743
11257742	11257746
11257742	11257748
11257742	11257749
11257742	12125023
11257743	5775000
11257743	10457108
11257743	11257742
11257743	11257746
11257743	11257748
11257743	11257749
11257744	265907
11257745	1870339
11257745	12411221
11257746	5775000
11257746	10457108
11257746	11257742
11257746	11257743
11257746	11257748
11257746	11257749
11257747	11255657
11257748	5775000
11257748	10457108
11257748	11257742
11257748	11257743
11257748	11257746
11257748	11257749
11257749	5775000
11257749	10457108
11257749	11257742
11257749	11257743
11257749	11257746
11257749	11257748
11257750	10129126
11257751	269812
11257752	11252355
11257753	11257754
11257753	11795890
11257753	12370623
11257753	12461922
11257753	13594917
11257753	13639689
11257754	11257753
11257755	12886754
11257755	13246534
11257757	11251155
11257758	12889946
11257759	11251156
11257761	11251159
11257762	11253549
11257763	29005
11257764	5286822
11257764	5286823
11257764	11256099
11257764	11707502
11257764	11707503
11257764	12328917
11257765	5286822
11257765	5286823
11257765	11256099
11257765	11257766
11257765	11312491
11257765	11409834
11257765	14006308
11257766	11257765
11257766	14006307
11257767	11261028
11257769	24444
11257770	1445387
11257771	9868453
11257771	9869442
11257771	11773242
11257772	9868453
11257772	9869442
11257772	11773242
11257773	11261027
11257773	12653591
11257774	11261026
11257775	9868444
11257776	9868443
11257777	1121141
11257777	1121142
11257777	1121143
11257777	3139719
11257777	4483977
11257777	5243158
11257777	9867920
11257777	9867921
11257777	9868441
11257777	11257778
11257777	11257779
11257777	11257780
11257777	11257781
11257778	1120793
11257778	1121141
11257778	3139719
11257778	3235078
11257778	4483977
11257778	9640224
11257778	9640225
11257778	9867920
11257778	9867921
11257778	9868441
11257778	10169057
11257778	11257777
11257778	11257781
11257779	1121142
11257779	1121143
11257779	3139717
11257779	3139718
11257779	3139734
11257779	3593114
11257779	3593251
11257779	5243158
11257779	9868441
11257779	11257777
11257779	11257780
11257779	11257782
11257780	1121142
11257780	1121143
11257780	3139717
11257780	3139718
11257780	3139734
11257780	3593114
11257780	3593251
11257780	5243158
11257780	9868441
11257780	11257777
11257780	11257779
11257780	11257782
11257781	1120793
11257781	1121140
11257781	1121141
11257781	1121144
11257781	1248823
11257781	1699690
11257781	2038942
11257781	2223583
11257781	2230163
11257781	2702229
11257781	2702240
11257781	2702250
11257781	2815357
11257781	3139712
11257781	3139714
11257781	3139716
11257781	3139719
11257781	3235078
11257781	3593251
11257781	4483976
11257781	4483977
11257781	4637565
11257781	4825553
11257781	8431658
11257781	9640224
11257781	9640225
11257781	9867917
11257781	9867920
11257781	9867921
11257781	9868441
11257781	10169057
11257781	10217630
11257781	10217631
11257781	10235824
11257781	10462135
11257781	11257777
11257781	11257778
11257781	11257783
11257782	9868441
11257782	11257779
11257782	11257780
11257783	1120795
11257783	2230163
11257783	3235078
11257783	9868441
11257783	10169057
11257783	11257781
11257784	3030641
11257784	11257785
11257784	11257786
11257784	12041699
11257784	12041700
11257784	12041701
11257785	3030641
11257785	11257784
11257785	11257786
11257785	11257787
11257785	12041700
11257785	12041701
11257786	11257784
11257786	11257785
11257786	11257787
11257786	12041699
11257786	12041700
11257786	12041701
11257787	3030641
11257787	11257785
11257787	11257786
11257787	12041700
11257787	12041701
11257788	5990794
11257788	5990796
11257788	5990807
11257788	5991187
11257788	5991188
11257788	8024418
11257788	9990879
11257789	9990915
11257789	9991145
11257789	9991346
11257789	11257790
11257789	11257791
11257789	11257792
11257790	9990915
11257790	9991145
11257790	9991346
11257790	11257789
11257790	11257791
11257790	11257792
11257791	9990915
11257791	9991145
11257791	9991346
11257791	11257789
11257791	11257790
11257791	11257792
11257792	9990915
11257792	9991145
11257792	9991346
11257792	11257789
11257792	11257790
11257792	11257791
11257793	267364
11257794	9990873
11257794	13875796
11257795	10003044
11257795	10003190
11257795	10003359
11257795	10037412
11257795	10037476
11257795	10044516
11257795	10148423
11257796	6265118
11257797	8075354
11257798	11257800
11257799	11257800
11257799	12585892
11257799	12585893
11257800	11257798
11257800	11257799
11257801	2152016
11257801	2152019
11257801	2152028
11257801	2152176
11257801	9447847
11257801	9473443
11257801	11256953
11257802	10177262
11257802	10177264
11257803	1769909
11257803	11256932
11257804	1769909
11257804	13156910
11257805	11257809
11257806	11257809
11257807	11257809
11257807	11657568
11257808	11257809
11257809	11257805
11257809	11257806
11257809	11257807
11257809	11257808
11257810	11256914
11257811	4182224
11257811	5928314
11257811	11256680
11257812	11257818
11257813	11257818
11257814	11257818
11257815	11257818
11257816	11257818
11257817	11257818
11257818	750716
11257818	11257812
11257818	11257813
11257818	11257814
11257818	11257815
11257818	11257816
11257818	11257817
11257820	1848801
11257821	312585
11257822	7708085
11257823	7708085
11257824	11708204
11257826	7708085
11257827	11257525
11257827	12090105
11257828	11257525
11257829	5062409
11257830	5062409
11257830	11493985
11257831	2909489
11257831	10557207
11257832	10557207
11257833	10032274
11257833	10032288
11257834	10031854
11257834	10031864
11257835	10131921
11257836	10131455
11257836	10131921
11257836	11257837
11257836	11568357
11257837	10131455
11257837	10131921
11257837	11257836
11257837	11568357
11257838	8577585
11257839	10553426
11257840	16042
11257841	10129711
11257841	10511849
11257841	11102818
11257843	8900101
11257843	10129639
11257843	10129661
11257843	10130134
11257843	10132436
11257843	10132437
11257843	11064070
11257843	11257845
11257843	11257847
11257843	11257905
11257845	8900101
11257845	10129639
11257845	10129661
11257845	10130134
11257845	10132436
11257845	10132437
11257845	11064070
11257845	11257843
11257845	11257847
11257845	11257905
11257846	10489899
11257847	8900101
11257847	10129639
11257847	10129661
11257847	10130134
11257847	10132436
11257847	10132437
11257847	11064070
11257847	11257843
11257847	11257845
11257847	11257905
11257849	2548666
11257850	34727
11257851	11364624
11257852	11881014
11257854	1442387
11257856	10247626
11257856	11257861
11257858	10457107
11257859	12582617
11257861	10246857
11257861	10247626
11257861	11257856
11257862	237982
11257862	12589511
11257863	11260149
11257864	11260145
11257865	7919692
11257865	13332953
11257866	11772357
11257868	11258005
11257869	11257969
11257870	11257968
11257871	401189
11257871	871524
11257871	1637823
11257872	6699366
11257872	6699367
11257873	11260198
11257874	11257954
11257875	11257952
11257876	11257948
11257877	11257946
11257878	11258008
11257879	11257887
11257880	10371241
11257880	10371245
11257880	10371828
11257880	11257881
11257880	12107863
11257881	11257880
11257881	12288110
11257881	13564432
11257882	7896745
11257883	11260192
11257884	11260195
11257885	11260180
11257886	11260168
11257886	11260203
11257887	11257879
11257888	7896745
11257888	11257889
11257888	11257890
11257888	11257891
11257888	11257892
11257889	7896745
11257889	11257888
11257890	7896745
11257890	11257888
11257891	7896745
11257891	11257888
11257892	7896745
11257892	11257888
11257893	2803361
11257893	4493318
11257895	7920489
11257895	11488291
11257896	4671725
11257897	7920489
11257898	7920489
11257899	2249269
11257901	11257938
11257901	11257939
11257902	11257907
11257905	8900101
11257905	10129639
11257905	10129661
11257905	10130134
11257905	10132436
11257905	10132437
11257905	11064070
11257905	11257843
11257905	11257845
11257905	11257847
11257907	11257902
11257909	10560966
11257909	10560967
11257910	10560936
11257910	10560938
11257910	10560939
11257910	10560940
11257910	10560946
11257910	10566879
11257910	10680192
11257910	11257918
11257911	12114294
11257912	11257923
11257913	12114290
11257914	12114288
11257915	10304885
11257915	10304886
11257915	10308918
11257915	10458734
11257915	10514514
11257915	10514661
11257915	10514775
11257915	10514776
11257915	10514805
11257915	10514806
11257915	10516330
11257915	10516355
11257915	10576064
11257915	10576065
11257915	11257916
11257915	11257919
11257916	10304885
11257916	10304886
11257916	10458734
11257916	10514661
11257916	10514775
11257916	10514776
11257916	10514805
11257916	10514806
11257916	10516330
11257916	10516355
11257916	10571086
11257916	10571089
11257916	10576064
11257916	10576065
11257916	11257915
11257916	11257919
11257917	11256198
11257917	11256199
11257917	11256201
11257918	10560936
11257918	10560938
11257918	10560939
11257918	10560940
11257918	10560946
11257918	10566879
11257918	10680192
11257918	11257910
11257919	10304885
11257919	10304886
11257919	10308918
11257919	10458734
11257919	10514661
11257919	10514775
11257919	10514776
11257919	10514806
11257919	10516330
11257919	10516355
11257919	10571086
11257919	10571089
11257919	10576064
11257919	10576065
11257919	11257915
11257919	11257916
11257920	11256196
11257921	12114285
11257923	11257912
11257924	11252796
11257925	12114283
11257926	8085540
11257930	11260136
11257930	13250750
11257931	2111517
11257931	4557366
11257931	7910336
11257932	2047599
11257932	9194190
11257934	12116823
11257935	11257936
11257936	11257935
11257937	12116820
11257937	12116822
11257938	11257901
11257938	11946186
11257939	11257901
11257939	11319679
11257940	11257949
11257941	12114305
11257942	11258004
11257942	12379966
11257942	12380349
11257942	12380350
11257943	12114303
11257944	12069501
11257946	11257877
11257948	11257876
11257949	11257940
11257952	11257875
11257952	11258002
11257952	12375678
11257953	12114298
11257954	11257874
11257954	12536233
11257954	13206093
11257955	394894
11257956	8946722
11257957	11257970
11257959	76438
11257960	4198371
11257961	8946725
11257961	8946726
11257963	1180958
11257964	8946727
11257964	8946728
11257965	6634218
11257965	11291944
11257966	8946729
11257966	11987940
11257967	8946730
11257968	11257870
11257969	11257869
11257969	11260544
11257970	11257957
11257971	8946731
11257972	8946735
11257973	11257974
11257973	11260492
11257973	11260494
11257973	11260495
11257974	11257973
11257974	11260492
11257974	11260494
11257974	11260495
11257975	11257977
11257975	11257978
11257976	8946739
11257977	11257975
11257977	11257978
11257978	11257975
11257978	11257977
11257978	11291943
11257979	11257983
11257979	11260505
11257979	11267770
11257980	9606050
11257981	8946740
11257981	8946741
11257982	11257986
11257983	11257979
11257984	8946740
11257985	1553391
11257986	11257982
11257986	11303119
11257986	11303120
11257987	3200372
11257987	10642439
11257988	12415019
11257989	8946742
11257990	11257992
11257991	38308
11257991	38926
11257991	373320
11257991	611272
11257991	1849719
11257991	3818576
11257991	12603482
11257991	12603485
11257992	11257990
11257992	11260543
11257992	11303122
11257992	11303123
11257993	20344
11257993	1373393
11257995	8946752
11257996	8946752
11257997	4054941
11257998	8946752
11257999	8946752
11258000	11258001
11258001	11258000
11258001	11303125
11258001	11741391
11258002	11257952
11258003	8946753
11258003	8946754
11258004	11257942
11258004	12379966
11258005	11257868
11258006	11258010
11258007	3908012
11258008	11257878
11258008	12279488
11258008	13346327
11258008	13346329
11258008	13346330
11258009	2322743
11258009	11774259
11258009	12207424
11258010	11258006
11258011	11257711
11258012	11258017
11258012	13932444
11258013	11258018
11258013	12449153
11258014	11258015
11258014	11258016
11258014	13937765
11258014	13937766
11258014	13937767
11258015	11258014
11258015	11303130
11258016	11258014
11258017	11258012
11258018	11258013
11258019	10488550
11258019	10488552
11258019	10583934
11258019	11258021
11258020	3908012
11258020	11258022
11258021	10488550
11258021	10488552
11258021	10583934
11258021	11258019
11258022	11258020
11258023	6622274
11258023	6700863
11258023	12663510
11258023	12748338
11258023	12784218
11258023	12784219
11258023	12784220
11258025	10488550
11258026	10698209
11258026	10698358
11258027	1472390
11258027	2350285
11258027	2350298
11258027	3399077
11258027	5011952
11258027	11065435
11258027	11065436
11258027	11065437
11258027	11065439
11258027	11065929
11258027	11672236
11258027	11672240
11258027	11688678
11258027	11688679
11258027	12735034
11258028	11258034
11258029	11258033
11258029	11258166
11258029	11263893
11258029	11303680
11258029	12737491
11258029	12815852
11258029	13663007
11258029	13663008
11258030	11258165
11258030	11260542
11258030	11263891
11258030	11303681
11258030	12461196
11258031	11258035
11258031	11258164
11258031	11263890
11258031	11303683
11258031	11551120
11258032	11258163
11258032	11263887
11258032	11303688
11258032	11303692
11258033	11258029
11258033	12737491
11258033	12815852
11258034	11258028
11258035	11258031
11258035	11291942
11258036	12505418
11258037	11258162
11258037	11260490
11258037	11260519
11258037	11260957
11258037	11263886
11258037	11303698
11258037	11303699
11258037	11604682
11258038	13235630
11258039	1027452
11258039	12392828
11258040	11258041
11258040	11258043
11258041	11258040
11258041	11258043
11258041	11258161
11258041	11260539
11258041	11262143
11258041	11303707
11258041	11840520
11258041	11840521
11258042	12383674
11258043	11258040
11258043	11258041
11258043	11291941
11258044	266872
11258044	2713734
11258044	3826242
11258045	605257
11258045	4414178
11258045	6063696
11258046	2247507
11258046	7538205
11258046	12603486
11258046	12603487
11258046	12603488
11258046	12603489
11258046	12603490
11258047	366920
11258048	3024846
11258048	7185984
11258050	8385802
11258051	11148136
11258052	11148118
11258053	6785858
11258053	6785859
11258053	7992642
11258053	11259739
11258053	11261025
11258053	11296332
11258054	270237
11258054	12285210
11258055	3822222
11258056	11258058
11258058	11258056
11258058	11258160
11258058	11303718
11258059	2236164
11258059	2272649
11258060	2245000
11258060	2418244
11258060	3786011
11258060	4547379
11258060	4548158
11258060	5290845
11258060	5290846
11258060	5290848
11258060	5589998
11258060	6080133
11258060	7052110
11258061	2245077
11258062	10966197
11258063	10966197
11258064	3442426
11258065	3442426
11258066	3442426
11258066	3443496
11258066	5372666
11258066	6642333
11258067	11245451
11258068	806985
11258068	5350676
11258069	8281820
11258070	8311594
11258071	2872917
11258071	2873499
11258071	3298428
11258072	2872917
11258072	2873499
11258072	3298426
11258073	2872917
11258073	2873499
11258073	3298425
11258074	2272771
11258075	5446753
11258075	5448548
11258075	5481681
11258075	5689525
11258075	5697969
11258075	6047080
11258075	6915902
11258076	2548585
11258077	6899272
11258078	1436872
11258079	2520752
11258080	9868945
11258081	9015749
11258082	3271047
11258083	9918126
11258084	3710760
11258085	9918030
11258086	9918082
11258087	3710760
11258088	9918021
11258089	4470321
11258090	9866710
11258091	9866709
11258092	9866708
11258093	11244334
11258094	8897912
11258095	8897912
11258096	8897912
11258097	9866707
11258098	9866704
11258099	9866701
11258100	9866700
11258101	9866689
11258102	9866687
11258103	9866677
11258104	9866674
11258105	9866673
11258106	9350804
11258107	8631006
11258108	9866663
11258109	9866661
11258110	8579682
11258110	9867295
11258111	8845296
11258112	8659630
11258113	1049941
11258114	8978438
11258115	9867324
11258116	9867299
11258117	9866778
11258117	12041689
11258118	9866753
11258119	9866752
11258120	9866741
11258121	9866740
11258122	9866739
11258123	9866724
11258124	9866723
11258125	9350819
11258126	10664098
11258127	10805423
11258128	1391867
11258129	9866654
11258130	9866659
11258131	10219011
11258132	10805423
11258134	11258135
11258135	11258134
11258136	10555326
11258137	11258146
11258137	11258148
11258138	9866471
11258139	9866472
11258140	10936887
11258141	11253459
11258141	11258142
11258142	11253459
11258142	11253472
11258142	11253473
11258142	11258141
11258142	11258157
11258142	11258159
11258142	11268688
11258142	11303730
11258142	11349970
11258142	11905722
11258142	13600226
11258143	64088
11258144	11259369
11258146	11258137
11258146	11258148
11258146	11258156
11258146	11260442
11258146	11260443
11258146	11303736
11258146	12053967
11258146	13429781
11258146	13429785
11258147	11258150
11258148	11258137
11258148	11258146
11258148	12960906
11258149	284969
11258150	11258147
11258150	11258155
11258151	8463932
11258152	4881177
11258153	663799
11258154	5125793
11258154	5125799
11258154	5128949
11258154	12909705
11258154	12909759
11258155	11258150
11258156	11258146
11258157	11258142
11258158	4081557
11258159	11258142
11258160	11258058
11258161	11258041
11258162	11258037
11258163	11258032
11258164	11258031
11258165	11258030
11258166	11258029
11258167	531537
11258168	531537
11258168	12898147
11258169	2852610
11258170	11258171
11258170	11258172
11258171	11258170
11258172	11258170
11258173	2047599
11258173	9194190
11258174	11258177
11258175	8440524
11258175	8441814
11258177	11258174
11258177	11303748
11258181	11213208
11258182	12700199
11258184	11207832
11258186	12563115
11258188	12445757
11258190	11258191
11258191	11258190
11258191	12067187
11258199	987552
11258199	11303753
11258200	9866446
11258201	9866442
11258202	460038
11258202	9866441
11258203	9866440
11258204	9866420
11258205	12562865
11258206	9866400
11258207	9866395
11258208	9866386
11258209	12533506
11258210	12057999
11258213	12205832
11258214	12719021
11258214	13083401
11258217	12578523
11258218	12450772
11258219	13300477
11258221	1931996
11258221	12625943
11258222	13500987
11258223	9866382
11258224	9866379
11258225	9861905
11258226	9861902
11258227	9861881
11258228	11790009
11258229	8877689
11258250	44101
11258256	11262261
11258263	1860600
11258264	2476557
11258265	3295188
11258304	863634
11258304	1908137
11258304	11257686
11258347	9861409
11258348	9861405
11258350	9861364
11258355	9861317
11258356	9861294
11258358	9861289
11258358	12424781
11258363	9860929
11258365	9860928
11258366	9861724
11258369	9861557
11258371	9861547
11258372	9861516
11258375	9861507
11258398	9860901
11258401	9860900
11258403	9860891
11258404	9860890
11258404	13781634
11258405	9860870
11258416	9860848
11258418	9860838
11258420	9860836
11258430	9860826
11258431	9860825
11258433	9860820
11258434	9860819
11258435	9860818
11258439	9860815
11258439	12821249
11258442	9860812
11258443	9860813
11258445	9860811
11258449	9860809
11258449	12568585
11258450	9860808
11258451	9860807
11258454	9860792
11258454	13507827
11258455	9860790
11258456	9860787
11258457	9860785
11258479	11241247
11258479	11303757
11258504	11255249
11258509	11255205
11258511	11255205
11258519	8035322
11258520	8035322
11258522	8035322
11258523	8035322
11258527	8035322
11258529	8035322
11258530	2251618
11258530	2355173
11258530	11258667
11258531	2251618
11258531	11258572
11258531	11258668
11258539	2251618
11258539	2355173
11258539	11258667
11258541	2251618
11258541	11258572
11258541	11258668
11258555	2246709
11258555	2251618
11258555	2251619
11258555	2853325
11258558	2246711
11258558	2251618
11258558	2251619
11258558	2853327
11258559	5198542
11258559	10983663
11258559	11259289
11258559	11268108
11258559	11314725
11258572	2251618
11258572	11258531
11258572	11258541
11258572	11258599
11258572	11258668
11258579	11258585
11258579	11258589
11258579	11258603
11258579	11258607
11258579	11258677
11258581	9265323
11258582	9265323
11258583	9265323
11258585	11258579
11258585	11258589
11258585	11258677
11258589	11258579
11258589	11258585
11258589	11258603
11258589	11258607
11258589	11258623
11258589	11258626
11258589	11258632
11258589	11258654
11258589	11258677
11258589	11258680
11258589	11258837
11258589	12186198
11258589	12186199
11258598	2251618
11258598	2355173
11258598	11258667
11258599	2251618
11258599	11258572
11258599	11258668
11258599	13556219
11258599	13556222
11258603	11258579
11258603	11258589
11258603	11258677
11258607	11258579
11258607	11258589
11258607	11258677
11258611	2649064
11258612	2649064
11258612	10734177
11258615	2649064
11258620	2649064
11258621	2649064
11258622	2649064
11258622	10734177
11258623	11258589
11258623	11258645
11258623	11258654
11258623	11258680
11258623	11549732
11258626	11258589
11258626	11258645
11258626	11258654
11258626	11258680
11258626	11549732
11258632	11258589
11258632	11258645
11258632	11258654
11258632	11258680
11258632	11549732
11258645	11258623
11258645	11258626
11258645	11258632
11258645	11258654
11258645	11258680
11258645	11258837
11258645	11549732
11258645	12186199
11258652	6730846
11258654	11258589
11258654	11258623
11258654	11258626
11258654	11258632
11258654	11258645
11258654	11258680
11258654	11258837
11258654	11549732
11258654	12186198
11258654	12186199
11258667	2251618
11258667	2355173
11258667	11258530
11258667	11258539
11258667	11258598
11258668	2251618
11258668	11258531
11258668	11258541
11258668	11258572
11258668	11258599
11258677	11258579
11258677	11258585
11258677	11258589
11258677	11258603
11258677	11258607
11258677	12186198
11258677	13695839
11258680	11258589
11258680	11258623
11258680	11258626
11258680	11258632
11258680	11258645
11258680	11258654
11258680	11258837
11258680	11314731
11258680	11314733
11258680	11549732
11258680	12186199
11258691	11259360
11258693	11259362
11258713	11259362
11258717	11258728
11258717	11258730
11258717	11258735
11258717	11258739
11258717	11258740
11258717	11258745
11258717	11258749
11258717	11258755
11258717	11258808
11258717	11295637
11258728	2246713
11258728	2337366
11258728	2978683
11258728	3081328
11258728	4419429
11258728	4419431
11258728	11258717
11258728	11258735
11258728	11258740
11258728	11258749
11258728	11258808
11258728	11295637
11258730	2246713
11258730	2337366
11258730	3081329
11258730	4419427
11258730	4419430
11258730	11258717
11258730	11258739
11258730	11258745
11258730	11258755
11258730	11258787
11258730	11258808
11258735	11258717
11258735	11258728
11258735	11258808
11258735	11295636
11258739	11258717
11258739	11258730
11258739	11258808
11258739	12353185
11258739	12353188
11258740	11258717
11258740	11258728
11258740	11258808
11258740	11295637
11258745	11258717
11258745	11258730
11258745	11258808
11258749	11258717
11258749	11258728
11258749	11258808
11258749	11295636
11258755	11258717
11258755	11258730
11258755	11258808
11258787	2246713
11258787	2251603
11258787	2337366
11258787	8360757
11258787	11258730
11258808	11258717
11258808	11258728
11258808	11258730
11258808	11258735
11258808	11258739
11258808	11258740
11258808	11258745
11258808	11258749
11258808	11258755
11258808	11259288
11258808	11295636
11258808	11295637
11258808	11298054
11258808	11314736
11258808	11314737
11258837	11258589
11258837	11258645
11258837	11258654
11258837	11258680
11258837	11549732
11258879	13185282
11258880	13923326
11258913	12484096
11259006	2033079
11259128	11259342
11259138	11314740
11259151	11259335
11259153	11259336
11259159	11259349
11259179	9860780
11259180	3686
11259180	9860777
11259182	9858810
11259185	9858811
11259187	9858809
11259188	9858808
11259189	9858806
11259193	9858804
11259195	9858803
11259196	9858802
11259199	9858801
11259201	9858794
11259203	9858793
11259204	9858787
11259207	9858789
11259211	9858790
11259213	9858785
11259214	9858784
11259215	9858782
11259216	9858744
11259221	9858743
11259223	9858739
11259226	9858728
11259227	9858726
11259228	9858712
11259232	9858711
11259235	11259287
11259235	11259385
11259235	11259387
11259235	12503450
11259235	13877948
11259236	9858710
11259237	9858693
11259242	9858452
11259244	9858450
11259245	9858448
11259246	9858438
11259247	9858437
11259256	2012674
11259271	11259280
11259279	12108897
11259280	11259271
11259287	11259235
11259288	11258808
11259289	11258559
11259290	9858367
11259291	9858369
11259292	9858363
11259293	9858361
11259294	9858359
11259295	9858358
11259296	9858357
11259296	13440545
11259297	9858355
11259297	11527036
11259298	9857704
11259299	9857703
11259300	9857701
11259301	9857700
11259301	12491715
11259302	9857696
11259303	9857693
11259304	9857691
11259305	9857689
11259306	9857687
11259307	9857685
11259308	9857683
11259309	9857678
11259310	9857673
11259311	9857671
11259312	9857670
11259313	9857669
11259314	9857667
11259315	9857666
11259316	9857662
11259317	9857659
11259318	9857655
11259319	9857446
11259320	9857445
11259321	9857444
11259322	9857442
11259323	9857441
11259324	9855810
11259325	9855809
11259325	12804297
11259326	9855808
11259327	9855807
11259328	9855806
11259329	9855805
11259329	12453528
11259330	9855804
11259331	9855803
11259332	9855801
11259333	9855800
11259334	9855799
11259335	11259151
11259336	11259153
11259337	9855797
11259338	9855798
11259339	9855796
11259340	9855793
11259341	9855787
11259342	11259128
11259343	9855782
11259344	9855781
11259345	9855779
11259346	9855780
11259347	11122920
11259348	9855771
11259349	11259159
11259350	11123566
11259350	12306848
11259351	11123555
11259352	9855426
11259353	9855436
11259354	9855432
11259355	9855431
11259356	9855429
11259356	12900845
11259357	9855425
11259358	9855423
11259359	9855422
11259360	11258691
11259361	9855420
11259362	11258693
11259362	11258713
11259363	9855417
11259364	9855406
11259365	9855405
11259366	9858410
11259367	11458826
11259368	9858406
11259369	11258144
11259370	9858401
11259371	9858399
11259372	9858392
11259373	9858391
11259374	9858389
11259375	9858388
11259375	12907485
11259376	9858374
11259376	9858386
11259377	9858385
11259377	11906793
11259377	11906794
11259377	11906802
11259377	11906804
11259378	9858383
11259379	9858379
11259380	9858378
11259381	9855385
11259382	9855384
11259382	13396551
11259383	9855352
11259384	9855351
11259385	11259235
11259386	9855335
11259387	11259235
11259388	9855260
11259389	7132057
11259390	9855242
11259391	9855207
11259392	8470588
11259393	9855203
11259394	9855171
11259395	9855054
11259396	9854456
11259396	13533100
11259397	9854455
11259397	11894563
11259398	9854453
11259399	9854452
11259400	9854450
11259401	9854449
11259402	8463917
11259403	9854446
11259404	9854443
11259405	9854441
11259406	9854440
11259407	9854437
11259408	9854436
11259409	9854431
11259410	9854430
11259411	2911004
11259411	2914476
11259411	11259615
11259411	11259616
11259411	11259617
11259412	9854428
11259412	11934453
11259413	9854425
11259414	9854424
11259415	9854418
11259416	8468025
11259417	9854417
11259418	9854414
11259419	9854412
11259420	9854411
11259421	9854409
11259422	9854407
11259422	12870284
11259423	9854400
11259424	8463997
11259425	9854395
11259426	9854392
11259427	9854384
11259427	13438762
11259428	9854135
11259429	9853982
11259430	9853930
11259430	12128686
11259431	9852931
11259432	9852928
11259433	9853550
11259433	11894731
11259434	11259435
11259434	12702646
11259435	11259434
11259436	8464050
11259437	8484000
11259438	8479012
11259439	8466370
11259440	10482187
11259441	3912674
11259441	6156538
11259442	3992462
11259443	8476394
11259444	8482795
11259445	7183384
11259446	2078485
11259446	2366290
11259446	2723311
11259446	2931786
11259446	3471849
11259446	4805824
11259446	9193395
11259447	11259450
11259448	4104350
11259448	11280399
11259449	10582392
11259449	11260452
11259449	11260459
11259449	11260480
11259450	11259447
11259451	11259452
11259451	12702644
11259452	11259451
11259453	11257309
11259454	11259459
11259455	7880600
11259456	7880601
11259457	11259458
11259457	12702643
11259458	11259457
11259459	11259454
11259461	9853526
11259462	8284225
11259462	11314743
11259463	8284225
11259463	11314743
11259463	11314744
11259464	7634294
11259464	11314745
11259465	9851823
11259466	9853489
11259467	9853424
11259467	9853426
11259467	9853430
11259467	9853432
11259468	9853425
11259468	9853428
11259469	9853421
11259470	9853419
11259471	9853418
11259471	12042989
11259472	4994543
11259472	11314746
11259472	11314748
11259473	9853414
11259474	9853413
11259474	13784312
11259475	7623540
11259475	12008049
11259475	12008050
11259475	12008051
11259475	12008053
11259475	12008113
11259475	12008114
11259476	9853390
11259477	9853232
11259478	3222641
11259478	11314749
11259478	11314750
11259479	9853149
11259480	9853028
11259481	9852406
11259482	9852405
11259482	12528461
11259483	9852403
11259483	12870759
11259484	9851872
11259485	9851871
11259486	9851863
11259487	8308256
11259487	11260066
11259487	11314751
11259488	7634676
11259488	11314752
11259488	11314753
11259488	13647995
11259488	13692719
11259489	4981759
11259489	11314754
11259489	12358041
11259490	8308260
11259490	11314755
11259490	11314756
11259491	1327063
11259491	11314757
11259492	5060274
11259492	11314758
11259492	11666462
11259493	1136952
11259493	11314759
11259493	11783061
11259494	6590455
11259494	8308449
11259494	11314760
11259494	13279746
11259495	9851849
11259496	9853486
11259497	7800674
11259497	7800680
11259498	9818372
11259498	11314767
11259499	8314337
11259499	11314771
11259500	9853454
11259501	9853453
11259502	9853442
11259503	9853440
11259504	5139138
11259504	11314772
11259505	5909015
11259505	11314773
11259506	1280642
11259506	11260170
11259506	11314774
11259507	8772928
11259507	11314775
11259508	8598432
11259509	10362033
11259509	11314779
11259510	8197883
11259510	8197885
11259510	8197891
11259510	8197895
11259510	8197896
11259510	8198037
11259510	8598432
11259511	8143434
11259512	2484193
11259512	11314781
11259512	11314783
11259513	8143434
11259514	5840365
11259515	5840365
11259516	5001359
11259516	11320600
11259517	8598434
11259518	8197888
11259518	8197895
11259518	8197896
11259518	8198039
11259518	8285098
11259518	8598434
11259519	5090416
11259519	11320601
11259520	2491378
11259520	11320602
11259520	13337376
11259520	13337377
11259520	13337378
11259521	3222624
11259521	11320603
11259522	5018894
11259522	11320605
11259522	13919698
11259523	8773402
11259523	11320607
11259524	4121527
11259524	11320610
11259524	11320611
11259525	2509755
11259525	2509756
11259525	11268045
11259525	11268094
11259525	11268096
11259525	11268098
11259525	11268099
11259525	11320612
11259525	11827147
11259526	2509755
11259526	2509756
11259526	11259667
11259526	11268045
11259526	11268094
11259526	11268095
11259526	11268096
11259526	11268097
11259526	11268098
11259526	11268099
11259526	11320612
11259526	12642184
11259526	13256720
11259526	13256722
11259527	2810677
11259527	11320613
11259527	11320614
11259528	8394685
11259528	11320615
11259529	5004066
11259529	11320616
11259529	11320617
11259530	2509833
11259530	11320618
11259531	6161053
11259531	11320619
11259531	11320620
11259532	2509833
11259532	11320621
11259532	11784676
11259532	12196238
11259532	12196239
11259532	12196241
11259532	12196242
11259533	4360048
11259533	11320622
11259533	11320623
11259534	2680323
11259534	11262479
11259534	11268044
11259534	11320624
11259534	11366664
11259535	10362048
11259535	11320625
11259535	11320626
11259536	2707638
11259536	3487620
11259537	3487620
11259538	6736078
11259539	3491403
11259539	11320627
11259540	1790591
11259541	3787400
11259541	4531433
11259541	11320738
11259542	3787400
11259542	11320744
11259543	4988491
11259543	11320756
11259544	2789570
11259544	2888724
11259544	3162465
11259544	11320770
11259544	11320772
11259545	4898061
11259545	11320775
11259546	1813520
11259547	8770419
11259547	11320785
11259548	2213988
11259548	2217900
11259549	6736078
11259549	6736641
11259550	5010045
11259551	793560
11259551	11320808
11259551	13568028
11259552	1881323
11259553	444799
11259553	11320814
11259553	11320817
11259553	11320819
11259553	11320820
11259554	444823
11259554	11324844
11259554	11324846
11259555	1437658
11259555	11324850
11259555	11341022
11259556	1437658
11259556	1437687
11259556	11260165
11259556	11324851
11259556	11341022
11259557	4705608
11259558	5270168
11259559	10938284
11259560	4705608
11259561	2784863
11259562	2784863
11259563	2334712
11259563	4259981
11259564	10759707
11259564	11260164
11259564	11260188
11259564	11260191
11259564	11324857
11259565	2334712
11259565	4259986
11259566	2334712
11259566	4259987
11259567	4882667
11259568	11181550
11259568	11262477
11259568	11324861
11259568	11745770
11259568	11745772
11259568	11745773
11259568	12455779
11259568	12455802
11259569	196
11259570	2006087
11259570	11324866
11259570	11324870
11259571	4022741
11259571	11324876
11259572	3901170
11259572	11324881
11259573	3901170
11259573	11324884
11259573	13678737
11259574	5573958
11259575	5805799
11259576	6031956
11259576	9475640
11259576	11262474
11259576	11268043
11259576	11324885
11259576	11324887
11259576	11324889
11259577	9475604
11259577	11260461
11259577	11324893
11259578	3554979
11259579	6977970
11259579	11262473
11259580	9850843
11259580	13122171
11259581	9851224
11259582	9851223
11259583	9851205
11259584	9851199
11259585	9851153
11259586	9851113
11259587	9850866
11259588	9851036
11259589	9850863
11259590	9850856
11259591	9850855
11259592	9851295
11259593	9851250
11259594	9851248
11259595	9851314
11259596	5573958
11259597	9850829
11259598	9850830
11259599	5573958
11259600	6485937
11259601	6485937
11259602	6485938
11259603	6485938
11259604	8081328
11259605	8081327
11259606	6485938
11259607	8265089
11259608	6485938
11259609	10027950
11259610	1657722
11259610	1657723
11259610	6485938
11259611	9399071
11259612	1902305
11259613	6088752
11259614	6088752
11259615	11259411
11259616	11259411
11259617	11259411
11259618	11234847
11259618	11259625
11259619	7362896
11259620	8352088
11259621	8352088
11259622	8416133
11259623	8416133
11259624	10023204
11259625	11234847
11259625	11259618
11259626	10208130
11259627	10208130
11259629	11234847
11259630	11259633
11259630	11259634
11259630	11259635
11259630	11259636
11259630	11259638
11259630	11259639
11259630	11259642
11259630	11259643
11259630	11259644
11259630	11259663
11259630	11324897
11259631	2941104
11259632	2941104
11259633	11259630
11259634	11259630
11259634	11259638
11259634	11259643
11259635	11259630
11259636	11259630
11259637	5539556
11259638	11259630
11259638	11259634
11259638	11259663
11259639	11259630
11259640	5539556
11259641	5539556
11259642	11259630
11259643	11259630
11259643	11259634
11259643	11259663
11259644	11259630
11259644	11259650
11259644	11259652
11259644	11259663
11259645	3184946
11259645	5539556
11259646	3184946
11259646	5539556
11259647	452744
11259648	452744
11259649	11259651
11259649	11259653
11259649	11259654
11259649	11259655
11259649	11259656
11259649	11259657
11259649	11259658
11259649	11259659
11259649	11259660
11259649	11324899
11259650	11259644
11259651	11259649
11259651	11259654
11259651	11259655
11259651	11259656
11259651	11259659
11259652	11259644
11259653	11259649
11259654	11259649
11259654	11259651
11259654	11259659
11259654	11259660
11259655	11259649
11259655	11259651
11259655	11259659
11259656	11259649
11259656	11259651
11259656	11259659
11259657	11259649
11259657	11259659
11259658	11259649
11259658	11259659
11259659	11259649
11259659	11259651
11259659	11259654
11259659	11259655
11259659	11259656
11259659	11259657
11259659	11259658
11259659	11259660
11259659	11261023
11259659	12166093
11259660	11259649
11259660	11259654
11259660	11259659
11259661	13800648
11259663	11259630
11259663	11259638
11259663	11259643
11259663	11259644
11259664	6287696
11259665	6287696
11259667	11259526
11259668	3119271
11259670	5971932
11259671	5333039
11259673	6966709
11259674	11259675
11259674	11259677
11259674	11259678
11259674	11259680
11259674	11259682
11259674	11259688
11259674	11259689
11259674	11259690
11259674	11259692
11259675	11259674
11259675	11259682
11259675	11259690
11259675	12109150
11259676	5291486
11259677	11259674
11259677	11259690
11259678	11259674
11259678	11259690
11259679	5291486
11259680	11259674
11259680	11259690
11259680	12109150
11259681	11324902
11259682	11259674
11259682	11259675
11259682	11259690
11259682	11324907
11259682	12109144
11259682	12109147
11259682	12109150
11259682	12109156
11259683	11902428
11259683	11902429
11259683	12961786
11259683	12961788
11259684	251763
11259684	704407
11259685	10231649
11259686	10208233
11259687	11190253
11259688	11259674
11259688	11259690
11259689	11259674
11259689	11259690
11259690	11259674
11259690	11259675
11259690	11259677
11259690	11259678
11259690	11259680
11259690	11259682
11259690	11259688
11259690	11259689
11259690	11259692
11259690	11261021
11259690	12109150
11259691	5291486
11259692	11259674
11259692	11259690
11259694	315861
11259694	705440
11259696	7139669
11259697	7139669
11259698	259416
11259699	7139668
11259699	7139669
11259699	11259900
11259699	11259903
11259699	11259904
11259700	706874
11259701	2997443
11259702	770172
11259702	2221056
11259702	3378096
11259704	2915493
11259705	2096101
11259706	703294
11259708	703123
11259709	477970
11259709	707467
11259709	707473
11259709	710305
11259709	774411
11259709	1097833
11259709	1098985
11259709	1310149
11259709	1861424
11259713	13145205
11259714	2621294
11259714	2667349
11259714	10841814
11259714	11266635
11259714	11266636
11259715	477195
11259715	707417
11259716	707453
11259717	2166215
11259717	11896732
11259718	37452
11259719	270237
11259720	5438547
11259720	5441447
11259720	9681439
11259720	11203970
11259721	270238
11259722	1889728
11259722	11463950
11259722	13881715
11259722	13882220
11259723	8745
11259723	11203959
11259723	11259895
11259724	2639688
11259725	1912015
11259725	13059987
11259726	9207408
11259727	2031998
11259727	11973124
11259728	707102
11259729	2169551
11259731	707002
11259732	9709684
11259732	9709685
11259732	9749993
11259732	9770018
11259732	9770886
11259732	9770887
11259732	9770888
11259733	2290867
11259734	2914476
11259735	167860
11259736	6785858
11259737	2290867
11259737	12991568
11259737	12991572
11259738	9749993
11259738	9770887
11259738	9804962
11259739	6785858
11259739	6785859
11259739	11258053
11259740	6785860
11259741	2800316
11259741	12085482
11259742	11072522
11259742	11072526
11259743	2826606
11259744	3732789
11259745	2911691
11259745	11799769
11259745	13630973
11259745	13630977
11259746	6252948
11259747	6694789
11259748	3402243
11259749	6785865
11259750	2793063
11259751	3449460
11259752	3327437
11259752	10027575
11259753	3551514
11259754	3551514
11259755	6785867
11259756	11229487
11259757	1830634
11259757	2056251
11259757	2056253
11259757	5014747
11259757	11082075
11259758	1830634
11259758	2056250
11259759	3590896
11259760	9433368
11259760	9433371
11259760	9997079
11259760	11715478
11259760	11715483
11259761	707218
11259762	371581
11259762	8585080
11259763	3747243
11259764	7452851
11259765	3527268
11259765	11976008
11259766	3655976
11259767	5688096
11259768	2086750
11259768	11610164
11259768	11610165
11259769	8493486
11259770	3655976
11259771	11006451
11259771	11006458
11259771	11008588
11259772	1712897
11259773	1630745
11259774	3966050
11259774	13811544
11259775	6323421
11259775	11259778
11259775	12470442
11259775	12511245
11259776	8842866
11259777	10091641
11259778	11259775
11259779	2126
11259780	73733
11259781	388545
11259782	2308
11259783	1956747
11259784	73761
11259785	2854714
11259786	73862
11259787	2310
11259788	2068818
11259788	13804859
11259789	328334
11259790	1384733
11259791	4454341
11259792	2344
11259792	13442157
11259793	1858667
11259794	1401443
11259795	1858667
11259796	2358
11259797	2412
11259797	11809362
11259798	1858686
11259799	2425
11259800	2914478
11259801	1858696
11259802	2030054
11259802	2838126
11259802	11082078
11259803	2427272
11259804	1858701
11259805	6036
11259806	6054
11259808	15857
11259809	1858708
11259809	13654209
11259811	15980
11259813	1927555
11259814	69948
11259814	581444
11259814	581878
11259814	765528
11259814	11810727
11259815	11259819
11259816	1858724
11259817	11259819
11259819	11259815
11259819	11259817
11259820	1858733
11259821	4529052
11259821	11259868
11259821	11259872
11259822	11259824
11259823	11259825
11259823	11259865
11259824	11259822
11259825	11259823
11259826	16152
11259827	254584
11259827	441899
11259827	10106954
11259827	11259854
11259828	1858808
11259829	1401443
11259830	1858810
11259832	1889726
11259833	16776
11259834	3008562
11259835	2030054
11259835	2838128
11259837	32257
11259837	11082079
11259839	5913699
11259840	5913699
11259841	3222652
11259842	11259847
11259843	3302497
11259844	3449461
11259845	10596566
11259846	11135246
11259846	12679968
11259847	11259842
11259849	11199259
11259849	11260441
11259850	10596566
11259851	11018826
11259851	13761591
11259851	13761594
11259852	1026166
11259852	3639681
11259853	5662137
11259854	441899
11259854	11259827
11259855	2905789
11259855	5320080
11259855	5336117
11259855	5337421
11259855	5339733
11259855	11260462
11259856	254584
11259857	254584
11259857	441899
11259858	7264491
11259859	8516059
11259860	11119822
11259860	11502827
11259861	3732821
11259861	11082084
11259862	11082085
11259863	11082085
11259864	11119822
11259864	11502827
11259865	11259823
11259866	11082086
11259868	4529052
11259868	11259821
11259869	2235044
11259869	11482776
11259869	13395688
11259869	13395689
11259870	1858677
11259870	13289514
11259871	374827
11259871	448645
11259871	685622
11259871	1032960
11259871	1876041
11259871	2057650
11259871	5879176
11259871	5988830
11259871	10706492
11259871	11260025
11259871	11260026
11259871	11260029
11259871	11260030
11259871	11260032
11259871	11260033
11259871	11260034
11259871	11260035
11259871	11260036
11259871	11260037
11259871	11260038
11259872	11259821
11259873	1858678
11259874	1876041
11259874	5988830
11259875	5735966
11259877	977986
11259877	11296325
11259878	5735968
11259879	2518005
11259879	8612652
11259880	5735969
11259881	7048498
11259881	7048499
11259881	7466889
11259881	7467300
11259881	7535175
11259881	8868638
11259881	10571090
11259881	10571094
11259881	10576070
11259881	10576071
11259882	5735972
11259883	5735972
11259884	4040270
11259885	9103843
11259886	24492
11259887	5735974
11259888	12580902
11259889	24498
11259890	5735975
11259891	5735981
11259892	5735981
11259893	5735983
11259894	5735983
11259895	11259723
11259896	5735983
11259897	25708
11259898	5735983
11259899	25771
11259900	7139668
11259900	7139669
11259900	11259699
11259901	25878
11259902	25970
11259903	7139668
11259903	7139669
11259903	11259699
11259903	11259904
11259904	11259699
11259904	11259903
11259904	11261018
11259905	26040
11259906	1876041
11259907	1876041
11259908	1876041
11259909	27042
11259910	11259912
11259911	10012384
11259912	11259910
11259913	7818625
11259913	11259918
11259913	11260056
11259913	11381065
11259913	12348584
11259913	13070049
11259913	13650197
11259913	13650200
11259914	28321
11259914	164000
11259914	250510
11259914	761549
11259914	1498398
11259914	2005008
11259914	2895246
11259914	12748143
11259914	13646555
11259914	13648285
11259914	13648289
11259914	13648290
11259915	3970863
11259915	3972600
11259915	3982509
11259915	7536071
11259916	11255200
11259917	28842
11259918	11259913
11259919	10325892
11259919	10326409
11259920	7818556
11259921	10737641
11259922	29430
11259923	29431
11259923	13441377
11259924	29437
11259925	13604226
11259926	29525
11259927	11040624
11259927	11259936
11259927	11259937
11259928	2395476
11259928	3416646
11259928	4752082
11259928	11324909
11259928	12206682
11259928	13356104
11259929	11259931
11259930	29846
11259931	11259929
11259933	10272579
11259933	11324922
11259933	11324923
11259933	13498291
11259933	13498292
11259934	307063
11259934	331839
11259934	358245
11259934	530408
11259935	30181
11259936	2470191
11259936	11259927
11259937	11259927
11259937	11268697
11259938	30530
11259939	30530
11259940	35027
11259941	35131
11259942	9579190
11259942	10999944
11259942	11167161
11259943	11026797
11259944	11260433
11259944	11324929
11259944	12138646
11259945	11259947
11259946	9088707
11259947	11259945
11259948	11082087
11259949	3618518
11259949	11082091
11259950	3354510
11259950	5057727
11259950	5057728
11259950	9944220
11259950	10890165
11259950	10900914
11259950	10900915
11259950	11541614
11259950	11541615
11259950	11541616
11259950	11541618
11259951	8634128
11259951	8648182
11259951	11048553
11259951	11231975
11259952	257888
11259952	11082093
11259953	7240678
11259954	10004020
11259955	257888
11259955	11082093
11259956	6266189
11259956	10787374
11259957	2011531
11259957	8229005
11259958	292326
11259959	6335938
11259959	6335939
11259959	6871148
11259959	11082098
11259960	6335938
11259960	6335939
11259960	6871148
11259961	2154803
11259961	10905888
11259962	281277
11259963	6335938
11259963	6335939
11259963	6871148
11259963	11082098
11259964	6335938
11259964	6335939
11259964	6871148
11259964	13261870
11259965	10905888
11259966	6335938
11259966	6335939
11259966	6871148
11259966	11082098
11259967	6335938
11259967	6335939
11259967	6871148
11259968	8270411
11259969	10891363
11259969	10891365
11259969	10891367
11259970	8914455
11259970	10665847
11259972	16226
11259975	6881746
11259975	9173589
11259976	9189244
11259977	10184576
11259978	11259982
11259978	11259983
11259979	8779249
11259979	9189244
11259980	8981038
11259981	288660
11259982	11259978
11259983	11259978
11259984	11259993
11259984	11260007
11259984	11260008
11259984	11262126
11259984	11262483
11259984	11281206
11259984	11626511
11259984	11626513
11259984	13993707
11259985	1662719
11259985	1714253
11259985	1714256
11259985	8609231
11259985	8609232
11259985	10048952
11259986	3129757
11259986	10049099
11259986	13466688
11259986	13466689
11259987	8400805
11259987	8402245
11259987	10555579
11259988	8640804
11259989	3245290
11259990	11082102
11259990	11260055
11259991	10191323
11259992	11082102
11259992	11259999
11259993	11259984
11259993	11260007
11259993	11260008
11259993	11262126
11259993	11262483
11259993	11281206
11259994	4765507
11259995	2255039
11259995	11082103
11259996	316131
11259997	11260024
11259998	826057
11259999	9648089
11259999	11259992
11260000	9283326
11260001	9853905
11260001	9853910
11260001	9853911
11260001	9934640
11260001	9934642
11260001	9934924
11260001	9934925
11260001	10112557
11260002	324465
11260003	7165968
11260004	7165968
11260005	11260006
11260005	12333562
11260006	11260005
11260007	11259984
11260007	11259993
11260007	11260008
11260007	11262126
11260007	11262483
11260007	11281206
11260008	11259984
11260008	11259993
11260008	11260007
11260008	11262126
11260008	11262483
11260008	11281206
11260009	5461610
11260010	7544567
11260011	7544567
11260012	598529
11260012	1870303
11260012	11324939
11260013	13385855
11260013	13385856
11260015	5603470
11260016	533809
11260016	10507986
11260017	11132790
11260017	11260018
11260018	11132790
11260018	11260017
11260019	11132790
11260020	130289
11260020	286382
11260020	539241
11260020	620688
11260021	130289
11260021	539241
11260022	5846301
11260022	11082111
11260023	5541568
11260024	11259997
11260025	1567614
11260025	4701405
11260025	11259871
11260026	11259871
11260026	11324942
11260027	6111051
11260027	11082112
11260028	2542414
11260028	3151707
11260028	8931568
11260028	11082113
11260029	11259871
11260030	11259871
11260030	11324945
11260030	12234598
11260030	12234599
11260030	13440645
11260031	6350693
11260031	11082114
11260032	1567614
11260032	11259871
11260033	11259871
11260034	11259871
11260035	11259871
11260035	11535701
11260035	11898347
11260035	12359685
11260035	12461707
11260035	13142066
11260035	13168655
11260035	13332248
11260035	13498802
11260035	13532672
11260036	2565591
11260036	11259871
11260036	13386853
11260036	13386854
11260037	11259871
11260037	12229185
11260037	12229186
11260038	11259871
11260041	5929197
11260041	11132750
11260042	5929197
11260042	11132750
11260042	13614400
11260043	620699
11260044	620699
11260045	620699
11260046	620699
11260055	11259990
11260055	13282853
11260055	13282854
11260056	7818625
11260056	11259913
11260056	13650200
11260057	2028631
11260057	2146786
11260057	2192420
11260057	11082120
11260058	6244800
11260058	6868961
11260058	7512400
11260058	11082121
11260059	6244800
11260059	6868961
11260059	7512400
11260059	11082121
11260060	11082123
11260061	11082127
11260065	11255200
11260066	11259487
11260077	11256058
11260077	11268064
11260078	2152257
11260078	6149783
11260078	6154786
11260078	8741674
11260078	8742808
11260079	9833118
11260079	9833119
11260079	11256050
11260082	11254463
11260083	11254455
11260084	6537
11260084	257506
11260084	1738311
11260084	2099818
11260084	6365372
11260085	1160889
11260085	1235422
11260085	3374229
11260085	5238922
11260085	12936267
11260086	11863944
11260089	11260091
11260090	11260098
11260090	11260106
11260090	11260139
11260090	11260160
11260090	11260175
11260090	11260177
11260090	11260179
11260090	11260183
11260090	11260185
11260091	11260089
11260092	11433277
11260093	11254420
11260094	11254318
11260095	11254318
11260096	11254318
11260097	11254317
11260098	11260090
11260098	11260183
11260099	11260101
11260101	11260099
11260102	11260109
11260103	11254297
11260105	11254297
11260106	11260090
11260106	11260183
11260107	11092524
11260108	3309914
11260108	11082140
11260108	11260154
11260109	11260102
11260109	11261115
11260110	3309914
11260110	11082140
11260110	11260154
11260111	3309914
11260111	11260154
11260112	11265516
11260113	3309914
11260113	11260154
11260114	3309914
11260114	11082140
11260114	11260154
11260117	11260121
11260118	11082945
11260119	11082653
11260120	11082945
11260121	11260117
11260123	280804
11260125	11260126
11260126	11260125
11260127	10176081
11260128	10176080
11260129	11260130
11260130	11260129
11260131	10176081
11260132	10176080
11260132	13137762
11260133	11260134
11260134	11260133
11260134	11260138
11260134	11579860
11260135	11260137
11260136	11257930
11260136	11260142
11260136	11260150
11260136	13594202
11260137	11260135
11260137	12903804
11260138	11260134
11260139	11260090
11260139	11260160
11260139	11260183
11260140	10476292
11260141	11083091
11260141	11083094
11260142	11260136
11260142	11260150
11260143	11083093
11260143	11083096
11260144	10476292
11260145	11257864
11260146	10476292
11260147	11260148
11260148	11260147
11260149	11257863
11260150	11260136
11260150	11260142
11260151	11260152
11260151	11260153
11260152	11260151
11260153	11260151
11260154	1222043
11260154	1222044
11260154	1222045
11260154	1222046
11260154	1535577
11260154	1536948
11260154	3081939
11260154	3130030
11260154	3309914
11260154	8872045
11260154	8872046
11260154	11082140
11260154	11260108
11260154	11260110
11260154	11260111
11260154	11260113
11260154	11260114
11260155	11151491
11260155	11242394
11260155	11260206
11260155	11260207
11260156	11260157
11260156	11260158
11260157	11260156
11260158	11260156
11260158	13462467
11260159	11260163
11260159	11260181
11260159	11260359
11260159	11801329
11260159	13948550
11260160	11260090
11260160	11260139
11260160	11260183
11260161	11260162
11260162	11260161
11260163	11260159
11260163	11260359
11260163	11801329
11260163	13177194
11260163	13948549
11260163	13948550
11260164	11259564
11260164	11260174
11260164	11260188
11260164	11260191
11260165	11259556
11260166	11260167
11260167	11260166
11260168	11257886
11260168	11260212
11260168	11260213
11260168	11260220
11260168	11971682
11260169	11260172
11260170	11259506
11260170	11341009
11260171	11256079
11260171	11340967
11260171	11340976
11260172	11260169
11260173	11256078
11260173	11340957
11260174	11260164
11260175	11260090
11260175	11260183
11260176	11256077
11260176	11340936
11260176	11340952
11260177	11260090
11260177	11260183
11260178	11256046
11260178	11340918
11260179	11260090
11260179	11260183
11260180	11257885
11260181	11260159
11260181	11260359
11260181	11814351
11260183	11260090
11260183	11260098
11260183	11260106
11260183	11260139
11260183	11260160
11260183	11260175
11260183	11260177
11260183	11260179
11260183	11260185
11260185	11260090
11260185	11260183
11260186	11260187
11260187	11260186
11260188	10759707
11260188	11259564
11260188	11260164
11260189	11260190
11260189	12656510
11260190	11260189
11260191	10759707
11260191	11259564
11260191	11260164
11260192	11257883
11260192	11335942
11260193	11260194
11260194	11260193
11260195	11257884
11260196	6985497
11260197	7883110
11260197	11260199
11260197	12311278
11260198	11257873
11260198	11260210
11260199	11260197
11260200	11257625
11260201	11260202
11260202	11260201
11260203	11257886
11260204	11260205
11260205	11260204
11260206	11260155
11260207	11260155
11260208	3258612
11260208	3258613
11260208	6985497
11260208	6985815
11260209	11232946
11260209	11260211
11260209	11260214
11260209	11260215
11260210	11260198
11260211	11260209
11260212	11260168
11260212	11260217
11260212	11260219
11260212	11260220
11260213	11260168
11260213	11260222
11260213	11260223
11260214	11232946
11260214	11260209
11260215	11232946
11260215	11260209
11260216	11265497
11260216	11265498
11260216	11265499
11260216	11265500
11260217	11260212
11260219	11260212
11260220	11260168
11260220	11260212
11260221	5389644
11260222	11260213
11260223	11260213
11260224	5877196
11260224	11262062
11260224	12206676
11260224	12676699
11260225	2700678
11260225	8721243
11260226	8779034
11260227	3556698
11260228	3556698
11260229	1293118
11260230	3556698
11260231	2893013
11260232	3031035
11260233	3031035
11260234	3031035
11260236	2367665
11260236	11265496
11260236	13075092
11260236	13075093
11260237	12676598
11260238	10212004
11260238	11260453
11260238	11260454
11260238	11265495
11260238	11387679
11260239	5741928
11260239	5741929
11260239	6795795
11260239	7079558
11260239	8407198
11260239	9118203
11260239	11260451
11260239	11260455
11260239	11261235
11260239	11261236
11260239	11261238
11260239	11261240
11260239	11261789
11260239	11262661
11260239	11262679
11260239	11262897
11260239	12206674
11260239	12552468
11260240	11275432
11260240	11275433
11260240	12206673
11260242	10703070
11260243	4073327
11260243	11260244
11260243	11261015
11260243	13361379
11260243	13361380
11260243	13361385
11260243	13361386
11260244	4073327
11260244	11260243
11260244	13361379
11260244	13361385
11260245	8855593
11260245	8859484
11260246	7563153
11260247	4121144
11260247	4122307
11260247	5292600
11260248	4029293
11260249	8969716
11260249	11260250
11260249	11261009
11260250	8969716
11260250	11260249
11260250	11261009
11260251	11181521
11260251	11262242
11260252	5981443
11260253	7890215
11260253	11260254
11260254	7890215
11260254	11260253
11260255	10882458
11260256	10155919
11260257	10155919
11260258	10155919
11260259	5805821
11260260	6625890
11260260	13033916
11260261	2504648
11260262	11261189
11260263	8466278
11260264	3428837
11260265	5311887
11260266	2304768
11260271	6467209
11260272	12058016
11260273	11985632
11260273	12559370
11260275	8697407
11260277	1958583
11260280	4049077
11260280	4051956
11260281	7636760
11260284	626207
11260285	6616829
11260285	6616830
11260285	6617689
11260287	2179490
11260289	655628
11260290	3873852
11260290	13465644
11260291	6618183
11260292	3374029
11260293	9772596
11260294	3160915
11260295	10822908
11260296	375409
11260297	6119686
11260298	6607181
11260299	6634603
11260300	6644646
11260301	1343584
11260302	2746402
11260303	3748990
11260303	11630587
11260304	2484933
11260305	6626032
11260306	940061
11260307	1924138
11260307	13043918
11260309	3767423
11260310	4945050
11260311	50603
11260311	5995178
11260312	3839280
11260312	5891530
11260313	10162252
11260314	11261566
11260315	1832412
11260316	6831660
11260317	10712657
11260318	4895669
11260319	3034492
11260320	2174671
11260320	12857771
11260320	12857898
11260321	620927
11260322	7481645
11260323	9966411
11260324	7546311
11260325	6216226
11260326	4887028
11260327	3847920
11260328	7635903
11260329	11261468
11260329	11261500
11260330	1785523
11260331	933021
11260332	3128435
11260333	9606042
11260334	10071672
11260334	13547236
11260335	8627945
11260336	4186672
11260337	10069738
11260338	8886119
11260338	10804236
11260338	13019668
11260338	13019671
11260339	1421019
11260339	13531606
11260340	11119224
11260341	3904882
11260341	5248561
11260342	1680628
11260343	1450285
11260344	7847559
11260344	12958677
11260345	8560291
11260345	11260347
11260345	12659803
11260346	5708622
11260346	13272070
11260347	11260345
11260347	12659803
11260348	7939271
11260349	860248
11260350	8069287
11260351	8861804
11260352	9962577
11260353	10091457
11260354	10763046
11260355	2134193
11260355	5622391
11260356	1931813
11260357	3945044
11260357	3946018
11260357	3950763
11260357	4410734
11260357	5249703
11260357	6727396
11260358	11125779
11260359	11260159
11260359	11260163
11260359	11260181
11260359	11261007
11260359	11296317
11260360	10928277
11260361	10928277
11260362	10928277
11260363	10928277
11260368	5769145
11260368	5930847
11260368	10736593
11260369	10799267
11260374	10588840
11260374	11794576
11260375	9706605
11260376	3312587
11260376	5180880
11260376	8653175
11260378	9842170
11260378	9842171
11260380	13260559
11260382	12116825
11260385	12114464
11260386	12114463
11260388	12114461
11260391	12114460
11260392	12114459
11260393	12116826
11260394	602061
11260395	13021997
11260396	11917982
11260398	13566013
11260410	12114491
11260412	12114490
11260414	12114485
11260414	13664026
11260415	14753
11260416	12114482
11260417	12116829
11260418	12114478
11260432	6480885
11260433	11259944
11260434	1111201
11260435	1111201
11260436	1821179
11260437	2419433
11260437	11178087
11260438	7367869
11260439	50020
11260439	351279
11260440	667290
11260441	11259849
11260442	11258146
11260443	11258146
11260450	560511
11260450	13163942
11260451	11260239
11260452	11259449
11260453	11260238
11260454	11260238
11260455	6795795
11260455	9118203
11260455	11260239
11260455	11261235
11260455	11261236
11260455	11261238
11260455	11261240
11260455	11261789
11260455	11262661
11260455	11262679
11260455	11262897
11260456	7963531
11260457	7963531
11260457	12206031
11260458	10919087
11260458	10919429
11260458	11260477
11260459	11259449
11260460	9717780
11260460	11261002
11260461	11259577
11260462	2905789
11260462	5320080
11260462	5336117
11260462	5337421
11260462	5339733
11260462	11259855
11260463	602045
11260464	602045
11260465	1911632
11260465	12939537
11260466	5247409
11260467	4260471
11260468	5591030
11260469	8655117
11260470	495934
11260471	4097971
11260472	4097971
11260473	128716
11260474	11263164
11260475	7575632
11260476	11191268
11260477	11260458
11260478	11244527
11260479	4980512
11260480	11259449
11260480	12534958
11260481	11260482
11260481	11263880
11260481	13188867
11260481	14016444
11260482	11260481
11260482	11260484
11260484	11260482
11260485	398158
11260486	5923090
11260487	8008335
11260488	178640
11260489	2722381
11260490	11258037
11260490	11260519
11260490	11263886
11260491	10837037
11260492	11257973
11260492	11257974
11260492	11260495
11260492	11266075
11260493	8700693
11260494	11257973
11260494	11257974
11260495	11257973
11260495	11257974
11260495	11260492
11260496	711128
11260497	803270
11260497	11260556
11260498	1364524
11260499	711128
11260500	2960935
11260500	11260555
11260501	11260509
11260501	11260514
11260501	11560671
11260502	5263609
11260503	5726619
11260503	8221994
11260504	1082060
11260505	11257979
11260506	7841765
11260507	7841765
11260508	128349
11260509	11260501
11260509	11261000
11260510	488796
11260511	2305861
11260512	2305861
11260513	1109906
11260514	11260501
11260514	11945939
11260515	6204174
11260516	11158521
11260517	7141225
11260518	1650846
11260519	11258037
11260519	11260490
11260520	11260522
11260520	11260998
11260521	8249317
11260522	11260520
11260523	1593321
11260524	11260525
11260525	11260524
11260526	7290419
11260526	8450029
11260526	11260528
11260527	11163014
11260528	11260526
11260529	7389404
11260530	412429
11260530	1203209
11260531	1203209
11260531	11267679
11260532	3391815
11260532	3393098
11260532	3393099
11260532	4058548
11260533	11260534
11260533	13608398
11260534	11260533
11260535	6941620
11260536	7008935
11260537	9447994
11260538	9447994
11260539	11258041
11260540	10118129
11260541	10118129
11260542	11258030
11260543	11257992
11260544	11257969
11260545	7016182
11260546	10118129
11260547	10118129
11260548	9988793
11260548	9988794
11260548	9988795
11260550	17410
11260552	11260557
11260552	13175434
11260553	17292
11260555	2960935
11260555	11260500
11260556	803270
11260556	11260497
11260557	11260552
11260558	10613663
11260560	303899
11260560	317090
11260561	314875
11260561	370607
11260562	370609
11260563	370609
11260563	13441340
11260564	370609
11260565	370647
11260566	370671
11260567	100585
11260567	133247
11260567	371408
11260567	371409
11260567	371410
11260567	387508
11260567	450240
11260567	675589
11260567	758098
11260567	779378
11260567	982224
11260567	1130999
11260567	1131002
11260567	1392310
11260567	2078696
11260567	2113819
11260567	2366267
11260567	2366273
11260567	2723339
11260567	3378168
11260567	3378169
11260567	4185461
11260567	4319706
11260567	4832460
11260567	5085421
11260567	5422536
11260567	5977926
11260567	6586912
11260567	6670052
11260567	8466296
11260567	8475558
11260567	8475597
11260567	10808472
11260567	12204038
11260567	13954763
11260568	371409
11260568	371410
11260568	387508
11260568	758098
11260568	982224
11260568	3378169
11260568	5085421
11260568	5977926
11260569	10711101
11260571	5329211
11260572	1082584
11260573	5116631
11260574	11260575
11260574	11309625
11260575	11260574
11260576	10906552
11260577	11260578
11260577	11260580
11260577	11260582
11260577	11260583
11260577	11260584
11260577	11260585
11260577	11260586
11260577	11260588
11260577	11260589
11260578	11260577
11260578	11260582
11260578	11260589
11260579	11260581
11260579	11260681
11260580	11260577
11260581	11260579
11260582	11260577
11260582	11260578
11260582	12288422
11260583	11260577
11260584	11260577
11260585	11260577
11260586	11260577
11260587	10906574
11260588	11260577
11260589	11260577
11260589	11260578
11260590	12915156
11260591	11260592
11260592	11260591
11260593	11260594
11260594	11260593
11260595	11260596
11260596	11260595
11260597	11260598
11260597	12276396
11260598	11260597
11260601	11260602
11260602	11260601
11260603	11260604
11260604	11260603
11260605	11260606
11260606	11260605
11260607	11260608
11260608	11260607
11260609	11260610
11260610	11260609
11260612	11260613
11260612	11606559
11260612	11606560
11260613	11260612
11260615	11260617
11260617	11260615
11260620	11397113
11260621	11694814
11260628	11229476
11260630	7269350
11260631	986432
11260631	989565
11260631	992900
11260631	992901
11260631	1003517
11260631	1853458
11260631	1947562
11260631	9444010
11260631	13766537
11260631	13766606
11260631	13766607
11260633	986432
11260633	1003517
11260633	9444010
11260633	13766537
11260633	13766604
11260633	13766605
11260633	13766609
11260633	13766610
11260637	11229475
11260638	986432
11260639	13241150
11260640	986432
11260641	13366152
11260642	11904092
11260643	11696315
11260644	11229472
11260648	11229471
11260651	11229453
11260656	11260666
11260659	10685023
11260659	11260675
11260660	11229447
11260663	11229446
11260664	4679128
11260665	11260669
11260666	11260656
11260667	10023898
11260667	13295141
11260668	11260670
11260668	11260671
11260669	11260665
11260670	11260668
11260671	11260668
11260672	10496092
11260673	2463406
11260673	3702521
11260675	11260659
11260676	1874080
11260678	678540
11260679	11229442
11260681	11260579
11260683	12021723
11260683	12021724
11260684	11229437
11260687	943858
11260688	5345186
11260689	11229436
11260693	8928902
11260693	11537395
11260694	13428569
11260695	11229435
11260696	3200697
11260696	12095472
11260696	12098279
11260696	12098543
11260696	12099729
11260698	5592626
11260698	11260884
11260698	11936339
11260698	13663904
11260698	13663905
11260698	13887684
11260698	13887685
11260698	13887686
11260699	8586250
11260700	11229434
11260703	7326181
11260704	11742615
11260705	5360450
11260706	11260806
11260707	11603316
11260708	11603317
11260709	11603318
11260709	13365157
11260709	13365159
11260710	11229431
11260711	11603320
11260714	402384
11260714	568983
11260714	11268702
11260717	1791225
11260717	2092407
11260717	11715172
11260717	11715173
11260717	12409313
11260717	13365156
11260722	12769807
11260729	161434
11260731	13682508
11260731	13682509
11260733	11001439
11260734	563360
11260734	1349091
11260735	4257396
11260736	563360
11260737	11266046
11260739	230981
11260742	4493590
11260742	9963914
11260743	13798155
11260745	120887
11260746	488796
11260747	488796
11260748	237376
11260749	488796
11260750	9855986
11260754	772296
11260755	13366297
11260755	13366302
11260756	5955899
11260758	843592
11260759	3030647
11260760	187656
11260764	8571139
11260766	12126130
11260766	12126329
11260768	12382571
11260768	13807106
11260770	13365160
11260771	12298674
11260772	3172320
11260772	6186184
11260773	3172320
11260773	6186185
11260774	3172320
11260774	6186186
11260775	3172320
11260775	6186185
11260775	6186187
11260778	6586720
11260779	6237486
11260779	9068075
11260780	11083107
11260780	13284975
11260781	11083108
11260782	11083107
11260782	13284975
11260783	7163499
11260783	7163500
11260783	9498892
11260783	9498893
11260783	9522734
11260783	9522735
11260783	9522739
11260784	11083108
11260784	13335417
11260786	7473569
11260786	9067744
11260788	7132506
11260788	10633227
11260789	7493864
11260789	10650713
11260790	8314991
11260790	9848619
11260791	11262553
11260792	11220282
11260793	7319776
11260794	8741525
11260794	10057875
11260795	2474661
11260796	10184508
11260797	2259642
11260798	710923
11260800	3882764
11260801	9482067
11260804	1406302
11260805	7964879
11260805	8095818
11260806	10301917
11260806	11260706
11260806	11537772
11260806	12008516
11260807	2720087
11260807	7491599
11260807	8841357
11260807	10492606
11260808	4631702
11260809	282056
11260809	1337285
11260810	282056
11260810	1337285
11260811	2241527
11260811	8115023
11260812	3305497
11260813	3941398
11260814	8015133
11260815	1237437
11260820	1403186
11260820	1403496
11260820	1403498
11260820	2160501
11260820	2652632
11260821	1403186
11260821	1403496
11260821	2160501
11260821	2652632
11260821	13009459
11260825	9550573
11260825	11260833
11260826	257364
11260826	788005
11260826	1444734
11260826	1444991
11260826	2399440
11260827	2538224
11260827	2791119
11260827	14028066
11260829	11266134
11260830	6205315
11260831	6205311
11260831	13308223
11260832	6205308
11260832	11260835
11260833	11260825
11260834	1109576
11260834	1114560
11260834	2171112
11260834	10113875
11260835	11260832
11260836	11260840
11260837	660060
11260838	327742
11260839	309482
11260840	11260836
11260841	11478947
11260841	11478956
11260841	12060482
11260841	12060483
11260842	1927555
11260843	2552229
11260844	7356884
11260844	8229342
11260844	11261100
11260845	2580495
11260846	2580495
11260847	2580495
11260848	2580495
11260849	10905932
11260849	10905934
11260850	2580495
11260851	2580496
11260852	2580496
11260853	2580496
11260854	2580496
11260855	2580496
11260856	6946425
11260856	11261087
11260858	2580497
11260859	2580499
11260860	4535860
11260861	4535770
11260861	4535860
11260861	8176772
11260861	11261080
11260867	10720704
11260868	10720704
11260869	3662807
11260870	10720704
11260871	10720704
11260871	11261067
11260871	11261068
11260871	11261070
11260871	11261072
11260871	11261074
11260871	11261076
11260871	11261077
11260871	11261079
11260871	11261081
11260871	12891085
11260872	12332086
11260872	13047159
11260872	13252243
11260873	12332087
11260874	397153
11260874	3073621
11260874	11837051
11260875	1140928
11260875	3419880
11260877	8667581
11260877	11817867
11260877	11817868
11260877	12859215
11260877	12859216
11260877	12859217
11260878	10720705
11260881	13363114
11260882	11193148
11260883	6587898
11260884	11260698
11260885	12904057
11260886	8396867
11260886	8399441
11260886	13801879
11260889	12364595
11260890	1674836
11260891	13366281
11260892	11053232
11260892	11053234
11260892	11238622
11260892	11261057
11260892	11261063
11260892	11612745
11260892	11612748
11260892	12737009
11260894	7882912
11260894	7882914
11260894	7883008
11260895	2529677
11260896	2529677
11260899	16035
11260899	723950
11260899	11083133
11260900	16035
11260900	723951
11260900	723952
11260900	8408023
11260902	16035
11260902	723950
11260903	4902726
11260903	11083134
11260906	11260912
11260906	11260913
11260907	13363113
11260907	13365074
11260908	1167020
11260910	66141
11260912	11260906
11260913	11260906
11260916	66141
11260918	12653551
11260920	8490253
11260920	8490254
11260920	8490257
11260920	8490258
11260920	8907213
11260920	8907218
11260920	13499555
11260922	65630
11260922	1454690
11260922	1455196
11260922	5445185
11260922	12146373
11260924	651166
11260925	757522
11260925	12146374
11260926	651166
11260927	1989670
11260928	651166
11260929	247237
11260929	13269405
11260929	13269406
11260930	6665456
11260931	5014531
11260931	5015215
11260931	11260933
11260931	12376946
11260932	651166
11260933	11260931
11260934	7645731
11260934	11271299
11260934	11271300
11260934	11795623
11260935	8210579
11260935	11261113
11260935	11261125
11260935	12180619
11260935	12206671
11260937	32791
11260940	8958743
11260940	11260949
11260941	3727979
11260943	3605919
11260945	5178668
11260945	11138579
11260946	4282409
11260946	11260951
11260946	12108052
11260946	12108107
11260946	12997151
11260947	12472294
11260948	4282409
11260948	8409222
11260949	3241623
11260949	3241626
11260949	8958737
11260949	11260940
11260951	11260946
11260951	12108052
11260951	12108107
11260951	12108108
11260951	12197071
11260951	12997151
11260952	3241623
11260952	11261017
11260952	11261020
11260952	11261376
11260953	3241623
11260953	11261017
11260953	11261020
11260953	11261376
11260954	3605921
11260957	11258037
11260958	12285195
11260958	12285517
11260958	12294148
11260961	10604781
11260961	11823130
11260962	7584112
11260962	7584113
11260962	11261112
11260962	11261122
11260964	11699199
11260965	2646012
11260965	3100805
11260965	3605921
11260965	3775868
11260965	3775869
11260965	3775871
11260965	5906111
11260965	7485751
11260965	7485752
11260965	7485753
11260965	11261050
11260965	11261052
11260966	13131872
11260969	5160477
11260969	11261110
11260971	3565145
11260971	5159837
11260971	11261108
11260971	11261270
11260971	11261271
11260971	11261274
11260971	11265494
11260975	11260984
11260975	11260987
11260975	11260990
11260975	11260991
11260975	11260992
11260975	11260994
11260975	11260997
11260975	11261004
11260975	11261006
11260975	11261008
11260975	11261010
11260975	11261014
11260975	11261107
11260975	11261269
11260976	11262125
11260979	11397116
11260980	13366271
11260984	11260975
11260984	11260990
11260984	11260991
11260984	11260992
11260984	11260994
11260984	11261008
11260986	9164972
11260986	11261106
11260986	11261267
11260986	12208055
11260986	12208057
11260986	12208059
11260987	11260975
11260990	11260975
11260990	11260984
11260991	11260975
11260991	11260984
11260991	11647625
11260992	11260975
11260992	11260984
11260992	11330264
11260994	11260975
11260994	11260984
11260996	12932366
11260997	11260975
11260998	11260520
11261000	11260509
11261002	11260460
11261004	11260975
11261006	11260975
11261007	11260359
11261008	11260975
11261008	11260984
11261009	11260249
11261009	11260250
11261010	11260975
11261012	13363041
11261014	11260975
11261015	11260243
11261017	11260952
11261017	11260953
11261017	11261020
11261017	11261376
11261018	11259904
11261020	3241623
11261020	11260952
11261020	11260953
11261020	11261017
11261020	11261376
11261020	11262237
11261020	11262238
11261021	11259690
11261022	1462305
11261023	11259659
11261024	1462305
11261025	11258053
11261026	11257774
11261027	11257773
11261028	11257767
11261029	11261030
11261029	11261031
11261029	11261033
11261029	11261036
11261029	11261039
11261029	11261044
11261029	11261051
11261029	11261058
11261029	11261065
11261029	11261104
11261029	11261126
11261030	11261029
11261030	11261033
11261030	11261036
11261030	11261039
11261030	11261044
11261030	11261058
11261031	11261029
11261032	11257146
11261033	11261029
11261033	11261030
11261033	11261039
11261034	11257086
11261035	11256989
11261036	11261029
11261036	11261030
11261037	11256987
11261038	11256968
11261038	11256983
11261039	11261029
11261039	11261030
11261039	11261033
11261040	11255981
11261041	11255980
11261042	11255932
11261042	11327729
11261043	11255846
11261044	11261029
11261044	11261030
11261045	11255795
11261046	11255756
11261047	11255705
11261048	11255670
11261048	13936316
11261049	11255575
11261050	3605921
11261050	7485752
11261050	11260965
11261050	11375179
11261051	11261029
11261052	3605919
11261052	11260965
11261052	11375177
11261053	11255239
11261054	11254664
11261054	11254725
11261054	11254729
11261054	13163948
11261055	11254531
11261056	11254316
11261056	12990455
11261057	11053234
11261057	11238622
11261057	11260892
11261057	11261063
11261057	11612745
11261057	11612748
11261057	12737009
11261058	11261029
11261058	11261030
11261059	11254313
11261060	11053232
11261060	11053233
11261060	11053234
11261060	11261061
11261060	11612748
11261060	12737009
11261060	12901067
11261061	11053232
11261061	11053233
11261061	11053234
11261061	11261060
11261061	11612748
11261061	12737009
11261061	12901067
11261062	11254272
11261063	11238622
11261063	11260892
11261063	11261057
11261063	11612745
11261063	11612748
11261063	12737009
11261064	11254269
11261064	11280448
11261065	11261029
11261066	11253748
11261067	11260871
11261067	11261072
11261067	11261074
11261067	11261076
11261067	11261079
11261068	11260871
11261068	11261070
11261068	11261077
11261068	11261081
11261068	13310984
11261069	11253728
11261070	10720704
11261070	11260871
11261070	11261068
11261070	11261077
11261070	11261081
11261070	11262016
11261070	12891085
11261072	11260871
11261072	11261067
11261072	11261076
11261072	11261079
11261072	11262015
11261073	11253683
11261074	11260871
11261074	11261067
11261074	11261076
11261074	11261079
11261074	11262014
11261075	11253609
11261075	12969980
11261076	11260871
11261076	11261067
11261076	11261072
11261076	11261074
11261076	12891085
11261077	11260871
11261077	11261068
11261077	11261070
11261077	12891085
11261078	11253548
11261079	11260871
11261079	11261067
11261079	11261072
11261079	11261074
11261079	12891085
11261080	4535860
11261080	11260861
11261080	11261089
11261081	11260871
11261081	11261068
11261081	11261070
11261081	12891085
11261082	8043321
11261082	11253529
11261083	11253444
11261084	11253298
11261085	11253297
11261086	11252820
11261087	11260856
11261088	11252560
11261089	11261080
11261090	11252198
11261091	6863847
11261091	6884964
11261092	11252152
11261093	2937080
11261094	2937085
11261095	11252041
11261096	7956970
11261097	11083185
11261098	7956971
11261099	19936
11261100	7356884
11261100	11260844
11261101	11083185
11261102	11083185
11261103	11083193
11261104	11261029
11261105	11083193
11261106	11260986
11261107	11260975
11261108	11260971
11261109	1383779
11261110	11260969
11261111	2037310
11261112	11260962
11261113	11260935
11261114	11261116
11261114	11261120
11261114	11261121
11261114	11261124
11261114	11261128
11261114	11261131
11261114	11261136
11261114	11261138
11261114	11261143
11261114	11261145
11261114	11262995
11261115	11260109
11261116	11261114
11261116	11261121
11261116	11261124
11261116	11261128
11261116	11261143
11261116	11262013
11261117	11254576
11261118	4628284
11261119	11254629
11261120	11261114
11261121	11261114
11261121	11261116
11261121	11261130
11261121	11261143
11261121	11262995
11261122	11260962
11261123	2808017
11261124	11261114
11261124	11261116
11261124	11262995
11261124	11266070
11261125	11260935
11261126	11261029
11261128	11261114
11261128	11261116
11261128	11262995
11261129	19936
11261130	11261121
11261131	11261114
11261132	11251982
11261133	6583253
11261133	6800623
11261134	3705118
11261135	7290630
11261136	11261114
11261137	7290633
11261138	11261114
11261139	2374820
11261140	7825834
11261140	13329755
11261141	11253431
11261142	7910288
11261142	11457967
11261143	11261114
11261143	11261116
11261143	11261121
11261143	11262013
11261143	11262995
11261144	8116377
11261145	11261114
11261145	11262995
11261146	8856503
11261147	8911150
11261148	416297
11261149	11158364
11261150	10554169
11261150	11261203
11261150	11261207
11261150	11261210
11261150	11261215
11261150	11262124
11261151	7304116
11261151	7304942
11261152	10554042
11261153	3911074
11261153	10846663
11261153	10846664
11261153	10846665
11261156	11083218
11261157	8473206
11261157	8475306
11261158	11083821
11261159	9051630
11261160	10575388
11261160	11083843
11261161	11083843
11261162	1456484
11261163	7073773
11261163	8537929
11261164	10982206
11261164	11011735
11261164	13757515
11261165	1456484
11261166	11083981
11261167	9435750
11261168	11261172
11261169	11261172
11261170	6440524
11261170	6441715
11261170	6444105
11261170	11159815
11261171	11083982
11261172	11261168
11261172	11261169
11261173	11083986
11261174	11084093
11261175	10865357
11261175	11084106
11261175	13576981
11261176	11084107
11261177	11084511
11261178	953095
11261178	11084511
11261179	953095
11261179	11084511
11261180	953095
11261180	11084511
11261181	953095
11261181	11084511
11261182	11084594
11261183	6257018
11261184	7816542
11261185	4400953
11261186	5099538
11261187	3936628
11261188	3578057
11261189	11260262
11261190	11084734
11261190	13365633
11261190	13365634
11261191	11084743
11261192	5621901
11261192	5623856
11261192	11084769
11261193	10176849
11261194	11084784
11261195	3619765
11261195	11084791
11261196	5201368
11261196	11084796
11261197	4861765
11261198	5201368
11261198	9493502
11261199	11157739
11261200	11084802
11261201	6761480
11261202	7077334
11261203	10554169
11261203	11261150
11261203	11261207
11261203	11261210
11261203	11261215
11261203	11262124
11261204	10596324
11261205	7077335
11261206	10596328
11261207	10554169
11261207	11261150
11261207	11261203
11261207	11261210
11261207	11261215
11261207	11262124
11261208	11157743
11261209	11261211
11261209	11261221
11261209	11261223
11261209	11261224
11261209	11261226
11261209	11261227
11261209	11261231
11261209	11261232
11261209	11261234
11261209	11261237
11261209	11261239
11261209	11261242
11261209	11261264
11261209	11261265
11261209	11261684
11261210	10554169
11261210	11261150
11261210	11261203
11261210	11261207
11261210	11261215
11261210	11262124
11261211	11261209
11261211	11261223
11261211	11261224
11261211	11261226
11261211	11261239
11261212	4952262
11261212	5317273
11261212	5317564
11261213	11157741
11261214	619603
11261214	11084812
11261215	10554169
11261215	11261150
11261215	11261203
11261215	11261207
11261215	11261210
11261215	11262124
11261216	7157508
11261217	1494761
11261218	5396394
11261218	10763294
11261219	1961125
11261219	1967178
11261220	9543347
11261221	11261209
11261222	9543338
11261223	11261209
11261223	11261211
11261223	11261242
11261223	11261684
11261224	11261209
11261224	11261211
11261225	9533003
11261226	11261209
11261226	11261211
11261227	11261209
11261228	3676882
11261228	3676887
11261228	3703129
11261228	13229432
11261228	13229433
11261230	10793318
11261231	11261209
11261232	11261209
11261233	747915
11261234	11261209
11261235	5741928
11261235	5741929
11261235	6795795
11261235	7079558
11261235	8407198
11261235	9118203
11261235	11260239
11261235	11260455
11261235	11261236
11261235	11261238
11261235	11261240
11261235	11261789
11261235	11262661
11261235	11262679
11261235	11262897
11261235	12552468
11261236	5741928
11261236	5741929
11261236	6795795
11261236	7079558
11261236	8407198
11261236	9118203
11261236	11260239
11261236	11260455
11261236	11261235
11261236	11261238
11261236	11261240
11261236	11261789
11261236	11262661
11261236	11262679
11261236	11262897
11261236	12552468
11261237	11261209
11261238	5741928
11261238	5741929
11261238	6795795
11261238	7079558
11261238	8407198
11261238	9118203
11261238	11260239
11261238	11260455
11261238	11261235
11261238	11261236
11261238	11261240
11261238	11261789
11261238	11262661
11261238	11262679
11261238	11262897
11261238	12552468
11261239	11261209
11261239	11261211
11261240	5741928
11261240	5741929
11261240	6795795
11261240	7079558
11261240	8407198
11261240	9118203
11261240	11260239
11261240	11260455
11261240	11261235
11261240	11261236
11261240	11261238
11261240	11261789
11261240	11262661
11261240	11262679
11261240	11262897
11261241	3907331
11261242	11261209
11261242	11261223
11261243	12950229
11261244	6293901
11261245	10661530
11261245	12227477
11261245	12227478
11261246	5737288
11261246	11261671
11261246	11262012
11261246	12511655
11261246	13142747
11261247	5252328
11261248	5252328
11261248	11261669
11261248	11264056
11261249	5252328
11261250	8904326
11261250	11262011
11261251	8691003
11261251	11262010
11261251	12701111
11261252	8691003
11261252	11262009
11261253	2486568
11261254	4976556
11261254	11261664
11261254	11264015
11261255	3907332
11261257	8691046
11261257	11262235
11261261	2210668
11261261	2905231
11261263	1761982
11261264	11261209
11261265	11261209
11261266	3658599
11261267	11260986
11261268	1761982
11261268	11261275
11261269	11260975
11261270	11260971
11261271	11260971
11261272	1761982
11261273	8685548
11261274	11260971
11261275	1761982
11261275	6934980
11261275	11261268
11261276	7553291
11261277	9333716
11261278	5706990
11261281	5392654
11261282	1939207
11261283	11261284
11261284	11261283
11261284	11375156
11261284	11375158
11261285	11261286
11261285	11261288
11261286	11261285
11261286	11375154
11261287	5783163
11261288	11261285
11261288	11375154
11261288	12226664
11261289	5323758
11261290	5783163
11261291	5783163
11261293	5783163
11261294	665115
11261294	11375149
11261295	8676430
11261296	5783163
11261297	5783163
11261298	8676430
11261299	11261302
11261299	11261303
11261300	8676430
11261301	8855591
11261302	11261299
11261303	11261299
11261303	12273049
11261304	2281422
11261305	4327729
11261305	5274334
11261306	7435823
11261306	11262008
11261307	11261309
11261307	11261311
11261308	11261310
11261309	11261307
11261309	11375147
11261310	11261308
11261310	11268860
11261311	11261307
11261311	11375147
11261312	1989544
11261313	6285682
11261313	8478447
11261313	8495538
11261313	8495539
11261314	11261320
11261314	11261325
11261314	11261344
11261314	11261352
11261314	11261357
11261314	11261365
11261314	11261374
11261314	11261383
11261314	11261387
11261314	11261391
11261314	11261396
11261314	11261661
11261314	11262484
11261314	11375135
11261315	11261317
11261315	11261319
11261317	11261315
11261318	11179553
11261319	11261315
11261320	11261314
11261320	11261352
11261320	11261357
11261320	11261374
11261320	11261391
11261321	6294166
11261322	11261323
11261322	11261324
11261323	11261322
11261324	11261322
11261324	13816134
11261325	11261314
11261325	11261352
11261325	11261357
11261325	11261365
11261325	11261391
11261326	7787890
11261328	11261330
11261330	11261328
11261332	11261334
11261332	11261335
11261332	11375145
11261333	8676161
11261334	11261332
11261334	11375145
11261335	11261332
11261335	11375145
11261336	8676160
11261337	8676160
11261338	11261339
11261339	11261338
11261340	8676160
11261341	7368156
11261343	8676159
11261344	11261314
11261346	8676154
11261347	8676153
11261348	11261350
11261350	11261348
11261350	11261354
11261350	11261355
11261350	12018023
11261351	15394
11261352	11261314
11261352	11261320
11261352	11261325
11261352	11375135
11261353	12114838
11261354	11261350
11261354	13301399
11261354	13301400
11261355	11261350
11261356	12114837
11261357	11261314
11261357	11261320
11261357	11261325
11261357	11375135
11261358	6943894
11261359	2041208
11261361	2041208
11261363	2041208
11261365	11261314
11261365	11261325
11261367	10579407
11261368	2041208
11261369	8676152
11261370	8676151
11261371	8676149
11261372	2041208
11261374	11261314
11261374	11261320
11261375	11261378
11261376	3241623
11261376	11260952
11261376	11260953
11261376	11261017
11261376	11261020
11261378	11261375
11261379	2041208
11261380	13605654
11261380	13605656
11261381	393602
11261382	7775076
11261383	11261314
11261384	8676147
11261384	8676148
11261384	10658697
11261385	6470342
11261386	8676146
11261387	11261314
11261388	8676145
11261389	8676143
11261391	11261314
11261391	11261320
11261391	11261325
11261391	11261661
11261392	10658697
11261393	8676148
11261393	10658697
11261394	10658697
11261396	11261314
11261397	8676145
11261400	8676142
11261400	11261432
11261401	8676141
11261401	9729907
11261402	11261403
11261402	11261404
11261402	11261406
11261402	11261412
11261402	11261414
11261402	11261419
11261402	11261424
11261402	11261427
11261402	11261434
11261402	11261435
11261403	11261402
11261403	11261434
11261404	11261402
11261404	11261434
11261405	10567947
11261406	11261402
11261406	11261434
11261407	10312616
11261408	10312616
11261409	10312616
11261410	1100059
11261411	4267067
11261412	11261402
11261412	11261434
11261412	11262486
11261413	5747716
11261414	11261402
11261414	11261434
11261415	8508984
11261416	10127458
11261417	271762
11261418	8676138
11261419	11261402
11261419	11261434
11261420	8676138
11261420	13210751
11261421	304669
11261422	8676138
11261423	304669
11261424	11261402
11261424	11261434
11261425	8676138
11261426	1093839
11261427	11261402
11261427	11261434
11261428	10092098
11261429	10088235
11261430	11179252
11261431	10092099
11261432	8676142
11261432	11261400
11261433	10092099
11261434	11261402
11261434	11261403
11261434	11261404
11261434	11261406
11261434	11261412
11261434	11261414
11261434	11261419
11261434	11261424
11261434	11261427
11261434	11261435
11261434	11262007
11261435	11261402
11261435	11261434
11261436	9272053
11261437	9272053
11261438	9272053
11261439	9272053
11261440	9272053
11261441	9272053
11261442	7070800
11261443	7070800
11261445	10748816
11261446	10748816
11261447	10748816
11261448	307973
11261448	5796975
11261449	307973
11261449	5796975
11261450	307973
11261450	5796975
11261451	2002524
11261452	2002526
11261453	2273651
11261453	11703965
11261454	1069584
11261454	1069619
11261455	2273651
11261456	2273651
11261457	2548960
11261458	1069584
11261458	1069618
11261459	3154625
11261459	12762014
11261459	12762016
11261459	12762017
11261459	12762018
11261460	3154625
11261461	3820365
11261462	3921504
11261463	5118406
11261464	5141123
11261465	5141123
11261465	8373578
11261466	5141123
11261466	8373578
11261467	25691
11261468	11260329
11261469	6019791
11261470	6019791
11261471	6019791
11261472	6019791
11261473	7035013
11261474	7035310
11261475	7035310
11261476	7035313
11261476	12746890
11261477	7035313
11261477	12746891
11261478	7039550
11261479	7039550
11261480	7039625
11261481	7039625
11261482	7039625
11261483	7039708
11261484	7039699
11261485	7039699
11261486	9867087
11261487	7070706
11261488	7070706
11261489	7070799
11261490	7070799
11261491	7070799
11261492	7070799
11261493	7070795
11261494	8676087
11261495	7320609
11261496	8676087
11261497	8676082
11261498	8007700
11261499	8009927
11261500	11260329
11261503	8012708
11261504	8095580
11261505	8095580
11261506	8095580
11261507	8095580
11261508	6001601
11261509	8095580
11261510	8254745
11261511	8254745
11261512	8382204
11261513	8398622
11261514	8405456
11261515	8405456
11261516	8405456
11261517	8411763
11261518	8411763
11261519	430955
11261520	8409431
11261521	8409431
11261522	8409431
11261523	6001601
11261524	8409431
11261525	8676081
11261526	8676080
11261527	6001601
11261528	8495300
11261529	8495300
11261530	8910215
11261531	8922306
11261532	8922306
11261533	9290383
11261534	9290383
11261535	9290383
11261536	9977773
11261537	10010391
11261538	10010391
11261539	10010391
11261540	10023183
11261541	10023183
11261542	10023361
11261543	10023361
11261544	10207935
11261545	10213037
11261546	10213037
11261547	10209390
11261548	10209390
11261549	10209390
11261550	1862363
11261550	1862368
11261550	1862435
11261551	10303687
11261551	10303716
11261552	10654919
11261553	34262
11261554	11048277
11261555	11048277
11261556	11048277
11261557	11048277
11261558	11261561
11261558	11261569
11261558	11261645
11261558	11261655
11261558	11261658
11261558	11261659
11261558	11261660
11261558	11261663
11261558	11261666
11261559	587216
11261560	13912606
11261561	11261558
11261561	11261645
11261561	11261655
11261561	11261658
11261561	11261659
11261561	11261663
11261563	587216
11261564	1049030
11261564	4877537
11261566	11260314
11261568	11048277
11261569	11261558
11261570	11048277
11261571	11048277
11261573	11048277
11261574	37482
11261575	37482
11261576	48902
11261577	48902
11261578	48902
11261579	48902
11261581	247608
11261582	247608
11261584	3735532
11261585	8676721
11261586	7035133
11261588	7035133
11261589	7035133
11261590	7035133
11261593	3738394
11261594	7035197
11261596	7035197
11261597	7035197
11261598	7035197
11261599	7035197
11261600	7035197
11261601	7035197
11261602	7035197
11261603	3820364
11261604	3820364
11261606	3921501
11261606	12390650
11261607	3820367
11261608	3820367
11261609	3924650
11261613	4305996
11261614	13930386
11261615	5294575
11261616	5294575
11261617	5294575
11261618	5294575
11261619	5294575
11261620	5294575
11261621	5603350
11261622	5603350
11261623	8944484
11261624	5747321
11261625	5782936
11261626	5782936
11261627	8944484
11261628	5859778
11261629	5859778
11261630	5859778
11261631	8944484
11261632	5859778
11261633	5870619
11261635	5975097
11261636	6102740
11261637	6102740
11261638	11124485
11261639	11124485
11261640	6102741
11261641	6102741
11261642	6088494
11261643	6088494
11261644	11124485
11261645	11261558
11261645	11261561
11261645	11261666
11261646	6118920
11261647	6118920
11261648	1998751
11261649	11261650
11261650	11261649
11261651	6148251
11261652	6148251
11261653	6148251
11261654	6148251
11261655	11261558
11261655	11261561
11261655	11291937
11261655	11291938
11261656	6148268
11261657	6148268
11261658	11261558
11261658	11261561
11261659	11261558
11261659	11261561
11261660	11261558
11261661	11261314
11261661	11261391
11261662	12897349
11261663	11261558
11261663	11261561
11261663	11261666
11261663	11263983
11261664	11261254
11261665	7700438
11261666	11261558
11261666	11261645
11261666	11261663
11261667	7700438
11261668	11261675
11261669	11261248
11261670	7700438
11261671	11261246
11261672	7700438
11261673	2425928
11261675	11261668
11261680	4627904
11261680	5723303
11261681	474392
11261682	6585725
11261683	11219574
11261684	11261209
11261684	11261223
11261685	630103
11261685	5606712
11261685	6603486
11261686	6603486
11261687	6823232
11261688	7251447
11261689	2505291
11261690	7352261
11261690	13602875
11261692	11261693
11261693	11261692
11261694	6148269
11261695	6148269
11261696	6196791
11261697	6196791
11261698	11261701
11261699	11261701
11261700	6318345
11261701	11261698
11261701	11261699
11261702	6265371
11261703	6265371
11261704	6265371
11261705	6265371
11261706	6269152
11261707	6270002
11261708	6270002
11261709	6270002
11261710	6270002
11261711	6272606
11261712	6604573
11261712	6697394
11261712	6697948
11261712	13957114
11261712	13957661
11261713	6722148
11261714	6645952
11261715	6645952
11261716	6645952
11261717	4053240
11261718	7035305
11261719	7035305
11261720	7035305
11261721	7035305
11261722	7035305
11261723	7035305
11261724	7035305
11261725	11261728
11261726	7035305
11261727	7035305
11261728	11261725
11261729	7035305
11261730	7035305
11261731	7035305
11261732	7035305
11261733	7035305
11261734	7035305
11261735	7035305
11261736	7035305
11261737	7035305
11261738	7035342
11261739	1414658
11261740	7035353
11261741	7035353
11261742	7035353
11261743	7035397
11261744	7037105
11261745	7037105
11261746	7037162
11261747	7037162
11261748	4053240
11261749	7037173
11261750	7037173
11261751	7037272
11261752	7037272
11261753	7037234
11261754	7037234
11261755	7037294
11261756	7037294
11261758	7039411
11261759	7039411
11261760	7039411
11261761	7039411
11261762	7039411
11261763	7039411
11261764	7039541
11261764	13715647
11261765	7039541
11261765	13715854
11261766	7039557
11261767	7039557
11261768	7039561
11261769	7039630
11261770	7039660
11261771	4053240
11261772	7190227
11261773	7190227
11261774	8594557
11261775	8594557
11261776	8594557
11261777	7425521
11261778	272814
11261779	272814
11261780	4053240
11261781	272814
11261782	7489543
11261783	7489551
11261784	272959
11261785	273057
11261786	7603484
11261787	273057
11261788	295706
11261788	9344710
11261789	5741928
11261789	5741929
11261789	6795795
11261789	7079558
11261789	8407198
11261789	9118203
11261789	11260239
11261789	11260455
11261789	11261235
11261789	11261236
11261789	11261238
11261789	11261240
11261789	11262661
11261789	11262679
11261789	11262897
11261789	12552468
11261790	308334
11261791	313255
11261792	8572833
11261792	12296097
11261792	13495886
11261793	7532052
11261793	8627340
11261794	8627341
11261795	11261796
11261796	11261795
11261797	8803434
11261798	8809623
11261799	11182437
11261800	11182492
11261800	12621629
11261801	8963301
11261801	11185834
11261801	13450108
11261801	13450111
11261802	343388
11261803	875851
11261804	875851
11261805	579243
11261806	11261807
11261806	12463782
11261807	11261806
11261808	642085
11261809	675991
11261810	699163
11261811	11261819
11261812	754213
11261813	3731803
11261813	3884581
11261813	10634752
11261814	811078
11261816	11261820
11261816	11261825
11261816	11261829
11261817	822389
11261818	7114015
11261818	7994094
11261818	7994096
11261818	8008563
11261818	8008564
11261818	8008565
11261819	11261811
11261820	11261816
11261821	3820354
11261822	828756
11261822	11499794
11261823	3820354
11261824	7114015
11261824	7994095
11261824	7994097
11261824	8008563
11261824	8008564
11261824	8008565
11261825	11261816
11261826	3944993
11261827	3944993
11261828	3944993
11261829	11261816
11261830	3944993
11261831	3944993
11261832	3944993
11261833	880101
11261834	901619
11261835	11261836
11261836	11261835
11261837	920959
11261838	3170668
11261838	7708954
11261839	920961
11261840	5784941
11261841	8459082
11261841	11261850
11261842	955436
11261843	9598251
11261844	974200
11261845	978125
11261846	978125
11261847	2258772
11261847	2365547
11261847	8421911
11261848	4013117
11261849	4013117
11261850	11261841
11261851	1007965
11261852	11035252
11261853	1065222
11261854	1071822
11261854	10153398
11261855	4133602
11261856	4088456
11261857	4088456
11261858	4088456
11261859	4088456
11261860	9303409
11261861	4088456
11261862	4088456
11261863	11261866
11261863	11375130
11261864	1136227
11261864	13442676
11261866	11261863
11261867	1385950
11261868	282557
11261868	10326656
11261869	1390515
11261870	1391497
11261871	8242720
11261872	1391502
11261873	1476590
11261874	2662800
11261874	8239291
11261875	11261878
11261876	1493555
11261877	1495076
11261878	11261875
11261879	11261880
11261879	11375131
11261879	11375132
11261880	11261879
11261881	1544489
11261882	1544489
11261883	1586074
11261884	4251259
11261884	4251278
11261884	8736920
11261885	1598473
11261886	4251278
11261886	8736920
11261887	11232320
11261888	1611238
11261889	3906654
11261889	10734308
11261889	10734309
11261889	10734310
11261890	1639405
11261890	13758702
11261891	1661236
11261892	1661303
11261893	1662882
11261894	1666009
11261895	1698700
11261896	1713355
11261897	1713471
11261899	1714341
11261900	1725494
11261901	1745763
11261902	1757913
11261903	1757913
11261904	1758354
11261905	1783341
11261906	1791247
11261907	1799696
11261908	1807054
11261909	4398806
11261910	4398806
11261911	1820723
11261912	6273213
11261912	11803142
11261913	6351005
11261913	12455910
11261914	1821872
11261915	2030646
11261916	8069419
11261916	11114647
11261916	11115850
11261917	2095350
11261918	2474682
11261919	2099378
11261920	3728265
11261920	11173147
11261921	6356025
11261922	6356025
11261923	613252
11261923	2113384
11261923	12156827
11261924	6356025
11261925	6356025
11261926	6607980
11261927	2116189
11261927	2119329
11261927	13465802
11261928	6770326
11261929	11234929
11261930	6793226
11261931	6793226
11261932	11234929
11261933	6877454
11261934	2138351
11261935	3883654
11261936	7035014
11261937	3883654
11261938	2140775
11261939	3402407
11261939	3803367
11261940	7035042
11261941	2152069
11261942	7035105
11261943	7035105
11261943	13414031
11261944	2153232
11261945	2153232
11261946	6926518
11261946	8736943
11261947	8479768
11261947	8479792
11261947	8479843
11261948	2167151
11261948	4429984
11261949	9991031
11261950	10784138
11261950	10784139
11261951	2185402
11261952	6274694
11261952	10296008
11261953	2188058
11261954	2190067
11261955	6003087
11261956	9927796
11261957	2201450
11261958	2201580
11261959	2201594
11261960	2201885
11261960	2629414
11261960	13242964
11261961	10189656
11261962	2173948
11261963	2173948
11261963	12783380
11261964	11261966
11261965	486786
11261966	11261964
11261967	11261968
11261967	11261971
11261967	11261972
11261967	13239106
11261968	11261967
11261970	7381632
11261970	10871843
11261970	10871844
11261971	11261967
11261972	11261967
11261974	11261975
11261974	11261977
11261974	11261978
11261974	14001391
11261974	14001392
11261975	11261974
11261977	11261974
11261978	11261974
11261978	13837460
11261979	12258140
11261981	11261983
11261983	11261981
11261984	13225660
11261984	13225661
11261985	7035098
11261986	7035098
11261987	6824904
11261988	6824904
11261989	1194034
11261991	13884578
11261992	5900481
11261994	11395849
11261997	11261998
11261998	11261997
11261999	11242569
11262000	10277823
11262000	12485230
11262001	13805650
11262005	12586397
11262006	12738575
11262007	11261434
11262008	11261306
11262009	11261252
11262010	8691003
11262010	11261251
11262010	12701111
11262011	11261250
11262012	11261246
11262013	11261116
11262013	11261143
11262013	11262995
11262014	11261074
11262014	12891085
11262015	11261072
11262015	12891085
11262016	11261070
11262019	2867264
11262021	7024416
11262022	2869951
11262023	10103384
11262024	8333283
11262025	11002972
11262025	12998487
11262026	944655
11262027	11252778
11262028	5168530
11262029	7489789
11262030	10298755
11262030	11614188
11262031	10300235
11262032	1863662
11262033	2584533
11262034	10301679
11262035	8578161
11262036	10300369
11262037	10300342
11262037	10300343
11262038	5145111
11262038	8161194
11262038	10739574
11262039	10300455
11262040	6864424
11262041	726002
11262041	11821180
11262042	10302096
11262042	10302979
11262043	715921
11262044	10301989
11262044	10301995
11262044	10301996
11262045	8867900
11262046	10301991
11262047	10301916
11262047	13153448
11262048	2928308
11262049	10301911
11262050	11262051
11262051	11262050
11262052	3564987
11262053	10301906
11262054	8195636
11262054	12757980
11262054	13163408
11262054	13174883
11262054	13181928
11262054	13182758
11262054	13182762
11262054	13182769
11262054	13182774
11262055	10301827
11262056	10135435
11262057	10303836
11262058	1830666
11262058	11009663
11262059	10303802
11262059	10650785
11262059	10659833
11262060	631704
11262061	2418865
11262062	11260224
11262063	396582
11262063	11811856
11262064	10303448
11262064	11614193
11262065	10494907
11262066	2230626
11262067	10302117
11262068	11262070
11262068	11262071
11262069	9444277
11262070	11262068
11262071	11262068
11262072	10302125
11262073	4686588
11262074	8200604
11262075	10308947
11262076	2131391
11262076	2131392
11262076	3149624
11262077	3984694
11262078	10306097
11262079	7635675
11262080	10306041
11262081	10314622
11262082	10314599
11262083	9152900
11262084	10314593
11262085	10314731
11262086	10314971
11262087	10314994
11262087	10316709
11262088	10314886
11262088	11256638
11262089	5153924
11262090	7748484
11262092	5229533
11262093	11525690
11262095	12116836
11262096	12114843
11262097	12114841
11262098	12114840
11262099	12114839
11262100	12865013
11262106	12014199
11262111	19949
11262118	271044
11262118	1692315
11262120	11277316
11262121	11262122
11262121	11262123
11262121	11263878
11262121	11380924
11262122	11262121
11262122	11262485
11262123	2033229
11262123	11262121
11262124	10554169
11262124	11261150
11262124	11261203
11262124	11261207
11262124	11261210
11262124	11261215
11262125	11260976
11262126	11259984
11262126	11259993
11262126	11260007
11262126	11260008
11262126	11262483
11262126	11281206
11262127	9939189
11262127	11196972
11262127	11284181
11262127	11539350
11262127	11539351
11262127	11539353
11262127	13188669
11262127	13215079
11262128	9564041
11262128	11539349
11262129	9055142
11262130	9541257
11262132	9498266
11262133	7752656
11262133	11539305
11262135	6027159
11262137	6222176
11262137	6222177
11262138	8798664
11262139	2544980
11262140	6357048
11262141	7748608
11262143	11258041
11262144	8303138
11262145	6222180
11262145	6222181
11262146	4539197
11262146	8177656
11262147	4539197
11262147	8177656
11262148	618396
11262149	22159
11262149	13863064
11262150	618397
11262151	618399
11262152	11266133
11262153	618401
11262154	3735435
11262155	3735435
11262156	7221505
11262157	8007906
11262158	7242847
11262159	680290
11262160	2235943
11262160	2235944
11262161	1028432
11262161	2547603
11262162	7538577
11262163	1127413
11262164	11262165
11262165	11262164
11262165	11267329
11262165	11267331
11262166	1961332
11262167	12589131
11262168	11262171
11262168	11263064
11262168	11263976
11262169	12589132
11262171	11262168
11262172	12802068
11262173	12802068
11262174	2843450
11262179	11262185
11262182	10831964
11262182	11539288
11262182	13161997
11262185	11262179
11262186	11262227
11262186	13073732
11262187	11262188
11262188	11262187
11262189	11262190
11262189	11262234
11262190	11262189
11262191	11262193
11262191	11262197
11262192	3093821
11262193	11262191
11262196	11262202
11262197	11262191
11262198	11262201
11262199	11262200
11262200	11262199
11262200	13368621
11262201	11262198
11262201	11539287
11262202	11262196
11262202	11539286
11262204	9924954
11262205	9924954
11262205	11539285
11262205	14028550
11262205	14028551
11262210	12573588
11262211	8590877
11262213	13305388
11262215	13570334
11262216	12927674
11262217	11262218
11262218	11262217
11262219	255923
11262220	11229428
11262221	11262223
11262222	8590878
11262223	11262221
11262224	11262225
11262225	11262224
11262225	11263062
11262226	11227027
11262227	11262186
11262228	11229251
11262229	11262230
11262230	11262229
11262230	13429074
11262230	13429075
11262231	11229239
11262232	434900
11262233	11229235
11262234	11262189
11262235	11261257
11262236	11229233
11262237	11261020
11262238	11261020
11262241	11227033
11262242	11260251
11262244	11276774
11262248	13425635
11262249	11227028
11262253	11262256
11262254	11227023
11262255	13187618
11262256	11262253
11262257	11227022
11262258	30967
11262260	5915999
11262261	11258256
11262262	11226777
11262263	11262266
11262264	1042228
11262265	11226770
11262266	11262263
11262266	11263061
11262267	11226768
11262268	11262272
11262268	11262273
11262268	11623833
11262268	11623835
11262268	11642306
11262269	556493
11262270	10622828
11262272	11262268
11262273	11262268
11262275	11226766
11262277	3906274
11262278	1938796
11262281	7390258
11262282	7390258
11262285	3520646
11262285	3521453
11262285	3556351
11262285	3556352
11262285	3556353
11262285	3556354
11262285	3750210
11262288	12687339
11262290	8531898
11262291	8531898
11262292	11176745
11262294	8521140
11262295	8521140
11262297	7387204
11262298	11223961
11262299	7387204
11262301	3908550
11262302	3908550
11262303	13959345
11262306	11223959
11262311	1580146
11262313	11223958
11262314	12658589
11262316	12835344
11262317	11223957
11262318	11223952
11262319	8643154
11262320	8643154
11262321	1527785
11262321	11257506
11262321	11257516
11262321	11257517
11262321	11262471
11262322	1527785
11262322	11257506
11262322	11257516
11262322	11257517
11262322	11262471
11262324	1583458
11262336	3468312
11262337	11262371
11262338	846064
11262339	2693974
11262340	545442
11262340	12008998
11262341	1772185
11262342	369975
11262343	1244991
11262344	381354
11262344	552399
11262345	1311831
11262346	591210
11262346	13540783
11262347	6761567
11262348	750271
11262349	750271
11262350	6761567
11262351	11262404
11262352	933016
11262353	938480
11262354	1043494
11262354	7766703
11262355	11262372
11262355	13175432
11262355	13303025
11262356	1043556
11262357	10047782
11262358	1251258
11262359	1251258
11262360	10047782
11262361	2246472
11262361	2587236
11262362	2287464
11262362	13510529
11262363	1540452
11262363	2287464
11262363	3495685
11262363	7045773
11262363	12610035
11262363	12976767
11262364	1951061
11262364	4629449
11262364	13720076
11262365	4683560
11262365	11262469
11262366	1998179
11262366	1998181
11262366	4713765
11262366	4713800
11262366	11262411
11262367	7319771
11262368	6392506
11262369	7532435
11262370	2664182
11262371	11262337
11262372	11262355
11262372	11528356
11262372	11528358
11262373	11262376
11262373	12229063
11262373	12229064
11262373	13175430
11262373	13303023
11262374	8320821
11262374	11262410
11262375	8320821
11262376	11262373
11262377	7401796
11262377	8639098
11262377	8981038
11262378	8728882
11262378	9701201
11262378	9701224
11262378	13287937
11262379	1832630
11262379	3292734
11262379	9844645
11262379	11262515
11262380	11262382
11262380	11539283
11262380	12175607
11262381	2232550
11262382	11262380
11262383	708694
11262385	474139
11262386	4055029
11262386	11262409
11262387	455348
11262388	5860564
11262388	5902817
11262388	11262389
11262388	11312486
11262389	11262388
11262389	11993698
11262390	1922559
11262391	11262392
11262392	11262391
11262393	2322578
11262393	2322580
11262393	4064586
11262393	4064652
11262393	7110181
11262393	7110182
11262393	11262433
11262393	11262498
11262393	12486168
11262393	12486169
11262394	454490
11262395	2322578
11262395	2322580
11262395	4064586
11262395	4064652
11262395	7110181
11262395	7110182
11262395	11262407
11262395	11262408
11262395	11262433
11262395	11262498
11262397	10520558
11262398	1614112
11262398	1645522
11262399	1616668
11262399	11262487
11262399	11262488
11262400	1616668
11262400	11262487
11262400	11262488
11262401	11262402
11262401	11539282
11262402	11262401
11262403	1624260
11262403	11262406
11262403	11268042
11262403	12940337
11262404	11262351
11262406	11262403
11262406	11268042
11262407	11262395
11262408	11262395
11262409	11262386
11262410	11262374
11262411	11262366
11262412	4165873
11262413	11262414
11262413	13303055
11262414	11262413
11262415	11262438
11262416	501570
11262416	685475
11262416	734551
11262416	882070
11262417	371793
11262417	501570
11262417	685475
11262417	2095523
11262417	12599900
11262418	11262419
11262418	11262420
11262418	11262421
11262418	11262422
11262418	11539384
11262418	11539385
11262419	11262418
11262419	11539384
11262419	11539385
11262420	11262418
11262421	11262418
11262422	11262418
11262422	11539384
11262422	11539385
11262423	11262425
11262424	896014
11262424	900632
11262424	914149
11262424	7154046
11262424	8750153
11262425	11262423
11262426	4325129
11262427	11262428
11262428	11262427
11262429	11262430
11262429	11262431
11262430	11262429
11262430	12175670
11262431	11262429
11262432	11262434
11262432	11262435
11262433	2276675
11262433	2322580
11262433	11262393
11262433	11262395
11262434	11262432
11262434	12175671
11262435	11262432
11262436	11262437
11262436	11539387
11262437	11262436
11262437	11539387
11262438	11262415
11262439	2068795
11262439	11262440
11262440	301023
11262440	374098
11262440	1227649
11262440	11262439
11262440	11327820
11262441	11262442
11262441	11262443
11262441	11262444
11262441	11262446
11262442	11262441
11262443	11262441
11262444	11262441
11262445	4573684
11262446	11262441
11262447	11262448
11262447	11262449
11262447	11262516
11262447	11262517
11262447	11539389
11262447	11539390
11262448	11262447
11262448	11262516
11262448	11539389
11262449	11262447
11262449	11262517
11262449	11539390
11262451	11262452
11262452	11262451
11262453	11262454
11262454	11262453
11262454	11539493
11262455	11262456
11262455	13082905
11262455	13648329
11262456	11262455
11262456	11539500
11262456	11539501
11262456	13082905
11262456	13648329
11262457	11262458
11262457	13807326
11262458	11262457
11262459	11262460
11262459	11262511
11262460	11262459
11262460	11262511
11262460	11539506
11262461	5260104
11262462	11262463
11262462	13303054
11262463	11262462
11262464	6956263
11262465	6956263
11262466	11262468
11262467	5937257
11262468	11262466
11262469	11262365
11262471	11262321
11262471	11262322
11262473	11259579
11262474	11259576
11262475	10176107
11262476	12916089
11262477	11259568
11262478	10176107
11262479	11259534
11262480	10176107
11262481	2665339
11262481	3082735
11262481	4958251
11262481	4958252
11262481	7074179
11262481	7481163
11262482	9854958
11262483	11259984
11262483	11259993
11262483	11260007
11262483	11260008
11262483	11262126
11262483	11281206
11262484	11261314
11262485	11262122
11262486	11261412
11262487	11262399
11262487	11262400
11262488	11262399
11262488	11262400
11262489	10817982
11262489	11262509
11262490	11196250
11262490	11262508
11262491	465523
11262491	703743
11262491	1305261
11262491	4489570
11262491	9979358
11262491	11262505
11262491	11262506
11262492	1620020
11262493	8570456
11262494	8537528
11262494	8548401
11262494	8548410
11262495	7159117
11262495	8657278
11262495	11262504
11262495	11262554
11262496	1296676
11262497	10219191
11262497	10750585
11262497	10750586
11262497	10750587
11262497	11262501
11262498	11262393
11262498	11262395
11262499	11262500
11262500	11262499
11262501	11262497
11262501	12684557
11262502	11262503
11262503	11262502
11262504	7159117
11262504	11262495
11262504	11262554
11262505	721031
11262505	4489570
11262505	11262491
11262506	721031
11262506	4489570
11262506	11262491
11262508	11262490
11262508	11845054
11262509	11262489
11262510	10817981
11262510	12854115
11262510	12854116
11262511	11262459
11262511	11262460
11262511	11539506
11262512	8565249
11262513	3342841
11262513	10323509
11262514	8238396
11262514	9152258
11262515	11262379
11262516	11262447
11262516	11262448
11262517	11262447
11262517	11262449
11262518	11262520
11262518	11262525
11262518	11262531
11262518	11262547
11262518	11262551
11262518	11262552
11262518	11262567
11262518	11262572
11262518	11262574
11262518	11262582
11262518	11262584
11262518	11262585
11262519	13278440
11262520	11262518
11262520	11262531
11262520	11262547
11262520	11262567
11262520	11262585
11262522	8227972
11262522	9701678
11262523	7064164
11262524	623565
11262524	1115430
11262525	11262518
11262528	2993897
11262528	2994927
11262529	2994927
11262530	6021340
11262531	11262518
11262531	11262520
11262531	11262552
11262531	11263060
11262531	12085338
11262532	10667709
11262533	11243696
11262534	11243696
11262536	9292741
11262537	7150698
11262537	10783674
11262537	10783675
11262538	10329206
11262539	9043111
11262539	10329206
11262540	11262541
11262541	11262540
11262542	11243696
11262545	10329206
11262546	10329206
11262547	11262518
11262547	11262520
11262547	11291935
11262547	11291936
11262548	11243694
11262549	9729449
11262550	11243693
11262551	11262518
11262552	11262518
11262552	11262531
11262553	11260791
11262553	11262557
11262554	7159117
11262554	11262495
11262554	11262504
11262555	3879654
11262555	11243693
11262556	3879654
11262556	11243694
11262557	11262553
11262558	5650511
11262559	11241267
11262560	3354693
11262561	11262576
11262562	3354694
11262563	11230106
11262564	2360682
11262564	3032172
11262564	3796965
11262564	4200942
11262564	12131678
11262564	12131769
11262565	11230102
11262566	3259007
11262566	3259008
11262566	3535729
11262566	8102852
11262566	8102858
11262566	13305575
11262567	11262518
11262567	11262520
11262569	12059589
11262570	457887
11262570	460803
11262572	11262518
11262574	11262518
11262575	10693984
11262576	11262561
11262576	13136392
11262576	13136393
11262577	10693985
11262578	13057339
11262578	13989544
11262578	13989545
11262579	11230075
11262582	11262518
11262583	11230024
11262584	11262518
11262585	11262518
11262585	11262520
11262585	11263060
11262586	11263059
11262587	11230021
11262588	11230021
11262590	11230021
11262591	11262592
11262592	11262591
11262592	11262593
11262592	11263058
11262593	11262592
11262594	11262595
11262594	11262596
11262594	11262597
11262594	11262599
11262594	11262600
11262594	11262601
11262594	11262602
11262594	11262604
11262594	11262605
11262594	11263057
11262595	11262594
11262595	11262597
11262595	11262604
11262596	11262594
11262596	11262604
11262597	11262594
11262597	11262595
11262597	11262604
11262597	11262605
11262598	9476544
11262598	10079170
11262598	10079172
11262598	10079173
11262598	10464831
11262598	10464843
11262598	10990131
11262598	10990140
11262598	10990270
11262598	10990330
11262599	11262594
11262599	11262604
11262599	11291933
11262600	11262594
11262600	11262604
11262601	11262594
11262601	11262604
11262602	11262594
11262602	11262604
11262603	5317020
11262604	11262594
11262604	11262595
11262604	11262596
11262604	11262597
11262604	11262599
11262604	11262600
11262604	11262601
11262604	11262602
11262604	11262605
11262604	11263057
11262605	11262594
11262605	11262597
11262605	11262604
11262606	7837644
11262606	7844742
11262606	7846602
11262607	7837644
11262607	7844742
11262607	7846602
11262608	4665923
11262608	4674398
11262609	7837644
11262610	7837644
11262612	3428607
11262612	4675102
11262612	5547498
11262614	2307544
11262614	2307610
11262614	2493729
11262614	2493730
11262614	2493773
11262615	2307544
11262615	2307610
11262615	2493729
11262615	2493730
11262615	2493773
11262616	2307544
11262616	2307610
11262616	2493729
11262616	2493730
11262616	2493773
11262617	2307544
11262617	2307609
11262617	2493734
11262618	4013884
11262618	5245903
11262618	5246427
11262618	5853113
11262618	5901119
11262618	11301769
11262619	4728685
11262619	11845051
11262620	2313728
11262620	11262621
11262620	11262622
11262621	2313728
11262621	11262620
11262622	2313728
11262622	11262620
11262623	53061
11262623	5673124
11262624	11262625
11262624	11262627
11262624	11262629
11262624	11262630
11262624	11262631
11262624	11262632
11262624	11262633
11262624	11262637
11262624	11262638
11262624	11262641
11262624	11262719
11262625	11262624
11262625	11262629
11262625	11262630
11262625	11262631
11262625	11262638
11262626	5446077
11262626	8949035
11262627	11262624
11262627	11262638
11262628	47552
11262628	11845035
11262629	11262624
11262629	11262625
11262629	11262638
11262629	11262641
11262630	11262624
11262630	11262625
11262630	11262638
11262631	11262624
11262631	11262625
11262631	11262638
11262632	11262624
11262632	11262638
11262633	11262624
11262633	11262638
11262634	15903
11262635	15903
11262635	11845113
11262635	11845114
11262636	11230015
11262637	11262624
11262637	11262638
11262638	11262624
11262638	11262625
11262638	11262627
11262638	11262629
11262638	11262630
11262638	11262631
11262638	11262632
11262638	11262633
11262638	11262637
11262638	11262641
11262638	11262719
11262638	11263056
11262639	11230015
11262640	5118752
11262640	11262643
11262640	11262718
11262640	11263921
11262640	11263939
11262640	11782394
11262640	11782395
11262641	11262624
11262641	11262629
11262641	11262638
11262641	13941189
11262642	11230007
11262643	11262640
11262643	11263921
11262643	11782394
11262643	11782395
11262644	271271
11262645	2524321
11262646	11230007
11262647	11229999
11262648	7017626
11262648	11229999
11262649	3879654
11262650	1001956
11262650	2754878
11262650	11151409
11262650	11262651
11262650	11262652
11262651	2754878
11262651	11151409
11262651	11262650
11262652	2754878
11262652	11151409
11262652	11262650
11262653	9960512
11262654	9960512
11262655	3276139
11262655	9991207
11262655	11397119
11262655	12891217
11262656	3200618
11262656	7493267
11262657	6421113
11262657	10041341
11262658	341818
11262658	11988724
11262658	11988725
11262659	2033229
11262660	1023717
11262661	5741928
11262661	5741929
11262661	6795795
11262661	7079558
11262661	8407198
11262661	9118203
11262661	11260239
11262661	11260455
11262661	11261235
11262661	11261236
11262661	11261238
11262661	11261240
11262661	11261789
11262661	11262679
11262661	11262897
11262661	12552468
11262662	1221639
11262662	11262664
11262662	13535043
11262663	1180667
11262663	1858888
11262664	1221639
11262664	11262662
11262671	11262677
11262672	11262677
11262673	3329769
11262675	4115277
11262677	11262671
11262677	11262672
11262679	5741928
11262679	5741929
11262679	6795795
11262679	7079558
11262679	8407198
11262679	9118203
11262679	11260239
11262679	11260455
11262679	11261235
11262679	11261236
11262679	11261238
11262679	11261240
11262679	11261789
11262679	11262661
11262679	11262897
11262679	12552468
11262682	2736062
11262682	2736064
11262682	3390630
11262682	8977948
11262684	2736062
11262684	2736064
11262684	3390630
11262684	8977948
11262685	2736063
11262685	3390630
11262685	8977946
11262685	13691272
11262686	2736061
11262686	3390630
11262686	8977946
11262686	11549248
11262687	2736063
11262687	3390630
11262687	8977946
11262688	2736061
11262688	3390630
11262688	8977946
11262689	4115277
11262690	9211178
11262690	10176107
11262690	10176108
11262691	4115277
11262692	9211178
11262693	11262694
11262693	11262696
11262693	12470384
11262694	11262693
11262694	11262696
11262695	2849073
11262696	11262693
11262696	11262694
11262697	228058
11262697	367988
11262697	779880
11262697	824756
11262697	949773
11262697	1349250
11262697	1451171
11262697	3902425
11262697	8470737
11262698	8963027
11262700	2736063
11262700	3390630
11262700	8977946
11262701	2315303
11262702	8934768
11262703	2077424
11262703	4944473
11262703	4944474
11262704	5626983
11262706	12909677
11262707	3918334
11262708	5111938
11262709	337242
11262710	7352737
11262711	2542759
11262711	3476794
11262711	6788641
11262711	6788642
11262711	7637390
11262712	4842512
11262714	4842512
11262715	5564220
11262716	3516603
11262717	3516603
11262718	11262640
11262719	11262624
11262719	11262638
11262720	2766496
11262720	7699943
11262721	3390630
11262722	11229994
11262724	9477465
11262725	6117412
11262728	2831213
11262729	11229994
11262729	11262744
11262732	5248504
11262733	5248504
11262734	139307
11262735	11262737
11262735	13257635
11262735	13257651
11262735	13883210
11262736	1838881
11262737	3318862
11262737	11262735
11262737	13257635
11262737	13257651
11262738	7043635
11262739	1901425
11262740	7043635
11262741	1901425
11262742	1152602
11262742	1504413
11262742	12802957
11262743	1152602
11262743	1504413
11262744	11262729
11262744	12296873
11262745	11148535
11262746	1492101
11262749	2270406
11262750	11229957
11262752	11262757
11262753	11229957
11262754	10030951
11262755	6877576
11262756	242914
11262756	242969
11262756	369980
11262756	372584
11262756	521722
11262756	583691
11262756	678663
11262756	686858
11262756	830274
11262756	1201879
11262756	3491723
11262756	5074306
11262756	8960946
11262756	11692421
11262756	13328146
11262757	11262752
11262760	5352285
11262761	10702074
11262762	11229957
11262763	10794202
11262764	10794202
11262765	11229957
11262766	10471819
11262767	7347990
11262770	1025878
11262771	1643266
11262772	11228771
11262773	11228768
11262774	10004
11262774	73205
11262774	1222976
11262774	1662219
11262775	10004
11262775	73205
11262775	1222976
11262775	1662219
11262775	11262980
11262776	11228763
11262777	9543354
11262778	9543357
11262779	7551432
11262780	9543360
11262781	9543365
11262782	11228763
11262782	11763997
11262782	12088064
11262783	11228763
11262784	1341219
11262785	11228755
11262786	11262787
11262787	11262786
11262787	12471272
11262788	10626966
11262788	10627059
11262788	10641840
11262788	11228755
11262789	2224070
11262790	11063473
11262790	11262791
11262791	11262790
11262792	11218126
11262793	11218077
11262794	11262795
11262795	11262794
11262796	11262798
11262796	11845015
11262797	757741
11262798	11262796
11262799	1094582
11262800	1531064
11262801	11262803
11262801	11262805
11262801	11845016
11262802	908231
11262802	1192984
11262803	11262801
11262804	2812694
11262805	11262801
11262806	9543368
11262807	7955182
11262807	12078102
11262808	2260695
11262808	7807647
11262810	9543395
11262811	9543396
11262811	9543403
11262812	11218075
11262813	281088
11262813	3615303
11262814	9543399
11262815	9543400
11262815	9543401
11262816	11218065
11262817	11262976
11262817	11262977
11262817	11263046
11262817	11444490
11262818	11262975
11262818	11262978
11262819	6709318
11262820	3344373
11262820	11145455
11262820	11218065
11262826	11218060
11262827	11262829
11262829	11262827
11262830	9176625
11262830	11218060
11262831	7703905
11262831	10471969
11262831	11759292
11262831	12366625
11262832	11218060
11262833	6247934
11262834	8160038
11262835	11218051
11262836	6716488
11262837	9953708
11262838	11218019
11262839	1434782
11262839	10553937
11262840	12313513
11262841	11206998
11262843	2297859
11262843	2329294
11262843	11262971
11262844	2297856
11262844	2329294
11262844	11262971
11262847	4532122
11262847	11206998
11262848	11262921
11262848	11262923
11262849	560345
11262849	824368
11262849	11262853
11262850	2329294
11262850	11262969
11262851	2329294
11262851	11262969
11262852	11206997
11262853	560345
11262853	11262849
11262854	10520959
11262855	10520959
11262857	11262900
11262857	12858844
11262858	1156245
11262858	1845973
11262859	11178308
11262859	11206997
11262860	11178308
11262860	11206997
11262862	10348570
11262863	7580866
11262864	1892180
11262865	138648
11262866	8639776
11262867	8639776
11262868	8167949
11262868	10520967
11262868	11262869
11262868	11262870
11262868	11604751
11262869	11262868
11262870	11262868
11262871	11262872
11262872	11262871
11262872	11262873
11262872	12625972
11262872	12625973
11262873	11262872
11262874	8391492
11262875	11262878
11262876	11262877
11262877	11262876
11262878	11262875
11262879	11262880
11262880	11262879
11262881	11262882
11262882	11262881
11262883	11262884
11262884	11262883
11262885	3181036
11262886	1257225
11262887	11262889
11262888	746255
11262889	11262887
11262890	8013805
11262891	8013805
11262892	5807421
11262892	5810357
11262892	5812002
11262892	7060794
11262892	7092314
11262892	8177897
11262892	11263053
11262892	11263434
11262893	477454
11262894	3195576
11262895	11206962
11262896	4245176
11262897	5741928
11262897	5741929
11262897	6795795
11262897	7079558
11262897	8407198
11262897	9118203
11262897	11260239
11262897	11260455
11262897	11261235
11262897	11261236
11262897	11261238
11262897	11261240
11262897	11261789
11262897	11262661
11262897	11262679
11262897	12552468
11262898	11206962
11262899	8703662
11262900	11262857
11262903	11262904
11262904	11262903
11262905	11552621
11262906	11206952
11262907	3611365
11262907	11262909
11262907	11676606
11262907	12497383
11262908	11262918
11262909	8812100
11262909	11262907
11262910	11262915
11262910	11262916
11262910	12587404
11262910	12587405
11262910	12587406
11262910	13818313
11262911	11269159
11262912	11262913
11262912	12314231
11262913	11262912
11262914	11262917
11262914	11262929
11262914	11262965
11262914	11262966
11262914	13154561
11262915	11262910
11262916	11262910
11262917	11262914
11262918	11262908
11262919	11467100
11262919	11755581
11262920	11733743
11262920	11737384
11262920	11737388
11262921	11262848
11262922	11209575
11262922	11209576
11262922	13033605
11262923	11262848
11262924	11209575
11262924	11209576
11262924	13033605
11262925	11206952
11262926	11252606
11262927	11252606
11262928	11252606
11262929	11262914
11262929	11262965
11262929	11262966
11262930	5433870
11262931	5433870
11262932	11209562
11262932	11209564
11262933	11209555
11262933	11209557
11262934	11209360
11262934	11262963
11262934	11262964
11262935	11552620
11262936	5372026
11262937	11209548
11262938	11209577
11262938	11262961
11262938	11327464
11262939	11262941
11262939	13812219
11262939	13812220
11262940	11209979
11262941	11262939
11262942	11206941
11262943	12295363
11262944	11147204
11262944	11147333
11262945	5395704
11262947	9543407
11262947	11262957
11262947	11262959
11262948	9543415
11262949	11206941
11262950	11262951
11262950	11262954
11262950	11262955
11262950	11755507
11262951	11262950
11262951	11262954
11262951	11262955
11262952	9543436
11262953	4855356
11262954	11262950
11262954	11262951
11262954	11262955
11262954	11263052
11262955	11262950
11262955	11262951
11262955	11262954
11262956	9393292
11262957	9543407
11262957	11262947
11262957	11262959
11262958	11532627
11262958	12020314
11262958	12020319
11262958	12020323
11262959	9543407
11262959	11262947
11262959	11262957
11262960	2343913
11262961	11262938
11262961	11263051
11262961	11263433
11262961	11296302
11262962	13230949
11262963	11209360
11262963	11262934
11262963	11262964
11262963	11263050
11262963	11263430
11262963	11263431
11262963	11263432
11262963	11296299
11262963	11636732
11262964	11209360
11262964	11262934
11262964	11262963
11262965	11262914
11262965	11262929
11262965	11262966
11262965	11262967
11262965	11262981
11262965	11296296
11262966	11262914
11262966	11262929
11262966	11262965
11262967	11262965
11262967	11262981
11262968	9458310
11262969	2329294
11262969	11262850
11262969	11262851
11262969	11263249
11262969	11263253
11262970	11262973
11262971	2297856
11262971	2297859
11262971	2329294
11262971	11262843
11262971	11262844
11262972	11206941
11262973	11262970
11262974	11264153
11262975	11262818
11262975	11262978
11262975	11263047
11262975	11263429
11262975	11444480
11262975	11444484
11262976	11262817
11262976	11262977
11262976	11263046
11262976	11263427
11262976	11444490
11262977	11262817
11262977	11262976
11262978	11262818
11262978	11262975
11262979	10048903
11262980	1222976
11262980	11262775
11262980	11264312
11262981	11262965
11262981	11262967
11262983	1159155
11262984	1159155
11262985	1159155
11262986	10212385
11262987	11218061
11262988	11262990
11262989	9543438
11262990	11262988
11262991	9543440
11262992	9543443
11262992	11262994
11262992	11554826
11262994	9543443
11262994	11262992
11262994	11554825
11262994	11554826
11262995	11261114
11262995	11261121
11262995	11261124
11262995	11261128
11262995	11261143
11262995	11261145
11262995	11262013
11262997	2012479
11262997	2488755
11262998	2012479
11262998	2488755
11262999	2012479
11262999	2488755
11263000	2012479
11263000	2488755
11263001	2012479
11263001	2488753
11263002	2012479
11263002	2488753
11263003	2012479
11263003	2488753
11263004	2012479
11263004	2488753
11263005	10708223
11263006	288742
11263007	288742
11263008	11263009
11263009	11263008
11263010	1222976
11263011	5807421
11263012	10936885
11263013	3919303
11263014	4121144
11263015	3968258
11263016	6785858
11263017	21588
11263017	11263022
11263017	12423589
11263018	2387528
11263019	285081
11263020	11263021
11263021	11263020
11263021	12903829
11263022	21588
11263022	2983837
11263022	11263017
11263022	11655016
11263023	5851477
11263024	11263025
11263025	11263024
11263026	4047447
11263026	8977220
11263026	9176974
11263027	6232385
11263028	11263029
11263029	11263028
11263030	2499102
11263031	9143537
11263032	9143537
11263032	12483314
11263035	13402862
11263038	13380614
11263039	349165
11263040	551810
11263046	11262817
11263046	11262976
11263046	11444490
11263047	11262975
11263047	11444480
11263047	11444484
11263048	11263049
11263049	11263048
11263050	11262963
11263050	11636732
11263051	11262961
11263052	11262954
11263053	11262892
11263054	11263055
11263055	11263054
11263056	11262638
11263057	11262594
11263057	11262604
11263058	11262592
11263059	11262586
11263060	11262531
11263060	11262585
11263061	11262266
11263062	11262225
11263063	11263065
11263064	11262168
11263065	11263063
11263066	11253304
11263067	11253302
11263068	11253301
11263069	11253299
11263070	11253272
11263071	11253134
11263072	11250536
11263073	11250536
11263074	8373826
11263074	11250491
11263075	11250489
11263076	11250465
11263077	11250160
11263078	11250083
11263078	13401095
11263079	11250081
11263082	11263083
11263083	11263082
11263084	11250026
11263084	13315056
11263085	11250010
11263086	11249994
11263087	11249990
11263088	11263089
11263089	11263088
11263090	11249982
11263091	11249981
11263091	11551008
11263092	11249979
11263093	11249717
11263094	11248842
11263095	11248830
11263096	11248824
11263096	11281420
11263097	11263098
11263098	11263097
11263099	11248646
11263100	11248489
11263101	11248471
11263102	11248455
11263103	11248389
11263105	11248374
11263106	11248364
11263108	10317639
11263109	11248356
11263110	259692
11263111	10317589
11263112	11248324
11263113	10317557
11263115	11248096
11263116	11248055
11263117	11248034
11263118	11247998
11263119	11247985
11263120	12622124
11263121	11247985
11263123	11247977
11263124	11247977
11263126	11247959
11263127	13730183
11263128	11247959
11263129	11247954
11263130	11247941
11263132	11247362
11263133	11247361
11263134	11247088
11263135	11247056
11263136	11247054
11263137	10492853
11263137	11247050
11263138	11227386
11263138	11247046
11263139	11245758
11263140	11245757
11263142	11245756
11263148	11245608
11263149	9713228
11263150	11245434
11263153	11244366
11263155	11244360
11263156	11244349
11263158	11244338
11263159	11244324
11263160	11244322
11263160	11323585
11263160	11323586
11263161	11244296
11263162	2504912
11263163	11244241
11263164	11260474
11263164	13444390
11263168	10949271
11263172	3530345
11263175	2017693
11263178	10526182
11263180	1468410
11263180	11267327
11263182	3359254
11263184	1510060
11263184	11268077
11263184	11268078
11263184	11268080
11263185	3445475
11263187	2412362
11263187	11263201
11263187	11263202
11263187	11263204
11263187	11263264
11263187	11544011
11263187	11544012
11263187	12120811
11263187	13594902
11263187	13639652
11263187	13639653
11263187	13641594
11263187	13641596
11263187	13747565
11263187	13747566
11263188	2181564
11263190	1879957
11263190	11267774
11263190	11268040
11263192	1694264
11263193	9697286
11263194	1751501
11263194	11267320
11263194	11268038
11263195	2844395
11263196	11012114
11263197	2775495
11263197	12243760
11263198	2099550
11263198	11263200
11263198	11267324
11263198	11268037
11263198	13674974
11263198	13674975
11263199	2607317
11263199	12341174
11263200	11263198
11263201	1805103
11263201	11263187
11263201	11263264
11263202	1805103
11263202	11263187
11263203	1861998
11263203	11263207
11263203	11268036
11263203	12366647
11263204	1805103
11263204	2412362
11263204	11263187
11263204	11263264
11263205	1750212
11263206	2084608
11263206	13024316
11263206	13024317
11263206	13024323
11263207	11263203
11263208	11244211
11263209	2061041
11263210	11244203
11263211	1841347
11263212	11244133
11263212	11444459
11263213	11244126
11263215	11244042
11263217	9471970
11263218	11243984
11263220	11243955
11263221	11243906
11263223	12264228
11263227	11243813
11263228	13356669
11263229	11243808
11263231	4054150
11263232	11243745
11263235	11243683
11263236	11263242
11263236	11263251
11263236	11263265
11263236	11263272
11263236	11263273
11263236	11263276
11263236	11263285
11263236	11263287
11263236	11263291
11263236	11263295
11263241	11243023
11263242	11263236
11263242	11263265
11263242	11263272
11263242	11263273
11263242	11263291
11263244	11242991
11263246	11242991
11263249	11262969
11263249	11263253
11263249	11263256
11263250	11242676
11263251	11263236
11263251	11263273
11263253	1117324
11263253	11262969
11263253	11263249
11263253	11263256
11263254	1060642
11263255	4403878
11263256	11263249
11263256	11263253
11263256	11264328
11263257	13571885
11263258	11263260
11263258	11263261
11263259	2711947
11263260	11263258
11263260	11263261
11263260	11264327
11263261	11263258
11263261	11263260
11263262	12528338
11263263	11052275
11263263	11263549
11263263	11266063
11263264	1805103
11263264	11263187
11263264	11263201
11263264	11263204
11263264	12120811
11263265	11263236
11263265	11263242
11263265	11263273
11263268	2427782
11263268	11267321
11263272	11263236
11263272	11263242
11263272	11263273
11263272	11266059
11263272	11266060
11263273	11263236
11263273	11263242
11263273	11263251
11263273	11263265
11263273	11263272
11263273	11263285
11263273	12245433
11263275	10318252
11263276	11263236
11263277	11263278
11263277	11263280
11263277	11263281
11263277	11263283
11263277	11263284
11263278	11263277
11263278	11263280
11263280	11263277
11263280	11263278
11263280	11267322
11263280	13771772
11263281	11263277
11263283	11263277
11263284	11263277
11263284	13335193
11263285	11263236
11263285	11263273
11263287	11263236
11263288	2168
11263290	10709711
11263291	11263236
11263291	11263242
11263294	11263314
11263294	11263319
11263295	11263236
11263298	67074
11263299	67074
11263300	67074
11263301	13585630
11263302	11263312
11263302	11263321
11263302	11263322
11263302	11263323
11263302	11263324
11263302	11263325
11263302	11263326
11263302	11263327
11263302	11263328
11263302	11263329
11263302	13218969
11263303	10324273
11263303	11549935
11263304	10324259
11263306	10322715
11263309	10322708
11263310	13957507
11263312	11263302
11263312	11263322
11263312	11263323
11263312	11263324
11263312	11263327
11263314	11263294
11263314	11263319
11263315	13558016
11263319	11263294
11263319	11263314
11263321	11263302
11263321	11263328
11263321	11263329
11263322	11263302
11263322	11263312
11263323	11263302
11263323	11263312
11263323	11263328
11263323	11266055
11263324	11263302
11263324	11263312
11263325	11263302
11263326	11263302
11263327	11263302
11263327	11263312
11263327	11263328
11263327	13218969
11263328	11263302
11263328	11263321
11263328	11263323
11263328	11263327
11263328	12232134
11263328	12232484
11263328	12235983
11263329	11263302
11263329	11263321
11263330	10622731
11263331	11263332
11263331	11263333
11263331	11263334
11263331	11263336
11263331	11263338
11263331	11263339
11263331	11263340
11263331	11263341
11263331	11263342
11263332	11263331
11263332	11263334
11263332	11263336
11263332	11263341
11263333	11263331
11263334	11263331
11263334	11263332
11263336	11263331
11263336	11263332
11263336	11266052
11263338	11263331
11263339	11263331
11263340	11263331
11263341	11263331
11263341	11263332
11263342	11263331
11263343	12114856
11263344	12114854
11263345	12114853
11263346	12114852
11263347	11266098
11263349	11266117
11263350	11266120
11263351	3679954
11263351	3679955
11263351	3679956
11263351	4854046
11263351	10203747
11263351	10212483
11263351	10212484
11263351	10212486
11263351	10212487
11263352	11266092
11263354	12114851
11263356	12114849
11263359	13523374
11263368	12114860
11263369	13829061
11263373	1502674
11263374	12114857
11263375	12116849
11263379	11266128
11263385	12809307
11263392	13729747
11263396	603585
11263397	603585
11263399	11263421
11263400	11263420
11263401	2284303
11263402	2284303
11263403	2284303
11263403	11263425
11263403	11264325
11263404	11263442
11263405	11263441
11263406	253283
11263407	11263408
11263407	13605538
11263408	11263407
11263409	3973221
11263409	7884597
11263409	12497641
11263410	7586469
11263411	10174343
11263411	11124886
11263412	11133682
11263413	8111238
11263414	2841520
11263415	2841520
11263416	4979660
11263417	9632561
11263417	13650108
11263418	11263419
11263419	11263418
11263420	11263400
11263421	11263399
11263422	11656830
11263423	9478825
11263424	9145495
11263424	9317922
11263424	11656831
11263425	11263403
11263426	9588447
11263427	11262976
11263428	10613171
11263428	11285076
11263429	11262975
11263430	11262963
11263431	11262963
11263432	11262963
11263433	11262961
11263434	11262892
11263436	9409704
11263436	12259979
11263437	7766986
11263438	7766986
11263439	7766986
11263440	7766986
11263441	11263405
11263442	11263404
11263443	7684577
11263444	11263447
11263445	9964867
11263445	13757460
11263446	11266082
11263446	12144596
11263447	11263444
11263447	12618273
11263447	12618432
11263447	12687672
11263447	12687673
11263448	4368282
11263448	7174063
11263449	8315314
11263450	10724593
11263451	10600105
11263452	10600105
11263453	10600107
11263454	10600107
11263455	3062241
11263456	10670828
11263457	10599924
11263457	11838440
11263458	6705592
11263459	2401617
11263460	270300
11263461	5316731
11263461	12013425
11263462	5316731
11263463	9584185
11263464	10277886
11263465	3869937
11263466	249685
11263467	3869937
11263469	13698446
11263469	13698449
11263470	2300124
11263471	2300124
11263472	11223944
11263473	11223946
11263474	10351290
11263474	12632180
11263475	10351290
11263476	11223937
11263477	11263478
11263478	11263477
11263479	11263480
11263480	11263479
11263481	11263482
11263481	13338988
11263482	11263481
11263483	11263484
11263484	11263483
11263485	11263486
11263485	13338987
11263486	11263485
11263487	11263488
11263488	11263487
11263489	11263490
11263489	13381569
11263489	13381570
11263489	13381571
11263490	11263489
11263491	11263492
11263492	11263491
11263493	11263494
11263493	12349286
11263494	11263493
11263495	2299523
11263495	2412894
11263495	4496247
11263495	4782968
11263495	13649401
11263496	2412894
11263496	4496247
11263496	4782968
11263497	8653589
11263498	1084719
11263498	9414659
11263498	12505362
11263499	9414659
11263500	11263503
11263502	9924592
11263503	11263500
11263505	11263516
11263506	11380267
11263507	12205997
11263508	10621573
11263509	10621573
11263510	5177477
11263511	11266077
11263512	10670789
11263512	11703023
11263512	12179822
11263513	10702362
11263514	11263515
11263514	11656832
11263515	11263514
11263515	11264323
11263515	11656832
11263516	11263505
11263517	11263518
11263518	11263517
11263521	4660512
11263521	13796880
11263522	21680
11263523	242636
11263524	13363038
11263525	11263526
11263526	11263525
11263527	7160496
11263528	1982653
11263528	11263544
11263528	11268035
11263528	13772938
11263529	7093334
11263529	11230007
11263530	253060
11263531	805521
11263531	12271283
11263531	12271284
11263531	12271288
11263531	12271289
11263532	10895523
11263532	10901397
11263532	11825386
11263533	37675
11263533	11656835
11263534	3096992
11263535	19887
11263536	1743524
11263536	10678492
11263537	10265810
11263538	7816235
11263539	1475617
11263540	7869012
11263541	3130783
11263542	1890698
11263543	643295
11263543	11009070
11263543	11644578
11263544	11263528
11263546	13363036
11263547	13363034
11263549	11263263
11263550	13363033
11263551	13363030
11263555	11263559
11263556	7946490
11263557	7954139
11263558	7983260
11263559	11263555
11263560	11263570
11263562	11263573
11263564	11263568
11263565	10266883
11263567	10266883
11263568	11263564
11263570	11263560
11263571	12838543
11263573	11263562
11263577	8018296
11263580	10338242
11263581	13366257
11263583	13366256
11263585	7831782
11263589	11263596
11263590	8640442
11263592	1006053
11263592	1006054
11263592	1006057
11263593	1006053
11263593	1006054
11263593	1006057
11263593	4191242
11263594	5151940
11263594	5151941
11263595	2292507
11263595	12816132
11263596	11263589
11263597	11263598
11263598	11263597
11263599	8730938
11263601	8737529
11263601	8737530
11263602	8737531
11263602	8737532
11263604	10266876
11263606	4712335
11263606	11454206
11263607	8737533
11263607	8737534
11263608	2239687
11263608	12621399
11263609	11263612
11263610	13062033
11263610	13502452
11263611	8737846
11263612	11263609
11263613	11314712
11263613	11752055
11263615	13363028
11263616	11314711
11263616	11752056
11263616	11752059
11263617	13363025
11263619	3388099
11263620	11263622
11263622	11263620
11263623	8829323
11263624	11263628
11263624	11263630
11263625	2841195
11263626	9370241
11263627	255780
11263627	823405
11263627	930137
11263627	1084827
11263627	1543014
11263628	11263624
11263629	11236501
11263630	11263624
11263630	11263632
11263631	10661504
11263632	11263630
11263633	9974119
11263634	11263635
11263634	11546496
11263634	11546500
11263635	11263634
11263635	11546350
11263636	10661504
11263636	12925627
11263637	3139133
11263638	13363024
11263639	11229450
11263640	11263643
11263640	11267546
11263643	11263640
11263647	13363023
11263651	11263652
11263652	11263651
11263653	5682243
11263653	7763810
11263654	11229486
11263655	24329
11263655	11263765
11263656	2321410
11263656	13827645
11263657	11229448
11263658	10081831
11263659	11229444
11263660	11229440
11263661	11263663
11263662	11229439
11263663	11263661
11263664	11229430
11263665	7733823
11263666	6696087
11263667	4943604
11263667	12602173
11263667	12744543
11263668	11229427
11263669	11229425
11263670	11263672
11263671	11229395
11263672	11263670
11263673	10000001
11263674	11229119
11263675	11263676
11263676	11263675
11263677	11263679
11263678	11229128
11263679	11263677
11263680	11263681
11263681	11263680
11263683	10000295
11263684	11229118
11263685	10000311
11263686	10692948
11263686	11595149
11263687	10692948
11263688	11221885
11263689	11221880
11263690	11221879
11263691	10681414
11263691	12130672
11263693	11221877
11263694	10000656
11263694	11263695
11263694	11263698
11263694	11263699
11263695	10000656
11263695	11263694
11263696	11221878
11263697	2053326
11263698	10000656
11263698	11263694
11263699	10000656
11263699	11263694
11263700	11221876
11263701	10000670
11263702	9465980
11263703	11221875
11263704	11263707
11263705	10000688
11263706	11221874
11263707	11263704
11263708	11221872
11263709	10000758
11263710	10000758
11263711	11221871
11263712	10000804
11263713	10000810
11263714	10000810
11263715	7560929
11263715	7560930
11263716	10000933
11263717	1000113
11263717	1002794
11263717	2780935
11263718	13093758
11263719	10001143
11263720	8463446
11263720	10001252
11263721	8463446
11263721	10001252
11263722	10001263
11263723	10001265
11263724	10001265
11263725	10001268
11263726	10001272
11263726	10001277
11263727	10001602
11263728	10001674
11263729	10001674
11263730	10001680
11263730	11263731
11263730	11263732
11263730	11554082
11263730	13785774
11263730	13996656
11263731	10001680
11263731	11263730
11263731	11263732
11263731	13785774
11263731	13996655
11263731	13996656
11263732	10001680
11263732	11263730
11263732	11263731
11263732	11554082
11263732	13785774
11263733	10001830
11263734	10001862
11263735	10001864
11263736	10001938
11263737	10001980
11263738	10001985
11263739	5574654
11263739	10001985
11263740	10002024
11263741	10002024
11263742	9999996
11263743	9999996
11263744	9999987
11263745	9999977
11263746	9999958
11263747	9999915
11263748	9999915
11263749	9999888
11263750	3312939
11263751	10315061
11263752	10613664
11263755	11263758
11263756	11263757
11263756	11263763
11263756	11263776
11263756	11263782
11263756	11263783
11263756	11263784
11263756	11263785
11263756	11263787
11263756	11263788
11263756	11263790
11263757	11263756
11263757	11263776
11263757	11263783
11263757	11263787
11263758	11263755
11263760	7190598
11263761	11029015
11263761	13863243
11263762	5832354
11263762	11792746
11263762	12180621
11263762	13424777
11263762	13763931
11263763	11263756
11263764	8320586
11263764	9178507
11263764	11975010
11263764	12845552
11263764	13349174
11263764	13355836
11263764	13360390
11263764	13360440
11263765	11263655
11263766	8053818
11263766	8053820
11263766	11263775
11263766	12208047
11263766	12208048
11263766	12208049
11263766	12422997
11263766	12422998
11263766	12422999
11263767	11263768
11263768	11263767
11263769	12043126
11263769	12043245
11263769	12043248
11263769	12043249
11263769	12043251
11263769	12043252
11263769	12043254
11263769	12043255
11263769	12043257
11263769	12043258
11263769	12043259
11263770	6106406
11263770	11265090
11263770	11265091
11263770	11265491
11263770	11795480
11263770	12206766
11263772	5670485
11263772	9034985
11263773	57476
11263773	220157
11263774	11263778
11263775	11263766
11263776	11263756
11263776	11263757
11263776	11263783
11263777	6436116
11263777	10917224
11263778	11263774
11263779	11110100
11263781	1395943
11263782	11263756
11263783	11263756
11263783	11263757
11263783	11263776
11263783	11263787
11263784	11263756
11263785	11263756
11263786	11263789
11263787	11263756
11263787	11263757
11263787	11263783
11263787	11264318
11263788	11263756
11263789	11263786
11263790	11263756
11263791	1938787
11263792	11263794
11263792	11263796
11263792	11263797
11263792	11263798
11263792	11263799
11263792	11263800
11263792	11263801
11263792	11263803
11263792	11263804
11263792	11263805
11263792	12487751
11263793	11263795
11263794	11263792
11263794	11263797
11263794	11263799
11263794	11263804
11263795	11263793
11263796	11263792
11263797	11263792
11263797	11263794
11263797	11263799
11263797	11263804
11263798	11263792
11263799	11263792
11263799	11263794
11263799	11263797
11263800	11263792
11263801	11263792
11263803	11263792
11263804	11263792
11263804	11263794
11263804	11263797
11263804	11264316
11263805	11263792
11263806	1938831
11263807	400141
11263808	11263810
11263809	6289415
11263810	11263808
11263811	1961320
11263813	1961549
11263815	53323
11263816	11263817
11263816	11263818
11263816	11263820
11263816	11263826
11263816	11263827
11263816	11263828
11263816	11263831
11263816	11263832
11263816	11263833
11263816	11263834
11263816	11263835
11263816	11263836
11263817	11263816
11263817	11263826
11263817	11263834
11263818	11263816
11263818	11263826
11263818	11263828
11263818	11263834
11263819	1898338
11263820	11263816
11263822	8851687
11263822	8853024
11263822	11263824
11263822	11271301
11263822	11271302
11263823	961993
11263824	11263822
11263824	11898731
11263825	10756112
11263826	11263816
11263826	11263817
11263826	11263818
11263826	11263834
11263827	11263816
11263828	11263816
11263828	11263818
11263828	11263834
11263829	7497976
11263830	7492831
11263831	11263816
11263832	11263816
11263833	11263816
11263834	11263816
11263834	11263817
11263834	11263818
11263834	11263826
11263834	11263828
11263834	11264313
11263835	11263816
11263836	11263816
11263837	2059916
11263838	8636676
11263839	2186853
11263840	11255595
11263840	11255608
11263840	11255652
11263840	11263844
11263841	10666632
11263842	3223375
11263843	5247894
11263844	11255595
11263844	11255608
11263844	11255652
11263844	11263840
11263845	7364313
11263846	5777924
11263847	13363057
11263848	13376011
11263848	13376012
11263849	354787
11263851	10066882
11263851	11263917
11263851	11263918
11263851	11561998
11263852	7240520
11263852	7342225
11263852	11263914
11263853	2955609
11263853	11263912
11263854	60540
11263857	2055049
11263858	12013785
11263858	13365166
11263859	12013786
11263859	13365185
11263860	337868
11263861	12013787
11263861	13365183
11263862	12013789
11263862	13365178
11263863	12013791
11263863	13365174
11263864	12013792
11263864	13365173
11263865	1723930
11263866	119751
11263867	357919
11263868	3349334
11263869	398850
11263870	9946789
11263871	8950732
11263871	12964620
11263872	265284
11263873	1536318
11263874	1536318
11263875	11247955
11263875	11832087
11263876	4501800
11263876	7382317
11263876	8843201
11263876	11263908
11263877	4501800
11263877	8843201
11263877	11263908
11263878	11262121
11263878	12721669
11263879	4501800
11263880	11260481
11263880	13188867
11263882	11256085
11263882	12045055
11263884	11256085
11263886	11258037
11263886	11260490
11263886	11604682
11263887	11258032
11263890	11258031
11263890	11551120
11263891	11258030
11263893	11258029
11263893	12815852
11263897	11256198
11263897	13225143
11263899	11256196
11263899	12484674
11263900	9203789
11263900	11544763
11263902	11248575
11263902	12965216
11263903	11248573
11263903	11604672
11263904	11243153
11263904	13139423
11263905	11240689
11263906	11239246
11263908	8843201
11263908	11263876
11263908	11263877
11263910	3028214
11263911	3028214
11263912	11263853
11263912	11632968
11263913	2955609
11263914	7236936
11263914	7240520
11263914	7342225
11263914	11263852
11263915	8440827
11263915	13656033
11263916	7240519
11263916	7342225
11263917	11263851
11263917	11632976
11263917	11632980
11263918	11263851
11263918	11632981
11263919	10066882
11263919	11561998
11263920	10066882
11263920	11264310
11263920	11561998
11263921	11262640
11263921	11262643
11263921	11263939
11263921	11782394
11263921	11782395
11263931	4181226
11263931	6900617
11263934	12000611
11263939	5118752
11263939	11262640
11263939	11263921
11263939	11782394
11263939	11782395
11263948	11716462
11263948	11716463
11263948	11716464
11263948	11716465
11263952	11733753
11263952	11733754
11263958	11263959
11263959	11263958
11263960	7173280
11263969	7174432
11263970	11937748
11263972	434681
11263972	638261
11263972	895390
11263973	434719
11263973	11312858
11263974	462425
11263975	464317
11263975	824150
11263976	11262168
11263977	491144
11263978	529642
11263979	536523
11263980	599240
11263981	625796
11263981	1922652
11263982	628171
11263983	11261663
11263984	642197
11263985	645779
11263986	661625
11263987	661625
11263988	641243
11263988	702559
11263988	746308
11263989	723232
11263990	726066
11263990	903974
11263990	1257062
11263990	1359788
11263990	11312859
11263990	11312860
11263991	728126
11263992	728700
11263993	730482
11263994	735993
11263995	10325976
11263995	13350975
11263995	13350976
11263996	736793
11263997	7416944
11263998	741596
11263999	767111
11264000	776490
11264001	767617
11264001	782893
11264001	4418170
11264001	4590697
11264001	7451602
11264002	791056
11264003	810960
11264004	811189
11264004	11312861
11264005	8198767
11264006	8198767
11264007	824152
11264008	884829
11264009	8198767
11264010	896443
11264010	11312862
11264011	925577
11264012	941381
11264013	941381
11264014	10325968
11264015	11261254
11264016	10325964
11264016	11856074
11264016	11860519
11264016	11860597
11264017	1268891
11264018	10325948
11264019	6288747
11264020	1279599
11264021	1280030
11264022	7173208
11264023	10326022
11264024	1287146
11264025	6289417
11264026	1306032
11264027	6289417
11264028	10326022
11264029	1306035
11264030	1306046
11264031	1314246
11264032	534727
11264032	1319735
11264032	3920949
11264032	11716500
11264032	11716501
11264033	1334187
11264034	10327494
11264035	1355298
11264036	10327464
11264036	11221978
11264036	11222888
11264036	11222889
11264036	12579413
11264036	12579415
11264037	1355299
11264037	1811957
11264038	1370319
11264039	1383209
11264039	2123586
11264039	2396241
11264039	11312863
11264039	11716508
11264039	11716509
11264040	11264043
11264043	11264040
11264044	1403458
11264045	1403458
11264046	1416476
11264046	11277246
11264047	10326252
11264047	10326357
11264048	1418991
11264049	1432431
11264049	1771979
11264049	7166830
11264050	1442305
11264050	12296097
11264051	10326247
11264052	1458445
11264053	1476288
11264053	1802122
11264053	2127300
11264054	1476295
11264055	10326157
11264055	10326202
11264056	11261248
11264056	13301630
11264057	6818513
11264057	10326151
11264058	10326151
11264059	10327540
11264060	10330189
11264061	10330188
11264061	13535510
11264062	10330187
11264063	10330186
11264064	10645144
11264064	11264069
11264065	10330055
11264066	10331593
11264067	10335035
11264067	13156602
11264068	10333405
11264069	10645144
11264069	11264064
11264070	10335623
11264070	13535525
11264071	10335366
11264072	10335206
11264072	11372350
11264072	12118555
11264072	12118560
11264073	10335210
11264074	10337229
11264075	10335717
11264076	10335704
11264077	3334027
11264078	3334027
11264079	3334028
11264080	10335676
11264081	3334028
11264082	10335675
11264083	10339717
11264083	10339765
11264084	6340212
11264085	3490560
11264085	3773766
11264086	7985942
11264087	10339608
11264088	10109480
11264089	7173290
11264090	10339848
11264091	10350658
11264092	3729142
11264092	8934406
11264093	10345571
11264094	585783
11264095	10345508
11264096	10357504
11264098	6992348
11264099	7173292
11264101	5261231
11264105	5228440
11264107	3667061
11264107	7088077
11264107	11264110
11264107	12980356
11264108	10876411
11264110	1531819
11264110	7726715
11264110	11264107
11264111	7418639
11264111	7425502
11264112	5986931
11264113	3115092
11264114	3466396
11264115	7174373
11264117	7412140
11264118	2202536
11264119	11264121
11264120	7768918
11264121	11264119
11264122	10359560
11264123	10359557
11264124	10359557
11264125	10359557
11264126	10359548
11264126	12248175
11264127	10359623
11264128	10187523
11264131	10359693
11264132	6251796
11264133	6251796
11264134	10359691
11264135	1655584
11264135	1664238
11264135	10044604
11264136	1655584
11264136	1664239
11264136	10044604
11264147	2206512
11264148	10361494
11264150	10363774
11264150	13547558
11264151	10261594
11264152	1537686
11264152	2362673
11264152	2450926
11264152	10363651
11264152	10363912
11264152	12148497
11264153	11262974
11264154	11266053
11264157	10681414
11264157	12130672
11264160	6257963
11264160	11177291
11264161	6257963
11264162	10617456
11264162	13951252
11264163	1390769
11264163	11264176
11264164	10617456
11264165	456499
11264165	1850861
11264166	2542283
11264166	11264172
11264166	11264173
11264167	10617458
11264168	243730
11264168	12057921
11264169	5134456
11264169	7198758
11264170	9662953
11264171	9662953
11264172	2542283
11264172	11264166
11264173	2542283
11264173	11264166
11264174	2542283
11264175	2542283
11264176	1390769
11264176	11264163
11264177	6471777
11264177	11380925
11264178	6142398
11264179	8951269
11264180	11264181
11264181	11264180
11264182	5215243
11264183	808047
11264183	2202117
11264184	808047
11264184	2202117
11264185	11264186
11264186	11264185
11264187	5858165
11264187	5894909
11264187	11264188
11264187	11264295
11264188	11264187
11264188	11264295
11264188	13318235
11264189	30972
11264190	10486838
11264190	10609510
11264191	11264192
11264192	11264191
11264193	10617458
11264194	11476492
11264194	12082263
11264194	12082264
11264194	12082265
11264194	12082266
11264194	12082271
11264194	12082272
11264194	12082274
11264194	12597449
11264194	12597459
11264195	11265089
11264195	12732692
11264196	11264294
11264196	12623096
11264197	10365316
11264197	10365323
11264197	10522257
11264197	13615132
11264198	10365304
11264201	11264205
11264202	10365412
11264204	10365412
11264205	11264201
11264207	13572679
11264209	11282521
11264218	11282522
11264218	13443066
11264219	5186972
11264220	1997446
11264220	2004327
11264220	2245681
11264220	2246586
11264220	3330158
11264220	3562834
11264220	4445837
11264220	5829767
11264220	5903130
11264220	7937833
11264220	7938135
11264222	11264223
11264223	11264222
11264224	10365604
11264225	10680417
11264226	10365607
11264227	12116857
11264228	12116856
11264229	12118844
11264230	10617463
11264231	10367544
11264232	10367545
11264235	10367515
11264236	10617538
11264237	11264238
11264238	11264237
11264239	10617538
11264240	12117659
11264242	10367421
11264244	10367354
11264247	12116870
11264248	10367363
11264251	10370255
11264252	10369390
11264254	10367572
11264256	4592882
11264256	4592952
11264256	10370259
11264256	11679583
11264256	11679585
11264257	11264258
11264258	11264257
11264259	11265088
11264259	11845579
11264260	10218997
11264261	6249169
11264261	6251298
11264261	6831819
11264261	12462144
11264262	11264263
11264263	11264262
11264263	11267319
11264263	12555932
11264264	6348084
11264264	6831822
11264265	283463
11264266	283463
11264267	11264268
11264268	11264267
11264270	1125357
11264270	1125993
11264270	1523512
11264270	10871730
11264270	10873606
11264270	10873608
11264271	1125357
11264271	1125993
11264271	1523512
11264271	10871730
11264271	10873607
11264271	10873609
11264272	1125357
11264272	1125993
11264272	1523512
11264272	10871730
11264272	10873607
11264272	10873609
11264273	1125993
11264273	1523512
11264273	10871730
11264273	10873602
11264273	10873603
11264274	1125993
11264274	1523512
11264274	10871730
11264274	10873604
11264274	10873605
11264275	1125993
11264275	1523512
11264275	10871730
11264275	10873602
11264275	10873603
11264276	1125993
11264276	1523512
11264276	10871730
11264276	10873604
11264276	10873605
11264277	1125993
11264277	1523512
11264278	1125993
11264278	1523512
11264279	11264281
11264280	1125993
11264280	1523512
11264281	11264279
11264282	1125993
11264282	1523512
11264283	4798370
11264283	11264290
11264284	283463
11264286	283463
11264287	4657674
11264287	4657676
11264287	6450430
11264287	9846596
11264290	11264283
11264291	11234847
11264292	11234847
11264294	11264196
11264294	11265322
11264295	11264187
11264295	11264188
11264295	13408746
11264299	7116746
11264300	10686320
11264302	11264304
11264303	11915287
11264304	11264302
11264307	11915287
11264307	11915288
11264308	7116746
11264309	4602590
11264310	11263920
11264310	11561998
11264310	12969949
11264312	10004
11264312	897878
11264312	1059704
11264312	2118125
11264312	9672681
11264312	11262980
11264313	11263834
11264314	2698940
11264316	11263804
11264318	11263787
11264319	2698940
11264321	7910606
11264323	11263515
11264324	8181805
11264325	11263403
11264325	13171506
11264326	8181805
11264327	11263260
11264328	11263256
11264329	7589250
11264329	11265487
11264330	11229914
11264331	11229907
11264331	11578388
11264331	11578389
11264331	13534567
11264333	11229902
11264334	3610473
11264334	11795478
11264335	11230058
11264336	11230058
11264338	11229928
11264339	11229923
11264341	11229922
11264343	11229921
11264344	10497768
11264344	10526181
11264345	11264346
11264346	11264345
11264346	12961490
11264347	11230134
11264351	11230117
11264352	120082
11264352	13017441
11264353	11230110
11264354	674018
11264354	1053540
11264356	11230099
11264357	11230096
11264358	11230089
11264360	11230067
11264362	11230393
11264363	11230381
11264363	11230474
11264364	11264366
11264365	11230369
11264366	11264364
11264366	13556370
11264367	11230356
11264368	11264370
11264368	11264374
11264368	11264376
11264369	11230340
11264370	11264368
11264370	11264374
11264371	11230261
11264372	11230478
11264372	13481160
11264373	11230475
11264374	11264368
11264374	11264370
11264375	11230434
11264376	11264368
11264377	11230580
11264379	11230567
11264379	11264380
11264379	11264382
11264380	11230567
11264380	11264379
11264380	11264382
11264381	11230554
11264382	11230567
11264382	11264379
11264382	11264380
11264383	11230543
11264384	11230541
11264385	11230512
11264386	11231270
11264386	13789331
11264387	11230989
11264388	11230787
11264389	10574805
11264389	11230776
11264389	12466693
11264389	12466695
11264390	4143850
11264390	5877527
11264391	11230728
11264392	11231362
11264393	7695547
11264393	8026681
11264393	11265082
11264393	11265083
11264393	11265406
11264393	11801321
11264394	11231362
11264395	11264400
11264396	11231331
11264397	4491951
11264397	11801341
11264397	11801342
11264398	11231331
11264399	13660215
11264400	11264395
11264401	11231308
11264402	4998972
11264402	4998974
11264402	11265080
11264402	11265081
11264404	11030825
11264404	11265079
11264404	11381129
11264405	11231280
11264406	11231271
11264408	9029647
11264408	12218010
11264408	12218011
11264408	12680441
11264408	12680442
11264408	12680443
11264408	13267071
11264408	13267072
11264409	11231903
11264411	7050706
11264411	11265078
11264411	11268034
11264411	12206761
11264411	12206762
11264411	12326160
11264413	8193648
11264413	8193649
11264414	11232156
11264415	10807038
11264416	8193648
11264416	8193649
11264416	12206763
11264416	12206764
11264417	7792749
11264417	11232147
11264419	2466974
11264419	2467196
11264419	4535362
11264419	10923705
11264419	10923707
11264419	11232114
11264419	11264449
11264419	13454239
11264420	12009914
11264421	5530825
11264421	11264423
11264421	11792741
11264422	3312505
11264423	11264421
11264424	56486
11264425	8550967
11264426	12117722
11264428	11264430
11264429	11265077
11264430	11264428
11264431	6092337
11264431	8643697
11264431	8644014
11264431	11265074
11264431	11265075
11264431	11265076
11264431	11266658
11264433	12117709
11264434	11232083
11264436	8580784
11264438	11232437
11264439	12118846
11264440	1929684
11264441	11232393
11264442	11232332
11264442	11232333
11264442	11232347
11264442	13489367
11264443	11232327
11264446	11232184
11264447	11232181
11264448	3399647
11264449	2466974
11264449	2467196
11264449	4535362
11264449	10923705
11264449	10923707
11264449	11232114
11264449	11264419
11264450	11232170
11264451	63347
11264451	574927
11264451	5261784
11264451	9631878
11264452	11232617
11264453	10887
11264453	965256
11264454	10164624
11264455	10164624
11264456	2329775
11264456	3960681
11264456	11265070
11264457	11232595
11264458	10663012
11264459	10164624
11264459	11291929
11264460	1482690
11264461	11232563
11264462	11233280
11264463	11233064
11264464	7895129
11264465	3087504
11264465	11232645
11264465	11264471
11264466	11232639
11264467	11264469
11264467	11264473
11264467	11264475
11264467	11264481
11264467	13495297
11264468	892395
11264469	11264467
11264470	11233411
11264471	3087504
11264471	3089746
11264471	4739942
11264471	11232645
11264471	11264465
11264472	11233292
11264473	11264467
11264474	11233292
11264475	11264467
11264476	11233287
11264477	11233287
11264478	273843
11264479	11233281
11264480	435529
11264481	11264467
11264482	8046511
11264483	5598513
11264484	1734363
11264484	2249711
11264484	5051411
11264485	5598513
11264486	2249711
11264486	5051411
11264486	5051412
11264486	7456516
11264486	7456517
11264487	5598513
11264488	1808418
11264489	8228073
11264490	5857531
11264491	9595205
11264492	12638131
11264494	13363056
11264496	6314348
11264497	6314348
11264498	3129364
11264498	4579752
11264498	4579755
11264498	7679021
11264498	10578821
11264498	10578822
11264499	3129364
11264499	4579757
11264499	7679021
11264499	10578824
11264500	3129364
11264500	4579757
11264500	7679021
11264500	10578824
11264501	3163032
11264503	8377744
11264504	5944698
11264504	5945129
11264504	5948396
11264504	5975380
11264504	11264604
11264505	9583646
11264506	1424513
11264507	9099510
11264508	3584857
11264508	6927360
11264509	4956685
11264509	4964811
11264510	6392838
11264511	11501751
11264511	12951019
11264512	12794875
11264513	179436
11264515	10367355
11264515	10367367
11264516	9689166
11264517	11027031
11264518	10981794
11264519	11156551
11264520	10371984
11264523	10384750
11264524	10384713
11264525	13945960
11264526	10382627
11264528	13865075
11264530	10387363
11264533	10386969
11264534	10386184
11264535	10386158
11264535	13211008
11264536	12400130
11264536	13631233
11264537	10386077
11264538	10386091
11264540	10433576
11264540	10433583
11264541	10434523
11264542	10444760
11264543	10444760
11264545	11265061
11264545	11532625
11264545	11845575
11264545	12573585
11264545	12573704
11264545	13089074
11264545	13297599
11264547	10441293
11264552	10455482
11264554	12117793
11264555	12117794
11264560	10457394
11264564	13502769
11264566	3322650
11264566	10457497
11264566	11437613
11264568	12785006
11264570	12117829
11264572	12117827
11264574	11228606
11264576	1238490
11264576	9009193
11264576	10457497
11264577	4132388
11264578	11266022
11264579	11266013
11264581	8935553
11264582	9460796
11264583	19143
11264583	347694
11264583	475884
11264583	659913
11264583	757406
11264584	12117820
11264586	9517788
11264588	11279657
11264588	11926738
11264588	12681643
11264591	13243903
11264595	12117852
11264597	12117848
11264598	12117842
11264598	12144001
11264599	12117842
11264599	12144166
11264600	10709513
11264601	12018702
11264604	5944698
11264604	5948396
11264604	11264504
11264604	13579023
11264605	3730535
11264605	3730878
11264607	12700350
11264607	12700351
11264609	12118854
11264610	11569093
11264610	11569094
11264610	11755676
11264610	11755678
11264611	12118853
11264612	11569092
11264612	12519702
11264612	12519703
11264612	12519705
11264612	12519706
11264612	12519708
11264612	12519709
11264612	12522499
11264613	11257509
11264613	11257511
11264613	11257514
11264613	11265330
11264613	11312489
11264614	12118850
11264615	3259842
11264615	12401112
11264616	7958440
11264616	11264617
11264617	7958440
11264617	11264616
11264618	11305860
11264620	10693848
11264626	12117855
11264628	11038459
11264628	13249451
11264629	13570902
11264631	12118857
11264633	9763992
11264634	9763992
11264636	10255051
11264637	12117901
11264638	140943
11264639	12117895
11264645	12117887
11264655	12117906
11264656	575870
11264656	10082283
11264657	11705808
11264658	2798956
11264661	11845573
11264662	10585449
11264662	11806980
11264662	11808365
11264663	7547772
11264664	9586829
11264664	11265048
11264664	11265049
11264664	11265151
11264664	11614097
11264665	9586829
11264665	11265048
11264665	11265050
11264665	11265051
11264665	11265149
11264665	11265150
11264666	7675646
11264666	13578988
11264666	13578989
11264667	13578971
11264667	13579554
11264667	13579555
11264667	13579568
11264668	7579363
11264668	13578990
11264668	13578991
11264669	9988879
11264670	11147659
11264670	12741045
11264670	13578993
11264671	10650037
11264671	11264684
11264671	11952234
11264672	9282722
11264673	11264675
11264674	7261438
11264675	11264673
11264675	11264677
11264675	11264686
11264675	11409867
11264676	9964865
11264676	11264683
11264677	11264675
11264677	11409867
11264678	10303164
11264679	11264680
11264680	11264679
11264681	2365239
11264681	11264682
11264682	11264681
11264683	11264676
11264684	11264671
11264686	11264675
11264686	13171529
11264687	10303164
11264687	11264694
11264687	11264695
11264688	1792671
11264689	1792671
11264690	2892839
11264690	10303164
11264690	11264694
11264692	11223697
11264693	26770
11264694	11264687
11264694	11264690
11264695	11264687
11264696	10644415
11264697	8534616
11264698	12117909
11264699	5431934
11264699	5434954
11264701	12119646
11264702	5431934
11264702	5434954
11264703	11823262
11264703	11823263
11264704	12117924
11264705	12067812
11264706	11823262
11264707	4977040
11264707	10265663
11264708	12117924
11264709	2111763
11264709	5853123
11264710	12117923
11264711	2111763
11264712	2240287
11264713	6824197
11264715	2255253
11264716	7773087
11264716	11264728
11264717	3920422
11264718	3113588
11264719	3920423
11264719	3920424
11264721	5209850
11264722	5209850
11264723	5853123
11264724	10366556
11264727	5776351
11264728	11264716
11264729	12117922
11264730	11234997
11264732	6788715
11264733	6788715
11264734	11264738
11264734	11264741
11264735	12117921
11264736	8400544
11264736	11264745
11264738	11264734
11264738	11264741
11264739	324652
11264739	11264743
11264739	11264744
11264740	12117919
11264741	11264734
11264741	11264738
11264743	11264739
11264744	11264739
11264745	11264736
11264746	2542823
11264746	10548320
11264747	9579347
11264747	11264749
11264748	6124620
11264749	11264747
11264750	4135016
11264750	6650974
11264752	6111065
11264754	12119663
11264755	252742
11264755	13324233
11264757	13731083
11264757	13731086
11264759	7088850
11264760	22108
11264761	12117932
11264762	227601
11264763	12117932
11264764	7786050
11264765	11264766
11264766	11264765
11264766	11264769
11264767	7786050
11264768	28159
11264768	227601
11264768	4941173
11264768	11264797
11264768	11264801
11264769	11264766
11264770	12117931
11264772	9841405
11264773	12117930
11264774	7170833
11264776	257642
11264777	10723976
11264778	12117929
11264779	5673879
11264780	12117926
11264780	12117928
11264781	3737758
11264781	4948425
11264783	9977354
11264784	12772801
11264784	13214564
11264784	13214565
11264785	2164592
11264786	5790492
11264788	8536744
11264788	12236750
11264789	11923767
11264790	227601
11264791	227601
11264792	72738
11264792	11266239
11264794	6718070
11264795	2225493
11264797	11264768
11264798	8877635
11264798	8877643
11264798	8879323
11264798	9550303
11264800	378059
11264800	444985
11264800	444986
11264800	800534
11264800	1609431
11264800	2113125
11264800	2113512
11264800	2265180
11264800	4110815
11264801	11264768
11264802	335291
11264802	2385241
11264802	9930550
11264802	13538145
11264803	1037850
11264803	8239163
11264805	6799162
11264807	12117948
11264809	7512299
11264810	2187272
11264811	12117942
11264812	12117940
11264813	12117938
11264814	257607
11264815	6628023
11264816	249266
11264818	3412989
11264819	12011364
11264820	9841405
11264821	25864
11264822	4984299
11264823	5006744
11264824	3142861
11264825	8719693
11264826	8719693
11264827	238711
11264829	75261
11264830	1126731
11264831	75261
11264832	75261
11264833	2300651
11264834	2300651
11264845	11238075
11264846	6857021
11264848	2648228
11264850	11238075
11264852	11264871
11264852	11564505
11264855	1311873
11264857	9152835
11264858	547866
11264858	12227387
11264859	4002668
11264860	7768161
11264861	9602447
11264870	3424343
11264871	11264852
11264872	8089670
11264879	6267980
11264889	7997381
11264899	8902360
11264901	8938209
11264906	1092254
11264915	6864833
11264916	9425571
11264920	1951571
11264929	1040618
11264930	3346020
11264934	12563787
11264936	9701863
11264937	9770816
11264940	238712
11264942	238715
11264944	681024
11264946	729864
11264948	1526480
11264950	3738862
11264957	4829387
11264962	10923263
11264965	6350712
11264966	9231052
11264967	762693
11264967	4094782
11264968	5743510
11264969	7856384
11264970	6178311
11264971	11264973
11264971	11765414
11264971	11765416
11264972	6326208
11264973	11264971
11264974	6449586
11264975	6474465
11264976	6474481
11264977	6480069
11264978	8035096
11264979	8390973
11264980	8394437
11264981	8497632
11264982	6434004
11264983	8736649
11264984	9451457
11264985	9800359
11264986	10110184
11264987	10124262
11264988	25864
11264989	238711
11264990	238716
11264991	328529
11264992	735152
11264993	802367
11264994	6259036
11264995	3023995
11264996	25742
11264997	6724318
11264998	282588
11265000	279806
11265001	8285371
11265002	8285371
11265003	4874337
11265003	8243861
11265003	11499317
11265003	11499318
11265003	11652566
11265003	11652567
11265003	11846470
11265004	4874337
11265005	2314869
11265006	11266007
11265008	2314873
11265009	2314873
11265010	11265990
11265011	2314878
11265012	2314878
11265013	2314879
11265014	2314880
11265015	2314880
11265016	2314880
11265017	2314885
11265018	2314886
11265019	2314886
11265020	2314886
11265020	12898374
11265021	2314886
11265022	2314887
11265023	2314888
11265025	2314889
11265026	2314889
11265027	2314891
11265028	2314892
11265029	2314892
11265030	2314893
11265031	64954
11265033	3932483
11265033	3932486
11265033	8246195
11265034	3815771
11265035	2892227
11265036	7214444
11265037	11265038
11265038	11265037
11265039	11623836
11265039	11623837
11265040	11265041
11265041	11265040
11265042	7872088
11265043	2954732
11265044	7170341
11265045	1449424
11265046	1647534
11265047	7492670
11265048	9586829
11265048	11264664
11265048	11264665
11265048	11265049
11265048	11265050
11265048	11265051
11265048	11265149
11265048	11265150
11265048	11265151
11265049	11264664
11265049	11265048
11265049	11265151
11265049	11614097
11265050	11264665
11265050	11265048
11265050	11265149
11265050	11614097
11265051	11264665
11265051	11265048
11265051	11265150
11265051	11266335
11265051	11614097
11265052	7065099
11265052	7074251
11265052	11266334
11265053	6937908
11265054	11265056
11265055	8187294
11265055	11265058
11265055	11265267
11265055	11265269
11265055	11266333
11265056	11265054
11265057	1140008
11265058	8187294
11265058	11265055
11265058	11265265
11265059	8069307
11265060	11265065
11265060	11265262
11265061	11264545
11265061	12573704
11265062	164895
11265062	249612
11265063	164895
11265063	249612
11265064	10081522
11265065	11265060
11265065	11265262
11265066	246706
11265067	167793
11265068	6724312
11265069	11265072
11265069	11265250
11265070	2329775
11265070	3960681
11265070	3960704
11265070	5449378
11265070	11264456
11265070	11266331
11265071	169950
11265071	244536
11265072	11265069
11265072	11265244
11265073	65756
11265073	11266328
11265074	8643697
11265074	8644014
11265074	11264431
11265074	11265075
11265074	11265076
11265074	11266326
11265074	11296282
11265075	8643697
11265075	8644014
11265075	11264431
11265075	11265074
11265076	8643697
11265076	8644014
11265076	11264431
11265076	11265074
11265077	63347
11265077	11264429
11265077	11266325
11265077	11296279
11265078	7050706
11265078	11264411
11265078	11266323
11265079	11030825
11265079	11264404
11265079	11266321
11265079	11296272
11265080	11264402
11265081	4998927
11265081	4998972
11265081	11264402
11265081	11266320
11265082	11264393
11265083	7695547
11265083	11264393
11265084	41246
11265084	204004
11265084	3319803
11265084	3319804
11265085	27503
11265086	27084
11265086	11931445
11265087	26983
11265087	11266318
11265088	11264259
11265088	11845579
11265089	11264195
11265089	11266316
11265089	12732692
11265090	1940485
11265090	6106406
11265090	11263770
11265090	11265091
11265090	11265232
11265090	11265491
11265090	11266315
11265090	12365576
11265091	1940485
11265091	6106406
11265091	11263770
11265091	11265090
11265091	11265231
11265091	11265491
11265092	8993540
11265093	3170516
11265094	6124407
11265095	11265098
11265095	11265147
11265095	11265148
11265095	13740880
11265096	325938
11265097	7175748
11265098	11265095
11265098	11265147
11265098	11265148
11265098	11266313
11265098	13740880
11265099	2540887
11265100	3271712
11265101	35612
11265102	10997031
11265103	2288231
11265104	6357531
11265105	4013880
11265106	10736502
11265107	280213
11265108	10597534
11265115	11802185
11265117	12788645
11265119	12489749
11265124	13486661
11265130	12911599
11265131	8400019
11265131	10518956
11265131	10518975
11265131	11265311
11265131	11737656
11265131	13406438
11265131	13406440
11265132	10135185
11265133	2239253
11265136	1001996
11265136	1002210
11265136	1707750
11265136	3752298
11265136	3752684
11265136	5702518
11265136	7682810
11265136	11265155
11265137	1428316
11265138	11265139
11265139	11265138
11265139	14028547
11265140	4829262
11265140	4829263
11265140	5014032
11265141	10887
11265141	370330
11265141	434570
11265141	517983
11265141	738975
11265141	1061006
11265141	1265421
11265141	1511938
11265141	1511940
11265141	2149934
11265141	2405973
11265141	3228627
11265141	5836442
11265141	12090279
11265142	181027
11265142	370137
11265142	434571
11265142	438288
11265142	1082666
11265142	11265146
11265143	434571
11265143	1184635
11265143	1264222
11265143	3207338
11265143	3207347
11265143	11265145
11265144	10887
11265144	370331
11265144	434570
11265144	434571
11265144	517983
11265144	1265421
11265144	1511938
11265144	1511940
11265144	2405973
11265144	3228627
11265145	434571
11265145	1184635
11265145	1264222
11265145	2570254
11265145	3207338
11265145	3207347
11265145	4776967
11265145	11265143
11265145	11265153
11265145	11265154
11265146	181027
11265146	370137
11265146	434571
11265146	438288
11265146	612512
11265146	1082666
11265146	11265142
11265147	11265095
11265147	11265098
11265148	11265095
11265148	11265098
11265149	11264665
11265149	11265048
11265149	11265050
11265150	11264665
11265150	11265048
11265150	11265051
11265151	11264664
11265151	11265048
11265151	11265049
11265152	10187522
11265153	11265145
11265154	11265145
11265155	11265136
11265156	352341
11265157	460917
11265158	6220952
11265159	2271740
11265160	7712696
11265161	7712696
11265162	10891005
11265163	2271743
11265164	2271743
11265165	2271743
11265166	2271745
11265166	12468430
11265167	2271746
11265168	1061006
11265168	5702495
11265168	11265170
11265168	11265173
11265168	11265176
11265168	11265397
11265168	11265400
11265169	2271750
11265170	1061006
11265170	11265168
11265170	11265173
11265170	11265176
11265170	11265397
11265170	11265400
11265171	2271751
11265171	5850748
11265172	2271751
11265172	5850748
11265173	1061006
11265173	5702495
11265173	11265168
11265173	11265170
11265173	11265176
11265173	11265397
11265173	11265400
11265173	12411343
11265173	12411344
11265173	12411345
11265173	12411346
11265174	2271752
11265175	2271753
11265176	1061006
11265176	5702495
11265176	11265168
11265176	11265170
11265176	11265173
11265176	11265400
11265176	11266299
11265177	2271753
11265178	3738896
11265179	3738896
11265180	2271755
11265181	279302
11265181	539767
11265182	8479269
11265182	13397427
11265183	279302
11265183	539767
11265184	2271756
11265185	2241470
11265185	8648925
11265186	2271758
11265187	2271759
11265188	2271759
11265189	2271760
11265190	38901
11265191	2271761
11265192	2271762
11265193	2271764
11265194	2271764
11265195	2271764
11265196	2271764
11265197	2271766
11265198	1127411
11265199	2271766
11265200	2271769
11265201	5123828
11265202	485272
11265202	2271769
11265203	5178373
11265205	2271820
11265206	985063
11265207	2271821
11265208	132350
11265209	9476412
11265210	2271821
11265211	2271822
11265212	6212931
11265213	6212931
11265214	2271822
11265215	2271823
11265216	10276088
11265216	11265218
11265216	11265224
11265216	11265226
11265216	11265227
11265216	11265228
11265216	11265229
11265216	11265236
11265216	11265238
11265216	11265240
11265216	11265241
11265216	11265242
11265216	11265243
11265216	11265245
11265216	11265246
11265216	11265247
11265216	11265249
11265216	13229522
11265216	13229523
11265217	2271824
11265218	11265216
11265218	11265224
11265218	11265242
11265218	11265243
11265218	11265246
11265219	2271824
11265220	9476413
11265221	2271825
11265222	2271826
11265223	2271826
11265224	11265216
11265224	11265218
11265224	11265227
11265224	12563447
11265225	2271827
11265226	11265216
11265226	11266044
11265227	11265216
11265227	11265224
11265227	11265246
11265228	11265216
11265228	11265243
11265229	11265216
11265230	2271828
11265231	6106406
11265231	11265091
11265231	11265491
11265232	6106406
11265232	11265090
11265232	11265491
11265233	2271829
11265234	2271830
11265235	2271830
11265236	11265216
11265237	2271831
11265238	11265216
11265239	2271831
11265240	11265216
11265241	11265216
11265242	11265216
11265242	11265218
11265242	13029231
11265243	11265216
11265243	11265218
11265243	11265228
11265243	11265245
11265244	11265072
11265245	11265216
11265245	11265243
11265246	11265216
11265246	11265218
11265246	11265227
11265247	11265216
11265248	11232332
11265249	11265216
11265250	11265069
11265251	2276223
11265251	11265256
11265254	2276223
11265254	5536865
11265254	7231886
11265254	10518578
11265255	5536866
11265256	11265251
11265257	10717
11265257	65941
11265257	1243524
11265258	180437
11265258	269931
11265258	274714
11265258	513149
11265258	853765
11265258	1130003
11265258	1130008
11265258	2841491
11265258	5027122
11265259	269931
11265259	274714
11265260	238532
11265260	1566915
11265260	3896730
11265260	4550378
11265261	238532
11265261	4550376
11265262	11265060
11265262	11265065
11265263	11265264
11265263	11265266
11265263	11265268
11265263	11265270
11265263	11265272
11265263	11265274
11265263	11265275
11265263	11265276
11265263	11265277
11265263	11265278
11265263	11265340
11265263	11265341
11265264	11265263
11265264	11265277
11265265	8191652
11265265	11265058
11265266	11265263
11265267	11265055
11265267	11265269
11265268	11265263
11265268	11265278
11265269	11265055
11265269	11265267
11265270	11265263
11265270	11265340
11265270	11265341
11265270	11266043
11265272	11265263
11265274	11265263
11265275	11265263
11265276	11265263
11265277	11265263
11265277	11265264
11265277	11265340
11265277	11265341
11265277	11266308
11265278	11265263
11265278	11265268
11265279	11265280
11265279	11265281
11265279	11265282
11265279	11265283
11265279	11265284
11265279	11265285
11265279	11265286
11265279	11265287
11265279	11265288
11265279	11266657
11265279	11941454
11265279	12826826
11265279	12827562
11265280	11265279
11265280	11265282
11265280	11265287
11265281	11265279
11265282	11265279
11265282	11265280
11265283	11265279
11265284	11265279
11265285	11265279
11265286	11265279
11265287	11265279
11265287	11265280
11265287	11266305
11265288	11265279
11265289	1927992
11265290	9231198
11265290	9231199
11265290	12143099
11265291	10864980
11265292	7971529
11265293	8377793
11265294	8757608
11265294	13397332
11265295	8757608
11265295	13397332
11265296	7260324
11265299	8940674
11265300	2561196
11265302	7587538
11265304	10981387
11265304	11266656
11265304	11268032
11265305	10779847
11265305	13402880
11265307	9021745
11265308	1679039
11265309	11265312
11265309	11265351
11265309	11265353
11265309	11265355
11265309	11265356
11265309	11265358
11265309	11265361
11265309	11265363
11265309	11265364
11265309	11265365
11265309	11266655
11265309	13842144
11265310	7587538
11265310	12872681
11265311	11265131
11265312	11265309
11265312	11265363
11265313	373861
11265314	3328177
11265315	3328177
11265316	6256361
11265317	6256361
11265318	6256361
11265319	4805360
11265320	3178428
11265321	10288285
11265322	11264294
11265322	12623096
11265323	10288285
11265324	6268457
11265325	6268457
11265326	4303
11265327	4653872
11265328	4653872
11265329	4653872
11265330	11257509
11265330	11257510
11265330	11257514
11265330	11257520
11265330	11264613
11265331	11257511
11265332	5670428
11265332	5670429
11265332	11265482
11265332	11265483
11265332	11265484
11265332	11265485
11265333	8720615
11265333	8720618
11265334	7680354
11265334	11266654
11265335	9471259
11265335	9471261
11265336	6005180
11265336	6005334
11265336	6006246
11265337	6005180
11265337	6005334
11265337	6006246
11265338	6005180
11265338	6005334
11265338	6006246
11265340	11265263
11265340	11265270
11265340	11265277
11265341	11265263
11265341	11265270
11265341	11265277
11265345	12572804
11265346	12572805
11265347	12572807
11265348	12572808
11265351	11265309
11265352	180740
11265353	11265309
11265353	13842144
11265354	8662307
11265355	11265309
11265355	11266037
11265356	11265309
11265357	10953803
11265358	11265309
11265359	8468028
11265360	8468028
11265361	11265309
11265362	11001531
11265363	11265309
11265363	11265312
11265363	11266303
11265363	13842144
11265364	11265309
11265365	11265309
11265366	1044198
11265367	11265403
11265367	12120620
11265368	1127644
11265369	5183962
11265370	9114746
11265371	3852768
11265372	3852768
11265373	685678
11265374	777864
11265378	6488109
11265379	6488109
11265382	12238006
11265385	5920287
11265389	4696054
11265392	11265393
11265393	11265392
11265393	13927382
11265393	13927383
11265394	1532041
11265394	11265395
11265395	11265394
11265396	1397171
11265397	1061006
11265397	5702495
11265397	11265168
11265397	11265170
11265397	11265173
11265397	11265400
11265397	11266299
11265398	6454476
11265399	7695280
11265400	1061006
11265400	5702495
11265400	11265168
11265400	11265170
11265400	11265173
11265400	11265176
11265400	11265397
11265401	1045937
11265402	10188443
11265403	11265367
11265403	12120620
11265404	5394673
11265406	11264393
11265408	11265410
11265408	11265414
11265409	4696071
11265409	11864668
11265409	11864669
11265410	11265408
11265410	11265413
11265410	11265414
11265410	11266298
11265412	11265418
11265412	11265429
11265412	11265493
11265412	11265520
11265413	11265410
11265414	11265408
11265414	11265410
11265415	4495258
11265415	5906510
11265418	11265412
11265418	11265419
11265418	11265426
11265418	11265429
11265418	11265479
11265418	11265493
11265418	11265520
11265419	11265418
11265419	11265426
11265419	11265429
11265419	11265479
11265419	11578391
11265419	12715913
11265420	11265422
11265422	11265420
11265424	1540027
11265425	275174
11265426	11265418
11265426	11265419
11265426	11265429
11265426	11265479
11265426	12715913
11265427	2720459
11265428	262545
11265429	11265412
11265429	11265418
11265429	11265419
11265429	11265426
11265429	11265479
11265429	11265493
11265429	11265520
11265429	11578391
11265429	12444082
11265430	3358934
11265431	3358934
11265432	3358934
11265433	10971980
11265433	11119847
11265433	11119848
11265433	11119850
11265433	11120018
11265433	11265436
11265433	11266296
11265433	11296262
11265434	3358934
11265435	164924
11265436	11119848
11265436	11119850
11265436	11120018
11265436	11265433
11265437	3330997
11265438	3330997
11265438	3338550
11265438	3483498
11265439	177397
11265439	4329157
11265440	3330997
11265441	3330997
11265441	3338550
11265441	3483498
11265442	3330997
11265443	1994403
11265444	3330997
11265444	3338550
11265444	3483498
11265445	3330997
11265446	2980163
11265447	3722339
11265448	1954513
11265449	1954513
11265450	1954513
11265451	1954513
11265452	1954513
11265453	1954513
11265454	1954513
11265455	1954513
11265456	3724757
11265457	3724846
11265458	4660512
11265459	4984299
11265460	5006744
11265461	5649485
11265462	3330997
11265462	3338550
11265462	3483498
11265463	3330997
11265464	3330997
11265464	3338550
11265464	3483498
11265465	3330997
11265466	544224
11265467	620697
11265467	1432842
11265467	6843513
11265468	620697
11265468	1432842
11265469	620697
11265469	1432842
11265470	2245681
11265470	2246586
11265471	3467908
11265471	13505023
11265472	3467908
11265472	3468325
11265472	13505032
11265473	3467908
11265473	13505033
11265474	5878889
11265475	5878889
11265477	3467908
11265477	3468325
11265477	13504994
11265477	13504995
11265477	13930393
11265478	3467908
11265479	11265418
11265479	11265419
11265479	11265426
11265479	11265429
11265479	12715913
11265482	11265332
11265483	11265332
11265484	11265332
11265485	11265332
11265486	2329775
11265487	11264329
11265490	11265492
11265490	11265501
11265490	11265502
11265490	11265508
11265490	11265512
11265490	11265523
11265490	11265526
11265490	11265529
11265490	11265532
11265490	11265533
11265490	11265537
11265490	11265540
11265491	11263770
11265491	11265090
11265491	11265091
11265491	11265231
11265491	11265232
11265491	12365576
11265492	11265490
11265493	11265412
11265493	11265418
11265493	11265429
11265493	11265520
11265494	11260971
11265495	11260238
11265495	11387679
11265496	11260236
11265497	11260216
11265498	11260216
11265498	13880754
11265499	11260216
11265500	11260216
11265501	11265490
11265502	11265490
11265502	11266034
11265503	5726200
11265504	5731917
11265505	5737814
11265506	5823307
11265507	5883171
11265508	11265490
11265509	6474353
11265510	6474790
11265511	6474803
11265512	11265490
11265513	6474825
11265514	6476482
11265515	6692710
11265516	11260112
11265520	11265412
11265520	11265418
11265520	11265429
11265520	11265493
11265523	11265490
11265526	11265490
11265527	7149068
11265528	7199501
11265529	11265490
11265530	6203481
11265532	11265490
11265533	11265490
11265534	13581877
11265534	13581878
11265535	13581877
11265535	13581878
11265536	372192
11265536	834721
11265536	834722
11265536	1337908
11265536	1337914
11265536	10292455
11265536	11265541
11265537	11265490
11265538	11462460
11265539	4671186
11265540	11265490
11265541	11265536
11265542	7953645
11265543	9760999
11265544	4617242
11265550	17309
11265550	767568
11265550	1460039
11265550	3759992
11265550	8107429
11265552	1630360
11265552	5969664
11265552	5969685
11265555	5012026
11265555	11037585
11265556	5012026
11265556	11037585
11265557	5012026
11265558	5012026
11265559	5012026
11265560	5084208
11265560	5084216
11265561	5012026
11265562	5084208
11265562	5084984
11265562	10309677
11265562	10309679
11265563	5918490
11265563	11265566
11265564	5084208
11265564	5084984
11265564	10309677
11265565	5084208
11265565	5084984
11265565	10309673
11265566	5918490
11265566	11265563
11265567	5084208
11265567	5084984
11265567	10309679
11265569	3780431
11265569	9889241
11265570	4728658
11265572	1630360
11265572	5969685
11265572	11265576
11265573	2374002
11265573	11265580
11265574	10621778
11265575	4529290
11265576	1630360
11265576	5969685
11265576	11265572
11265576	12434344
11265577	5705211
11265577	5718021
11265579	8955114
11265580	2374002
11265580	11265573
11265581	6697954
11265582	3728034
11265583	2532207
11265584	1843574
11265585	11265586
11265585	11265592
11265585	11265594
11265585	11265600
11265585	11265602
11265585	11265603
11265585	11265605
11265585	11265607
11265585	11265610
11265585	11265611
11265585	11265612
11265586	11265585
11265586	11265594
11265586	11265610
11265587	4696081
11265588	5918876
11265589	6381818
11265589	11265591
11265590	924946
11265591	6381818
11265591	11265589
11265592	11265585
11265594	11265585
11265594	11265586
11265596	924946
11265600	11265585
11265602	11265585
11265603	11265585
11265604	134871
11265605	11265585
11265606	8400508
11265607	11265585
11265608	4012315
11265608	7811277
11265609	2240426
11265609	2253683
11265609	2253929
11265609	2253932
11265609	3902959
11265610	11265585
11265610	11265586
11265611	11265585
11265612	11265585
11265613	8336604
11265616	317465
11265617	317465
11265623	760198
11265624	275029
11265625	49345
11265626	440148
11265626	1035114
11265627	1120174
11265628	1125816
11265629	1128321
11265630	1128321
11265631	2263016
11265632	1139235
11265633	1143526
11265635	1201997
11265636	1235984
11265637	24794
11265638	865225
11265638	1236863
11265638	1236864
11265639	865225
11265639	1236863
11265639	1236864
11265640	3636218
11265641	68131
11265641	1246278
11265642	9122647
11265643	8724439
11265644	1248497
11265644	3626229
11265645	22902
11265646	43403
11265647	245064
11265648	5660411
11265649	13964230
11265650	1482890
11265651	1488832
11265652	5660411
11265653	1492197
11265653	1827399
11265654	1989640
11265655	1503535
11265656	1508338
11265657	3155595
11265658	7593082
11265659	7593082
11265660	25580
11265661	5660411
11265662	1544173
11265663	5015901
11265665	1617966
11265667	1158522
11265667	1190470
11265667	1617991
11265668	1619763
11265670	1636008
11265670	1636010
11265670	1636011
11265670	11312865
11265671	3273231
11265672	1642733
11265675	1652234
11265678	1686954
11265679	1686954
11265680	6322087
11265681	68197
11265682	472947
11265683	1695643
11265684	1701755
11265685	1701757
11265686	1701757
11265687	4110655
11265688	1713874
11265688	11312867
11265689	4110655
11265690	1715647
11265690	7346988
11265691	8385649
11265692	4110655
11265693	3419978
11265694	1738989
11265695	9301943
11265696	1738989
11265697	9301944
11265698	1764563
11265699	3258280
11265700	1771967
11265701	1771967
11265702	6192344
11265703	10496188
11265704	9584733
11265705	1784931
11265706	1784937
11265707	1784937
11265708	10581048
11265709	11011254
11265710	825665
11265711	2978151
11265712	1832096
11265713	1832106
11265713	1832107
11265714	1832108
11265714	1832109
11265715	2450031
11265716	1852303
11265717	3714846
11265718	16420
11265719	4577232
11265720	1893575
11265721	5859263
11265722	1939149
11265723	16420
11265724	11265726
11265724	11265730
11265725	1976546
11265726	11265724
11265726	11265730
11265727	7888532
11265727	11562428
11265728	6971423
11265729	7888532
11265730	11265724
11265730	11265726
11265731	7938993
11265732	2008697
11265733	8748698
11265734	2008966
11265735	8906233
11265736	7888532
11265737	3714846
11265738	2150091
11265738	4665812
11265739	10493064
11265740	2151065
11265741	2151115
11265742	8190097
11265742	8190099
11265743	1977846
11265743	1978181
11265743	1995853
11265743	1995858
11265744	2151117
11265745	11265748
11265745	11265758
11265745	11265761
11265745	11265764
11265745	11265766
11265745	11265773
11265745	11265779
11265745	11265784
11265745	11265790
11265745	11265828
11265745	11266653
11265746	2154124
11265747	10673884
11265748	11265745
11265748	11265761
11265748	11265784
11265748	11265828
11265749	2166467
11265750	1977846
11265750	1978182
11265751	2207255
11265752	11552362
11265752	11845572
11265752	13562406
11265753	904775
11265753	2209081
11265753	2209083
11265754	11552360
11265754	11732726
11265754	11732728
11265755	2209182
11265756	11268942
11265756	11841251
11265756	13584736
11265757	2245812
11265757	11312808
11265758	11265745
11265759	1482629
11265759	1537050
11265760	2351152
11265761	11265745
11265761	11265748
11265761	11265828
11265762	2353270
11265763	2352699
11265763	2353276
11265764	11265745
11265764	11265828
11265764	11266031
11265765	2403684
11265766	11265745
11265767	11267537
11265767	11267604
11265767	11724636
11265767	12819655
11265768	2410309
11265769	1690547
11265769	1690549
11265769	8476700
11265770	2444358
11265771	2454461
11265772	1690551
11265773	11265745
11265774	12369178
11265774	12369912
11265775	3874125
11265776	965687
11265777	2532954
11265778	5001049
11265779	11265745
11265780	5852985
11265781	965686
11265782	7146493
11265783	12713724
11265784	11265745
11265784	11265748
11265784	11265828
11265784	11266292
11265785	2536609
11265786	2554054
11265787	2554054
11265788	8896691
11265789	2610204
11265790	11265745
11265791	9566778
11265792	10504471
11265793	2676536
11265794	10504471
11265795	2676536
11265796	2720106
11265797	290371
11265798	2729902
11265799	300587
11265800	2729902
11265801	2729902
11265802	2729902
11265804	410776
11265805	2766792
11265805	2766796
11265806	8324186
11265807	435032
11265808	7897723
11265809	11552619
11265809	11845571
11265809	12372140
11265809	12372141
11265809	13940510
11265810	2804881
11265810	4575694
11265811	1655712
11265814	1895541
11265815	3341643
11265816	3368511
11265817	2549555
11265818	3368511
11265819	11426830
11265819	11426998
11265819	11966604
11265821	2585127
11265824	2720656
11265825	3439137
11265827	3170547
11265828	11265745
11265828	11265748
11265828	11265761
11265828	11265764
11265828	11265784
11265829	3342801
11265833	3441175
11265834	11266392
11265838	3626234
11265839	3474925
11265840	3706148
11265841	3727605
11265842	3706357
11265842	11312868
11265843	8631263
11265844	13280466
11265844	13280468
11265845	3786194
11265845	3786195
11265846	6556077
11265847	3787152
11265847	4557402
11265848	6556077
11265849	965685
11265850	7147527
11265850	7303524
11265851	7183240
11265852	8009779
11265853	9292899
11265854	8624939
11265855	8696123
11265856	1666059
11265857	2249329
11265858	8696122
11265859	2931760
11265859	11201724
11265860	6262216
11265862	3379282
11265863	7255103
11265865	7263718
11265867	4500396
11265868	4500396
11265869	11552618
11265869	13203559
11265870	6947183
11265871	8696123
11265872	12660225
11265872	12660227
11265872	12660228
11265873	8696123
11265874	5304473
11265875	8696122
11265875	13715936
11265876	7281760
11265876	9517034
11265877	7317745
11265878	12376916
11265879	5790323
11265880	8696123
11265881	5961603
11265883	6023028
11265884	1081836
11265885	8462085
11265886	6195806
11265887	1460890
11265888	6113930
11265889	6113930
11265890	6825524
11265891	6825524
11265892	9171432
11265893	7341375
11265894	8403424
11265895	9963546
11265896	1606404
11265897	1606404
11265898	1606404
11265899	82206
11265899	1606404
11265900	1749634
11265901	11265904
11265901	11265906
11265902	1435704
11265903	11282547
11265903	11630395
11265904	11265901
11265905	9509548
11265906	11265901
11265907	5473561
11265909	986712
11265912	4381356
11265913	9550825
11265913	11265919
11265913	13744745
11265913	13745756
11265914	12087128
11265915	584970
11265916	11265918
11265916	11265926
11265916	11265928
11265916	11265929
11265916	11265933
11265916	11265940
11265916	11265944
11265916	11265950
11265916	11265953
11265917	11165551
11265918	11265916
11265918	11265928
11265918	11265933
11265918	11265950
11265918	11265953
11265919	9550825
11265919	11265913
11265919	13729168
11265919	13729170
11265919	13744742
11265919	13744745
11265919	13744799
11265920	11552359
11265920	13991994
11265920	13992919
11265921	11265930
11265922	1922047
11265923	1670189
11265924	2090297
11265925	657010
11265926	11265916
11265926	11265950
11265927	2782010
11265928	11265916
11265928	11265918
11265928	11265950
11265928	11265953
11265929	11265916
11265929	11265950
11265929	11265953
11265929	11266030
11265930	11265921
11265931	1984887
11265932	1171548
11265933	11265916
11265933	11265918
11265933	11265950
11265933	11265953
11265933	11265986
11265934	2852314
11265935	3807334
11265936	11791596
11265936	12761474
11265939	6096287
11265940	11265916
11265940	11265950
11265942	4250650
11265943	11265954
11265943	11265955
11265943	11265956
11265943	12431271
11265943	12431272
11265943	12431273
11265943	12432357
11265944	11265916
11265944	11265950
11265945	11265958
11265945	11265960
11265945	11265961
11265947	1481142
11265949	1718136
11265950	11265916
11265950	11265918
11265950	11265926
11265950	11265928
11265950	11265929
11265950	11265933
11265950	11265940
11265950	11265944
11265950	11265953
11265950	11266291
11265951	11552617
11265951	11724635
11265951	11845570
11265951	11845762
11265951	11845763
11265951	11845764
11265952	11265989
11265952	11267417
11265952	11267606
11265953	11265916
11265953	11265918
11265953	11265928
11265953	11265929
11265953	11265933
11265953	11265950
11265954	11265943
11265955	11265943
11265955	13507399
11265956	11265943
11265957	4131028
11265958	11265945
11265959	1122775
11265960	11265945
11265961	11265945
11265962	1941712
11265963	1202226
11265964	1434416
11265965	1434416
11265966	11265972
11265966	11265985
11265966	11578392
11265966	11582096
11265967	11265968
11265967	11267747
11265968	11265967
11265968	11267747
11265969	2547368
11265970	1994539
11265971	481908
11265972	11265966
11265972	11265985
11265973	1328365
11265974	301109
11265975	339774
11265976	7899088
11265977	7397251
11265980	1132764
11265981	876917
11265982	10112470
11265983	10112470
11265984	6382700
11265985	11265966
11265985	11265972
11265985	11582096
11265986	11265933
11265988	3302392
11265989	11265952
11265989	11267606
11265990	11265010
11265993	4714259
11265995	1890289
11265996	6615126
11265997	244374
11265997	5187380
11265998	11552615
11265999	6615134
11265999	10711427
11265999	12748012
11266000	6615140
11266001	2866448
11266002	6615157
11266003	793409
11266004	3778404
11266005	2886588
11266005	11266009
11266006	6599993
11266007	11265006
11266008	2886588
11266008	11266009
11266009	2886588
11266009	11266005
11266009	11266008
11266010	1901136
11266011	6602150
11266012	3560880
11266013	11264579
11266014	6611627
11266015	6614982
11266016	6614998
11266017	6615003
11266018	10140924
11266019	6546814
11266020	6546814
11266021	11266050
11266021	11266079
11266021	11266084
11266021	11266086
11266021	11266093
11266021	11266096
11266021	11266097
11266021	11266099
11266021	11266102
11266022	11264578
11266023	11552614
11266023	11865527
11266023	11978313
11266023	11978316
11266023	11978319
11266024	6554456
11266024	6554706
11266025	11266039
11266025	11266040
11266025	11922301
11266025	14017816
11266026	7713903
11266027	6595485
11266028	6598509
11266029	6401392
11266030	11265929
11266031	11265764
11266032	8438393
11266033	13920499
11266034	11265502
11266035	6462462
11266036	6462462
11266037	11265355
11266038	6298653
11266039	11266025
11266040	11266025
11266041	1591724
11266042	6302146
11266043	11265270
11266044	11265226
11266045	6322824
11266046	11260737
11266047	6358840
11266048	6380027
11266050	11266021
11266051	7980544
11266051	13637120
11266052	11263336
11266053	11264154
11266054	6196744
11266055	11263323
11266056	6204920
11266057	6204920
11266058	6292608
11266059	11263272
11266060	11263272
11266061	6298652
11266062	6133042
11266062	11090480
11266063	11263263
11266064	6938058
11266065	9638663
11266066	6155043
11266067	6166754
11266068	6938058
11266069	6173952
11266070	11261124
11266071	6075386
11266072	10949398
11266072	10949676
11266072	10949795
11266073	10949398
11266073	10949676
11266073	10949795
11266074	10949398
11266074	10949675
11266074	10949794
11266075	11260492
11266076	10949398
11266076	10949675
11266076	10949794
11266077	11263511
11266077	11266080
11266078	6041687
11266079	11266021
11266080	11266077
11266081	11266148
11266082	11263446
11266082	12050898
11266083	276075
11266084	11266021
11266085	3125857
11266085	11266089
11266086	11266021
11266087	3125857
11266087	11266089
11266089	3125857
11266089	11266085
11266089	11266087
11266090	7776264
11266091	7776264
11266092	11263352
11266093	11266021
11266093	11266600
11266094	11845569
11266095	717725
11266095	951518
11266096	11266021
11266097	11266021
11266098	11263347
11266099	11266021
11266101	3918779
11266102	11266021
11266103	2080037
11266104	2059653
11266105	8972527
11266106	6432559
11266107	6659756
11266108	3123468
11266109	8155067
11266110	6515331
11266111	12964069
11266111	13197214
11266112	7317462
11266113	6263245
11266115	1294711
11266116	1294711
11266117	11263349
11266118	8881044
11266119	4667133
11266120	11263350
11266121	1064051
11266123	7391693
11266124	10187168
11266125	3655719
11266126	8931153
11266127	6496954
11266128	11263379
11266128	12576089
11266128	12603616
11266128	13294924
11266129	6125405
11266130	4016222
11266131	7270840
11266132	8770995
11266133	11262152
11266134	11260829
11266136	2626620
11266137	11257308
11266138	7592439
11266138	11257307
11266139	2626621
11266140	11257183
11266141	11257173
11266142	11257167
11266143	11255667
11266144	11255540
11266145	11255317
11266146	11255250
11266147	11254562
11266148	11266081
11266149	11254563
11266150	11254561
11266151	11194011
11266152	11266153
11266152	11266156
11266152	11266157
11266152	12097917
11266153	11266152
11266156	11266152
11266157	11266152
11266158	11195016
11266159	11194487
11266160	11197134
11266161	276295
11266161	1591687
11266162	11266492
11266162	11266494
11266162	11266495
11266162	11266585
11266162	11266905
11266162	13751606
11266162	13751608
11266163	11266164
11266163	11266165
11266163	11266167
11266163	11266172
11266163	13886512
11266164	11266163
11266165	11266163
11266166	11196411
11266167	11266163
11266168	12683840
11266168	12716727
11266170	11380930
11266170	11648567
11266170	11648568
11266171	7219300
11266171	7219301
11266171	7219302
11266171	7219303
11266171	7219304
11266171	7219305
11266171	8021332
11266171	10963605
11266171	10963623
11266171	11504499
11266171	11504500
11266171	11648569
11266171	11648570
11266171	13757507
11266172	11266163
11266173	11266174
11266173	11266175
11266173	11266176
11266173	11266177
11266174	11266173
11266175	11266173
11266176	11266173
11266177	11266173
11266178	11266179
11266179	11266178
11266180	8615500
11266181	11266182
11266182	11266181
11266183	2272958
11266183	10195067
11266183	10195069
11266184	466785
11266185	466785
11266185	467716
11266186	7216
11266187	2481277
11266190	10464124
11266191	10464127
11266192	10464125
11266193	10464123
11266194	2626621
11266195	2626623
11266195	12472512
11266196	6701111
11266197	2626626
11266198	1307658
11266199	2099802
11266200	2626646
11266201	10761331
11266202	10517830
11266203	8456955
11266204	2626647
11266205	2282675
11266206	2282675
11266207	2282675
11266208	2626649
11266209	769399
11266210	5634096
11266211	2626649
11266212	4801352
11266213	11078323
11266214	1859530
11266215	2198920
11266216	2198920
11266217	7901065
11266217	8973479
11266217	12094754
11266218	6390548
11266219	11004896
11266220	2626668
11266221	6625767
11266222	5633203
11266223	2626668
11266224	1955558
11266225	9286088
11266225	9288746
11266226	1062735
11266227	10398788
11266228	3948481
11266229	7884455
11266230	724020
11266231	724020
11266232	1713582
11266233	1090267
11266234	1928696
11266235	7603476
11266236	7603476
11266237	8457136
11266238	985712
11266239	11264792
11266240	777183
11266241	2196959
11266242	10060767
11266243	10060767
11266244	4146926
11266245	1685240
11266246	2866816
11266247	2866816
11266248	2196959
11266250	6388971
11266251	11266254
11266252	2228194
11266253	2196959
11266253	5386102
11266253	11291928
11266253	12539834
11266254	11266251
11266254	11935944
11266255	2196959
11266256	5971692
11266257	8082809
11266258	7426917
11266259	11266263
11266259	11266274
11266259	13862205
11266260	4323696
11266261	2196959
11266263	11266259
11266264	1932771
11266264	13243008
11266268	9012754
11266272	1805536
11266273	7824948
11266274	11266259
11266275	7525510
11266275	13270650
11266276	2196959
11266277	3854511
11266278	11266280
11266280	11266278
11266281	1660137
11266282	4687525
11266282	13286746
11266282	13286748
11266283	6333387
11266285	3159837
11266287	1673115
11266289	4541279
11266290	11121954
11266291	11265950
11266292	11265784
11266293	434528
11266293	434529
11266293	466768
11266294	452637
11266294	842993
11266294	4540832
11266295	452637
11266295	943120
11266296	11265433
11266297	1546569
11266298	11265410
11266299	11265176
11266299	11265397
11266300	11266306
11266300	11266439
11266300	11266440
11266300	11266441
11266300	11266442
11266300	11266443
11266300	11266444
11266300	11266445
11266300	11266584
11266302	11218476
11266303	11265363
11266305	11265287
11266305	13273949
11266306	11266300
11266307	524024
11266307	947278
11266307	1191977
11266307	1801503
11266308	11265277
11266309	522406
11266309	524024
11266309	1191977
11266313	11265098
11266314	13503832
11266315	11265090
11266316	11265089
11266318	11265087
11266320	11265081
11266321	11265079
11266322	13195857
11266322	13195860
11266323	11265078
11266325	11265077
11266326	11265074
11266327	10139511
11266327	10139512
11266327	11442768
11266327	11442769
11266327	11442770
11266327	11442771
11266327	12783663
11266327	13171344
11266328	11265073
11266330	9460937
11266331	11265070
11266333	11265055
11266334	11265052
11266335	11265051
11266337	11255726
11266339	11255725
11266343	11165593
11266344	11165594
11266344	13675210
11266345	11165594
11266346	11165591
11266347	11254257
11266348	11165595
11266349	11165596
11266349	13675209
11266350	11266351
11266351	11266350
11266352	11254199
11266353	4015134
11266353	11165623
11266354	11253956
11266355	4015134
11266356	11253889
11266357	11253841
11266357	13559724
11266358	10467311
11266359	11253605
11266360	11251820
11266361	11266363
11266362	11251816
11266363	11266361
11266364	11251694
11266365	11251688
11266366	11251688
11266367	11251687
11266368	11251686
11266369	11251685
11266370	11251685
11266371	11250775
11266372	11250482
11266373	11249357
11266374	5153926
11266375	5395475
11266375	5409520
11266375	12334397
11266377	11247519
11266377	11638800
11266378	954228
11266378	5123883
11266379	11247380
11266380	11247379
11266381	11245331
11266382	11245293
11266383	11245126
11266383	11857862
11266384	11254634
11266385	11229832
11266385	12794764
11266386	11266387
11266387	11266386
11266388	11223991
11266390	11065433
11266391	10728677
11266392	11265834
11266393	11186223
11266394	11266395
11266395	11266394
11266396	11266424
11266396	13184685
11266397	11613846
11266398	11214589
11266399	5772157
11266399	12513872
11266399	12513873
11266400	2246223
11266400	11713467
11266400	11926993
11266401	11266402
11266402	11266401
11266404	11275866
11266405	11275866
11266406	11275865
11266408	12575791
11266410	11266411
11266411	11266410
11266412	13407016
11266413	11247808
11266413	11273879
11266413	11363905
11266414	11247808
11266414	11273869
11266414	11363905
11266417	11266418
11266418	11266417
11266420	12910289
11266421	747569
11266424	11266396
11266425	11266426
11266426	11266425
11266427	11266429
11266428	2871645
11266429	11266427
11266430	2871645
11266431	1033792
11266432	11266433
11266433	11266432
11266434	11266435
11266434	11266436
11266435	11266434
11266436	11266434
11266437	11266438
11266438	11266437
11266439	11266300
11266440	11266300
11266440	11340144
11266440	11340145
11266441	11266300
11266442	11266300
11266443	11266300
11266444	11266300
11266445	11266300
11266446	10255027
11266447	8438860
