11866500	13128273
11866500	13128275
11866500	13203312
11866500	13205384
11866501	2870623
11866502	2865070
11866503	9347409
11866503	13144331
11866504	10205956
11866505	2231515
11866505	2923037
11866505	2923038
11866506	2873033
11866506	13152251
11866506	13205380
11866507	2873034
11866508	7878650
11866510	8148870
11866510	13130890
11866511	8149312
11866511	10203607
11866511	13549251
11866512	7346612
11866512	7346613
11866513	8148796
11866513	13142294
11866514	11111208
11866515	8148796
11866516	8148818
11866517	11389600
11866518	8148867
11866519	8148867
11866520	2338394
11866520	2338396
11866520	8172049
11866521	7341116
11866522	9378008
11866523	9378008
11866524	10203604
11866525	1879501
11866525	1879502
11866526	10203608
11866527	10203611
11866528	11306297
11866529	2923041
11866529	13155559
11866530	5777206
11866531	5783674
11866532	7324343
11866533	7994118
11866534	7994118
11866535	10203639
11866536	10203640
11866537	2923052
11866537	2923056
11866537	13125671
11866538	9278058
11866539	8148871
11866540	8149313
11866541	10203605
11866542	7346617
11866542	13144740
11866543	11465118
11866544	8148797
11866545	8148797
11866546	8148819
11866546	13153181
11866546	13153182
11866547	2711965
11866548	8148868
11866549	11465118
11866550	1879503
11866550	1879504
11866551	11465118
11866552	7391454
11866553	7391454
11866554	7391454
11866555	7391454
11866556	9212008
11866557	7387929
11866558	7387929
11866559	11866434
11866559	11866435
11866559	11866436
11866559	11867176
11866560	9212008
11866561	7475931
11866562	7475931
11866563	7475931
11866564	8520605
11866565	8520605
11866566	2923053
11866566	13115688
11866566	13115689
11866566	13205490
11866567	8148872
11866567	12290104
11866567	12290105
11866568	3919069
11866569	8149314
11866569	13200572
11866569	13200574
11866570	3919069
11866571	10203606
11866571	13282170
11866572	7346618
11866573	8148800
11866574	8148820
11866575	8148869
11866576	8148869
11866577	1879506
11866577	1879508
11866577	13505408
11866577	13505412
11866578	11376138
11866579	2923050
11866579	12059728
11866579	13529148
11866580	5783677
11866581	10203648
11866581	13215456
11866582	10203649
11866582	11985771
11866582	11985772
11866583	10203652
11866583	13111514
11866583	13205483
11866584	2338405
11866584	8172051
11866585	10203650
11866586	8520537
11866587	8520537
11866588	7324345
11866588	12233603
11866588	12233604
11866589	9703770
11866589	13136271
11866590	10375495
11866591	10203658
11866592	10203666
11866592	12063199
11866593	7068830
11866593	13124041
11866594	10375495
11866595	7383873
11866596	7383873
11866597	10203660
11866597	13141354
11866598	10203662
11866599	10375495
11866600	10203664
11866601	2923059
11866602	10375495
11866603	7324346
11866604	10203659
11866605	8522035
11866606	10203667
11866607	10203661
11866607	11995036
11866607	13140768
11866608	10203663
11866608	13259378
11866609	10203665
11866610	9205231
11866611	7445096
11866611	7445104
11866612	10203669
11866613	2338413
11866614	8518944
11866616	8531802
11866617	8531802
11866618	26789
11866618	341996
11866618	468121
11866618	577511
11866618	1055487
11866618	3481741
11866619	1959774
11866620	10713607
11866621	10713607
11866622	4347136
11866623	2389197
11866624	7385934
11866625	7385934
11866626	10043011
11866627	10043011
11866628	3902997
11866629	3902997
11866630	2688626
11866631	3324555
11866632	10341936
11866633	2177770
11866634	3710167
11866635	11866653
11866636	8779397
11866637	7406894
11866638	1966925
11866639	7401827
11866640	1966925
11866641	7382990
11866642	10945730
11866643	7382991
11866644	7382991
11866645	10945730
11866646	6221042
11866647	6221042
11866648	6427172
11866649	6427172
11866650	6392153
11866651	7382990
11866652	10954619
11866653	11866635
11866654	10954619
11866655	9205231
11866656	10954619
11866657	10954619
11866658	2394251
11866659	2394251
11866660	2394247
11866660	2394251
11866660	12022717
11866661	2394251
11866662	8514534
11866663	10913310
11866664	890900
11866665	8514534
11866666	1959840
11866667	8520301
11866668	8520301
11866669	1967359
11866670	4388068
11866671	11852192
11866672	2286043
11866673	2286043
11866674	4350452
11866675	10705997
11866676	10705997
11866677	10913310
11866678	10956495
11866679	4446105
11866680	11562942
11866681	9136834
11866682	9575659
11866683	11177290
11866684	10707725
11866685	8763302
11866686	9575659
11866687	8760678
11866688	2174898
11866689	11284435
11866690	4336022
11866691	4336022
11866692	10686207
11866693	10686207
11866694	10110565
11866695	3840653
11866696	4340364
11866697	11277232
11866698	6389425
11866699	8515862
11866700	7384074
11866702	7384074
11866703	9330044
11866704	9330044
11866705	7383865
11866706	7383865
11866707	8520975
11866708	8519176
11866709	8519176
11866710	7391146
11866711	7391146
11866712	7391146
11866713	7391146
11866714	7391146
11866715	7391146
11866716	7445228
11866716	7445255
11866716	7445258
11866717	7445228
11866717	7445255
11866717	7445258
11866718	7445228
11866718	7445255
11866718	7445258
11866719	7445228
11866719	7445255
11866719	7445258
11866720	7416777
11866720	9266748
11866721	8513867
11866722	8513867
11866723	7382702
11866724	7382702
11866725	3906675
11866726	3906675
11866727	3906675
11866728	8513867
11866729	3906675
11866730	3906675
11866731	3906675
11866732	3906675
11866733	3906675
11866734	3906675
11866735	7402451
11866736	7402451
11866737	7402451
11866738	3456675
11866739	7397608
11866740	7397608
11866741	8520199
11866742	8520199
11866743	7378726
11866744	8520199
11866745	8520199
11866746	8531524
11866747	8531524
11866748	8521932
11866749	8521932
11866750	11739763
11866750	13539717
11866750	13539723
11866751	12633980
11866751	12633982
11866751	12633984
11866751	13138274
11866751	13188776
11866751	13322168
11866751	13322169
11866751	13322170
11866751	13322171
11866751	13322172
11866751	13322173
11866752	12658792
11866752	13086813
11866752	13086814
11866752	13322162
11866752	13322163
11866754	7475339
11866754	7476301
11866755	6711032
11866756	8514377
11866757	8514377
11866758	8514377
11866759	8514377
11866760	7408401
11866761	7408401
11866762	9921766
11866763	3731467
11866764	1237128
11866764	10982678
11866765	5985127
11866766	8535736
11866767	8535736
11866768	5985128
11866769	5985128
11866770	7473030
11866770	7474078
11866771	7473030
11866771	7474078
11866772	2182209
11866773	2182209
11866774	1585935
11866774	1588709
11866775	8519131
11866776	8519131
11866777	2333839
11866778	2333839
11866778	11910280
11866779	8514394
11866780	11866786
11866780	11866787
11866780	11866788
11866780	12454524
11866780	12672182
11866780	13075944
11866781	8514394
11866782	7485521
11866782	11866889
11866782	12233904
11866782	12233907
11866782	12233908
11866782	12244425
11866782	12313436
11866782	13075943
11866783	1588709
11866783	1722177
11866783	3537242
11866784	2433578
11866784	12233912
11866784	12233914
11866784	12390525
11866784	12427024
11866784	13075942
11866785	12559967
11866785	13075941
11866786	11866780
11866787	11866780
11866788	11866780
11866789	12658793
11866789	13075940
11866790	6083346
11866790	12233486
11866790	12355601
11866790	12355602
11866791	2893411
11866792	7384363
11866793	2168162
11866793	2944394
11866793	4223631
11866793	4223632
11866793	11866819
11866793	11866820
11866793	11867934
11866794	2168162
11866794	11866819
11866794	11866820
11866794	11867934
11866795	8765594
11866796	8520167
11866797	8520167
11866799	6214167
11866800	6214167
11866801	287212
11866802	287212
11866803	287212
11866804	6214167
11866805	5077942
11866806	4908062
11866806	4908063
11866807	4890337
11866807	13481303
11866808	4890337
11866808	13481303
11866809	11866817
11866809	11866818
11866810	2885008
11866810	4880872
11866811	4873494
11866812	4873482
11866812	4873486
11866813	4859001
11866813	13558441
11866814	4818116
11866815	10518098
11866816	10518098
11866817	11866809
11866818	11866809
11866819	2168162
11866819	2944394
11866819	4223631
11866819	4223632
11866819	11866793
11866819	11866794
11866820	2168162
11866820	2944394
11866820	4223631
11866820	4223632
11866820	11866793
11866820	11866794
11866820	11867934
11866822	3697209
11866823	8525602
11866824	8525602
11866825	8525602
11866826	3646644
11866826	12450182
11866827	8531911
11866828	8531911
11866829	3641534
11866830	3641526
11866830	12714790
11866831	3571663
11866832	3571663
11866833	3571614
11866833	11866847
11866834	3571614
11866834	11866847
11866835	8515332
11866836	8515332
11866837	8515332
11866838	3571614
11866838	11866847
11866839	8515332
11866840	3908806
11866840	12552831
11866840	12552834
11866841	3908806
11866841	12552831
11866841	12552834
11866842	3908806
11866842	12552832
11866842	12552834
11866843	3908806
11866843	12552832
11866843	12552834
11866844	3908806
11866844	12552833
11866844	12552834
11866845	3908806
11866845	12552833
11866845	12552834
11866846	3571544
11866847	3571614
11866847	3571615
11866847	11866833
11866847	11866834
11866847	11866838
11866849	3570469
11866850	3570465
11866850	6617237
11866850	6861292
11866850	11765201
11866851	3570465
11866851	6617237
11866851	6861292
11866851	11765201
11866852	3908230
11866853	3908230
11866854	3908230
11866855	4048928
11866855	5535110
11866855	8530099
11866855	8567451
11866855	9750242
11866856	3568199
11866857	7410395
11866857	7440358
11866858	7410395
11866858	7440358
11866859	13405771
11866859	13405772
11866859	13737670
11866860	3565485
11866861	3565485
11866862	3565485
11866863	3565485
11866864	3917146
11866865	3917146
11866866	3917146
11866867	3917146
11866868	3917146
11866869	3917146
11866870	3563435
11866871	3563435
11866871	11866909
11866872	3561388
11866873	3550678
11866874	8518916
11866874	13532058
11866875	8518916
11866875	13532058
11866876	8518916
11866876	13532058
11866877	8514562
11866878	8514562
11866879	3550132
11866880	3549961
11866880	13443028
11866881	3549961
11866881	13443028
11866882	3549961
11866883	3543974
11866884	3541384
11866884	3541386
11866885	3527172
11866886	3519712
11866886	3519861
11866887	3491194
11866887	11866920
11866887	11866921
11866887	11866923
11866888	3491194
11866888	11866921
11866889	11866782
11866891	3474181
11866893	4529269
11866893	11866221
11866894	11866163
11866895	3456745
11866896	4217515
11866896	11866166
11866896	13444497
11866896	13444498
11866897	3456745
11866898	13501778
11866899	3438294
11866899	13654522
11866900	3024457
11866902	3424976
11866902	13452871
11866903	3420546
11866903	11691795
11866903	11866929
11866904	3420546
11866904	11691795
11866904	11691796
11866904	11866929
11866905	520070
11866905	520254
11866906	11868922
11866906	11868924
11866907	520070
11866908	3316780
11866909	3563435
11866909	11866871
11866910	3253488
11866910	3253489
11866911	3253488
11866911	3253489
11866912	3253489
11866913	3230636
11866914	3135081
11866915	3135081
11866916	3135081
11866917	3067839
11866917	4629589
11866917	13711493
11866918	3067839
11866918	4629589
11866918	12210678
11866919	3067839
11866919	12210678
11866919	13711493
11866920	11866887
11866921	11866887
11866921	11866888
11866922	3044773
11866923	11866887
11866924	3018229
11866925	1690638
11866926	12233922
11866926	12233924
11866926	12454651
11866926	12639993
11866926	12639994
11866926	13075939
11866927	2906714
11866927	2906717
11866927	2944199
11866927	6587943
11866927	13538958
11866927	13538959
11866927	13538960
11866927	13539959
11866927	13539960
11866928	2906714
11866928	2906717
11866928	2944199
11866928	6587943
11866928	13538958
11866928	13538959
11866928	13538960
11866928	13539959
11866928	13539960
11866929	11690832
11866929	11866903
11866929	11866904
11866930	2906709
11866930	2906712
11866931	2906709
11866931	2906712
11866934	13422370
11866934	13422371
11866935	2903182
11866937	970017
11866939	2888022
11866940	2888022
11866942	2810807
11866943	3893709
11866943	11866947
11866943	11977835
11866943	12342679
11866943	12342680
11866943	12823307
11866944	2798687
11866945	2798687
11866946	5983330
11866946	8543138
11866946	11866948
11866946	11977833
11866946	12823306
11866946	13768021
11866946	13768022
11866946	13768023
11866947	11866943
11866947	12341882
11866948	11866946
11866949	2794807
11866950	2790485
11866950	2790487
11866950	4944386
11866951	2789868
11866951	2789870
11866951	11866959
11866951	11866988
11866952	2789868
11866952	2789870
11866952	11866959
11866952	11866988
11866953	11868877
11866953	11868883
11866954	11868801
11866954	11868805
11866955	12687120
11866956	2780235
11866956	5264641
11866956	13742979
11866957	2775134
11866957	11866980
11866959	11866951
11866959	11866952
11866960	2775134
11866960	11866980
11866961	9995984
11866961	10371875
11866962	2775111
11866962	11866979
11866963	9995984
11866963	10371875
11866964	9995986
11866964	10371875
11866965	10371875
11866966	10371875
11866967	10371875
11866968	2774155
11866968	11866973
11866968	11866974
11866968	11867005
11866968	11867006
11866968	11867272
11866969	2773575
11866969	12791507
11866969	12791799
11866969	12791805
11866970	6636095
11866970	6636101
11866971	6636095
11866972	2773565
11866973	11866968
11866973	11867006
11866973	13164293
11866974	11866968
11866974	11867006
11866974	11867272
11866975	8519050
11866976	8519050
11866976	12427978
11866977	2772888
11866977	11866992
11866978	2772888
11866978	11866990
11866978	11866993
11866979	11866962
11866980	2775134
11866980	11866957
11866980	11866960
11866981	3917317
11866982	3917317
11866983	3917316
11866984	3917316
11866985	2690633
11866985	13596895
11866986	2690633
11866987	2690633
11866988	2789870
11866988	11866951
11866988	11866952
11866989	2687172
11866989	2687174
11866990	11866978
11866991	2674367
11866992	11866977
11866993	11866978
11866994	2672714
11866994	11867022
11866994	11867027
11866995	3906391
11866996	10536065
11866997	3906391
11866998	10536065
11866999	3906391
11867000	3906391
11867001	7408990
11867002	7408990
11867003	2635546
11867003	11867009
11867004	2635546
11867004	11867009
11867005	2774155
11867005	11866968
11867006	11866968
11867006	11866973
11867006	11866974
11867006	11867272
11867007	2457037
11867007	2457041
11867007	4186650
11867008	2457037
11867008	2457041
11867009	2635546
11867009	11867003
11867009	11867004
11867010	10888092
11867011	7439950
11867011	7440677
11867012	11867049
11867012	11867333
11867013	7439950
11867013	7440677
11867014	7439950
11867014	7440677
11867015	2260908
11867015	11721127
11867015	12141859
11867015	12141865
11867016	7439950
11867016	7440677
11867017	11867340
11867018	2260908
11867019	7397568
11867020	7397568
11867021	2204026
11867022	2672714
11867022	2672715
11867022	11866994
11867023	1851535
11867023	1851536
11867024	7400299
11867025	7400299
11867026	1898471
11867026	12471100
11867027	11866994
11867027	12440123
11867028	7384849
11867029	7384849
11867030	1314723
11867030	5201123
11867030	12254375
11867031	2789866
11867031	2789867
11867032	3100167
11867033	1350125
11867033	1959358
11867033	1960345
11867033	11867038
11867034	8531863
11867035	8531863
11867036	8531863
11867037	8531863
11867038	1959352
11867038	11867033
11867039	3884374
11867039	5063589
11867039	5680032
11867039	8768395
11867039	11867042
11867039	11867047
11867040	2163210
11867040	10368512
11867040	11614077
11867041	152248
11867041	676668
11867041	3456710
11867041	12108284
11867042	2245780
11867042	3884374
11867042	5063589
11867042	10071228
11867042	11867039
11867043	457972
11867043	519199
11867043	1307369
11867043	1706149
11867043	1706151
11867043	4927274
11867044	3273575
11867045	3273575
11867046	457972
11867046	519199
11867046	992952
11867046	1307369
11867046	1706149
11867046	1706151
11867046	4927274
11867047	11867039
11867048	7440208
11867048	7440809
11867049	11867012
11867049	11867333
11867050	7440208
11867050	7440809
11867051	7440208
11867051	7440809
11867052	7440208
11867052	7440809
11867053	2238704
11867053	9484990
11867054	2238704
11867054	9484990
11867055	7407572
11867056	7407572
11867057	8522093
11867058	8522093
11867059	7399466
11867061	6078763
11867062	7399466
11867063	7409992
11867064	7409992
11867065	7409992
11867066	7409992
11867067	8532621
11867068	8532621
11867069	1096388
11867069	1099920
11867069	12201790
11867069	12201791
11867070	7383481
11867071	1096388
11867071	1099920
11867071	12201792
11867071	12201793
11867071	12201794
11867071	12201795
11867072	7386473
11867073	8522038
11867074	6772091
11867074	9843511
11867077	1552293
11867077	5655511
11867078	4159039
11867079	1450982
11867079	2990179
11867079	3817665
11867080	2990179
11867081	5826641
11867082	5826641
11867083	406340
11867084	13188775
11867085	3122306
11867086	13188774
11867086	13249619
11867087	11878946
11867087	12639710
11867087	12639712
11867087	13075938
11867089	779272
11867089	12227170
11867089	12227171
11867089	13188773
11867091	12353729
11867091	13075933
11867091	13342664
11867092	1341324
11867092	1341325
11867092	4758199
11867093	12685070
11867093	12685072
11867093	12685255
11867095	12148207
11867095	13338306
11867096	657351
11867096	658173
11867096	10564443
11867097	2069504
11867098	2835972
11867098	2836302
11867098	5340478
11867098	7528057
11867099	12413655
11867099	13075931
11867103	4587638
11867103	12980824
11867103	12980845
11867104	4208451
11867104	4587638
11867104	12494324
11867104	12980816
11867104	12980824
11867104	12980845
11867105	4587638
11867105	4965672
11867105	6645276
11867105	6949275
11867105	10190051
11867105	12501964
11867105	12501965
11867105	12501966
11867105	12501967
11867105	12501968
11867105	12501970
11867105	12501971
11867105	12501972
11867106	13075929
11867107	2088157
11867108	2088157
11867109	1418782
11867109	1418785
11867109	5622490
11867109	8598464
11867109	8837360
11867110	9451202
11867110	13075927
11867111	12662986
11867111	13075924
11867113	13075922
11867114	13075921
11867114	13139662
11867114	13212501
11867114	13757421
11867115	11657082
11867116	1941108
11867116	1941109
11867116	1941110
11867116	3642930
11867116	4025880
11867116	4657075
11867116	8648788
11867116	8648793
11867116	12107624
11867117	11657070
11867118	11657070
11867119	3058408
11867119	13075919
11867120	12123337
11867120	13188709
11867120	13188710
11867122	11657058
11867123	12658798
11867123	13075918
11867123	13757416
11867124	11651047
11867130	11644096
11867131	12332910
11867131	13075917
11867132	12040569
11867134	347663
11867134	1159338
11867134	3030623
11867134	13075915
11867135	7343433
11867135	11867139
11867135	11867140
11867135	12355604
11867135	12355605
11867135	12639875
11867135	13056859
11867135	13056860
11867135	13056861
11867135	13056862
11867135	13075914
11867135	13487193
11867135	13757415
11867135	13796941
11867136	13025180
11867137	5444541
11867137	12559968
11867137	13139659
11867137	13139660
11867137	13212499
11867138	13075442
11867139	11867135
11867140	11867135
11867141	12567015
11867141	13075913
11867142	12597331
11867142	12597348
11867142	12597349
11867142	12601326
11867142	12639833
11867142	13075912
11867142	13757414
11867142	13774364
11867143	12658799
11867143	13075911
11867143	13757413
11867144	7390183
11867145	7390183
11867146	3915352
11867147	3915352
11867148	3915352
11867149	7475871
11867150	7475871
11867151	7398348
11867152	7398348
11867153	12834647
11867154	8536166
11867155	8536166
11867159	132947
11867160	10168234
11867161	11867162
11867162	11867161
11867163	11867165
11867165	11867163
11867168	11867170
11867170	11867168
11867172	11867173
11867173	11867172
11867174	11867175
11867175	11867174
11867176	11866559
11867177	11867180
11867178	12658801
11867178	13075910
11867180	11867177
11867182	11867184
11867182	13343973
11867184	11867182
11867186	11867188
11867188	11867186
11867189	5980863
11867191	11867193
11867192	10756425
11867192	12027534
11867193	11867191
11867194	11867195
11867195	11867194
11867196	11141361
11867197	11867199
11867198	11136700
11867199	11867197
11867200	11867201
11867201	11867200
11867202	11867204
11867202	12061716
11867202	12303512
11867202	12303513
11867202	13805186
11867203	11256566
11867203	11257195
11867204	11867202
11867205	11867206
11867206	11867205
11867207	11867240
11867207	11867244
11867209	11867210
11867210	11867209
11867213	11867216
11867213	12928093
11867215	12339064
11867216	11867213
11867218	11867223
11867223	11867218
11867226	11867227
11867227	11867226
11867229	12701746
11867230	5929707
11867230	7938704
11867230	8157737
11867231	6906040
11867232	11867234
11867234	11867232
11867235	12454129
11867237	12450427
11867239	11867241
11867240	11867207
11867240	11867762
11867241	11867239
11867242	12320861
11867243	12105077
11867244	11867207
11867244	11867762
11867246	4187063
11867249	11867250
11867250	11867249
11867253	11867255
11867254	13105629
11867255	11867253
11867257	11867259
11867259	11867257
11867260	11867261
11867261	11867260
11867264	13157062
11867269	12698463
11867272	11866968
11867272	11866974
11867272	11867006
11867272	12515957
11867273	11867275
11867275	11867273
11867277	11867279
11867279	11867277
11867280	2031928
11867280	2440521
11867280	12698924
11867280	12698928
11867280	12698930
11867280	12698942
11867281	11867282
11867282	11867281
11867283	11867284
11867284	11867283
11867285	11867287
11867287	11867285
11867288	11867289
11867289	11867288
11867290	11867292
11867290	12089595
11867292	11867290
11867294	12824866
11867295	11867298
11867296	11866434
11867298	11867295
11867299	13196962
11867301	11867303
11867303	11867301
11867305	11867306
11867306	11867305
11867309	11867310
11867309	12094288
11867310	11867309
11867310	11867316
11867310	11867318
11867310	11870428
11867310	11871114
11867310	12094288
11867316	11867310
11867316	11871114
11867318	11867310
11867322	10152259
11867322	10152263
11867324	12597746
11867327	13767829
11867328	13508698
11867331	11649531
11867332	11649531
11867333	11867012
11867333	11867049
11867334	7088357
11867334	12092858
11867337	11858017
11867340	11867017
11867341	10480424
11867342	6005144
11867342	12384918
11867342	13213768
11867348	13669559
11867348	13669560
11867358	13710408
11867358	13710409
11867366	13132397
11867366	13132398
11867366	13132399
11867371	12724465
11867371	12724466
11867382	11878945
11867384	13321410
11867386	13616010
11867386	13616011
11867388	11867389
11867389	11867388
11867393	11867394
11867394	11867393
11867396	11867397
11867397	11867396
11867400	4552106
11867401	11833429
11867402	11867403
11867403	11867402
11867404	8817160
11867405	11567424
11867406	11567424
11867407	11567424
11867408	11567424
11867409	10213304
11867410	10213304
11867411	10765644
11867412	10856807
11867413	11697269
11867414	11697269
11867415	4630611
11867416	8165267
11867417	8165267
11867418	3998020
11867419	6214368
11867419	6214400
11867419	11871103
11867420	11753874
11867421	8254771
11867422	11220936
11867423	11653117
11867424	11867426
11867425	11656916
11867426	11867424
11867427	11667873
11867428	11190557
11867429	8198154
11867431	10885233
11867432	8604921
11867433	8604920
11867434	8604920
11867435	9980651
11867436	9980651
11867437	10216544
11867438	11714809
11867439	11714809
11867440	11775505
11867441	11775505
11867442	11449510
11867443	11708907
11867444	11794139
11867445	11681516
11867446	11681516
11867447	11708832
11867448	11681514
11867449	11681514
11867450	11449512
11867451	8830694
11867452	9476522
11867453	9476522
11867454	9476522
11867455	9476522
11867456	9476522
11867458	9774923
11867459	10878845
11867460	10878845
11867461	10878845
11867462	10878845
11867463	10878845
11867464	10158253
11867465	11608187
11867466	10096729
11867467	10986477
11867468	11608173
11867469	10052287
11867470	10052287
11867471	11751284
11867472	10834229
11867473	10834229
11867474	13188579
11867475	11392509
11867476	11392509
11867477	11392509
11867478	11392509
11867479	10213650
11867481	12597970
11867481	12597972
11867481	13104621
11867482	10328176
11867483	10328176
11867484	10328176
11867485	10328176
11867486	10328176
11867487	10328176
11867488	10328176
11867489	10328176
11867490	10328176
11867491	10328176
11867492	8429266
11867493	8429266
11867494	8565055
11867495	8565055
11867496	10107918
11867497	12658804
11867497	13075909
11867498	12658805
11867498	13075908
11867499	7528590
11867500	7528590
11867501	7528590
11867502	7528590
11867503	8429268
11867504	9388294
11867505	12288709
11867505	12557521
11867505	13075907
11867506	10107990
11867507	10107999
11867508	10107999
11867509	13075906
11867509	13761922
11867510	11076148
11867511	11076148
11867512	11076148
11867515	11861452
11867515	11861455
11867515	11868546
11867515	11868552
11867516	11873679
11867516	11873680
11867518	11878944
11867519	11861147
11867519	11868604
11867519	11868610
11867520	11867521
11867521	11867520
11867521	12957653
11867522	11867523
11867523	11867522
11867525	11193575
11867526	11193575
11867527	11861149
11867527	11867533
11867527	11867538
11867527	11867585
11867527	11867593
11867527	11868711
11867528	11193574
11867530	11878943
11867531	12728288
11867531	12728290
11867531	13188578
11867533	11861149
11867533	11867527
11867533	11867538
11867533	11867585
11867533	11867593
11867533	11868711
11867535	11135288
11867536	11867763
11867538	11861149
11867538	11867527
11867538	11867533
11867538	11867585
11867538	11867593
11867538	11868711
11867539	11193554
11867540	11193571
11867541	11193569
11867542	11193576
11867544	11193570
11867545	11216377
11867546	11216377
11867548	11846239
11867549	8792404
11867550	10179591
11867551	11205781
11867552	11218557
11867553	11227530
11867554	11624707
11867555	10105245
11867556	11449486
11867557	11067018
11867558	11067018
11867559	11067018
11867560	11736097
11867561	11736097
11867562	11736097
11867563	11833063
11867564	11867565
11867565	11867564
11867566	11209742
11867567	11209742
11867568	9804296
11867569	9961788
11867570	9961807
11867571	9961807
11867572	11865643
11867572	11869927
11867572	11869937
11867572	11869954
11867572	11869968
11867573	10802885
11867574	11717268
11867575	10742064
11867576	10742064
11867577	10742064
11867578	10765625
11867579	11818925
11867580	11818925
11867581	9989946
11867582	11833096
11867583	10862281
11867584	10222283
11867585	11861149
11867585	11867527
11867585	11867533
11867585	11867538
11867585	11867593
11867585	11868711
11867586	11386973
11867588	11386973
11867589	11045361
11867590	11045361
11867591	11045361
11867592	11045361
11867593	11861149
11867593	11867527
11867593	11867533
11867593	11867538
11867593	11867585
11867593	11868711
11867594	9453898
11867595	9453898
11867596	11045362
11867597	11045362
11867598	11045362
11867599	11045362
11867600	11798400
11867601	11693868
11867602	11073181
11867603	11073181
11867604	11073181
11867605	11073181
11867606	10026863
11867607	11809890
11867608	8541531
11867609	11233783
11867610	11471800
11867611	11596354
11867612	11596354
11867613	11686156
11867614	11686156
11867615	11833194
11867616	11833194
11867617	11867618
11867618	11867617
11867619	10020364
11867620	10020364
11867621	10020364
11867622	10677589
11867623	10677589
11867624	10677589
11867625	10677589
11867626	10677589
11867627	11867629
11867628	10677589
11867629	11867627
11867630	10677589
11867631	10677589
11867632	11449514
11867633	11641570
11867634	11641570
11867635	11034462
11867636	11034462
11867637	11034462
11867638	11034462
11867639	9931024
11867640	9931024
11867641	9931024
11867642	9961806
11867643	9961806
11867644	9796026
11867645	11753898
11867646	11774866
11867647	9796027
11867648	8572501
11867649	10020315
11867650	10020315
11867651	11867652
11867652	11867651
11867653	8572501
11867654	8392792
11867655	8179671
11867656	8179671
11867657	8392759
11867658	8392759
11867659	8409678
11867660	8409678
11867661	8409678
11867662	10296999
11867663	11678876
11867664	8365478
11867665	8365478
11867666	8365478
11867667	8400970
11867668	11506481
11867669	9714477
11867670	10013184
11867671	10210483
11867672	11511227
11867673	11635595
11867674	11826079
11867675	8495346
11867676	9388192
11867677	11638818
11867678	11638818
11867679	11638818
11867680	11638818
11867681	11650619
11867682	11176790
11867683	11629321
11867684	11744763
11867685	11769220
11867686	11785974
11867687	11799426
11867688	11851069
11867689	10226440
11867690	10226440
11867691	11176789
11867692	11732146
11867693	11596568
11867694	10965869
11867695	10965874
11867696	10965874
11867697	9992347
11867698	10694017
11867699	11011097
11867700	11011097
11867701	11011097
11867702	11011097
11867703	11169753
11867704	11050739
11867705	1635231
11867706	1635231
11867707	9984944
11867712	12594926
11867712	12594929
11867713	5787170
11867714	3211638
11867714	11867718
11867715	3211638
11867715	11867718
11867717	3211638
11867717	11867718
11867718	321504
11867718	11867714
11867718	11867715
11867718	11867717
11867718	11874890
11867718	12544607
11867719	11870439
11867720	1407756
11867721	10643365
11867722	10861804
11867723	10861805
11867723	10861806
11867724	10861807
11867725	10861810
11867726	10861811
11867727	5685323
11867727	5697546
11867728	11115727
11867729	11115728
11867729	11115729
11867730	5685323
11867730	5697546
11867731	11115730
11867732	11115734
11867733	11115735
11867734	11155404
11867734	11155405
11867735	11155404
11867735	11155405
11867736	1562349
11867737	4466432
11867738	4501838
11867739	6645796
11867740	5742767
11867741	5742767
11867742	8225047
11867743	8833709
11867743	9948302
11867744	5959345
11867745	238872
11867746	238872
11867747	2548174
11867748	2548174
11867749	3130450
11867750	3130450
11867751	3130450
11867752	3130450
11867753	3130450
11867754	3130450
11867755	1853545
11867756	11867757
11867757	11867756
11867758	7143081
11867758	7143082
11867758	7143083
11867758	7143084
11867759	1983096
11867760	4495365
11867761	4495656
11867762	11867240
11867762	11867244
11867763	11867536
11867764	4496209
11867765	4496209
11867766	4498281
11867767	4502791
11867768	5155166
11867769	5506406
11867769	5506425
11867771	5956979
11867773	5956979
11867774	3946275
11867774	5655922
11867775	1949812
11867776	11867782
11867777	703533
11867778	5852965
11867779	1808878
11867780	5958604
11867781	5958604
11867782	11867776
11867783	6273340
11867784	4923915
11867784	6326193
11867785	6393410
11867785	6645800
11867785	12274761
11867785	12274803
11867786	6645806
11867787	8141583
11867788	6645806
11867789	6645806
11867790	2134099
11867791	6645806
11867792	6645818
11867792	12945918
11867793	6645818
11867793	12945918
11867794	6645818
11867795	6645818
11867796	6645850
11867796	6666887
11867797	6645850
11867797	6666887
11867798	6645850
11867798	6666887
11867799	5806101
11867800	6645852
11867801	6645852
11867802	6645852
11867803	6645852
11867804	5806101
11867805	6645852
11867806	6645852
11867807	1654073
11867807	1654497
11867807	1654826
11867807	1666495
11867807	1981968
11867807	2024559
11867807	3688223
11867808	7117524
11867809	7855812
11867810	7855812
11867811	7855812
11867812	7855812
11867813	7855812
11867814	7855812
11867815	8220890
11867815	13667988
11867816	5806092
11867817	8833721
11867818	11867820
11867819	5806092
11867820	11867818
11867821	8833960
11867821	8833981
11867822	9171718
11867823	1078141
11867824	9176583
11867825	9198450
11867825	9199378
11867826	999235
11867826	1404764
11867829	1197601
11867829	1404764
11867831	10218191
11867832	10218191
11867833	10218191
11867834	278206
11867835	278206
11867836	4502285
11867837	4502285
11867838	4529394
11867839	4529401
11867840	278189
11867841	278189
11867842	4529490
11867843	278189
11867844	278189
11867845	4529496
11867846	4529727
11867847	4665035
11867848	278217
11867849	278217
11867850	278217
11867851	278217
11867852	278217
11867853	278217
11867854	45011
11867855	5303643
11867856	45011
11867857	5303643
11867858	5412618
11867859	5509127
11867859	5509143
11867859	7785795
11867860	9184711
11867861	9184711
11867862	9184711
11867863	9184711
11867864	8170427
11867865	8170427
11867866	8170427
11867867	8170427
11867868	5545384
11867869	5619051
11867870	5729618
11867871	657149
11867872	5729879
11867873	657149
11867874	5736491
11867875	5738033
11867875	6102719
11867876	5740640
11867877	5744965
11867878	8561734
11867879	8561734
11867880	11867894
11867881	8561734
11867882	8561734
11867883	6264440
11867884	6264440
11867885	6266223
11867886	6267502
11867887	1890967
11867888	1890967
11867889	6269539
11867890	6269539
11867891	1868176
11867892	1868176
11867893	6269879
11867894	11867880
11867895	2643131
11867896	2643131
11867897	2643131
11867898	2643131
11867899	6270517
11867900	6270796
11867901	6271332
11867902	6271365
11867903	280232
11867904	6271368
11867905	2776960
11867906	6272406
11867907	2776960
11867908	6272834
11867909	6273263
11867910	1094057
11867911	1094057
11867912	1094057
11867913	6353275
11867914	1094057
11867915	6353275
11867916	1094057
11867917	6356509
11867918	1094057
11867919	1094057
11867920	6357228
11867921	1094057
11867922	6357228
11867923	6645810
11867924	6645816
11867924	9517875
11867924	12090820
11867925	6645816
11867925	9517875
11867925	12090820
11867926	9400142
11867927	6645828
11867928	9400142
11867929	6645879
11867930	6645916
11867931	6645928
11867932	6645944
11867933	6657547
11867934	2168162
11867934	2944394
11867934	4223631
11867934	4223632
11867934	11866793
11867934	11866794
11867934	11866820
11867935	679859
11867936	6665822
11867937	679859
11867938	8809456
11867938	13070912
11867939	11867945
11867940	8809466
11867941	8809466
11867942	9414333
11867943	8833750
11867943	12887211
11867944	9414333
11867945	11867939
11867946	10046187
11867947	9414333
11867948	9414333
11867949	8834283
11867950	9414333
11867951	8838413
11867952	8838413
11867953	10693073
11867953	11615662
11867954	10693074
11867954	11615662
11867955	8842245
11867956	2538446
11867957	2538446
11867958	2538446
11867959	2538446
11867960	2538446
11867961	2538446
11867962	8892941
11867963	2538446
11867964	2538446
11867965	9162038
11867966	9162038
11867967	8127658
11867968	9198415
11867969	9198415
11867970	9198415
11867971	9340331
11867972	9340331
11867973	9340331
11867974	9345442
11867975	9345443
11867976	9510710
11867977	3716598
11867978	9621447
11867979	9740968
11867980	10275177
11867981	10725233
11867982	10725233
11867983	1164164
11867984	1164164
11867985	1164164
11867986	1164164
11867987	11598262
11867988	295914
11867989	34111
11867990	34111
11867991	1024180
11867992	10693048
11867993	11867994
11867994	11867993
11867995	10693047
11867995	10693048
11867996	5725218
11867997	5725218
11867998	5725218
11867999	10693044
11868000	5725218
11868001	4691580
11868002	10693040
11868003	1860708
11868004	1860708
11868005	1860708
11868006	1047657
11868006	7174553
11868007	5697117
11868008	2958255
11868009	2958255
11868010	8416699
11868011	8416699
11868012	1515582
11868013	5852027
11868014	5852027
11868015	2523399
11868016	2523399
11868017	2359142
11868018	2359142
11868019	2375692
11868020	2380192
11868021	2380192
11868022	2523872
11868023	2523872
11868024	2523872
11868025	3826023
11868026	3826023
11868027	2644147
11868028	2644147
11868029	2644147
11868030	8009406
11868031	2644147
11868032	8009406
11868033	8009406
11868034	8009406
11868035	2885748
11868035	8542908
11868036	8009406
11868037	1388154
11868038	1388154
11868039	10693054
11868039	10693055
11868039	11453393
11868040	10693054
11868040	10693055
11868040	11453393
11868041	1388154
11868042	1388154
11868043	10693054
11868043	10693056
11868043	11453393
11868044	10693054
11868044	10693056
11868044	11453393
11868045	2953786
11868046	3023273
11868047	312912
11868048	3822358
11868049	3822358
11868050	10693054
11868050	10693055
11868050	11453393
11868051	3822361
11868052	3822362
11868053	10693054
11868053	10693056
11868053	11453393
11868054	2045866
11868055	2045866
11868056	4499151
11868057	23732
11868058	23732
11868059	4529204
11868060	23732
11868062	23732
11868064	1438716
11868065	1438716
11868066	10357767
11868067	10357767
11868068	11236502
11868069	11236502
11868070	23735
11868071	23735
11868072	5178463
11868073	5178463
11868074	11868075
11868075	11868074
11868075	13007648
11868076	5747905
11868077	5747905
11868078	5747905
11868079	5747905
11868080	5747905
11868082	5747905
11868083	5747905
11868084	5747905
11868085	6531446
11868086	6531446
11868087	4577029
11868088	4577029
11868089	4577029
11868090	4577029
11868091	5506059
11868092	5506059
11868093	5506059
11868094	5506059
11868095	5506059
11868096	5506059
11868097	5506059
11868098	5506059
11868099	11868100
11868100	11868099
11868101	9240214
11868102	9240214
11868104	5513993
11868105	5513993
11868106	5513993
11868107	5513993
11868108	5513993
11868109	5513993
11868110	5513993
11868111	5513993
11868112	2833896
11868113	2833896
11868114	2833896
11868115	2833896
11868116	2833896
11868117	2833896
11868118	8349399
11868119	2833896
11868120	8349399
11868121	9086211
11868122	9086211
11868123	5261257
11868123	7809557
11868124	5261257
11868124	7809559
11868125	11898499
11868127	253839
11868129	253839
11868130	253839
11868132	253839
11868134	253839
11868136	253839
11868138	11898514
11868139	11898669
11868139	11898671
11868143	9501590
11868143	9501591
11868144	12583554
11868145	9501590
11868145	9501591
11868146	13124464
11868146	13302560
11868146	13302562
11868147	9501590
11868147	9501591
11868148	9501590
11868148	9501591
11868149	2360078
11868151	2360078
11868153	11898292
11868155	12376233
11868156	13300982
11868156	13300983
11868159	11918263
11868162	9051083
11868163	9051083
11868164	6265275
11868165	6265275
11868166	3738029
11868167	6265275
11868168	3738029
11868170	3738029
11868171	11898674
11868171	11898675
11868172	3738029
11868173	6265818
11868174	3738029
11868176	3738029
11868179	6265860
11868179	9136468
11868180	11898309
11868182	6265863
11868185	274184
11868187	6265979
11868188	274184
11868189	6266238
11868191	274184
11868192	274184
11868193	11898681
11868195	6266546
11868198	6266546
11868200	6266549
11868201	12500717
11868202	6266549
11868206	11898315
11868206	11898322
11868211	11898682
11868213	6267456
11868214	6267511
11868217	11092133
11868218	6267721
11868219	13283093
11868219	13283094
11868220	11898684
11868220	11898685
11868220	12195262
11868221	11092133
11868222	6267889
11868223	6268015
11868224	6268193
11868225	11092133
11868226	11092133
11868227	6268934
11868228	11092133
11868229	6269146
11868230	11092133
11868231	24877
11868232	6269288
11868233	8394209
11868234	8394209
11868235	8394209
11868236	6269812
11868237	8394209
11868238	8394209
11868239	6270148
11868240	6270148
11868241	2320324
11868242	2320324
11868243	6270755
11868244	281035
11868245	281035
11868246	281035
11868247	281035
11868248	6348622
11868249	5797534
11868249	13365438
11868250	5797534
11868251	5797534
11868252	5797534
11868253	5797534
11868254	6348803
11868255	6349028
11868256	6545241
11868257	6545241
11868258	6545241
11868259	6349509
11868260	6349723
11868260	7168212
11868261	6530656
11868262	6531665
11868263	7267261
11868263	7271190
11868264	6645920
11868265	6645920
11868266	20377
11868267	20377
11868268	7267263
11868268	7271190
11868269	2014739
11868270	2014739
11868271	6646073
11868271	6646074
11868271	13579422
11868272	2014739
11868273	2014739
11868274	12638177
11868275	6646151
11868275	6646152
11868277	4012386
11868278	6655446
11868280	6655642
11868282	6655642
11868285	6655642
11868287	6655642
11868289	11953418
11868289	11953419
11868290	11898697
11868292	6655880
11868302	6659449
11868303	11925372
11868305	6664839
11868306	11898332
11868306	11898333
11868307	11898334
11868308	11898708
11868309	13605071
11868311	11898710
11868313	11898719
11868314	6665100
11868317	11898742
11868318	11898744
11868319	11898746
11868320	11868330
11868320	11898747
11868323	11898337
11868326	12631265
11868328	12435017
11868328	12435018
11868330	11868320
11868337	11868343
11868337	11868345
11868337	11898750
11868340	12566916
11868340	12745796
11868341	6665145
11868342	6665145
11868343	11868337
11868344	13220826
11868344	13220827
11868345	11868337
11868346	13220921
11868347	6665145
11868349	6665145
11868353	6665169
11868354	11898338
11868356	315731
11868356	347331
11868356	2203694
11868356	2203797
11868357	6666242
11868359	11868364
11868361	6666502
11868361	6810522
11868364	11868359
11868367	5927068
11868367	11453424
11868368	6666656
11868370	6666656
11868372	12184901
11868372	13665500
11868372	13665501
11868373	13471646
11868375	6666779
11868381	11898342
11868381	11898343
11868382	11936721
11868384	11913688
11868386	6783835
11868387	6783835
11868391	6713300
11868392	6713300
11868395	6713300
11868397	11868612
11868397	11868614
11868397	11869529
11868397	11869541
11868397	11869544
11868397	11869550
11868399	11868630
11868399	11868631
11868399	11868661
11868399	11868674
11868399	11868707
11868399	11868712
11868402	6796564
11868405	12412701
11868406	12406147
11868409	11868607
11868410	11868589
11868410	11868592
11868410	11868599
11868410	11868601
11868411	9685877
11868411	9704995
11868411	11453463
11868413	11898357
11868413	13517397
11868418	11868579
11868418	11868581
11868419	11868563
11868419	11868564
11868423	11868557
11868423	11868558
11868423	12518270
11868426	11868428
11868427	13816052
11868428	11868426
11868430	12044377
11868430	12628234
11868433	11868548
11868434	11868530
11868434	11868537
11868439	11951385
11868442	12518053
11868442	13773390
11868445	11868517
11868445	11868521
11868445	11868522
11868445	11868523
11868448	9685877
11868448	9704995
11868449	11868483
11868449	11868486
11868449	11868501
11868449	11868507
11868450	11868472
11868450	11868478
11868452	9685877
11868452	9704995
11868453	1634815
11868454	6020522
11868454	11727758
11868455	6020522
11868455	11727758
11868456	11993153
11868458	5657262
11868460	5657262
11868469	13627255
11868472	11868450
11868474	12632925
11868478	11868450
11868479	11904471
11868480	11947614
11868482	12870747
11868482	12870748
11868483	11868449
11868485	11898358
11868485	12140910
11868486	11868449
11868488	11868490
11868490	11868488
11868491	12278940
11868491	12963953
11868492	6907780
11868494	6907780
11868500	7406424
11868501	11868449
11868505	7543943
11868507	11868449
11868508	11904238
11868508	11904239
11868508	11904240
11868510	11901756
11868511	7543943
11868517	11868445
11868520	11974584
11868521	11868445
11868522	11868445
11868523	11868445
11868524	7972258
11868526	7972607
11868527	7972607
11868529	8043377
11868530	11868434
11868530	13476242
11868531	8043936
11868534	8089639
11868537	11868434
11868538	11950580
11868539	11950566
11868539	11950567
11868541	7996896
11868546	11789987
11868546	11861455
11868546	11867515
11868547	11868562
11868547	11868567
11868548	11868433
11868552	11789987
11868552	11861455
11868552	11867515
11868555	11950585
11868557	11868423
11868558	11868423
11868560	11898359
11868560	13325696
11868560	13336290
11868560	13336292
11868562	11868547
11868563	11868419
11868564	11868419
11868566	11963796
11868566	11963797
11868566	11979397
11868566	12393021
11868566	13281924
11868566	13281925
11868567	11868547
11868577	8222659
11868577	8488563
11868579	11868418
11868581	11868418
11868585	8222659
11868586	8222659
11868587	8220889
11868588	8228432
11868589	11868410
11868590	11453676
11868591	8233461
11868592	11868410
11868593	8233461
11868595	8326160
11868598	11453676
11868599	11868410
11868601	11868410
11868603	13433041
11868603	13433042
11868603	13433043
11868604	11861147
11868604	11867519
11868605	8352141
11868606	8352141
11868607	11868409
11868608	8799729
11868608	8799731
11868608	12141365
11868609	8799734
11868609	8799735
11868609	12141260
11868610	11861147
11868610	11867519
11868612	11868397
11868612	11869550
11868614	11868397
11868615	10689650
11868617	11453677
11868618	13169905
11868620	11868643
11868620	11868646
11868621	4396527
11868626	4396527
11868628	11453678
11868630	11868399
11868630	11868757
11868630	11868842
11868631	11868399
11868632	8353323
11868633	12527222
11868634	5240203
11868636	8367320
11868639	8367351
11868640	8367351
11868641	4396548
11868642	13377966
11868643	11868620
11868645	11951075
11868645	11951076
11868646	11868620
11868648	11857613
11868650	548519
11868655	8215771
11868658	8215771
11868660	11857637
11868660	11870150
11868660	11872429
11868661	11868399
11868663	2030867
11868664	8415665
11868665	2030867
11868667	12376258
11868668	10598864
11868669	8415992
11868670	8415992
11868671	8415992
11868672	11868676
11868674	11868399
11868676	11868672
11868677	8518642
11868679	11853421
11868680	10899058
11868681	8518642
11868682	12029114
11868682	13163604
11868682	13163606
11868684	11976304
11868684	12376234
11868685	8550203
11868685	12377621
11868685	12377899
11868685	12377900
11868689	11898360
11868690	13174531
11868690	13495144
11868690	13495145
11868690	13744256
11868690	13744258
11868691	1137743
11868693	129097
11868693	270169
11868693	270170
11868693	274757
11868693	274758
11868693	274759
11868693	352587
11868693	497452
11868693	672083
11868693	678519
11868693	895563
11868693	896424
11868693	2713165
11868693	2800494
11868693	6687594
11868698	8919822
11868701	8893267
11868707	11868399
11868708	8581954
11868708	8584336
11868708	8584355
11868708	11225270
11868709	11877406
11868709	11877409
11868710	8581954
11868710	8584336
11868710	8584355
11868710	11225270
11868711	11861149
11868711	11867527
11868711	11867533
11868711	11867538
11868711	11867585
11868711	11867593
11868712	11868399
11868713	8922195
11868715	8929091
11868716	503826
11868716	548519
11868717	8934510
11868718	3809215
11868720	8962588
11868720	13472521
11868724	8997937
11868725	11995655
11868725	12376235
11868726	13102977
11868726	13102978
11868726	13102979
11868729	9029280
11868730	12642802
11868731	9029280
11868732	13322322
11868732	13322323
11868733	11984252
11868734	13322320
11868736	12619017
11868736	12619018
11868736	12619019
11868737	9082282
11868740	9193078
11868742	10956986
11868743	12393710
11868746	9344870
11868751	10701483
11868752	9403364
11868755	9403364
11868757	11868630
11868758	13322200
11868758	13322201
11868760	9408539
11868762	9408539
11868766	2042063
11868773	9512080
11868775	9512080
11868776	9512080
11868777	1030667
11868781	9635034
11868783	9635034
11868787	11898361
11868788	13724041
11868788	13724042
11868791	11898370
11868791	11898371
11868792	9637966
11868793	5131625
11868797	9799554
11868798	5415770
11868798	8763252
11868801	11866954
11868802	1137672
11868804	10209132
11868805	11866954
11868806	10209132
11868808	10209132
11868809	11898390
11868810	13124461
11868812	10470695
11868816	1135842
11868817	10599227
11868819	10659932
11868821	11898381
11868821	11898382
11868821	13428379
11868822	10659932
11868824	10659932
11868828	10659932
11868829	5315861
11868831	11453869
11868832	10659932
11868833	12636510
11868835	10659932
11868840	2754094
11868841	10680557
11868842	11868630
11868843	10687580
11868844	10687580
11868845	3721010
11868846	10687580
11868847	10977010
11868848	10971862
11868849	10971862
11868851	12393753
11868851	13422373
11868851	13422374
11868852	11188330
11868856	5952047
11868858	11800671
11868861	13629528
11868862	5952047
11868864	1968673
11868866	2228244
11868871	13318168
11868874	1465249
11868877	11866953
11868878	9115
11868878	11868886
11868878	12006803
11868879	11281989
11868880	257214
11868881	257214
11868882	54831
11868882	503826
11868882	503827
11868882	636444
11868883	11866953
11868884	550275
11868885	1028211
11868886	11868878
11868887	2541811
11868888	6619799
11868889	2543249
11868890	2543249
11868891	5887017
11868894	2543249
11868897	11869041
11868898	2640745
11868899	3894267
11868901	2673673
11868902	11061766
11868904	5887013
11868906	11898391
11868906	11898392
11868913	5887039
11868915	12046013
11868915	12046014
11868921	13432423
11868922	11866906
11868923	5343721
11868923	5345832
11868923	5350462
11868923	8837732
11868923	10753419
11868924	10282166
11868924	11866906
11868924	13177005
11868925	9136359
11868927	11864175
11868927	11864584
11868927	11868929
11868927	11868986
11868928	11869039
11868929	11868927
11868930	11868934
11868931	11864194
11868931	11868986
11868932	11869137
11868934	11868930
11868935	11868974
11868935	11868975
11868938	11869052
11868944	12376361
11868949	12519819
11868949	12519820
11868952	12405837
11868952	12405838
11868953	1988749
11868955	11852663
11868956	12376236
11868958	2959117
11868962	11061812
11868963	11979398
11868964	11898393
11868966	13153704
11868967	3830742
11868968	12636287
11868968	12636288
11868970	12412543
11868972	1975014
11868974	11868935
11868975	11868935
11868976	4328446
11868977	11453954
11868979	12476966
11868980	12003460
11868984	5158826
11868985	3733619
11868985	5149385
11868986	11864175
11868986	11864181
11868986	11864191
11868986	11864194
11868986	11864198
11868986	11864574
11868986	11864577
11868986	11864579
11868986	11864587
11868986	11866367
11868986	11866374
11868986	11866375
11868986	11868927
11868986	11868931
11868986	12134228
11868988	11868991
11868991	11868988
11868994	12671053
11868994	12671055
11868994	12671057
11868998	12376237
11869001	982210
11869001	5757886
11869004	13152059
11869007	11061774
11869008	982210
11869008	5757886
11869012	11199622
11869013	3894268
11869014	3874202
11869022	7785629
11869028	12564651
11869028	12564652
11869031	12405839
11869034	12839444
11869035	5260730
11869038	3597923
11869039	11868928
11869040	3829257
11869041	11868897
11869042	11869044
11869043	11866250
11869044	11869042
11869045	11188759
11869045	11188760
11869046	11188760
11869047	20377
11869048	20377
11869049	11866250
11869050	9680194
11869051	10661365
11869052	11868938
11869052	12477297
11869052	12477298
11869059	10661364
11869060	12376260
11869062	12480372
11869065	12376353
11869068	12376382
11869071	12408819
11869074	10848961
11869075	10848961
11869080	13279315
11869080	13345500
11869085	11989387
11869085	12480336
11869085	12480337
11869087	4447230
11869089	11898394
11869091	12376362
11869092	11898395
11869092	11898396
11869093	11862608
11869094	4443742
11869097	12406055
11869099	4451394
11869100	11866240
11869101	7865161
11869102	3809761
11869103	7865161
11869104	1965724
11869105	11869107
11869106	11866240
11869107	11869105
11869108	4446578
11869109	11279833
11869110	3712292
11869111	3712292
11869116	13675780
11869120	8399926
11869121	12541304
11869124	11898397
11869127	12412358
11869128	11898398
11869128	13390113
11869128	13390114
11869128	13390115
11869129	11866238
11869134	5944070
11869135	11866198
11869135	11869144
11869136	9809544
11869137	11868932
11869138	11869917
11869139	5944069
11869140	5944069
11869141	42411
11869141	181104
11869141	679243
11869141	2408686
11869141	13292010
11869142	5741193
11869144	11869135
11869147	5847010
11869150	9230020
11869152	12630827
11869153	12518228
11869160	4167372
11869162	2360793
11869162	2810081
11869162	2818963
11869163	13656549
11869167	839728
11869169	11061863
11869170	3434083
11869171	11454246
11869172	3833545
11869174	1920819
11869175	11893202
11869175	11893203
11869175	13109726
11869175	13109727
11869178	12098923
11869178	13325818
11869178	13325819
11869179	11898404
11869180	12256427
11869180	12256428
11869181	5737520
11869181	11872436
11869183	12150587
11869183	12150588
11869183	13177338
11869189	11960152
11869190	7520865
11869191	13156300
11869191	13212711
11869195	12150592
11869195	12150593
11869195	13121192
11869195	13121193
11869195	13121194
11869195	13121280
11869195	13177339
11869196	11869198
11869196	11869204
11869197	8814150
11869198	11869196
11869199	8814150
11869200	11454265
11869200	11454266
11869200	11455181
11869201	8814150
11869202	8814150
11869203	5850149
11869204	11869196
11869205	5851165
11869206	5851165
11869207	5937460
11869208	5937460
11869209	5937460
11869210	5003798
11869211	5937902
11869212	6078605
11869213	6223313
11869213	6223314
11869214	7433893
11869215	1029599
11869220	6253270
11869221	6261400
11869223	6254057
11869225	6254057
11869227	6254057
11869228	6254063
11869229	6254063
11869230	6254063
11869231	13212704
11869231	13456512
11869231	13456513
11869232	11866259
11869233	12541190
11869236	6256277
11869239	6256277
11869241	11146234
11869243	6256277
11869245	12927912
11869245	12927913
11869246	11865980
11869247	6256375
11869250	11866259
11869251	11865980
11869253	11898406
11869253	12010271
11869255	6257063
11869256	11857721
11869257	6257539
11869257	8617928
11869258	11865980
11869259	11865980
11869260	11857721
11869261	11865980
11869262	11865980
11869263	251416
11869268	11857721
11869268	11869339
11869270	13294561
11869270	13294563
11869270	13294564
11869273	12347535
11869276	13771235
11869276	13771236
11869278	11857721
11869278	11869345
11869283	6259484
11869284	6259634
11869287	6259634
11869290	6259634
11869292	11898407
11869296	11925293
11869298	6262517
11869300	11857713
11869301	4014314
11869301	6262514
11869302	12063032
11869310	6262534
11869312	12541059
11869313	12063052
11869316	6264409
11869318	12185001
11869318	13665498
11869318	13665499
11869322	6264821
11869323	6264821
11869328	6264892
11869331	6265000
11869333	6271045
11869333	7178833
11869336	6270360
11869336	7177634
11869339	11857721
11869339	11869268
11869339	11872434
11869340	433863
11869345	11869278
11869354	11425147
11869355	11425147
11869358	11425149
11869360	11425149
11869361	11425153
11869364	11425153
11869364	11425154
11869365	11425154
11869368	13212700
11869368	13456510
11869368	13456511
11869372	11080967
11869372	11455183
11869377	11753345
11869378	11925237
11869378	11925239
11869381	11933731
11869381	11933732
11869384	11805331
11869388	11455214
11869390	11805331
11869391	10597705
11869391	11864648
11869391	12617919
11869392	10597705
11869392	11864648
11869392	12617919
11869403	11454270
11869413	805398
11869414	5426387
11869416	11816530
11869418	6575842
11869419	6575842
11869422	7248594
11869423	7248594
11869424	69969
11869424	463702
11869424	8980390
11869424	11454287
11869427	7326287
11869429	69969
11869429	463702
11869429	8980390
11869430	7733749
11869433	11779876
11869435	7873731
11869437	7963336
11869439	8246942
11869442	8276049
11869443	8276049
11869446	8318992
11869447	8318992
11869449	11937508
11869450	8318994
11869452	11454313
11869453	8318994
11869455	8318996
11869457	8318996
11869458	11454173
11869458	11454315
11869462	8345979
11869463	12472987
11869464	4397649
11869464	4397745
11869464	4445713
11869464	6196137
11869464	11454320
11869465	12629010
11869465	13298713
11869465	13298714
11869467	8396283
11869471	8387319
11869472	12408831
11869472	12408832
11869472	12408833
11869472	12408834
11869478	12150594
11869478	12150595
11869478	13177338
11869486	7067576
11869486	11759374
11869490	7063353
11869490	11759393
11869495	8416327
11869499	1841700
11869500	8416337
11869502	11870021
11869502	11870022
11869503	8416337
11869505	8417302
11869507	7067576
11869508	11870027
11869508	11870028
11869509	8416971
11869510	7071695
11869510	11759368
11869512	8400594
11869512	8400595
11869514	8400594
11869514	8400595
11869529	11868397
11869538	311467
11869541	11868397
11869541	11869550
11869544	11868397
11869544	11869550
11869550	11868397
11869550	11868612
11869550	11869541
11869550	11869544
11869557	311470
11869557	8980719
11869567	23228
11869573	2280348
11869574	11985809
11869575	2280348
11869576	2280348
11869579	248675
11869584	6866257
11869584	6866258
11869584	10008375
11869584	11759035
11869589	11865399
11869594	250597
11869597	10208196
11869601	10210558
11869604	10213200
11869604	11050267
11869607	11759023
11869611	257460
11869636	308287
11869643	11869661
11869651	10213256
11869654	11869660
11869655	10213956
11869658	11869667
11869659	10213956
11869660	11869654
11869660	11869974
11869660	11870020
11869660	11870024
11869660	11972537
11869661	11869643
11869665	10216353
11869667	11869658
11869671	8476224
11869674	8476224
11869676	6973429
11869676	11759013
11869676	11759014
11869703	6988990
11869703	11759009
11869704	51409
11869705	11863769
11869706	51409
11869707	51409
11869708	3298138
11869708	4265934
11869708	4510779
11869708	7921910
11869708	11863767
11869708	12867217
11869709	51409
11869714	7008182
11869714	7008258
11869714	11759006
11869717	11863767
11869717	12817351
11869717	12825407
11869717	12867112
11869717	12867187
11869718	9142576
11869720	9142576
11869721	9337199
11869722	6988990
11869723	11863769
11869723	12180943
11869724	9337199
11869725	6910402
11869725	11757419
11869726	8999589
11869728	8918033
11869728	12747328
11869730	8881768
11869732	8881768
11869734	8881768
11869735	9142576
11869737	9473571
11869739	9473571
11869742	9142576
11869744	9732981
11869744	12480074
11869745	9818517
11869747	9818517
11869755	12258399
11869762	9977284
11869764	10023677
11869765	10028523
11869765	13410556
11869765	13410711
11869767	10028523
11869767	13410556
11869767	13410712
11869776	9977284
11869777	13648110
11869781	10023678
11869782	10023678
11869783	10023679
11869784	10023679
11869785	10116687
11869789	10139105
11869790	10151615
11869793	10207733
11869794	10207733
11869795	2473404
11869795	11741630
11869796	10210568
11869797	10210568
11869800	10210569
11869803	10210569
11869804	11869811
11869805	10213277
11869806	10213277
11869808	10213956
11869810	10213956
11869811	11869804
11869816	10217370
11869817	10217370
11869820	10221512
11869822	9668195
11869822	11741609
11869825	11869835
11869825	13644575
11869826	6806455
11869826	7219770
11869827	6806455
11869827	7219770
11869828	7248589
11869830	7248589
11869835	11869825
11869837	7963337
11869840	7963337
11869841	5291078
11869841	6154567
11869841	11741602
11869842	7972094
11869847	8013419
11869848	8034027
11869849	8045464
11869852	3070084
11869852	11741601
11869853	7385727
11869855	8054611
11869856	8103685
11869858	8103686
11869859	11865980
11869860	7120693
11869860	11869863
11869861	8179707
11869862	8179707
11869863	7120693
11869863	11869860
11869863	11900950
11869863	11900951
11869864	11869891
11869865	8198169
11869866	8219092
11869869	8174948
11869870	8549385
11869871	8549385
11869874	8875754
11869874	10543881
11869874	10543887
11869875	4999863
11869875	5545527
11869875	12407117
11869875	12407118
11869876	8875754
11869876	10543887
11869878	10221985
11869881	10221986
11869882	11110065
11869882	11869898
11869882	11869899
11869882	11869902
11869887	10221987
11869890	10222181
11869891	11869864
11869893	10222221
11869895	10222221
11869897	10223588
11869898	11869882
11869899	11869882
11869902	11869882
11869903	10222378
11869904	10222378
11869908	10229062
11869910	10234173
11869912	10234173
11869914	11869920
11869914	13088224
11869914	13212699
11869915	10529824
11869916	10529824
11869917	11869138
11869918	10508724
11869920	11869914
11869922	10450871
11869923	10450871
11869924	11863761
11869927	11867572
11869927	11869937
11869927	11869954
11869927	12870200
11869928	11863761
11869929	10532966
11869930	10532966
11869931	11869936
11869931	12288309
11869932	11863755
11869933	10578699
11869934	10578699
11869935	11863755
11869936	11869931
11869937	11867572
11869937	11869927
11869937	11869954
11869937	12870201
11869938	11863723
11869939	10654756
11869940	11869951
11869940	13469121
11869941	10694403
11869941	10694405
11869942	10694404
11869944	10696436
11869945	10696436
11869946	10696436
11869947	13427470
11869947	13427471
11869947	13427472
11869947	13427473
11869947	13427474
11869947	13427475
11869948	10742768
11869949	10742768
11869950	10742822
11869951	11869940
11869951	13469121
11869952	10742822
11869953	11863627
11869953	11875586
11869954	11867572
11869954	11869927
11869954	11869937
11869956	10822554
11869957	10823459
11869958	11975041
11869959	11869969
11869960	10836324
11869961	10836324
11869962	10884931
11869964	11112206
11869965	11123791
11869966	11149609
11869967	11162960
11869968	11867572
11869968	12897138
11869969	11869959
11869970	11870006
11869970	12948244
11869971	11176318
11869973	12141322
11869974	11869660
11869975	11869978
11869976	9510276
11869976	11741574
11869977	8550415
11869977	11741571
11869978	11869975
11869979	11060360
11869979	11060361
11869979	11741564
11869980	3416855
11869980	8760090
11869982	13300817
11869983	11586408
11869983	11586416
11869983	11741557
11869985	2388196
11869985	2388979
11869985	6868965
11869986	11869987
11869987	11869986
11869988	9982849
11869991	11737549
11869991	13346871
11869992	11737549
11869995	11737519
11869997	12720075
11869997	12720076
11869997	12720077
11869999	28120
11869999	442167
11870000	11844473
11870000	11870005
11870001	12184864
11870001	12282092
11870001	12282093
11870001	12282094
11870001	12282095
11870001	13666783
11870001	13666785
11870001	13666787
11870002	9847869
11870002	11735552
11870004	11735541
11870005	11870000
11870006	11869970
11870008	11844470
11870008	11870016
11870009	11844469
11870009	11870014
11870010	3171898
11870010	6847670
11870011	11844564
11870011	11844565
11870011	11870012
11870011	11870013
11870012	11870011
11870013	11870011
11870014	11870009
11870014	13490339
11870015	3120388
11870016	11870008
11870019	10216735
11870020	11869660
11870021	11869502
11870022	11869502
11870023	11622263
11870024	11869660
11870026	11175715
11870027	11869508
11870028	11869508
11870029	11870031
11870030	12567789
11870030	12567790
11870031	11870029
11870033	9566281
11870034	4497186
11870034	6283032
11870035	4497186
11870035	6283032
11870036	10216738
11870037	10216738
11870038	10216745
11870039	10221941
11870040	5077902
11870040	6716728
11870041	10221944
11870042	11844582
11870044	11870046
11870045	10222563
11870045	10222564
11870046	11870044
11870047	10222563
11870047	10222564
11870048	10223532
11870050	9566281
11870051	7538207
11870051	7763303
11870052	11870327
11870053	10225133
11870054	10225232
11870056	10230632
11870057	50786
11870058	10231358
11870059	10231358
11870060	11844577
11870060	11870110
11870061	11922884
11870061	11922885
11870061	11922886
11870061	11922887
11870061	11922888
11870061	11922889
11870062	11870063
11870063	11870062
11870065	11844577
11870065	11870110
11870065	12200316
11870066	10231561
11870067	13106217
11870068	416367
11870068	11844573
11870069	2712825
11870069	13190666
11870070	10231625
11870072	10231714
11870073	11454360
11870074	11870081
11870074	11870101
11870076	10232318
11870077	10232886
11870078	13193709
11870079	4015160
11870079	9010055
11870080	10232921
11870081	11870074
11870082	10234838
11870083	10234923
11870084	68077
11870084	4710631
11870084	11454389
11870085	68077
11870085	4710631
11870085	11454389
11870086	10235402
11870087	397941
11870087	11454392
11870088	10297063
11870089	10297086
11870090	8334324
11870090	11454404
11870092	10297093
11870093	2757982
11870093	11844567
11870095	10587875
11870096	10603447
11870097	2757982
11870097	11844567
11870098	12508742
11870099	10603462
11870100	8312846
11870101	11870074
11870103	10603467
11870104	10627637
11870105	10627637
11870106	10677597
11870107	10764738
11870110	11870060
11870110	11870065
11870111	10765713
11870113	10235126
11870113	10765819
11870114	10765851
11870115	10765853
11870116	11455228
11870118	10861324
11870119	10861410
11870120	8334324
11870120	11454404
11870121	10861982
11870122	68077
11870122	4710631
11870122	11454389
11870123	10862077
11870124	68077
11870124	4710631
11870124	11454389
11870126	10876189
11870127	10876189
11870128	11455232
11870128	13721510
11870129	10897168
11870130	11844613
11870130	12779539
11870132	10897168
11870133	11455232
11870133	13721510
11870134	10897383
11870135	11455232
11870136	11455232
11870137	10897473
11870138	12482074
11870139	10897473
11870140	8528550
11870140	11455241
11870141	10905115
11870142	8528668
11870143	10905305
11870145	10617895
11870145	10623221
11870146	10908125
11870147	10617895
11870148	10908125
11870149	11048188
11870150	11857637
11870150	11868660
11870150	11872416
11870150	11872421
11870150	11872422
11870150	11872429
11870152	11050618
11870153	11050618
11870154	11155847
11870155	11455252
11870155	11455269
11870156	11157419
11870156	12200005
11870158	11157426
11870158	12200006
11870160	11165627
11870160	11946091
11870162	11844612
11870162	11870166
11870163	11844612
11870163	11870166
11870165	11844612
11870165	11870166
11870166	11870162
11870166	11870163
11870166	11870165
11870167	11455254
11870168	11930040
11870168	11930041
11870169	11165809
11870170	11166138
11870171	11166167
11870173	11166167
11870174	11167679
11870175	11167701
11870176	11169289
11870177	11169335
11870178	11169754
11870180	11173925
11870181	11176820
11870182	3091207
11870183	11176855
11870184	11176855
11870185	11176857
11870187	11176857
11870188	11176953
11870189	11176953
11870190	11176973
11870191	11177004
11870192	11177008
11870193	11908411
11870193	11908412
11870193	13430795
11870194	279670
11870194	2229517
11870195	11177058
11870197	11177089
11870198	11177098
11870199	11195774
11870201	4388707
11870204	11195775
11870205	11196015
11870206	11196238
11870210	11201309
11870211	11203034
11870212	11216686
11870212	11872597
11870213	11219088
11870214	11219183
11870215	11219192
11870217	11219192
11870218	11220931
11870219	11220946
11870221	11222665
11870222	11223021
11870223	11223021
11870224	11221160
11870224	11223219
11870225	11224563
11870226	11224563
11870227	11227452
11870228	11231660
11870230	11231697
11870231	11232253
11870232	11233728
11870233	11235811
11870234	11235811
11870235	11237276
11870236	11239270
11870238	11239310
11870239	11369741
11870240	11369823
11870241	7854119
11870242	11369845
11870243	11369867
11870244	11370096
11870245	11371871
11870247	3908603
11870247	5666029
11870247	5666102
11870247	12845900
11870248	11382959
11870249	11386744
11870250	11386744
11870251	11386753
11870252	11387067
11870253	11431528
11870254	11431528
11870255	6128458
11870255	11870370
11870256	11431858
11870257	11431921
11870258	11431921
11870259	11440908
11870260	11440991
11870261	11440991
11870262	11441202
11870263	12779535
11870263	12779537
11870265	11441609
11870266	11449707
11870267	11470131
11870268	11470177
11870269	11471574
11870271	11472073
11870272	11476931
11870273	11476943
11870274	11476944
11870275	11476966
11870276	11476986
11870276	11476989
11870277	11477059
11870278	11477078
11870279	2953616
11870279	8252796
11870279	12058362
11870280	11477085
11870281	11477085
11870282	2663075
11870282	5590856
11870282	12046622
11870283	9953410
11870285	10207807
11870286	10207825
11870287	10209975
11870288	10210362
11870289	10210363
11870290	10210364
11870292	10210364
11870293	10210365
11870294	10210368
11870295	10210372
11870296	10210439
11870296	12203023
11870297	10210444
11870297	12203025
11870298	10210445
11870298	12203024
11870299	10210472
11870301	10210607
11870302	10210662
11870303	10211002
11870304	10211064
11870305	10213261
11870306	10213456
11870307	10213718
11870308	10213968
11870310	10214003
11870311	10214159
11870312	10214242
11870313	10214242
11870314	12513679
11870315	10215842
11870316	10215859
11870317	10215932
11870319	10216014
11870320	10216045
11870321	10228841
11870323	10229021
11870324	10229149
11870325	10230601
11870326	10230629
11870327	11870052
11870328	10231635
11870329	10232884
11870330	12409742
11870331	10234206
11870332	10234863
11870333	10234863
11870334	10234891
11870335	10234956
11870336	10235699
11870337	10235740
11870338	10235742
11870339	10243435
11870340	10243481
11870342	10296757
11870343	10296992
11870344	10297139
11870345	11872624
11870345	11872627
11870345	12291954
11870345	12717678
11870349	12591722
11870351	12026465
11870355	11455256
11870356	11870358
11870357	11455262
11870358	11870356
11870359	3062830
11870359	11455274
11870360	11455314
11870366	11789391
11870366	11870367
11870366	11870371
11870367	11789391
11870367	11870366
11870367	11870371
11870368	11870369
11870369	11870368
11870370	6128458
11870370	11741583
11870370	11870255
11870371	11789391
11870371	11870366
11870371	11870367
11870372	11455314
11870372	11870426
11870373	3278608
11870374	3839112
11870374	3839444
11870375	1966702
11870376	2392
11870377	4621589
11870378	2436
11870378	11870427
11870379	2439
11870380	2439
11870381	2439
11870382	2439
11870383	5992
11870384	15916
11870385	15916
11870385	11872671
11870386	15916
11870387	15919
11870388	15919
11870389	15919
11870390	15930
11870390	602413
11870391	15930
11870391	602413
11870392	15930
11870392	602413
11870393	15939
11870394	15939
11870395	15939
11870396	11870416
11870397	15939
11870398	2028956
11870398	4926809
11870399	15951
11870400	15954
11870401	15954
11870402	15954
11870403	15969
11870404	15969
11870405	15969
11870406	15969
11870407	15969
11870408	15969
11870409	15969
11870410	15969
11870411	16077
11870412	16077
11870413	16077
11870415	16079
11870416	11870396
11870417	16079
11870418	16079
11870419	2040140
11870419	12942846
11870421	3051725
11870422	1449981
11870423	11844593
11870423	12779532
11870424	11844593
11870424	12301500
11870425	11845077
11870425	12779530
11870426	11870372
11870427	11870378
11870428	11867310
11870429	2438588
11870429	2438764
11870429	3476238
11870429	3531564
11870429	4765120
11870429	5373152
11870429	5373162
11870429	6086982
11870429	6330119
11870429	8816639
11870429	9706669
11870429	11870430
11870429	11870431
11870429	12430885
11870429	12432361
11870430	11870429
11870431	11870429
11870432	11865931
11870433	11865501
11870434	11297124
11870435	11865569
11870437	11297124
11870439	11867719
11870439	11870440
11870440	11870439
11870441	11870442
11870441	13650472
11870442	11870441
11870442	13650472
11870444	11866427
11870445	11870446
11870446	11870445
11870447	11877496
11870447	13818091
11870448	12411667
11870448	13104511
11870448	13363959
11870448	13678143
11870448	13700505
11870450	13752072
11870451	11877478
11870452	11877476
11870452	13104510
11870454	13104507
11870455	11877473
11870459	11870460
11870460	11870459
11870462	11877465
11870464	11870466
11870466	11870464
11870466	11872323
11870467	11189179
11870468	4470335
11870468	11189179
11870469	11870471
11870469	11875834
11870470	1721224
11870471	11870469
11870472	1848634
11870472	4998696
11870473	668236
11870474	7075771
11870474	11875824
11870475	7075771
11870475	11875824
11870476	11870477
11870477	11870476
11870478	5022378
11870478	11875821
11870479	9931438
11870479	11875819
11870480	5218403
11870480	11875818
11870481	1351869
11870482	10351984
11870482	11875814
11870483	10351100
11870483	11875768
11870484	990863
11870485	3913745
11870486	6633494
11870486	11875810
11870487	3913745
11870488	6989202
11870488	12779529
11870489	2276137
11870490	2100022
11870490	11875806
11870491	3969745
11870491	11875805
11870492	288995
11870493	7410728
11870494	2869466
11870495	10179225
11870495	12344110
11870496	11009654
11870496	12342084
11870497	31220
11870497	31223
11870497	498458
11870497	1271567
11870497	8734129
11870498	12122326
11870498	12150020
11870498	13674063
11870498	13674064
11870503	12597308
11870505	3039835
11870505	5395863
11870506	11878941
11870506	11878942
11870510	13104506
11870511	13394153
11870512	11877458
11870512	13405556
11870513	11870521
11870513	11872185
11870513	11872186
11870513	11877456
11870513	13104504
11870514	12122325
11870514	13138654
11870514	13138655
11870514	13138656
11870515	11870522
11870515	11872183
11870515	11872184
11870515	11877455
11870515	13104498
11870516	11870523
11870516	11872180
11870516	11872181
11870516	12013641
11870516	12681388
11870516	13104497
11870517	11871575
11870517	11871578
11870519	11878940
11870520	11878940
11870521	11870513
11870521	11872185
11870521	11872186
11870522	11870515
11870522	11872183
11870522	11872184
11870523	11870516
11870523	11872180
11870523	11872181
11870525	11496166
11870525	11808375
11870525	11870531
11870526	1365373
11870527	11657082
11870528	1259648
11870529	1449966
11870530	3555547
11870530	11870540
11870530	11870541
11870530	13572745
11870531	11496166
11870531	11808375
11870531	11870525
11870532	3570175
11870533	13108038
11870534	3570175
11870535	2921893
11870535	2921926
11870535	3379236
11870535	3570183
11870536	2921893
11870536	2921926
11870536	3379236
11870536	3570183
11870537	2921893
11870537	2921926
11870537	3379236
11870537	3570183
11870538	2921893
11870538	2921926
11870538	3379236
11870538	3570183
11870539	7759297
11870540	3555547
11870540	11870530
11870540	11870541
11870540	13572745
11870541	3555547
11870541	11870530
11870541	11870540
11870541	11871125
11870542	8805537
11870542	12342079
11870543	3576738
11870544	3576738
11870545	11871567
11870545	11871569
11870545	11871571
11870546	11871559
11870546	11871562
11870546	11871564
11870547	11871550
11870547	11871552
11870547	11871554
11870548	12190055
11870548	12190056
11870548	12190057
11870549	12184435
11870550	12192135
11870551	11871520
11870551	11871526
11870552	11870554
11870552	11870555
11870553	11870554
11870553	11870555
11870554	11870552
11870554	11870553
11870555	11870552
11870555	11870553
11870558	3576745
11870558	13454845
11870559	3576745
11870560	4535631
11870560	4535663
11870560	4778549
11870560	11870572
11870560	11872175
11870561	4535631
11870561	4535663
11870561	4778549
11870561	11872175
11870562	4783843
11870562	4783844
11870562	13323972
11870562	13323973
11870562	13323974
11870562	13538106
11870563	5079070
11870564	5083280
11870565	5083329
11870565	8610951
11870565	12108849
11870565	12108850
11870565	13059431
11870565	13059432
11870565	13059433
11870565	13059590
11870565	13435216
11870565	13435217
11870566	5087654
11870567	11871503
11870567	11871508
11870567	13077665
11870568	12030178
11870568	13443009
11870569	12030178
11870570	12312253
11870570	12312254
11870571	12184553
11870571	13342297
11870572	4535663
11870572	11870560
11870572	11872175
11870573	12193184
11870574	12193184
11870575	12190188
11870575	12190189
11870576	11870579
11870576	11870581
11870576	11870582
11870576	11870584
11870576	11870585
11870576	11870588
11870576	11870590
11870576	11870592
11870576	11870594
11870576	11870596
11870576	11870598
11870576	11870601
11870576	11870608
11870577	12185199
11870578	12184527
11870579	11870576
11870579	11870584
11870579	11870585
11870579	11870588
11870579	11870594
11870579	11870598
11870579	11870601
11870580	3336085
11870581	11870576
11870582	11870576
11870583	1931229
11870583	1931230
11870584	11870576
11870584	11870579
11870584	11870585
11870584	11870598
11870584	11871262
11870585	11870576
11870585	11870579
11870585	11870584
11870585	11870588
11870585	11870594
11870585	11870598
11870585	11870601
11870586	1931230
11870587	1913676
11870587	1913677
11870587	1913678
11870587	1927890
11870587	13687985
11870588	11870576
11870588	11870579
11870588	11870585
11870588	11870598
11870589	3434535
11870589	3835463
11870589	4578597
11870589	4578603
11870589	5672603
11870589	11611255
11870589	12396225
11870589	13018857
11870589	13018859
11870589	13018860
11870590	11870576
11870591	3321512
11870591	3325554
11870591	3325556
11870591	3325694
11870591	3325695
11870591	3987475
11870591	10610888
11870591	11870593
11870591	13316382
11870591	13316383
11870592	11870576
11870592	11870598
11870593	3321512
11870593	3325554
11870593	3325556
11870593	3325694
11870593	3325695
11870593	3987475
11870593	10610888
11870593	11870591
11870593	13208710
11870594	11870576
11870594	11870579
11870594	11870585
11870594	11870598
11870595	1703012
11870595	1703013
11870595	1703763
11870595	8003005
11870595	11320619
11870596	11870576
11870596	11870598
11870597	1691251
11870598	11870576
11870598	11870579
11870598	11870584
11870598	11870585
11870598	11870588
11870598	11870592
11870598	11870594
11870598	11870596
11870598	11870601
11870599	2199468
11870599	2199471
11870600	2199468
11870600	2199471
11870601	11870576
11870601	11870579
11870601	11870585
11870601	11870598
11870601	13696321
11870602	12192267
11870602	12193119
11870602	12437725
11870602	12437732
11870603	12026886
11870603	12192267
11870603	12193119
11870603	12437725
11870603	12437732
11870604	11683235
11870605	132649
11870605	342260
11870606	10624255
11870606	11870610
11870607	4707962
11870607	5315319
11870608	11870576
11870609	4888114
11870609	10074145
11870610	11870606
11870610	12523405
11870611	691755
11870611	813989
11870611	958299
11870611	1859132
11870612	11821640
11870613	11821640
11870614	1848813
11870615	12922520
11870615	12922521
11870615	13104496
11870616	4982018
11870616	6150651
11870616	13149628
11870616	13149630
11870617	13104491
11870618	13104495
11870618	13665717
11870619	13104491
11870625	11870641
11870625	11870643
11870632	12278532
11870632	13123259
11870633	13667820
11870634	11871493
11870634	11871494
11870635	11871491
11870635	11871492
11870635	13104490
11870637	11871489
11870637	13104489
11870638	11871488
11870638	13104488
11870638	13189174
11870639	11871486
11870639	11871487
11870639	11877491
11870639	13104487
11870639	13189173
11870639	13206874
11870640	11871485
11870640	13104486
11870641	11870625
11870642	10367132
11870642	10369069
11870643	11870625
11870643	12342142
11870645	10367132
11870645	10369069
11870647	13453721
11870647	13453722
11870647	13802288
11870651	10655988
11870652	10655988
11870653	12922522
11870653	12922523
11870653	13104485
11870655	10659293
11870656	10673228
11870657	10252963
11870657	10744010
11870657	10745950
11870657	12816692
11870657	13303128
11870658	10110897
11870658	12058477
11870659	12418866
11870660	11877489
11870662	10751648
11870663	13577702
11870665	11877488
11870665	12412349
11870665	12412500
11870666	12403803
11870668	6032865
11870668	6783349
11870668	13672678
11870669	4596788
11870669	6032865
11870669	13708452
11870670	12702755
11870670	12702756
11870670	13601857
11870672	3060043
11870672	6005029
11870672	13298023
11870673	3844516
11870675	3844516
11870676	12108977
11870677	11877485
11870678	2999898
11870678	2999899
11870678	10604536
11870678	10604537
11870679	2999898
11870679	2999899
11870679	10604536
11870679	10604537
11870680	10020580
11870681	12606472
11870681	12606473
11870681	12606474
11870681	12609236
11870682	11877483
11870683	11877481
11870685	753159
11870685	753161
11870685	1636705
11870685	4465451
11870685	4893999
11870685	4894000
11870685	4894002
11870692	753159
11870692	1636705
11870693	12167190
11870693	12557338
11870695	11878939
11870696	1550767
11870696	5222681
11870696	8508669
11870699	10164851
11870699	13365869
11870699	13728728
11870699	13728729
11870701	12681979
11870702	527356
11870702	13432780
11870703	527356
11870703	13432777
11870703	13432779
11870704	527356
11870704	13432780
11870705	527356
11870705	13432715
11870705	13432716
11870705	13432777
11870705	13432779
11870706	527356
11870707	1236290
11870708	11878938
11870709	522838
11870709	13487573
11870710	11742138
11870710	12569557
11870711	5182107
11870712	11689344
11870713	10017785
11870714	10142001
11870715	11915795
11870716	9934845
11870717	13050696
11870717	13050697
11870718	3272508
11870719	10192816
11870719	12338255
11870720	10029333
11870721	10643140
11870722	10857087
11870723	10767321
11870724	11229128
11870725	3479307
11870725	11870732
11870725	12280222
11870725	12715941
11870725	13744863
11870729	8279991
11870732	11870725
11870732	12715941
11870733	11827344
11870734	11827344
11870735	11504466
11870736	11504466
11870737	3479307
11870737	12280222
11870737	13744863
11870738	11875803
11870738	11875804
11870739	10020584
11870740	10107387
11870741	10830096
11870741	11947804
11870742	11046642
11870743	10830096
11870744	11046642
11870744	11870747
11870744	11870749
11870745	11118131
11870746	10029303
11870747	11046642
11870747	11870744
11870748	11119251
11870748	12338263
11870749	11046642
11870749	11870744
11870750	11433706
11870750	12338257
11870751	11046642
11870752	11127387
11870753	11127387
11870755	325500
11870756	9968515
11870757	10128042
11870758	13478565
11870759	10729968
11870760	10297230
11870760	10613490
11870761	10081520
11870762	9940367
11870763	280857
11870764	3668597
11870765	11367812
11870765	12338198
11870766	5942247
11870768	10758291
11870768	13284979
11870769	11872174
11870770	4684365
11870771	11872171
11870771	11872172
11870772	1982177
11870772	1992877
11870772	5372092
11870772	5372098
11870774	9943655
11870775	11046642
11870776	6303739
11870776	7489711
11870776	11277422
11870777	11134539
11870778	6858559
11870779	2936948
11870780	8808741
11870781	2936948
11870782	8995632
11870783	4903090
11870784	5322490
11870785	11504466
11870786	12122315
11870787	8814426
11870788	11757769
11870789	2237351
11870790	2237351
11870791	2237351
11870792	2237351
11870793	2237351
11870794	2237351
11870795	735104
11870796	735104
11870797	735104
11870798	735104
11870799	248697
11870800	248697
11870801	248697
11870802	5942248
11870803	248697
11870804	248697
11870805	248697
11870806	248697
11870807	248697
11870808	11460064
11870809	11460064
11870810	11460064
11870811	248697
11870812	248697
11870813	248697
11870814	248697
11870815	322438
11870816	11111123
11870817	305961
11870818	305961
11870819	1647622
11870820	305961
11870821	305961
11870822	6479028
11870823	10736590
11870824	10617346
11870825	10745003
11870826	10745003
11870827	11361800
11870827	11361825
11870828	388360
11870829	388360
11870830	10736518
11870830	12338192
11870831	388360
11870832	388360
11870833	268044
11870834	268044
11870835	10141642
11870836	268044
11870837	268044
11870838	10141642
11870839	6733923
11870840	10097612
11870841	11141626
11870842	10754706
11870843	1802237
11870843	10282367
11870843	12297756
11870844	10740547
11870845	11697876
11870846	11697876
11870847	11697876
11870848	11697876
11870849	10798703
11870850	11697876
11870851	11697876
11870852	11697876
11870853	11697876
11870854	11697876
11870855	11697876
11870856	11697876
11870857	11697876
11870858	11697876
11870859	11697876
11870860	11697876
11870861	11697876
11870862	11697876
11870863	11697876
11870864	5916511
11870865	11697876
11870866	11697876
11870867	11697876
11870868	11697876
11870869	5428767
11870869	7367828
11870869	12338199
11870870	11697876
11870871	11697876
11870872	11697876
11870873	11697876
11870874	5958182
11870874	12448454
11870875	11697876
11870876	11697876
11870877	11697876
11870878	11697876
11870879	7367776
11870879	7367828
11870880	11697876
11870881	11697876
11870882	11697876
11870883	11697876
11870884	11697876
11870885	11697876
11870886	11697876
11870887	11697876
11870888	11697876
11870889	11697876
11870890	5362874
11870891	11697876
11870892	11697876
11870893	11697876
11870894	11697876
11870895	11697876
11870896	11697876
11870897	11697876
11870898	11697876
11870899	11803838
11870900	9456290
11870901	9456290
11870902	9456290
11870903	9456290
11870904	9456290
11870905	9456290
11870906	9456290
11870907	9456290
11870908	7113437
11870908	7113852
11870909	7113437
11870909	7113852
11870910	7113437
11870910	7113852
11870911	7113437
11870911	7113852
11870912	9965773
11870912	13250633
11870913	7538261
11870914	7538261
11870915	7538261
11870916	7538261
11870917	7538261
11870918	7538261
11870919	8861426
11870920	8861426
11870921	8861426
11870922	11174902
11870923	8861426
11870924	8861426
11870925	8861426
11870926	8861426
11870927	8861426
11870928	10692858
11870929	10692858
11870930	10692858
11870931	10692858
11870932	863922
11870933	863922
11870934	863922
11870935	863922
11870936	8976684
11870937	11584572
11870938	8976684
11870939	8976684
11870940	8976684
11870941	11705109
11870941	11706150
11870942	11705109
11870942	11706150
11870943	11705109
11870943	11706150
11870944	11705109
11870944	11706150
11870945	11705109
11870945	11706150
11870946	11705109
11870946	11706150
11870947	11705109
11870947	11706150
11870948	10729557
11870948	12317785
11870949	11705109
11870949	11706150
11870950	9575678
11870951	11705109
11870952	11705109
11870953	11705109
11870954	11705109
11870955	10851222
11870956	11705109
11870957	11705109
11870958	11705109
11870959	11705109
11870960	9575678
11870961	10564946
11870961	11872095
11870961	12317751
11870962	9575678
11870963	10533424
11870964	10533424
11870965	10533424
11870966	10533424
11870967	10533424
11870968	10533424
11870969	10533424
11870970	10533424
11870971	7733819
11870972	7733819
11870973	7733819
11870974	7733819
11870975	9575678
11870976	7733819
11870977	11078477
11870977	11078478
11870978	11078477
11870978	11078478
11870979	11078477
11870979	11078478
11870980	7975942
11870980	10009345
11870980	11872093
11870980	12317746
11870980	12317747
11870981	11078477
11870981	11078478
11870982	9575678
11870983	11042380
11870984	11042380
11870985	8949274
11870986	11042380
11870987	11042380
11870988	8949274
11870989	516093
11870990	9575678
11870991	516093
11870992	1316041
11870993	1316041
11870994	1316041
11870995	1316041
11870996	1316041
11870997	1316041
11870998	1316041
11870999	6661337
11871000	11078478
11871001	11078478
11871002	11078478
11871003	11078478
11871004	7805684
11871005	7805684
11871006	7805684
11871007	10591626
11871008	10591626
11871009	10591626
11871010	5753330
11871011	5753330
11871012	5753330
11871013	5753330
11871014	5753330
11871015	5753330
11871016	5753330
11871017	10591626
11871018	5753330
11871019	3416809
11871020	3416809
11871021	1666086
11871022	1666086
11871023	10115358
11871024	1666086
11871025	1666086
11871026	10115356
11871026	10115358
11871027	1666086
11871028	1666086
11871029	1666086
11871030	1666086
11871031	10591626
11871032	7225891
11871033	7225891
11871034	9621636
11871035	2060043
11871036	1886625
11871036	2060043
11871036	6952976
11871037	9621636
11871038	9621636
11871039	5687207
11871039	13164807
11871039	13164811
11871040	9788196
11871041	9788196
11871042	9562928
11871043	9562928
11871044	9562928
11871045	9085698
11871046	11217983
11871046	11217984
11871046	11872091
11871046	11872092
11871047	11109548
11871047	11872090
11871048	11191898
11871049	9092624
11871049	10755956
11871049	11872089
11871050	11191898
11871051	11191898
11871053	11191898
11871054	10708096
11871055	11704218
11871055	11872088
11871056	11371551
11871057	11371551
11871058	11191898
11871059	11146531
11871060	10092554
11871060	11872087
11871061	9788248
11871062	9788248
11871063	10485053
11871064	11383792
11871064	11872085
11871064	11872086
11871064	12317773
11871065	10485053
11871065	13684078
11871065	13684084
11871065	13684085
11871066	10791774
11871066	11872083
11871066	11872084
11871067	10791774
11871067	11872083
11871067	11872084
11871068	11458079
11871068	11872081
11871069	10156772
11871069	10203986
11871069	10203988
11871070	11382406
11871071	10062409
11871071	11872077
11871071	11872078
11871071	12317778
11871071	12317779
11871071	12321781
11871072	10101829
11871072	12317745
11871073	10166517
11871073	10705931
11871073	11872065
11871073	12602397
11871074	11382406
11871075	10906543
11871076	11802407
11871076	12349577
11871077	9937680
11871077	11872062
11871077	11872063
11871077	11872064
11871078	10110292
11871078	10158990
11871078	11872058
11871078	12349579
11871079	11313491
11871080	11313491
11871081	9562932
11871081	12221220
11871082	9562932
11871083	9919681
11871084	11136704
11871084	11872051
11871085	9919681
11871086	10071224
11871086	12309032
11871087	11118968
11871088	11118968
11871089	11844531
11871090	11118968
11871091	11366993
11871092	11245995
11871092	11872046
11871092	12317752
11871093	11317119
11871094	9776289
11871095	10153017
11871095	12309056
11871095	12309057
11871096	10147244
11871096	11872042
11871096	11872043
11871097	9309966
11871098	9667456
11871099	2217665
11871099	2217666
11871099	9667456
11871099	12999172
11871100	9229409
11871101	9767768
11871102	9767768
11871103	11867419
11871104	8029370
11871105	11466540
11871106	9351708
11871107	11466540
11871108	11466540
11871109	3791996
11871109	10730826
11871109	12090591
11871110	11238661
11871111	11238661
11871112	28120
11871112	3976944
11871113	7465087
11871114	11867310
11871114	11867316
11871114	12079982
11871114	12079984
11871114	12094288
11871115	28120
11871115	3976944
11871116	4494178
11871116	5801790
11871116	5836590
11871116	6316199
11871116	12228380
11871117	2301365
11871117	11871118
11871118	2301365
11871118	5550398
11871118	5550399
11871118	5550400
11871118	5550401
11871118	6908981
11871118	6908983
11871118	11871117
11871118	11871119
11871118	11871120
11871119	2301365
11871119	11871118
11871119	11871120
11871119	11872432
11871120	11871118
11871120	11871119
11871121	11871261
11871122	1238399
11871122	2811583
11871122	7546746
11871123	7012621
11871124	7012621
11871125	11870541
11871125	11872441
11871125	13572745
11871126	7012621
11871127	7012621
11871128	11174902
11871129	11695175
11871130	11695175
11871131	11293113
11871132	11293113
11871134	668405
11871135	7008913
11871136	6052874
11871136	11872034
11871137	6052874
11871137	11872034
11871137	13110288
11871138	13104484
11871140	13033709
11871141	13104483
11871142	5768531
11871143	12414932
11871143	13188576
11871144	13102931
11871144	13102932
11871146	12524620
11871152	13690384
11871153	13188573
11871158	13232169
11871162	12188944
11871163	13188572
11871164	11871482
11871164	11871483
11871164	13188571
11871173	13704286
11871186	12187848
11871188	12566624
11871188	12566625
11871188	12566626
11871188	13311407
11871188	13311409
11871194	11932836
11871195	11871480
11871195	11871481
11871195	13232300
11871196	11871271
11871197	2613489
11871197	2613490
11871201	12008647
11871202	320605
11871202	664601
11871204	13313138
11871205	11871470
11871205	11871471
11871206	4601989
11871206	4601993
11871206	11871473
11871206	11871474
11871207	11871475
11871207	11871476
11871208	11871477
11871208	11871478
11871209	13048578
11871209	13048584
11871211	11871650
11871211	11871651
11871212	11871653
11871212	11871654
11871213	7930248
11871214	11871468
11871214	11871469
11871219	12452604
11871220	11871270
11871221	11871268
11871221	11871269
11871221	13067696
11871221	13345061
11871224	11871266
11871224	11871267
11871228	13388187
11871230	11871466
11871230	11871467
11871236	11871461
11871236	11871462
11871236	11871464
11871236	11871465
11871238	11871459
11871238	11871460
11871242	11871457
11871242	11871458
11871242	11878937
11871242	12025240
11871242	12025241
11871243	11871455
11871243	11871456
11871249	11871453
11871249	11871454
11871249	12963974
11871249	13280444
11871251	11871421
11871251	11871451
11871251	11871452
11871251	11878936
11871252	12522411
11871254	11871265
11871254	11871448
11871254	11871449
11871255	2632749
11871255	11871272
11871255	11871446
11871255	11871447
11871256	11871263
11871256	11871264
11871256	11871444
11871256	11871445
11871256	11878935
11871258	11229777
11871259	1025227
11871260	2373963
11871260	2374611
11871261	11871121
11871262	11870584
11871263	11871256
11871264	11871256
11871265	11871254
11871266	11871224
11871267	11871224
11871268	11871221
11871269	11871221
11871270	11871220
11871271	11871196
11871272	11871255
11871273	10712048
11871274	11061915
11871275	10689439
11871276	10187855
11871276	10187856
11871277	11061917
11871278	4347110
11871279	4347110
11871280	10663114
11871281	2205915
11871282	11061702
11871283	4446514
11871284	3713831
11871285	3742835
11871286	8945009
11871287	6002139
11871287	10091335
11871287	10091336
11871288	2046271
11871289	5285578
11871291	10693123
11871292	2250297
11871293	11177323
11871294	11871295
11871295	11871294
11871295	11871443
11871296	1992143
11871297	1992143
11871298	7883502
11871299	8202588
11871300	9193541
11871301	10159811
11871302	10159811
11871303	681757
11871304	681757
11871305	11443262
11871306	11681667
11871307	11776170
11871308	11776171
11871309	11848170
11871310	11848170
11871311	28776
11871312	28776
11871313	28776
11871314	2011435
11871315	8430956
11871316	8430956
11871317	3456872
11871318	11862492
11871319	11862492
11871320	804180
11871321	2433647
11871322	2433647
11871323	2575855
11871324	2806291
11871325	3962714
11871326	3962714
11871327	4498282
11871328	5998346
11871328	13153251
11871329	6015061
11871330	6015061
11871331	6015061
11871332	7244459
11871333	7244459
11871334	7856942
11871335	8013121
11871336	8282380
11871336	10450965
11871336	12120463
11871337	8857156
11871338	9178487
11871338	12448053
11871339	9178487
11871340	9242058
11871341	9264993
11871342	9303123
11871343	9303123
11871344	9345231
11871344	13116279
11871345	9414828
11871345	12751668
11871346	9432295
11871347	9432295
11871348	9476113
11871349	9726011
11871350	10209939
11871351	10046788
11871352	1985569
11871353	10046788
11871354	10539972
11871355	10694060
11871356	10753169
11871356	12493557
11871356	13190756
11871356	13190757
11871357	10753169
11871358	10834762
11871359	11311116
11871360	11222879
11871361	3373018
11871362	11441485
11871363	11441485
11871364	11441485
11871365	11441485
11871366	11510388
11871367	11510388
11871368	11657439
11871369	11681669
11871370	11694519
11871371	11776161
11871372	11799141
11871373	273283
11871374	273302
11871375	273302
11871376	804183
11871377	40389
11871378	256862
11871378	11875802
11871379	9994387
11871379	11875800
11871380	2297224
11871381	448135
11871382	2547682
11871383	2547682
11871384	2671686
11871385	2671686
11871386	3582497
11871387	3629481
11871388	4290610
11871389	4529790
11871390	4529790
11871391	1790835
11871392	1790835
11871392	11875796
11871392	11875797
11871393	7517512
11871394	3734925
11871395	3818149
11871395	11875794
11871396	3818149
11871396	11875794
11871397	4890095
11871398	9015710
11871399	6872899
11871399	11875789
11871400	5748046
11871400	11875788
11871401	244580
11871401	337377
11871402	244580
11871402	337377
11871403	1504359
11871404	3911775
11871404	11875785
11871405	1504359
11871406	3911775
11871406	11875785
11871407	3715747
11871408	69362
11871408	11875780
11871409	3715747
11871410	69362
11871410	11875780
11871411	69362
11871412	69362
11871412	6732718
11871413	6849124
11871414	6273572
11871414	11875772
11871415	1140176
11871415	12233329
11871416	4290610
11871416	11875204
11871417	9004243
11871418	1565926
11871419	1565926
11871420	11694519
11871421	11871251
11871421	11871451
11871422	9146676
11871422	11875770
11871423	10351100
11871423	11875768
11871424	3096339
11871425	3096339
11871425	11875765
11871426	11046642
11871427	3476637
11871427	11875764
11871428	7556459
11871428	11875763
11871429	7556459
11871429	11875763
11871430	6046863
11871430	13145251
11871431	6046863
11871432	7556459
11871432	11875761
11871433	6046863
11871433	13105778
11871433	13105779
11871433	13105780
11871434	6046863
11871435	3919069
11871435	11875757
11871436	2011727
11871436	11875756
11871437	2011727
11871437	11875756
11871438	457530
11871438	2755295
11871439	2360186
11871440	2360186
11871441	8318302
11871441	8556981
11871442	8373122
11871442	11871664
11871442	11872440
11871443	11871295
11871444	11871256
11871445	11871256
11871446	2632749
11871446	11871255
11871447	2632749
11871447	11871255
11871448	11871254
11871449	11871254
11871450	7386376
11871450	11875741
11871451	11871251
11871451	11871421
11871452	11871251
11871453	11871249
11871454	11871249
11871455	11871243
11871456	11871243
11871457	11871242
11871457	12025240
11871457	12025241
11871458	11871242
11871458	12025240
11871458	12025241
11871459	11871238
11871460	11871238
11871461	11871236
11871462	11871236
11871463	2273935
11871464	11871236
11871465	11871236
11871466	11871230
11871467	11871230
11871467	13410372
11871468	11871214
11871469	11871214
11871470	11871205
11871471	11871205
11871472	298212
11871473	4601989
11871473	4601993
11871473	11871206
11871474	4601989
11871474	4601993
11871474	11871206
11871475	11871207
11871476	11871207
11871477	11871208
11871478	11871208
11871480	11871195
11871481	11871195
11871482	11871164
11871483	11871164
11871484	3132584
11871485	11870640
11871486	11870639
11871487	11870639
11871488	11870638
11871489	11870637
11871490	4016236
11871490	11875739
11871491	11870635
11871492	11870635
11871493	11870634
11871494	11870634
11871502	12369157
11871502	12369158
11871503	11870567
11871506	11995381
11871508	11870567
11871511	3727314
11871514	13341353
11871517	12709011
11871517	12709015
11871520	11870551
11871521	3727314
11871526	11870551
11871527	13515123
11871539	9393567
11871541	12688669
11871541	12688670
11871549	12978318
11871550	11870547
11871552	11870547
11871554	11870547
11871559	11870546
11871562	11870546
11871564	11870546
11871567	11870545
11871569	11870545
11871571	11870545
11871575	11870517
11871578	11870517
11871581	12062436
11871585	12334245
11871595	12144797
11871595	13403754
11871599	12570792
11871599	12570794
11871599	12570795
11871614	12058115
11871614	13487182
11871615	12058113
11871616	12058112
11871617	12058110
11871620	12058109
11871621	12058107
11871622	12058106
11871623	12058104
11871624	11871689
11871625	13105663
11871626	6231276
11871626	11871953
11871627	3164511
11871627	11871930
11871628	4020813
11871629	9011532
11871629	11871929
11871630	574340
11871630	11872863
11871631	3162589
11871632	5049680
11871632	11872864
11871633	4875511
11871633	5049680
11871634	8306178
11871634	8366457
11871635	9245472
11871635	11871673
11871635	11871674
11871635	11871676
11871636	4500781
11871636	11871964
11871636	11871969
11871636	11871972
11871637	2878381
11871637	2878394
11871638	7837118
11871638	11871975
11871638	11871978
11871638	11871980
11871639	11750682
11871640	9987614
11871640	10001931
11871641	4008103
11871641	11872867
11871641	11872868
11871642	4008103
11871642	11872869
11871643	431118
11871643	431238
11871644	3126613
11871644	4152496
11871644	11871982
11871644	11871983
11871644	11871984
11871645	6344930
11871645	11871669
11871646	3075137
11871646	3824945
11871646	11537912
11871647	2241584
11871647	7973178
11871648	1580079
11871648	9930897
11871649	6253552
11871649	9981390
11871649	9981391
11871649	11871666
11871650	2548413
11871650	11871211
11871651	2548413
11871651	11871211
11871652	6429730
11871652	11871927
11871652	11871928
11871653	11871212
11871654	11871212
11871655	11046382
11871655	11871661
11871655	11871663
11871656	9727144
11871657	3573757
11871657	7148289
11871657	11871665
11871658	11085481
11871659	6101258
11871660	6101258
11871661	11046381
11871661	11046382
11871661	11871655
11871662	11046381
11871662	11046382
11871662	13197291
11871663	11046381
11871663	11046382
11871663	11871655
11871664	8373122
11871664	11871442
11871664	11872440
11871665	3573757
11871665	6812178
11871665	11871657
11871666	6253552
11871666	7373463
11871666	11871649
11871669	6344930
11871669	11871645
11871671	6344930
11871673	9245472
11871673	11871635
11871674	9245472
11871674	11871635
11871675	9245472
11871676	9245472
11871676	11871635
11871677	9245472
11871678	2821479
11871679	10022632
11871680	10022632
11871681	10022632
11871682	312258
11871682	11872862
11871683	6676651
11871683	11872870
11871684	6676651
11871684	11872871
11871685	6040231
11871685	11871686
11871685	11871687
11871686	6040231
11871686	11871685
11871687	6040231
11871687	11871685
11871687	13471756
11871687	13471757
11871688	6420239
11871689	11871624
11871690	7439166
11871690	11871691
11871691	7410240
11871691	7439166
11871691	11871690
11871694	9083304
11871694	12524653
11871694	13609896
11871694	13730670
11871695	10944141
11871695	12227246
11871695	12464542
11871695	12966101
11871695	12967051
11871696	11148653
11871696	11872666
11871696	13401984
11871697	6142531
11871698	10569613
11871699	10569613
11871700	8989799
11871701	10569613
11871702	10569613
11871703	10569613
11871704	10569613
11871705	10569613
11871706	10569613
11871707	11872101
11871708	7200600
11871708	7549257
11871709	4501500
11871710	4501500
11871711	815812
11871712	8590815
11871712	8590816
11871713	8590815
11871713	8590816
11871714	8800265
11871714	12473418
11871715	2954697
11871716	2954697
11871717	4904999
11871718	4904999
11871719	6142481
11871720	11816616
11871721	11816616
11871722	6142527
11871722	12485448
11871723	3723302
11871724	8989852
11871725	3723302
11871726	3723302
11871727	3723302
11871728	2763479
11871729	2763479
11871730	10843941
11871731	2763479
11871732	2763479
11871734	10940399
11871734	13112577
11871735	10944108
11871735	11871902
11871736	24689
11871737	24689
11871738	24689
11871739	24689
11871740	24689
11871741	24689
11871743	6153483
11871744	24689
11871745	24689
11871747	11866127
11871749	11866127
11871750	9211133
11871750	11871804
11871752	9224031
11871752	11871802
11871754	6216727
11871754	11871898
11871758	378926
11871758	11871897
11871758	13190927
11871759	680719
11871760	680719
11871761	680719
11871763	680719
11871764	8989219
11871764	11871766
11871764	11871769
11871764	11871772
11871765	2930269
11871766	7467324
11871766	11871764
11871767	2539058
11871768	2539058
11871769	7467324
11871769	11871764
11871770	4754176
11871771	8994320
11871771	11540736
11871772	7467324
11871772	11871764
11871773	7467324
11871774	1971210
11871775	7467324
11871776	10957853
11871777	7467324
11871778	2926072
11871779	11637209
11871780	11637209
11871781	348341
11871781	6369435
11871781	13600772
11871782	11637209
11871783	11637209
11871784	2606274
11871784	8990078
11871784	12747722
11871785	11064044
11871785	13605343
11871786	10274620
11871787	2731258
11871787	10942846
11871788	1971258
11871788	11871830
11871789	10940636
11871790	21435
11871791	21435
11871792	21435
11871793	21435
11871794	21435
11871795	21435
11871797	21435
11871798	21435
11871799	2245612
11871800	2245612
11871801	2245612
11871802	11871752
11871803	2245612
11871804	11871750
11871805	4496656
11871806	4496656
11871807	680544
11871808	4665281
11871808	9999731
11871809	4665281
11871809	9999731
11871810	4665281
11871810	9999731
11871811	4665281
11871811	9999731
11871812	51275
11871813	51275
11871814	51275
11871815	51275
11871816	4665068
11871817	4665068
11871819	11600582
11871820	11600582
11871821	11600582
11871822	11600582
11871823	11600582
11871824	11600582
11871825	7120519
11871826	7120519
11871827	7120519
11871828	7120519
11871829	270899
11871830	1970161
11871830	1970626
11871830	1970628
11871830	1970629
11871830	1970630
11871830	1970635
11871830	1970636
11871830	1970637
11871830	1970639
11871830	2488749
11871830	3627961
11871830	11871788
11871831	1970161
11871831	1970631
11871831	1970632
11871831	1970633
11871831	1970634
11871831	1970640
11871831	1970641
11871831	1970643
11871831	1970645
11871831	3186011
11871832	307676
11871833	307676
11871834	10179492
11871835	10179492
11871836	2361186
11871837	2361186
11871838	1841597
11871838	2280386
11871839	1841597
11871839	2280386
11871840	10587698
11871841	10587698
11871842	10587698
11871843	10587698
11871844	5640418
11871845	5640418
11871846	5858435
11871847	5858435
11871848	5858435
11871849	5858435
11871850	6265113
11871851	6265113
11871852	6265113
11871853	6265113
11871854	3635941
11871855	3635941
11871856	3635941
11871857	3635941
11871858	3635941
11871859	3635941
11871860	3635941
11871861	3635941
11871863	7542368
11871864	7542368
11871865	9164393
11871865	9165833
11871866	9164393
11871866	9165833
11871867	9164393
11871867	9165833
11871868	9164393
11871868	9165833
11871869	9164393
11871869	9165833
11871870	9165833
11871871	9165833
11871872	9165833
11871873	9165833
11871874	9165833
11871875	6666066
11871876	6666066
11871877	6666066
11871878	6666066
11871879	6666066
11871880	6666066
11871881	6666066
11871882	6666066
11871883	10504432
11871884	10504432
11871885	1300342
11871886	1300342
11871887	2644678
11871888	2644678
11871889	2644678
11871890	2644678
11871891	2644678
11871892	2644678
11871893	9143353
11871894	9143353
11871895	1841597
11871896	6103443
11871896	11871926
11871897	11871758
11871898	6216729
11871898	11871754
11871899	383876
11871900	383876
11871901	383876
11871902	10826622
11871902	11871735
11871903	383876
11871904	383876
11871905	383876
11871906	383876
11871907	383876
11871908	61394
11871909	61394
11871910	9164393
11871911	9164393
11871912	9164393
11871913	9164393
11871914	9164393
11871915	7937786
11871915	8436559
11871915	8437381
11871916	43840
11871916	369915
11871916	542550
11871916	830199
11871916	1449607
11871916	6059220
11871918	2730000
11871918	10762362
11871918	12869307
11871922	3307918
11871922	5537707
11871922	8428272
11871923	10573059
11871924	6024874
11871924	6025111
11871924	10809377
11871924	13607897
11871925	3258827
11871926	11871896
11871927	6429730
11871927	10263181
11871927	11871652
11871928	11871652
11871929	9011532
11871929	10454926
11871929	11871629
11871929	12856727
11871930	3164511
11871930	11871627
11871931	3164511
11871936	11871938
11871937	885704
11871937	13830891
11871938	11871936
11871944	10309284
11871945	10309284
11871946	10309284
11871947	10309284
11871948	10309284
11871949	10309284
11871950	28753
11871951	8319774
11871952	10467879
11871953	6231276
11871953	11871626
11871957	13272022
11871957	13272024
11871962	11871963
11871963	11871962
11871964	11871636
11871964	13272051
11871964	13272052
11871965	4500781
11871966	4500781
11871967	4500781
11871968	4500781
11871969	4500781
11871969	11871636
11871970	11871971
11871971	11871970
11871972	4500781
11871972	11871636
11871973	1868051
11871973	9392081
11871974	11871976
11871975	7837118
11871975	11871638
11871976	11871974
11871977	7837118
11871978	7837118
11871978	11871638
11871979	7837118
11871980	7837118
11871980	11871638
11871981	7837118
11871982	11871644
11871983	11871644
11871984	11871644
11871985	10305521
11871985	12007680
11871985	13712849
11871986	11871987
11871987	11871986
11871988	11282781
11871989	11871990
11871990	11871989
11871991	8631995
11871992	11554667
11871992	11561414
11871993	4366094
11871993	11386210
11871993	11872145
11871995	11809488
11871996	9598432
11871997	8146558
11871997	11883931
11871998	8703999
11871998	11872144
11871999	7356293
11871999	11872143
11872000	7387229
11872001	11980546
11872001	11980547
11872001	11980549
11872003	11902710
11872004	11872005
11872005	11872004
11872006	3313532
11872006	3313871
11872006	8320524
11872006	9391650
11872006	11863146
11872007	11863182
11872008	11862735
11872008	11872011
11872009	11862720
11872010	11862718
11872011	11872008
11872011	12009376
11872011	12009378
11872011	12009379
11872012	11861099
11872013	11860187
11872013	11860188
11872014	11857230
11872015	11872016
11872016	11872015
11872016	12960966
11872017	11854981
11872017	11854982
11872018	1971702
11872018	7577041
11872019	2477423
11872019	11376712
11872019	11376756
11872020	11872021
11872021	11872020
11872022	11845694
11872022	11846570
11872023	11844958
11872024	11844343
11872025	11839310
11872026	11839306
11872027	11839301
11872027	11872028
11872027	12045780
11872027	12045781
11872028	7253900
11872028	10937483
11872028	10938084
11872028	10938086
11872028	11872027
11872028	11872723
11872028	11965335
11872028	11966906
11872028	13352121
11872029	10642007
11872030	6743
11872030	64795
11872030	256395
11872030	485272
11872030	1034660
11872030	2269328
11872030	8121228
11872030	11836538
11872030	12028835
11872031	11833853
11872034	6052874
11872034	11871136
11872034	11871137
11872035	11827692
11872036	11827686
11872037	11125807
11872038	11827337
11872039	11827334
11872040	1120802
11872040	11827116
11872041	11827001
11872042	10147244
11872042	11871096
11872043	11871096
11872044	11872045
11872045	11872044
11872046	11245995
11872046	11871092
11872047	11818130
11872048	11818103
11872049	4135336
11872049	7763339
11872050	11517384
11872051	11136704
11872051	11871084
11872052	11817618
11872053	10501540
11872053	11911447
11872053	11911448
11872054	11817615
11872055	11136704
11872056	10501540
11872056	11911443
11872056	11911444
11872057	11817611
11872058	11871078
11872059	11817558
11872060	11817488
11872061	11817480
11872062	11871077
11872063	11871077
11872064	9937680
11872064	11871077
11872065	10166517
11872065	10705931
11872065	11871073
11872066	11872067
11872066	13275516
11872067	11872066
11872068	5198885
11872068	9668551
11872068	13357882
11872069	4397649
11872070	11803846
11872071	11803842
11872072	11803838
11872073	11796384
11872074	11791778
11872074	13295415
11872075	11791384
11872076	11790445
11872077	10062409
11872077	11871071
11872078	10062409
11872078	11871071
11872079	11779681
11872080	11458079
11872081	11871068
11872082	11777763
11872082	11777764
11872083	10791774
11872083	11871066
11872083	11871067
11872084	10791774
11872084	11871066
11872084	11871067
11872085	11383792
11872085	11871064
11872086	11383792
11872086	11871064
11872087	10092554
11872087	11871060
11872088	11704218
11872088	11871055
11872089	11871049
11872090	11109548
11872090	11871047
11872091	11871046
11872092	11217983
11872092	11871046
11872093	11870980
11872094	10009345
11872095	10564946
11872095	11870961
11872096	11282781
11872097	1952046
11872097	1952164
11872097	1952332
11872097	1952904
11872097	3112445
11872097	5022142
11872098	11872099
11872099	11872098
11872100	9702541
11872101	11871707
11872102	11872103
11872103	11872102
11872104	11872105
11872105	11872104
11872105	11875344
11872106	1730101
11872107	6451002
11872107	6467576
11872107	6677815
11872108	2511337
11872108	3464911
11872108	3678415
11872109	2511352
11872109	3464903
11872109	3678415
11872110	11595830
11872112	2336728
11872112	2336784
11872112	10632506
11872113	2336740
11872113	2336784
11872113	10632507
11872114	5681232
11872114	5718937
11872114	5718939
11872114	5718941
11872114	5720843
11872116	11872117
11872117	11872116
11872118	11872119
11872119	11872118
11872121	11872122
11872122	11872121
11872123	10218312
11872124	10556047
11872124	10556067
11872125	2261901
11872136	1460181
11872136	11872138
11872136	11872141
11872136	11872142
11872136	11872146
11872136	11872147
11872136	11872148
11872136	11872152
11872136	11872153
11872136	11872155
11872136	11872167
11872136	11872193
11872136	11872269
11872136	11872273
11872136	11872278
11872136	11872281
11872138	11872136
11872138	11872147
11872138	11872148
11872138	11872152
11872138	11872188
11872138	11872193
11872139	11282781
11872140	11282781
11872141	11872136
11872142	11872136
11872143	7191853
11872143	7191854
11872143	8586766
11872143	11871999
11872144	11871998
11872145	2875426
11872145	11871993
11872146	11872136
11872146	11872193
11872147	11872136
11872147	11872138
11872147	11872148
11872147	11872193
11872148	11872136
11872148	11872138
11872148	11872147
11872148	11872152
11872148	11872278
11872152	11872136
11872152	11872138
11872152	11872148
11872152	11872281
11872153	11872136
11872154	13080007
11872155	11872136
11872161	6345107
11872163	11872164
11872163	11872165
11872163	12927225
11872163	12927288
11872164	11872163
11872164	11872165
11872164	12927288
11872165	11872163
11872165	11872164
11872165	12927288
11872166	6345107
11872167	11872136
11872168	8586766
11872168	8586767
11872169	8622306
11872169	8622307
11872170	10748059
11872170	10748061
11872170	11872284
11872170	11873412
11872170	13787043
11872170	13795187
11872170	13795188
11872171	11870771
11872172	11870771
11872173	10039678
11872174	11870769
11872175	4535631
11872175	4778549
11872175	11870560
11872175	11870561
11872175	11870572
11872176	11872177
11872176	11872178
11872177	11872176
11872177	11872178
11872178	11872176
11872178	11872177
11872180	11870516
11872180	11870523
11872181	11870516
11872181	11870523
11872183	11870515
11872183	11870522
11872184	11870515
11872184	11870522
11872185	11870513
11872185	11870521
11872186	11870513
11872186	11870521
11872186	11872189
11872188	1460181
11872188	11872138
11872189	11872186
11872190	921187
11872191	921187
11872192	4423928
11872193	11872136
11872193	11872138
11872193	11872146
11872193	11872147
11872194	9865461
11872195	11602908
11872196	4446546
11872197	11872302
11872198	3881409
11872199	11872280
11872200	3744384
11872201	11189328
11872202	11189328
11872203	11872292
11872203	11872293
11872203	12929757
11872204	893158
11872205	10691091
11872206	10691091
11872207	11872221
11872208	3891638
11872209	11872231
11872209	11872233
11872210	4451395
11872211	10692794
11872212	11872240
11872212	13020221
11872212	13731984
11872213	11061903
11872214	11061903
11872215	11872236
11872216	11866347
11872217	10686548
11872218	10715823
11872219	11872234
11872219	11872245
11872219	11872246
11872220	11450298
11872221	11872207
11872222	5368171
11872223	5166565
11872223	5167559
11872223	5209102
11872224	10321052
11872225	10321052
11872226	5166565
11872226	5167559
11872227	4339898
11872228	11282007
11872229	11282007
11872230	10908205
11872231	11872209
11872232	8994320
11872232	11872244
11872232	11872258
11872232	11872358
11872232	11872366
11872232	11872373
11872232	11872377
11872232	11872379
11872233	11872209
11872234	11872219
11872235	10660712
11872236	11872215
11872237	10660712
11872238	2724533
11872238	11547066
11872239	11872247
11872240	11872212
11872240	13020221
11872240	13731984
11872241	9857430
11872242	9857430
11872243	6364013
11872244	11540736
11872244	11872232
11872245	11872219
11872246	11872219
11872247	11872239
11872248	2594231
11872249	11269216
11872250	4328426
11872251	4324082
11872252	1971109
11872254	4343710
11872256	2078912
11872257	10663078
11872258	11872232
11872258	13451206
11872260	10692774
11872261	4371070
11872262	10747289
11872263	6108862
11872263	8853976
11872263	8853977
11872263	8853979
11872263	8853980
11872263	8854025
11872263	8882605
11872263	8882626
11872263	10661349
11872264	10749525
11872266	10664821
11872267	3894214
11872268	11230942
11872269	11872136
11872269	11872281
11872272	2771607
11872273	11872136
11872273	11872281
11872274	5882507
11872275	11230955
11872276	11472987
11872277	11472987
11872278	11872136
11872278	11872148
11872278	11872281
11872280	11872199
11872281	11872136
11872281	11872152
11872281	11872269
11872281	11872273
11872281	11872278
11872282	3200446
11872282	4350298
11872283	4335949
11872284	10748061
11872284	11872170
11872284	11873412
11872285	1344885
11872285	11872307
11872286	10712284
11872287	11230990
11872288	2132784
11872289	5902241
11872290	4370955
11872292	11872203
11872292	12929757
11872293	11872203
11872293	12929757
11872294	11872296
11872295	9084164
11872296	11872294
11872296	11872299
11872296	11872306
11872296	11872423
11872296	11872722
11872296	13417741
11872296	13417742
11872296	13417743
11872296	13417744
11872296	13776943
11872296	13776944
11872296	13776947
11872297	4157111
11872298	4157111
11872299	11872296
11872300	3711676
11872301	4442578
11872302	11872197
11872303	4328571
11872304	4256733
11872305	10707559
11872306	11872296
11872307	1214043
11872307	1344885
11872307	1557239
11872307	1557478
11872307	5273932
11872307	11872285
11872308	10664919
11872309	10952000
11872310	5337064
11872310	10944143
11872311	10691035
11872312	10691035
11872313	3009064
11872314	1990302
11872315	11230957
11872316	6363983
11872317	9984638
11872318	9984638
11872319	7580666
11872320	7580666
11872321	10661347
11872322	10687037
11872323	11870466
11872324	10629083
11872325	4439825
11872326	1141863
11872327	8419079
11872328	8419079
11872329	8413067
11872330	11231018
11872332	11282009
11872333	10689453
11872334	10689453
11872335	4326189
11872336	311472
11872337	3717265
11872338	311473
11872338	12251104
11872339	11061952
11872340	11061952
11872341	10265465
11872342	311475
11872343	9991046
11872344	311477
11872345	10667872
11872346	5799899
11872347	11648488
11872348	311477
11872349	11648489
11872350	10705944
11872351	311479
11872352	11648489
11872353	7126521
11872353	11648487
11872353	13463100
11872354	3232195
11872354	3251370
11872354	9289608
11872355	8546490
11872355	10712047
11872356	2259140
11872356	2259141
11872356	2357697
11872356	2358039
11872356	11648486
11872357	311480
11872358	8994320
11872358	8994322
11872358	11872232
11872358	11872377
11872358	11872378
11872358	12279829
11872358	13287192
11872358	13287193
11872358	13287194
11872358	13428802
11872358	13428806
11872358	13428807
11872358	13428808
11872359	10654937
11872360	7046227
11872361	7046227
11872362	11648490
11872363	11648491
11872364	10710836
11872365	11648492
11872366	11872232
11872366	11872373
11872366	11872374
11872366	11872375
11872366	13287192
11872366	13287193
11872366	13287194
11872366	13428860
11872366	13428861
11872367	11648492
11872368	7419658
11872368	11188784
11872369	8387062
11872369	11872393
11872370	10957883
11872372	10724759
11872373	11872232
11872373	11872366
11872374	11872366
11872375	11872366
11872375	13451206
11872377	11872232
11872377	11872358
11872378	11872358
11872379	11872232
11872382	11872391
11872382	11872392
11872383	11872389
11872384	11872397
11872389	11872383
11872390	11872400
11872391	11872382
11872392	11872382
11872393	11872369
11872394	70692
11872394	182054
11872394	736792
11872394	918759
11872395	70692
11872397	11872384
11872400	11872390
11872401	743229
11872401	743657
11872401	800411
11872402	743657
11872402	743658
11872404	12326759
11872412	743229
11872413	260972
11872414	265232
11872415	2372768
11872415	2375572
11872415	11873399
11872416	11857637
11872416	11870150
11872416	11872422
11872416	11872429
11872417	2825049
11872418	4344853
11872418	9025017
11872419	4344853
11872419	9025016
11872419	12004030
11872421	11857637
11872421	11870150
11872422	11857637
11872422	11870150
11872422	11872416
11872422	11872429
11872423	11872296
11872424	2956662
11872424	9871991
11872424	9871994
11872424	9890422
11872425	8639947
11872426	8639947
11872427	8639948
11872427	9101498
11872428	8639948
11872429	11857637
11872429	11868660
11872429	11870150
11872429	11872416
11872429	11872422
11872430	8639949
11872431	8639949
11872432	2301365
11872432	11871119
11872433	8639953
11872434	11869339
11872435	8639968
11872436	11869181
11872437	8639968
11872438	11866344
11872439	11866344
11872440	8373122
11872440	11871442
11872440	11871664
11872441	11871125
11872442	11866343
11872443	11866343
11872444	11864184
11872445	11864184
11872446	11864172
11872446	13150610
11872447	11860110
11872447	12216294
11872448	11855422
11872449	11854423
11872450	11854423
11872451	11853246
11872451	11853708
11872452	11853630
11872453	11853630
11872454	11853630
11872455	11852308
11872457	5851790
11872458	5851790
11872461	11230465
11872464	13476270
11872478	11230574
11872482	11230589
11872493	8696268
11872493	8696567
11872493	8920035
11872493	12210057
11872500	11872528
11872500	11872529
11872501	13271055
11872501	13271815
11872502	11230602
11872505	9562952
11872506	9562952
11872507	35495
11872507	10058454
11872507	11230214
11872508	35495
11872514	11230170
11872515	11230163
11872515	13162632
11872516	11230163
11872516	13162633
11872517	11230187
11872518	1046751
11872519	1773150
11872519	1774195
11872519	5789013
11872520	762310
11872521	5723781
11872521	13538771
11872522	680158
11872522	1102187
11872523	5724546
11872524	680158
11872525	5724575
11872526	5724602
11872527	5724603
11872528	11872500
11872529	11872500
11872530	2523899
11872531	7320063
11872532	7742836
11872533	9155600
11872533	13123643
11872533	13160630
11872533	13205482
11872534	1626459
11872535	1696029
11872536	1806999
11872537	2170294
11872537	2170295
11872537	13171806
11872538	7044630
11872538	13130549
11872539	1781116
11872540	1781407
11872540	13195226
11872541	5777226
11872541	13145785
11872541	13205477
11872542	5777314
11872543	5777331
11872544	8721359
11872545	1755641
11872546	1782259
11872547	11230063
11872547	13727527
11872548	7166733
11872549	7296092
11872549	7311063
11872550	7311065
11872551	248493
11872551	11230051
11872552	7311067
11872553	7384796
11872553	11230050
11872554	7311068
11872555	7566438
11872556	7567828
11872557	3147967
11872557	11230047
11872558	2296291
11872558	2296293
11872558	13580656
11872558	13813027
11872559	2296295
11872559	10220678
11872559	13159860
11872559	13812995
11872560	2296302
11872560	13580646
11872560	13812992
11872561	2296304
11872561	13580645
11872561	13812990
11872562	2296305
11872562	13580644
11872562	13812987
11872563	2296307
11872563	13580643
11872563	13812986
11872564	2296309
11872564	13580642
11872564	13812981
11872565	2801777
11872565	13151734
11872565	13158233
11872566	7206203
11872567	7307901
11872567	13205842
11872568	8142669
11872569	11403117
11872569	11403119
11872570	11403120
11872571	11403121
11872571	13265949
11872572	2448226
11872573	8358238
11872573	8358241
11872574	8358239
11872574	13209110
11872575	8358240
11872576	8358242
11872577	8358243
11872577	12866025
11872577	12869353
11872577	12869745
11872577	12869746
11872577	12870166
11872577	12870169
11872577	12870171
11872577	12870177
11872578	1957823
11872578	13128371
11872578	13128372
11872579	7069270
11872579	13265887
11872580	10876566
11872581	11580941
11872582	3819829
11872582	11230037
11872583	1947321
11872584	1947322
11872585	8019557
11872586	8019558
11872587	8019559
11872588	5109655
11872588	11229986
11872589	5109655
11872589	11229986
11872590	8053627
11872591	326444
11872591	11229971
11872592	7733548
11872593	326444
11872593	11229971
11872594	7733548
11872595	10936596
11872596	11229967
11872597	11870212
11872598	11648993
11872599	1304730
11872599	5168857
11872599	11229958
11872600	7033758
11872600	13566068
11872601	3762321
11872602	11630176
11872603	2268411
11872603	11229934
11872604	1304730
11872604	1306317
11872604	5168857
11872605	11229843
11872605	11229849
11872607	3620020
11872608	3663737
11872609	5737182
11872609	8211097
11872609	10619928
11872609	10619930
11872610	367515
11872610	526042
11872610	931515
11872610	6588561
11872610	6588775
11872611	4135130
11872611	10619931
11872611	10619933
11872612	4135130
11872612	10619931
11872612	10619933
11872613	4135130
11872614	4135130
11872615	10619937
11872616	10619937
11872617	10541564
11872617	10541566
11872617	10544544
11872617	10619944
11872618	10619939
11872618	11872650
11872618	13137822
11872618	13321477
11872619	10619939
11872619	11872650
11872620	7384233
11872620	10619926
11872621	661422
11872621	10660432
11872621	11229720
11872622	10257097
11872622	12781519
11872623	5494022
11872623	5494024
11872623	5496607
11872624	11870345
11872624	11872627
11872624	12717678
11872625	273695
11872625	396274
11872625	512800
11872625	848159
11872626	2340851
11872626	13262073
11872627	11870345
11872627	11872624
11872628	2340853
11872629	1092944
11872629	1499662
11872629	13083736
11872630	2340856
11872631	2340856
11872632	2340858
11872632	13176992
11872633	2340864
11872633	2340867
11872634	3496515
11872634	5360339
11872634	6630731
11872634	6632895
11872634	6632897
11872634	8802796
11872634	9959076
11872634	11616811
11872634	13244742
11872635	372825
11872635	543269
11872636	3748990
11872636	11630587
11872637	11630587
11872638	241014
11872638	10276634
11872639	6071229
11872639	6071230
11872639	6198631
11872639	11872642
11872640	240
11872640	1438
11872640	3254
11872640	779894
11872640	1215988
11872640	2220528
11872640	3034032
11872641	7915493
11872642	6071230
11872642	11872639
11872643	2267617
11872643	7778202
11872644	8202884
11872645	2290413
11872645	13280195
11872645	13280196
11872646	1898979
11872646	1898983
11872646	1898987
11872646	2049622
11872646	2510180
11872646	3086176
11872647	8246113
11872648	9280399
11872649	9280399
11872650	11872618
11872650	11872619
11872650	11872651
11872650	13798847
11872651	11872650
11872651	13358221
11872651	13358222
11872653	9682848
11872653	10619923
11872654	9682848
11872654	10619918
11872655	10619901
11872656	10619901
11872657	5366673
11872657	5368973
11872657	13677076
11872658	7666003
11872658	10289443
11872658	10619823
11872659	7666003
11872659	10289443
11872660	1652032
11872660	1652033
11872661	8975708
11872661	11872662
11872662	8975708
11872662	11872661
11872662	12002157
11872663	1092570
11872663	8294001
11872664	7825590
11872664	12949124
11872665	2752566
11872665	12327256
11872666	11871696
11872667	25075
11872667	596338
11872667	3687039
11872667	3687041
11872668	2568860
11872668	2570244
11872668	3503364
11872668	3814034
11872668	3814035
11872668	10741354
11872669	6879238
11872669	6879251
11872669	7086554
11872669	7711283
11872669	7711284
11872669	8307607
11872669	8359340
11872670	1028327
11872670	1538900
11872670	1989834
11872671	11870385
11872672	8866766
11872672	8866773
11872673	8755460
11872673	8755461
11872673	8755462
11872673	8762906
11872673	8762907
11872673	8762908
11872673	8762909
11872673	8762910
11872673	8762911
11872673	8762913
11872673	8762914
11872673	11053384
11872673	11053386
11872673	11053388
11872673	11053389
11872674	8174901
11872675	2842479
11872675	11872682
11872675	13722887
11872680	11872719
11872680	11875535
11872680	12455115
11872680	12455116
11872680	12455688
11872682	2842479
11872682	11872675
11872683	11872721
11872684	11883224
11872685	11883225
11872686	5624767
11872686	11835731
11872687	11883227
11872688	2912639
11872689	5915353
11872689	9526362
11872690	11185199
11872690	13564771
11872691	4476122
11872691	4486144
11872692	10619622
11872693	11883226
11872694	11872695
11872694	11872702
11872694	11872720
11872695	11872694
11872700	7203486
11872701	11185199
11872701	12968027
11872701	13564771
11872702	11872694
11872702	11883929
11872703	9421412
11872705	11299207
11872707	9454339
11872710	11875347
11872710	11875349
11872712	9307935
11872713	11220785
11872713	13655696
11872715	11589073
11872716	11343770
11872719	11872680
11872719	11875535
11872720	11872694
11872721	11872683
11872722	11872296
11872723	11872028
11872723	11875533
11872734	11874393
11872736	13131488
11872738	11878934
11872739	11878933
11872741	12582079
11872744	12630087
11872744	12630089
11872747	11983219
11872766	13433015
11872766	13433016
11872771	12653358
11872771	12653359
11872771	12653360
11872779	11872874
11872779	11872875
11872779	11872876
11872779	11872877
11872780	2587822
11872780	11875271
11872781	11875266
11872781	11875270
11872799	12688173
11872799	12688175
11872803	13400615
11872807	11874414
11872809	12150648
11872818	11872859
11872818	11872860
11872818	11872861
11872819	12612605
11872819	12612607
11872820	13822961
11872821	11968300
11872822	11878930
11872822	11878931
11872822	11878932
11872823	13188570
11872827	12560012
11872827	13129869
11872827	13188567
11872827	13570723
11872828	13094360
11872831	11878929
11872836	11875728
11872836	11894658
11872837	12584934
11872838	13782774
11872838	13782775
11872844	6855722
11872844	8406281
11872844	12249235
11872844	12249964
11872844	12250235
11872844	12250251
11872844	12250252
11872844	12250862
11872844	12250864
11872844	12250866
11872844	12250871
11872844	12250874
11872844	12250877
11872844	12250878
11872844	12261064
11872848	12660099
11872850	13094359
11872850	13363956
11872857	11872878
11872857	11872879
11872857	11872880
11872857	11872881
11872857	11872882
11872857	11872883
11872859	11872818
11872859	11872860
11872859	11872861
11872859	11873620
11872860	11872818
11872860	11872859
11872860	11872861
11872860	11873620
11872861	11872818
11872861	11872859
11872861	11872860
11872862	11871682
11872863	11871630
11872864	5049680
11872864	11871632
11872867	11871641
11872867	11872868
11872868	11871641
11872868	11872867
11872868	12305928
11872868	12321023
11872869	4008103
11872869	11871642
11872870	11871683
11872871	11871684
11872873	2273670
11872873	2548136
11872874	11872779
11872875	11872779
11872876	11872779
11872877	11872779
11872878	11872857
11872879	11872857
11872880	11872857
11872881	11872857
11872882	11872857
11872883	11872857
11872884	1815733
11872885	1815733
11872886	1815733
11872887	1815733
11872888	1815733
11872889	10183541
11872890	10784298
11872891	10784298
11872892	5363910
11872893	5363910
11872894	5363910
11872895	5363910
11872896	10987492
11872897	10987492
11872898	10817004
11872899	10817004
11872900	10817004
11872901	10817004
11872902	9462821
11872902	11731778
11872903	9462821
11872903	11731778
11872904	9462821
11872904	11731778
11872905	9462821
11872905	11731778
11872906	2202574
11872907	2202574
11872908	2202574
11872909	2202574
11872910	2202574
11872911	2202574
11872912	2202574
11872913	2202574
11872914	2202574
11872915	2202574
11872916	2202574
11872917	9823157
11872918	9823157
11872919	9823157
11872920	9823157
11872921	9823157
11872922	9823157
11872923	9823157
11872924	9823157
11872925	9823157
11872926	9823157
11872927	9823157
11872928	9823157
11872929	9823157
11872930	9823157
11872931	9823157
11872932	9823157
11872933	9823157
11872934	9823157
11872935	9823157
11872936	9823157
11872937	6357523
11872938	6357523
11872939	6357523
11872940	6357523
11872941	6357523
11872942	6357523
11872943	6357523
11872944	6357523
11872945	7123600
11872946	7123600
11872947	10746736
11872948	10746736
11872949	10746736
11872950	10746736
11872951	10746736
11872952	10746736
11872953	10746736
11872954	10746736
11872955	10746736
11872956	10746736
11872957	3722150
11872958	3722150
11872959	3722150
11872960	3722150
11872961	5746630
11872962	5746630
11872963	6095096
11872964	6095096
11872965	10511172
11872966	10511172
11872967	10511172
11872968	10511172
11872969	10511172
11872970	10511172
11872971	2278901
11872972	2278901
11872973	2278901
11872974	2278901
11872975	2278901
11872976	2278901
11872977	2278901
11872978	2278901
11872979	2278901
11872980	2278901
11872981	9823167
11872982	9823167
11872983	9823167
11872984	9823163
11872985	9823163
11872986	9823163
11872987	9823163
11872988	9823163
11872989	8397815
11872990	8397815
11872991	8397815
11872992	8397815
11872993	4529512
11872994	4529512
11872995	4529512
11872996	4529512
11872997	4529512
11872998	10911345
11872999	10911345
11873000	4529507
11873001	4529507
11873002	4529507
11873003	4529507
11873004	4529507
11873005	4529507
11873006	10944551
11873007	10944551
11873008	7734470
11873009	7734470
11873010	680084
11873011	680084
11873012	680084
11873013	680084
11873014	680084
11873015	680084
11873016	680084
11873017	680084
11873018	7717234
11873019	7717234
11873020	4300457
11873021	4300457
11873022	9240826
11873023	7941309
11873024	7941309
11873025	7941309
11873026	7941309
11873027	2673996
11873028	10759007
11873029	10759007
11873030	10759007
11873031	10759007
11873032	10759007
11873033	10759007
11873034	2210723
11873035	2210723
11873036	2210723
11873037	10511170
11873038	10511170
11873039	10511170
11873040	8367544
11873041	8367544
11873042	8367544
11873043	8367544
11873044	7113144
11873045	7113144
11873046	7113144
11873047	7113144
11873048	7113144
11873049	7113144
11873050	5736600
11873051	5736600
11873052	5736600
11873053	5736600
11873054	3824802
11873055	3824802
11873056	2268958
11873057	2268958
11873058	295016
11873059	295016
11873060	7059859
11873061	7059859
11873062	7059859
11873063	7059859
11873064	7059859
11873065	7059859
11873066	7059859
11873067	7059859
11873068	7059859
11873069	7059859
11873070	7059859
11873071	7059859
11873072	7059859
11873073	7059859
11873074	7059859
11873075	7059859
11873076	7059859
11873077	7059859
11873078	7059859
11873079	7059859
11873080	7059859
11873081	7059859
11873082	7059859
11873083	7059859
11873084	7059859
11873085	7059859
11873086	7059859
11873087	7059859
11873088	7059859
11873089	7059859
11873090	4544674
11873091	4544674
11873092	4544674
11873093	4544674
11873094	4544674
11873095	4544674
11873096	4544674
11873097	4544674
11873098	4544674
11873099	4544674
11873100	4544674
11873101	4544674
11873102	807273
11873103	807273
11873104	297611
11873105	297611
11873106	297611
11873107	297611
11873108	297611
11873109	297611
11873110	297611
11873111	297611
11873112	297611
11873113	326345
11873114	326345
11873115	326345
11873116	326345
11873117	5753971
11873118	5753971
11873119	5753971
11873120	5753971
11873121	5753971
11873122	5753971
11873123	5753971
11873124	5753971
11873125	5753971
11873126	5753971
11873127	5753971
11873128	5753971
11873129	5753971
11873130	5753971
11873131	250653
11873132	250653
11873133	250653
11873134	250653
11873135	250653
11873136	250653
11873137	8334445
11873138	8334445
11873139	241190
11873140	241190
11873142	13682400
11873142	13682403
11873142	13682406
11873142	13682414
11873142	13682483
11873142	13683193
11873144	6263120
11873145	11764589
11873146	11756475
11873147	11754819
11873148	2675746
11873149	2675746
11873150	10959819
11873151	10959819
11873152	2025879
11873153	2025879
11873154	8271905
11873155	8271905
11873156	8271905
11873157	8271905
11873158	11759019
11873159	11759019
11873160	11759019
11873161	11759019
11873162	7492562
11873163	7492562
11873164	7492562
11873165	7492562
11873166	4494837
11873167	4494837
11873168	5729081
11873169	5729081
11873170	5066382
11873171	5066382
11873172	3729654
11873173	3729654
11873174	3729654
11873175	3729654
11873176	3729654
11873177	5757855
11873178	6842987
11873179	50634
11873180	50634
11873181	4663493
11873182	4663493
11873183	4663493
11873184	9939448
11873185	9939448
11873186	9939448
11873187	9939448
11873188	9939448
11873189	9939448
11873190	320981
11873191	320981
11873192	9678668
11873193	9678668
11873194	9678668
11873195	9678668
11873196	9550068
11873197	9550068
11873198	9550068
11873199	9550068
11873200	9550068
11873201	9550068
11873202	9550068
11873203	9550068
11873204	9026023
11873205	9026023
11873206	2978027
11873207	2978027
11873208	2978027
11873209	2042674
11873210	2042674
11873211	2042674
11873212	2042674
11873213	2042674
11873214	2042674
11873215	2042674
11873216	2042674
11873217	7915428
11873219	7915428
11873220	7915428
11873221	7915428
11873222	7915428
11873223	7915428
11873224	7915428
11873225	7915428
11873226	8357521
11873227	8357521
11873228	8357521
11873229	8357521
11873230	2775534
11873230	2775622
11873230	4140187
11873230	10641270
11873230	11054430
11873231	2775534
11873232	6440556
11873233	6440556
11873234	6440556
11873235	6440556
11873236	6440556
11873237	6440556
11873238	6440556
11873239	6440556
11873240	7231839
11873241	7231839
11873242	7231839
11873243	7231839
11873244	7231839
11873245	7231839
11873246	7231839
11873247	7231839
11873248	7231839
11873250	7231839
11873251	7231839
11873253	9705123
11873254	9705123
11873255	9705123
11873256	9705123
11873258	7732458
11873259	7732458
11873260	46275
11873261	46275
11873262	9387435
11873263	9387435
11873264	8588859
11873265	8588859
11873267	8588859
11873268	8588859
11873269	8588859
11873270	8588859
11873271	10156621
11873272	10156621
11873273	10156621
11873274	10156621
11873275	2549771
11873275	6005627
11873276	2549771
11873276	6005627
11873277	6005627
11873278	6005627
11873279	6005627
11873280	6005627
11873281	6873470
11873281	6873474
11873282	6873470
11873282	6873474
11873283	6873470
11873283	6873474
11873284	6873470
11873284	6873474
11873285	6873470
11873286	6873470
11873287	6873470
11873288	6873470
11873289	6873470
11873290	6873470
11873291	6873470
11873292	6873470
11873293	6873470
11873294	6873470
11873295	11194479
11873296	11194479
11873297	11194479
11873298	11194479
11873299	11194479
11873300	11194479
11873301	10151843
11873302	10151843
11873303	10151843
11873304	8634642
11873304	10151843
11873305	8634642
11873305	10151843
11873306	10151843
11873307	8634642
11873307	10151843
11873308	8634642
11873308	10151843
11873309	9821171
11873310	9821171
11873311	9821171
11873312	9821171
11873313	8827289
11873314	8827289
11873315	8827289
11873316	8827289
11873317	8827289
11873318	8827289
11873319	8827289
11873320	8827289
11873321	241867
11873322	241867
11873323	241867
11873324	2549771
11873325	2549771
11873326	2549771
11873327	2549771
11873328	2549771
11873329	2549771
11873330	8837831
11873331	8837831
11873332	8837831
11873333	8837831
11873334	11754819
11873335	11566354
11873336	11566354
11873337	7978326
11873338	7978326
11873339	11033797
11873340	241834
11873341	241834
11873342	5366847
11873342	8908839
11873343	5366847
11873343	8908839
11873344	6918942
11873345	6918942
11873346	6918942
11873347	6918942
11873348	5366847
11873349	5366847
11873350	4133491
11873351	4133491
11873352	7192326
11873353	7192326
11873354	4012758
11873355	4012758
11873356	4012758
11873357	4012758
11873358	7492844
11873359	7492844
11873360	11873363
11873360	11873364
11873361	776075
11873362	13486629
11873362	13486630
11873362	13486631
11873363	11873360
11873364	11873360
11873365	11873367
11873365	11873368
11873365	11873373
11873365	11873376
11873365	11873445
11873365	11874806
11873367	11873365
11873368	11873365
11873369	682438
11873370	13382539
11873371	682438
11873372	1977442
11873373	11873365
11873373	11873445
11873374	6220219
11873375	6220219
11873376	11873365
11873377	6220219
11873378	6220219
11873379	6220219
11873380	6220219
11873381	6220219
11873382	6220219
11873383	5909657
11873384	5909657
11873385	5909657
11873386	5909657
11873387	6351474
11873388	6351474
11873389	6351474
11873390	6351474
11873391	4726405
11873392	4726405
11873393	4726405
11873394	4726405
11873395	4726405
11873396	4726405
11873397	4726405
11873398	4726405
11873399	2372768
11873399	2375572
11873399	11872415
11873400	12362998
11873400	12362999
11873404	12681672
11873405	6351474
11873406	6351474
11873407	6351474
11873408	6351474
11873409	6351474
11873410	6351474
11873411	6351474
11873412	10748059
11873412	11872170
11873412	11872284
11873412	13787043
11873413	6351474
11873424	12644730
11873427	11873428
11873428	11873427
11873428	11873429
11873428	11901326
11873428	11901327
11873428	11901328
11873428	11901329
11873429	11873428
11873434	13377925
11873436	13326682
11873436	13326683
11873436	13326684
11873437	12210447
11873444	12564366
11873445	11873365
11873445	11873373
11873446	13376180
11873446	13382838
11873451	11873457
11873452	11878928
11873453	1450550
11873455	1587352
11873457	11873451
11873457	11873476
11873457	11873477
11873457	11873479
11873464	2248441
11873465	12179482
11873465	13074053
11873465	13074054
11873465	13074055
11873466	2550188
11873467	4495441
11873468	5739567
11873468	12189800
11873469	11875250
11873469	11875252
11873470	1808564
11873471	11878927
11873472	1808564
11873473	12179483
11873473	12410891
11873473	13386660
11873475	11873482
11873476	11873457
11873477	11873457
11873478	11873481
11873479	11873457
11873480	4694993
11873481	11873478
11873482	11873475
11873483	11873660
11873483	11873661
11873485	4728738
11873487	12364688
11873487	12364689
11873489	12931746
11873491	11873496
11873493	12069065
11873494	11873665
11873494	11873667
11873495	11873662
11873496	11873491
11873497	13334168
11873501	13286847
11873501	13286848
11873501	13286849
11873502	11873516
11873504	13521849
11873505	12698749
11873505	13154177
11873505	13154178
11873505	13154179
11873506	13539357
11873508	71928
11873508	381171
11873508	817193
11873508	920344
11873508	11874815
11873508	11887009
11873516	11873502
11873518	11873519
11873518	11873520
11873519	11873518
11873520	11873518
11873521	11873523
11873522	11873525
11873523	11873521
11873525	11873522
11873528	11981735
11873528	11981749
11873530	3474639
11873531	3474639
11873533	11617733
11873534	8614472
11873534	11958054
11873535	8614467
11873535	11958058
11873536	8614467
11873537	8614472
11873537	11958055
11873538	10204335
11873539	3928181
11873540	11631115
11873541	11697208
11873542	11775694
11873543	11775694
11873544	4515659
11873545	9248399
11873546	10107966
11873547	11511198
11873548	8332687
11873549	8332687
11873550	9281550
11873551	9281550
11873552	9989889
11873553	9989889
11873554	9989889
11873555	9989889
11873556	10213553
11873557	11196385
11873558	11196385
11873559	11628685
11873560	11637658
11873561	9989891
11873562	9989891
11873563	9989891
11873564	9989891
11873565	10024000
11873566	10107497
11873567	10107497
11873568	10107497
11873569	10107497
11873570	11873581
11873571	11487196
11873572	11772097
11873573	11772097
11873574	3930919
11873575	3930920
11873576	8549829
11873577	9388136
11873578	10030469
11873579	1886645
11873580	10052819
11873581	11873570
11873581	12326233
11873581	13257190
11873582	10207105
11873583	12179231
11873584	10207105
11873585	8572687
11873586	11049919
11873587	11650799
11873588	11650799
11873590	8816775
11873591	8816775
11873592	11249516
11873593	11249516
11873594	11829042
11873595	11829042
11873596	10992103
11873597	11484174
11873598	10856330
11873599	10856330
11873600	11477374
11873601	11477374
11873602	9768897
11873603	9087014
11873604	10234746
11873605	11477151
11873607	7829961
11873608	11873609
11873609	11873608
11873610	9506580
11873611	11873612
11873612	11873611
11873613	7540991
11873619	2374069
11873619	2374365
11873620	11872859
11873620	11872860
11873621	3920992
11873622	3271057
11873622	6996906
11873623	10513031
11873624	10513031
11873626	10513031
11873627	10513031
11873628	10513031
11873629	10513031
11873629	11875351
11873629	11875352
11873630	10513031
11873631	10513031
11873633	5154580
11873634	8791181
11873635	8791181
11873636	11873642
11873637	6728635
11873637	6728636
11873637	6728637
11873637	6728638
11873638	6728635
11873638	6728636
11873638	6728637
11873638	6728638
11873638	11875348
11873640	11873647
11873642	11873636
11873643	7375131
11873645	7375131
11873647	11873640
11873648	9502307
11873650	3908948
11873651	3908948
11873652	11893295
11873652	11893296
11873652	11947870
11873653	3908948
11873654	3908948
11873655	11878926
11873655	12031697
11873656	4496816
11873657	4496816
11873658	4496816
11873659	4496816
11873660	11873483
11873660	11875246
11873661	11873483
11873661	11875246
11873662	11873495
11873662	11875726
11873663	9368940
11873664	9368940
11873665	11873494
11873665	11875218
11873667	11873494
11873667	11875218
11873668	8018524
11873669	8018524
11873670	3998182
11873671	3998182
11873672	11915794
11873672	12600630
11873672	13560343
11873673	11873677
11873674	5852631
11873674	11875216
11873675	9954629
11873676	9954629
11873677	11873673
11873677	12211247
11873677	12211248
11873678	9954629
11873679	11867516
11873680	11867516
11873680	11875345
11873682	2611768
11873683	2611768
11873684	9295806
11873684	11875215
11873685	11056673
11873686	9295806
11873686	11875215
11873687	8115672
11873688	11873693
11873689	8115672
11873690	7260460
11873691	3908716
11873691	11875212
11873692	7260460
11873693	11873688
11873693	11895822
11873694	8395765
11873694	11875211
11873695	5441782
11873696	5441782
11873697	3447181
11873697	3633574
11873697	11875210
11873698	11873701
11873698	11873702
11873699	4495283
11873700	4495283
11873701	11873698
11873701	11895821
11873701	12007679
11873701	12007728
11873701	12211243
11873701	12211245
11873701	12217327
11873701	12217328
11873701	12228578
11873701	12228581
11873701	12228597
11873702	11873698
11873702	11895821
11873703	996349
11873703	10677146
11873704	3736936
11873704	11875206
11873705	3620090
11873706	3620090
11873707	3620090
11873708	3736936
11873708	11875205
11873708	11875206
11873711	3736936
11873711	11875205
11873711	11875206
11873712	10585485
11873712	10836754
11873712	11875203
11873713	10677140
11873713	13149708
11873714	3825014
11873715	2341918
11873715	3919681
11873715	10954930
11873716	1557331
11873716	10674241
11873717	2341918
11873717	3919681
11873717	10954930
11873718	2545882
11873719	10674239
11873720	2949773
11873720	3771363
11873721	3783170
11873721	11875188
11873722	11231911
11873723	10723360
11873724	5819394
11873725	9358223
11873726	9358223
11873727	9358223
11873728	9358223
11873729	9358223
11873730	9358223
11873731	9531994
11873732	9531994
11873733	1560665
11873734	2249705
11873735	2249705
11873736	2249705
11873737	2249705
11873738	2249705
11873739	2249705
11873740	2366741
11873741	2366741
11873741	13569472
11873742	2366741
11873743	2366741
11873744	4500697
11873745	4500697
11873746	4500697
11873747	4500697
11873748	4500697
11873749	4500697
11873750	4500697
11873751	4500697
11873752	2011725
11873752	11875166
11873753	4500697
11873754	4500697
11873755	4500697
11873756	4500697
11873757	2011725
11873757	11875166
11873758	4985795
11873758	8116618
11873758	12301029
11873759	4626849
11873759	8479558
11873759	8709173
11873760	5136103
11873761	5136103
11873762	1779932
11873762	1781651
11873762	1784038
11873762	1791750
11873762	1977335
11873762	2730445
11873762	2858251
11873762	3565160
11873762	4412566
11873762	8538789
11873763	5975659
11873764	5975659
11873765	6049430
11873766	6049430
11873767	6049430
11873768	8015797
11873769	8015797
11873770	8015797
11873771	7538321
11873772	7538321
11873773	7538321
11873774	9260710
11873775	9260710
11873776	9260710
11873777	9260710
11873778	9260710
11873779	9260710
11873780	9260710
11873781	9260710
11873782	9260710
11873783	9260710
11873784	9260710
11873785	9260710
11873786	9456179
11873787	9456179
11873789	9456179
11873790	9456179
11873791	9456179
11873792	9456179
11873793	1128911
11873793	1128971
11873793	1129413
11873793	11046428
11873795	10226368
11873795	11531421
11873796	806883
11873797	806883
11873798	1042693
11873799	1521776
11873800	1521776
11873801	1521776
11873802	1570767
11873802	13275571
11873803	1570767
11873803	13275569
11873804	1570767
11873805	1876966
11873806	1876966
11873807	1876966
11873808	1876966
11873809	1876966
11873810	1876966
11873811	2243526
11873812	2254983
11873813	2254983
11873814	2254983
11873815	2254983
11873816	3374736
11873817	3374736
11873818	3374736
11873819	8013156
11873820	8013156
11873821	8013156
11873822	8365406
11873823	8365406
11873824	8365406
11873825	8817881
11873826	8534658
11873827	11893302
11873827	11893303
11873828	8534658
11873829	8534658
11873831	12616659
11873831	12616660
11873831	12616661
11873834	9331483
11873835	9331483
11873836	9331483
11873837	9401904
11873838	9981686
11873839	9981686
11873840	9981686
11873841	10031282
11873842	10070714
11873842	12562943
11873843	10070714
11873843	12562943
11873844	10070714
11873844	12562943
11873845	10230734
11873846	10232929
11873847	10232929
11873848	10232929
11873849	10314863
11873850	10314863
11873851	10314863
11873852	10504205
11873853	10806899
11873853	10806900
11873854	10687877
11873855	10687877
11873856	10687877
11873857	848790
11873857	4914562
11873857	4914563
11873857	13094358
11873858	11891194
11873858	13094357
11873860	11891195
11873860	13094356
11873861	11874197
11873861	11874198
11873862	10860387
11873863	10860387
11873864	10860387
11873865	276688
11873866	276688
11873867	10688534
11873867	12723832
11873868	10688534
11873868	12723832
11873869	10808084
11873870	11874204
11873870	11874206
11873871	11874201
11873872	11710766
11873873	11710766
11873874	11710766
11873875	11212636
11873876	11874207
11873876	11874208
11873877	11212636
11873878	11873883
11873879	11212636
11873880	11874214
11873880	11874216
11873880	11874217
11873880	12337031
11873880	12337032
11873880	13217504
11873881	11212636
11873882	11874211
11873883	11873878
11873884	2195025
11873885	2195025
11873886	2195025
11873887	2195025
11873888	2195025
11873889	2195025
11873890	11873892
11873890	11873894
11873891	7956833
11873892	11873890
11873893	7218876
11873893	7218878
11873893	11874237
11873893	11874239
11873893	11874240
11873893	11874241
11873893	11874242
11873893	11874243
11873893	11969787
11873894	11873890
11873895	11874224
11873895	11874225
11873896	11874245
11873896	11874246
11873896	12350877
11873896	12350879
11873897	11874228
11873897	11874229
11873897	13135666
11873897	13135667
11873898	11874226
11873898	11874227
11873899	11874230
11873899	11874231
11873899	11947854
11873900	11874232
11873900	11874233
11873900	13634220
11873900	13634221
11873901	13066307
11873902	3058659
11873902	3058661
11873902	11874235
11873902	11874236
11873903	11874365
11873903	13337993
11873904	11874234
11873905	11874247
11873906	5263450
11873906	11874545
11873906	11874546
11873906	11962691
11873907	11883748
11873907	11883749
11873908	11893312
11873909	11874547
11873909	11874548
11873910	11874248
11873910	11874249
11873911	11874250
11873911	12236192
11873911	13026009
11873911	13026010
11873912	11874251
11873912	11874252
11873912	11947872
11873913	11874253
11873913	11874254
11873914	11874255
11873914	11874256
11873916	11874549
11873916	11874550
11873917	11874257
11873918	11891196
11873918	13094355
11873919	11874258
11873919	11874259
11873919	11874260
11873919	11947873
11873920	11874261
11873920	11874262
11873921	11883750
11873921	11883751
11873923	11874263
11873923	11878925
11873923	13265691
11873924	11874264
11873924	11874265
11873925	10204522
11873925	10204523
11873926	10881487
11873928	10918705
11873929	11201332
11873930	11212168
11873931	12595325
11873932	11599301
11873933	11874266
11873934	11717917
11873935	11711126
11873936	11874267
11873936	11874268
11873937	11753911
11873938	11785160
11873939	13246242
11873940	8314439
11873941	8314439
11873942	8720779
11873942	11874269
11873943	11874374
11873943	12150966
11873944	4267359
11873944	5574942
11873944	5575198
11873944	5575209
11873944	5575213
11873944	5575598
11873944	5576117
11873944	5576118
11873944	6888423
11873944	12356374
11873944	12356376
11873944	12356377
11873944	12356379
11873944	12356380
11873944	12356381
11873944	12516485
11873945	11628372
11873946	11874270
11873946	11874271
11873946	12287398
11873946	12287399
11873947	8349386
11873948	10860321
11873949	8550154
11873950	10090012
11873950	10111992
11873952	11874272
11873953	11624632
11873954	11874273
11873954	13629996
11873955	11624632
11873956	11874274
11873956	13018910
11873956	13018918
11873957	11624632
11873958	11693122
11873959	8792593
11873960	11874551
11873960	11874552
11873960	12592198
11873961	9076233
11873962	9076233
11873963	11874318
11873963	11874319
11873964	9076233
11873965	10092166
11873968	11874275
11873968	11874276
11873969	11874277
11873969	11874278
11873970	2921587
11873970	2921589
11873970	11874298
11873970	11874299
11873971	11874297
11873972	11874289
11873972	11874290
11873973	13833880
11873973	13836366
11873974	11874320
11873975	11874282
11873976	11874287
11873976	11874288
11873977	11874322
11873977	11874323
11873977	11874326
11873977	11874327
11873978	4071591
11873978	11874329
11873980	11874284
11873980	11874286
11873980	12614106
11873981	11874302
11873981	11874303
11873983	11874377
11873985	2649594
11873985	12180086
11873987	2951561
11873988	11891250
11873988	11891251
11873988	11891253
11873988	11891254
11873988	11981430
11873988	11987468
11873988	11987469
11873989	11874304
11873989	11874305
11873989	13109850
11873989	13109927
11873992	8589770
11873993	11874378
11873995	11874306
11873995	11874307
11873997	4583266
11873997	11874272
11873998	12584948
11873999	11874334
11874000	11874316
11874000	11874317
11874001	11874331
11874001	11874332
11874002	1446231
11874002	2822083
11874002	2822085
11874002	6362674
11874002	6362675
11874002	6362676
11874002	11875946
11874002	12804042
11874003	11874336
11874003	11874337
11874004	12685030
11874005	6246833
11874005	12071216
11874006	11874338
11874006	11874339
11874007	12598248
11874008	11874308
11874008	11874309
11874010	11874345
11874011	11874347
11874011	11874348
11874011	11876666
11874012	11548096
11874013	11874183
11874013	11874184
11874013	11874313
11874013	11874314
11874014	11874310
11874014	11874311
11874015	11874370
11874015	11874371
11874016	11874349
11874016	11874350
11874017	3594082
11874018	11874554
11874019	12678384
11874019	12678385
11874020	11874351
11874020	13840106
11874022	11878924
11874023	11874355
11874023	12422460
11874023	12422461
11874024	11874352
11874024	11874353
11874025	11874354
11874027	11874553
11874028	11874556
11874028	11874557
11874029	11874558
11874029	11874559
11874030	11874561
11874030	11874562
11874031	11874563
11874031	11874564
11874032	11874565
11874034	12668712
11874036	12591772
11874037	12592572
11874040	11883808
11874040	11883809
11874040	12591814
11874040	12591815
11874040	12591816
11874041	11874640
11874041	11874641
11874041	12596010
11874044	11883755
11874044	11883756
11874049	2348402
11874053	11874668
11874054	11874669
11874054	11893314
11874056	11874670
11874056	11874671
11874056	12071215
11874057	11883757
11874057	11883758
11874058	12947704
11874060	11883759
11874060	11883760
11874061	10619562
11874064	11874664
11874064	12179052
11874064	13713763
11874065	11874666
11874065	13833875
11874067	11874667
11874068	11874127
11874069	12326305
11874069	13624951
11874073	11874672
11874073	11874673
11874073	13069859
11874074	11874675
11874074	11874676
11874077	11874678
11874078	10006164
11874083	11883761
11874083	11883762
11874085	12537383
11874086	12274886
11874087	11874128
11874088	10387109
11874088	10387122
11874088	11538505
11874090	6069159
11874090	11875138
11874091	10521215
11874091	13779069
11874091	13779070
11874092	6069159
11874092	11875137
11874095	3917906
11874095	11875126
11874096	3917906
11874096	11875126
11874097	11874115
11874097	11874116
11874099	5850825
11874099	9466688
11874100	11874127
11874101	11883867
11874101	11883868
11874101	12024667
11874103	7514159
11874103	11875099
11874104	10619545
11874105	11860763
11874106	10619482
11874106	10619486
11874107	7514159
11874107	11875099
11874108	11234775
11874108	11875089
11874111	7544606
11874111	11875072
11874112	8993988
11874112	11875056
11874114	11874117
11874115	3393170
11874115	6656483
11874115	11874097
11874116	3393170
11874116	6656483
11874116	11874097
11874117	11874114
11874118	11874119
11874118	11874120
11874118	11874122
11874119	11874118
11874120	11874118
11874122	11874118
11874123	8660940
11874123	9727633
11874125	7922844
11874126	9822328
11874126	10005763
11874127	11874068
11874127	11874100
11874128	11874087
11874128	12052105
11874128	12052106
11874129	6912081
11874129	10301727
11874130	4397855
11874131	11874679
11874131	12287683
11874131	12287820
11874132	11874680
11874133	2248259
11874134	7307140
11874134	7318645
11874136	3737637
11874136	5852983
11874137	3737637
11874137	5852983
11874138	5000002
11874138	5649520
11874139	5000002
11874139	5649520
11874140	1135711
11874142	4850056
11874143	4850056
11874144	6569123
11874144	11875051
11874144	11875053
11874145	5166511
11874146	5423322
11874147	6569123
11874147	11875051
11874147	11875053
11874148	5423322
11874150	5423322
11874151	5423322
11874152	5840016
11874153	5840016
11874154	5840016
11874155	5840216
11874156	5840216
11874157	5852983
11874158	5852983
11874159	9448014
11874159	11875042
11874159	12210881
11874160	5858436
11874160	12381175
11874161	5858436
11874161	12381175
11874162	11874168
11874163	5958399
11874164	9448014
11874164	11875042
11874164	12210881
11874165	7509484
11874165	7513378
11874165	11214781
11874165	11874238
11874165	11874291
11874166	948387
11874166	5395777
11874167	5975502
11874168	11874162
11874169	6274781
11874170	6976553
11874171	6976553
11874172	4071591
11874173	6976553
11874175	6976553
11874176	6009127
11874176	11307898
11874176	11874193
11874176	11874205
11874176	11874212
11874177	11874681
11874177	11874682
11874177	11874683
11874177	11874684
11874178	7538489
11874179	7538489
11874180	7733707
11874181	11878922
11874182	7733707
11874183	7966966
11874183	11874013
11874184	7966966
11874184	11874013
11874185	9072292
11874187	9073617
11874188	9073617
11874189	10317504
11874189	10317505
11874189	10317507
11874189	10317824
11874190	10317708
11874191	2005179
11874191	10031922
11874192	11445476
11874193	11874176
11874194	11445506
11874195	11445506
11874196	11635910
11874197	11873861
11874198	11873861
11874199	2111367
11874200	11878923
11874200	11883763
11874200	11883764
11874201	5859519
11874201	11873871
11874203	2774739
11874203	8475492
11874204	11873870
11874205	6009127
11874205	11874176
11874205	11874392
11874206	11873870
11874207	11873876
11874208	11873876
11874209	8450383
11874210	8450383
11874211	11873882
11874212	6009127
11874212	11874176
11874212	11874392
11874213	11874223
11874214	11873880
11874215	5395777
11874216	11873880
11874217	11873880
11874217	12143949
11874219	11883892
11874219	11883893
11874220	11874685
11874220	11874686
11874223	11874213
11874224	11873895
11874225	11873895
11874226	11873898
11874227	11873898
11874228	11873897
11874229	11873897
11874230	11873899
11874231	11873899
11874232	11873900
11874233	11873900
11874234	11873904
11874234	11874750
11874235	11873902
11874236	11873902
11874237	11873893
11874238	11874165
11874239	11873893
11874240	11873893
11874241	11873893
11874242	11873893
11874243	11873893
11874244	11874279
11874244	11874281
11874245	11873896
11874246	11873896
11874247	11873905
11874248	11873910
11874249	11873910
11874250	11873911
11874250	13026009
11874250	13026010
11874251	11873912
11874252	11873912
11874253	11873913
11874254	11873913
11874255	11873914
11874256	11873914
11874257	11873917
11874258	11873919
11874259	11873919
11874260	11873919
11874261	11873920
11874262	11873920
11874263	11873923
11874264	11873924
11874265	11873924
11874266	11873933
11874267	11873936
11874268	11873936
11874269	11873942
11874270	11873946
11874270	12287398
11874270	12287399
11874271	11873946
11874271	12287398
11874271	12287399
11874272	11873952
11874272	11873997
11874273	11873954
11874274	11873956
11874275	11873968
11874276	11873968
11874277	11873969
11874278	11873969
11874279	11874244
11874280	11874292
11874280	11874294
11874281	11874244
11874282	11873975
11874284	11873980
11874285	11874293
11874286	11873980
11874287	11873976
11874288	11873976
11874289	11873972
11874290	11873972
11874291	11874165
11874292	11874280
11874293	11874285
11874294	11874280
11874295	11891244
11874295	11891245
11874295	13270121
11874296	11891247
11874296	11891249
11874297	2547119
11874297	11873971
11874298	11873970
11874299	11873970
11874301	11874315
11874301	11891256
11874301	11891258
11874302	11873981
11874303	11873981
11874304	11873989
11874304	13109850
11874304	13109927
11874305	11873989
11874305	13109927
11874306	11873995
11874307	11873995
11874308	11874008
11874309	11874008
11874310	11874014
11874311	11874014
11874312	7509484
11874313	11874013
11874314	11874013
11874315	11874301
11874316	11874000
11874317	11874000
11874318	11873963
11874319	11873963
11874320	11873974
11874321	11874324
11874322	11873977
11874323	11873977
11874324	11874321
11874325	11883769
11874325	11883770
11874325	11883771
11874325	11883772
11874326	11873977
11874327	11873977
11874328	11883765
11874328	11883766
11874328	11883767
11874328	11883768
11874329	11873978
11874331	11874001
11874332	11874001
11874333	11874340
11874333	11874341
11874333	11874342
11874333	11874344
11874334	11873999
11874336	11874003
11874337	11874003
11874338	11874006
11874339	11874006
11874340	11874333
11874341	11874333
11874342	11874333
11874344	11874333
11874345	11874010
11874346	11878921
11874346	11883869
11874347	11874011
11874348	11874011
11874349	11874016
11874350	11874016
11874351	11874020
11874352	11874024
11874353	11874024
11874354	11874025
11874355	11874023
11874356	1475877
11874357	1475877
11874358	11874366
11874358	13423396
11874359	32628
11874360	11874367
11874360	12049397
11874362	11874368
11874363	10619443
11874364	10619437
11874364	10619465
11874364	10619474
11874365	11873903
11874366	11874358
11874367	11874360
11874368	11874362
11874369	10619427
11874370	11874015
11874371	11874015
11874372	11874375
11874373	10619427
11874374	11873943
11874374	12150966
11874375	11874372
11874377	11873983
11874378	11873993
11874379	11874380
11874379	11874381
11874380	11874379
11874381	11874379
11874382	2548205
11874382	11069637
11874383	2548205
11874383	11069637
11874385	2548205
11874385	11069637
11874386	2548206
11874387	2548206
11874389	11874687
11874389	11874688
11874389	13033751
11874390	11883773
11874392	6009127
11874392	11874205
11874392	11874212
11874393	11872734
11874394	11874689
11874395	11883774
11874395	11883775
11874396	11883776
11874397	7732546
11874397	7732553
11874397	11521977
11874397	11521985
11874398	13041519
11874399	11883870
11874399	11883871
11874401	6342581
11874401	7214716
11874401	11344289
11874402	12040505
11874411	12399073
11874412	11879102
11874412	11894488
11874412	12258402
11874412	12258403
11874412	13005624
11874414	11872807
11874415	12240877
11874415	12246181
11874415	12246182
11874416	11891404
11874416	11891405
11874418	11925053
11874418	11925054
11874419	11874420
11874420	11874419
11874423	11875019
11874423	11875028
11874424	8791152
11874424	11918233
11874427	8791181
11874429	12584333
11874430	7376448
11874431	11891407
11874432	11874439
11874432	11874442
11874432	11891408
11874433	2126679
11874434	11891255
11874435	245638
11874435	401770
11874435	487279
11874436	11891409
11874436	11891410
11874439	11874432
11874442	11874432
11874443	11891260
11874444	11891412
11874444	11891413
11874445	12304975
11874446	6151899
11874446	12407298
11874448	12388584
11874452	13595862
11874454	11891414
11874454	13301194
11874454	13301195
11874455	13559349
11874458	13064468
11874460	11891416
11874461	13330042
11874463	36258
11874463	1187077
11874463	1187227
11874465	36258
11874465	1187078
11874465	1187226
11874466	36258
11874466	1187077
11874466	1187227
11874467	36258
11874467	1187078
11874467	1187226
11874468	36258
11874468	1187077
11874468	13560008
11874469	36258
11874469	1187077
11874470	11874471
11874470	12796782
11874471	11874470
11874476	11874477
11874477	11874476
11874478	11975046
11874478	13452963
11874478	13452964
11874478	13452965
11874479	1798311
11874480	4772979
11874481	11874482
11874482	11874481
11874483	11874484
11874483	11874485
11874483	11874517
11874483	11874520
11874483	11874521
11874483	11874524
11874484	11874483
11874485	11874483
11874486	11874487
11874487	11874486
11874488	11874489
11874489	11874488
11874491	11874492
11874492	11874491
11874493	7766368
11874493	12603399
11874493	12603400
11874493	12603401
11874493	12603403
11874493	12603404
11874493	13320907
11874494	5821812
11874495	3724086
11874496	3734015
11874497	3734015
11874498	3737242
11874499	5186994
11874499	12965169
11874499	13100835
11874500	5186994
11874501	5254963
11874502	5254963
11874503	5263424
11874504	5264262
11874505	5738127
11874506	5859318
11874506	6220384
11874507	5859318
11874507	6220384
11874508	5859319
11874508	9082393
11874509	5859319
11874509	9082393
11874510	5859521
11874510	5885594
11874511	5916187
11874512	5938451
11874513	5958407
11874514	5958407
11874515	5975498
11874516	5975498
11874517	11874483
11874518	5975506
11874519	5975506
11874520	11874483
11874521	11874483
11874522	6273443
11874522	6354357
11874523	6273443
11874523	6354357
11874524	11874483
11874525	7114138
11874526	7114138
11874527	7157167
11874527	10204849
11874527	12712942
11874528	7733624
11874529	7733624
11874530	8200727
11874531	8200727
11874532	8200728
11874532	8200729
11874533	8200728
11874533	8200729
11874534	8407367
11874535	8871950
11874536	9071558
11874537	9083733
11874538	9083733
11874539	9084114
11874540	9084114
11874541	9084462
11874542	9483713
11874543	10140855
11874544	10140855
11874545	11873906
11874546	11873906
11874547	11873909
11874548	11873909
11874549	11873916
11874550	11873916
11874551	11873960
11874552	11873960
11874553	11874027
11874554	11874018
11874555	11874560
11874556	11874028
11874557	11874028
11874558	11874029
11874559	11874029
11874560	11874555
11874561	11874030
11874562	11874030
11874563	11874031
11874564	11874031
11874565	11874032
11874566	3724150
11874567	3724150
11874568	3727354
11874569	3735069
11874570	3736876
11874571	256949
11874571	958676
11874571	966463
11874571	1089933
11874572	3736876
11874573	3736876
11874574	3920547
11874575	3920547
11874576	3920547
11874577	3920547
11874579	5747186
11874580	5916812
11874581	5916812
11874582	6254943
11874583	6352950
11874584	6353700
11874585	6353700
11874586	6601156
11874587	6687210
11874588	6687210
11874589	6814215
11874589	6814282
11874590	6814215
11874590	6814282
11874591	6814296
11874592	6814296
11874593	6849391
11874593	6849593
11874594	6849391
11874594	13462872
11874595	253708
11874595	6873140
11874596	253708
11874596	6873140
11874597	253708
11874597	6873140
11874598	253708
11874598	6873140
11874599	6958610
11874600	6958610
11874601	7157175
11874602	7157175
11874603	8689560
11874604	11874606
11874605	7157183
11874606	11874604
11874607	7860610
11874608	8200765
11874608	8200766
11874608	8200767
11874609	2195027
11874610	2195027
11874611	2195027
11874612	2195027
11874613	2195027
11874614	2195027
11874615	2210857
11874616	2210857
11874617	2210857
11874618	2271369
11874619	2271369
11874620	2271369
11874621	2273968
11874622	2273968
11874623	2273968
11874624	2126918
11874624	4776538
11874625	2126907
11874625	2803237
11874625	3773880
11874626	2126920
11874627	2126930
11874627	4776539
11874628	2126933
11874629	2126946
11874630	2126960
11874630	2803237
11874630	3773881
11874631	8212352
11874632	2126976
11874632	2126981
11874632	3773881
11874633	8212374
11874634	8212376
11874635	8212376
11874635	8212378
11874635	8212379
11874636	8212376
11874637	8912791
11874638	9072424
11874639	9072424
11874640	9073265
11874640	11874041
11874641	9073265
11874641	11874041
11874642	9084295
11874643	9084295
11874644	9083291
11874645	9558538
11874645	11874659
11874645	11874714
11874645	13560030
11874646	9082559
11874647	9082559
11874648	9558538
11874648	11874658
11874649	9136217
11874650	9201546
11874651	10121505
11874652	10987482
11874653	13673591
11874654	11874655
11874655	11874654
11874656	9373270
11874657	9840261
11874657	9840263
11874658	11874648
11874659	11874645
11874661	1832125
11874661	1832543
11874663	12060850
11874663	12060851
11874664	11874064
11874665	8545693
11874665	8546908
11874665	8546914
11874666	11874065
11874667	11874067
11874668	11874053
11874669	11874054
11874670	11874056
11874671	11874056
11874672	11874073
11874673	11874073
11874674	13413793
11874675	11874074
11874676	11874074
11874677	4479520
11874677	11904326
11874678	11874077
11874679	11874131
11874679	12287683
11874680	11874132
11874681	11874177
11874682	11874177
11874683	11874177
11874684	11874177
11874685	11874220
11874686	11874220
11874687	11874389
11874687	13033751
11874688	11874389
11874688	13033751
11874689	11874394
11874690	2541790
11874691	2541791
11874692	2541791
11874693	12820866
11874693	12820958
11874694	2541792
11874695	2542909
11874696	2542909
11874697	2542909
11874698	2541794
11874698	2542910
11874699	2545289
11874700	2545289
11874701	3522027
11874702	3522027
11874703	3729878
11874704	3729878
11874705	276354
11874705	12309131
11874706	4507470
11874707	4507470
11874708	5287287
11874708	11874716
11874708	11874719
11874709	5244070
11874710	5244070
11874711	432419
11874711	432440
11874711	577044
11874711	1019693
11874711	11674808
11874712	11874713
11874712	12866613
11874713	11874712
11874714	11874645
11874715	3146093
11874716	5287287
11874716	10663874
11874716	11874708
11874717	4218868
11874717	5579998
11874718	4218868
11874718	5579998
11874719	5287287
11874719	10663874
11874719	11874708
11874720	5579998
11874721	5579998
11874722	11874862
11874723	9999699
11874723	13176960
11874723	13625838
11874724	9999699
11874725	13059720
11874726	11874731
11874726	11933025
11874727	11874729
11874727	11874731
11874727	11933025
11874729	11874727
11874730	11874732
11874730	11874733
11874730	11874734
11874731	11874726
11874731	11874727
11874731	11933025
11874731	12007677
11874732	11874730
11874733	11874730
11874733	11874737
11874734	11874730
11874735	678329
11874735	842938
11874736	842938
11874737	11874733
11874740	11565173
11874740	11874746
11874741	11701575
11874742	11701575
11874743	11565173
11874743	11874746
11874744	11565173
11874745	7355742
11874746	11565173
11874746	11874740
11874746	11874743
11874747	9975291
11874750	11874234
11874753	13409369
11874753	13409371
11874759	9650966
11874760	9650966
11874766	327766
11874766	6285939
11874767	327766
11874767	6285938
11874768	1688911
11874769	1688911
11874770	10943993
11874771	10460507
11874771	10460509
11874771	11790910
11874771	12951426
11874772	10958104
11874773	10838819
11874773	12268005
11874774	8990071
11874774	13005864
11874775	7397593
11874776	10255538
11874777	1686441
11874777	11874859
11874778	1949072
11874778	7245989
11874779	10943558
11874780	2910340
11874782	10943320
11874782	10943531
11874782	13051356
11874783	804362
11874783	804405
11874783	12803819
11874785	10946499
11874786	10946499
11874788	2662217
11874789	9212479
11874790	4397462
11874791	9295821
11874792	9295821
11874793	8763393
11874794	7333828
11874795	10943264
11874796	2824495
11874797	368551
11874798	4736707
11874799	10941099
11874800	7245151
11874801	10269887
11874801	11874852
11874802	5150932
11874803	1979669
11874804	1865912
11874805	10946486
11874806	11873365
11874807	11874808
11874808	11874807
11874809	8095341
11874810	5518716
11874810	5622947
11874810	6611271
11874811	6824024
11874812	7736106
11874812	13319270
11874814	4666115
11874815	71928
11874815	459668
11874815	11873508
11874817	6525606
11874817	6525607
11874822	11874824
11874824	11874822
11874828	13298020
11874828	13298021
11874828	13298022
11874829	12660088
11874829	12660612
11874829	12660613
11874829	12660614
11874829	13298020
11874829	13298021
11874829	13298022
11874830	12615724
11874841	2718554
11874841	2718985
11874841	6869024
11874841	8392307
11874841	12949506
11874843	12423548
11874843	12423549
11874852	11874801
11874853	11874861
11874858	13498843
11874859	11874777
11874861	11874853
11874861	12870808
11874862	11874722
11874866	12174107
11874866	12239919
11874866	12970625
11874866	12970626
11874866	12970627
11874866	12970628
11874873	11874875
11874875	11874873
11874876	10824112
11874876	12778689
11874877	7027535
11874879	9040239
11874880	9399010
11874883	11298664
11874884	11996724
11874888	7706894
11874888	7706930
11874888	9177446
11874888	13137626
11874889	9225070
11874890	3211638
11874890	11867718
11874890	12544607
11874891	11874892
11874891	11874995
11874892	11874891
11874893	11337447
11874897	9062573
11874898	789910
11874898	789914
11874898	791288
11874898	843356
11874898	843357
11874898	843358
11874898	843359
11874898	843360
11874898	857544
11874898	857545
11874898	897664
11874898	997073
11874898	1002003
11874898	1003649
11874898	1006830
11874898	1018066
11874898	1018068
11874898	1479447
11874898	1502312
11874898	1503126
11874898	1563615
11874898	1995922
11874898	2000413
11874898	2008466
11874898	2024881
11874898	2032964
11874898	2981794
11874898	3152664
11874898	3152666
11874898	3664037
11874898	6081447
11874898	6081448
11874898	6568192
11874898	6813690
11874898	7876583
11874898	7994061
11874898	7994062
11874898	8466527
11874898	8503173
11874898	8649311
11874898	8747418
11874898	8812079
11874898	8812080
11874898	8812082
11874898	11460923
11874898	12514352
11874898	13461336
11874899	10695774
11874899	10696156
11874899	10696349
11874899	10696454
11874899	10696457
11874899	10696876
11874899	10698101
11874899	10701681
11874899	10701682
11874899	11654389
11874899	11878588
11874899	11878589
11874899	11878590
11874899	11878591
11874899	11957898
11874899	11957899
11874899	11957901
11874899	11957902
11874899	11957910
11874899	11972373
11874899	12047329
11874899	12218986
11874899	12240231
11874899	12261759
11874899	12261837
11874899	12387327
11874899	13016563
11874899	13032180
11874900	9219689
11874902	10696157
11874902	10696348
11874902	10696452
11874902	10696879
11874902	10696882
11874902	10697255
11874902	10697377
11874902	10698024
11874902	10698435
11874902	10698439
11874902	10698656
11874902	10723866
11874902	11878592
11874902	11878593
11874902	11878594
11874902	12782810
11874904	11317245
11874906	11874910
11874908	11286572
11874908	12441611
11874909	10696161
11874909	10697881
11874909	12020149
11874910	11874906
11874911	12029100
11874914	11313123
11874915	9196223
11874916	9218389
11874916	12109652
11874917	10696577
11874917	10696579
11874917	10696600
11874917	10696601
11874917	10696728
11874917	10696729
11874917	10696730
11874917	10696731
11874917	10696848
11874917	10696921
11874917	10697376
11874917	10697889
11874917	10723860
11874917	10723861
11874917	10785583
11874917	11064124
11874917	11469916
11874917	11469918
11874917	12213219
11874917	12213220
11874917	12432507
11874917	12970578
11874918	10701249
11874918	10701408
11874918	10701409
11874918	10705569
11874919	10702120
11874919	10702388
11874919	10702498
11874919	10703559
11874919	10739273
11874919	12020147
11874920	3173390
11874920	3261780
11874920	8379071
11874920	11406132
11874920	11406142
11874920	12026462
11874920	12026463
11874921	8136509
11874922	9976998
11874922	10698977
11874922	11874924
11874922	11874926
11874922	11874927
11874922	11874928
11874922	11874932
11874922	11874941
11874922	11874944
11874922	11874946
11874922	11875379
11874922	12772323
11874922	12772324
11874923	11874925
11874924	9977002
11874924	9977115
11874924	9990957
11874924	10024984
11874924	10233669
11874924	10698974
11874924	10698977
11874924	10698985
11874924	11874922
11874924	11874927
11874924	11874928
11874924	11874932
11874924	11874941
11874924	11874944
11874924	11874946
11874924	11875365
11874924	11875379
11874924	13063146
11874924	13063147
11874924	13063148
11874924	13063150
11874925	11874923
11874926	9977002
11874926	9977115
11874926	9990957
11874926	10024984
11874926	10233669
11874926	10698974
11874926	10698977
11874926	10698985
11874926	11874922
11874926	11874927
11874926	11874928
11874926	11874932
11874926	11874941
11874926	11874944
11874926	11874946
11874926	11875365
11874926	11875379
11874927	11874922
11874927	11874924
11874927	11874926
11874927	11874928
11874927	11874932
11874927	11874941
11874927	11874944
11874927	11875365
11874928	11874922
11874928	11874924
11874928	11874926
11874928	11874927
11874928	11874929
11874928	11874930
11874928	11874932
11874928	11874941
11874928	11874944
11874928	11875365
11874928	12772323
11874928	12772324
11874929	11874928
11874929	11874930
11874929	11874941
11874930	11874928
11874930	11874929
11874930	11874941
11874932	9977002
11874932	9977115
11874932	9990957
11874932	10024984
11874932	10233669
11874932	10698974
11874932	10698977
11874932	10698985
11874932	11874922
11874932	11874924
11874932	11874926
11874932	11874927
11874932	11874928
11874932	11874941
11874932	11874944
11874932	11874946
11874932	11875310
11874932	11875365
11874932	12772322
11874932	12772323
11874932	12772324
11874932	13099699
11874933	4208910
11874933	4713839
11874933	11874951
11874933	11877526
11874935	4225667
11874935	4225669
11874935	4225670
11874937	13248112
11874937	13248114
11874937	13248115
11874941	9977002
11874941	9977115
11874941	9990957
11874941	10024984
11874941	10233669
11874941	10698974
11874941	10698977
11874941	10698985
11874941	11874922
11874941	11874924
11874941	11874926
11874941	11874927
11874941	11874928
11874941	11874929
11874941	11874930
11874941	11874932
11874941	11874946
11874941	11875365
11874942	12591581
11874942	12591582
11874942	12591583
11874944	9976998
11874944	9977002
11874944	9977113
11874944	9977115
11874944	9990957
11874944	10024984
11874944	10233669
11874944	10698974
11874944	10698977
11874944	10698985
11874944	11874922
11874944	11874924
11874944	11874926
11874944	11874927
11874944	11874928
11874944	11874932
11874944	11874946
11874944	11875310
11874944	11875365
11874944	12772322
11874944	12772323
11874944	12772324
11874944	13099699
11874945	12683815
11874945	12683816
11874945	12683817
11874945	12683818
11874945	12683819
11874945	12683820
11874946	9977002
11874946	9977115
11874946	9990957
11874946	10024984
11874946	10233669
11874946	10698974
11874946	10698977
11874946	10698985
11874946	11874922
11874946	11874924
11874946	11874926
11874946	11874932
11874946	11874941
11874946	11874944
11874946	11875365
11874947	12683646
11874947	12683647
11874947	12683648
11874948	11874949
11874949	11874948
11874950	4208910
11874950	4713839
11874950	11874951
11874950	11877526
11874951	4208910
11874951	4713839
11874951	7752666
11874951	11874933
11874951	11874950
11874951	11877526
11874953	12069293
11874953	13774384
11874953	13774385
11874953	13774386
11874954	12153011
11874958	13411601
11874962	12684898
11874962	12684899
11874962	12684900
11874964	12545774
11874965	11984579
11874965	12519920
11874967	13237569
11874967	13237572
11874971	13543170
11874975	13237565
11874975	13237566
11874975	13237567
11874981	11901835
11874983	12902921
11874986	11925195
11874990	13393371
11874991	12075087
11874994	12423485
11874995	11874891
11874997	10261169
11875000	12314964
11875000	12314967
11875000	12655895
11875001	12875894
11875003	12457870
11875010	11924832
11875012	12556301
11875013	11875017
11875014	12875896
11875017	11875013
11875019	11874423
11875023	12590795
11875023	12590796
11875024	11970074
11875024	11970075
11875025	12589925
11875025	12589926
11875025	12902923
11875028	11874423
11875030	11985810
11875031	12105473
11875038	12708986
11875038	12902926
11875038	13668201
11875042	11874159
11875042	11874164
11875045	11969262
11875046	2317091
11875048	12518367
11875051	3836995
11875051	6359789
11875051	11874144
11875051	11874147
11875051	11885374
11875053	6359788
11875053	6359790
11875053	11874144
11875053	11874147
11875053	11885373
11875056	11874112
11875056	12896511
11875066	7322430
11875066	11226207
11875066	12756625
11875072	11874111
11875073	13094617
11875074	3278605
11875074	13791893
11875075	12660827
11875075	12660828
11875075	12660829
11875077	12902928
11875078	11866150
11875079	12902929
11875080	12729969
11875080	12729970
11875080	12902930
11875082	13078595
11875082	13078596
11875082	13078597
11875084	11866149
11875087	12511662
11875089	11234775
11875089	11874108
11875090	12518368
11875091	12898366
11875093	12534691
11875094	13185968
11875096	12155131
11875096	12155132
11875099	11874103
11875099	11874107
11875099	12995969
11875103	12097026
11875104	12411092
11875104	12822729
11875105	13295719
11875106	12902931
11875106	13175364
11875114	11857195
11875115	12541306
11875115	12541307
11875119	12606866
11875119	12606867
11875119	12606868
11875119	13298019
11875121	12075282
11875122	12363770
11875123	11855949
11875126	11874095
11875126	11874096
11875126	12734516
11875128	11855944
11875129	12184866
11875129	12902932
11875129	13663564
11875129	13663565
11875133	11855940
11875133	11855942
11875133	12935052
11875135	11855938
11875135	11855939
11875135	12831031
11875135	12831032
11875135	12831077
11875137	11874092
11875138	11874090
11875140	9472264
11875140	11813668
11875141	11855935
11875141	11938685
11875142	11891285
11875142	11891287
11875142	11891288
11875142	11891289
11875142	11891291
11875142	11891292
11875144	11891261
11875144	11891262
11875144	12597915
11875144	12597916
11875147	11855917
11875152	11855909
11875153	12885702
11875156	12685293
11875162	11847768
11875164	11910925
11875166	4930926
11875166	11873752
11875166	11873757
11875167	2043312
11875175	12183274
11875179	3392933
11875179	4454125
11875179	11875523
11875183	11845743
11875188	11873721
11875189	12586687
11875189	12879125
11875190	12902934
11875191	13443715
11875191	13443716
11875198	12758728
11875203	11873712
11875204	4290610
11875204	11871416
11875205	4120086
11875205	11873708
11875205	11873711
11875206	11351348
11875206	11873704
11875206	11873708
11875206	11873711
11875207	8475693
11875208	8475693
11875209	5913177
11875209	5913179
11875209	5914046
11875210	11873697
11875211	4547444
11875211	11789819
11875211	11873694
11875211	13655691
11875211	13655693
11875212	11873691
11875213	6049015
11875213	13372743
11875214	4016353
11875214	13625847
11875215	11873684
11875215	11873686
11875216	11873674
11875216	12734758
11875218	11873665
11875218	11873667
11875218	12725505
11875219	12200439
11875220	12502273
11875220	13388521
11875220	13388522
11875221	5758384
11875222	1527339
11875222	2734310
11875222	11878920
11875224	5758384
11875226	13421552
11875228	1381077
11875233	12781640
11875234	11875235
11875235	11875234
11875240	11878918
11875241	11878919
11875244	8398755
11875245	8254435
11875246	11873660
11875246	11873661
11875247	8792074
11875248	5640496
11875248	7531009
11875248	7923493
11875248	8921249
11875248	10236423
11875249	6287054
11875250	11873469
11875251	1961781
11875252	11873469
11875253	9152224
11875254	11875256
11875255	2359650
11875255	4875411
11875256	11875254
11875257	6267468
11875258	3728920
11875259	3728920
11875260	5158651
11875260	5167895
11875260	5741780
11875260	13303615
11875260	13303617
11875260	13424120
11875260	13424121
11875260	13424122
11875261	11875264
11875262	2251266
11875263	2290298
11875264	11875261
11875265	12491597
11875265	12491598
11875266	11872781
11875270	11872781
11875271	11872780
11875272	2249053
11875273	11875362
11875274	10508270
11875280	12711850
11875280	13578138
11875280	13695042
11875280	13695043
11875281	13578136
11875283	3735233
11875286	12741122
11875287	2241024
11875295	12585929
11875301	9195097
11875302	6344505
11875303	9421844
11875304	11877950
11875305	4166863
11875306	9733026
11875307	2707403
11875308	3910873
11875309	9976998
11875309	9976999
11875309	9977000
11875309	9977001
11875309	9977003
11875309	9977113
11875309	9977114
11875309	9977116
11875309	9990956
11875309	10024985
11875309	10233670
11875309	10695907
11875309	10697186
11875309	10697187
11875309	10702256
11875309	11875310
11875309	11875311
11875309	12772322
11875309	12772323
11875309	12772324
11875309	13099699
11875310	9976999
11875310	9977000
11875310	9977001
11875310	9977002
11875310	9977003
11875310	9977114
11875310	9977115
11875310	9990956
11875310	9990957
11875310	10024984
11875310	10024985
11875310	10233669
11875310	10233670
11875310	10695907
11875310	10697187
11875310	10698974
11875310	10698977
11875310	11874932
11875310	11874944
11875310	11875309
11875310	11875311
11875310	11875365
11875310	11875368
11875310	11875371
11875310	11875379
11875310	11875381
11875310	12357993
11875310	12357994
11875310	12723891
11875310	12772322
11875310	12772323
11875310	12772324
11875310	13099699
11875311	9976999
11875311	9977000
11875311	9977001
11875311	9977003
11875311	9977114
11875311	9990956
11875311	10024985
11875311	10233670
11875311	10695907
11875311	10697187
11875311	11875309
11875311	11875310
11875311	11875371
11875311	12772322
11875311	12772323
11875311	12772324
11875311	13099699
11875312	5357273
11875312	8014427
11875312	8761753
11875313	9974261
11875314	9628688
11875315	9056409
11875316	6285289
11875316	9684696
11875318	11877943
11875318	13245391
11875320	2250015
11875321	10713642
11875322	11875323
11875322	11875326
11875322	11875328
11875322	11875331
11875323	11875322
11875323	11875326
11875323	11875328
11875324	7465945
11875325	8040672
11875325	8155192
11875326	11875322
11875326	11875323
11875326	11875328
11875327	10087753
11875328	11875322
11875328	11875323
11875328	11875326
11875329	6269897
11875330	6269897
11875331	11875322
11875332	261665
11875333	260454
11875334	264705
11875335	264344
11875336	260055
11875337	311482
11875338	311483
11875340	264314
11875341	11875342
11875342	11875341
11875343	263992
11875344	11872105
11875345	11873680
11875346	11865529
11875347	11872710
11875347	11875485
11875347	11875502
11875348	11873638
11875349	11872710
11875350	11875353
11875351	11873629
11875352	11873629
11875353	11875350
11875354	11875355
11875355	11875354
11875356	11875357
11875357	3523973
11875357	11875356
11875358	977347
11875358	11875456
11875358	11875457
11875360	7571099
11875361	4563951
11875362	11875273
11875363	2389512
11875365	9977002
11875365	9977115
11875365	9977116
11875365	9990957
11875365	10024984
11875365	10233669
11875365	10698974
11875365	10698977
11875365	11874924
11875365	11874926
11875365	11874927
11875365	11874928
11875365	11874932
11875365	11874941
11875365	11874944
11875365	11874946
11875365	11875310
11875365	11875379
11875365	12772322
11875365	12772323
11875365	12772324
11875365	13099699
11875367	4740119
11875368	10697187
11875368	11875310
11875368	11875371
11875368	11875381
11875368	12772322
11875368	12772323
11875368	12772324
11875368	12833913
11875369	11894938
11875369	11894941
11875371	9977114
11875371	10024985
11875371	11875310
11875371	11875311
11875371	11875368
11875371	11875381
11875371	12772322
11875371	12772323
11875371	12772324
11875371	13099699
11875379	9977002
11875379	9990957
11875379	10024984
11875379	10698974
11875379	10698977
11875379	11874922
11875379	11874924
11875379	11874926
11875379	11875310
11875379	11875365
11875379	12772322
11875379	12772323
11875379	13099699
11875380	11875709
11875381	9976998
11875381	9976999
11875381	9990956
11875381	9990957
11875381	10024984
11875381	10024985
11875381	10695907
11875381	10697186
11875381	10697187
11875381	10698974
11875381	10702256
11875381	11875310
11875381	11875368
11875381	11875371
11875381	12772322
11875381	12772323
11875381	13099699
11875382	5431339
11875382	10234392
11875382	10239832
11875382	10246700
11875382	11875383
11875383	2460678
11875383	5431339
11875383	10235516
11875383	10235517
11875383	10239832
11875383	10239942
11875383	10239943
11875383	10246700
11875383	11875382
11875385	11875386
11875385	11875389
11875386	11875385
11875386	11875389
11875387	2659572
11875387	13760405
11875388	2542850
11875388	2907152
11875388	3007388
11875388	3326998
11875388	7731126
11875388	12308440
11875388	12308441
11875388	13030131
11875389	11875385
11875389	11875386
11875390	7063276
11875391	11877942
11875392	7075569
11875392	8311148
11875392	8311149
11875392	11238522
11875392	11240342
11875392	11240361
11875392	11875394
11875392	11875398
11875392	12845556
11875392	12901020
11875392	12990517
11875393	5850126
11875393	7977712
11875393	11813484
11875393	12999619
11875394	7075569
11875394	8311148
11875394	8311149
11875394	11238522
11875394	11239943
11875394	11240342
11875394	11240361
11875394	11875392
11875394	11875398
11875394	12901020
11875394	12990517
11875395	6097976
11875395	12298173
11875396	910218
11875398	7075569
11875398	8311148
11875398	8311149
11875398	11238522
11875398	11240342
11875398	11240361
11875398	11875392
11875398	11875394
11875398	12845556
11875398	12901020
11875398	12990517
11875399	9054851
11875401	8232955
11875401	8235444
11875402	319450
11875402	829339
11875402	829375
11875402	1068247
11875402	2875262
11875402	8027967
11875405	7390564
11875405	11875414
11875406	7390564
11875407	11875413
11875407	13230698
11875408	11878069
11875408	12343722
11875409	11053390
11875410	11877941
11875411	11875453
11875411	11875454
11875411	11875455
11875411	12122728
11875411	12122729
11875411	13120806
11875412	13095374
11875413	11875407
11875413	13230698
11875414	11875405
11875415	11875416
11875415	11875418
11875416	11875415
11875416	11875418
11875417	1546401
11875418	11875415
11875418	11875416
11875420	652372
11875421	13054297
11875423	6121764
11875423	11875708
11875424	1663994
11875424	12791022
11875425	11875706
11875425	11875707
11875426	11157092
11875428	13396774
11875429	11900123
11875430	11587738
11875431	11157092
11875433	3876646
11875433	5307695
11875434	11875435
11875435	11875434
11875435	11875437
11875435	11875438
11875435	11875441
11875437	11875435
11875438	11875435
11875439	6233439
11875440	12468382
11875441	11875435
11875442	6233439
11875442	11902442
11875443	12669820
11875443	12669821
11875444	11157092
11875445	4950723
11875445	4950885
11875445	11902510
11875446	12442291
11875447	11157092
11875448	4895586
11875449	11875703
11875449	11875704
11875450	11875451
11875450	11875484
11875450	13077709
11875450	13077867
11875450	13077886
11875450	13077887
11875450	13077944
11875450	13077946
11875450	13077949
11875450	13077951
11875451	11875450
11875451	11875452
11875451	11875484
11875451	11875582
11875451	13077709
11875451	13077867
11875451	13077886
11875451	13077887
11875451	13077944
11875451	13077946
11875451	13077949
11875451	13077951
11875452	11875451
11875452	11875484
11875452	13077709
11875452	13077867
11875452	13077886
11875452	13077887
11875452	13077944
11875452	13077946
11875452	13077949
11875452	13077951
11875453	11875411
11875453	12122728
11875453	12122729
11875454	11875411
11875454	11875455
11875454	12122728
11875454	12122729
11875455	11875411
11875455	11875454
11875455	12122728
11875455	12122729
11875456	11875358
11875457	11875358
11875458	11875459
11875459	11875458
11875460	11875461
11875461	11875460
11875462	11875463
11875463	11875462
11875463	12835271
11875463	12836690
11875464	11875465
11875465	11875464
11875466	8826485
11875467	11878609
11875468	8826485
11875469	9100808
11875470	6686130
11875471	6686130
11875472	9100808
11875473	6690700
11875474	9100808
11875475	11187526
11875476	11187526
11875477	11187526
11875478	11187526
11875479	11187526
11875480	8075525
11875481	10741881
11875482	10741881
11875483	8075525
11875484	11875450
11875484	11875451
11875484	11875452
11875484	11875486
11875484	13077709
11875484	13077867
11875484	13077886
11875484	13077887
11875484	13077944
11875484	13077946
11875484	13077949
11875484	13077951
11875485	11875347
11875485	11875500
11875485	11875502
11875485	13040514
11875486	11875484
11875486	13077709
11875487	11875489
11875489	11875487
11875490	11875491
11875491	11875490
11875493	6389011
11875495	7245149
11875495	7245151
11875495	8016523
11875495	11875499
11875496	11878606
11875498	7245151
11875499	11875495
11875500	11875485
11875501	11875506
11875501	11875514
11875502	11875347
11875502	11875485
11875503	11875509
11875503	11875516
11875504	8016523
11875505	7245149
11875505	8016523
11875506	11875501
11875506	11875508
11875506	11875514
11875507	306528
11875508	11875506
11875509	11875503
11875509	11875517
11875510	3761379
11875511	3761379
11875512	1416
11875512	3232
11875512	2176649
11875513	1416
11875514	11875501
11875514	11875506
11875515	1416
11875515	11875521
11875516	11875503
11875516	12888121
11875517	11875509
11875517	12888126
11875518	3761380
11875519	306528
11875519	3761380
11875519	11875525
11875520	11875522
11875520	11875702
11875521	11875515
11875522	11875520
11875523	3392933
11875523	11875179
11875524	2983744
11875525	11875519
11875526	4454125
11875527	11875538
11875527	11875540
11875528	4454125
11875530	11325926
11875531	4454125
11875531	6026640
11875532	11325926
11875533	11872723
11875534	11325926
11875535	11872680
11875535	11872719
11875536	11325926
11875537	11325926
11875537	11924696
11875537	11924697
11875537	11924699
11875537	11924700
11875537	11924701
11875537	11924702
11875537	11924704
11875537	11924705
11875537	11924706
11875537	11924707
11875537	11924709
11875537	11924710
11875538	11875527
11875539	11325926
11875540	11875527
11875541	11325926
11875542	11325926
11875543	11325926
11875544	11325926
11875544	13544679
11875545	11364814
11875546	11364814
11875547	11364814
11875548	11364814
11875549	11364814
11875550	7060958
11875551	9151849
11875552	7089548
11875554	9069555
11875555	9069555
11875556	9069555
11875557	11489081
11875558	11489081
11875559	9555610
11875560	9555610
11875561	9109978
11875562	5667867
11875563	5725845
11875564	7015357
11875565	10896982
11875566	8749093
11875566	12261267
11875567	9916119
11875568	10091533
11875569	10764502
11875570	10852519
11875570	12279958
11875570	12279961
11875571	21365
11875571	3471756
11875571	7037388
11875571	12525714
11875572	435109
11875572	551381
11875573	435108
11875573	435109
11875573	551381
11875574	435109
11875574	551381
11875575	45072
11875576	48705
11875577	291002
11875578	6372731
11875579	8441716
11875580	3736098
11875580	7173983
11875580	10816619
11875580	10827917
11875581	3736098
11875581	7173983
11875582	11875451
11875582	13077709
11875582	13077867
11875582	13077886
11875582	13077887
11875582	13077944
11875582	13077946
11875582	13077949
11875582	13077951
11875586	11869953
11875588	12003292
11875589	11875598
11875589	11875700
11875590	11875697
11875590	11875699
11875591	11875592
11875591	11875696
11875592	11875591
11875593	6713413
11875593	10579413
11875593	10579414
11875594	6713413
11875594	10579410
11875595	6713413
11875595	10579411
11875596	6713413
11875597	2235763
11875598	11875589
11875599	2235763
11875600	11875601
11875601	11875600
11875601	11875602
11875602	11875601
11875603	10623721
11875604	8047216
11875605	10925451
11875606	2206673
11875606	2208168
11875607	2206673
11875607	2208161
11875608	2765724
11875608	2999460
11875608	2999461
11875608	2999462
11875608	5113455
11875609	2973886
11875610	3092430
11875610	5020227
11875611	10465137
11875612	1228150
11875613	5661323
11875614	10465137
11875615	7556061
11875615	8965724
11875616	3206259
11875617	10465137
11875618	2679066
11875618	2680722
11875618	4303143
11875619	1076905
11875620	3580927
11875620	8634569
11875620	8634570
11875621	1052844
11875622	10740154
11875623	1979449
11875623	1998778
11875623	1998779
11875623	2445322
11875624	9377938
11875625	9184434
11875626	9184434
11875627	9031928
11875628	9031928
11875629	3428792
11875630	9322021
11875631	7883562
11875632	7883562
11875633	13104737
11875634	7883562
11875636	3253451
11875636	7200496
11875637	6758157
11875638	6758157
11875639	7672885
11875640	2374856
11875640	2374858
11875640	2375104
11875640	4189838
11875640	4189840
11875640	7170467
11875640	7170481
11875641	5550595
11875642	7672885
11875643	7672885
11875644	7672885
11875645	11875695
11875647	7758907
11875648	6007549
11875649	3451105
11875649	4439458
11875650	7758907
11875651	11121195
11875652	11875693
11875652	11875694
11875653	11765972
11875654	9226965
11875655	10888522
11875656	1194196
11875657	272213
11875657	2310389
11875657	4971407
11875657	8587151
11875658	3329451
11875658	3756972
11875659	9847033
11875660	11621439
11875661	9847033
11875662	9847033
11875663	1571686
11875664	9847033
11875665	1712
11875666	6002107
11875668	9439743
11875668	9948543
11875668	12044584
11875670	10035163
11875671	1163646
11875671	9700165
11875672	11875692
11875673	10035163
11875674	10035163
11875675	5384303
11875676	10035163
11875677	2391740
11875678	6207299
11875679	8125022
11875680	1161186
11875680	3678074
11875681	3788301
11875681	4700711
11875681	4714094
11875682	2180005
11875683	8125022
11875684	2647504
11875684	4932273
11875684	6971476
11875685	2647504
11875685	6971476
11875686	5956325
11875687	2478402
11875688	8455512
11875689	8455512
11875690	2561895
11875691	11406093
11875692	11875672
11875692	12888105
11875693	11875652
11875693	12888110
11875694	11875652
11875695	11875645
11875695	12888115
11875696	11875591
11875697	11875590
11875697	12888133
11875698	862967
11875698	11985330
11875699	11875590
11875699	12888133
11875700	11875589
11875700	12888136
11875701	9154049
11875702	11875520
11875703	11875449
11875703	12888140
11875703	12889043
11875704	11875449
11875705	12721540
11875706	11875425
11875707	11875425
11875708	11875423
11875708	12888278
11875709	11875380
11875709	12888292
11875711	2413091
11875713	2454977
11875714	1237348
11875715	1834979
11875717	2391754
11875719	1156434
11875720	2197396
11875721	5676917
11875722	1660049
11875723	3148745
11875724	3933666
11875725	1099422
11875726	11873662
11875726	12888324
11875727	2926781
11875728	11872836
11875728	12888327
11875728	12888329
11875728	12888332
11875729	5026578
11875730	1887936
11875731	10278435
11875732	11318268
11875733	2644347
11875734	9174806
11875735	11145290
11875736	9174806
11875737	8114126
11875738	8114126
11875739	3503986
11875739	11094355
11875739	11871490
11875740	7181970
11875741	7386376
11875741	11871450
11875741	12888340
11875742	8121301
11875743	8121301
11875744	8121301
11875747	11457232
11875748	11916795
11875748	13600586
11875749	2627929
11875749	3025677
11875749	13558861
11875750	9174815
11875751	9174815
11875752	9174815
11875753	2627929
11875753	3025677
11875753	13558861
11875754	9450798
11875755	3966750
11875755	3967188
11875756	11871436
11875756	11871437
11875756	12888356
11875757	11871435
11875757	12743829
11875757	12743830
11875758	3429797
11875759	3429797
11875760	3429797
11875761	11871432
11875762	1812984
11875762	13454519
11875763	11871428
11875763	11871429
11875764	5475966
11875764	11871427
11875765	2578597
11875765	11871425
11875765	13606136
11875766	5466701
11875767	5466700
11875768	11870483
11875768	11871423
11875769	5412401
11875770	9038664
11875770	11871422
11875771	5402833
11875772	6368797
11875772	11871414
11875773	5402833
11875774	5402645
11875775	5402084
11875776	5402084
11875777	5402084
11875778	6090569
11875779	5402063
11875779	5402064
11875779	5488073
11875780	562908
11875780	2461168
11875780	11871408
11875780	11871410
11875781	6090569
11875783	6090570
11875784	6090570
11875785	3949019
11875785	11871404
11875785	11871406
11875785	12888593
11875786	5400915
11875786	5400916
11875786	13542693
11875787	6090571
11875788	4794256
11875788	11871400
11875788	12888596
11875789	6872899
11875789	10016321
11875789	10059195
11875789	11871399
11875790	5400893
11875790	11875848
11875791	5400893
11875791	11875848
11875792	6090572
11875793	6090572
11875794	11871395
11875794	11871396
11875795	11818124
11875796	1790835
11875796	3468920
11875796	5795713
11875796	11299858
11875796	11871392
11875796	13016222
11875797	11871392
11875797	12888602
11875797	12888603
11875797	13587127
11875798	5399013
11875798	5399131
11875799	5398993
11875799	5416582
11875800	11871379
11875800	12720816
11875801	5398993
11875802	4054757
11875802	11871378
11875803	11870738
11875803	12888604
11875803	12888606
11875803	12888607
11875803	12888608
11875804	11870738
11875805	408317
11875805	11870491
11875806	11870490
11875806	12888614
11875807	5398979
11875808	5398979
11875809	5397724
11875810	11870486
11875810	12888615
11875811	8311555
11875811	11136707
11875812	5345774
11875812	13536212
11875813	5345774
11875813	13536212
11875814	11870482
11875814	12888619
11875815	5343720
11875815	5348179
11875816	5341629
11875816	12803758
11875816	13365131
11875818	11870480
11875819	11870479
11875819	12888622
11875820	5337781
11875821	11870478
11875821	12888623
11875822	520306
11875822	978482
11875822	1630748
11875823	4980078
11875824	11870474
11875824	11870475
11875824	12888625
11875824	12888626
11875825	379875
11875826	379875
11875827	39027
11875827	11666642
11875827	13143771
11875828	2317117
11875828	2802066
11875828	5315606
11875829	2317117
11875829	2802066
11875829	5315606
11875830	2317117
11875830	2802066
11875830	5315606
11875830	13443024
11875831	2317120
11875831	2515744
11875831	5315608
11875832	2317120
11875832	5315608
11875833	2317120
11875833	5315608
11875834	11870469
11875835	5315415
11875836	5315415
11875837	9257636
11875837	10142352
11875838	11220151
11875838	12317789
11875839	5315422
11875840	5315416
11875841	5315416
11875842	5315420
11875843	5315420
11875844	5315437
11875844	11875851
11875844	11875854
11875844	11875855
11875845	5315437
11875845	11898239
11875845	11900763
11875846	5315446
11875846	11875851
11875847	5315446
11875848	5400893
11875848	5400901
11875848	7799952
11875848	11875790
11875848	11875791
11875849	11915791
11875849	11915792
11875850	2391212
11875851	11875844
11875851	11875846
11875852	5170899
11875852	13695939
11875852	13695940
11875853	3557218
11875853	5170899
11875853	13249185
11875853	13695936
11875853	13695937
11875853	13695938
11875854	11875844
11875855	11875844
11875856	5168575
11875857	5133809
11875858	12122307
11875858	13673578
11875858	13673585
11875858	13673586
11875859	2391212
11875860	2231983
11875860	5037679
11875861	11958877
11875862	12185851
11875863	12186599
11875863	12186600
11875864	5037668
11875865	5037668
11875865	13012861
11875865	13012863
11875865	13012864
11875865	13012865
11875865	13012866
11875867	1019195
11875867	5023185
11875867	5023187
11875867	5023188
11875867	12470877
11875867	12470878
11875867	12470879
11875867	12470880
11875868	10762324
11875869	9829468
11875869	12709262
11875869	12709263
11875870	2746424
11875870	2746426
11875870	2746430
11875870	11329371
11875870	11329864
11875871	5023185
11875872	5586018
11875872	9359148
11875872	12888627
11875873	10181749
11875874	10181749
11875875	1638981
11875875	1638982
11875875	2801185
11875875	2801192
11875875	2801195
11875875	5020426
11875875	5567806
11875876	10710377
11875876	11911795
11875876	12009130
11875877	10762319
11875877	12309058
11875878	10710377
11875878	12009130
11875878	12009131
11875878	13384521
11875878	13384522
11875878	13384523
11875878	13384524
11875878	13499023
11875879	7799952
11875880	10128271
11875880	12531268
11875881	4715141
11875881	12021718
11875881	12022019
11875881	12022025
11875881	12022058
11875882	4715141
11875882	12021718
11875882	12022019
11875882	12022025
11875882	12022058
11875883	4687668
11875884	2404157
11875884	10799143
11875884	11875890
11875884	12309022
11875885	4680716
11875885	4681574
11875886	11134156
11875887	4680581
11875888	4680581
11875889	2181609
11875889	12026057
11875890	10799143
11875890	11875884
11875891	9976470
11875892	4680466
11875892	4681203
11875893	4680464
11875894	8528788
11875895	6346495
11875896	4680457
11875897	4674680
11875898	4674680
11875899	4668698
11875899	11876264
11875899	11876266
11875900	4631306
11875901	10159463
11875901	12309027
11875902	11828456
11875903	4072944
11875903	11876258
11875904	11209222
11875904	11884876
11875905	11209222
11875905	11884875
11875905	12317775
11875906	10819905
11875906	12309029
11875907	10819905
11875907	12159056
11875908	3393779
11875909	11696245
11875909	13245935
11875909	13467117
11875910	3393779
11875911	11155359
11875911	12309059
11875912	1912746
11875913	10114080
11875913	12317781
11875913	12317783
11875914	11327444
11875914	12172224
11875914	12172225
11875914	12422340
11875914	12422788
11875915	10237191
11875916	11273261
11875916	11876546
11875917	5364475
11875917	11876254
11875917	11976691
11875917	12157372
11875918	5364475
11875919	10239378
11875919	12024534
11875920	10239378
11875921	5354377
11875922	11651139
11875922	11876545
11875923	5354377
11875924	5354377
11875925	5354377
11875926	5337592
11875927	5337592
11875928	5333946
11875928	12157359
11875928	12157363
11875929	5333946
11875929	11876242
11875929	11976688
11875929	12157358
11875930	10735230
11875931	9969392
11875932	5333946
11875932	12157363
11875934	19310
11875934	385878
11875934	412077
11875935	2912270
11875935	6826129
11875935	11883921
11875936	11875940
11875937	11875941
11875938	11875942
11875938	13255827
11875939	11875943
11875939	11916027
11875940	11875936
11875940	11890127
11875941	11875937
11875941	11890126
11875942	11875938
11875942	11890124
11875943	11875939
11875943	11885829
11875943	11890123
11875944	516320
11875944	12972951
11875946	11874002
11875946	12804042
11875947	12105796
11875948	2822083
11875948	2822085
11875948	5939007
11875948	6362673
11875948	6362674
11875948	6362675
11875948	6362676
11875948	12804042
11875951	3298192
11875952	13051261
11875955	460021
11875955	13464389
11875958	9103323
11875959	9103323
11875960	7560131
11875961	7560131
11875962	7560131
11875963	7560131
11875963	13643682
11875963	13643683
11875964	7560131
11875965	7560131
11875966	11145975
11875967	12033005
11875968	11145975
11875969	8294113
11875970	8294113
11875971	8294113
11875972	8294113
11875973	11876030
11875973	11876031
11875975	9264740
11875977	11878916
11875978	9447843
11875986	10090799
11875987	10090799
11875990	11876235
11875991	10090799
11875992	10090799
11875993	10565530
11875995	11281474
11875996	11878917
11875999	7281122
11876000	7281122
11876001	7281122
11876002	11818319
11876003	11818317
11876004	9609853
11876005	9609853
11876006	11818316
11876007	11818315
11876008	9050787
11876009	11818313
11876010	11818306
11876011	9645746
11876012	11607421
11876013	10298227
11876014	11607410
11876015	11190776
11876016	11298230
11876016	13271081
11876017	11850654
11876018	11850654
11876019	11132562
11876019	11876032
11876019	11876033
11876019	11876035
11876019	11876036
11876019	11876037
11876019	11876038
11876019	12416439
11876019	12584045
11876020	11132562
11876021	11609623
11876022	9162841
11876023	11721250
11876024	11721250
11876025	11325505
11876026	11325505
11876026	11876028
11876026	11876029
11876027	11325505
11876028	11876026
11876029	11876026
11876029	12049468
11876030	11875973
11876031	11875973
11876032	11876019
11876033	11876019
11876034	7027575
11876035	11876019
11876036	11876019
11876037	11876019
11876038	11876019
11876039	8229427
11876039	11480909
11876039	13222526
11876040	11480909
11876041	11138190
11876042	11480909
11876043	11480909
11876044	11480909
11876045	11480909
11876046	5882672
11876047	5882672
11876048	5882672
11876049	1619783
11876050	1619783
11876051	3669287
11876052	3669287
11876053	1168781
11876054	1168781
11876055	9671173
11876056	2061913
11876057	2061913
11876058	2061913
11876059	2061913
11876060	2061913
11876061	2061913
11876062	2061913
11876063	2061913
11876064	2061913
11876065	2061913
11876066	2061913
11876067	2061913
11876068	1445309
11876068	11877194
11876069	8449184
11876070	450174
11876071	450174
11876072	5684921
11876073	8449184
11876074	5684921
11876075	5748620
11876076	5748620
11876077	5748620
11876078	5748620
11876079	7927720
11876079	11877196
11876080	1071610
11876081	1071610
11876082	1408458
11876083	1408458
11876084	1408458
11876085	1408458
11876086	11335800
11876087	1001424
11876088	1001424
11876089	7447487
11876090	7447487
11876091	7447479
11876091	7447487
11876092	7447479
11876092	7447487
11876093	11335800
11876094	7447479
11876094	7447487
11876095	7447479
11876095	7447487
11876096	80116
11876096	11499642
11876097	7447479
11876097	7447487
11876098	7447479
11876098	7447487
11876099	7447487
11876100	7447487
11876101	7447479
11876101	7447487
11876102	7447479
11876102	7447487
11876103	7447479
11876103	7447487
11876104	7447479
11876104	7447487
11876105	7447479
11876105	7447487
11876106	7447479
11876106	7447487
11876107	5755883
11876108	5755883
11876109	7447486
11876110	7447486
11876111	7447486
11876112	7447486
11876113	7447486
11876114	7447486
11876115	8591933
11876116	8591933
11876117	1689420
11876118	1689420
11876119	1689420
11876120	1689420
11876121	1689420
11876122	1689420
11876123	1689420
11876124	1689420
11876125	1689420
11876126	1689420
11876127	1689420
11876128	1689420
11876129	1689420
11876130	1689420
11876131	722035
11876132	722035
11876133	772498
11876134	772498
11876135	772498
11876136	772498
11876137	10172753
11876137	11877166
11876137	11877167
11876138	772498
11876139	772498
11876140	772498
11876141	772498
11876142	772498
11876143	772498
11876144	772498
11876145	772498
11876146	772498
11876147	772498
11876148	772498
11876149	772498
11876150	5022785
11876151	5022785
11876152	523752
11876153	523752
11876154	453851
11876155	453851
11876156	453851
11876157	453851
11876158	453851
11876159	56942
11876159	453851
11876159	454472
11876160	453851
11876161	453851
11876162	531736
11876163	531736
11876164	531736
11876165	531736
11876166	531736
11876167	531736
11876168	531736
11876169	531736
11876170	7447479
11876171	7447479
11876172	7447479
11876173	7447479
11876174	7447479
11876175	7447479
11876176	7447479
11876177	7447479
11876178	7447479
11876179	7447479
11876180	7447479
11876181	7447479
11876182	7447479
11876183	7447479
11876184	11176874
11876184	12599714
11876185	7447479
11876186	7447479
11876187	7447479
11876188	7447479
11876189	7447479
11876190	7447479
11876191	7226419
11876192	11098370
11876193	11098370
11876194	6739408
11876195	6739408
11876196	6739369
11876197	6739369
11876198	1131284
11876198	11877158
11876198	13807741
11876199	1192050
11876200	1192050
11876201	1192050
11876202	1192050
11876203	1192050
11876204	1192050
11876205	1707600
11876206	1707600
11876207	6739366
11876208	6739366
11876209	6669436
11876210	6669436
11876211	1078007
11876211	11877154
11876211	11877156
11876212	2395021
11876213	2395021
11876214	2395021
11876215	2395021
11876216	11196036
11876217	8530348
11876218	11171092
11876218	11877215
11876219	3089704
11876219	10161911
11876219	11472932
11876221	2646711
11876221	5470756
11876223	1606507
11876224	1606507
11876225	1606507
11876226	1606507
11876227	3603056
11876228	3603056
11876229	4134161
11876229	4977475
11876230	5079425
11876231	1745734
11876231	6994207
11876232	1745734
11876232	6994207
11876233	6994207
11876234	6994207
11876235	11875990
11876236	1207343
11876237	6269303
11876238	5017027
11876239	5017027
11876240	5017027
11876241	5017027
11876242	11875929
11876243	5017027
11876244	5017027
11876245	5017027
11876246	5017027
11876247	6348206
11876248	2018890
11876249	8957740
11876250	2488901
11876251	1714069
11876252	1714069
11876253	70356
11876254	11875917
11876255	1004389
11876256	1004389
11876257	6246103
11876258	11875903
11876259	11429806
11876260	521855
11876261	521855
11876262	2784524
11876263	521855
11876264	11875899
11876265	10053948
11876266	11875899
11876267	496828
11876268	496828
11876269	2237149
11876269	11877142
11876270	496828
11876271	496828
11876272	6781642
11876273	9729879
11876274	10627473
11876275	1245271
11876276	1093001
11876277	7675792
11876277	11560192
11876278	6902679
11876279	2713623
11876279	2714780
11876279	2714781
11876279	3522971
11876279	4869531
11876280	1860565
11876281	7675792
11876281	11560192
11876282	2575337
11876283	7675792
11876283	11560192
11876284	5932270
11876285	5932270
11876286	3325647
11876287	10068678
11876288	656171
11876289	656171
11876290	2215618
11876291	9195730
11876292	9943774
11876293	6656577
11876294	2880073
11876295	2880073
11876296	9943774
11876297	2463853
11876298	4012680
11876299	2463853
11876300	1954838
11876301	1954838
11876302	1455624
11876303	2171520
11876304	422
11876304	2798
11876305	422
11876305	2798
11876306	8527943
11876307	8527943
11876308	2132228
11876309	2132228
11876310	2132228
11876311	2132228
11876312	2132228
11876313	2132228
11876314	2132228
11876315	2132228
11876316	5699736
11876317	2639956
11876318	10906733
11876319	870997
11876320	870997
11876321	509569
11876322	509569
11876323	509569
11876324	509569
11876325	1135974
11876326	1135974
11876327	11561778
11876328	656166
11876329	656166
11876330	992509
11876330	1248364
11876331	992509
11876331	1248364
11876332	992509
11876332	1248364
11876333	992509
11876333	1248364
11876334	992509
11876334	1248364
11876335	992509
11876335	1248364
11876336	9943892
11876337	505868
11876338	505868
11876339	2027677
11876340	2027677
11876341	2027677
11876342	2027677
11876343	2027677
11876344	2027677
11876345	2027677
11876346	2027677
11876347	1032784
11876348	1032784
11876349	9578816
11876350	1032784
11876351	1032784
11876352	9578816
11876353	1592625
11876354	1592625
11876355	2546668
11876356	9578816
11876357	5666731
11876358	5666731
11876359	5045652
11876360	5045652
11876361	10853787
11876362	5045652
11876363	5045652
11876364	1537729
11876365	1537729
11876366	1537729
11876367	1537729
11876368	1970442
11876369	9608254
11876370	1970054
11876371	496295
11876372	5931695
11876373	8977213
11876373	8977215
11876374	8977213
11876374	8977215
11876375	8977213
11876375	8977215
11876376	8977213
11876376	8977215
11876377	2227428
11876378	2227428
11876379	2227428
11876380	2227428
11876381	2227428
11876382	2227428
11876383	2227428
11876384	2227428
11876385	2227428
11876386	2227428
11876387	2227428
11876388	2227428
11876389	1088031
11876390	1088031
11876391	1088031
11876392	1088031
11876393	5931696
11876394	7843334
11876395	7843334
11876396	3783501
11876396	3783505
11876398	3783501
11876398	3783505
11876400	5931697
11876401	5931697
11876402	5058318
11876403	5058318
11876404	5058318
11876405	5058318
11876406	5058318
11876407	5058318
11876408	3783501
11876409	3783501
11876410	637489
11876411	637489
11876412	8775553
11876413	5714553
11876414	5714553
11876415	5714550
11876416	5714550
11876417	5714561
11876418	5714561
11876419	5714559
11876420	5714559
11876421	5714559
11876422	5714559
11876423	5714567
11876424	5714567
11876425	5714567
11876426	5714567
11876427	5714567
11876428	5714567
11876429	5714567
11876430	5714567
11876431	1246608
11876432	1246608
11876433	1246608
11876434	1246608
11876435	1962979
11876436	1962979
11876437	1962979
11876438	1962979
11876439	1962979
11876440	1962979
11876441	1962979
11876442	1962979
11876443	1962979
11876444	1962979
11876445	1962979
11876446	1747941
11876447	1747941
11876448	1747941
11876449	1747941
11876450	1781644
11876451	1781644
11876452	1781644
11876453	1781644
11876454	1781644
11876455	1781644
11876456	1781644
11876457	1781644
11876458	1781644
11876459	1781644
11876460	1781644
11876461	1781644
11876462	5714551
11876463	5714551
11876464	5714560
11876464	13832201
11876465	5714560
11876466	1887480
11876466	2053462
11876466	2303044
11876466	5336511
11876467	5714560
11876468	5714560
11876469	966482
11876470	966482
11876471	966482
11876472	966482
11876473	966482
11876474	966482
11876475	966482
11876476	966482
11876477	966482
11876478	966482
11876479	966482
11876480	966482
11876481	966482
11876482	966482
11876483	966482
11876484	966482
11876485	966482
11876486	966482
11876487	966482
11876488	966482
11876489	966482
11876490	966482
11876491	966482
11876492	966482
11876493	966482
11876494	966482
11876495	966482
11876496	966482
11876497	966482
11876498	966482
11876499	3746210
11876500	2472376
11876501	2472376
11876502	2472376
11876503	2472376
11876504	2472376
11876505	2472376
11876506	6688570
11876506	6688571
11876507	6688570
11876507	6688571
11876508	2246363
11876509	2246363
11876510	6692472
11876511	6692472
11876512	4081003
11876513	4081003
11876514	1747950
11876515	1747950
11876516	1747950
11876517	1747950
11876518	1747950
11876519	1747950
11876520	1747950
11876521	1747950
11876522	11509788
11876522	11876524
11876522	11876525
11876522	11876526
11876522	11876527
11876523	10926011
11876523	11876528
11876523	11876529
11876523	11876530
11876523	11876531
11876523	11876532
11876523	11876533
11876523	11876534
11876523	11876535
11876523	11876536
11876523	11876537
11876524	11876522
11876525	11876522
11876526	11876522
11876527	11876522
11876528	11876523
11876529	11876523
11876530	11876523
11876531	11876523
11876532	11876523
11876533	11876523
11876534	11876523
11876535	11876523
11876536	11876523
11876537	11876523
11876538	2846493
11876538	11340358
11876538	11876540
11876538	11897092
11876538	11976684
11876538	12007673
11876538	12007759
11876538	12593093
11876538	12814988
11876538	12814989
11876539	2846493
11876539	8963158
11876539	11897092
11876539	12007672
11876539	12007759
11876539	12593093
11876539	12814988
11876539	12814989
11876540	11876538
11876541	7385338
11876542	11876544
11876543	1513334
11876544	11876542
11876545	11875922
11876546	11875916
11876546	11877140
11876547	11303368
11876547	11606444
11876547	12321414
11876548	6686964
11876550	9292872
11876552	2361740
11876552	11877137
11876553	12199927
11876553	13057414
11876554	13057411
11876554	13546517
11876556	3729098
11876557	13640110
11876559	9664302
11876566	10610135
11876566	12129076
11876568	11205087
11876568	11206261
11876568	11206263
11876568	11289614
11876568	11289615
11876568	11838939
11876568	11838942
11876568	11838946
11876568	11838948
11876568	11838949
11876568	11838951
11876568	11839378
11876568	11839379
11876568	11839383
11876568	11839386
11876569	11189605
11876569	12593167
11876570	205025
11876571	6704012
11876572	6704012
11876573	6704012
11876574	2273216
11876574	12805755
11876575	3155278
11876576	3155280
11876577	3155280
11876578	10163335
11876578	10864993
11876579	5858912
11876580	5858912
11876581	5858912
11876582	6357669
11876582	6363837
11876582	13393453
11876582	13393504
11876582	13393516
11876583	6474619
11876584	6474619
11876585	6684846
11876586	6711030
11876587	6711030
11876588	7043737
11876589	7849662
11876590	8048015
11876590	12094490
11876591	8259838
11876592	8259838
11876593	8316944
11876594	9096766
11876595	9096766
11876596	4900212
11876597	9634677
11876598	10085264
11876599	11695562
11876600	11695562
11876601	1839792
11876602	1839792
11876603	1887074
11876604	1887074
11876605	1887074
11876606	2155060
11876607	2259771
11876608	2259771
11876609	2359277
11876610	2359277
11876611	2387133
11876611	12962882
11876612	2387133
11876613	2387133
11876614	2387133
11876615	3422297
11876615	3422298
11876616	3734068
11876617	4017119
11876618	4017119
11876619	4017119
11876621	4404031
11876622	4404031
11876624	1278160
11876625	6474322
11876626	6474322
11876627	8867615
11876627	8871773
11876628	8867615
11876628	8871773
11876629	9037469
11876630	9377157
11876631	9502517
11876632	9512607
11876633	9561020
11876633	12005933
11876634	9787551
11876635	9787551
11876636	10024441
11876637	10024441
11876638	10040134
11876639	10040134
11876644	4080895
11876644	7847321
11876647	5000817
11876647	6037302
11876648	11876676
11876648	11876878
11876648	11876879
11876648	11976680
11876649	10979865
11876652	8828481
11876653	6518571
11876654	2390846
11876655	6309029
11876656	10118984
11876657	4235498
11876658	3489056
11876659	56310
11876660	6877488
11876661	6877488
11876662	7191247
11876663	1926426
11876664	10515775
11876664	10515776
11876664	13165774
11876664	13622790
11876665	11876672
11876665	13306572
11876666	11874011
11876667	8521401
11876667	11884600
11876667	11884605
11876667	11884608
11876667	11885157
11876668	11787846
11876669	2390888
11876670	7410366
11876671	481593
11876671	897643
11876671	1983643
11876671	2032700
11876672	11876665
11876672	13306572
11876673	5938047
11876674	5728732
11876674	8479898
11876675	5741155
11876676	11876648
11876677	2387590
11876678	7212902
11876679	7246256
11876680	6582672
11876680	13068728
11876681	11746277
11876681	11746732
11876682	11812980
11876682	11877132
11876683	11018196
11876684	2263850
11876685	155772
11876685	11104329
11876685	11877126
11876687	48865
11876688	7866667
11876689	10822159
11876689	13660352
11876690	11392518
11876690	13157764
11876690	13157765
11876691	11392519
11876691	13099163
11876692	3418843
11876693	1661211
11876693	13768788
11876694	3760880
11876694	3761061
11876695	2878997
11876696	6877116
11876696	8423962
11876697	11503886
11876698	11650399
11876699	8602199
11876699	8602200
11876700	11689401
11876701	11862361
11876702	1884116
11876702	13265998
11876703	1884116
11876703	13266000
11876704	8256166
11876705	10078089
11876706	11073958
11876707	11167830
11876708	10240996
11876708	13104991
11876709	11167830
11876710	11757730
11876711	11632866
11876712	10735266
11876713	11632866
11876714	10052829
11876714	13134423
11876715	3924177
11876715	7043736
11876716	9066272
11876717	9804220
11876717	13179416
11876718	6437977
11876719	9961768
11876719	13192520
11876719	13660411
11876720	6474604
11876721	6474604
11876722	6474604
11876723	6474604
11876725	6474665
11876726	6474665
11876727	6575406
11876728	10802863
11876729	7113364
11876730	2659860
11876731	7113364
11876732	6710559
11876734	7165457
11876735	10312501
11876736	7165906
11876737	10894972
11876738	7165995
11876738	12108152
11876739	11116831
11876740	7165995
11876740	12108152
11876741	7213494
11876742	11116832
11876742	13173803
11876743	8127284
11876744	11116833
11876744	13517157
11876745	11116834
11876745	13660396
11876746	11116837
11876747	11116838
11876747	13197192
11876747	13658120
11876748	10748889
11876748	13149741
11876749	8562421
11876750	8579105
11876751	9075379
11876751	13169670
11876751	13169671
11876752	8587917
11876753	8587918
11876755	8587929
11876756	11943290
11876757	1820902
11876758	10022403
11876758	11876936
11876759	9086583
11876760	10138557
11876760	13201060
11876763	10775077
11876764	11390781
11876764	11390783
11876765	11859971
11876766	8417606
11876767	8562742
11876767	13172946
11876768	10211097
11876769	11390780
11876770	11390782
11876771	8295083
11876772	8415056
11876773	170552
11876773	243930
11876774	11450133
11876775	4513690
11876775	13658117
11876775	13658118
11876776	6992772
11876776	13121686
11876776	13121687
11876776	13121689
11876776	13121690
11876776	13121691
11876776	13121692
11876777	8417605
11876778	2564855
11876779	8784090
11876780	11241308
11876781	11431498
11876781	13268877
11876781	13268879
11876782	10030897
11876783	8589050
11876784	10894962
11876785	11783927
11876786	8594134
11876787	7551474
11876788	10145072
11876789	11157284
11876790	8594135
11876791	8191490
11876792	3927544
11876792	13435590
11876792	13435591
11876793	8276935
11876794	8277684
11876795	9405247
11876796	1913657
11876797	10669164
11876798	10694032
11876798	13294813
11876799	5454614
11876799	5454645
11876799	5454689
11876799	6073986
11876800	11176819
11876801	11220760
11876801	13318399
11876802	11239857
11876803	8398328
11876804	10210166
11876805	10210166
11876806	8398328
11876807	10210167
11876807	13155061
11876808	11697183
11876809	10235115
11876810	7153061
11876811	11591985
11876812	1999449
11876812	1999450
11876813	11506157
11876814	11017996
11876815	11124551
11876816	1681870
11876817	10221940
11876818	10221995
11876819	10748896
11876820	429423
11876821	10785383
11876822	11754581
11876823	429423
11876823	928616
11876824	1700607
11876825	8617574
11876826	10785378
11876827	11034485
11876828	11878087
11876829	11067009
11876829	13194617
11876830	8493832
11876830	13111050
11876830	13111051
11876831	11046642
11876832	11067015
11876833	8127283
11876834	8127283
11876835	8271475
11876836	8271475
11876837	8331147
11876838	8241647
11876839	8331147
11876840	10369380
11876841	10823527
11876842	10554826
11876843	11628704
11876844	8149918
11876845	19094
11876846	11038989
11876847	8583508
11876848	2675834
11876849	2675834
11876850	3413198
11876851	4494083
11876852	10987459
11876853	6269245
11876854	6427849
11876855	6690646
11876856	10138884
11876857	6711016
11876858	6711016
11876859	6711488
11876861	6733275
11876862	7113219
11876863	7113219
11876864	11815954
11876865	7113219
11876866	7113219
11876867	6824844
11876867	13399650
11876868	7126486
11876869	7165897
11876870	7165897
11876871	7165996
11876872	7166045
11876873	7213491
11876874	7241753
11876874	7288541
11876875	7287624
11876876	7286544
11876877	7286544
11876878	11876648
11876878	11976680
11876879	11876648
11876879	11976680
11876880	7288499
11876881	7306831
11876882	8385771
11876883	7306831
11876884	8385771
11876885	7543472
11876886	1813901
11876887	7995500
11876888	10297250
11876889	8083613
11876890	8083613
11876891	8083613
11876892	8083613
11876893	1600487
11876894	8841231
11876895	10849127
11876897	8877869
11876898	8953746
11876899	10297251
11876900	8953746
11876901	8953746
11876902	8953746
11876903	8953746
11876904	8953746
11876905	7578483
11876906	9025178
11876907	9388346
11876908	7772108
11876909	9388346
11876910	9692564
11876911	8126248
11876912	9800638
11876912	13270535
11876912	13270536
11876913	8146600
11876914	9956098
11876915	10218086
11876916	8170045
11876917	10545905
11876918	10545905
11876919	10933400
11876920	11632865
11876921	8363624
11876922	9254193
11876922	11876929
11876922	11876931
11876923	11696563
11876924	1709212
11876925	10473042
11876926	51508
11876927	51508
11876928	51508
11876929	11876922
11876929	13410176
11876929	13410178
11876930	11237194
11876931	11876922
11876932	11785721
11876933	9773975
11876934	10030729
11876935	4212019
11876935	11876980
11876935	13704805
11876936	11876758
11876937	10210739
11876938	10210741
11876939	10231719
11876940	10680380
11876940	11876943
11876941	10854234
11876942	10854235
11876943	10680380
11876943	11876940
11876944	9682369
11876945	10103267
11876946	10628858
11876947	10836400
11876948	10864674
11876948	13169080
11876948	13169082
11876948	13169084
11876949	8222712
11876950	4519494
11876951	6549726
11876951	13573273
11876952	6549726
11876953	8023025
11876953	11834868
11876954	9990016
11876955	229805
11876955	11876969
11876956	10234683
11876957	10934886
11876958	8023024
11876959	8167292
11876960	3395438
11876960	11876966
11876960	13704814
11876960	13704816
11876961	8190278
11876961	13218773
11876962	11048515
11876963	9453877
11876964	10132286
11876965	10080008
11876966	11876960
11876967	11067006
11876968	3507478
11876968	5885533
11876968	11876983
11876969	67168
11876969	649740
11876969	1493299
11876969	2634517
11876969	11876955
11876970	11587457
11876971	11273695
11876972	11567787
11876973	7863768
11876974	7863768
11876975	10020356
11876975	12730479
11876975	13179287
11876976	10235229
11876977	7871091
11876978	7867450
11876979	8194409
11876979	13103574
11876980	11876935
11876981	8602217
11876982	11675746
11876983	11876968
11876984	11696752
11876985	8303843
11876986	10905303
11876987	11254666
11876988	11631572
11876989	11645970
11876989	13198341
11876989	13198345
11876989	13490616
11876990	11670478
11876991	11670821
11876992	5288768
11876992	12169157
11876993	2875502
11876994	2875502
11876995	6020478
11876996	2876004
11876997	2876004
11876998	8127573
11876999	10209849
11877000	9204250
11877001	10209851
11877001	13627268
11877002	9204250
11877003	2879023
11877004	10101358
11877005	3998144
11877005	13324577
11877005	13324585
11877006	10694203
11877008	10694203
11877009	10694203
11877010	10694203
11877011	8275035
11877011	13183968
11877012	8313760
11877013	9589725
11877016	11878914
11877016	11878915
11877017	10096387
11877018	11042703
11877018	12603571
11877019	11253081
11877020	10096872
11877021	11750394
11877022	11750394
11877023	11878913
11877028	141977
11877028	11877214
11877029	3138423
11877030	4875076
11877030	4951699
11877030	4951874
11877030	13036376
11877032	5965056
11877033	5965056
11877034	6568264
11877035	8018212
11877035	11812914
11877036	7875247
11877037	8324877
11877038	9865729
11877038	12734434
11877039	8541063
11877040	8749093
11877041	9476544
11877042	9476544
11877043	9826326
11877044	9826326
11877045	9959392
11877046	10101378
11877047	10101378
11877048	10105344
11877049	10603424
11877050	10750207
11877051	10750207
11877052	10852519
11877052	12279958
11877052	12279961
11877053	10852519
11877053	12279960
11877053	12279961
11877054	10852519
11877054	12279959
11877054	12279961
11877055	3756399
11877055	10134076
11877056	11537595
11877057	11857444
11877058	10109892
11877059	436513
11877060	1699621
11877061	10927787
11877062	1796814
11877063	1796817
11877064	2556533
11877065	3826971
11877065	12216235
11877066	76604
11877066	8312916
11877067	6038103
11877068	7356867
11877069	7356867
11877070	7356867
11877071	9473201
11877072	10096360
11877073	8562632
11877074	10103054
11877075	11878912
11877076	10103055
11877077	4248315
11877078	6058252
11877079	11026562
11877080	6058252
11877081	6253919
11877082	6253919
11877083	6253919
11877084	6253919
11877085	6253919
11877086	6253919
11877087	8145388
11877088	6575007
11877089	6056651
11877089	11877122
11877090	10026492
11877090	12740862
11877090	13257021
11877090	13813025
11877090	13813026
11877091	7165890
11877092	7165890
11877093	10026493
11877094	8566023
11877095	8465237
11877095	10620756
11877096	8297584
11877097	8618174
11877098	9177306
11877098	10541101
11877098	12242266
11877098	12242267
11877099	8574217
11877100	9535977
11877101	8496713
11877102	9965961
11877103	9585358
11877104	10011032
11877105	10272195
11877106	10272195
11877107	10272195
11877108	8411571
11877108	10103604
11877108	12685050
11877108	13257043
11877109	10272195
11877110	8259198
11877110	12401370
11877111	10620755
11877112	10852601
11877113	10852601
11877114	8637878
11877115	3422601
11877116	10865730
11877117	10865730
11877118	10971547
11877119	10971547
11877120	2887680
11877121	1215541
11877121	10867755
11877122	6056651
11877122	11877089
11877123	6056651
11877124	3305672
11877125	1675735
11877125	11877869
11877126	11483805
11877126	11876685
11877127	11693948
11877128	1665272
11877129	11822863
11877129	11877350
11877129	11877358
11877129	11877361
11877129	11879291
11877129	13496002
11877130	4008912
11877131	10854085
11877132	11812980
11877132	11876682
11877133	10217286
11877134	8024634
11877136	1058185
11877136	13508595
11877137	2361740
11877137	11876552
11877138	10223123
11877139	11775226
11877140	11876546
11877141	11991605
11877141	12283691
11877141	12299858
11877141	12299859
11877141	12299861
11877141	12300356
11877141	12300357
11877141	12300358
11877141	12300359
11877141	13075905
11877142	2237149
11877142	2509812
11877142	11876269
11877143	11991606
11877143	12283692
11877143	12346770
11877143	12346773
11877143	12388655
11877143	13075904
11877144	9794054
11877144	13161658
11877144	13161659
11877145	7248401
11877146	8789268
11877147	8789271
11877148	8789274
11877149	8789281
11877149	13163998
11877149	13163999
11877149	13165543
11877150	9767843
11877151	10241302
11877152	10533135
11877152	13770873
11877153	10533147
11877153	13770877
11877153	13770878
11877154	11876211
11877155	11793613
11877155	13578709
11877155	13770879
11877155	13770880
11877155	13770881
11877155	13770882
11877156	11876211
11877157	11030217
11877157	13770883
11877157	13770884
11877157	13770885
11877157	13770886
11877158	11876198
11877159	2856176
11877160	2856178
11877161	2856180
11877162	2856182
11877163	2856184
11877164	2856186
11877165	10027017
11877165	13658115
11877166	985880
11877166	11876137
11877167	985880
11877167	9819401
11877167	11876137
11877168	10216470
11877169	8784609
11877169	13129009
11877169	13129010
11877169	13205469
11877170	8784732
11877171	9992275
11877172	10214275
11877172	11993445
11877173	10230654
11877174	1660899
11877175	1661101
11877176	8360213
11877176	13565929
11877177	8360217
11877177	12059693
11877178	8360217
11877179	1933296
11877180	2851324
11877181	4664121
11877182	2858669
11877182	12717451
11877183	2863374
11877184	8249042
11877185	8263739
11877185	13653283
11877185	13653284
11877186	8263740
11877186	12700440
11877187	8275994
11877188	11254791
11877189	11177088
11877190	11596757
11877191	11833413
11877192	9134220
11877192	13154079
11877193	10798431
11877194	1445309
11877194	11876068
11877195	11472036
11877196	11876079
11877197	10151971
11877197	12900070
11877197	12900071
11877197	13296613
11877198	10618043
11877199	11596728
11877200	1058185
11877201	8622681
11877202	9714571
11877203	8817502
11877203	13221445
11877204	8801890
11877205	8019912
11877206	8259838
11877207	10023130
11877207	13520377
11877207	13520378
11877208	10026838
11877209	10027091
11877210	10114684
11877211	10214007
11877212	10232434
11877213	10297069
11877213	13160953
11877213	13160954
11877214	11877028
11877215	11876218
11877217	13059596
11877220	6929164
11877220	7248401
11877220	11877273
11877220	11877292
11877222	10987774
11877223	12749760
11877223	12749761
11877226	12584330
11877228	6929164
11877228	7248401
11877228	11877273
11877228	11877292
11877231	12523855
11877231	12932715
11877232	12355184
11877234	12523856
11877234	13666565
11877234	13666566
11877236	12183335
11877239	11984580
11877239	11984581
11877239	12479853
11877239	12479854
11877239	12519924
11877239	13328720
11877243	11984582
11877243	12519926
11877244	11919815
11877244	13094354
11877246	12629021
11877246	12629022
11877246	13298730
11877246	13298731
11877247	13094353
11877249	13438470
11877251	13094352
11877261	12876775
11877266	12534692
11877269	12019082
11877269	12019083
11877269	12026944
11877271	12075101
11877272	11910822
11877273	7248401
11877273	10227865
11877273	11877220
11877273	11877228
11877276	11963791
11877277	13177975
11877277	13177976
11877281	12511663
11877290	2221099
11877290	2221101
11877290	2221102
11877290	2221670
11877292	7248401
11877292	11877220
11877292	11877228
11877295	12393839
11877295	12448561
11877295	12448562
11877297	417218
11877297	919965
11877298	3710325
11877299	13094351
11877300	13094350
11877301	3948772
11877301	3948773
11877301	10548347
11877301	12097428
11877301	12167370
11877301	12479670
11877301	12479672
11877303	12159518
11877303	13094349
11877304	1495908
11877304	13151329
11877305	12486403
11877305	13094348
11877305	13666302
11877306	1495908
11877307	13094347
11877308	13094346
11877309	13094345
11877310	13094344
11877311	13094343
11877312	12076568
11877312	13094342
11877312	13549562
11877313	13094341
11877314	13094340
11877315	13094338
11877315	13126831
11877316	12574452
11877316	12574455
11877316	13094337
11877317	13094336
11877317	13094339
11877318	12175403
11877318	12869621
11877318	12869622
11877318	12869623
11877318	12922376
11877318	12922377
11877318	12922378
11877318	12922381
11877318	13094335
11877319	6583391
11877319	11201590
11877319	13486633
11877322	13094334
11877323	9954474
11877323	9954489
11877323	11877865
11877323	11881200
11877323	13401000
11877327	12160797
11877327	13094333
11877327	13719969
11877327	13719972
11877327	13719977
11877328	13094332
11877329	13166663
11877329	13166664
11877332	12214274
11877334	13094331
11877335	13094330
11877336	13094328
11877336	13763770
11877336	13763771
11877336	13763772
11877337	13094327
11877337	13277944
11877338	13094326
11877339	6686188
11877340	13094325
11877341	13094324
11877342	12559998
11877342	13094323
11877346	12583165
11877346	12583166
11877346	12583167
11877346	12583169
11877347	12372622
11877347	12372623
11877347	12372625
11877347	12372626
11877347	12372733
11877347	12372734
11877347	12372735
11877347	12372736
11877347	12372737
11877348	13094322
11877350	11877129
11877350	11877358
11877350	11877361
11877350	13496002
11877353	8664583
11877353	8822085
11877353	12270107
11877353	12286214
11877353	12286217
11877353	12286221
11877353	12286223
11877353	13094321
11877354	1747612
11877354	11877863
11877354	11877878
11877355	13094320
11877356	7800524
11877356	11877372
11877356	11877413
11877357	13094319
11877358	11822863
11877358	11877129
11877358	11877350
11877358	11877361
11877358	13496002
11877359	11940169
11877360	3393642
11877360	8826912
11877361	11822863
11877361	11877129
11877361	11877350
11877361	11877358
11877361	11879291
11877361	13496002
11877362	12560001
11877362	13094318
11877363	2448021
11877363	2448022
11877363	2448023
11877363	5500974
11877363	7289560
11877363	11877364
11877364	2448021
11877364	2448022
11877364	2448023
11877364	5500974
11877364	7289560
11877364	11877363
11877364	11878889
11877367	6509959
11877367	11877862
11877368	8923070
11877368	11186030
11877368	13414409
11877369	10861851
11877372	531173
11877372	743327
11877372	1238673
11877372	4620793
11877372	7800517
11877372	11877356
11877372	11877413
11877373	10861851
11877375	11780675
11877376	11780675
11877378	10861851
11877379	10861851
11877381	4937888
11877381	11877860
11877381	11877861
11877382	12280942
11877384	11380901
11877386	11380901
11877387	11380901
11877388	11380901
11877389	11380969
11877390	11380969
11877391	11380969
11877392	13094317
11877393	11380969
11877394	11380988
11877394	11381204
11877395	3461741
11877396	11380988
11877396	11381204
11877397	11381001
11877398	11381001
11877399	11381001
11877400	3461741
11877400	11878893
11877401	11381001
11877402	11381204
11877403	11381204
11877405	4072607
11877405	6021175
11877405	9101925
11877405	11217931
11877406	11868709
11877407	12560003
11877407	13094315
11877408	12560005
11877408	13094314
11877409	11868709
11877410	12472763
11877410	13094313
11877412	3909228
11877412	3929353
11877413	531173
11877413	743327
11877413	1238673
11877413	7800524
11877413	11877356
11877413	11877372
11877415	13249994
11877416	12002960
11877418	11802708
11877418	13497612
11877419	12632935
11877419	12632937
11877419	12632938
11877419	12632939
11877419	13826247
11877419	13826248
11877421	12663056
11877421	13094312
11877423	11424151
11877425	10235726
11877427	10803346
11877428	13094311
11877430	11542888
11877432	11542888
11877433	11594026
11877433	11595741
11877433	12657471
11877435	12123466
11877435	12154441
11877435	12154442
11877435	13094310
11877436	11775495
11877437	8852516
11877437	13094309
11877438	8614324
11877439	10040979
11877440	10235710
11877441	13094307
11877442	13405507
11877443	13188565
11877443	13188566
11877443	13617012
11877444	10235713
11877445	10235714
11877446	12510360
11877446	13188562
11877447	10235715
11877448	1935039
11877448	1935111
11877448	2136062
11877448	2782012
11877448	5256400
11877448	13623263
11877449	10235716
11877450	10235723
11877451	10235723
11877452	10235725
11877453	13188560
11877453	13188561
11877453	13280797
11877454	10235727
11877455	11870515
11877456	11870513
11877457	13269189
11877458	11870512
11877460	12389417
11877460	12562028
11877460	12562029
11877460	12562030
11877460	12562031
11877460	12562032
11877460	12562033
11877460	12654568
11877461	7780520
11877461	7780932
11877461	13150301
11877465	11870462
11877466	12891784
11877466	13441871
11877466	13441872
11877468	13331907
11877469	13012782
11877470	12414952
11877470	12414953
11877470	13094306
11877471	13094305
11877473	11870455
11877475	12266806
11877475	12266809
11877476	11870452
11877477	12659296
11877478	11870451
11877479	11935388
11877479	12201439
11877481	11870683
11877482	12735442
11877482	12735443
11877482	13309826
11877483	11870682
11877485	11870677
11877485	12017949
11877486	13307317
11877486	13307345
11877487	12586692
11877487	13674622
11877487	13674625
11877487	13674687
11877488	11870665
11877489	11870660
11877491	11870639
11877496	11870447
11877498	5793518
11877498	12559995
11877499	13094304
11877500	5909969
11877501	5909969
11877502	5909969
11877503	5909969
11877505	11739626
11877506	11739626
11877507	11739626
11877509	11739626
11877510	11739626
11877511	11739626
11877512	1951860
11877514	7391210
11877515	7391210
11877516	1951860
11877517	12595197
11877517	13071095
11877518	1146605
11877518	1147733
11877518	1147734
11877518	6486127
11877519	1951860
11877520	12454527
11877522	1951860
11877523	7131877
11877524	7131877
11877525	33107
11877526	4208910
11877526	4713839
11877526	11874933
11877526	11874950
11877526	11874951
11877527	5193471
11877528	5193471
11877529	11282633
11877530	13071095
11877533	12688548
11877535	12993038
11877536	4496440
11877537	4496440
11877538	10025490
11877540	9004509
11877541	13539228
11877541	13791029
11877544	378505
11877546	378506
11877547	378506
11877549	9502993
11877549	11907152
11877549	11914853
11877550	12690845
11877550	12690846
11877550	12690848
11877551	10596969
11877552	10596969
11877554	10596969
11877558	10094224
11877558	11877859
11877558	11877905
11877559	7627627
11877563	8381202
11877567	10094224
11877567	11877858
11877568	12852028
11877568	12852029
11877568	12852968
11877568	12852969
11877568	12852971
11877568	12852972
11877570	6273434
11877571	6273434
11877574	11878910
11877576	7229537
11877577	11878911
11877578	12179871
11877579	13015610
11877582	5737987
11877584	7386355
11877585	9865259
11877586	9865259
11877587	13085520
11877587	13085525
11877589	7513111
11877589	7516676
11877591	12993036
11877593	12993035
11877596	11877597
11877597	11877596
11877599	943223
11877599	12792064
11877600	5702174
11877602	5702174
11877603	12992931
11877604	5702174
11877605	5702174
11877606	12993030
11877608	943252
11877608	12792055
11877609	5702174
11877611	5702174
11877612	12379953
11877613	12993034
11877615	8366701
11877615	8366702
11877615	8366705
11877615	8916719
11877615	8917795
11877617	12993033
11877618	12993032
11877620	5576974
11877621	5576974
11877623	5576974
11877625	5576974
11877628	12688874
11877628	12688876
11877629	6233058
11877630	13450448
11877631	13038948
11877632	6233058
11877633	6233058
11877634	6233058
11877636	12749283
11877636	12749284
11877637	13452962
11877638	12240779
11877638	12240782
11877638	12246175
11877638	12246176
11877640	12639908
11877640	12639909
11877640	12639910
11877641	5858545
11877641	13244735
11877643	5858545
11877645	11877649
11877646	5858545
11877647	5858545
11877649	11877645
11877651	12884125
11877651	12884126
11877652	2542198
11877653	2542198
11877654	2542198
11877654	13275341
11877655	2542198
11877655	13275341
11877656	1961295
11877656	11887027
11877656	11898767
11877657	1961295
11877657	11887027
11877658	6524622
11877659	767603
11877659	12792021
11877659	12792032
11877660	6524622
11877661	767603
11877661	12792016
11877661	12792017
11877662	6524622
11877663	6524622
11877665	6524622
11877666	6524622
11877667	8174290
11877670	12915117
11877671	5363896
11877674	12814272
11877674	12814274
11877674	12814277
11877674	12915118
11877675	12915125
11877676	12915121
11877677	13105644
11877679	8537124
11877680	13059783
11877680	13059785
11877680	13059786
11877681	8537124
11877682	12915127
11877684	8537124
11877685	559839
11877687	8537124
11877688	559839
11877688	12792002
11877688	12792007
11877689	8537124
11877690	10899255
11877690	13583375
11877691	8537124
11877693	6017278
11877693	6017279
11877693	8285728
11877693	8417849
11877695	6017278
11877695	6017279
11877696	10232987
11877697	10232987
11877699	11877702
11877700	13603327
11877700	13603328
11877700	13603329
11877701	2278288
11877702	11877699
11877703	10919052
11877703	11897089
11877703	11942742
11877703	11945962
11877704	6519262
11877704	13266423
11877705	6519262
11877706	1935039
11877706	1935040
11877707	6519262
11877708	8231048
11877709	6519262
11877710	11209645
11877711	236726
11877712	11209645
11877713	7480167
11877714	11209645
11877715	11209645
11877717	12654569
11877720	9833080
11877720	12243693
11877721	6517427
11877722	10976579
11877722	12007670
11877722	12007671
11877722	13644408
11877723	2111341
11877724	10976579
11877725	11877745
11877725	11877769
11877725	11877770
11877725	12249754
11877726	7737489
11877727	7737489
11877730	7737489
11877731	11883342
11877732	11891263
11877733	11891490
11877734	7737489
11877735	11464832
11877736	8752770
11877737	7737489
11877739	7737489
11877740	6141015
11877741	12753379
11877742	9257824
11877742	11877768
11877745	11877725
11877745	11877770
11877747	2544936
11877749	12546320
11877749	12546321
11877750	11878908
11877750	11878909
11877750	13062807
11877751	11877752
11877752	11877751
11877753	535547
11877753	1228367
11877753	1699134
11877755	4155995
11877755	11605900
11877756	11101245
11877756	11877766
11877757	12668342
11877757	12668343
11877758	8160898
11877759	11851956
11877759	11877760
11877760	11877759
11877761	6123460
11877762	11877934
11877762	12406896
11877763	11877933
11877763	12274784
11877764	3481973
11877765	3481973
11877766	11877756
11877767	10109330
11877767	11877855
11877768	11877742
11877769	11877725
11877770	11877725
11877770	11877745
11877772	11877773
11877773	11877772
11877774	11877932
11877774	11878906
11877774	11878907
11877775	2264336
11877776	2264336
11877777	11877931
11877777	13671773
11877777	13671774
11877778	2264336
11877779	2264336
11877781	2264336
11877782	2264336
11877783	6665977
11877783	12792256
11877785	10673161
11877786	6655448
11877786	7360650
11877787	8787226
11877788	8787226
11877789	8787226
11877790	2506466
11877790	3692211
11877790	4780247
11877790	10844665
11877791	8787226
11877791	13135887
11877792	11878905
11877793	9893443
11877793	9930555
11877794	13810825
11877794	13810826
11877794	13810935
11877794	13810937
11877794	13810960
11877794	13810961
11877795	9930555
11877797	3524857
11877797	3524868
11877798	11861269
11877799	8425847
11877799	8425886
11877799	13121823
11877799	13121825
11877799	13121826
11877800	2315778
11877800	11877850
11877800	11877851
11877801	6283915
11877801	12226594
11877802	10682701
11877803	11877804
11877804	11877803
11877805	7410522
11877806	762942
11877806	13139836
11877807	4532888
11877807	6887697
11877808	2511375
11877808	2511377
11877809	9711977
11877810	10208191
11877811	11820016
11877812	10052516
11877813	10228665
11877814	10819576
11877815	10821645
11877816	11249329
11877817	11650706
11877818	8126538
11877819	8126538
11877820	8126538
11877821	8126575
11877822	10954695
11877823	11503401
11877824	10954695
11877825	11503427
11877826	11693672
11877827	8147750
11877828	11503411
11877829	11746615
11877830	11746647
11877831	11746647
11877832	9825134
11877833	2840290
11877834	11877835
11877835	11877834
11877836	214208
11877837	2126430
11877838	3776076
11877839	8858163
11877839	11877856
11877839	12450856
11877841	3431109
11877842	8319827
11877843	8319827
11877844	3448910
11877844	12472385
11877845	9811203
11877845	12878076
11877846	9811203
11877847	9811203
11877848	10592908
11877849	2315778
11877850	2315778
11877850	11877800
11877851	11877800
11877852	1512944
11877855	11877767
11877856	11877839
11877856	12450856
11877856	13252946
11877857	2952991
11877857	8186004
11877857	8791471
11877858	11877567
11877859	11877558
11877859	11877905
11877860	4937888
11877860	11877381
11877861	4937888
11877861	11877381
11877862	6509959
11877862	11877367
11877863	1747612
11877863	1747650
11877863	11877354
11877864	1747612
11877865	9954474
11877865	11877323
11877866	11877867
11877867	11877866
11877869	1675735
11877869	11877125
11877870	10132197
11877871	2203037
11877871	9253977
11877871	9253979
11877872	9334032
11877872	11877881
11877872	11877883
11877873	465720
11877874	465720
11877875	6336331
11877875	11877877
11877875	11877882
11877876	11877879
11877877	6336330
11877877	6336331
11877877	8362611
11877877	11877875
11877878	11877354
11877879	11877876
11877880	6523908
11877880	6523909
11877881	9334032
11877881	11877872
11877882	11877875
11877883	11877872
11877885	283305
11877885	336755
11877885	4064400
11877885	5055224
11877886	2218438
11877887	2218438
11877888	7164
11877888	254208
11877888	1349522
11877888	1852901
11877889	3199884
11877891	3199884
11877892	8689943
11877893	6264026
11877894	8916958
11877895	8916958
11877896	5956008
11877897	3333954
11877898	3333954
11877899	64046
11877900	64046
11877901	8689940
11877901	11561722
11877901	11561723
11877902	7678869
11877903	5740724
11877903	11877906
11877903	11877907
11877904	437067
11877904	437068
11877905	11877558
11877905	11877859
11877906	11877903
11877907	11877903
11877910	510812
11877910	880337
11877911	5740724
11877912	259772
11877912	1050047
11877914	9423619
11877915	263996
11877917	1023969
11877917	9049800
11877918	9233045
11877918	11877919
11877918	11877920
11877919	9233045
11877919	11877918
11877920	9233045
11877920	11877918
11877921	1272198
11877924	6126104
11877924	11877925
11877924	11877926
11877924	11877927
11877924	11877928
11877924	11877929
11877924	11877930
11877925	6126104
11877925	11877924
11877926	6126104
11877926	11877924
11877927	6126104
11877927	11877924
11877928	6126104
11877928	11877924
11877929	6126104
11877929	11877924
11877930	6126104
11877930	11877924
11877931	11877777
11877931	13149780
11877932	11877774
11877933	11877763
11877933	11881037
11877933	12274784
11877934	11877762
11877934	11877936
11877934	12406896
11877935	9161807
11877936	11877934
11877937	4666056
11877938	3172408
11877941	11875410
11877941	13782597
11877942	11875391
11877943	11875318
11877943	13245391
11877944	11877945
11877945	11877944
11877946	9260
11877946	9276
11877946	19649
11877946	19683
11877946	19690
11877946	336765
11877946	337001
11877946	342540
11877946	344469
11877946	355372
11877946	368285
11877946	491232
11877946	504146
11877946	553431
11877946	836076
11877946	1184075
11877946	1683199
11877946	3050037
11877947	9271
11877947	9273
11877947	19649
11877947	19683
11877947	19690
11877947	412937
11877947	504146
11877947	553431
11877947	836077
11877947	836078
11877947	1184075
11877947	2107141
11877947	3050037
11877948	11877949
11877949	11877948
11877950	11875304
11877951	6897427
11877951	8926675
11877951	11877952
11877952	3831729
11877952	4020178
11877952	10006643
11877952	11877951
11877952	11972579
11877953	7164342
11877953	11877954
11877953	11877955
11877953	11877956
11877954	11877953
11877955	11877953
11877956	7164342
11877956	11877953
11877957	143873
11877957	11877994
11877958	1670204
11877958	9855466
11877959	1020637
11877959	1670204
11877959	9855466
11877960	2237227
11877960	2237691
11877961	11877963
11877961	11878017
11877962	2237227
11877962	2237691
11877963	11877961
11877963	11878017
11877963	11884267
11877963	12007667
11877963	12007668
11877963	12007669
11877964	2236648
11877965	2236648
11877966	2236648
11877967	2237227
11877967	2237691
11877968	1671663
11877969	11886712
11877970	5753471
11877971	5753471
11877972	9548788
11877973	11877974
11877974	11877973
11877975	3325415
11877976	5151223
11877977	5151223
11877978	71998
11877979	462822
11877980	2107580
11877980	2144933
11877980	2190724
11877980	2190732
11877980	2190740
11877980	2190743
11877980	2190744
11877980	2202915
11877980	2236782
11877980	2429686
11877980	3837072
11877980	3837075
11877980	4258373
11877980	4271786
11877980	4342553
11877980	7397582
11877980	7397583
11877980	7493681
11877980	10088851
11877981	2236782
11877982	2236782
11877982	8156154
11877983	3171127
11877984	2236782
11877985	3171127
11877986	11877987
11877987	11877986
11877988	3171127
11877989	2236782
11877990	462656
11877991	3171278
11877992	3171278
11877993	3467092
11877993	11896129
11877994	143873
11877994	270693
11877994	11877957
11877995	6626441
11877995	12823166
11877996	6626441
11877996	12823166
11877997	60603
11877998	4341901
11877998	11878000
11877999	11878039
11877999	11878046
11878000	4341901
11878000	11877998
11878001	11878002
11878002	11878001
11878003	8349976
11878004	11159154
11878005	49979
11878006	49979
11878007	1258996
11878008	5731979
11878009	2627957
11878009	11878018
11878009	11878300
11878010	11878011
11878010	11893403
11878010	11893405
11878010	12814155
11878010	13655376
11878010	13655377
11878011	11878010
11878011	12814155
11878012	2627957
11878013	11878014
11878014	11878013
11878015	2627957
11878015	11878300
11878016	2627957
11878016	6558410
11878016	11233171
11878016	11878018
11878016	11878037
11878016	11878596
11878016	11887043
11878017	11877961
11878017	11877963
11878017	11884267
11878018	2627957
11878018	3642744
11878018	5601690
11878018	11878009
11878018	11878016
11878018	11878021
11878018	11887043
11878019	9448062
11878020	11878023
11878021	2627957
11878021	11878018
11878021	11878037
11878022	11878024
11878023	11878020
11878024	11878022
11878025	10760144
11878025	11878033
11878025	12513212
11878025	13268362
11878025	13268363
11878025	13291408
11878025	13800920
11878025	13800921
11878025	13801605
11878025	13801606
11878025	13801607
11878026	2627957
11878027	8307189
11878027	8653981
11878027	11425316
11878027	12513216
11878027	13268393
11878027	13291421
11878027	13291422
11878027	13291423
11878029	7259351
11878030	9234674
11878030	11878032
11878030	12513229
11878030	13183565
11878030	13268390
11878030	13291420
11878031	9234674
11878031	11878032
11878032	11878030
11878032	11878031
11878033	11633660
11878033	11878025
11878034	2627957
11878034	11233171
11878034	11878037
11878035	3601714
11878035	11438204
11878035	12513213
11878035	13183559
11878035	13211467
11878035	13268361
11878036	3601714
11878036	11986948
11878037	2627957
11878037	3642744
11878037	3642745
11878037	11878016
11878037	11878021
11878037	11878034
11878038	9082786
11878038	11878041
11878039	11877999
11878040	9082786
11878040	11878041
11878040	12513244
11878041	11878038
11878041	11878040
11878043	9416353
11878043	13268388
11878043	13291425
11878045	11256350
11878046	11877999
11878047	11438203
11878048	11878050
11878049	11878051
11878049	11878052
11878049	11878054
11878049	11878055
11878049	11878056
11878049	11878057
11878049	11878060
11878049	11878061
11878049	11878062
11878049	11878063
11878049	11878064
11878050	11878048
11878051	11878049
11878051	11878055
11878051	11878056
11878051	11878057
11878051	11878061
11878051	11878062
11878051	11878063
11878051	11878064
11878052	11878049
11878053	2547499
11878053	3978944
11878053	3978950
11878053	4557093
11878053	5472337
11878054	11878049
11878054	11878063
11878055	11878049
11878055	11878051
11878055	11878064
11878056	11878049
11878056	11878051
11878057	11878049
11878057	11878051
11878057	11878064
11878058	11351136
11878058	12513270
11878059	11351136
11878060	11878049
11878061	11878049
11878061	11878051
11878061	11878064
11878062	11878049
11878062	11878051
11878062	11878064
11878063	11878049
11878063	11878051
11878063	11878054
11878063	11878064
11878064	11878049
11878064	11878051
11878064	11878055
11878064	11878057
11878064	11878061
11878064	11878062
11878064	11878063
11878065	3605713
11878066	10475656
11878067	5544641
11878067	10491600
11878067	10491601
11878067	13672490
11878068	11560913
11878069	11875408
11878069	12343722
11878071	19412
11878071	447491
11878071	574032
11878071	874666
11878071	874667
11878071	874673
11878074	11561165
11878074	11563211
11878083	313135
11878085	11718763
11878086	10760139
11878086	13687977
11878087	11876828
11878088	10760139
11878088	13333809
11878088	13333810
11878091	75956
11878091	11888077
11878094	9817912
11878096	7122039
11878097	11878099
11878097	11878104
11878097	11878106
11878097	11878108
11878097	11878112
11878097	11878121
11878097	11878123
11878097	11878131
11878097	11878135
11878097	11878138
11878097	11878139
11878097	11878140
11878097	11878141
11878097	12008389
11878097	12035392
11878097	12035398
11878097	12035408
11878097	12056737
11878097	12056740
11878097	12056746
11878097	12056748
11878097	12604457
11878099	11878097
11878099	12035398
11878099	12035408
11878099	12056737
11878099	12056740
11878099	12056746
11878099	12056748
11878103	7122039
11878103	13334022
11878103	13334024
11878104	11878097
11878106	11878097
11878106	11878131
11878106	11878141
11878106	12035398
11878108	11878097
11878109	13245516
11878111	13507988
11878112	11878097
11878112	12035398
11878112	12056737
11878112	12056740
11878112	12056746
11878112	12056748
11878114	12008992
11878116	11963976
11878117	11993154
11878119	256490
11878119	11380781
11878119	11636852
11878119	13268478
11878121	11878097
11878121	12035398
11878121	12056737
11878121	12056740
11878121	12056748
11878122	12916246
11878123	11878097
11878123	11878141
11878125	7122039
11878131	11878097
11878131	11878106
11878131	11878141
11878132	11878136
11878132	11878142
11878132	12736731
11878133	11878137
11878133	11878142
11878133	11878235
11878133	11878257
11878133	12736731
11878134	262875
11878135	11878097
11878135	12035398
11878135	12056737
11878135	12056740
11878135	12056748
11878136	11878132
11878136	11878142
11878136	11878256
11878136	12736731
11878137	11878133
11878137	11878142
11878137	11878235
11878137	11878257
11878137	12736731
11878138	11878097
11878138	11878141
11878139	11878097
11878139	11878141
11878140	11878097
11878140	11878141
11878140	12035398
11878140	12056737
11878140	12056740
11878140	12056746
11878140	12056748
11878141	11878097
11878141	11878106
11878141	11878123
11878141	11878131
11878141	11878138
11878141	11878139
11878141	11878140
11878142	11878132
11878142	11878133
11878142	11878136
11878142	11878137
11878142	11878146
11878142	11878235
11878142	11878256
11878142	11878257
11878142	12736731
11878143	262875
11878144	262696
11878145	11878147
11878145	12839300
11878146	11878142
11878147	11878145
11878149	1107036
11878149	10730851
11878150	1107036
11878152	12406091
11878153	11983208
11878154	11878155
11878154	11878159
11878154	11878160
11878154	11878163
11878154	11878175
11878154	11878181
11878154	11878185
11878154	11878194
11878154	11878196
11878154	11878197
11878154	11878199
11878154	11878207
11878155	11878154
11878155	11878175
11878157	4013624
11878157	6153705
11878159	11878154
11878160	11878154
11878162	11878168
11878163	11878154
11878163	11878175
11878165	12763590
11878165	12763591
11878167	12511664
11878168	11878162
11878169	13154200
11878169	13154201
11878175	11878154
11878175	11878155
11878175	11878163
11878175	11878199
11878176	13501925
11878179	13657037
11878181	11878154
11878182	6258944
11878183	3360470
11878185	11878154
11878186	12877905
11878187	3342810
11878188	13409453
11878189	2358912
11878189	2485765
11878189	2485766
11878189	5128983
11878189	8653767
11878189	11878191
11878190	12262587
11878191	2358912
11878191	2485765
11878191	2485766
11878191	5128983
11878191	8653767
11878191	11878189
11878194	11878154
11878195	12102338
11878196	11878154
11878197	11878154
11878198	11878205
11878199	11878154
11878199	11878175
11878205	11878198
11878206	11878330
11878207	11878154
11878209	11878329
11878215	12822847
11878216	11561165
11878216	11563211
11878219	11135180
11878220	11878228
11878221	12441618
11878223	12157067
11878223	12355186
11878227	11907820
11878228	11878220
11878234	2808059
11878235	11878133
11878235	11878137
11878235	11878142
11878235	11878256
11878235	11878257
11878235	12736731
11878236	12410190
11878237	12523857
11878240	11878326
11878240	12906360
11878247	11878649
11878250	11878269
11878254	11727719
11878256	11878136
11878256	11878142
11878256	11878235
11878256	12736731
11878257	11878133
11878257	11878137
11878257	11878142
11878257	11878235
11878257	12736731
11878259	11891492
11878259	11891493
11878259	11891494
11878260	13504997
11878262	12944590
11878264	11878323
11878264	12183275
11878267	12879804
11878268	11878271
11878269	11878250
11878270	13037681
11878271	11878268
11878273	11878566
11878274	9326951
11878276	11878322
11878276	12075375
11878276	12075376
11878279	11878320
11878280	11878565
11878280	12523858
11878280	13341188
11878282	11878286
11878282	11878288
11878282	11878293
11878282	11878295
11878282	11878302
11878282	11878305
11878282	11878306
11878282	11878308
11878282	11878312
11878282	11878315
11878282	11878317
11878282	11878319
11878282	11878321
11878283	11878563
11878284	11878292
11878284	11878561
11878284	11878803
11878286	11878282
11878286	11878302
11878286	11878306
11878288	11878282
11878290	2358912
11878291	13438373
11878292	11878284
11878293	11878282
11878295	11878282
11878295	11878302
11878295	11878306
11878296	11878298
11878298	11878296
11878300	2627957
11878300	11233171
11878300	11878009
11878300	11878015
11878302	11878282
11878302	11878286
11878302	11878295
11878302	11878305
11878302	11878317
11878302	11878319
11878304	11878307
11878305	11878282
11878305	11878302
11878305	11878321
11878306	11878282
11878306	11878286
11878306	11878295
11878306	11878310
11878307	11878304
11878308	11878282
11878310	11878306
11878312	11878282
11878315	11878282
11878315	11878321
11878317	11878282
11878317	11878302
11878317	11878321
11878318	12062862
11878319	11878282
11878319	11878302
11878319	11878321
11878320	11878279
11878321	11878282
11878321	11878305
11878321	11878315
11878321	11878317
11878321	11878319
11878322	11878276
11878323	11878264
11878325	13077599
11878326	11878240
11878329	11878209
11878330	11878206
11878333	11878336
11878333	11878340
11878333	11878342
11878333	11878344
11878333	11878346
11878333	11878349
11878333	11878354
11878333	11878357
11878333	11878360
11878333	11878364
11878333	11878366
11878333	11878558
11878335	7683239
11878335	13564701
11878336	11878333
11878336	11878346
11878337	7683239
11878337	13564703
11878338	7683239
11878338	13564706
11878339	43980
11878339	7683239
11878339	13564700
11878340	11878333
11878342	11878333
11878342	13504618
11878344	11878333
11878344	11878346
11878345	9161143
11878346	11878333
11878346	11878336
11878346	11878344
11878346	11878349
11878346	11878364
11878349	11878333
11878349	11878346
11878350	9161142
11878352	392466
11878352	538909
11878354	11878333
11878356	9163107
11878357	11878333
11878360	11878333
11878361	12608882
11878364	11878333
11878364	11878346
11878365	13069156
11878366	11878333
11878367	12732727
11878368	3100370
11878376	13581939
11878376	13581941
11878378	10331075
11878379	11247895
11878380	5017971
11878380	12272664
11878381	5003760
11878383	12142597
11878384	10473567
11878384	12345386
11878384	12353522
11878385	13558107
11878386	1082679
11878388	9177822
11878391	9177822
11878393	12047340
11878395	6682294
11878396	11878397
11878396	11878400
11878396	11878401
11878396	11878402
11878396	11878407
11878396	11878410
11878396	11878412
11878396	11878418
11878396	11878894
11878396	11878897
11878396	11881189
11878396	11881204
11878396	11884408
11878396	11884413
11878396	12226541
11878396	12723892
11878396	13801503
11878397	11878396
11878397	11878400
11878397	11878401
11878397	11878402
11878397	11878407
11878397	11878410
11878397	11878412
11878397	11878418
11878397	11878424
11878397	11878435
11878397	11878442
11878397	11878894
11878397	11878897
11878397	11881189
11878397	11881204
11878397	11884408
11878397	13801503
11878398	7883885
11878399	2712715
11878399	2941718
11878399	3059959
11878399	12040727
11878400	11878396
11878400	11878397
11878400	11878401
11878400	11878402
11878400	11878407
11878400	11878410
11878400	11878412
11878400	11878418
11878400	11878894
11878400	11878897
11878400	11881189
11878400	11881204
11878400	11884408
11878400	13801503
11878401	11878396
11878401	11878397
11878401	11878400
11878401	11878402
11878401	11878407
11878401	11878410
11878401	11878412
11878401	11878418
11878401	11878894
11878401	11878897
11878401	11881189
11878401	11881204
11878401	11884408
11878401	11884413
11878401	13313216
11878401	13801503
11878402	11878396
11878402	11878397
11878402	11878400
11878402	11878401
11878402	11878407
11878402	11878410
11878402	11878412
11878402	11878418
11878402	11878894
11878402	11878897
11878402	11881189
11878402	11881204
11878402	11884408
11878402	13801503
11878407	11878396
11878407	11878397
11878407	11878400
11878407	11878401
11878407	11878402
11878407	11878410
11878407	11878412
11878407	11878418
11878407	11878894
11878407	11878897
11878407	11881189
11878407	11881204
11878407	11884408
11878407	13801503
11878408	13522841
11878409	2969889
11878410	11878396
11878410	11878397
11878410	11878400
11878410	11878401
11878410	11878402
11878410	11878407
11878410	11878412
11878410	11878418
11878410	11878435
11878410	11878442
11878410	11878894
11878410	11878897
11878410	11881189
11878410	11881204
11878410	11884408
11878410	13801503
11878411	11878413
11878411	11878414
11878412	11878396
11878412	11878397
11878412	11878400
11878412	11878401
11878412	11878402
11878412	11878407
11878412	11878410
11878412	11878418
11878412	11878894
11878412	11878897
11878412	11881189
11878412	11881204
11878412	11884408
11878412	13801503
11878413	11878411
11878413	11878414
11878413	12527395
11878413	12527396
11878414	11878411
11878414	11878413
11878414	11878423
11878414	11878554
11878414	12527395
11878414	12527396
11878415	11878416
11878415	11878417
11878415	11878419
11878416	11878415
11878416	11878419
11878417	11878415
11878417	11878419
11878418	11878396
11878418	11878397
11878418	11878400
11878418	11878401
11878418	11878402
11878418	11878407
11878418	11878410
11878418	11878412
11878418	11878894
11878418	11878897
11878418	11881189
11878418	11881204
11878418	11884408
11878418	13801503
11878419	11878415
11878419	11878416
11878419	11878417
11878420	1012894
11878423	11878414
11878424	11878397
11878424	11878435
11878424	11878440
11878424	11878442
11878424	11881189
11878424	13801503
11878425	3566230
11878426	8344963
11878427	2199451
11878427	12552749
11878427	12552754
11878427	13504646
11878428	7791539
11878429	2199451
11878429	12552749
11878429	12552754
11878430	2199451
11878430	12552748
11878430	12552751
11878430	12552752
11878430	12552753
11878431	13415811
11878433	13415810
11878434	11937420
11878435	11878397
11878435	11878410
11878435	11878424
11878435	11878440
11878435	11878442
11878435	11878553
11878435	11881189
11878435	12226541
11878435	12362384
11878435	12362385
11878435	12723892
11878435	13801503
11878437	7164959
11878439	1737415
11878440	11878424
11878440	11878435
11878440	11878442
11878440	11881189
11878440	13801503
11878441	6243300
11878442	11878397
11878442	11878410
11878442	11878424
11878442	11878435
11878442	11878440
11878442	11881189
11878442	13801503
11878443	2237392
11878443	9420188
11878444	6362525
11878445	7178756
11878446	40087
11878446	339608
11878446	413890
11878446	6074375
11878446	6457203
11878447	9937391
11878447	10631798
11878447	10631800
11878450	5660981
11878450	5660984
11878450	6355538
11878450	6466166
11878450	6466167
11878450	8553714
11878450	13320587
11878450	13320588
11878450	13320593
11878450	13320594
11878450	13335352
11878451	6943304
11878451	9960944
11878451	12926251
11878452	2826435
11878453	11587279
11878454	3826003
11878454	4992748
11878454	4992753
11878454	4992754
11878454	4995534
11878454	5646098
11878454	8323051
11878454	11880208
11878455	2040820
11878455	3032723
11878455	3032874
11878456	2040820
11878456	2040822
11878456	5567458
11878456	7794814
11878457	131512
11878457	293411
11878457	710794
11878457	757778
11878457	13431157
11878458	7375790
11878459	8475831
11878460	3728978
11878461	7320328
11878462	3181533
11878463	11456455
11878464	3763412
11878465	2541682
11878466	434718
11878466	12035616
11878467	8194849
11878467	11878576
11878468	10876090
11878469	7255584
11878470	7255659
11878471	10130316
11878472	7817163
11878472	11878479
11878473	2669412
11878474	10059716
11878476	10059674
11878477	10053038
11878478	6151385
11878479	11878472
11878480	10033066
11878482	11878552
11878484	11878493
11878484	11878499
11878485	262342
11878485	4320600
11878486	14703
11878486	262342
11878486	1300842
11878486	12529460
11878487	1726014
11878488	1801128
11878488	5640261
11878489	10992137
11878490	5640261
11878490	7499103
11878490	11878491
11878491	5640261
11878491	11878490
11878492	7289951
11878493	11878484
11878493	11878499
11878493	11878551
11878493	12381339
11878493	12856042
11878494	11878496
11878496	11878494
11878496	12962413
11878499	11878484
11878499	11878493
11878501	3388281
11878502	2064654
11878502	2603111
11878502	11904300
11878503	11655041
11878503	11655053
11878503	11904296
11878504	33465
11878504	521767
11878504	1083186
11878504	1088140
11878504	1088147
11878504	2305966
11878505	33465
11878505	361369
11878505	521767
11878505	817102
11878505	957258
11878505	1083186
11878505	1084809
11878505	1206685
11878505	5029043
11878506	2203115
11878506	2605964
11878506	11904290
11878506	11904292
11878506	11904293
11878507	11878508
11878507	11878647
11878508	11878507
11878509	856083
11878509	13543673
11878510	11878648
11878511	2604943
11878511	11904263
11878512	2101790
11878513	4134959
11878513	11904256
11878513	11904260
11878514	1168557
11878515	10455251
11878515	10455252
11878516	10455251
11878516	10455252
11878517	6736824
11878518	3622603
11878519	9705220
11878520	2114800
11878521	11174558
11878522	10055613
11878523	10055613
11878524	5941353
11878525	4338865
11878526	9250515
11878527	10710800
11878528	2051130
11878529	11878537
11878530	2040675
11878530	4338861
11878531	4338861
11878532	4338861
11878533	11281914
11878534	10691636
11878535	10661284
11878536	10661284
11878537	11878529
11878539	10011175
11878540	8913605
11878541	8913605
11878542	9165864
11878543	11881173
11878545	11878546
11878545	12874609
11878546	11878545
11878546	12874609
11878547	3916031
11878547	4097473
11878547	5551274
11878547	7269634
11878547	7269635
11878548	8087881
11878548	11878556
11878549	1961691
11878549	7171371
11878549	7171372
11878549	7171803
11878550	10624803
11878551	11878493
11878552	11878482
11878553	11878435
11878554	11878414
11878555	8087881
11878556	11878548
11878557	8931533
11878557	8931535
11878558	11878333
11878559	11857550
11878559	11858619
11878560	11857550
11878560	11858620
11878561	11878284
11878562	11857840
11878562	11858563
11878563	11878283
11878565	11878280
11878566	11878273
11878567	11878568
11878567	11878571
11878567	11878572
11878567	11878573
11878567	11878575
11878567	11878577
11878567	11878578
11878567	11878579
11878567	11878580
11878567	11878581
11878567	11878582
11878567	11878583
11878567	11878690
11878567	11878691
11878567	11878798
11878567	12130998
11878568	11878567
11878568	11878575
11878568	11878583
11878569	6780549
11878569	7861364
11878570	2359795
11878570	2565627
11878570	2565628
11878570	6270734
11878571	11878567
11878571	11878572
11878572	11878567
11878572	11878571
11878572	11878582
11878572	11901172
11878573	11878567
11878573	11878575
11878573	11878583
11878574	2421444
11878574	2421679
11878575	11878567
11878575	11878568
11878575	11878573
11878575	11878577
11878575	11878582
11878576	11878467
11878577	11878567
11878577	11878575
11878577	11878583
11878578	11878567
11878579	11878567
11878580	11878567
11878580	11878583
11878581	11878567
11878581	11878583
11878582	11878567
11878582	11878572
11878582	11878575
11878582	11878583
11878583	11878567
11878583	11878568
11878583	11878573
11878583	11878577
11878583	11878580
11878583	11878581
11878583	11878582
11878584	11878585
11878585	11878584
11878586	11878587
11878587	11878586
11878588	10695774
11878588	10696156
11878588	10696349
11878588	10696454
11878588	10696457
11878588	10696876
11878588	10698101
11878588	10701681
11878588	10701682
11878588	11654389
11878588	11874899
11878588	11878589
11878588	11878590
11878588	11878591
11878588	11957898
11878588	11957899
11878588	11957901
11878588	11957902
11878588	11957910
11878588	11972373
11878588	12047329
11878589	10695774
11878589	10696156
11878589	10696349
11878589	10696454
11878589	10696876
11878589	10698101
11878589	10701681
11878589	10701682
11878589	11654389
11878589	11874899
11878589	11878588
11878589	11878591
11878589	11957898
11878589	11957899
11878589	11957901
11878589	11957902
11878589	11957910
11878589	11972373
11878589	12047329
11878590	10695774
11878590	10696156
11878590	10696349
11878590	10696454
11878590	10696876
11878590	10698101
11878590	10701681
11878590	10701682
11878590	11654389
11878590	11874899
11878590	11878588
11878590	11878591
11878590	11957898
11878590	11957899
11878590	11957901
11878590	11957902
11878590	11957910
11878590	11972373
11878590	12047329
11878591	10695774
11878591	10696156
11878591	10696349
11878591	10696454
11878591	10696876
11878591	10698101
11878591	10701681
11878591	10701682
11878591	11654389
11878591	11874899
11878591	11878588
11878591	11878589
11878591	11878590
11878591	11957898
11878591	11957899
11878591	11957901
11878591	11957902
11878591	11957910
11878591	11972373
11878591	12047329
11878592	11874902
11878592	11878593
11878592	11878594
11878593	10696157
11878593	10696348
11878593	10696452
11878593	10696879
11878593	10696882
11878593	10697255
11878593	10697377
11878593	10698024
11878593	10698435
11878593	10698439
11878593	10698656
11878593	10723866
11878593	11874902
11878593	11878592
11878593	11878594
11878594	10696157
11878594	10696348
11878594	10696452
11878594	10696879
11878594	10696882
11878594	10697255
11878594	10697377
11878594	10698024
11878594	10698435
11878594	10698439
11878594	10698656
11878594	10723866
11878594	11874902
11878594	11878592
11878594	11878593
11878595	33465
11878595	817102
11878595	5029043
11878596	11878016
11878600	11878601
11878601	11878600
11878603	12549457
11878605	12428240
11878606	11875496
11878609	11875467
11878610	330254
11878613	11878614
11878614	11878613
11878618	13811435
11878621	12597209
11878621	12597211
11878622	11883617
11878622	11883618
11878626	12608997
11878628	13576823
11878629	13336981
11878629	13336983
11878631	13438178
11878631	13438180
11878636	13503371
11878636	13503372
11878638	13260591
11878639	11878640
11878639	11878641
11878639	11878642
11878640	11878639
11878641	11878639
11878642	11878639
11878643	13084589
11878646	3907338
11878647	11878507
11878648	11878510
11878649	11878247
11878656	11879157
11878657	11878658
11878658	11878657
11878659	11878660
11878660	11878659
11878660	11957537
11878661	11878662
11878662	11878661
11878663	11878664
11878664	11878663
11878665	11878686
11878674	13300070
11878678	12060415
11878678	12060419
11878680	13601081
11878684	13511982
11878686	11878665
11878687	11878688
11878688	11878687
11878688	12091664
11878688	12091665
11878688	12240000
11878689	11878714
11878690	11878567
11878691	11878567
11878692	13249508
11878696	11878727
11878697	11878728
11878698	11878721
11878700	8676728
11878702	12034857
11878704	13408461
11878705	12558049
11878705	12558051
11878714	11878689
11878714	13577983
11878716	13357702
11878721	11878698
11878722	11878723
11878723	11878722
11878724	13497250
11878725	11878726
11878726	11878725
11878727	11878696
11878727	12140307
11878728	11878697
11878728	13341428
11878729	11878730
11878729	12821391
11878730	11878729
11878731	1189414
11878731	6611686
11878731	11882722
11878731	11882724
11878731	11882726
11878731	11882727
11878732	11878733
11878733	11878732
11878734	11288726
11878735	11132626
11878736	11288726
11878737	11878904
11878737	11881251
11878737	11881263
11878738	9964770
11878738	12849712
11878739	8350735
11878739	9964770
11878740	10054438
11878741	10192803
11878742	10166773
11878742	11878962
11878743	9962302
11878743	12303601
11878744	11155313
11878745	10729325
11878746	10729325
11878746	13634175
11878746	13634176
11878747	12895449
11878748	11233584
11878748	13275159
11878749	11341787
11878754	10087374
11878754	12309023
11878754	12309024
11878754	12309033
11878755	10062381
11878755	12303609
11878756	10862425
11878759	9971985
11878761	2273768
11878762	5452152
11878763	11715213
11878764	11715213
11878765	11715213
11878766	11672345
11878766	12303610
11878766	13691407
11878767	10193533
11878768	10159759
11878769	8910416
11878770	11177876
11878771	11177876
11878772	11640036
11878773	11420679
11878774	10530710
11878775	8729037
11878776	6124449
11878777	3201554
11878777	12309043
11878778	10643066
11878779	2152274
11878779	11878956
11878780	9138385
11878781	9397060
11878781	13052400
11878782	9397060
11878783	1026978
11878784	264984
11878785	2810617
11878786	2810617
11878787	11149924
11878788	11149924
11878789	11135628
11878790	10885162
11878791	11883340
11878792	7548793
11878793	11246885
11878794	11676007
11878794	11878955
11878794	12105263
11878794	12302225
11878794	12302227
11878795	11676007
11878795	11828458
11878795	11828460
11878795	11878955
11878796	1150858
11878796	1804020
11878796	6583309
11878797	10743269
11878797	11878954
11878798	11878567
11878799	2199188
11878799	2200766
11878799	5220492
11878800	2068058
11878800	11894521
11878801	10830180
11878801	12584081
11878802	10830180
11878803	11878284
11878804	4494884
11878805	4494884
11878806	10830180
11878807	6710691
11878808	8390784
11878809	6268082
11878809	8596328
11878809	11894503
11878809	11894504
11878809	11894505
11878809	11894506
11878810	1731525
11878811	2207464
11878811	4155681
11878811	6673317
11878812	8728878
11878812	11894511
11878813	3726610
11878814	4153213
11878814	4154004
11878814	4154452
11878815	4493990
11878816	4873726
11878817	10142149
11878818	5350247
11878819	5366829
11878820	5366830
11878821	7736417
11878821	8337422
11878821	8797377
11878822	10296890
11878822	11878953
11878822	12586700
11878823	10296890
11878823	11878952
11878824	7785986
11878824	7786505
11878825	8040458
11878826	8512634
11878826	12878078
11878826	12878079
11878827	8832315
11878828	9189932
11878829	9422423
11878830	9735688
11878831	10683350
11878832	1650234
11878833	10740480
11878833	11878951
11878834	10740480
11878834	11878951
11878834	12302222
11878835	10006297
11878835	11878839
11878835	11878950
11878836	11690688
11878837	10128598
11878837	11878948
11878837	11878949
11878838	11421942
11878838	12212997
11878839	5298040
11878839	10006297
11878839	11878835
11878840	11421942
11878840	12212997
11878841	7890452
11878842	11418439
11878843	10176387
11878843	12302223
11878844	11418439
11878845	10513416
11878846	7104972
11878846	11885153
11878847	9452981
11878848	8257351
11878849	8257351
11878850	11878947
11878850	11879074
11878850	12297764
11878851	8257351
11878852	11365922
11878853	8219968
11878853	12906322
11878853	13324140
11878854	8355604
11878854	11900264
11878855	8355604
11878856	9069077
11878857	8355604
11878858	7526045
11878859	11376868
11878860	11376868
11878861	7526045
11878862	7526045
11878863	11066935
11878864	10698628
11878865	11066935
11878865	12244208
11878866	10698628
11878867	8335505
11878868	11412810
11878868	13658371
11878869	11412810
11878869	12597393
11878870	7545524
11878871	7637228
11878872	7637228
11878873	11161564
11878874	9117172
11878874	9117173
11878875	1819302
11878875	11894501
11878876	11131736
11878877	11131736
11878877	12230140
11878877	12230141
11878878	11578084
11878879	8643529
11878879	8643564
11878879	8643565
11878879	8643566
11878879	8643646
11878879	8643657
11878879	8643662
11878879	8643845
11878879	8643861
11878879	8643869
11878879	8809391
11878879	9391716
11878879	9525902
11878879	9980789
11878879	10120569
11878879	10120570
11878879	10120571
11878879	10703330
11878880	7723125
11878880	7891329
11878880	7891371
11878880	12275515
11878880	13798567
11878881	7723125
11878881	12275515
11878883	5132392
11878883	10461028
11878884	10561519
11878885	10782006
11878886	11409076
11878886	11409079
11878887	11409076
11878887	11409079
11878887	11878895
11878888	10609268
11878889	2448021
11878889	3461741
11878889	4442798
11878889	5500974
11878889	11877364
11878889	13093321
11878890	11305632
11878890	12275517
11878891	11305632
11878891	12819969
11878891	13496299
11878892	9514167
11878892	11465097
11878892	11894498
11878893	11877400
11878894	11878396
11878894	11878397
11878894	11878400
11878894	11878401
11878894	11878402
11878894	11878407
11878894	11878410
11878894	11878412
11878894	11878418
11878894	11878897
11878894	11881189
11878894	11881204
11878894	11884408
11878894	13801503
11878895	11878887
11878896	11133662
11878896	12275518
11878897	11878396
11878897	11878397
11878897	11878400
11878897	11878401
11878897	11878402
11878897	11878407
11878897	11878410
11878897	11878412
11878897	11878418
11878897	11878894
11878897	11881189
11878897	11881204
11878897	11884408
11878897	13801503
11878898	8840341
11878899	3716697
11878899	7116248
11878900	271209
11878901	271209
11878902	8826801
11878903	9488988
11878904	11878737
11878905	11877792
11878906	11877774
11878907	11877774
11878908	11877750
11878909	11877750
11878910	11877574
11878911	11877577
11878912	11877075
11878913	11877023
11878914	11877016
11878915	11877016
11878916	11875977
11878917	11875996
11878918	11875240
11878919	11875241
11878920	11875222
11878921	11874346
11878922	11874181
11878923	11874200
11878924	11874022
11878925	11873923
11878926	11873655
11878927	11873471
11878928	11873452
11878929	11872831
11878930	11872822
11878931	11872822
11878932	11872822
11878933	11872739
11878934	11872738
11878935	11871256
11878936	11871251
11878937	11871242
11878938	11870708
11878939	11870695
11878940	11870519
11878940	11870520
11878941	11870506
11878942	11870506
11878943	11867530
11878944	11867518
11878945	11867382
11878946	11867087
11878947	11878850
11878948	10128598
11878948	11878837
11878949	10128598
11878949	11878837
11878950	10006297
11878950	11878835
11878951	10740480
11878951	11878833
11878951	11878834
11878952	11878823
11878953	10296890
11878953	11878822
11878954	10743269
11878954	11878797
11878955	11676007
11878955	11878794
11878955	11878795
11878956	2152274
11878956	11878779
11878957	7732986
11878958	6222911
11878959	10822611
11878960	11134555
11878961	10161013
11878962	10166773
11878962	11878742
11878963	9547367
11878964	8129330
11878965	8129330
11878966	11330987
11878967	11330987
11878968	11330987
11878969	7637232
11878970	7637232
11878971	7637232
11878972	7637232
11878973	11134698
11878974	11134698
11878975	11134698
11878976	11134698
11878977	11134698
11878978	9835973
11878979	9835973
11878980	9835973
11878981	9835973
11878982	9835973
11878983	9547379
11878984	8129333
11878985	8129333
11878986	11355452
11878987	8510559
11878988	8510559
11878989	10190567
11878990	8510559
11878991	8258730
11878992	8258730
11878993	8258730
11878994	6368399
11878994	11882543
11878995	8442131
11878996	9403616
11878997	9403616
11878998	9403616
11878999	9403616
11878999	13278584
11879000	10643161
11879001	11623792
11879001	11894497
11879002	9793730
11879003	9793730
11879004	9793730
11879004	13054649
11879005	9793730
11879006	9793730
11879007	10791107
11879007	12517397
11879008	9093249
11879009	10791106
11879009	10791107
11879010	9093249
11879011	11198299
11879012	11857211
11879012	11882536
11879012	11882537
11879013	11198299
11879014	10082434
11879014	11882532
11879015	11198299
11879016	11134518
11879016	11882529
11879016	11882530
11879017	9089764
11879018	8298368
11879019	7194992
11879020	8293776
11879021	8293776
11879022	8293776
11879023	8293776
11879024	8364068
11879024	12896639
11879024	12916056
11879025	8364068
11879026	122774
11879027	8364068
11879028	8364068
11879029	8364068
11879030	11845663
11879032	11354594
11879033	2126371
11879037	11354594
11879038	7042688
11879039	7042688
11879042	12034060
11879046	10726118
11879047	10643191
11879047	11882479
11879047	13248412
11879048	10147307
11879048	11882475
11879049	10730138
11879050	11022951
11879051	10775193
11879051	11882473
11879053	13522025
11879054	11845928
11879056	11083617
11879057	4610349
11879057	12575919
11879058	8364103
11879060	8364103
11879063	2899566
11879063	11881219
11879063	11894516
11879066	1588574
11879066	11894517
11879067	11689595
11879068	12219066
11879069	8478066
11879069	11894518
11879070	11229434
11879071	10823292
11879073	3797035
11879073	5368047
11879074	10339393
11879074	11878850
11879075	6173494
11879075	12300676
11879076	13464974
11879077	10740862
11879078	13582708
11879079	11341509
11879081	7143835
11879081	8827473
11879083	10241300
11879084	10018148
11879085	9937711
11879085	11461607
11879085	11882470
11879085	12302198
11879087	9969727
11879088	10864573
11879088	12303602
11879088	12303603
11879090	2427913
11879090	4973679
11879090	11894492
11879091	10871510
11879092	5214648
11879092	5215531
11879092	7176224
11879093	9585410
11879095	11121971
11879095	11882458
11879095	11882460
11879098	2574756
11879101	9509511
11879101	9509512
11879101	9509901
11879101	12585425
11879102	11874412
11879102	11894488
11879102	12257882
11879102	12258402
11879103	6946987
11879103	6949233
11879103	13279231
11879104	3904051
11879105	3904051
11879106	7399778
11879106	11893446
11879106	11893449
11879107	12885109
11879107	13464390
11879108	8519493
11879108	11893443
11879108	11893444
11879109	7402740
11879109	7405385
11879109	11784299
11879109	11894401
11879110	7402739
11879110	7405384
11879110	11784296
11879110	11894400
11879111	8476131
11879111	8675614
11879111	12573967
11879114	8740384
11879114	11267911
11879114	13482969
11879114	13482972
11879114	13484066
11879115	10221394
11879115	12403051
11879116	11879117
11879117	11879116
11879118	11325287
11879118	12301295
11879120	3088876
11879122	9543507
11879122	9548717
11879122	12402190
11879123	1930550
11879124	1695042
11879125	1326617
11879125	8263586
11879125	12827931
11879126	1176529
11879126	1284860
11879126	2699446
11879126	4193643
11879126	11790322
11879126	13649687
11879127	5469963
11879127	6870243
11879129	979396
11879130	342984
11879131	342984
11879131	567042
11879132	342984
11879132	2765665
11879133	2469832
11879133	4902574
11879133	8498631
11879133	11885902
11879133	11885908
11879134	357486
11879135	362114
11879135	888195
11879135	13672785
11879136	1314887
11879137	1314888
11879137	6205630
11879138	5346858
11879138	8502195
11879139	5377377
11879139	12654570
11879140	1341930
11879140	1341931
11879140	7814714
11879141	3332198
11879141	4557392
11879141	4941774
11879141	4941775
11879141	5365717
11879141	5365718
11879141	7349275
11879141	7370000
11879142	10077338
11879143	1846533
11879143	1846534
11879143	3291368
11879143	12997854
11879143	12997855
11879144	1683903
11879145	2017238
11879145	2036927
11879145	3453081
11879145	6463238
11879145	7897965
11879145	12638098
11879146	2036927
11879146	2628278
11879146	2628281
11879146	8511823
11879147	1916403
11879147	1918590
11879148	5782559
11879148	6103424
11879148	7675794
11879149	2270135
11879150	2270135
11879151	1524661
11879152	1524661
11879153	2325493
11879153	9463878
11879153	13339733
11879153	13490034
11879154	5673112
11879154	6917758
11879154	11171810
11879154	12069870
11879155	2242044
11879155	2242413
11879155	8447933
11879156	549496
11879156	550193
11879156	2518064
11879156	3373926
11879156	13387910
11879157	11878656
11879158	3409988
11879158	3409990
11879158	3409991
11879158	3409992
11879159	11879172
11879160	442775
11879160	442786
11879160	443191
11879160	638550
11879160	2377806
11879161	5581289
11879162	1308843
11879162	1308851
11879162	3280457
11879163	453302
11879163	453340
11879163	5340236
11879164	2702844
11879165	5483009
11879165	5483024
11879166	3371971
11879166	5344242
11879166	5344244
11879166	5658755
11879166	11891612
11879166	11939900
11879167	11863901
11879168	3260199
11879168	12030130
11879169	2997126
11879169	8504655
11879171	2073697
11879171	3251626
11879171	3255568
11879171	13125787
11879172	11879159
11879173	3509041
11879173	3739593
11879173	6923671
11879174	3739593
11879175	4555271
11879175	4563705
11879175	4565680
11879175	4566097
11879175	4566138
11879179	3047040
11879179	8766320
11879180	4164080
11879180	4164081
11879180	11879185
11879181	12360
11879181	364468
11879181	364621
11879182	3332799
11879182	3332800
11879183	3328665
11879183	3332800
11879183	8100747
11879183	9178973
11879184	3328665
11879184	3332800
11879184	8100747
11879184	9178973
11879185	4164080
11879185	5541034
11879185	11879180
11879186	4164081
11879186	5541034
11879186	11879368
11879187	2883706
11879187	2884004
11879187	5553092
11879187	5553093
11879187	5553094
11879187	5553095
11879187	6602951
11879187	13030396
11879188	4164081
11879188	5541035
11879188	11879368
11879189	2225321
11879189	11942724
11879190	2225321
11879190	2225368
11879190	11942724
11879192	12183276
11879193	12879811
11879196	13443713
11879196	13443714
11879200	11984583
11879200	12519927
11879204	1005026
11879206	12231024
11879206	12231025
11879206	13738137
11879206	13738138
11879206	13738148
11879207	11958773
11879207	12523860
11879207	12670629
11879207	13136048
11879207	13136049
11879208	12410440
11879210	13806537
11879210	13806538
11879210	13806539
11879210	13806540
11879212	128462
11879212	349966
11879213	11933638
11879217	12942265
11879218	5312477
11879219	12523861
11879222	3403967
11879222	3403968
11879222	3403969
11879222	3403971
11879222	3403974
11879222	3403976
11879222	3741404
11879222	11994059
11879222	11997193
11879222	11997194
11879222	11997195
11879222	11997196
11879223	3403967
11879223	3403968
11879223	3403969
11879223	3403971
11879223	3403974
11879223	3403976
11879223	11994059
11879223	11997193
11879223	11997194
11879223	11997195
11879223	11997196
11879223	12230567
11879224	3403967
11879224	3403968
11879224	3403969
11879224	3403971
11879224	3403974
11879224	3403976
11879224	3741404
11879224	11994059
11879224	11997193
11879224	11997194
11879224	11997195
11879224	11997196
11879225	12075359
11879225	12075360
11879226	12749945
11879234	11914391
11879235	11904531
11879245	12297588
11879247	12763590
11879247	12763591
11879247	12902935
11879248	12058084
11879252	12756730
11879255	12518369
11879256	12879812
11879257	12749753
11879261	13175362
11879266	3016565
11879267	3016565
11879267	4812767
11879270	11951083
11879270	11951084
11879270	11951086
11879270	11951087
11879273	797672
11879273	801103
11879276	12906296
11879277	341654
11879277	457460
11879277	2775733
11879277	9035273
11879280	2283307
11879281	12384261
11879285	13022151
11879287	12817192
11879291	11877129
11879291	11877361
11879291	13496002
11879296	12366676
11879297	12879816
11879300	948913
11879300	6888264
11879300	13703349
11879302	12879817
11879303	12563311
11879304	12028858
11879308	12879820
11879308	13107807
11879308	13107808
11879312	13443708
11879312	13443709
11879316	12879824
11879317	11879327
11879318	12660524
11879318	12703330
11879318	12703331
11879319	12879827
11879325	3120814
11879325	4587644
11879327	11879317
11879330	12879830
11879333	13327969
11879333	13327970
11879338	12879836
11879339	12523862
11879339	12932716
11879340	11879360
11879343	12373577
11879343	13639576
11879349	11879366
11879350	12703332
11879350	12703333
11879351	13116667
11879355	2425653
11879355	8843250
11879355	12455281
11879359	12314969
11879359	12314972
11879359	12655895
11879359	12875898
11879359	13821690
11879360	11879340
11879361	11947685
11879362	11920578
11879362	11920579
11879366	11879349
11879367	12944890
11879368	4164081
11879368	11879186
11879368	11879188
11879369	12359830
11879371	6368164
11879372	12423491
11879372	12453204
11879374	12511665
11879376	2341796
11879378	2341796
11879381	2341796
11879382	2341796
11879384	12879842
11879386	12661621
11879386	12661622
11879386	12661623
11879389	12141329
11879389	12141569
11879389	12902937
11879390	12141411
11879390	12141515
11879390	12141519
11879390	12141520
11879391	12523863
11879391	13596896
11879395	12408909
11879399	12879845
11879403	12393840
11879405	13107804
11879405	13107805
11879408	6322184
11879410	6322184
11879411	12879849
11879413	12355187
11879414	12523864
11879414	13400133
11879416	6112592
11879416	6135040
11879419	13107822
11879419	13107823
11879427	12876692
11879431	12719455
11879431	12719456
11879431	12816001
11879431	12816002
11879433	12141427
11879433	12141511
11879433	12755297
11879433	12755298
11879434	13817777
11879435	12946525
11879435	13175359
11879437	6109886
11879437	12915915
11879440	12359899
11879440	12359902
11879442	13177968
11879442	13177969
11879443	6109886
11879443	12915916
11879444	12019084
11879444	12019085
11879444	12626818
11879445	13646531
11879445	13646532
11879445	13646536
11879445	13646537
11879445	13646541
11879446	12646532
11879446	12646536
11879447	12879850
11879448	12523865
11879449	6098023
11879449	6100664
11879449	13675410
11879452	11879691
11879454	6100664
11879454	6100766
11879454	6100783
11879454	13706730
11879458	6098023
11879458	6100664
11879463	12511666
11879465	11879633
11879465	11881340
11879465	11881341
11879468	12745692
11879479	11985811
11879482	11950910
11879482	11950911
11879482	11950912
11879482	11950913
11879482	11950914
11879482	11950915
11879482	11950916
11879482	11950917
11879486	11401292
11879486	12523866
11879486	13732667
11879488	13107820
11879488	13107821
11879489	6086474
11879489	6087279
11879492	2317079
11879493	6086474
11879493	6087279
11879494	12406750
11879495	1797679
11879496	1797679
11879497	1797679
11879498	1797679
11879499	1797679
11879500	1797679
11879502	12602076
11879503	6086473
11879504	12307299
11879504	12307301
11879506	12405971
11879508	6060151
11879508	6061234
11879508	13617627
11879514	12729972
11879514	12729973
11879518	12511667
11879519	12879851
11879520	12286910
11879521	11908430
11879521	13298017
11879521	13298018
11879522	13559414
11879522	13559415
11879522	13559416
11879523	6038483
11879524	12879853
11879525	6038483
11879526	7153379
11879528	6038483
11879534	12879857
11879536	12393754
11879536	13322539
11879536	13322540
11879536	13663978
11879537	13145022
11879537	13145023
11879538	6038483
11879541	11911194
11879541	11911195
11879541	12183277
11879541	12183278
11879545	12681681
11879545	12681682
11879545	12947154
11879546	12075401
11879546	12075402
11879546	13119364
11879549	12019087
11879549	12019088
11879552	12541112
11879559	11902408
11879560	12599249
11879560	12599250
11879560	12655453
11879561	12337439
11879562	11908897
11879562	13177973
11879562	13177974
11879570	11902398
11879573	673353
11879575	3695226
11879577	3695226
11879579	12879860
11879580	12113208
11879580	12114395
11879580	12902938
11879590	1866809
11879591	12075392
11879593	12771597
11879599	12729969
11879599	12729970
11879600	13647912
11879600	13650959
11879603	1866809
11879606	1866809
11879607	1866809
11879609	12874537
11879610	12075347
11879610	13237562
11879610	13237563
11879611	12676632
11879613	2164552
11879613	7076149
11879613	10166749
11879613	12511669
11879615	9977288
11879615	11984584
11879615	12519929
11879615	13341187
11879618	12749738
11879623	11987596
11879623	13049176
11879624	13322554
11879624	13322555
11879631	12879862
11879633	11879465
11879633	11881340
11879633	11881341
11879634	12288224
11879635	12075148
11879642	11879677
11879644	13237561
11879647	12939787
11879648	12698437
11879648	12818460
11879651	12902941
11879655	12602131
11879656	12184867
11879656	12366180
11879656	12366181
11879663	11881339
11879663	12603289
11879664	12029046
11879664	12454845
11879664	12454846
11879664	12454856
11879664	12454858
11879667	12902944
11879669	11881338
11879676	3521405
11879677	11879642
11879681	12874538
11879682	12075439
11879683	12455283
11879683	12455284
11879684	12944891
11879684	13287925
11879684	13287926
11879690	10625687
11879691	11879452
11879692	8297285
11879693	8297285
11879694	8297286
11879695	8297286
11879696	8237365
11879697	10860718
11879698	11862565
11879699	10841086
11879700	10625772
11879701	10625704
11879702	10625704
11879703	10625704
11879704	10625716
11879705	10625727
11879706	10625729
11879707	10625738
11879708	10625738
11879709	10625738
11879710	10625741
11879711	10625741
11879715	11567423
11879716	11567423
11879717	10532949
11879718	10533019
11879719	11543531
11879720	11543531
11879721	11543531
11879722	9366022
11879723	10771879
11879724	11567423
11879725	10897392
11879727	12183336
11879727	12183337
11879731	12573045
11879731	12902945
11879732	13324082
11879737	12343427
11879737	12343428
11879738	12143248
11879738	12143262
11879745	13446821
11879745	13446828
11879748	11914322
11879748	11914323
11879750	11947506
11879750	11947507
11879750	11947509
11879750	11947510
11879752	12183299
11879758	13375495
11879758	13375496
11879759	12407258
11879760	13339624
11879764	12936914
11879766	12904393
11879770	12904394
11879774	13157005
11879774	13157006
11879777	12517193
11879783	371431
11879783	11879869
11879797	12147550
11879801	11914130
11879806	12904395
11879810	11976553
11879810	12660056
11879810	12660057
11879812	12904396
11879815	12904397
11879816	12393755
11879816	13322537
11879816	13322538
11879816	13663977
11879817	12763593
11879817	12763594
11879818	11902400
11879819	12904398
11879820	12274783
11879821	13350979
11879824	12040565
11879826	12904399
11879827	13493734
11879828	12310120
11879830	12631801
11879830	13275300
11879835	12904729
11879840	12904400
11879840	12904401
11879846	13132528
11879846	13132530
11879861	12602113
11879862	13107817
11879862	13107819
11879869	1658740
11879869	11879783
11879874	12688720
11879874	12688721
11879874	12688722
11879878	11922871
11879878	11922872
11879878	11922873
11879879	12442651
11879879	12904405
11879881	11947557
11879881	12906298
11879881	12906299
11879881	12906300
11879883	12184868
11879883	13663564
11879883	13663565
11879884	12407480
11879887	11911531
11879887	11911534
11879892	13295395
11879892	13295396
11879897	13174529
11879898	13820848
11879899	1653965
11879905	13798441
11879907	12075313
11879907	12075314
11879909	2068567
11879910	11985812
11879910	12654572
11879915	12904409
11879918	12904412
11879922	12121544
11879926	13107815
11879926	13107816
11879930	12904414
11879933	12393842
11879934	12410048
11879936	12570596
11879938	12817192
11879941	12904415
11879941	13750405
11879944	13174528
11879950	11985812
11879950	12654572
11879951	12904417
11879952	12141400
11879952	12141523
11879956	13285948
11879956	13285949
11879959	13421397
11879959	13421398
11879961	12211803
11879962	13786633
11879966	13234976
11879966	13235024
11879973	13287923
11879973	13287924
11879974	12821141
11879974	12821143
11879976	12891587
11879978	12817196
11879980	13107811
11879980	13107813
11879983	12904418
11879986	12629549
11879986	13750405
11879987	12307283
11879987	12307284
11879991	12619731
11879991	13813166
11879992	12035938
11879992	12035939
11879993	11881120
11879993	11881141
11879993	12116068
11879994	12393756
11879994	13322534
11879994	13322535
11879994	13663976
11879996	12904419
11879997	12749901
11879998	12693775
11879998	12693776
11879998	12693777
11879998	12693778
11879998	12693779
11879998	12693780
11879998	12693781
11879998	12693782
11879998	12693783
11880000	1905747
11880004	4576915
11880006	12904519
11880006	13174527
11880008	12515583
11880012	12904521
11880012	12904522
11880013	3124286
11880015	12906362
11880016	12904523
11880017	13419539
11880017	13419540
11880018	13714160
11880021	12729975
11880021	12729977
11880028	13287921
11880028	13287922
11880037	11918251
11880039	12904525
11880040	11902403
11880043	12511670
11880047	13610066
11880050	13174520
11880057	11727719
11880057	13287919
11880057	13287920
11880057	13689228
11880057	13689229
11880057	13689230
11880057	13689231
11880062	11990871
11880065	13177970
11880065	13177971
11880066	12485100
11880084	10509566
11880084	12874539
11880092	12879865
11880092	12879870
11880095	13287916
11880095	13287917
11880097	11901451
11880097	11901453
11880110	13298014
11880110	13298015
11880112	13552128
11880116	12879866
11880118	12556218
11880118	12556219
11880118	12556220
11880118	12556221
11880118	12556222
11880118	12556223
11880118	12556224
11880124	13443710
11880124	13443711
11880132	11907495
11880134	12879871
11880134	12879874
11880135	12763596
11880135	12763597
11880137	12075098
11880137	12075099
11880137	13230888
11880138	11960085
11880141	11899156
11880143	13298012
11880143	13298013
11880145	13127191
11880147	11925499
11880149	12455285
11880154	12556373
11880155	13145012
11880155	13145013
11880155	13145014
11880156	12019089
11880156	12019090
11880156	12904533
11880157	2073597
11880157	11914506
11880159	12075095
11880159	12143291
11880159	12143294
11880162	12511671
11880165	12822185
11880166	13811961
11880169	13259360
11880169	13543142
11880171	12879875
11880171	12879879
11880172	12740100
11880173	3812150
11880173	12393757
11880173	13291967
11880173	13343436
11880174	12452812
11880178	13688848
11880178	13688849
11880179	12261483
11880179	12941998
11880184	1094873
11880184	11935522
11880186	13591578
11880186	13591579
11880186	13591581
11880186	13591582
11880188	12485100
11880188	13303509
11880188	13303510
11880189	313071
11880189	11152989
11880189	13534210
11880200	11898725
11880200	11898726
11880200	11898727
11880200	11898728
11880202	11929863
11880202	13555232
11880208	4992748
11880208	4992754
11880208	11878454
11880210	12040557
11880213	13230823
11880213	13437317
11880213	13437318
11880214	13287914
11880214	13287915
11880215	12121549
11880215	12121550
11880215	13376532
11880215	13376533
11880219	12384263
11880227	12879882
11880228	12703331
11880228	12703337
11880232	12184869
11880232	13663562
11880232	13663563
11880234	12511672
11880237	12019089
11880237	12019090
11880237	12722604
11880239	12183338
11880248	12544512
11880248	12544513
11880248	12544514
11880248	13328739
11880253	11933444
11880253	11933445
11880256	13355369
11880259	13175352
11880261	11901770
11880263	13107809
11880263	13107810
11880264	12183339
11880272	12817197
11880274	11880291
11880274	12697712
11880275	12653825
11880280	12502336
11880281	1881929
11880284	8011459
11880286	11920427
11880289	12970660
11880291	11880274
11880291	13650222
11880295	7743661
11880297	3372733
11880298	3372733
11880301	3106893
11880307	4895758
11880308	6328219
11880309	13501952
11880311	716345
11880312	716345
11880313	1299225
11880318	251289
11880319	11881289
11880319	13559860
11880320	11881284
11880320	11881285
11880320	11881286
11880320	11881287
11880320	11881288
11880321	11882199
11880323	12663055
11880323	12936912
11880324	219694
11880325	3435217
11880327	3435217
11880330	3435217
11880332	3435217
11880333	7023775
11880333	12740762
11880334	4387888
11880334	11984588
11880334	12096579
11880334	12519930
11880335	12879885
11880339	10099276
11880341	10099276
11880345	11584402
11880345	11893453
11880347	6937918
11880348	8115550
11880350	12822324
11880352	12478327
11880353	12749773
11880363	13486576
11880366	12141372
11880366	12141535
11880366	12141561
11880366	12141564
11880366	12141794
11880367	13581768
11880368	13156845
11880368	13156846
11880369	13750402
11880369	13750403
11880369	13750404
11880373	12879887
11880376	12955542
11880376	13177968
11880376	13177969
11880379	13295401
11880379	13295402
11880381	12724088
11880382	11927834
11880384	13298010
11880384	13298011
11880386	12375650
11880390	1114347
11880390	2419219
11880394	12358029
11880397	12937089
11880409	11984589
11880409	12519931
11880414	11925778
11880414	12078941
11880419	12756038
11880419	12756040
11880419	12756041
11880419	12756043
11880426	11881140
11880430	12879890
11880430	12879891
11880433	12879893
11880436	13287912
11880436	13287913
11880441	11881138
11880441	13774051
11880446	11881132
11880446	11881133
11880446	11881276
11880446	11881277
11880448	12879895
11880449	12047134
11880450	12729985
11880450	12729987
11880452	12511673
11880454	2045997
11880457	11881131
11880461	12913465
11880463	12879898
11880474	12875878
11880478	11980467
11880479	11981424
11880481	12511690
11880482	12879899
11880487	11933668
11880488	203747
11880499	12874540
11880502	12879900
11880502	13107804
11880502	13107805
11880509	12875900
11880528	7589463
11880530	13287908
11880530	13287909
11880531	12742351
11880531	12742352
11880531	12742353
11880531	12742355
11880531	12742506
11880534	13370866
11880534	13370867
11880535	12874541
11880535	13221730
11880537	594916
11880538	12879903
11880542	6133546
11880544	11880550
11880544	11880551
11880544	11881171
11880544	11881186
11880546	12441620
11880546	12441621
11880548	11976966
11880548	13436326
11880548	13436327
11880550	11880544
11880550	11881171
11880550	11881186
11880550	12906037
11880551	11880544
11880551	11881171
11880551	11881186
11880556	12703429
11880556	12703431
11880557	11226207
11880557	12360408
11880557	12360409
11880557	12756625
11880560	11922907
11880560	11922908
11880565	12763598
11880565	12763599
11880569	11918302
11880571	13785600
11880578	3980677
11880578	11881224
11880578	11881225
11880578	11881227
11880580	13295399
11880580	13295400
11880584	12482046
11880584	12636524
11880589	11881128
11880589	11881129
11880591	13639571
11880592	12583257
11880592	12583258
11880592	12583261
11880600	12879905
11880602	3124672
11880603	8822085
11880603	11881127
11880605	12249383
11880605	12249385
11880606	3124672
11880610	12888592
11880611	3124672
11880612	9611711
11880614	11881125
11880615	9542973
11880615	12829814
11880618	3124672
11880622	11881124
11880623	3124672
11880629	3124672
11880632	11930173
11880632	11930174
11880632	11930175
11880632	11930176
11880632	13823049
11880633	9644698
11880635	3124672
11880636	11881123
11880636	13565439
11880637	12075311
11880638	5288625
11880642	12875982
11880644	3124672
11880644	13693083
11880644	13693084
11880647	3124672
11880651	3124672
11880652	12879912
11880653	13639574
11880653	13639575
11880654	12879917
11880655	12190040
11880656	3124672
11880661	12280195
11880661	12824546
11880661	13453661
11880661	13453662
11880664	13355192
11880664	13355198
11880664	13452319
11880665	13820851
11880666	1141652
11880666	2766372
11880674	12904534
11880675	11947114
11880678	2297765
11880684	13118825
11880684	13118830
11880684	13697723
11880684	13697724
11880685	7676974
11880685	11962202
11880692	12875983
11880693	11925265
11880694	13405869
11880695	289321
11880701	13295397
11880701	13295398
11880702	8143506
11880703	13127365
11880703	13127366
11880706	12121545
11880709	11880720
11880709	11880725
11880710	5646230
11880712	6774888
11880713	11985814
11880715	12205393
11880716	2317068
11880720	11880709
11880720	11880725
11880721	11925288
11880725	11880709
11880725	11880720
11880728	12280878
11880730	12183340
11880732	13107807
11880732	13107808
11880733	12822187
11880742	3351389
11880742	12062573
11880742	13327937
11880742	13327938
11880742	13327940
11880742	13327941
11880742	13327942
11880742	13327944
11880744	7542894
11880744	7579891
11880746	12518370
11880747	13801040
11880747	13801042
11880753	12749791
11880757	11880762
11880757	11880765
11880757	11880770
11880757	11880774
11880757	11880780
11880759	12904535
11880760	11880784
11880761	13428526
11880762	11880757
11880764	13443708
11880764	13443709
11880765	11880757
11880766	13287910
11880766	13287911
11880768	3128035
11880770	11880757
11880774	11880757
11880775	342612
11880775	856345
11880775	1406105
11880775	2966945
11880775	12649735
11880775	12649736
11880777	9270948
11880777	11893414
11880779	12895439
11880780	11880757
11880781	12902616
11880783	11880787
11880783	13639572
11880783	13639573
11880784	11880760
11880787	11880783
11880789	2455996
11880789	2973806
11880790	11881103
11880791	11121971
11880791	11882460
11880794	12585018
11880798	12518372
11880806	3585902
11880806	12011234
11880809	11920636
11880810	12183279
11880813	10254101
11880813	11958775
11880813	12670640
11880814	13174518
11880817	9326950
11880822	12376339
11880826	13237557
11880826	13237558
11880826	13237560
11880828	12601458
11880828	12601459
11880832	12410192
11880833	12472628
11880833	12473067
11880833	12473068
11880833	12473070
11880833	13063131
11880837	12429646
11880837	12479855
11880837	12479857
11880837	13328719
11880838	12756626
11880838	12756627
11880838	12756628
11880844	12173923
11880844	13287905
11880844	13287907
11880846	1042560
11880849	12075091
11880850	12729684
11880853	12906301
11880855	9946660
11880855	13171385
11880858	12898478
11880858	13639571
11880860	10555535
11880861	10555535
11880864	12075367
11880864	12100395
11880875	12376313
11880880	13688033
11880880	13688034
11880883	12480373
11880888	12105272
11880890	12817194
11880890	13199343
11880894	12184870
11880894	12184871
11880894	13663559
11880894	13663560
11880895	12184872
11880895	12904539
11880895	13663441
11880895	13663521
11880898	13295395
11880898	13295396
11880903	11901580
11880903	11901581
11880903	11901582
11880903	11901584
11880904	11881101
11880904	12281787
11880906	12024607
11880906	12024608
11880907	12405931
11880910	12519933
11880914	11976613
11880917	11880928
11880917	11881100
11880919	12904540
11880924	12231026
11880924	12231027
11880926	12393841
11880927	12671455
11880927	12671456
11880928	11880917
11880928	11881100
11880928	11882477
11880931	11881098
11880937	11880957
11880937	11893389
11880937	12311577
11880937	12703331
11880937	12703337
11880937	12904541
11880940	12183341
11880943	11881096
11880947	13298008
11880947	13298009
11880949	11881095
11880951	13120653
11880954	12904543
11880957	11880937
11880957	11893389
11880959	12904544
11880960	11881093
11880960	11881094
11880967	13175351
11880975	12075161
11880978	13287903
11880978	13287904
11880978	13699688
11880978	13699689
11880980	11910977
11880983	13105744
11880983	13108742
11880983	13108782
11880983	13108802
11880983	13108809
11880983	13108815
11880983	13108819
11880983	13108828
11880991	12377409
11880992	11881087
11880992	11881088
11880992	11881089
11880992	11881090
11880993	5820285
11880994	4641606
11880995	12559987
11880995	13081290
11880996	11897811
11880996	13094302
11880997	11881073
11880997	11881074
11880997	11881075
11880998	3214687
11880999	11881072
11880999	13565626
11880999	13565627
11881000	6366563
11881001	11881064
11881001	11881065
11881001	12389580
11881001	12784265
11881002	11881064
11881002	11881065
11881002	12389579
11881002	12784265
11881002	12784266
11881002	13094301
11881002	13174151
11881003	11881058
11881003	11881060
11881003	11881061
11881003	11881062
11881004	11881057
11881005	11881056
11881006	11881030
11881007	11881029
11881008	11881030
11881009	11232245
11881009	11882440
11881010	11881013
11881013	11881010
11881014	11257852
11881015	11881031
11881016	5125170
11881016	11881028
11881017	11881027
11881018	3495180
11881019	7431846
11881019	11881026
11881020	11881023
11881020	11883595
11881020	12440524
11881021	11007852
11881022	9704086
11881022	11822968
11881023	11881020
11881025	11007852
11881025	13367744
11881026	11881019
11881027	11881017
11881028	11881016
11881029	11881007
11881030	11881006
11881030	11881008
11881031	11881015
11881031	13628720
11881032	2543555
11881032	12955892
11881033	6246710
11881034	11822933
11881034	11822938
11881035	6246710
11881036	6246710
11881037	11877933
11881037	12274784
11881038	11881046
11881040	11881049
11881040	11881050
11881040	13485382
11881042	11881052
11881042	12667014
11881042	12667016
11881045	11881068
11881045	13445678
11881046	11881038
11881048	11881105
11881049	11881040
11881050	11881040
11881052	11881042
11881052	12667014
11881052	12667016
11881053	11861147
11881054	13398635
11881055	11861147
11881056	11881005
11881057	11881004
11881058	11881003
11881060	11881003
11881061	11881003
11881061	13359298
11881061	13359299
11881062	11881003
11881063	11042590
11881063	11042595
11881064	11881001
11881064	11881002
11881064	12422038
11881064	12789645
11881065	11881001
11881065	11881002
11881065	12389579
11881065	12389580
11881065	12389613
11881065	12389615
11881066	11881078
11881068	11881045
11881070	2199677
11881071	2199677
11881072	11880999
11881072	13565626
11881072	13565627
11881073	11880997
11881074	11880997
11881075	11880997
11881077	11881081
11881078	11881066
11881080	12911061
11881081	11881077
11881082	11881085
11881084	12497685
11881085	11881082
11881086	11897810
11881086	12323898
11881087	11880992
11881088	11880992
11881089	11880992
11881090	11880992
11881093	11880960
11881094	11880960
11881094	13686696
11881095	11880949
11881096	11880943
11881098	11880931
11881100	11880917
11881100	11880928
11881101	11880904
11881101	12281787
11881103	11880790
11881104	11881135
11881104	11881136
11881104	11881278
11881104	11881279
11881105	11881048
11881108	5169446
11881110	8115527
11881111	6793976
11881111	6793988
11881111	12420869
11881112	8115513
11881112	8117811
11881112	8117812
11881112	12362338
11881112	13631036
11881113	8115513
11881113	13631036
11881114	8117969
11881115	197611
11881117	1295072
11881118	105457
11881120	11879993
11881120	11881141
11881122	10457013
11881123	11880636
11881123	13565439
11881124	11880622
11881125	11880614
11881127	11880603
11881128	11880589
11881129	11880589
11881130	11881342
11881131	11880457
11881132	11880446
11881133	11880446
11881134	79010
11881135	11881104
11881136	11881104
11881137	11881343
11881137	12915132
11881138	11880441
11881139	7257325
11881139	11881145
11881139	11881152
11881140	11880426
11881141	11879993
11881141	11881120
11881141	12116068
11881143	121491
11881144	3129779
11881145	11881139
11881145	11881152
11881146	9086633
11881147	9086633
11881148	11881149
11881149	11881148
11881150	8103651
11881151	8103651
11881152	11881139
11881152	11881145
11881152	11962200
11881153	8314556
11881153	12243019
11881153	12243020
11881154	8314556
11881154	12243019
11881154	12243020
11881155	9506582
11881156	11881222
11881157	9506582
11881158	11881344
11881158	11881345
11881159	9765025
11881160	9765025
11881162	9857538
11881164	9857538
11881165	9857538
11881166	9857538
11881167	9857545
11881168	9857545
11881169	11881170
11881170	11881169
11881171	11880544
11881171	11880550
11881171	11880551
11881171	11881186
11881172	8806287
11881173	11878543
11881174	8806305
11881175	8806364
11881176	8806364
11881177	9074917
11881178	10297250
11881179	10297250
11881180	10297250
11881181	10297250
11881182	10297251
11881183	10297251
11881184	10297251
11881185	10297251
11881186	11880544
11881186	11880550
11881186	11880551
11881186	11881171
11881187	8321397
11881187	12243012
11881188	9048413
11881188	12243016
11881189	11878396
11881189	11878397
11881189	11878400
11881189	11878401
11881189	11878402
11881189	11878407
11881189	11878410
11881189	11878412
11881189	11878418
11881189	11878424
11881189	11878435
11881189	11878440
11881189	11878442
11881189	11878894
11881189	11878897
11881189	11881204
11881189	11884408
11881189	13801503
11881190	9143196
11881190	12243025
11881191	9143196
11881192	9143196
11881193	8781041
11881193	12243022
11881194	9828734
11881194	12243018
11881195	9828734
11881195	12243018
11881196	9828687
11881197	10825747
11881198	10825748
11881199	10825996
11881200	9954474
11881200	11877323
11881200	13250461
11881201	8571602
11881202	9828652
11881203	9828652
11881204	11878396
11881204	11878397
11881204	11878400
11881204	11878401
11881204	11878402
11881204	11878407
11881204	11878410
11881204	11878412
11881204	11878418
11881204	11878894
11881204	11878897
11881204	11881189
11881204	11884408
11881204	13801503
11881205	10297252
11881206	10297252
11881207	10297252
11881208	10297252
11881209	10297252
11881210	10297252
11881211	10297252
11881212	10297252
11881213	8594268
11881214	8594268
11881215	7757183
11881216	7828416
11881217	11881218
11881218	11881217
11881219	2899566
11881219	11879063
11881220	236150
11881220	11881223
11881221	58852
11881221	630926
11881221	1933242
11881222	11881156
11881223	11881220
11881224	3818068
11881224	11880578
11881224	13298458
11881225	457440
11881225	3818068
11881225	11880578
11881227	3818068
11881227	11880578
11881227	13298458
11881230	8387270
11881231	8387270
11881232	8387270
11881233	8497947
11881234	8568671
11881235	8568671
11881236	8568671
11881239	8597498
11881240	8597498
11881241	8597498
11881242	8277477
11881243	8277477
11881244	8277477
11881245	8558071
11881246	7857262
11881246	8558071
11881247	8558071
11881248	11881255
11881249	8614209
11881250	8614209
11881251	11878737
11881252	9958868
11881253	9958868
11881254	6833083
11881255	11881248
11881255	12903917
11881256	11649585
11881257	11649585
11881258	11675838
11881259	11675838
11881260	6833083
11881260	6834926
11881260	12881739
11881261	11689464
11881262	11689464
11881263	11878737
11881264	11690134
11881265	11690134
11881266	11690134
11881267	11690134
11881268	11690134
11881269	11690134
11881270	11620539
11881271	11620539
11881272	11572032
11881273	11572032
11881274	11572032
11881275	11572032
11881276	11880446
11881277	11880446
11881278	11881104
11881279	11881104
11881280	11881281
11881281	11881280
11881282	2881845
11881282	12029706
11881283	2881845
11881283	12029713
11881284	11880320
11881285	11880320
11881285	13837483
11881285	13837484
11881286	11880320
11881287	11880320
11881287	13575632
11881287	13575633
11881288	11880320
11881289	11880319
11881289	13559860
11881290	140762
11881291	12587681
11881292	11907863
11881292	11907886
11881292	11907887
11881296	9634085
11881296	10019400
11881296	11730318
11881296	11730319
11881297	12921004
11881297	12921005
11881297	12921006
11881297	12921007
11881297	12921009
11881297	12921010
11881297	13267200
11881297	13267201
11881299	3741881
11881300	13317595
11881301	13317593
11881302	12029193
11881304	78520
11881306	11881308
11881308	11881306
11881310	10856516
11881311	305391
11881312	305391
11881314	305391
11881315	305391
11881316	11884556
11881316	11884557
11881316	11884558
11881318	7238174
11881318	9440278
11881319	12355167
11881319	12355168
11881321	10189421
11881322	11506070
11881323	11881324
11881324	11881323
11881328	11466591
11881328	11630573
11881328	11986565
11881328	11986567
11881328	11986572
11881328	11986586
11881328	12590202
11881332	11881333
11881333	11881332
11881336	11881337
11881337	11881336
11881338	11879669
11881339	11879663
11881340	11879465
11881340	11879633
11881341	11879465
11881341	11879633
11881342	11881130
11881343	11881137
11881344	11881158
11881345	11881158
11881346	10138603
11881346	12377950
11881347	10138600
11881348	10138599
11881349	10138597
11881349	10138598
11881349	10363118
11881350	10138596
11881351	10138595
11881352	10138602
11881353	10138605
11881354	10138591
11881355	10138592
11881356	10138590
11881356	13359507
11881356	13359510
11881357	10138620
11881358	12331742
11881358	12362963
11881358	12424245
11881358	12424248
11881359	11816651
11881360	10182438
11881361	10795120
11881362	437516
11881363	9711977
11881364	317709
11881365	317709
11881366	907672
11881367	2646995
11881368	5859404
11881369	874044
11881370	9929432
11881371	5217310
11881371	6336688
11881372	9929432
11881373	7110857
11881374	273788
11881374	13201875
11881375	7110858
11881376	7775436
11881377	7775436
11881377	12989911
11881378	9670752
11881378	13648231
11881379	9670752
11881380	274524
11881381	9670752
11881381	13648232
11881382	11881386
11881383	9670752
11881384	9670752
11881385	9670752
11881386	11881382
11881387	5648968
11881388	2255288
11881389	2255288
11881390	11495922
11881391	11495922
11881392	3821371
11881393	10179576
11881394	10179576
11881395	451179
11881395	3561683
11881396	451179
11881396	3561683
11881397	6665697
11881397	9194881
11881398	6665697
11881398	9194881
11881399	6665697
11881399	9194881
11881400	11881414
11881400	11881439
11881400	11882896
11881401	10113609
11881402	10113609
11881404	6241665
11881405	3177821
11881406	3177821
11881407	6690673
11881408	6690673
11881409	6690673
11881410	6690673
11881411	6690673
11881412	6690673
11881413	6690673
11881414	11881400
11881414	11882896
11881415	6690673
11881416	10140938
11881417	10140938
11881418	9381352
11881419	9381352
11881420	7408762
11881421	7408762
11881422	7408762
11881423	7408762
11881424	3151571
11881425	3151571
11881426	11881428
11881427	3151571
11881428	11881426
11881429	6349356
11881430	6349356
11881431	9180753
11881431	13281725
11881432	9180753
11881433	9180753
11881434	9180753
11881435	11550084
11881436	11550084
11881438	6244098
11881438	6868829
11881438	13613761
11881439	11881400
11881440	2959173
11881441	2959173
11881441	12624852
11881445	3916083
11881446	12630999
11881447	3916083
11881448	12046229
11881449	3916082
11881450	3916082
11881451	449045
11881453	449045
11881454	853133
11881454	2249962
11881455	853133
11881455	2249962
11881456	12631005
11881457	9394654
11881458	9394654
11881459	2249747
11881459	3487638
11881459	6015410
11881459	6084990
11881460	9394654
11881461	9394654
11881462	2249747
11881463	9394654
11881464	9394654
11881465	3910370
11881466	3910370
11881467	3910370
11881468	3910370
11881469	4501293
11881469	4975488
11881469	5271976
11881469	6098133
11881470	3910370
11881471	3910370
11881472	11757585
11881473	11206947
11881474	42670
11881474	2188902
11881474	2212943
11881476	687650
11881476	1397546
11881477	1841445
11881477	1958028
11881477	5497339
11881477	6137359
11881478	11581113
11881479	11966788
11881480	11581113
11881482	11581113
11881483	11881498
11881484	11581113
11881485	11018493
11881486	11018493
11881487	11018493
11881488	1556549
11881489	1556549
11881491	8535219
11881492	11017777
11881493	11017777
11881494	11017777
11881495	10185409
11881496	10185409
11881497	10148311
11881497	10148403
11881497	10149582
11881497	10149587
11881497	10149590
11881497	10149591
11881497	10149730
11881497	10149731
11881498	11881483
11881499	6272130
11881500	6272130
11881501	6272130
11881502	12083984
11881502	12515617
11881503	5640261
11881503	11901898
11881503	12204795
11881503	12204962
11881503	12204964
11881503	12204965
11881503	12204966
11881504	10714036
11881505	5640261
11881505	11901897
11881505	12204794
11881506	38383
11881507	38383
11881508	11244769
11881509	11244769
11881510	2771645
11881511	462726
11881512	462726
11881513	2264252
11881513	11882669
11881514	11968590
11881514	11978156
11881514	12039201
11881514	12172676
11881514	12236272
11881514	12302733
11881514	12302734
11881514	12397274
11881514	12487598
11881514	12487599
11881514	13303501
11881514	13303502
11881514	13334083
11881514	13567096
11881514	13619703
11881514	13619705
11881515	3914376
11881515	3914377
11881516	928186
11881518	10181717
11881518	13166210
11881520	5790011
11881521	5790011
11881524	6108848
11881524	6109962
11881525	9528246
11881526	9528246
11881527	9528246
11881528	4239227
11881528	13715731
11881529	9528246
11881530	9635944
11881531	12964066
11881531	13511017
11881532	9635944
11881533	9635944
11881534	9635944
11881534	11882666
11881536	8555026
11881536	12350376
11881537	11881538
11881538	11881537
11881539	36913
11881540	1762116
11881541	7996495
11881541	11285081
11881542	1762116
11881543	11466497
11881543	12045748
11881546	5851839
11881546	6779830
11881547	1192593
11881547	12376198
11881549	8844963
11881550	2367470
11881550	2367727
11881550	2368716
11881551	8844963
11881552	8844963
11881553	3907553
11881554	6823675
11881554	13716958
11881555	2359580
11881555	2727019
11881555	6664360
11881556	2359580
11881556	2727019
11881556	6664360
11881557	12571052
11881558	1421850
11881558	12891388
11881559	6272049
11881560	49200
11881561	11881564
11881562	6272049
11881563	6272049
11881564	11881561
11881565	2684032
11881566	10040097
11881566	12884100
11881567	2394690
11881568	2394690
11881569	4829430
11881570	6272049
11881571	9336311
11881572	9132792
11881572	12204790
11881573	2744288
11881573	5216651
11881574	9132792
11881576	2702131
11881576	12311573
11881577	916740
11881578	8156962
11881579	9723957
11881579	11366576
11881580	3242829
11881580	8156962
11881581	2663380
11881583	11881584
11881584	11881583
11881585	1567755
11881585	4096344
11881585	6324490
11881585	9819789
11881586	3906586
11881586	13649659
11881587	6043944
11881587	6076146
11881587	6076153
11881587	6158140
11881588	257122
11881588	12085575
11881589	317009
11881590	11881591
11881591	11881590
11881591	12204791
11881592	8522489
11881593	5312768
11881593	8037718
11881593	13784730
11881594	9503110
11881594	12255333
11881595	1685970
11881595	13183626
11881595	13622260
11881596	5246202
11881600	9026910
11881600	13305619
11881601	11881603
11881602	4495313
11881602	12124102
11881603	11881601
11881603	13734192
11881603	13734194
11881603	13734195
11881603	13734196
11881604	39394
11881604	13106417
11881606	3721531
11881606	5739596
11881606	12072016
11881608	11881609
11881609	11881608
11881610	66384
11881610	12159569
11881612	9835661
11881612	11587381
11881613	6244561
11881613	12911015
11881615	9421232
11881616	11881617
11881617	11881616
11881618	788922
11881619	8034162
11881620	2798880
11881620	12228239
11881624	6240673
11881624	12039056
11881625	7518545
11881625	12123325
11881627	6268520
11881627	12330330
11881629	12400145
11881629	12874643
11881630	64639
11881630	536350
11881630	691353
11881630	691354
11881630	691355
11881630	772551
11881630	11881634
11881632	262680
11881632	12443966
11881634	64639
11881634	483716
11881634	536350
11881634	691353
11881634	691354
11881634	691355
11881634	772551
11881634	11881630
11881635	11933421
11881637	3922276
11881638	3820010
11881639	4501499
11881639	8411977
11881639	12298261
11881640	3142925
11881640	4713992
11881640	4713997
11881642	11881645
11881643	9849572
11881643	9866690
11881643	10111116
11881643	11179460
11881644	3696799
11881644	10606128
11881645	11881642
11881646	13151744
11881648	11883135
11881648	11883139
11881648	12623108
11881650	257013
11881651	8078594
11881651	12891361
11881651	12891773
11881652	13536359
11881653	2956139
11881653	13745818
11881655	2956139
11881655	13745818
11881657	12689116
11881657	12689117
11881663	6877471
11881663	12196088
11881668	453960
11881668	454059
11881668	455136
11881668	550533
11881668	581242
11881668	668152
11881668	4118227
11881668	4118228
11881669	11960087
11881671	8324310
11881674	13607969
11881674	13607970
11881674	13607971
11881674	13607972
11881674	13607973
11881674	13607975
11881674	13607976
11881677	5729504
11881681	12672472
11881681	12672473
11881681	12672474
11881682	5729504
11881686	5729504
11881689	1686186
11881691	5729504
11881693	13151744
11881695	12280439
11881696	13409529
11881706	660927
11881706	1164028
11881706	1171380
11881706	2559232
11881706	4646117
11881706	4646718
11881706	5965506
11881706	6089777
11881706	6090141
11881706	6090478
11881706	12502956
11881707	13283252
11881707	13283253
11881707	13283254
11881708	12651539
11881713	12478370
11881713	12478371
11881713	12478372
11881713	12478491
11881716	13580007
11881724	7403586
11881725	12726270
11881733	6700137
11881733	8883763
11881733	8883765
11881752	32136
11881754	72178
11881754	4868643
11881754	4868644
11881754	13215623
11881757	12628365
11881757	12628366
11881757	12628367
11881765	13378532
11881770	7396345
11881770	12403963
11881771	2869976
11881772	12242572
11881772	12242574
11881775	11907535
11881775	11907536
11881777	10352869
11881777	12382893
11881781	11930363
11881781	11930364
11881781	11930365
11881781	11930366
11881781	11930367
11881781	11930368
11881787	3040292
11881787	4193202
11881787	4375801
11881787	4375802
11881787	6000587
11881795	12746159
11881795	12746160
11881799	13345679
11881799	13345680
11881799	13345681
11881801	11984253
11881802	5859442
11881809	7111008
11881809	7111009
11881809	12200960
11881818	2700849
11881818	12228446
11881826	6091054
11881836	6354326
11881836	6651551
11881836	13126908
11881841	13826919
11881843	5028238
11881845	9010684
11881845	9010787
11881845	9010789
11881845	9010896
11881845	9011315
11881845	9014103
11881845	9014104
11881845	9014105
11881845	9014106
11881845	9014107
11881845	9014116
11881845	9014145
11881846	8818339
11881846	11881853
11881846	11882549
11881846	13358797
11881853	11881846
11881854	392143
11881854	1040156
11881854	1040253
11881854	10014585
11881856	12921039
11881856	12921040
11881856	12921041
11881859	11964495
11881859	11964496
11881859	11964497
11881859	11964499
11881859	11964500
11881859	11964502
11881859	11964503
11881859	11964504
11881860	11754803
11881862	11881864
11881864	11881862
11881866	13119316
11881870	11881876
11881873	12662357
11881873	12662358
11881873	12662359
11881875	12591907
11881876	11881870
11881876	12383950
11881880	11993304
11881881	13375401
11881884	3831452
11881890	13221352
11881892	11974594
11881897	5741682
11881897	12042439
11881901	326481
11881901	589463
11881902	12450234
11881904	1655579
11881906	10922998
11881907	12915472
11881907	12915481
11881917	4437576
11881917	4437627
11881917	4443095
11881917	5046880
11881917	5758122
11881917	5766925
11881917	6313872
11881917	7463530
11881917	8508456
11881917	9974765
11881917	13572401
11881917	13577774
11881920	12445656
11881920	12718570
11881920	12718572
11881928	2748366
11881928	5592813
11881935	12310005
11881935	12370566
11881935	12370568
11881935	12370569
11881936	262710
11881946	13503237
11881949	3820010
11881949	6703446
11881949	6706574
11881953	13436479
11881960	1110807
11881961	12410720
11881969	12524041
11881973	12501165
11881979	2143915
11881979	12057301
11881986	13762302
11881986	13783238
11881986	13783240
11881986	13785738
11881986	13785739
11881986	13785740
11881986	13785741
11882005	12081348
11882005	13436706
11882005	13436707
11882006	6589817
11882009	13354372
11882009	13354373
11882009	13354374
11882013	13741821
11882013	13741822
11882013	13741823
11882016	8531832
11882017	13186147
11882021	13804515
11882027	11960090
11882030	12314664
11882032	13346804
11882032	13346805
11882032	13346806
11882034	11978873
11882034	12515454
11882034	12515455
11882034	12515456
11882035	628352
11882039	5450503
11882039	13067171
11882051	11985815
11882052	8321580
11882052	12641425
11882053	13205197
11882053	13205198
11882056	13596889
11882059	300236
11882060	11991519
11882061	11951376
11882061	11951377
11882061	11951378
11882061	11951379
11882068	2359946
11882068	12057321
11882071	12596448
11882071	12596449
11882072	13255346
11882072	13255347
11882073	11975048
11882074	12006602
11882077	12284799
11882078	12549345
11882078	12549346
11882078	12549348
11882079	11941341
11882079	11941342
11882079	12038979
11882079	12670571
11882079	12670572
11882079	12670575
11882079	12670576
11882079	12670578
11882080	11920563
11882080	11920564
11882081	11941341
11882081	11941342
11882081	12038979
11882081	12670571
11882081	12670572
11882081	12670575
11882081	12670576
11882081	12670578
11882083	11980268
11882083	13394883
11882083	13394884
11882083	13394885
11882087	280865
11882087	12509106
11882093	11928040
11882093	11928041
11882093	11928042
11882093	11928043
11882093	11928045
11882093	11928048
11882093	11928054
11882093	11928055
11882099	2904444
11882100	262339
11882102	12651424
11882102	13352122
11882102	13352123
11882105	2111541
11882105	13099073
11882110	2640464
11882110	3534057
11882110	3802815
11882112	11987427
11882113	12438449
11882114	12682540
11882121	10077338
11882122	11899324
11882122	11899325
11882122	11899327
11882122	11899328
11882124	10848802
11882124	12812795
11882126	12499745
11882126	12499746
11882126	12499747
11882126	12499748
11882126	12499749
11882126	12499750
11882126	12499752
11882126	12499753
11882126	12499754
11882126	12499756
11882126	12499757
11882126	12499758
11882126	12499937
11882126	12500550
11882126	12500551
11882126	12500552
11882126	12500554
11882126	12500557
11882126	12500559
11882126	12500562
11882126	12500565
11882126	12500568
11882126	12500572
11882127	12447836
11882127	12447837
11882127	12447838
11882132	12615759
11882133	1095956
11882137	953604
11882141	13413238
11882141	13413241
11882141	13413243
11882142	953231
11882144	12746546
11882144	12746547
11882144	12746548
11882146	13130798
11882146	13130799
11882146	13130800
11882146	13345766
11882146	13345767
11882146	13345768
11882146	13345769
11882146	13345770
11882146	13345771
11882147	262298
11882150	12621519
11882158	280092
11882158	563923
11882158	713129
11882158	3172900
11882158	12043214
11882161	12643586
11882161	12643587
11882166	12616757
11882166	12616758
11882166	12616760
11882170	11917590
11882172	311486
11882180	984520
11882182	13765719
11882182	13765720
11882184	12613181
11882184	12613182
11882184	12613183
11882187	4507299
11882187	4507300
11882187	4507301
11882187	11976424
11882187	13212099
11882187	13212100
11882193	311488
11882198	248158
11882198	824997
11882198	1616468
11882198	1616469
11882198	1866964
11882198	12422901
11882199	11880321
11882200	12696474
11882200	12696475
11882200	12696476
11882207	11882213
11882210	10642418
11882213	11882207
11882217	12567839
11882217	12567840
11882217	12567842
11882217	12567844
11882217	12567845
11882217	12567846
11882221	10642418
11882221	11991441
11882227	11882235
11882227	11882257
11882227	11882267
11882227	11882278
11882227	11882284
11882227	11882316
11882227	11882320
11882227	11882323
11882227	11882347
11882227	11882358
11882227	11882367
11882227	11882374
11882227	11882382
11882227	11882392
11882227	11882412
11882228	6474690
11882228	12486667
11882231	11920546
11882231	11920547
11882231	11920549
11882231	11920550
11882231	11920551
11882231	11920552
11882231	11920554
11882231	11920555
11882231	13259583
11882231	13259584
11882231	13354302
11882231	13354303
11882231	13354304
11882235	11882227
11882235	11882278
11882235	11882284
11882235	11882320
11882235	11882412
11882238	7403272
11882249	239683
11882251	12190737
11882254	4401979
11882257	11882227
11882260	6682948
11882260	12057362
11882262	11941395
11882267	11882227
11882270	66073
11882272	12632950
11882272	12632951
11882272	12632953
11882272	12632955
11882272	12632957
11882272	12632962
11882272	12632967
11882278	11882227
11882278	11882235
11882279	7747780
11882279	12013757
11882284	11882227
11882284	11882235
11882284	11882374
11882286	3419751
11882286	3544231
11882286	6363550
11882286	6382413
11882288	65095
11882289	12251609
11882293	12283373
11882293	12283374
11882293	12283375
11882293	12283376
11882293	12283385
11882293	12283388
11882296	12720057
11882296	12720058
11882296	12720059
11882302	11950180
11882302	11950181
11882302	11950183
11882302	11950184
11882302	11950185
11882302	11950186
11882306	6663537
11882306	13316577
11882314	8336683
11882316	11882227
11882320	11882227
11882320	11882235
11882322	6653222
11882323	11882227
11882324	11980132
11882332	2325181
11882332	12872996
11882340	3444585
11882345	12857987
11882345	12857988
11882347	11882227
11882349	12961191
11882350	11882353
11882351	12984972
11882351	12984974
11882353	11882350
11882358	11882227
11882363	13121816
11882363	13121817
11882363	13121818
11882363	13121819
11882363	13121821
11882363	13121822
11882364	12639885
11882364	12639887
11882364	12639889
11882364	12639890
11882367	11882227
11882372	12657114
11882372	12657115
11882372	12657117
11882374	11882227
11882374	11882284
11882382	11882227
11882388	12643395
11882388	12643396
11882388	12643397
11882391	2138799
11882391	11882620
11882391	12120081
11882392	11882227
11882393	12045590
11882407	12183300
11882411	11974596
11882411	12467477
11882412	11882227
11882412	11882235
11882416	11929692
11882416	11929694
11882416	11929696
11882416	11929697
11882416	11929698
11882416	11929701
11882416	11929703
11882430	12553382
11882431	11882687
11882433	12695710
11882433	12695711
11882433	12695712
11882434	11882442
11882434	12544741
11882434	12544742
11882434	12544744
11882439	11882443
11882440	11232245
11882440	11881009
11882441	7168525
11882442	11882434
11882443	11882439
11882449	2643601
11882449	12961234
11882452	8378173
11882453	11882454
11882453	13174482
11882454	11882453
11882455	5483633
11882456	11882457
11882456	11882463
11882456	11882465
11882456	11882466
11882456	11882469
11882456	11882472
11882456	11882474
11882456	11882496
11882456	11882498
11882456	11882500
11882456	11882501
11882456	11882503
11882456	11882504
11882456	12009971
11882457	11882456
11882457	11882465
11882457	11882469
11882457	11882500
11882457	11882501
11882457	11882503
11882457	11882504
11882458	11879095
11882459	3410693
11882460	11879095
11882460	11880791
11882461	8240796
11882463	11882456
11882464	6428676
11882465	11882456
11882465	11882457
11882466	11882456
11882466	11882469
11882467	1825294
11882467	4921109
11882467	9184442
11882467	9184444
11882469	11882456
11882469	11882457
11882469	11882466
11882469	11882500
11882469	11882501
11882469	11882504
11882470	11879085
11882472	11882456
11882473	10775193
11882473	11879051
11882474	11882456
11882475	10147307
11882475	11879048
11882476	10147307
11882477	11880928
11882479	11879047
11882480	13598653
11882481	10852555
11882484	4689786
11882485	2833406
11882485	3770740
11882490	2334878
11882491	2334878
11882493	680978
11882493	758225
11882493	10018121
11882495	13569779
11882496	11882456
11882498	11882456
11882499	9755033
11882500	11882456
11882500	11882457
11882500	11882469
11882501	11882456
11882501	11882457
11882501	11882469
11882502	1737181
11882502	10017867
11882503	11882456
11882503	11882457
11882504	11882456
11882504	11882457
11882504	11882469
11882505	10653262
11882505	10653263
11882505	10653264
11882507	1177687
11882507	1740972
11882508	11826802
11882509	7517134
11882509	7519852
11882509	9976045
11882509	11518620
11882510	11882512
11882510	11882515
11882510	11882516
11882510	11882522
11882510	11882527
11882510	11882528
11882510	11882531
11882510	11882533
11882510	11882535
11882510	11882538
11882510	11882539
11882510	11882541
11882510	12019663
11882510	12019666
11882510	12019671
11882512	11882510
11882512	11882522
11882513	10005694
11882514	7931614
11882514	8709802
11882514	8709804
11882514	8709807
11882514	10289954
11882515	11882510
11882516	11882510
11882517	9982732
11882522	11882510
11882522	11882512
11882524	11777100
11882525	11826802
11882527	11882510
11882528	11882510
11882529	11879016
11882530	11134518
11882530	11879016
11882531	11882510
11882532	10082434
11882532	11879014
11882533	11882510
11882534	10653265
11882535	11882510
11882536	11857211
11882536	11879012
11882537	11879012
11882538	11882510
11882539	11882510
11882540	10653265
11882541	11882510
11882542	10653265
11882543	11878994
11882544	324064
11882544	362118
11882544	965811
11882544	1713556
11882544	3524240
11882545	6368399
11882546	5179219
11882546	11882548
11882547	5179219
11882547	5703705
11882547	5703706
11882547	13055509
11882548	5703705
11882548	11882546
11882548	13055509
11882549	11881846
11882549	13358797
11882550	11817484
11882551	11817484
11882553	11817485
11882554	11817485
11882555	11347874
11882559	5326118
11882561	13032191
11882561	13032193
11882561	13084513
11882562	8274329
11882565	9301928
11882566	7765918
11882566	11882573
11882569	11817486
11882569	11882571
11882571	3714729
11882571	11882569
11882573	11882566
11882574	9312459
11882577	11882609
11882577	12099589
11882578	11302632
11882580	8726477
11882580	12366704
11882581	11316003
11882581	11817487
11882581	11817489
11882581	11882588
11882582	9058550
11882583	11316003
11882583	11817487
11882583	11817489
11882583	11882588
11882585	11423013
11882585	12068903
11882586	11297152
11882588	11816396
11882588	11882581
11882588	11882583
11882589	9338390
11882592	11831159
11882594	9059505
11882606	68951
11882606	11882624
11882606	11882636
11882609	11882577
11882611	11831109
11882613	13772690
11882614	11831097
11882615	11831097
11882616	11831097
11882618	11831097
11882620	11882391
11882622	13271098
11882622	13271099
11882624	11882606
11882625	11831097
11882626	11831097
11882628	13626968
11882633	9481052
11882633	13311027
11882635	9481052
11882636	11882606
11882637	9481052
11882638	9481052
11882639	12391763
11882643	9481100
11882648	11326899
11882648	11882649
11882649	11882648
11882651	11882652
11882652	11882651
11882653	11882654
11882653	12013994
11882654	11882653
11882655	11721552
11882655	11721553
11882655	13272535
11882656	8728704
11882657	8728704
11882658	8728705
11882659	8728705
11882660	8728894
11882661	7757204
11882661	11721552
11882662	6162297
11882662	8361316
11882663	11821364
11882664	11821364
11882665	11821373
11882666	11881534
11882667	11821384
11882667	11821387
11882668	29069
11882668	4772748
11882668	11821390
11882669	11881513
11882670	8361315
11882670	12064808
11882671	8361315
11882672	11882673
11882673	11882672
11882674	8361315
11882675	8361315
11882676	5495122
11882677	11882678
11882678	11882677
11882679	11882680
11882680	11882679
11882681	11882684
11882682	8361315
11882682	11961741
11882683	8361315
11882684	11882681
11882685	11882686
11882686	11882685
11882686	13227894
11882687	11882431
11882688	11389373
11882688	11882689
11882688	11882690
11882689	11389373
11882689	11882688
11882690	11389373
11882690	11882688
11882691	11882692
11882691	11882693
11882691	11882694
11882691	11882696
11882691	11882697
11882691	11882699
11882691	11882701
11882691	11882708
11882691	11882710
11882691	11882711
11882691	11882712
11882692	11882691
11882692	11882696
11882692	11882697
11882692	11882699
11882692	11882708
11882692	11882711
11882693	11882691
11882694	11882691
11882695	11389378
11882695	11882698
11882695	11882700
11882696	11882691
11882696	11882692
11882697	11882691
11882697	11882692
11882698	11882695
11882698	12064757
11882699	11882691
11882699	11882692
11882700	11882695
11882700	12064757
11882701	11882691
11882702	1383639
11882703	5566287
11882703	10328040
11882703	11903500
11882704	1533599
11882704	4274115
11882705	3249186
11882706	7491791
11882707	13842
11882707	29069
11882708	11882691
11882708	11882692
11882709	11821391
11882709	11882715
11882710	11882691
11882711	11882691
11882711	11882692
11882712	11882691
11882715	11882709
11882716	8469914
11882716	11882717
11882717	8469914
11882717	11882716
11882718	11882725
11882719	11882875
11882719	11882881
11882719	11882887
11882719	11884448
11882719	11884449
11882719	11884450
11882719	12122482
11882719	13356595
11882719	13356596
11882720	11882871
11882720	12439879
11882721	11883100
11882722	7467228
11882722	11878731
11882723	11882870
11882724	11878731
11882725	11882718
11882726	11878731
11882727	11878731
11882728	9938552
11882728	12064754
11882729	11435333
11882730	9938552
11882730	12064753
11882731	9938552
11882732	11882735
11882733	2661475
11882733	2661481
11882733	2761066
11882733	10634578
11882734	9938553
11882734	12064751
11882735	11882732
11882736	11882738
11882737	9938553
11882737	9938554
11882738	11882736
11882740	9938554
11882740	12064751
11882741	11882751
11882742	4641568
11882742	4680108
11882742	9254762
11882742	12059229
11882742	12059230
11882745	7591234
11882745	7591243
11882746	11882752
11882747	7591243
11882748	9224135
11882749	7587643
11882749	7587644
11882750	5094310
11882750	5095732
11882750	5096686
11882750	9998809
11882751	11882741
11882752	11882746
11882753	8990696
11882754	7059845
11882755	7587643
11882756	7410977
11882756	8395216
11882756	8583878
11882756	12064746
11882756	12064747
11882757	1922498
11882757	8113009
11882757	8659987
11882757	9042572
11882758	5590458
11882758	5649889
11882758	8009081
11882758	9022931
11882758	9032550
11882759	11179118
11882759	11179119
11882759	11541402
11882759	11541403
11882759	11541404
11882759	11541405
11882759	11541406
11882759	11541407
11882759	11541408
11882759	11541409
11882760	1127569
11882760	9421459
11882761	7587644
11882761	7587645
11882762	9006659
11882763	11882769
11882765	11326646
11882766	9392749
11882766	10654412
11882767	7587645
11882769	11882763
11882770	10054990
11882770	10085159
11882770	11019964
11882772	9218515
11882773	11882774
11882774	11882773
11882775	11362307
11882776	11882787
11882777	10155990
11882778	6927510
11882778	11551424
11882779	7223086
11882780	8355640
11882780	10155858
11882781	10075857
11882781	10106024
11882782	7223086
11882783	9847103
11882783	11882785
11882784	6524886
11882784	6524887
11882784	11375258
11882784	11883983
11882785	11882783
11882787	11882776
11882787	11882805
11882788	4569255
11882788	8930895
11882789	11821448
11882790	11821449
11882790	12137928
11882790	12138695
11882790	12441973
11882790	12442033
11882790	12451319
11882790	12451321
11882790	12506710
11882791	11882794
11882792	4887796
11882793	9929826
11882794	11882791
11882795	11821383
11882796	11882800
11882797	11821379
11882797	11882812
11882798	6325825
11882799	2234172
11882799	8543359
11882800	11882796
11882801	7223086
11882802	1518482
11882803	1056338
11882803	1772212
11882804	7126371
11882805	11882787
11882806	11574203
11882806	12064744
11882807	5850096
11882807	11821361
11882808	1681832
11882808	4922063
11882808	11882809
11882809	4922063
11882809	11882808
11882810	3722241
11882811	5377725
11882811	6395794
11882811	6395795
11882812	11882797
11882813	9336935
11882814	8307705
11882815	11882829
11882816	9929826
11882817	11882824
11882818	3727904
11882819	4016279
11882819	12064743
11882820	11185947
11882821	2052099
11882821	3758194
11882822	10508268
11882823	9690038
11882823	11821336
11882824	11882817
11882825	8559500
11882826	11185947
11882827	8171888
11882828	4980038
11882828	12064739
11882828	12065899
11882829	11882815
11882830	7065888
11882831	3907405
11882831	4835001
11882831	4835002
11882831	12585726
11882832	3914966
11882832	3914967
11882832	4813165
11882832	8931827
11882832	8931829
11882832	8931830
11882832	12424769
11882832	12424772
11882832	13275665
11882833	7065888
11882834	6264971
11882835	3727070
11882836	7065888
11882837	7731180
11882837	11073526
11882838	11438067
11882839	2892267
11882839	13146969
11882840	9959163
11882840	11526662
11882840	11526663
11882841	11438067
11882843	4529474
11882843	4732603
11882843	12459119
11882844	5733391
11882844	11521288
11882845	1885863
11882846	7845222
11882847	290128
11882847	7041527
11882849	7845222
11882850	2361581
11882850	7588216
11882850	11882859
11882852	3822624
11882853	7845222
11882854	2932156
11882855	3725099
11882856	6665263
11882856	10703469
11882857	4500459
11882857	10372773
11882857	11882862
11882858	10717610
11882858	10717618
11882858	11453975
11882859	5999742
11882859	11882850
11882861	2262866
11882861	6681207
11882861	8781129
11882862	11882857
11882863	11288454
11882864	5737860
11882865	11288454
11882866	11598098
11882866	12064736
11882867	11882874
11882868	11322672
11882869	3823466
11882870	11882723
11882871	11882720
11882872	11322672
11882873	8009392
11882873	11882885
11882873	11882888
11882874	11882867
11882875	11882719
11882875	11882881
11882875	11882883
11882875	11883102
11882875	11883978
11882875	12471297
11882876	8009392
11882877	2052859
11882877	2747167
11882878	11322672
11882879	8233181
11882880	3722341
11882881	11882719
11882881	11882875
11882881	11882883
11882881	11882887
11882881	11883102
11882881	11883978
11882881	12122482
11882882	8307749
11882883	11882875
11882883	11882881
11882883	11882887
11882883	11882940
11882883	11882941
11882883	11883102
11882883	11883915
11882883	11883978
11882883	12122482
11882884	11322672
11882885	11882873
11882886	9159032
11882886	12064730
11882886	12064731
11882886	12065897
11882887	11882719
11882887	11882881
11882887	11882883
11882887	11882938
11882887	11883102
11882887	12122482
11882888	11882873
11882889	9188710
11882890	8271697
11882891	5179266
11882891	7772689
11882891	12064729
11882892	6060023
11882892	6091790
11882893	3642529
11882893	3702977
11882893	11882900
11882893	11882907
11882894	3333905
11882895	8170607
11882895	8237219
11882896	11881400
11882896	11881414
11882897	3308470
11882897	12064726
11882898	8563031
11882899	1391455
11882899	3096320
11882899	6853994
11882899	8280284
11882899	8280285
11882899	10773067
11882900	3642529
11882900	3702977
11882900	11882893
11882900	11882907
11882901	5171275
11882901	11231996
11882902	10592721
11882902	11211084
11882903	3310855
11882904	9465659
11882905	3310855
11882906	8855893
11882906	9769906
11882907	3642529
11882907	3702977
11882907	11882893
11882907	11882900
11882907	13392376
11882908	2912121
11882908	3530925
11882909	8676602
11882909	9728412
11882910	3727118
11882911	3727118
11882912	8251879
11882912	9766920
11882912	9766922
11882913	10774528
11882913	10774529
11882913	10774530
11882913	10774531
11882913	10774538
11882914	7732997
11882915	813211
11882915	2045652
11882915	2357471
11882916	8251879
11882916	9766920
11882917	26917
11882917	11794865
11882918	3377144
11882919	4487655
11882919	4540176
11882919	11028101
11882920	6583791
11882920	10555326
11882921	9766922
11882922	5958385
11882922	5966346
11882923	7882077
11882924	11215529
11882924	11219041
11882925	8251881
11882925	9766925
11882925	9766927
11882926	2274041
11882927	2202941
11882927	5240635
11882927	6109359
11882927	6109433
11882928	6620156
11882929	9766927
11882930	6665849
11882931	7888496
11882932	9766925
11882933	3310877
11882933	12409175
11882934	11288471
11882935	7733337
11882935	11882952
11882936	3696799
11882937	10591504
11882938	11882887
11882939	3936429
11882940	11882883
11882940	12471297
11882941	11882883
11882941	12471297
11882942	4013710
11882943	7116429
11882944	7116429
11882945	2197158
11882945	2786639
11882945	7080723
11882945	13225641
11882945	13241677
11882948	12742053
11882950	2976045
11882950	3696800
11882951	1151979
11882952	11882935
11882953	11882986
11882957	7080723
11882960	4944610
11882961	8245745
11882968	1105606
11882968	1106136
11882968	1106536
11882968	2282380
11882968	2282383
11882968	2311925
11882968	2508884
11882968	2508892
11882968	2508949
11882968	3591045
11882968	4106730
11882968	6035545
11882968	11888678
11882968	11888721
11882968	11888843
11882971	12152090
11882971	12152091
11882971	12152142
11882972	12553426
11882976	8245745
11882978	3696800
11882978	7862267
11882979	3831466
11882979	7915474
11882979	13161124
11882980	3696800
11882982	8245745
11882983	11883594
11882984	11883350
11882985	11843166
11882986	11882953
11882987	3729105
11882988	4946661
11882989	4930452
11882990	6108813
11882992	13350281
11882993	4930630
11882994	8316794
11882995	8316794
11882996	10599394
11882997	10599394
11882998	7739761
11882999	8269110
11883000	4977023
11883001	8269110
11883002	3822108
11883002	5004899
11883003	11145117
11883004	7807631
11883005	3620072
11883006	11623688
11883007	3258822
11883007	11883020
11883008	6251219
11883008	11883048
11883008	11883052
11883009	11623688
11883010	6251219
11883010	11883048
11883010	11883052
11883011	10317579
11883012	3641490
11883013	11623688
11883014	6263171
11883015	1190470
11883015	4977023
11883016	3727362
11883017	3658219
11883018	7733530
11883019	8541890
11883019	13557778
11883020	8243912
11883020	11883007
11883021	8541890
11883022	4013728
11883023	3665329
11883023	11931123
11883023	11931124
11883024	3665329
11883024	11931123
11883024	11931124
11883025	8316803
11883026	3378904
11883027	10901628
11883028	8316803
11883029	10657101
11883030	1885960
11883031	10657101
11883031	10678389
11883032	7739761
11883033	8038504
11883034	8279348
11883035	3667287
11883036	8243915
11883037	3667287
11883038	11313246
11883039	2093051
11883039	3800726
11883039	5966420
11883039	6136606
11883039	6523703
11883040	3667329
11883041	11313246
11883042	2642223
11883042	3667329
11883042	12929295
11883043	6812824
11883043	8668108
11883044	3667329
11883045	11283104
11883046	5740805
11883046	10735081
11883047	3667329
11883048	6251219
11883048	11883008
11883048	11883010
11883048	12064718
11883048	12064720
11883049	8573074
11883050	6251219
11883050	11883052
11883050	11883054
11883050	11883060
11883051	3728995
11883052	11883008
11883052	11883010
11883052	11883050
11883052	12064718
11883052	12064720
11883052	12064721
11883052	12064722
11883053	3667326
11883053	11931121
11883054	11883050
11883055	3667326
11883055	11931121
11883056	3667326
11883056	11931121
11883057	4932608
11883059	3667326
11883060	11883050
11883062	7733673
11883063	1954629
11883064	11635032
11883064	12887055
11883064	12887056
11883065	3672496
11883066	7878139
11883067	11635032
11883067	12887055
11883067	12887056
11883068	3672496
11883069	3672496
11883070	11883072
11883070	11883075
11883070	11883078
11883070	11883079
11883070	11883080
11883070	11883088
11883070	11883089
11883070	11883090
11883070	11883093
11883070	11883095
11883070	11883097
11883070	11883098
11883071	4932608
11883071	11883968
11883072	11883070
11883072	11883079
11883072	11883097
11883073	2300259
11883074	2300259
11883075	11883070
11883076	9285243
11883077	9285243
11883078	11883070
11883078	11883097
11883079	11883070
11883079	11883072
11883080	11883070
11883081	11165340
11883082	11885353
11883083	10782780
11883083	13233218
11883084	10782780
11883085	4965144
11883086	9120281
11883087	4965144
11883088	11883070
11883089	11883070
11883090	11883070
11883091	5981483
11883092	139528
11883092	322152
11883092	1171481
11883092	2132488
11883093	11883070
11883094	2954480
11883095	11883070
11883096	11885353
11883097	11883070
11883097	11883072
11883097	11883078
11883098	11883070
11883099	3641482
11883100	11882721
11883101	3641484
11883102	11882875
11883102	11882881
11883102	11882883
11883102	11882887
11883102	11883915
11883103	308823
11883103	475547
11883103	4965144
11883103	11883965
11883103	11883966
11883104	9213268
11883104	11883105
11883104	12064711
11883104	12065907
11883105	9213268
11883105	11883104
11883105	12064711
11883105	12064712
11883105	12065907
11883105	12155133
11883105	12155135
11883105	12155136
11883106	8403172
11883106	12064708
11883106	12064710
11883107	5962771
11883107	7682449
11883107	8408726
11883107	11883108
11883107	11883109
11883107	11883110
11883107	11883111
11883107	11883112
11883107	11883113
11883107	11883114
11883107	11883115
11883107	11883116
11883107	11883118
11883107	11883121
11883107	11884579
11883108	5962771
11883108	7682449
11883108	11883107
11883108	11885256
11883109	11883107
11883110	11883107
11883111	11883107
11883112	11883107
11883113	11883107
11883114	11883107
11883115	11883107
11883116	11883107
11883118	11883107
11883119	8984511
11883119	8984544
11883119	11040257
11883121	11883107
11883122	11821316
11883122	11821317
11883123	11821311
11883125	11883128
11883125	11883132
11883125	11883133
11883125	11883292
11883125	11883341
11883125	12593027
11883125	12593028
11883125	12820382
11883125	13523854
11883126	11821276
11883127	11821276
11883128	11883125
11883128	11885244
11883128	11885246
11883128	12593026
11883128	12593028
11883128	12820382
11883130	11821273
11883131	7492171
11883132	11883125
11883132	11885247
11883132	12593027
11883132	12593028
11883133	11883125
11883133	11883134
11883133	11883341
11883133	12820382
11883134	11883133
11883134	11883341
11883134	12593028
11883134	12820382
11883135	11881648
11883135	11883139
11883136	11883936
11883138	7739764
11883139	11881648
11883139	11883135
11883140	8414881
11883141	8414881
11883152	11883163
11883152	11883165
11883152	13366598
11883152	13366614
11883153	2647070
11883153	8742224
11883153	11884027
11883154	13479898
11883155	12387778
11883156	11444647
11883156	11884688
11883157	11884026
11883158	5141033
11883158	8228975
11883159	11883288
11883159	11883294
11883159	12549473
11883161	11884010
11883162	11884005
11883163	11883152
11883163	11883165
11883163	12205035
11883163	13366598
11883163	13366614
11883164	11884000
11883165	11883152
11883165	11883163
11883165	11885235
11883165	13366598
11883165	13366614
11883167	7455179
11883167	10539601
11883168	7076478
11883169	9942805
11883169	11883612
11883169	13705985
11883170	9942805
11883170	11883612
11883171	7830700
11883172	10190037
11883173	9799033
11883174	9224692
11883175	10291169
11883175	12297759
11883176	9413364
11883177	9413364
11883177	11884870
11883177	12302190
11883178	11437173
11883179	9089378
11883179	12064706
11883179	12065924
11883180	9089378
11883180	12064706
11883180	12065924
11883181	11398576
11883182	11398576
11883183	11398576
11883184	11315669
11883185	11315669
11883186	11228598
11883186	12355777
11883186	13242852
11883187	10798073
11883188	10684741
11883188	11315669
11883189	11315669
11883190	11656576
11883190	12302213
11883191	9974404
11883192	9974404
11883192	11884869
11883193	11827735
11883194	11155479
11883195	871416
11883196	11715116
11883198	1078698
11883200	11883993
11883201	4496083
11883202	10087020
11883202	12297689
11883202	13612437
11883202	13612438
11883203	3448403
11883204	11883967
11883204	11931171
11883205	3448403
11883206	11883990
11883207	11134536
11883208	10309010
11883209	639730
11883210	2504269
11883211	11883212
11883212	11883211
11883213	11883216
11883214	9501359
11883215	9501359
11883216	11883213
11883218	453833
11883219	6467607
11883219	9943841
11883220	1035577
11883221	10110241
11883221	12297733
11883221	12297734
11883222	418485
11883223	10126688
11883223	10769638
11883223	12297735
11883224	11872684
11883225	11872685
11883225	12064699
11883226	11872693
11883226	11884076
11883227	11872687
11883228	782858
11883229	782858
11883230	782858
11883231	11283130
11883232	9126120
11883233	11883235
11883234	9126120
11883235	11883233
11883236	9126120
11883237	11883249
11883237	11883251
11883237	11883253
11883237	11883258
11883238	2221028
11883239	11857120
11883240	11857120
11883241	11883245
11883242	11857120
11883243	8462296
11883244	9301959
11883245	11883241
11883247	11883552
11883248	9301959
11883249	11883237
11883249	11883258
11883251	11883237
11883251	11883258
11883252	11883962
11883253	11883237
11883253	11883258
11883253	11883260
11883254	9301959
11883255	11883960
11883255	12854532
11883256	9567829
11883257	8344379
11883258	11883237
11883258	11883249
11883258	11883251
11883258	11883253
11883258	11883260
11883259	12303649
11883259	12303660
11883259	12303661
11883260	11883253
11883260	11883258
11883261	11377145
11883262	7705582
11883263	7342574
11883263	7714801
11883264	7705582
11883265	3004711
11883267	8344240
11883269	8344240
11883272	9240550
11883272	11883593
11883273	11883958
11883275	9216390
11883277	5749518
11883278	9216390
11883279	9037282
11883280	9037282
11883281	2298154
11883281	12149954
11883282	9037282
11883283	3460363
11883283	3460364
11883283	3604494
11883284	5756268
11883285	5756268
11883286	6734090
11883286	12297704
11883286	12297705
11883286	12297706
11883287	9331235
11883288	11159719
11883288	11883159
11883288	11883294
11883288	11883296
11883288	11885215
11883288	11885217
11883288	11885221
11883288	12549473
11883288	12549596
11883290	8659190
11883292	11883125
11883292	11883341
11883294	11159719
11883294	11883159
11883294	11883288
11883294	11883296
11883294	12549473
11883294	12549596
11883296	11159719
11883296	11883288
11883296	11883294
11883296	12549473
11883296	12549596
11883297	11883300
11883297	11883301
11883297	11883303
11883297	11883304
11883298	1868708
11883300	11883297
11883301	11883297
11883303	11883297
11883304	11883297
11883307	12122301
11883307	12134338
11883308	3330273
11883308	6586039
11883309	3330273
11883310	12044453
11883311	4457560
11883312	3865820
11883312	11893360
11883312	11893361
11883313	11883486
11883315	8469530
11883315	11883330
11883315	12309037
11883317	71535
11883317	11078154
11883319	8469530
11883319	11883330
11883321	13506208
11883322	11883592
11883326	2436411
11883327	3123536
11883328	13400953
11883330	11883315
11883330	11883319
11883331	10937280
11883332	3123536
11883333	127737
11883334	12057317
11883336	13439893
11883339	3350168
11883339	12309038
11883340	11878791
11883341	11883125
11883341	11883133
11883341	11883134
11883341	11883292
11883341	11885247
11883341	11885249
11883341	12593028
11883341	12820382
11883342	11877731
11883347	11883590
11883347	11897809
11883350	11882984
11883350	12297732
11883352	916731
11883354	1095973
11883355	1095973
11883360	13506054
11883366	12275526
11883368	11883437
11883368	11883438
11883368	12012504
11883374	13812318
11883379	13341575
11883380	12122295
11883380	12134337
11883381	13341575
11883383	11888284
11883384	5354863
11883384	8099258
11883386	11883591
11883386	12416869
11883389	2869146
11883389	3714322
11883389	3770606
11883389	12816006
11883389	12816007
11883389	12816008
11883390	4329294
11883391	12195179
11883392	11914035
11883392	11914037
11883397	13142549
11883404	8392828
11883404	11883602
11883406	916739
11883410	4579636
11883413	13544541
11883421	10075786
11883422	13427199
11883423	2485253
11883424	12663412
11883425	13478658
11883425	13478665
11883426	10075788
11883427	10075787
11883427	12297738
11883430	12467636
11883430	12467637
11883432	626134
11883437	11883368
11883437	12064609
11883437	12065943
11883438	11883368
11883438	12064609
11883438	12065943
11883440	36141
11883442	12130130
11883444	4714458
11883447	13538492
11883448	7521103
11883450	13426856
11883451	11746156
11883452	954521
11883453	8531676
11883453	8531720
11883455	7669446
11883456	7541861
11883457	6125315
11883458	4666861
11883460	11591715
11883461	2545613
11883462	6521756
11883463	3202088
11883464	11891471
11883465	10601540
11883466	10601540
11883467	10737876
11883468	10737876
11883469	8113199
11883470	8113199
11883471	5536715
11883472	11883487
11883473	13395414
11883473	13395415
11883473	13395416
11883473	13395417
11883474	10692913
11883476	11787853
11883477	737496
11883478	33344
11883479	12559990
11883479	13188557
11883479	13188559
11883480	537455
11883480	4965808
11883482	5736392
11883483	10088000
11883484	5725637
11883485	10088004
11883486	11883313
11883486	12064606
11883487	11883472
11883488	2498754
11883489	2644898
11883490	3419499
11883491	3821015
11883492	4784039
11883493	6656207
11883494	6674003
11883495	6786256
11883496	6787803
11883497	6787803
11883498	6787803
11883499	7760478
11883500	7760478
11883501	9414823
11883503	9414823
11883504	11883513
11883504	12425249
11883504	12425269
11883504	13819489
11883504	13819491
11883505	10150858
11883506	10597194
11883507	10750275
11883508	10750275
11883509	10750275
11883510	13453723
11883510	13453724
11883511	11436355
11883512	11436355
11883513	11883504
11883513	11883524
11883513	12425249
11883513	12425269
11883514	6120533
11883514	10344368
11883514	10344371
11883514	10344429
11883515	307154
11883515	1702115
11883515	2920800
11883516	307154
11883518	1621654
11883519	4015389
11883520	6028705
11883520	8320924
11883521	11884364
11883521	13232998
11883522	10797633
11883524	11883513
11883524	12425249
11883525	12489696
11883526	12489695
11883529	6223591
11883530	13188556
11883531	2235732
11883532	6251778
11883534	6080765
11883536	11922289
11883537	6107756
11883538	6516588
11883539	8394468
11883540	11883542
11883541	7735595
11883542	11883540
11883542	11883557
11883542	11883559
11883542	11883566
11883542	11883570
11883542	11959878
11883543	13380518
11883543	13380519
11883545	8088330
11883546	3365417
11883547	11888285
11883547	12336913
11883547	13188555
11883547	13327712
11883547	13327713
11883547	13679734
11883548	3365417
11883549	2970698
11883549	11883598
11883551	13790936
11883552	11883247
11883552	12064664
11883553	12627458
11883553	12627459
11883553	12627460
11883553	12627461
11883553	12627467
11883554	12448889
11883554	12448890
11883556	12122284
11883556	13673573
11883557	11883542
11883558	9948823
11883559	11883542
11883561	6683447
11883562	6784208
11883562	13188218
11883564	12109582
11883564	12109665
11883565	6833217
11883566	11883542
11883568	7543910
11883569	11884686
11883569	13482487
11883570	11883542
11883571	8353672
11883572	9356934
11883573	11885393
11883573	11885394
11883574	13110826
11883574	13110827
11883574	13245252
11883576	53928
11883576	253865
11883576	493887
11883576	617791
11883576	637430
11883576	1503174
11883576	1963989
11883576	2921069
11883576	2921070
11883578	11885752
11883579	916734
11883580	11987056
11883580	12006960
11883580	12006961
11883580	12006962
11883580	12006963
11883580	12006966
11883580	12006970
11883580	12006971
11883580	12007448
11883580	12007451
11883580	12015683
11883581	13407090
11883582	255235
11883582	3730255
11883583	5203414
11883585	4731500
11883586	12665218
11883587	6422955
11883588	6223049
11883590	11883347
11883591	11883386
11883592	11883322
11883593	11883272
11883593	13259101
11883593	13259102
11883594	11882983
11883595	11881020
11883596	12411052
11883596	13169882
11883596	13188553
11883596	13437696
11883597	1836421
11883597	4440512
11883597	11884844
11883597	11884845
11883598	2970698
11883598	11883549
11883599	9466581
11883600	9466581
11883602	8392828
11883602	11883404
11883603	9552140
11883604	9552140
11883605	9811379
11883606	9485690
11883607	9485690
11883608	7751580
11883609	7751580
11883610	11133655
11883612	9942805
11883612	11883169
11883612	11883170
11883613	11133655
11883615	10489615
11883617	11878622
11883618	11878622
11883619	7555052
11883620	7555052
11883621	9519708
11883622	9657860
11883623	9602145
11883624	11402135
11883625	11402135
11883626	9916917
11883627	9916917
11883628	8733327
11883630	8733327
11883631	8733327
11883633	9800455
11883636	7890998
11883637	7890998
11883638	7506812
11883639	7890998
11883641	7723034
11883641	7890998
11883643	7765872
11883644	7765872
11883645	11883646
11883645	12441911
11883646	11883645
11883647	9553201
11883652	12729988
11883653	3146793
11883653	4384902
11883654	3146793
11883654	4384902
11883655	8477716
11883656	8136853
11883657	8136853
11883658	11197062
11883658	11993061
11883658	12901474
11883658	12901483
11883659	11298461
11883660	9106216
11883661	9208262
11883662	5419902
11883662	12291227
11883662	13268136
11883664	3058070
11883664	11962198
11883665	11505396
11883666	12350492
11883667	10661587
11883668	2387016
11883669	9728933
11883670	7973387
11883670	7973388
11883670	12098995
11883671	9066278
11883672	11466498
11883672	13052480
11883673	9521717
11883674	9250201
11883675	8949765
11883676	11309078
11883678	11309078
11883679	10685772
11883680	10685772
11883681	12652363
11883682	11382085
11883683	11382085
11883684	11279982
11883684	13045687
11883685	308938
11883685	4421985
11883686	11172932
11883687	7284904
11883688	11846819
11883689	11216203
11883690	11216203
11883691	10566614
11883692	11245388
11883693	12559992
11883693	12680116
11883693	12931979
11883693	12931982
11883693	13188552
11883693	13291328
11883694	9846156
11883695	9846156
11883696	7755322
11883697	13188551
11883698	11370977
11883699	11182318
11883700	8204261
11883701	9537316
11883702	11246759
11883703	11246759
11883704	11284257
11883705	11478557
11883706	11478557
11883708	11883710
11883710	11883708
11883713	11139825
11883714	7199727
11883721	11883723
11883721	12064696
11883721	12064697
11883721	12065930
11883721	12168556
11883721	12255712
11883721	12255713
11883721	12255714
11883722	6090598
11883723	11883721
11883723	12064697
11883723	12065930
11883724	5122679
11883725	5122679
11883725	11884862
11883726	11883727
11883726	12460588
11883727	11883726
11883728	11883730
11883729	8210826
11883730	11883728
11883731	11883732
11883732	11883731
11883733	2946075
11883736	10500133
11883738	12350918
11883738	12869253
11883738	13116230
11883739	10543549
11883739	11883742
11883739	12474002
11883740	2986689
11883740	11884850
11883741	2986689
11883741	11884850
11883742	11883739
11883744	2436135
11883744	11884826
11883745	3374749
11883746	3374749
11883748	11873907
11883749	11873907
11883750	11873921
11883751	11873921
11883752	8791471
11883754	13099882
11883755	11874044
11883756	11874044
11883757	11874057
11883758	11874057
11883759	11874060
11883760	11874060
11883761	11874083
11883762	11874083
11883763	11874200
11883764	11874200
11883765	11874328
11883766	11874328
11883767	11874328
11883768	11874328
11883769	11874325
11883770	11874325
11883771	11874325
11883772	11874325
11883773	11874390
11883774	11874395
11883775	11874395
11883776	11874396
11883777	2544664
11883778	2544667
11883780	3622628
11883780	11883782
11883781	3622628
11883781	11883782
11883782	11883780
11883782	11883781
11883783	2547676
11883784	2547676
11883785	2547676
11883786	2547676
11883788	6124364
11883789	6814215
11883790	6814215
11883791	7157181
11883792	3621130
11883792	13419877
11883793	8202049
11883794	8202049
11883795	8202049
11883796	3621130
11883797	8202049
11883798	8202049
11883799	8202049
11883800	8202055
11883801	8202055
11883802	9082316
11883803	6064234
11883804	28740
11883805	10275828
11883806	10531284
11883807	7507559
11883807	7511158
11883808	11874040
11883809	11874040
11883810	39530
11883811	5523894
11883811	12516340
11883812	2912632
11883813	255138
11883814	2646704
11883815	9814474
11883816	9814474
11883817	11698676
11883818	7112399
11883819	2245613
11883820	6432232
11883822	10171401
11883823	6179319
11883823	8888370
11883824	13232257
11883825	256396
11883826	24944
11883827	24890
11883828	11883865
11883829	1984853
11883830	1984853
11883831	13780507
11883832	1009320
11883833	6642466
11883834	6094293
11883835	6094293
11883836	2527682
11883837	2527682
11883838	4511644
11883839	4729001
11883840	6643488
11883841	2185344
11883842	2717627
11883843	11391109
11883844	2305623
11883845	7016256
11883846	9074754
11883847	1894355
11883848	3279554
11883849	2183895
11883850	2183895
11883851	9469179
11883852	12499991
11883852	12746105
11883853	6129047
11883855	13188549
11883856	13092292
11883858	11883861
11883858	11883863
11883858	12288628
11883858	12292089
11883861	11883858
11883863	11883858
11883864	3508855
11883864	13812306
11883865	11883828
11883867	11874101
11883868	11874101
11883868	13778068
11883869	11874346
11883870	11874399
11883871	11874399
11883872	5848586
11883873	6258512
11883874	6687202
11883875	6687983
11883877	11883913
11883878	7733099
11883879	7733099
11883880	7870140
11883881	7870140
11883882	8170422
11883883	8170422
11883884	9073356
11883885	9083430
11883888	10286262
11883889	10511412
11883890	10660706
11883891	10660706
11883892	11874219
11883893	11874219
11883894	11883899
11883894	11883900
11883894	11884147
11883894	11976676
11883895	9583335
11883896	9583335
11883897	9583337
11883898	9583337
11883899	11883894
11883900	11883894
11883907	11884077
11883907	11884079
11883907	11884081
11883907	11884083
11883909	11883912
11883912	11883909
11883913	6123593
11883913	7448555
11883913	9206782
11883913	11883877
11883915	11882883
11883915	11883102
11883915	12471297
11883916	11885065
11883916	11885068
11883916	11885143
11883916	11885144
11883916	11889158
11883916	12039702
11883916	13188546
11883917	7590154
11883919	11883920
11883920	11883919
11883920	12235358
11883920	12471611
11883920	12471613
11883921	2912270
11883921	11875935
11883922	1906420
11883924	2588853
11883925	13188544
11883926	2588853
11883927	2547889
11883928	4204539
11883928	4379045
11883928	11883964
11883928	11883976
11883929	11872702
11883930	5673253
11883931	11871997
11883932	7334101
11883936	11883136
11883936	13232470
11883940	11883941
11883941	11883940
11883941	11884142
11883941	11884143
11883942	11884142
11883942	11884143
11883944	12178867
11883944	13186413
11883944	13188542
11883944	13284481
11883944	13284482
11883944	13363954
11883945	12533928
11883949	2408223
11883949	2408340
11883949	2410819
11883949	2411569
11883949	2465131
11883949	3265767
11883949	4299179
11883949	4299182
11883949	5191963
11883949	7169441
11883949	7169830
11883949	11884024
11883951	1611503
11883954	8660391
11883955	13102866
11883955	13454728
11883955	13454731
11883956	6120660
11883956	11144406
11883957	7132133
11883957	13746041
11883958	11883273
11883960	11883255
11883960	13098081
11883960	13098082
11883960	13098083
11883961	11883963
11883962	11883252
11883963	11883961
11883964	3339199
11883964	4204539
11883964	11883928
11883964	11883976
11883965	11883103
11883966	11883103
11883967	11883204
11883967	12318228
11883968	4931975
11883968	4932608
11883968	4933372
11883968	11883071
11883968	12169573
11883969	1606901
11883970	1606901
11883971	8633446
11883973	10707764
11883974	7060248
11883975	781093
11883976	3339199
11883976	4204539
11883976	11883928
11883976	11883964
11883976	11884029
11883976	12864180
11883977	11773014
11883978	11882875
11883978	11882881
11883978	11882883
11883979	1791501
11883980	1791504
11883981	1791508
11883982	1573032
11883983	11882784
11883983	11884086
11883983	11884096
11883984	6617918
11883985	445947
11883986	10060493
11883988	2585732
11883989	9353022
11883990	11883206
11883991	3402994
11883992	9965767
11883993	11883200
11883994	3718879
11883995	3780761
11883996	5287111
11883997	3402938
11883998	3402938
11883999	2308070
11884000	11883164
11884001	5166738
11884002	2263447
11884002	11884006
11884003	2253691
11884004	5850826
11884005	11883162
11884006	11884002
11884007	11884056
11884007	11901332
11884007	12068878
11884008	2711033
11884009	7808414
11884010	11883161
11884011	7808414
11884012	8950079
11884013	8950079
11884014	4914230
11884015	4914230
11884016	2522763
11884017	8602759
11884017	11884018
11884018	11884017
11884019	8866759
11884020	7987076
11884021	7987076
11884022	7987088
11884023	8072233
11884024	11883949
11884026	11883157
11884026	13807996
11884027	3099219
11884027	11883153
11884028	10533866
11884028	11884035
11884028	11885202
11884028	11885204
11884028	11885206
11884028	13321900
11884029	11883976
11884030	10719030
11884031	10701244
11884032	10701243
11884033	12315860
11884033	13188541
11884033	13644818
11884034	10029435
11884035	10533866
11884035	11884028
11884035	11885202
11884035	11885204
11884036	6387702
11884036	11884039
11884036	11884047
11884036	11884072
11884036	11884073
11884036	11884092
11884036	11885812
11884037	2645131
11884037	4146147
11884037	4146149
11884037	6611214
11884037	7520676
11884037	8105961
11884038	6387702
11884038	11884039
11884038	11884047
11884038	11884072
11884038	11884073
11884038	11884092
11884038	11885812
11884039	11884036
11884039	11884038
11884039	11884047
11884039	11884072
11884039	11884073
11884039	11884092
11884039	11885812
11884040	9524448
11884041	3609437
11884042	7798546
11884042	11851862
11884043	10763864
11884044	7798546
11884045	2092513
11884046	2092513
11884047	6387702
11884047	11884036
11884047	11884038
11884047	11884039
11884047	11884072
11884047	11884073
11884047	11884092
11884047	11885812
11884048	2092513
11884048	11885292
11884049	2092513
11884050	2092513
11884051	8394416
11884051	12481945
11884052	2248500
11884053	11660244
11884054	11660244
11884055	7394779
11884056	11884007
11884056	12068878
11884057	7394779
11884058	7394779
11884059	7394779
11884060	8080845
11884062	8080845
11884063	8080845
11884064	8080845
11884065	8080845
11884066	8080845
11884067	8080845
11884068	8080845
11884068	11885290
11884069	7402607
11884070	522316
11884070	522618
11884070	859872
11884070	1005568
11884071	7402607
11884072	11884036
11884072	11884038
11884072	11884039
11884072	11884047
11884072	11884092
11884072	11885812
11884073	11884036
11884073	11884038
11884073	11884039
11884073	11884047
11884073	11884092
11884073	11885812
11884074	8742224
11884076	11883226
11884077	11883907
11884079	11883907
11884080	11884082
11884080	11884084
11884080	12933422
11884081	11883907
11884082	11884080
11884082	11884084
11884082	12933422
11884083	11883907
11884084	11884080
11884084	11884082
11884084	12933422
11884085	11884089
11884086	6524886
11884086	6524887
11884086	11375258
11884086	11883983
11884086	11884096
11884087	270709
11884088	8400877
11884089	11884085
11884091	2724308
11884092	6387702
11884092	11884036
11884092	11884038
11884092	11884039
11884092	11884047
11884092	11884072
11884092	11884073
11884092	11885812
11884094	11884158
11884094	11884160
11884095	8505828
11884096	6524886
11884096	6524887
11884096	11375258
11884096	11883983
11884096	11884086
11884097	3824947
11884105	8332706
11884106	2111814
11884107	11821268
11884110	8179706
11884111	8179706
11884122	11821266
11884122	11821267
11884122	12884685
11884123	11821267
11884125	11821243
11884126	11821243
11884127	11735786
11884140	2123015
11884142	11883941
11884142	11883942
11884143	11883941
11884143	11883942
11884146	2123015
11884147	11883894
11884147	11976676
11884148	5858980
11884148	7212939
11884149	13188539
11884153	9145046
11884153	11821241
11884155	13188538
11884157	9145046
11884157	11821241
11884158	11884094
11884158	11884160
11884159	12243492
11884159	12246168
11884159	12334021
11884159	12334022
11884159	12334024
11884159	12334026
11884160	11884094
11884160	11884158
11884163	11821176
11884163	11821177
11884165	11821177
11884166	6033841
11884166	12165070
11884169	2208558
11884169	9640992
11884169	11821153
11884170	2208558
11884170	11821159
11884171	2208558
11884171	11821153
11884173	12644315
11884173	12644316
11884173	13188537
11884177	11821151
11884180	13188536
11884181	6200764
11884181	11884188
11884181	12043460
11884181	12043540
11884181	12043541
11884181	12043548
11884181	12043549
11884181	12043551
11884181	12043554
11884181	12046664
11884181	12046670
11884181	12046679
11884181	12046681
11884181	12046839
11884181	12047044
11884181	13188533
11884182	11890801
11884183	11250594
11884184	10272066
11884186	11884189
11884188	6200764
11884188	11884181
11884188	12043460
11884188	12043540
11884188	12043541
11884188	12043548
11884188	12043549
11884188	12043551
11884188	12043554
11884188	12046664
11884188	12046670
11884188	12046679
11884188	12046681
11884188	12046839
11884188	12047044
11884189	11884186
11884191	13188532
11884192	11703600
11884193	11821088
11884194	11821088
11884195	6271022
11884196	6271022
11884197	11821088
11884198	11821088
11884199	11839785
11884200	11839785
11884201	6274162
11884202	6274162
11884203	11820854
11884203	11821058
11884203	11821060
11884204	11820854
11884204	11821059
11884205	11573360
11884206	614828
11884207	8856648
11884208	418988
11884209	8856648
11884210	1796446
11884211	8856648
11884212	8856648
11884213	8856648
11884214	8856648
11884215	2819839
11884216	7195393
11884217	7408306
11884218	7408306
11884219	11822382
11884220	6617687
11884221	7408306
11884222	8843669
11884223	7408306
11884224	10712982
11884225	4055105
11884226	387155
11884227	4055105
11884228	4055105
11884229	8093192
11884230	4055105
11884231	11885349
11884231	11885350
11884232	2705317
11884233	2225596
11884234	1705159
11884235	4055105
11884236	1391343
11884237	3823795
11884238	344539
11884239	3823795
11884240	3823795
11884241	3823795
11884242	2312371
11884243	3823795
11884244	3823795
11884245	1768630
11884246	11182644
11884248	8367401
11884250	6927358
11884251	3833328
11884252	1664996
11884253	8367401
11884254	1664996
11884255	6516078
11884256	6516078
11884257	6516078
11884258	3106618
11884259	6516078
11884260	9480105
11884260	13404829
11884260	13404830
11884261	2232614
11884262	2202531
11884263	9982454
11884264	9982454
11884265	3434045
11884266	2142562
11884267	11877963
11884267	11878017
11884268	11884337
11884268	11938079
11884268	11938080
11884269	5851686
11884269	11821009
11884269	11821012
11884269	11821050
11884270	5851686
11884270	11821010
11884270	11821012
11884272	12573819
11884274	8026001
11884276	367206
11884276	4706006
11884276	8049354
11884277	57661
11884277	428832
11884279	2275328
11884279	11821047
11884280	2275328
11884280	11821045
11884282	11375258
11884283	2275328
11884283	11821045
11884284	2275328
11884284	11821047
11884285	5851686
11884285	11821011
11884285	11821012
11884286	11884303
11884288	11884307
11884288	11884308
11884289	8086188
11884289	8086265
11884289	11820865
11884289	11821008
11884290	8086188
11884290	8086265
11884290	11820865
11884290	11821008
11884291	8086188
11884291	8086265
11884291	11820865
11884291	11821008
11884296	11884356
11884298	11884300
11884298	13009365
11884299	11884300
11884300	11884298
11884300	11884299
11884302	11884335
11884302	11938081
11884302	11938082
11884303	11884286
11884304	11884306
11884305	11884310
11884305	11884311
11884306	11884304
11884307	11884288
11884308	11884288
11884309	12057353
11884309	13339124
11884309	13339140
11884310	11884305
11884311	11884305
11884312	10481966
11884313	10481966
11884314	10481967
11884315	10481967
11884316	11884613
11884317	11884614
11884318	11884612
11884319	11389110
11884319	11389111
11884321	11388957
11884322	11884610
11884322	11884612
11884323	11884615
11884324	11188089
11884325	3721777
11884326	3721777
11884327	11188090
11884329	11188084
11884330	3721777
11884331	3721777
11884333	11188149
11884333	11188153
11884334	11188149
11884335	11884302
11884335	11938081
11884335	11938082
11884336	11884368
11884337	11884268
11884337	11884447
11884337	11938079
11884337	11938080
11884337	13620123
11884338	11884392
11884338	12060528
11884339	12288189
11884339	12288193
11884341	12060529
11884341	13188531
11884341	13453661
11884344	6700682
11884344	6700683
11884344	6703484
11884344	6706621
11884345	11188149
11884345	11188153
11884346	11188149
11884347	4477322
11884347	11884350
11884347	11884351
11884347	11884446
11884348	11884349
11884349	11884348
11884350	11884347
11884350	13314066
11884351	11884347
11884353	11884354
11884353	11933136
11884354	11884353
11884354	11933136
11884355	9231832
11884355	10451389
11884355	13789159
11884355	13789160
11884355	13790100
11884356	11884296
11884357	264957
11884357	8364787
11884359	4476229
11884361	13494262
11884363	11884365
11884364	11883521
11884365	11884363
11884368	11884336
11884370	11884443
11884372	12698009
11884374	12415229
11884374	12415245
11884374	13188530
11884377	11985714
11884378	11884379
11884378	11885178
11884378	11885179
11884378	11938078
11884379	11884378
11884379	11884439
11884379	11885225
11884379	11938078
11884380	12128707
11884381	12124476
11884383	9926247
11884384	11884386
11884384	11884396
11884384	11884438
11884384	11885173
11884386	11884384
11884386	11884396
11884386	11885173
11884387	11884389
11884389	11884387
11884390	13800
11884391	268765
11884392	11884338
11884393	12362802
11884395	11140308
11884396	11884384
11884396	11884386
11884399	13447768
11884402	11884403
11884403	11884402
11884408	11878396
11884408	11878397
11884408	11878400
11884408	11878401
11884408	11878402
11884408	11878407
11884408	11878410
11884408	11878412
11884408	11878418
11884408	11878894
11884408	11878897
11884408	11881189
11884408	11881204
11884408	13801503
11884411	11884430
11884413	11878396
11884413	11878401
11884413	13801503
11884416	11884419
11884417	12714883
11884419	11884416
11884422	3881174
11884422	11884425
11884422	11884426
11884422	11884427
11884422	12487657
11884422	12694308
11884422	12694311
11884422	13188529
11884422	13761906
11884425	11884422
11884426	11884422
11884427	11884422
11884428	11884429
11884429	11884428
11884430	11884411
11884432	10458083
11884433	10458083
11884434	11884435
11884435	11884434
11884436	268765
11884436	568261
11884436	6053977
11884436	6053978
11884436	8781391
11884436	11884440
11884438	11884384
11884439	11884379
11884440	568261
11884440	11884436
11884443	11884370
11884446	11884347
11884447	11884337
11884448	11882719
11884448	11884450
11884449	11882719
11884449	11884450
11884450	11882719
11884450	11884448
11884450	11884449
11884451	8174043
11884452	3301492
11884453	2835761
11884454	11679906
11884455	1893884
11884456	3914035
11884457	3914035
11884458	4848413
11884459	11884460
11884460	11884459
11884462	11661943
11884463	12882327
11884465	11700495
11884466	8593696
11884467	10751179
11884468	8219492
11884469	10751179
11884471	12895095
11884471	12979370
11884472	1690598
11884473	1690598
11884474	7193511
11884475	2300230
11884476	682292
11884476	1134717
11884476	7717152
11884477	11884479
11884478	2300230
11884479	11884477
11884480	11884498
11884483	1783385
11884483	11884488
11884485	2144032
11884486	2144032
11884487	1589067
11884488	446054
11884488	672586
11884488	1783343
11884488	1783385
11884488	11884483
11884488	12160292
11884489	1589065
11884490	11884495
11884490	11884497
11884493	11884494
11884493	11884499
11884494	11884493
11884494	11884499
11884494	11885165
11884495	11884490
11884496	13695101
11884496	13695102
11884497	11884490
11884498	11884480
11884498	13007355
11884499	11884493
11884499	11884494
11884500	13625806
11884500	13625807
11884501	6265809
11884501	11374804
11884502	6265809
11884502	11374804
11884503	11884504
11884504	11884503
11884505	6799916
11884505	12135801
11884506	41367
11884506	1980432
11884507	41367
11884507	1183095
11884508	41367
11884508	1980433
11884508	1980439
11884509	2764490
11884510	3819832
11884512	6786233
11884513	6786233
11884513	12320185
11884514	10886096
11884515	3374077
11884517	13766440
11884517	13766441
11884520	1009067
11884523	11884524
11884524	11884523
11884525	275517
11884526	275517
11884530	5022022
11884531	770087
11884531	1132171
11884532	6728883
11884535	7780130
11884536	7780130
11884536	11890934
11884538	1931629
11884538	3335422
11884538	4270311
11884538	6328972
11884538	12609727
11884538	12609728
11884538	12609729
11884539	5864268
11884539	11890932
11884542	2290279
11884542	11890926
11884543	259771
11884544	11884606
11884544	11884607
11884544	12316742
11884545	9524851
11884545	11064344
11884546	9524851
11884546	11064345
11884547	11884548
11884548	11884547
11884549	11884551
11884549	11884553
11884549	13014485
11884551	11064346
11884551	11884549
11884552	11864598
11884552	11885162
11884552	11905457
11884553	11064347
11884553	11884549
11884555	3005494
11884556	11881316
11884556	11884557
11884556	11884558
11884557	11881316
11884557	11884556
11884558	11881316
11884558	11884556
11884560	11717742
11884560	11717942
11884560	11717944
11884560	11884561
11884560	11884562
11884560	11884563
11884560	11884564
11884561	11717742
11884561	11717942
11884561	11717944
11884561	11884560
11884561	11884562
11884561	11884563
11884561	11884564
11884562	11717742
11884562	11717942
11884562	11717944
11884562	11884560
11884562	11884561
11884562	11884563
11884562	11884564
11884563	11717742
11884563	11717942
11884563	11717944
11884563	11884560
11884563	11884561
11884563	11884562
11884563	11884564
11884564	11717742
11884564	11717942
11884564	11717944
11884564	11884560
11884564	11884561
11884564	11884562
11884564	11884563
11884566	11884570
11884566	11884593
11884567	13224933
11884568	1959475
11884568	1962526
11884569	4834538
11884569	4834540
11884570	11884566
11884570	11884593
11884571	11884574
11884571	11884575
11884572	11884576
11884572	11884577
11884574	11884571
11884575	11884571
11884576	11884572
11884577	11884572
11884578	12135278
11884578	13102910
11884578	13188528
11884578	13363952
11884579	11883107
11884580	9807114
11884580	9807118
11884580	9807134
11884581	11516190
11884581	11884587
11884581	11884588
11884582	11516190
11884582	11884585
11884582	11884586
11884583	3301519
11884583	11514561
11884584	12814077
11884584	12814080
11884585	11884582
11884586	11884582
11884587	11884581
11884588	11884581
11884589	11884592
11884589	11938077
11884591	11246257
11884592	11884589
11884592	11938077
11884593	11884566
11884593	11884570
11884594	8521401
11884595	3818856
11884595	7485110
11884595	7486253
11884595	7559511
11884596	11885149
11884597	6312960
11884597	7711152
11884597	7711183
11884599	6312960
11884599	7711152
11884599	7711183
11884600	8521401
11884600	11876667
11884600	11884601
11884600	11884608
11884600	11885157
11884601	11884600
11884601	11885152
11884601	13625815
11884602	8521401
11884602	11884608
11884602	13587614
11884603	8521401
11884604	8521401
11884605	8521401
11884605	11876667
11884605	11884608
11884605	11885152
11884605	11885157
11884605	13587614
11884606	11884544
11884606	11884607
11884607	11884544
11884607	11884606
11884608	8521401
11884608	11876667
11884608	11884600
11884608	11884602
11884608	11884605
11884608	11885157
11884608	13587614
11884610	11884322
11884612	11884318
11884612	11884322
11884612	11885145
11884612	11885146
11884613	11884316
11884614	11884317
11884614	11884914
11884615	11884323
11884616	11884617
11884617	11884616
11884618	11884619
11884619	11884618
11884621	13048593
11884623	11884624
11884624	11884623
11884626	7803449
11884627	7122284
11884628	7122284
11884628	13356346
11884628	13356347
11884628	13641534
11884629	7214919
11884630	11847188
11884631	11884632
11884631	11884633
11884631	11884634
11884631	11884638
11884631	11884640
11884631	11884641
11884631	11884642
11884631	11884645
11884631	11884648
11884631	11884649
11884631	11884650
11884631	11884651
11884631	11884653
11884632	11884631
11884632	11884638
11884632	11884640
11884632	11884651
11884633	11884631
11884634	11884631
11884635	7000312
11884636	11884639
11884637	7562493
11884638	11884631
11884638	11884632
11884638	11884640
11884638	11885127
11884639	11884636
11884640	11884631
11884640	11884632
11884640	11884638
11884640	11884641
11884640	11884651
11884641	11884631
11884641	11884640
11884642	11884631
11884644	11884646
11884645	11884631
11884646	11884644
11884647	1359976
11884647	13790834
11884647	13790867
11884648	11884631
11884649	11884631
11884650	11884631
11884651	11884631
11884651	11884632
11884651	11884640
11884652	10027151
11884653	11884631
11884654	10118400
11884655	6046863
11884655	13499058
11884656	2612085
11884657	5852026
11884658	310714
11884658	2446795
11884659	2306698
11884660	10764679
11884661	2306695
11884662	265793
11884662	874165
11884662	2306649
11884663	5110629
11884664	5771444
11884666	507823
11884667	11890847
11884667	11890851
11884669	12557413
11884670	407949
11884671	13466756
11884672	13631048
11884674	12579214
11884675	12952064
11884675	12965589
11884675	12965600
11884677	11884679
11884679	11884677
11884681	12638956
11884684	2221286
11884686	11883569
11884688	11570350
11884688	11883156
11884693	11890771
11884694	13626203
11884696	786625
11884697	11900146
11884697	11900148
11884697	12495956
11884697	12569404
11884697	12719251
11884697	12719406
11884697	12762703
11884700	11884703
11884700	11884706
11884700	11884709
11884700	11884713
11884700	11884715
11884700	11884719
11884700	11884720
11884700	11884724
11884700	11884734
11884700	11884737
11884700	11884739
11884700	11884744
11884700	11884746
11884703	11884700
11884703	11884713
11884703	11884715
11884703	11884720
11884703	11884737
11884703	11884739
11884703	11884744
11884706	11884700
11884707	11857717
11884709	11884700
11884711	11884717
11884711	11884722
11884711	13188526
11884711	13363950
11884713	11884700
11884713	11884703
11884713	11884715
11884715	11884700
11884715	11884703
11884715	11884713
11884715	11884720
11884716	13245393
11884716	13246382
11884717	11884711
11884718	11919955
11884719	11884700
11884720	11884700
11884720	11884703
11884720	11884715
11884722	11884711
11884724	11884700
11884729	11641888
11884730	8078988
11884732	3402404
11884732	3402982
11884732	8080143
11884732	11641862
11884733	8078988
11884734	11884700
11884735	258806
11884736	11641880
11884737	11884700
11884737	11884703
11884738	11637247
11884739	11884700
11884739	11884703
11884740	11636914
11884741	11884743
11884742	258705
11884743	11884741
11884744	11884700
11884744	11884703
11884745	10326015
11884746	11884700
11884747	10326015
11884748	5160171
11884749	237817
11884750	1314614
11884751	35926
11884752	10908089
11884753	620700
11884754	4338265
11884754	4339080
11884755	11884761
11884756	35928
11884757	7972961
11884757	9755893
11884757	11884764
11884757	12023097
11884757	13453717
11884758	4498150
11884760	4498150
11884761	11884755
11884762	3311325
11884763	9956237
11884764	11884757
11884765	10144710
11884766	6831831
11884766	13009257
11884767	11884768
11884767	11884772
11884767	11884774
11884767	11884777
11884767	11884779
11884767	11884783
11884767	11884785
11884767	11884789
11884767	11884791
11884767	11884797
11884767	11884798
11884767	11884799
11884767	11884834
11884768	11884767
11884769	10225165
11884770	255336
11884771	10863030
11884772	11884767
11884773	10863030
11884774	11884767
11884774	11884785
11884774	11884799
11884775	1868178
11884776	238286
11884777	11884767
11884778	238286
11884779	11884767
11884780	427819
11884781	307195
11884782	2133305
11884783	11884767
11884784	2048826
11884784	2048840
11884785	11884767
11884785	11884774
11884786	273172
11884786	3263759
11884786	7759187
11884789	11884767
11884791	11884767
11884793	5726320
11884793	10714675
11884794	329059
11884795	1730787
11884796	9727331
11884797	11884767
11884798	11884767
11884799	11884767
11884799	11884774
11884800	11884856
11884801	581280
11884801	12100811
11884801	12100812
11884801	12473887
11884801	13822151
11884801	13822153
11884801	13822154
11884801	13822156
11884801	13822157
11884801	13822158
11884802	11884803
11884802	11884813
11884803	11884802
11884805	581270
11884806	262268
11884807	11884808
11884808	11884807
11884809	262268
11884810	258713
11884811	259043
11884812	259403
11884813	11884802
11884814	262247
11884815	13220824
11884816	11884817
11884817	11884816
11884819	3315093
11884819	3566657
11884819	3583028
11884819	3583032
11884819	3583034
11884819	3583036
11884819	3583038
11884819	3583041
11884819	4211088
11884819	5306730
11884819	5777077
11884819	6078327
11884819	7327775
11884819	11885003
11884819	13779731
11884820	11633755
11884820	13025039
11884821	11633745
11884821	11633747
11884822	11732762
11884822	13522510
11884823	4130291
11884823	11884824
11884823	11884838
11884823	11884854
11884823	11884907
11884823	11885004
11884824	4130291
11884824	11884823
11884824	11884838
11884824	11884854
11884824	11884907
11884824	11885004
11884825	7847758
11884826	11883744
11884827	7150786
11884828	12090825
11884829	12090825
11884832	11884833
11884833	11884832
11884834	11884767
11884835	2436135
11884836	35264
11884837	35264
11884838	11884823
11884838	11884824
11884838	11884854
11884838	11885004
11884839	264218
11884840	5009639
11884841	5651866
11884842	6531705
11884843	11884864
11884843	11884865
11884844	11883597
11884845	11883597
11884847	324055
11884848	11884849
11884849	11884848
11884850	2986689
11884850	11883740
11884850	11883741
11884851	10500133
11884852	4588085
11884853	10953917
11884854	11884823
11884854	11884824
11884854	11884838
11884854	11885004
11884855	2745842
11884856	11884800
11884857	11884921
11884859	7760927
11884862	5122679
11884862	11883725
11884863	13207584
11884864	11884843
11884865	11884843
11884866	11884867
11884866	11884868
11884866	11884904
11884866	11976671
11884867	11884866
11884868	11884866
11884868	11976671
11884869	11883192
11884870	11883177
11884871	11750356
11884872	11750355
11884873	9413364
11884875	11875905
11884876	11209222
11884876	11875904
11884877	7538325
11884878	7538325
11884879	5358369
11884880	6237703
11884881	6237703
11884882	6237703
11884883	8531672
11884884	6237703
11884885	7926345
11884885	10126783
11884885	13488144
11884886	6049403
11884887	6049403
11884888	1987147
11884888	1987395
11884888	1987396
11884889	6049403
11884890	3818680
11884890	11884897
11884891	3818680
11884892	3818680
11884893	3818680
11884894	2713511
11884895	2713511
11884896	2713511
11884896	11885118
11884897	11884890
11884898	9415770
11884899	9415770
11884900	2643838
11884901	9415770
11884902	9415770
11884903	32153
11884904	11884866
11884905	5738541
11884906	9415770
11884907	11884823
11884907	11884824
11884907	11885004
11884908	6575206
11884909	7214150
11884910	12130777
11884910	12329652
11884910	13188525
11884910	13363948
11884911	6575206
11884912	254806
11884913	6575206
11884914	11884614
11884915	11548023
11884916	11548023
11884917	13086812
11884918	8848231
11884919	8848231
11884919	11884925
11884920	12938675
11884921	11884857
11884922	4572067
11884923	4572067
11884924	4572067
11884925	11884919
11884926	2251284
11884926	11885112
11884927	9687707
11884928	9687707
11884929	9687707
11884929	11885108
11884930	9687707
11884931	9011957
11884931	13546312
11884932	12941654
11884933	10225775
11884934	10225775
11884935	7969705
11884936	7969705
11884937	7969705
11884938	7969705
11884939	5358369
11884940	10753590
11884941	10753590
11884942	7389237
11884942	7391138
11884942	11930931
11884942	11930932
11884943	7389236
11884943	7391137
11884943	11930933
11884943	11930934
11884944	7389237
11884944	7391138
11884944	11930931
11884944	11930932
11884946	8602119
11884947	3390678
11884947	9010047
11884948	4012617
11884948	4045171
11884949	4012617
11884949	12361828
11884950	4012617
11884950	4045172
11884950	11885100
11884951	6252958
11884953	9365545
11884954	9365545
11884955	9365545
11884956	9365545
11884957	9365545
11884957	11885097
11884958	9365545
11884959	12938674
11884961	11371872
11884962	13097638
11884963	11371872
11884964	11371872
11884965	11371872
11884966	11371872
11884968	11371872
11884969	11432040
11884970	11432040
11884971	8039801
11884971	8039802
11884971	11885858
11884972	8039801
11884972	8039802
11884972	11885858
11884972	11885860
11884973	12938673
11884975	2784963
11884975	10620655
11884976	5565084
11884977	2784963
11884979	324523
11884979	412455
11884979	580136
11884979	580141
11884979	972626
11884979	3454165
11884980	8860147
11884980	11896116
11884981	2130380
11884982	5747961
11884982	12715618
11884984	6435723
11884985	8014021
11884986	8933169
11884987	11816836
11884988	12941647
11884989	11808695
11884990	2538912
11884991	11620171
11884992	11620171
11884992	11885093
11884993	5906359
11884993	11885045
11884994	473866
11884994	554850
11884994	555704
11884994	580422
11884994	2833945
11884994	7934612
11884995	11816402
11884997	13188524
11884998	1825688
11884999	3680707
11884999	3681091
11884999	11896587
11884999	11896590
11884999	11896592
11885000	3680707
11885000	11896583
11885000	11896584
11885000	11896585
11885000	11896586
11885001	3680707
11885001	3681091
11885001	11896587
11885001	11896590
11885001	11896592
11885002	3680707
11885002	11896583
11885002	11896584
11885002	11896585
11885002	11896586
11885003	3315093
11885003	3566657
11885003	3956955
11885003	5771590
11885003	5777077
11885003	6078327
11885003	11884819
11885004	4130291
11885004	11884823
11885004	11884824
11885004	11884838
11885004	11884854
11885004	11884907
11885005	2103082
11885007	13092782
11885007	13296201
11885007	13693003
11885008	11885352
11885009	11885352
11885010	1492605
11885011	11885378
11885013	12354231
11885013	12354232
11885013	13092781
11885013	13652992
11885013	13652993
11885013	13652994
11885014	6602052
11885015	69838
11885015	493396
11885015	12253155
11885016	69838
11885017	7489926
11885018	8390464
11885020	13088777
11885021	13141001
11885022	9851126
11885022	10153398
11885022	10161612
11885024	7126248
11885026	3660920
11885026	13827319
11885027	7114415
11885028	3660919
11885029	6082954
11885030	11827452
11885031	4497830
11885033	11751942
11885037	12268712
11885037	12565215
11885045	5906359
11885045	9927443
11885045	11884993
11885046	11885056
11885046	11897788
11885046	11897822
11885046	11897823
11885048	13092779
11885049	11885055
11885049	13092777
11885050	11885052
11885050	11885053
11885052	11885050
11885053	11885050
11885053	11885222
11885055	11885049
11885056	11885046
11885057	1203191
11885057	12784270
11885057	13092776
11885058	11935384
11885060	3501312
11885061	5852369
11885061	13067652
11885062	7791510
11885063	11885318
11885063	11885319
11885063	13067243
11885063	13067244
11885064	5851335
11885064	7222926
11885065	11883916
11885065	11885068
11885065	11885143
11885065	11885144
11885065	11889158
11885065	12039702
11885066	11885317
11885067	5853175
11885068	11883916
11885068	11885065
11885068	11885143
11885068	11885144
11885068	12039702
11885069	11885315
11885069	11885316
11885069	11885339
11885069	11933135
11885069	12162782
11885069	12162783
11885069	13373244
11885070	11885314
11885071	11885313
11885072	11885312
11885072	12049383
11885072	12049384
11885072	13438867
11885073	11885309
11885074	11885308
11885074	11933134
11885075	9023079
11885076	11885082
11885076	11885083
11885076	11885307
11885076	11885762
11885076	11933129
11885076	11933133
11885076	13138271
11885077	4517255
11885079	11885303
11885079	11885304
11885081	11885085
11885081	11885302
11885081	11933126
11885081	11933127
11885082	11885076
11885083	11885076
11885084	11885300
11885084	11885301
11885084	11933124
11885084	11977850
11885084	11977851
11885085	11885081
11885086	11885299
11885086	11933123
11885086	13175205
11885088	11885298
11885092	12517509
11885093	11884992
11885094	11885294
11885094	11885295
11885096	11885293
11885097	11884957
11885098	11220325
11885100	11884950
11885101	947664
11885101	948363
11885101	11220310
11885102	11885103
11885102	11885109
11885102	11885114
11885102	11885116
11885102	11885120
11885102	11885122
11885102	11885125
11885102	11885132
11885102	11885135
11885102	11885138
11885102	11885139
11885102	11885140
11885102	11885141
11885102	11904175
11885103	11885102
11885103	11885120
11885103	11885137
11885104	11885291
11885104	11933121
11885105	11885289
11885105	13437372
11885105	13437373
11885106	11900145
11885106	11902387
11885106	11902476
11885106	11902478
11885106	11926474
11885106	11926475
11885106	12687430
11885106	13084631
11885106	13084632
11885106	13182788
11885107	11885288
11885107	11952807
11885107	12118310
11885107	12118319
11885107	12121124
11885107	13083054
11885107	13298712
11885108	11884929
11885109	11885102
11885110	11885287
11885111	11885285
11885111	11885286
11885111	11933117
11885111	11933118
11885111	12687432
11885111	13210984
11885111	13363064
11885111	13363368
11885111	13779281
11885112	11884926
11885113	11885284
11885114	11885102
11885115	11885282
11885115	11885338
11885115	11885765
11885115	11885951
11885116	11885102
11885116	11885122
11885116	11885135
11885116	11885141
11885116	11904175
11885117	13122320
11885118	11884896
11885119	11885281
11885119	12559246
11885120	11885102
11885120	11885103
11885121	11908210
11885121	11908211
11885122	11885102
11885122	11885116
11885122	11885138
11885122	11885141
11885122	11904175
11885124	11885280
11885125	11885102
11885127	11884638
11885128	1162886
11885128	4940414
11885128	9446241
11885128	11885277
11885128	11933109
11885128	12355606
11885128	12355607
11885128	13303499
11885128	13303500
11885129	11885276
11885129	11894702
11885130	11885210
11885130	11885377
11885130	13359789
11885131	11885275
11885131	11885337
11885132	11885102
11885135	11885102
11885135	11885116
11885135	11885139
11885137	11885103
11885138	11885102
11885138	11885122
11885138	11885141
11885139	11885102
11885139	11885135
11885139	11885141
11885139	11904175
11885140	11885102
11885141	11885102
11885141	11885116
11885141	11885122
11885141	11885138
11885141	11885139
11885141	11885142
11885141	11904175
11885142	11885141
11885143	11883916
11885143	11885065
11885143	11885068
11885143	11885144
11885143	12039702
11885144	11883916
11885144	11885065
11885144	11885068
11885144	11885143
11885144	12039702
11885145	11884612
11885145	11885146
11885145	12919942
11885146	11884612
11885146	11885145
11885147	7376654
11885148	7156438
11885148	11404044
11885149	11884596
11885150	10959528
11885151	10959528
11885152	9708935
11885152	9708936
11885152	11884601
11885152	11884605
11885152	11885207
11885153	11878846
11885154	11885209
11885154	12998370
11885154	13092775
11885154	13363946
11885157	8521401
11885157	11876667
11885157	11884600
11885157	11884605
11885157	11884608
11885158	11885159
11885158	11885160
11885158	11885161
11885158	11885163
11885158	11885164
11885158	11885166
11885158	11885167
11885158	11885169
11885158	11885170
11885158	11885171
11885158	11885174
11885158	11885175
11885158	11885176
11885158	11885177
11885159	11885158
11885159	11885166
11885159	11885167
11885159	11885171
11885159	11885174
11885159	11885175
11885159	11885176
11885160	11885158
11885161	11885158
11885161	13283749
11885162	11884552
11885163	11885158
11885163	11885166
11885163	11885167
11885164	11885158
11885164	11885166
11885164	11885167
11885165	11884494
11885166	11885158
11885166	11885159
11885166	11885163
11885166	11885164
11885166	11885176
11885167	11885158
11885167	11885159
11885167	11885163
11885167	11885164
11885167	11885171
11885169	11885158
11885170	11885158
11885171	11885158
11885171	11885159
11885171	11885167
11885173	11884384
11885173	11884386
11885174	11885158
11885174	11885159
11885175	11885158
11885175	11885159
11885176	11885158
11885176	11885159
11885176	11885166
11885177	11885158
11885178	11884378
11885178	11885225
11885178	11938078
11885179	11884378
11885179	11885225
11885179	11938078
11885180	2026522
11885181	958355
11885182	958355
11885183	2448570
11885184	5668492
11885184	5697579
11885184	12432400
11885185	5697579
11885186	11293572
11885187	11293572
11885188	11064173
11885188	11220287
11885189	11220261
11885190	4890808
11885190	5486860
11885190	5954824
11885190	12767789
11885190	13415817
11885191	11765447
11885192	11765447
11885193	11765447
11885194	11220248
11885194	11972136
11885195	11220248
11885195	11972136
11885197	11220246
11885198	11220246
11885199	11885203
11885199	13322659
11885200	11220211
11885200	11220237
11885200	11220239
11885201	11220211
11885201	11220239
11885201	11220240
11885202	10533866
11885202	11884028
11885202	11884035
11885203	11885199
11885203	13322659
11885204	10533866
11885204	10536572
11885204	11884028
11885204	11884035
11885204	11885211
11885205	5378996
11885206	10533866
11885206	11884028
11885207	11885152
11885208	12817144
11885208	12817145
11885208	12817146
11885208	12817147
11885208	12817148
11885208	12817149
11885209	11885154
11885210	11885130
11885211	11885204
11885212	11220139
11885213	11220139
11885214	5131966
11885214	13008920
11885214	13008922
11885215	11159719
11885215	11883288
11885215	11885223
11885215	12549473
11885216	11685
11885217	11159719
11885217	11883288
11885217	12549473
11885217	12549596
11885218	6614547
11885218	11219914
11885218	11219940
11885219	12445932
11885219	13092774
11885220	11219938
11885221	11159719
11885221	11883288
11885221	12549473
11885221	12549596
11885222	11885053
11885222	11885224
11885223	11885215
11885223	12549473
11885224	11885222
11885225	11884379
11885225	11885178
11885225	11885179
11885226	11219800
11885227	11885233
11885227	11885234
11885227	11885236
11885227	11885237
11885227	11885238
11885227	11885239
11885227	11885245
11885227	11885250
11885227	11885251
11885227	11885253
11885227	11885258
11885227	11885260
11885227	13827033
11885228	11219806
11885229	11219814
11885229	13367958
11885229	13367959
11885230	11219800
11885231	11219806
11885232	11219814
11885233	11885227
11885233	11885237
11885233	11885239
11885233	13827033
11885234	11885227
11885235	11883165
11885235	11885321
11885235	13366598
11885235	13366614
11885236	11885227
11885237	11885227
11885237	11885233
11885237	11885239
11885237	13827033
11885238	11885227
11885238	11885239
11885238	13827033
11885239	11885227
11885239	11885233
11885239	11885237
11885239	11885238
11885239	11885253
11885239	11885258
11885239	11885260
11885239	13827033
11885240	11812012
11885240	11812018
11885240	11812020
11885240	11812023
11885241	11812012
11885241	11812018
11885241	11812020
11885241	11812023
11885242	11812012
11885242	11812015
11885242	11812020
11885243	11812012
11885243	11812015
11885243	11812020
11885244	11883128
11885244	11885252
11885244	11885261
11885244	11885311
11885244	12593026
11885245	11885227
11885246	11883128
11885246	11885266
11885246	11885267
11885246	11885306
11885247	11883132
11885247	11883341
11885247	11885259
11885247	12820382
11885248	11885255
11885249	11883341
11885250	11885227
11885251	11885227
11885252	11885244
11885252	12593026
11885253	11885227
11885253	11885239
11885253	13827033
11885254	287533
11885254	862232
11885254	3638570
11885254	11931118
11885254	12415341
11885255	11885248
11885255	12856644
11885256	5962771
11885256	8212410
11885256	8408726
11885256	11883108
11885257	3638570
11885257	11931113
11885257	11931114
11885257	12415330
11885257	12415339
11885258	11885227
11885258	11885239
11885258	13827033
11885259	11885247
11885260	11885227
11885260	11885239
11885261	11885244
11885261	11890311
11885261	12593026
11885261	13496087
11885261	13809155
11885262	6882199
11885262	11885263
11885263	11885262
11885264	6882199
11885266	11885246
11885267	11885246
11885267	11890313
11885268	2874360
11885268	13152149
11885269	11512131
11885270	10472147
11885271	11885370
11885272	11885375
11885272	12444373
11885272	13177954
11885273	2122708
11885273	2564342
11885273	2921754
11885273	3700606
11885273	4060255
11885273	4378581
11885273	5151065
11885273	5229409
11885273	6463025
11885273	11046822
11885273	11885362
11885273	11885371
11885273	11930633
11885274	2122708
11885274	2247888
11885274	2474749
11885274	2564342
11885274	4378579
11885274	4403651
11885274	4735390
11885274	5151065
11885274	5229409
11885274	6463025
11885274	11046822
11885275	11885131
11885276	11885129
11885277	11165332
11885277	11885128
11885277	11933109
11885280	11885124
11885281	11885119
11885282	11885115
11885284	11885113
11885285	11885111
11885285	11933117
11885285	13363064
11885286	11885111
11885286	11933118
11885287	11885110
11885288	11885107
11885288	11952807
11885288	12118198
11885288	12118310
11885288	12121124
11885289	11885105
11885290	11884068
11885291	11885104
11885291	11933121
11885292	11884048
11885293	11885096
11885294	11885094
11885295	11885094
11885296	11887983
11885298	11885088
11885299	11885086
11885299	11933123
11885300	11885084
11885300	11933124
11885300	11977850
11885300	11977851
11885301	11885084
11885302	11885081
11885302	11933126
11885302	11933127
11885303	11885079
11885304	11885079
11885305	11885367
11885305	11885368
11885306	11885246
11885306	11890313
11885307	11885076
11885307	11933129
11885307	11933133
11885308	11885074
11885308	11933134
11885309	11885073
11885310	11885366
11885310	12583555
11885310	12584166
11885310	12584167
11885311	11885244
11885311	11890311
11885312	11885072
11885312	12049383
11885312	12049384
11885313	11885071
11885314	11885070
11885315	11885069
11885315	11933135
11885315	12162782
11885315	12162783
11885315	13373244
11885316	11885069
11885316	12162782
11885316	12162783
11885316	13373244
11885317	11885066
11885318	11885063
11885318	13067243
11885318	13067244
11885319	11885063
11885320	2238730
11885321	11885235
11885322	2245727
11885324	7419129
11885325	7161172
11885326	10240861
11885327	10241290
11885328	11218643
11885330	1093182
11885331	12035884
11885331	12035885
11885331	13056833
11885332	1661170
11885333	7492805
11885335	2245233
11885336	10075512
11885337	11885131
11885338	11885115
11885338	11885951
11885339	11885069
11885341	11885347
11885341	11885348
11885343	11885346
11885343	11885369
11885343	12784271
11885343	12784272
11885343	13092773
11885343	13174146
11885344	807654
11885344	1532659
11885345	68492
11885345	231124
11885345	11896112
11885345	11896113
11885346	11885343
11885347	11885341
11885348	11885341
11885349	11884231
11885350	11884231
11885351	7020923
11885351	11885358
11885352	11885008
11885352	11885009
11885353	11883082
11885353	11883096
11885354	8273121
11885355	8273121
11885357	7257658
11885358	11885351
11885361	7257658
11885362	2122708
11885362	2564342
11885362	2921754
11885362	11046822
11885362	11885273
11885362	11885371
11885362	11885413
11885363	9582399
11885364	3286903
11885365	9582399
11885366	11885310
11885367	11885305
11885368	11885305
11885369	11885343
11885370	11885271
11885371	2122708
11885371	2247888
11885371	2564342
11885371	2921754
11885371	11046822
11885371	11885273
11885371	11885362
11885371	11930633
11885372	9215580
11885373	11875053
11885374	11875051
11885375	11885272
11885376	9215580
11885377	11885130
11885377	11896110
11885378	11885011
11885379	7420297
11885380	11422494
11885381	13092771
11885383	9101245
11885384	8587459
11885385	7455167
11885385	8858712
11885385	12978111
11885387	8858712
11885388	11300354
11885390	12661616
11885390	12661618
11885390	12661619
11885392	12511939
11885392	13092769
11885393	11883573
11885393	12309034
11885394	11883573
11885395	12122281
11885395	12599184
11885395	12599185
11885395	12599186
11885396	12081448
11885396	12259730
11885399	13138647
11885399	13138649
11885401	11904077
11885401	12363749
11885401	12409547
11885401	12455885
11885401	13092766
11885401	13312374
11885401	13312375
11885401	13363940
11885402	7808329
11885402	12125042
11885402	12126423
11885402	12126436
11885403	668523
11885404	980680
11885405	11885407
11885405	11885408
11885406	5746379
11885406	11890306
11885407	11885405
11885408	11885405
11885409	1353003
11885409	1353101
11885411	7014528
11885411	11890291
11885413	3700606
11885413	11885362
11885414	1867236
11885414	12411053
11885414	13020730
11885414	13092765
11885414	13169869
11885414	13437694
11885414	13437695
11885415	4671442
11885415	12193495
11885416	9516286
11885416	11325697
11885418	13449602
11885418	13449603
11885419	13415808
11885420	11890286
11885420	11890288
11885423	13092764
11885424	325401
11885424	12081241
11885426	11885469
11885427	11885467
11885428	11885461
11885429	4213855
11885430	11885431
11885431	11885430
11885432	4529280
11885433	5070834
11885433	12815943
11885434	9294717
11885435	12008206
11885436	5389105
11885437	3139154
11885437	8699275
11885438	2809913
11885438	5395139
11885438	10729856
11885439	9294717
11885440	2775220
11885441	8749085
11885442	11885444
11885442	11890267
11885442	11890268
11885442	11890273
11885442	11890274
11885442	11890281
11885443	9535977
11885444	11885442
11885444	11890275
11885444	11890276
11885444	11890277
11885444	11890278
11885444	11890298
11885444	11890299
11885444	11890300
11885444	11890301
11885445	3742791
11885445	11890266
11885446	8627056
11885447	5435324
11885447	12378954
11885447	12426400
11885447	12546416
11885447	12546417
11885448	8627056
11885449	9674679
11885450	9005879
11885451	10856808
11885452	9584258
11885453	5258958
11885454	9584258
11885455	9584258
11885456	11885459
11885458	9584258
11885459	11885456
11885460	478588
11885461	11885428
11885462	11405791
11885463	3726335
11885464	9763008
11885465	11246146
11885466	6469214
11885467	11885427
11885468	11246146
11885469	11885426
11885469	13729343
11885469	13729344
11885470	8902946
11885471	9073758
11885472	7578381
11885473	290684
11885474	10730532
11885475	4495440
11885476	10730532
11885477	6177333
11885478	11885479
11885478	11890265
11885479	11885478
11885481	1204672
11885482	11885483
11885482	11890264
11885483	11885482
11885483	12920398
11885485	11152083
11885486	2828490
11885487	11885488
11885487	11890262
11885488	11885487
11885488	11890341
11885489	11885491
11885489	11890261
11885490	42504
11885491	11885489
11885494	277649
11885495	298317
11885495	7221702
11885496	318650
11885497	12559986
11885497	13092762
11885497	13363930
11885498	7027054
11885500	10121717
11885500	11436773
11885501	847123
11885506	1897727
11885507	1676693
11885507	3374795
11885508	3417393
11885509	4394677
11885511	4493646
11885511	12236846
11885512	4494184
11885514	4666611
11885515	5398450
11885516	5398450
11885517	5648464
11885520	5747344
11885521	5747344
11885522	5756887
11885523	5756887
11885524	5928117
11885525	6150233
11885526	6818481
11885527	1657250
11885527	1667282
11885527	1922286
11885527	1928484
11885527	9685666
11885527	12878544
11885528	7120385
11885531	12559973
11885531	12559977
11885531	13092761
11885533	8088659
11885534	1407314
11885535	6071923
11885536	8369669
11885537	8795418
11885538	594369
11885538	13560104
11885539	8795433
11885540	8930822
11885541	8998546
11885542	6803644
11885543	1893791
11885544	1886989
11885545	9001268
11885545	13038841
11885546	9018337
11885547	9201283
11885548	9203010
11885549	10685611
11885550	1434568
11885550	9958659
11885550	13788905
11885551	11602171
11885552	13092758
11885553	11830257
11885554	23185
11885556	28853
11885557	37875
11885558	42625
11885559	570729
11885560	42972
11885560	6537142
11885560	13645658
11885562	47106
11885563	3254916
11885564	3254916
11885565	3254916
11885566	3254916
11885566	13510947
11885567	51827
11885568	13092755
11885569	52737
11885570	10098350
11885570	10239049
11885570	11893358
11885571	4892038
11885572	1972935
11885573	9843811
11885574	1988188
11885575	7232692
11885576	9844649
11885577	1796253
11885578	10587792
11885580	263716
11885581	12495960
11885581	12511932
11885581	12511933
11885581	13092753
11885581	13363929
11885582	263723
11885583	274853
11885584	318648
11885585	321839
11885586	688045
11885589	7233591
11885590	7233591
11885591	7683231
11885592	10095472
11885593	11371135
11885594	11371135
11885595	12779980
11885596	11316678
11885598	11330768
11885599	11330768
11885600	11823787
11885600	11893212
11885601	9089448
11885603	9685960
11885604	9685960
11885605	7528882
11885606	10526662
11885607	10526662
11885608	9998980
11885610	9168714
11885611	10131538
11885612	11900144
11885612	11933106
11885612	13337856
11885612	13778603
11885613	12937589
11885614	12447783
11885614	13388175
11885614	13388193
11885614	13388194
11885615	9168719
11885616	9168719
11885617	10511961
11885618	13092750
11885619	10511961
11885620	7528341
11885621	7528341
11885622	11426506
11885623	11201222
11885624	9649885
11885624	11029567
11885624	13217748
11885625	8129264
11885626	10662567
11885627	822334
11885627	10662567
11885629	11888454
11885629	11933103
11885629	12051757
11885629	12051758
11885630	7483535
11885631	11888455
11885631	11900311
11885631	11900320
11885631	11902948
11885631	13234019
11885631	13424867
11885631	13426355
11885635	11443705
11885637	11443705
11885638	8717148
11885639	8717148
11885640	9565722
11885640	12243985
11885640	12243987
11885641	9216398
11885642	9216398
11885642	12943441
11885642	12945288
11885643	11443738
11885644	11256369
11885645	7586596
11885646	6712099
11885647	6520982
11885647	7443900
11885648	11354291
11885650	11354291
11885651	6520983
11885652	11354291
11885653	6520984
11885653	6581747
11885653	7443902
11885654	13626557
11885655	6520990
11885656	11593084
11885657	6520991
11885658	6520993
11885659	11593084
11885660	11450731
11885661	682058
11885662	11450731
11885663	682059
11885663	1130945
11885663	5351918
11885664	9574610
11885665	2391518
11885666	682060
11885667	2391519
11885668	682062
11885668	1349365
11885669	7206803
11885670	2391520
11885671	10473312
11885672	2391521
11885674	9789673
11885674	13026228
11885674	13026230
11885674	13039381
11885675	2391522
11885677	8928380
11885678	2391523
11885679	2391525
11885680	8928380
11885681	6336463
11885682	11325991
11885683	9362379
11885684	6336465
11885686	9362379
11885687	6336467
11885688	6336469
11885689	6516224
11885690	13180666
11885690	13180667
11885691	6516225
11885692	6516226
11885693	6516227
11885694	6516228
11885695	8928876
11885696	8928876
11885697	8928876
11885698	8928878
11885699	8928880
11885700	13620703
11885702	8928885
11885703	11641778
11885704	9532035
11885705	12511936
11885705	12511937
11885706	8928886
11885708	9532035
11885709	9070413
11885710	9070413
11885711	9546646
11885712	7752589
11885713	6105730
11885714	8265286
11885715	3909693
11885716	6825731
11885717	8040201
11885718	8026613
11885719	4665572
11885720	11891264
11885720	13143265
11885720	13143267
11885720	13143288
11885720	13143290
11885721	9109171
11885722	7544567
11885723	11449964
11885724	8326161
11885725	8513659
11885727	12686031
11885727	12686032
11885727	13511015
11885729	12175785
11885731	12016016
11885732	6603768
11885734	11899469
11885734	11899682
11885734	11922114
11885734	11922115
11885736	12584365
11885736	13631042
11885741	12696883
11885743	12006702
11885745	12659637
11885745	13136436
11885747	11888440
11885747	11899656
11885747	11901482
11885747	11901483
11885747	13367652
11885749	12682574
11885752	11883578
11885752	12295147
11885753	3705986
11885753	11885754
11885754	11885753
11885756	12028686
11885758	6803330
11885761	11848050
11885761	12993578
11885762	11885076
11885762	11933129
11885762	11933133
11885763	8928892
11885764	8928896
11885765	11885115
11885766	2247888
11885766	8003007
11885766	12411060
11885768	10729488
11885769	10153086
11885771	11202996
11885772	8928900
11885773	8928901
11885774	11336810
11885775	11276045
11885776	134976
11885776	319990
11885776	358382
11885776	411434
11885776	1056372
11885776	1315591
11885776	1496807
11885776	1980622
11885776	2263837
11885776	2263838
11885776	3247178
11885776	3559844
11885776	3576255
11885776	3759846
11885776	4312144
11885776	4554835
11885776	4719274
11885776	5993614
11885776	6052091
11885776	8962108
11885776	10111767
11885777	10752644
11885778	8928902
11885779	8928939
11885781	3645453
11885782	8928940
11885783	486369
11885784	8928963
11885785	3783705
11885786	11949730
11885787	4071131
11885788	8928971
11885789	11370633
11885790	3665656
11885791	4070519
11885792	3216308
11885793	3638806
11885794	8928982
11885795	3647931
11885796	4063522
11885797	3617939
11885798	2450622
11885798	2450624
11885798	4475111
11885798	4475123
11885798	4475241
11885798	4475645
11885798	11885822
11885798	12411061
11885799	2078983
11885800	8928988
11885801	10061731
11885802	2450622
11885802	2450624
11885802	4475111
11885802	4475123
11885802	4475241
11885802	4475645
11885802	11885822
11885802	13411707
11885803	8929004
11885804	8929005
11885805	8929054
11885806	8929060
11885807	12559972
11885807	13188522
11885808	8929066
11885810	8929068
11885811	8929070
11885812	6387702
11885812	11884036
11885812	11884038
11885812	11884039
11885812	11884047
11885812	11884072
11885812	11884073
11885812	11884092
11885813	7874978
11885813	7875199
11885813	7883326
11885813	11885819
11885814	437148
11885814	437149
11885814	437224
11885814	475866
11885814	475880
11885814	475881
11885814	888601
11885814	1306641
11885814	5296269
11885814	5577424
11885815	437148
11885815	437149
11885815	437224
11885815	475866
11885815	475880
11885815	475881
11885815	888601
11885815	1306641
11885815	1812996
11885815	5296269
11885815	5577424
11885816	1306641
11885817	1306641
11885818	1306641
11885819	7874978
11885819	7875199
11885819	7883326
11885819	11885813
11885820	8059326
11885820	11920802
11885821	5698085
11885821	12411062
11885822	2450622
11885822	2450624
11885822	4475111
11885822	4475123
11885822	4475241
11885822	4475645
11885822	10514830
11885822	11885798
11885822	11885802
11885823	10328745
11885823	12411063
11885823	13023393
11885824	13374636
11885825	10181087
11885825	12411064
11885826	134976
11885826	319990
11885826	358382
11885826	411434
11885826	607512
11885826	820128
11885826	1315591
11885826	1407024
11885826	1496807
11885826	1605290
11885826	1793037
11885826	1980622
11885826	3378015
11885826	3559844
11885826	3576257
11885826	4554835
11885826	5207312
11885826	8532764
11885826	10152031
11885826	12778426
11885827	8959173
11885827	12411065
11885828	13104480
11885828	13216838
11885828	13216839
11885829	11875943
11885829	12122269
11885829	12973010
11885829	12973013
11885830	12399816
11885830	12399881
11885830	12419156
11885831	11885832
11885831	11885838
11885831	11885845
11885831	11885852
11885831	11885924
11885831	11888944
11885831	11888982
11885831	11889157
11885831	11889159
11885831	11889181
11885831	11889198
11885831	12411066
11885831	12416133
11885831	13129436
11885831	13411705
11885831	13616753
11885832	11885831
11885832	11885835
11885832	11885838
11885832	11885845
11885832	11885852
11885832	11885924
11885832	11888944
11885832	11888982
11885832	11889157
11885832	11889159
11885832	11889162
11885832	11889168
11885832	11889181
11885832	11889198
11885832	12026461
11885832	12416133
11885832	13129436
11885832	13616753
11885833	11915790
11885834	8195506
11885834	11903582
11885834	11903583
11885834	11903587
11885834	12315861
11885834	12511934
11885834	12511935
11885834	13104479
11885834	13339818
11885834	13363928
11885834	13644816
11885834	13644825
11885835	11885832
11885837	8929073
11885838	11885831
11885838	11885832
11885838	11885845
11885838	11885852
11885838	11885924
11885838	11888944
11885838	11888982
11885838	11889157
11885838	12416133
11885838	13129436
11885839	8929074
11885840	8929084
11885841	8929091
11885842	8929092
11885843	8929093
11885844	8929107
11885845	11885831
11885845	11885832
11885845	11885838
11885845	11885852
11885845	11885924
11885845	11888944
11885845	11888982
11885845	11889157
11885845	12416133
11885846	8929112
11885847	8929127
11885848	8929127
11885849	8929127
11885850	2214748
11885850	12051759
11885850	12051760
11885851	8929137
11885852	11885831
11885852	11885832
11885852	11885838
11885852	11885845
11885852	11885924
11885852	11888944
11885852	11888982
11885852	11889157
11885852	11889159
11885852	11889181
11885852	12416133
11885852	13129436
11885852	13616753
11885854	8929161
11885855	11885856
11885856	11885855
11885857	8929166
11885858	8053110
11885858	11884971
11885858	11884972
11885858	13766439
11885859	8929168
11885860	11884972
11885862	8929168
11885863	8929174
11885864	8929182
11885865	12477109
11885865	12477141
11885865	12511931
11885865	12540278
11885865	12542613
11885865	13104478
11885866	10458288
11885867	914879
11885867	914882
11885867	1196721
11885867	1410782
11885867	1820390
11885867	1852839
11885867	2831130
11885867	2831131
11885867	5573798
11885867	11843547
11885868	785313
11885868	1556076
11885868	1556077
11885868	8757599
11885869	2587424
11885870	2648214
11885871	5757457
11885872	6663911
11885873	8007073
11885874	11149605
11885876	2648213
11885877	2769281
11885878	3181175
11885879	3181255
11885880	6900606
11885881	9209638
11885882	7562972
11885883	10937604
11885884	3163226
11885885	2575362
11885886	5010246
11885887	2994814
11885887	2997260
11885887	13672110
11885887	13672111
11885888	2994814
11885888	2997260
11885888	12372883
11885889	11661985
11885890	981287
11885890	1109050
11885890	1863253
11885890	5542717
11885890	6479353
11885891	4494069
11885892	5539030
11885893	5539109
11885894	5552904
11885895	6013541
11885896	10055365
11885896	10463388
11885897	6221353
11885898	2750735
11885898	3699115
11885899	1835825
11885900	317848
11885901	1695295
11885901	1695296
11885901	10051956
11885901	13335536
11885901	13341224
11885902	2469832
11885902	4902574
11885902	8498631
11885902	11879133
11885902	11885908
11885903	2569763
11885904	3162036
11885905	4422569
11885905	4422570
11885906	5009395
11885906	5023464
11885906	5023483
11885907	5023483
11885908	2469832
11885908	4902574
11885908	8498631
11885908	11879133
11885908	11885902
11885909	5489513
11885910	5489513
11885911	2052489
11885911	2052493
11885911	10061986
11885912	442773
11885912	443192
11885912	451427
11885912	829516
11885913	3338619
11885913	3338620
11885913	4943023
11885913	4943024
11885913	4943025
11885913	4943026
11885913	7066021
11885913	7066023
11885913	10600837
11885913	13715907
11885913	13715908
11885915	5270145
11885915	8449611
11885915	12130036
11885916	5270145
11885916	12130036
11885916	12130652
11885917	2436839
11885917	3804282
11885917	5370981
11885917	5370982
11885917	5371159
11885918	1495174
11885918	1495175
11885919	1495174
11885919	12907247
11885919	12907249
11885921	1953720
11885922	561008
11885922	12518534
11885923	561008
11885923	803683
11885923	12098987
11885924	11885831
11885924	11885832
11885924	11885838
11885924	11885845
11885924	11885852
11885924	11888944
11885924	11888982
11885924	11889157
11885924	11889181
11885924	12416133
11885924	13129436
11885924	13616753
11885925	561008
11885925	12518534
11885926	6051332
11885926	13160130
11885927	3064401
11885928	13696447
11885929	801117
11885929	825719
11885929	1132881
11885929	1132882
11885929	8661572
11885929	10670702
11885930	801117
11885930	825719
11885930	1132881
11885930	1132882
11885930	2229984
11885930	3271506
11885930	6895063
11885930	8661572
11885930	10670702
11885931	13292709
11885931	13624042
11885932	13646724
11885933	11936366
11885934	3610931
11885934	3610932
11885934	3610933
11885934	12086893
11885934	12086894
11885935	11945245
11885938	131592
11885938	449675
11885938	3948528
11885938	9092096
11885938	11885941
11885938	12655440
11885939	11889090
11885939	12399722
11885941	293889
11885941	11885938
11885942	2088189
11885942	11885943
11885943	11885942
11885944	1109004
11885944	2711795
11885944	7463744
11885945	1109004
11885945	2711795
11885945	7463744
11885946	4141191
11885947	4141191
11885948	5862772
11885948	5863105
11885949	5862772
11885949	5863105
11885950	5862772
11885950	5863105
11885951	11885115
11885951	11885338
11885952	2115986
11885953	2115986
11885954	2115986
11885956	1040958
11885956	1383751
11885956	11896104
11885956	11896105
11885956	11896106
11885956	11896109
11885956	11896876
11885956	11896878
11885956	11896880
11885957	8626049
11885957	11896102
11885958	546250
11885959	2280492
11885959	11896100
11885959	11896101
11885960	1180759
11885960	1689931
11885960	3059635
11885960	3059636
11885961	1180759
11885961	1689931
11885961	3059635
11885961	3059636
11885962	1180759
11885962	1689931
11885962	1689933
11885962	3059635
11885962	3059636
11885963	1278624
11885963	11896099
11885964	1180759
11885964	1689931
11885964	1689933
11885964	3059635
11885964	3059636
11885965	1278624
11885965	11896090
11885965	11896092
11885966	644779
11885967	583069
11885967	2870955
11885968	614064
11885968	1383625
11885968	11896083
11885968	11896085
11885969	13124470
11885969	13124471
11885970	1742555
11885970	1743703
11885970	11896076
11885971	2612538
11885971	3033994
11885971	4473440
11885971	6484059
11885971	6960827
11885971	13510094
11885972	1956651
11885972	1956652
11885972	10054145
11885973	6430592
11885974	1262
11885974	4319
11885974	349185
11885974	1116873
11885975	1262
11885975	4319
11885975	349185
11885975	1116873
11885976	1262
11885976	4319
11885976	1116873
11885977	1911283
11885977	1911287
11885979	1888537
11885979	1888538
11885979	4585798
11885979	12923091
11885980	4037190
11885983	5608918
11885984	11887867
11885984	11888001
11885984	11888024
11885984	11888185
11885985	1888498
11885985	1889151
11885986	1714370
11885988	356578
11885989	14381
11885989	356578
11885989	568691
11885989	892686
11885989	1548883
11885989	2182916
11885998	12552056
11885998	12552057
11885998	12552058
11886004	13345676
11886004	13345677
11886004	13345678
11886014	13766426
11886014	13766427
11886014	13766429
11886014	13766430
11886014	13766431
11886014	13766432
11886018	13260415
11886021	1729736
11886027	3768516
11886027	3768517
11886027	5162629
11886027	5162630
11886027	5964247
11886027	13355042
11886030	12670960
11886030	12670961
11886032	11922953
11886032	11922955
11886032	11922956
11886032	11922957
11886040	11904475
11886040	11904476
11886040	11904477
11886040	11904478
11886042	12545633
11886044	12410954
11886044	12549153
11886044	12549154
11886044	12549155
11886045	12927893
11886045	12927895
11886045	12927896
11886045	12927898
11886045	13352820
11886045	13352821
11886045	13352822
11886050	12661314
11886052	12139254
11886060	2216928
11886060	5019840
11886060	5019843
11886060	6577992
11886062	2216928
11886062	5019840
11886062	5019843
11886062	6577992
11886068	12104859
11886075	12294804
11886075	12387208
11886077	12289421
11886084	2652518
11886084	2653137
11886084	11897593
11886087	11997287
11886087	11997288
11886087	11997289
11886091	3402959
11886091	3402960
11886091	3402961
11886091	12654573
11886095	12460941
11886096	12718672
11886096	12718673
11886096	12718674
11886098	1450102
11886098	1450105
11886098	1450120
11886098	1480421
11886098	1589911
11886098	5519664
11886098	5519665
11886100	12747259
11886100	12747260
11886100	12747261
11886100	12747263
11886100	12747264
11886100	12747265
11886103	12279050
11886111	12666981
11886111	12666983
11886111	12666984
11886116	11936918
11886116	11936919
11886116	11936920
11886116	11936921
11886119	1218998
11886119	12250452
11886120	13791358
11886120	13791359
11886123	1218998
11886126	1343580
11886126	1343581
11886126	1343582
11886126	1343583
11886126	4626830
11886126	4626831
11886126	13373667
11886131	13121903
11886131	13121904
11886131	13121905
11886147	591772
11886147	1122180
11886147	3608607
11886158	13121811
11886158	13121812
11886158	13121813
11886174	2247531
11886174	12411067
11886175	1111917
11886175	1816294
11886175	1816296
11886175	2226194
11886175	4925709
11886178	11886256
11886187	1779457
11886187	2255295
11886187	12411068
11886187	12411069
11886189	11886230
11886195	13594186
11886195	13594187
11886195	13594189
11886200	13642323
11886208	12405840
11886209	12594528
11886209	12594529
11886209	12594531
11886209	12594532
11886209	12594533
11886209	12594534
11886216	12921978
11886223	12193628
11886224	5757787
11886226	13510894
11886227	12968029
11886229	6708836
11886230	11886189
11886230	13153053
11886231	11886237
11886237	11886231
11886239	12627222
11886239	12627223
11886242	13790328
11886242	13790329
11886242	13790330
11886242	13790331
11886242	13790332
11886242	13790333
11886245	8477123
11886247	12576364
11886250	9180616
11886252	1021059
11886252	1304888
11886252	12538972
11886252	13208708
11886253	9870655
11886253	12411076
11886256	11886178
11886260	9877891
11886262	13763796
11886262	13763797
11886262	13763798
11886263	12823487
11886267	11886276
11886268	12448706
11886269	11421266
11886269	12411077
11886269	12411078
11886273	11421272
11886276	11886267
11886277	12910072
11886277	12910073
11886277	12910074
11886277	12910075
11886277	12910076
11886277	12910077
11886280	12365288
11886280	12365291
11886280	12365298
11886280	12365299
11886280	12365300
11886280	13314994
11886280	13314996
11886280	13314997
11886280	13314999
11886282	1008814
11886282	1175361
11886282	11886430
11886282	11886436
11886285	13342799
11886286	1848697
11886286	13653862
11886293	13730484
11886298	3097495
11886298	12681817
11886298	13137093
11886301	12405841
11886301	12517148
11886301	12517149
11886303	13341219
11886308	12604261
11886308	12604262
11886308	12604263
11886308	12604264
11886308	12604265
11886309	2576278
11886310	11933477
11886317	13096429
11886317	13096430
11886317	13096431
11886321	2709843
11886323	5759512
11886323	11968429
11886323	11968433
11886323	12427001
11886327	12666511
11886327	12666512
11886327	12666515
11886329	12632609
11886329	12632611
11886329	12632612
11886335	13154460
11886346	4237792
11886346	12668314
11886346	12668318
11886348	13495603
11886348	13495604
11886348	13495605
11886348	13495606
11886348	13495607
11886348	13495608
11886353	11886363
11886356	2784085
11886356	13672664
11886357	2784085
11886357	13477914
11886363	11886353
11886363	11886379
11886364	2800285
11886371	13157055
11886371	13157056
11886378	12719238
11886379	11886363
11886390	3914100
11886391	12968031
11886392	2987386
11886392	2987397
11886402	11886411
11886403	12135902
11886410	12044153
11886411	11886402
11886413	2990172
11886414	13074709
11886414	13074710
11886414	13074711
11886415	12671793
11886415	12671796
11886415	12671797
11886420	12454234
11886420	12454235
11886420	12454236
11886430	11886282
11886432	11920530
11886432	11920531
11886432	11920532
11886432	11920533
11886432	13246153
11886432	13246155
11886432	13246156
11886432	13345489
11886432	13345490
11886432	13345492
11886432	13345493
11886432	13345494
11886432	13345495
11886433	13130212
11886435	12258556
11886435	12258557
11886435	12258558
11886436	11886282
11886442	11886455
11886455	11886442
11886455	11894537
11886455	11894538
11886461	3440918
11886462	11897851
11886463	12116296
11886463	12610126
11886465	12556367
11886465	12556368
11886465	12556369
11886465	12556370
11886466	12383929
11886473	12766104
11886475	6873397
11886479	2542159
11886489	12571089
11886489	12571090
11886489	12571091
11886490	4908218
11886490	4908219
11886495	13037589
11886496	12896503
11886496	12896504
11886496	12896505
11886496	12896506
11886498	13594942
11886503	11886510
11886504	12661907
11886510	11886503
11886512	12564050
11886512	12564051
11886512	12564052
11886516	6087014
11886519	11886850
11886523	1237056
11886524	11563401
11886525	1237056
11886525	1890309
11886530	1237056
11886536	11985816
11886536	12141369
11886536	13334612
11886537	11886541
11886541	11886537
11886545	11927382
11886545	11927383
11886545	11927384
11886545	11927385
11886546	11901624
11886547	11958566
11886547	11958567
11886547	11958568
11886549	11886560
11886554	12714647
11886554	12714648
11886554	13345668
11886554	13345669
11886554	13345671
11886554	13345672
11886554	13345673
11886554	13345674
11886558	11908470
11886558	11908471
11886558	11908472
11886558	11908473
11886558	11908474
11886558	11908475
11886558	11908476
11886558	11908477
11886559	12498740
11886560	11886549
11886578	12258209
11886579	12806619
11886580	13025481
11886580	13025482
11886580	13025483
11886593	2795179
11886601	8543016
11886601	8543017
11886601	8543018
11886601	13231359
11886601	13231363
11886601	13231364
11886601	13231367
11886611	4395656
11886613	11980790
11886614	4395656
11886635	12410721
11886638	4933934
11886646	11936800
11886646	11936801
11886646	11936802
11886646	11936804
11886647	5099583
11886653	5102148
11886657	11888204
11886658	5105704
11886658	12277436
11886660	5105704
11886660	12706425
11886667	12670954
11886676	12633301
11886676	12633304
11886676	13741162
11886691	5105707
11886691	13226589
11886691	13226590
11886692	5105707
11886698	436119
11886698	11886752
11886703	5265761
11886705	12544592
11886705	12544593
11886705	12544594
11886705	13474975
11886712	11877969
11886713	11886716
11886714	12548341
11886716	11886713
11886716	11886819
11886719	11985817
11886719	12404959
11886720	13435312
11886720	13435313
11886720	13435314
11886721	11886843
11886725	12362993
11886725	12362997
11886725	12367477
11886726	5265780
11886727	5265780
11886727	12213062
11886728	5265780
11886734	12030190
11886735	12619033
11886735	12619034
11886735	12619036
11886735	12619037
11886735	12619038
11886735	12619039
11886738	12498932
11886738	12498933
11886738	12498934
11886738	12498935
11886744	5272871
11886744	11890376
11886750	13597565
11886750	13597567
11886751	5712943
11886752	436119
11886752	11886698
11886754	5712943
11886756	13641332
11886758	11967114
11886759	12661487
11886760	2388355
11886760	5712950
11886764	2388355
11886764	5712950
11886770	11953363
11886772	2388355
11886772	5712950
11886775	11886780
11886775	11886809
11886780	11886775
11886780	11886809
11886781	12414376
11886781	12414377
11886784	12726085
11886787	13392171
11886788	12028854
11886789	6951611
11886789	11890371
11886789	12726124
11886794	12644690
11886794	12644691
11886794	12644693
11886797	6951613
11886804	6964818
11886806	6964818
11886809	11886775
11886809	11886780
11886810	11927949
11886810	11927950
11886810	11927951
11886810	11927952
11886811	12190034
11886815	11901177
11886815	13768925
11886815	13768926
11886815	13768927
11886817	4758277
11886818	8311875
11886819	11886716
11886820	4665384
11886821	3511232
11886822	11632703
11886825	12598234
11886825	12598235
11886825	12598238
11886837	3214412
11886837	3214413
11886837	3214586
11886842	4932077
11886842	4932078
11886843	11886721
11886845	700338
11886846	700338
11886847	700338
11886848	700338
11886849	700338
11886850	11886519
11886850	12581935
11886851	8115256
11886851	11890294
11886852	5161817
11886852	5161818
11886852	11912845
11886853	5161817
11886853	5161818
11886853	7821568
11886853	7821572
11886853	11890293
11886853	11927825
11886853	11927829
11886855	5106969
11886855	5110851
11886856	4749081
11886856	4754378
11886858	3578173
11886858	3578485
11886861	12437648
11886862	589219
11886864	589201
11886864	1987151
11886864	12186507
11886866	13540130
11886867	701363
11886868	701363
11886870	724717
11886872	539064
11886872	584509
11886872	783898
11886872	2174615
11886872	12350866
11886873	13627607
11886874	13815040
11886884	786145
11886885	1097988
11886885	1126610
11886885	1342262
11886885	5014167
11886885	7545869
11886885	9993139
11886885	12581750
11886885	12581756
11886885	13179390
11886885	13212885
11886888	786145
11886888	786148
11886895	12680034
11886898	792908
11886898	12717537
11886898	13669266
11886904	811122
11886907	811122
11886909	1405561
11886910	1405561
11886911	1462378
11886912	1462392
11886913	1462392
11886914	1462392
11886915	1462392
11886916	1462946
11886916	2005877
11886916	6293200
11886916	8028748
11886917	1464154
11886917	11890289
11886917	11927822
11886918	12190455
11886919	1484436
11886922	1142677
11886922	1482096
11886922	3080221
11886922	5986380
11886922	13599828
11886923	11886936
11886924	1485697
11886924	13743973
11886925	1485697
11886926	1499523
11886927	591273
11886927	1566188
11886935	1311075
11886935	1311076
11886935	1311077
11886935	11890287
11886936	11886923
11886938	12513615
11886939	12337102
11886947	1528298
11886947	5200220
11886947	12207188
11886947	13482274
11886947	13482275
11886947	13606812
11886949	13076953
11886957	2972269
11886957	11890285
11886957	11927816
11886957	13208700
11886963	13378538
11886965	11984254
11886973	12641884
11886973	12641885
11886981	1103670
11886981	1103859
11886987	12029670
11886988	11974597
11886988	13081414
11886988	13081415
11886998	11862351
11887000	11862351
11887008	11951340
11887008	11951341
11887008	11951342
11887008	11951343
11887008	11951346
11887008	11951347
11887008	11951348
11887008	11951351
11887009	381171
11887009	817193
11887009	11873508
11887013	12246529
11887013	12247285
11887013	13353880
11887013	13353881
11887015	12520758
11887016	12476795
11887016	12520504
11887017	12520759
11887018	916738
11887020	12398056
11887025	11890410
11887027	11877656
11887027	11877657
11887027	11898767
11887028	11911413
11887028	11911414
11887028	11911415
11887028	11911416
11887030	11920498
11887030	11920499
11887030	11920500
11887030	11920501
11887030	11920503
11887030	11920504
11887030	11920505
11887030	11920506
11887030	11920507
11887030	11920508
11887030	11920509
11887030	11920511
11887034	12387290
11887034	12387291
11887036	12594541
11887036	12594542
11887036	12594543
11887041	6584685
11887043	3642744
11887043	6558410
11887043	6558711
11887043	11233171
11887043	11878016
11887043	11878018
11887046	11985818
11887050	12667461
11887050	12667462
11887050	12667463
11887054	12660476
11887054	12660477
11887054	12660478
11887054	12660479
11887054	12660481
11887054	12660482
11887057	12660123
11887057	12660623
11887057	12660625
11887057	12660626
11887057	13121806
11887057	13121807
11887057	13121809
11887058	11967082
11887064	5497043
11887064	5497044
11887064	12620723
11887064	12620724
11887064	12620725
11887064	13670822
11887069	11904538
11887069	11904539
11887069	11904540
11887069	11904541
11887069	11904542
11887069	13556538
11887071	12441116
11887071	12441117
11887072	12984164
11887072	12984165
11887072	12984166
11887073	11918494
11887073	11918496
11887073	11918497
11887073	11918499
11887073	11918500
11887073	11918501
11887073	11918504
11887073	11918505
11887075	11989560
11887075	11989561
11887075	11989898
11887075	11989917
11887075	13080273
11887078	12362885
11887081	11890259
11887081	11890756
11887094	11897786
11887103	12410807
11887110	6497615
11887114	11984598
11887114	12519934
11887127	12661853
11887127	12661854
11887127	12661855
11887129	12626581
11887129	12626582
11887129	12626583
11887129	12626586
11887129	12626587
11887129	12626588
11887129	12626589
11887129	12626590
11887129	12626591
11887130	13122156
11887137	11898967
11887137	11898968
11887137	11898969
11887137	11898970
11887137	11898972
11887137	11898973
11887137	11898974
11887137	11898975
11887137	12478328
11887143	12671529
11887143	12671530
11887143	12671531
11887148	12018249
11887156	12692162
11887156	12692165
11887161	1891121
11887166	2199014
11887166	11894246
11887169	13593896
11887181	13742670
11887183	12492698
11887183	13178928
11887183	13179012
11887183	13179013
11887183	13206619
11887188	13364610
11887192	12678394
11887192	12678395
11887192	12678396
11887192	12678397
11887212	13445609
11887215	13345661
11887215	13345662
11887215	13345663
11887215	13345664
11887215	13345665
11887215	13345666
11887219	12518358
11887219	13590153
11887219	13590154
11887219	13590155
11887219	13590156
11887219	13590158
11887221	12670853
11887221	12670854
11887221	12670856
11887226	12231785
11887241	12495046
11887243	11950881
11887243	11950882
11887243	11950884
11887243	11950885
11887243	11950886
11887243	11950887
11887243	11950888
11887243	11950889
11887243	11950891
11887243	11950893
11887246	12648134
11887246	12648138
11887250	11991545
11887259	13352814
11887259	13352815
11887259	13352816
11887259	13352817
11887259	13352818
11887259	13352819
11887260	12043178
11887266	13278433
11887268	12541114
11887268	12541115
11887274	13639846
11887278	12967535
11887278	12967536
11887283	12645368
11887287	12544582
11887287	12544583
11887287	12544584
11887295	13496236
11887295	13496237
11887296	11899099
11887296	11899100
11887296	11899101
11887296	11899104
11887301	12662304
11887301	12662305
11887301	12662306
11887316	12672527
11887316	12672528
11887316	12672529
11887316	12672530
11887316	12672531
11887316	12672532
11887316	13345480
11887316	13345481
11887316	13345482
11887316	13345483
11887316	13345484
11887316	13345485
11887317	12410666
11887335	13071837
11887335	13071839
11887335	13071840
11887335	13071841
11887335	13071843
11887335	13071845
11887336	13078782
11887336	13078783
11887341	11925427
11887341	11925428
11887341	11925429
11887341	11925430
11887347	12674004
11887347	12674006
11887347	12674007
11887349	11887609
11887350	12518373
11887355	12883203
11887355	12883204
11887355	12883205
11887355	12883206
11887368	12566713
11887368	12566714
11887368	12566715
11887369	12140620
11887371	12685100
11887375	12798639
11887375	12798642
11887383	12724814
11887383	12724815
11887383	12724816
11887390	10139461
11887392	12594643
11887392	12594644
11887392	12594645
11887393	12393846
11887396	12630556
11887396	12630558
11887396	12630559
11887396	12630560
11887396	12630561
11887396	12630562
11887399	12921390
11887399	12921392
11887399	12921393
11887399	12921402
11887399	12921404
11887399	12921405
11887399	12921408
11887399	12921409
11887399	12921410
11887400	12054931
11887401	11993155
11887406	12393810
11887407	13316165
11887407	13316166
11887407	13316167
11887407	13316168
11887407	13316169
11887407	13316170
11887412	12518374
11887417	12660473
11887417	12660474
11887417	12660475
11887423	12673860
11887423	12673861
11887424	12024856
11887424	12024858
11887425	11929713
11887425	11929714
11887425	11929715
11887425	11929716
11887425	11929717
11887425	11929719
11887425	11929720
11887425	11929721
11887425	11929722
11887425	11929723
11887435	11985819
11887436	13660067
11887436	13660068
11887436	13660069
11887436	13660070
11887436	13660071
11887436	13660072
11887442	11914300
11887442	11914301
11887442	11914303
11887442	11914304
11887442	11914305
11887442	12088375
11887442	12088396
11887447	13477328
11887463	12350840
11887467	12671163
11887467	12671165
11887467	12671167
11887476	12669349
11887477	11975455
11887477	13086603
11887482	12060518
11887483	12636115
11887483	12636116
11887483	12636117
11887484	12661593
11887484	12661594
11887484	12661595
11887484	12846197
11887485	12046385
11887485	12046386
11887485	12046387
11887485	12046388
11887485	12046389
11887485	12046390
11887485	12046391
11887485	12046393
11887485	12046394
11887485	12046395
11887485	12046396
11887485	12046397
11887502	12242213
11887507	11950520
11887507	11950521
11887510	11985820
11887513	12621431
11887513	12621432
11887513	12621433
11887513	12621434
11887513	12621435
11887513	12621436
11887513	12638712
11887513	12638714
11887513	12988445
11887522	11893204
11887522	11893205
11887522	11893206
11887522	11893207
11887522	11893208
11887522	11893209
11887522	11893210
11887522	11893211
11887522	13109723
11887522	13109724
11887522	13109725
11887526	12029091
11887532	12393744
11887533	11920130
11887533	11920132
11887533	11920134
11887533	11920135
11887561	13395242
11887579	12659072
11887579	12659073
11887579	12659074
11887582	13356385
11887582	13356386
11887582	13356387
11887583	12669425
11887583	12669427
11887583	12669428
11887585	12643849
11887585	12643850
11887585	12643851
11887588	11887595
11887595	11887588
11887607	909657
11887609	11887349
11887610	8851416
11887610	8852679
11887610	11220966
11887611	3260345
11887611	6311357
11887612	10009844
11887612	10606868
11887612	11962196
11887612	12659928
11887612	12659929
11887613	8741396
11887614	9129754
11887614	12535669
11887615	8949653
11887617	8856595
11887618	11887619
11887619	11887618
11887623	11927604
11887623	11927605
11887623	11927606
11887623	11927607
11887623	11927608
11887623	11927609
11887623	11927610
11887623	11927611
11887623	11927612
11887623	11927613
11887623	11927614
11887623	11927615
11887634	10179477
11887659	12218263
11887664	6859664
11887665	6859664
11887666	11966789
11887667	1101463
11887667	2205597
11887667	5045958
11887668	1101463
11887668	2205597
11887668	5045958
11887671	12106111
11887672	12007415
11887672	13120882
11887672	13120884
11887672	13120885
11887675	2121096
11887678	12883100
11887682	12666912
11887682	12666913
11887682	12666914
11887683	12259033
11887685	12643822
11887688	12046339
11887688	12046340
11887688	12046342
11887688	12046343
11887690	9704215
11887690	10501932
11887692	9704215
11887692	10501932
11887694	12654940
11887694	12654941
11887694	12654942
11887694	12654943
11887694	12654944
11887694	12654945
11887697	7865179
11887698	7865179
11887699	8919843
11887699	12559971
11887699	12559974
11887699	12559975
11887699	12559976
11887699	13104477
11887712	12668443
11887712	12668444
11887712	12668445
11887713	3101857
11887713	3101860
11887713	12718641
11887713	12718642
11887713	12718643
11887713	12718644
11887715	2256946
11887716	2256946
11887717	2256946
11887719	2256946
11887722	2256946
11887723	2256946
11887725	2256946
11887726	2256946
11887728	12629574
11887728	12629575
11887728	12629577
11887728	12629579
11887728	12629580
11887729	1279688
11887730	1279688
11887733	6859660
11887736	6859660
11887739	11997190
11887740	7815708
11887741	7815708
11887743	7815708
11887744	7815708
11887746	11907522
11887746	11907523
11887746	11907524
11887746	11907525
11887746	11907526
11887746	11907527
11887746	11907528
11887746	11907529
11887750	506774
11887750	3967770
11887751	506774
11887751	3967770
11887757	12620497
11887757	12620500
11887757	12620501
11887758	13154459
11887759	506774
11887759	3967770
11887761	506774
11887761	3967770
11887764	12612388
11887764	12612389
11887764	12612390
11887764	12612391
11887764	12612392
11887764	12612393
11887768	1363587
11887769	1363587
11887770	1363587
11887771	12553159
11887772	1363587
11887779	1667267
11887780	1667267
11887782	1667267
11887783	12265609
11887783	13069897
11887783	13069899
11887783	13069902
11887783	13069908
11887783	13069918
11887783	13069919
11887783	13134523
11887784	1667267
11887791	11987814
11887791	11987815
11887795	13036456
11887799	11964120
11887799	11964121
11887806	6939915
11887809	12644140
11887809	12644141
11887809	12644143
11887809	12644144
11887809	12644146
11887809	12644147
11887818	12639772
11887818	12639773
11887818	12639774
11887820	5965248
11887822	5965248
11887825	740089
11887826	740089
11887827	13351549
11887827	13351550
11887827	13351552
11887827	13351553
11887827	13351554
11887827	13351555
11887827	13351561
11887827	13351562
11887828	11913536
11887828	11913537
11887828	11913540
11887828	11913541
11887828	11913542
11887828	11913543
11887830	1593492
11887831	1593492
11887832	1593492
11887833	1593492
11887834	1593492
11887835	1593492
11887836	1593492
11887837	1593492
11887838	7203203
11887839	7203203
11887840	6741090
11887841	6741090
11887842	6741090
11887843	6741090
11887844	6741090
11887845	6741090
11887846	6741090
11887847	6741090
11887848	6741090
11887849	6741090
11887850	9768754
11887851	1300074
11887852	9768754
11887853	9768754
11887854	9768754
11887855	2344805
11887856	9768754
11887857	10079708
11887858	10079708
11887859	5644199
11887860	5644199
11887861	11045216
11887862	5644199
11887863	5644199
11887864	5644199
11887865	5644199
11887866	5644199
11887867	11885984
11887867	11888001
11887867	11888024
11887867	11888185
11887868	5644199
11887869	11483747
11887870	1750161
11887871	1750161
11887872	1750161
11887873	1750161
11887874	9289299
11887875	7519796
11887875	7521332
11887876	1186031
11887877	1186031
11887878	1186031
11887879	1186031
11887880	7519796
11887880	7521332
11887881	1186031
11887882	1186031
11887883	1385620
11887884	1385620
11887885	1385620
11887886	1385620
11887888	6687730
11887891	730485
11887892	730485
11887894	6687730
11887896	730485
11887897	730485
11887901	6687730
11887902	730485
11887903	730485
11887905	730485
11887906	11983028
11887906	11983029
11887906	11983030
11887908	730485
11887912	12660050
11887913	7739344
11887914	2251098
11887914	13422345
11887914	13422346
11887915	7739344
11887917	7739344
11887918	7739344
11887922	10324891
11887922	11694885
11887922	11888039
11887922	11888143
11887923	11962108
11887924	12383099
11887926	2251098
11887930	6665917
11887933	6665917
11887934	12693814
11887934	12693816
11887934	12693817
11887934	12693818
11887934	12693819
11887934	12693820
11887934	12693830
11887934	13226820
11887934	13226821
11887936	11974600
11887940	6255817
11887943	6654415
11887958	11456382
11887959	12045128
11887960	10180336
11887963	11456382
11887964	10180336
11887966	12631111
11887966	12631112
11887966	12631113
11887968	11456382
11887968	11888116
11887970	4769127
11887971	11456382
11887972	4769127
11887974	4769127
11887975	11456382
11887976	4769127
11887977	11456382
11887977	11888107
11887978	8612550
11887981	8612550
11887983	11885296
11887983	12194781
11887985	1933583
11887986	8612550
11887987	1933583
11887988	8612550
11887989	1933583
11887991	8612550
11887992	8612550
11887995	12047252
11887996	8316740
11887998	8316740
11887999	11974601
11887999	12479485
11888000	8316740
11888000	12731555
11888001	11885984
11888001	11887867
11888001	11888185
11888002	8316740
11888002	12731555
11888003	10180311
11888004	2210587
11888005	12696160
11888005	12696161
11888005	12696162
11888006	8316740
11888006	12731555
11888015	9275333
11888015	13798384
11888017	9275333
11888017	13798384
11888021	9275333
11888024	11885984
11888024	11887867
11888024	11888185
11888026	10626447
11888028	10626447
11888029	13038895
11888029	13038896
11888029	13038897
11888032	9275333
11888035	9275333
11888036	9275333
11888036	11888093
11888038	9991127
11888039	11694885
11888039	11887922
11888039	11888143
11888042	11937952
11888042	12666535
11888042	12666539
11888044	5047107
11888046	5047107
11888053	3178425
11888053	13259546
11888055	3178425
11888056	13379084
11888056	13379085
11888056	13379086
11888056	13379087
11888058	3178425
11888061	3178425
11888065	12653852
11888067	3178425
11888073	10228654
11888077	11878091
11888079	12652329
11888079	12652330
11888079	12652331
11888080	13354294
11888080	13354295
11888080	13354296
11888081	12590843
11888081	12590844
11888081	12590845
11888082	8225593
11888084	8225593
11888086	12668868
11888086	12668869
11888086	12668871
11888086	12668873
11888088	8225593
11888089	8225593
11888091	12454059
11888091	12454060
11888091	12454061
11888092	1931915
11888093	11888036
11888095	5908888
11888096	1931915
11888098	5908888
11888105	6945953
11888106	6945953
11888107	11887977
11888108	1294389
11888109	1294389
11888110	1294389
11888111	1294389
11888112	4078650
11888112	6438964
11888112	6812215
11888113	4078650
11888113	6438964
11888113	6812215
11888114	4078650
11888114	6438964
11888114	6812215
11888115	11922368
11888115	11952491
11888115	11952494
11888116	11887968
11888118	1557649
11888119	1557649
11888120	1120230
11888121	1120230
11888122	12242376
11888122	12246163
11888123	13170182
11888123	13170183
11888123	13170184
11888124	1120230
11888125	1120230
11888127	11985821
11888129	11907362
11888129	11907363
11888129	11907364
11888129	11907365
11888129	11907366
11888129	11907367
11888129	11907368
11888129	11907369
11888131	12684250
11888132	12006700
11888134	6700427
11888134	13104475
11888134	13363926
11888136	1201621
11888138	1201621
11888140	1201621
11888141	1201621
11888142	12689178
11888142	12689179
11888142	12689180
11888143	10324891
11888143	11694885
11888143	11887922
11888143	11888039
11888146	1308736
11888147	1308736
11888150	1308736
11888152	1308736
11888155	2912706
11888156	2912706
11888157	2873980
11888158	2873980
11888159	5033771
11888160	5033771
11888161	5033771
11888162	5033771
11888163	7666471
11888164	7666471
11888165	6386237
11888166	1428038
11888168	1428038
11888170	1428038
11888172	1428038
11888180	6713777
11888183	8815257
11888184	1428038
11888185	11885984
11888185	11887867
11888185	11888001
11888185	11888024
11888186	1428038
11888187	8815257
11888189	1428038
11888191	1428038
11888193	9982089
11888194	9982089
11888195	4087403
11888196	6386237
11888197	7006427
11888197	10527878
11888197	10643179
11888197	11962195
11888198	2873980
11888199	9749566
11888200	9749566
11888201	2873980
11888202	10999004
11888203	10999004
11888204	11886657
11888205	1037638
11888206	1037638
11888207	11451447
11888208	6063939
11888209	3116761
11888210	1618538
11888211	1618538
11888213	10000786
11888214	10000786
11888215	533238
11888216	533238
11888217	533238
11888218	533238
11888219	533236
11888220	533236
11888221	3282466
11888222	533236
11888223	533236
11888225	10786772
11888226	3919453
11888226	4817736
11888226	4817738
11888226	6276817
11888226	11888232
11888227	2832789
11888228	2832789
11888229	1383319
11888230	2832789
11888231	2832789
11888232	3919453
11888232	4817736
11888232	4817738
11888232	6276817
11888232	11888226
11888233	1650158
11888235	1650158
11888236	34927
11888237	10285900
11888238	10285900
11888239	10285900
11888240	3292301
11888241	10285900
11888242	3292301
11888243	2025539
11888245	1052030
11888246	4133556
11888247	1052030
11888248	9204563
11888249	1312812
11888250	1312812
11888251	1312812
11888252	1312812
11888254	9204563
11888255	11888256
11888256	11888255
11888257	3041608
11888258	3041608
11888259	3041608
11888260	3041608
11888261	3041608
11888262	3041608
11888263	3270577
11888264	3270577
11888265	1829212
11888266	1829212
11888267	1829212
11888268	1829212
11888269	1829212
11888270	9448726
11888271	13104474
11888272	3618646
11888273	7176375
11888274	7176748
11888275	4057621
11888275	4057787
11888276	7176445
11888277	11897784
11888278	11888279
11888279	11888278
11888280	3594705
11888280	12563066
11888281	3906873
11888281	3955230
11888281	3955233
11888282	12344978
11888283	9192368
11888284	11883383
11888285	11883547
11888285	12336913
11888286	5211702
11888287	11621600
11888288	3184022
11888289	11888297
11888290	5423335
11888292	3286996
11888293	2648768
11888294	843018
11888296	8340136
11888297	11888289
11888298	6348793
11888300	2040057
11888301	9149048
11888302	2546478
11888302	9052078
11888303	9048531
11888304	9711030
11888305	11890407
11888306	9448199
11888307	11890245
11888307	11890246
11888308	1961732
11888308	2542655
11888308	7171922
11888308	7171946
11888308	11888310
11888310	1961732
11888310	2542655
11888310	7171922
11888310	7171946
11888310	11888308
11888312	11220968
11888312	12453213
11888314	11888318
11888315	10082340
11888316	10082340
11888317	2092657
11888317	12453213
11888317	12524602
11888318	11888314
11888319	2045334
11888320	10082340
11888321	10082340
11888323	6672122
11888325	6672122
11888326	672414
11888326	787039
11888326	11220969
11888327	1250927
11888328	1250927
11888329	1250927
11888330	11890243
11888330	11890244
11888332	1250927
11888334	6730061
11888336	1416868
11888336	6730061
11888338	2142661
11888338	11220977
11888338	13009382
11888339	7835508
11888339	8293739
11888342	5007950
11888343	8310776
11888344	7758265
11888344	11942639
11888345	8310776
11888346	8310776
11888347	8310776
11888348	8310776
11888349	8310776
11888350	1895621
11888350	1909154
11888351	1895621
11888352	1907947
11888352	13485149
11888353	4102980
11888354	4102980
11888355	4102980
11888356	4102980
11888357	2045333
11888358	11890239
11888358	11890240
11888359	1291763
11888360	1291763
11888362	11888366
11888363	2461936
11888364	2461936
11888365	2461936
11888366	11888362
11888367	2461936
11888368	2461936
11888369	2461936
11888370	2461936
11888371	2461936
11888372	12808232
11888372	13184211
11888373	1752036
11888374	1752036
11888376	10016196
11888378	10016196
11888380	5237050
11888381	531099
11888384	1416868
11888385	7758264
11888385	11942639
11888386	2598745
11888386	7115778
11888386	7779335
11888386	7809419
11888386	7809420
11888387	7786925
11888388	7786925
11888392	883919
11888393	883919
11888394	11890750
11888394	11890752
11888396	11890402
11888400	11220988
11888401	66069
11888401	398259
11888401	450248
11888401	816220
11888401	11220993
11888401	12508595
11888402	1667270
11888403	1667270
11888405	1588547
11888407	1588547
11888411	4797676
11888412	4797676
11888413	454986
11888415	11888425
11888415	11888427
11888416	454986
11888419	11890400
11888419	11890744
11888420	1719652
11888421	1719652
11888422	1719652
11888423	1719652
11888425	11888415
11888427	11888415
11888429	7758264
11888429	7758265
11888429	11942639
11888430	1748224
11888432	1748224
11888433	1748224
11888434	1748224
11888435	11888481
11888436	804799
11888437	804799
11888438	804799
11888439	804799
11888440	11885747
11888441	804799
11888442	804799
11888443	804799
11888444	804799
11888445	804799
11888446	804799
11888447	804799
11888448	804799
11888449	6677047
11888450	6677047
11888451	11890235
11888451	11890236
11888452	5973499
11888453	5973499
11888454	11885629
11888454	11933103
11888455	11885631
11888455	11902948
11888455	13425464
11888455	13426355
11888456	7726658
11888457	7726658
11888458	7726658
11888459	11890399
11888459	11890742
11888460	13482436
11888462	908832
11888463	908832
11888466	4727870
11888467	11890227
11888467	11890228
11888467	11890231
11888467	11890396
11888468	4727870
11888469	4375245
11888470	4375245
11888471	4375245
11888472	4375245
11888473	11890395
11888474	1317480
11888475	1317480
11888478	4725531
11888479	4725531
11888480	11890394
11888480	11890739
11888481	11888435
11888482	11240
11888486	11888487
11888487	11888486
11888489	10158795
11888490	10158795
11888492	10158795
11888493	10158795
11888494	10158795
11888496	10158795
11888497	10158795
11888498	10158795
11888499	11890189
11888500	10158795
11888501	10158795
11888502	10158795
11888503	10158795
11888507	1672377
11888508	1672377
11888509	1672377
11888510	1672377
11888514	13084724
11888514	13289430
11888515	2440770
11888516	2440770
11888518	11234766
11888519	2440770
11888520	2440770
11888522	12024857
11888524	11890391
11888525	11888527
11888527	11888525
11888528	11888529
11888529	11888528
11888530	1939183
11888531	1939183
11888532	1939183
11888533	1939183
11888534	11890627
11888535	1939183
11888536	1939183
11888537	2194442
11888538	11888549
11888539	2194442
11888540	5606847
11888541	5606847
11888542	5606847
11888543	5606847
11888544	5606847
11888545	5606847
11888546	5606847
11888547	5606847
11888548	5606890
11888549	11888538
11888550	5606890
11888551	5606868
11888551	5606888
11888552	5606868
11888552	5606888
11888553	5606868
11888553	5606888
11888554	5606868
11888554	5606888
11888555	1690752
11888556	1690752
11888557	4605743
11888558	4605743
11888559	5606856
11888560	5606856
11888561	5606856
11888562	5606856
11888563	4557275
11888564	4557275
11888565	5606859
11888566	5606859
11888567	1702440
11888568	1702440
11888569	1702440
11888570	1702440
11888571	1668043
11888573	1668043
11888574	1668043
11888575	1668043
11888577	5606868
11888578	4364159
11888579	4364159
11888580	4364159
11888581	4364159
11888582	10106213
11888583	10106213
11888584	1690754
11888585	1690754
11888586	5606879
11888587	5606879
11888588	11888591
11888589	6619880
11888590	6619880
11888591	11888588
11888591	12553653
11888592	6619880
11888593	6619880
11888594	1260751
11888595	7968296
11888595	7968298
11888596	7968296
11888596	7968298
11888597	7968296
11888597	7968298
11888599	7968296
11888599	7968298
11888600	7968310
11888600	7968311
11888601	7968310
11888601	7968311
11888603	13095089
11888605	7951545
11888606	7951545
11888607	7951545
11888608	7951545
11888609	7951545
11888610	7951545
11888611	11888613
11888612	7968297
11888613	11888611
11888614	7968297
11888615	378445
11888615	11888616
11888616	256978
11888616	378445
11888616	11033639
11888616	11888615
11888617	5745853
11888618	5745853
11888620	11230985
11888621	11781485
11888623	11888632
11888623	11888634
11888624	7734365
11888624	11888626
11888625	6605135
11888625	11912954
11888625	12065607
11888625	13104473
11888625	13363924
11888626	7734365
11888626	11888624
11888628	10635466
11888629	11888631
11888630	4135417
11888631	11888629
11888632	11888623
11888633	3903893
11888633	5780449
11888634	11888623
11888635	3824379
11888635	8412829
11888635	12346186
11888638	2952513
11888639	13123180
11888641	12510585
11888644	10024407
11888645	12661720
11888645	12661721
11888645	12661722
11888645	12661723
11888647	12640077
11888647	12640078
11888657	11304028
11888659	2508884
11888659	11888678
11888659	11888721
11888659	11888843
11888663	10978826
11888669	10830425
11888678	1105606
11888678	1106136
11888678	1106536
11888678	2282380
11888678	2282383
11888678	2311925
11888678	2508884
11888678	2508892
11888678	2508949
11888678	3591045
11888678	4106730
11888678	6035545
11888678	11882968
11888678	11888659
11888678	11888721
11888678	11888843
11888684	5825025
11888686	10731737
11888697	7732909
11888697	11890489
11888700	13125391
11888700	13125392
11888700	13125393
11888700	13426431
11888702	11888735
11888703	10307722
11888703	10307723
11888703	10307724
11888703	10307726
11888703	11893439
11888703	11893440
11888703	11893441
11888703	11893442
11888703	11985822
11888705	11975049
11888709	11901165
11888709	11901166
11888709	11901167
11888709	11901168
11888716	953395
11888716	1951430
11888721	1105606
11888721	1106136
11888721	1106536
11888721	2282380
11888721	2282383
11888721	2311925
11888721	2508884
11888721	2508892
11888721	3591045
11888721	6035545
11888721	11882968
11888721	11888659
11888721	11888678
11888721	11888843
11888722	12172600
11888725	2215679
11888730	12616869
11888730	12616871
11888730	12616872
11888731	12324616
11888731	12324816
11888731	12324818
11888731	12324836
11888731	12324838
11888731	12324849
11888731	12324850
11888735	11888702
11888747	11980469
11888747	13121683
11888747	13121684
11888747	13121685
11888755	6617171
11888767	12861782
11888767	12861784
11888767	12861785
11888767	12861786
11888771	8222607
11888777	8050158
11888779	12921321
11888780	11986017
11888784	12635449
11888784	12635450
11888784	12635451
11888785	9292692
11888786	11976316
11888791	12633877
11888791	12633878
11888791	12633879
11888795	10633651
11888796	12668477
11888796	12668478
11888796	12668479
11888807	13594949
11888812	13132494
11888812	13132497
11888812	13132498
11888814	9011320
11888830	11958316
11888830	12666241
11888830	12666242
11888830	12666243
11888830	12666244
11888830	12666246
11888830	12666247
11888830	12666248
11888831	3231274
11888843	1105606
11888843	1106136
11888843	1106536
11888843	2282380
11888843	2282383
11888843	2311925
11888843	2508884
11888843	2508892
11888843	2508949
11888843	3591045
11888843	4106730
11888843	6035545
11888843	11882968
11888843	11888659
11888843	11888678
11888843	11888721
11888846	11925543
11888848	13611407
11888849	12605528
11888849	12605529
11888849	12605530
11888849	12605531
11888849	12605532
11888849	12605533
11888851	9677471
11888853	59456
11888853	4766341
11888862	9974201
11888874	12649774
11888874	12649775
11888879	11925749
11888879	11925750
11888879	11925752
11888879	11925753
11888879	11925754
11888879	11925755
11888879	11925758
11888879	11925762
11888881	12536127
11888881	12536147
11888885	7894914
11888888	62307
11888888	11763073
11888889	10733294
11888891	12744692
11888891	12744693
11888891	12744694
11888895	267969
11888896	8657226
11888903	11556019
11888906	6163376
11888906	7117779
11888920	7052015
11888922	7052015
11888924	12654911
11888924	12654912
11888924	12654913
11888926	13302587
11888926	13302588
11888926	13302589
11888929	11555946
11888930	7051860
11888930	12560685
11888930	12560686
11888930	12560687
11888930	12560688
11888930	12560689
11888930	12560690
11888936	13427263
11888937	11657604
11888937	12623291
11888937	13071915
11888937	13071916
11888937	13284793
11888938	12965739
11888944	11885831
11888944	11885832
11888944	11885838
11888944	11885845
11888944	11885852
11888944	11885924
11888944	11888982
11888944	12416133
11888947	10633447
11888964	11985823
11888977	12178802
11888979	12683619
11888979	12683620
11888979	12683621
11888982	11885831
11888982	11885832
11888982	11885838
11888982	11885845
11888982	11885852
11888982	11885924
11888982	11888944
11888982	11889159
11888982	11889167
11888982	11889169
11888982	11889170
11888982	11889172
11888982	11889173
11888982	11889175
11888982	11889176
11888982	11889177
11888982	11889181
11888982	12416133
11888982	13129436
11888982	13616753
11888983	12633410
11888989	12695668
11888989	12695669
11888989	12695670
11888995	11936773
11888995	11936774
11888995	11936775
11888995	11936776
11888995	11936777
11888995	11936778
11888999	11890146
11889005	11020173
11889005	11889421
11889008	10128800
11889008	13127238
11889008	13689999
11889008	13690000
11889009	11967129
11889011	10128800
11889019	6322150
11889019	11924202
11889026	11020173
11889030	12405777
11889033	10980997
11889033	10981212
11889033	12199331
11889033	12199335
11889039	11930206
11889039	11930207
11889039	11930208
11889039	11930209
11889043	11623664
11889043	12007666
11889043	12007797
11889043	12010393
11889043	13233663
11889043	13233664
11889043	13233667
11889045	13232252
11889046	12541118
11889047	11984255
11889047	12690653
11889051	4125417
11889051	12492974
11889055	11963988
11889055	11963989
11889055	11970684
11889055	12739620
11889055	12739621
11889055	13389623
11889055	13389625
11889058	6036316
11889058	6036410
11889058	11889396
11889058	11889399
11889058	12993561
11889059	11970694
11889059	11970695
11889059	12889126
11889059	12889127
11889065	5103133
11889065	5104645
11889065	13349664
11889065	13376127
11889065	13711315
11889066	7743449
11889068	10915599
11889068	12007658
11889068	12609397
11889069	11075909
11889070	11266676
11889070	12007655
11889070	13518173
11889071	7133127
11889071	11756617
11889071	12173722
11889072	4132605
11889072	12007654
11889073	6394138
11889075	7165427
11889076	839078
11889076	10462272
11889076	10462273
11889076	12007648
11889077	10990180
11889077	11058089
11889082	12955228
11889090	11885939
11889090	12399722
11889092	12098599
11889096	13109078
11889098	11904558
11889098	11904561
11889104	13312667
11889104	13312669
11889104	13312670
11889105	11933643
11889105	11933644
11889105	11933645
11889105	11933646
11889106	12693676
11889106	12693677
11889106	12693678
11889107	11977318
11889110	13815286
11889110	13815288
11889110	13815289
11889114	12006698
11889115	11900142
11889118	11889119
11889118	11900141
11889118	11900926
11889118	11902201
11889118	12086340
11889118	12086341
11889118	12087523
11889119	11889118
11889119	11900141
11889119	11900926
11889119	11902201
11889119	12086340
11889119	12086341
11889119	12087523
11889122	11900140
11889123	11900137
11889123	11900139
11889124	11900133
11889124	11900134
11889125	11237352
11889125	11946413
11889126	11431488
11889127	11431488
11889128	11431488
11889129	11431488
11889130	12824498
11889130	12824499
11889131	11506466
11889132	11506466
11889133	11849479
11889135	11849479
11889136	11826410
11889137	11826410
11889138	11826410
11889139	11826410
11889140	11826410
11889141	11826410
11889142	11826410
11889143	1526199
11889145	11826410
11889151	11889153
11889153	11889151
11889155	11889156
11889155	11900130
11889155	12308050
11889155	12373481
11889155	12373482
11889156	11889155
11889156	11900130
11889157	11885831
11889157	11885832
11889157	11885838
11889157	11885845
11889157	11885852
11889157	11885924
11889157	11889181
11889157	12416133
11889157	13129436
11889157	13616753
11889158	11883916
11889158	11885065
11889158	12039702
11889159	11885831
11889159	11885832
11889159	11885852
11889159	11888982
11889159	13129436
11889161	12406440
11889161	12406441
11889161	12406442
11889161	12406443
11889161	12406444
11889161	12406445
11889161	12419890
11889162	11885832
11889162	11894965
11889163	10687720
11889164	10687720
11889165	10687720
11889166	10687720
11889167	11888982
11889168	11885832
11889169	11888982
11889170	11888982
11889172	11888982
11889173	11888982
11889174	11889223
11889174	11889225
11889174	11889228
11889174	11889234
11889174	11889237
11889174	11889241
11889174	11889260
11889174	11889266
11889174	11889268
11889174	11889275
11889174	11889280
11889174	11889290
11889174	11987960
11889175	11888982
11889176	11888982
11889177	11888982
11889181	11885831
11889181	11885832
11889181	11885852
11889181	11885924
11889181	11888982
11889181	11889157
11889181	13129436
11889182	11889194
11889182	11889195
11889182	11889197
11889182	11889199
11889183	2288969
11889184	2288969
11889185	2288969
11889189	2288969
11889190	2288969
11889191	2288969
11889192	11889196
11889194	11889182
11889195	11889182
11889196	11889192
11889197	11889182
11889198	11885831
11889198	11885832
11889199	11889182
11889206	12078971
11889215	11950528
11889216	3222940
11889222	11928394
11889223	11889174
11889223	11889237
11889223	11889266
11889223	11889275
11889225	11889174
11889228	11889174
11889228	11889275
11889231	11925522
11889231	11925524
11889231	11925525
11889231	11925526
11889234	11889174
11889234	11889237
11889234	11889275
11889237	11889174
11889237	11889223
11889237	11889234
11889237	11889268
11889237	11889275
11889237	11889280
11889241	11889174
11889242	12723016
11889252	13448507
11889252	13448508
11889255	12630532
11889255	12630536
11889257	8491493
11889257	8491495
11889257	8491496
11889257	11936689
11889257	11936691
11889257	11936692
11889257	11936693
11889257	11936694
11889258	13249932
11889260	11889174
11889261	11974606
11889266	11889174
11889266	11889223
11889266	11889275
11889268	11889174
11889268	11889237
11889275	11889174
11889275	11889223
11889275	11889228
11889275	11889234
11889275	11889237
11889275	11889266
11889280	11889174
11889280	11889237
11889282	11976972
11889283	12172944
11889285	12538976
11889285	12660649
11889285	12660650
11889285	12660651
11889286	3920814
11889286	7983808
11889286	7983810
11889286	11889349
11889286	11889350
11889286	11889386
11889290	11889174
11889291	12015003
11889291	12557451
11889293	8110687
11889293	11889345
11889294	3920814
11889295	11245199
11889295	12228752
11889295	12228761
11889295	12228766
11889295	12228768
11889295	12228887
11889295	12229105
11889295	12256936
11889295	12444237
11889295	12608319
11889297	11245221
11889300	258750
11889301	11889303
11889302	8173183
11889303	11889301
11889306	3716214
11889308	11889315
11889308	11889320
11889308	11889323
11889308	11889331
11889308	11889333
11889308	11889336
11889308	11889337
11889308	11889342
11889308	11889363
11889308	11889367
11889308	11889370
11889308	11889378
11889314	11889321
11889315	11889308
11889315	11889333
11889315	11889336
11889315	11889342
11889316	11245225
11889316	11889327
11889319	258721
11889320	11889308
11889321	11889314
11889321	11897193
11889322	8959262
11889322	11889324
11889323	11889308
11889324	11889322
11889325	11245249
11889325	11889332
11889326	11245251
11889327	11889316
11889328	11245251
11889330	11383545
11889331	11889308
11889331	11889333
11889332	11889325
11889333	11889308
11889333	11889315
11889333	11889331
11889333	11889336
11889334	11245245
11889335	11245245
11889336	11889308
11889336	11889315
11889336	11889333
11889336	11889342
11889336	11889367
11889337	11889308
11889338	11889339
11889339	11889338
11889340	11245176
11889341	262200
11889342	11889308
11889342	11889315
11889342	11889336
11889343	11245158
11889343	11889356
11889345	11889293
11889346	11245155
11889347	258665
11889348	11889351
11889349	3920814
11889349	11889286
11889349	11889386
11889350	3920814
11889350	11889286
11889350	11889386
11889351	11889348
11889352	258527
11889353	11889358
11889356	11889343
11889357	11245124
11889358	11889353
11889359	10681958
11889359	10681959
11889359	11889369
11889360	7983808
11889360	11889374
11889360	11889375
11889362	10681958
11889362	11889366
11889363	11889308
11889364	1505952
11889364	13364546
11889365	7983808
11889365	8832344
11889365	11889371
11889365	11889373
11889366	11889362
11889367	11889308
11889367	11889336
11889368	7983808
11889368	8832344
11889368	11889371
11889368	11889373
11889369	11889359
11889370	11889308
11889371	7983808
11889371	11889365
11889371	11889368
11889372	7480267
11889372	7480268
11889372	7480269
11889372	7480272
11889372	7480274
11889372	7480275
11889372	7531595
11889372	7531596
11889373	7983808
11889373	11889365
11889373	11889368
11889374	7983808
11889374	11889360
11889375	7983808
11889375	11889360
11889376	11218210
11889377	11218210
11889378	11889308
11889379	11889383
11889380	11218210
11889381	239085
11889381	11244832
11889381	11889387
11889382	11889384
11889383	11889379
11889384	11889382
11889385	3920812
11889385	7981390
11889385	7983808
11889385	8832344
11889386	3920814
11889386	7983808
11889386	11889286
11889386	11889349
11889386	11889350
11889386	11889389
11889387	11889381
11889389	11889386
11889390	11889391
11889390	11889392
11889390	11889394
11889391	11889390
11889392	11889390
11889393	11980470
11889394	11889390
11889395	11889397
11889396	11889058
11889396	12732004
11889397	11889395
11889398	7591506
11889398	11889409
11889399	11889058
11889399	12585606
11889399	12585629
11889399	13831858
11889400	11889407
11889403	11521367
11889404	10314428
11889404	10314429
11889404	11220995
11889405	13104471
11889405	13663380
11889406	11476884
11889407	11889400
11889407	11919388
11889408	13823933
11889408	13823935
11889408	13823937
11889408	13823938
11889408	13823939
11889409	11889398
11889410	9960209
11889412	373563
11889412	692416
11889412	9428335
11889412	9428336
11889412	11889472
11889412	11889475
11889412	11889477
11889412	11889481
11889413	9858525
11889413	10715030
11889413	11889461
11889413	11889462
11889413	11889465
11889416	11220998
11889418	68604
11889418	11220998
11889420	10991702
11889420	11889428
11889421	11889005
11889422	11889429
11889423	11889429
11889424	11889425
11889425	11889424
11889426	851286
11889426	9974465
11889426	11244824
11889427	851286
11889427	9974465
11889427	11244824
11889428	10991702
11889428	11889420
11889429	11889422
11889429	11889423
11889430	1778326
11889431	1778326
11889432	10847683
11889432	10848738
11889432	11889434
11889432	11889435
11889432	11889437
11889432	11889438
11889433	7197740
11889434	11889432
11889434	11889438
11889435	11889432
11889436	10278387
11889437	11889432
11889438	10847683
11889438	10848738
11889438	11889432
11889438	11889434
11889438	13806526
11889439	3305890
11889439	4925228
11889439	8842920
11889439	10351184
11889439	11889441
11889439	11889443
11889439	11889447
11889439	11889449
11889440	9780714
11889441	3305890
11889441	4925228
11889441	8842920
11889441	11889439
11889442	11889444
11889442	11889448
11889442	11889454
11889442	11889456
11889442	11889459
11889442	11889470
11889442	11889473
11889442	11889479
11889442	11889482
11889442	11889483
11889442	11889487
11889442	11889489
11889442	11889490
11889442	11889491
11889443	4925228
11889443	11889439
11889444	11889442
11889445	7765366
11889445	7766250
11889445	11244798
11889446	7974975
11889446	9136949
11889446	9671815
11889446	9970353
11889446	11889450
11889446	11889457
11889446	11889498
11889446	11889512
11889446	11890422
11889446	13320890
11889446	13320892
11889446	13320911
11889447	4925228
11889447	8842920
11889447	11889439
11889448	11889442
11889449	8842920
11889449	11889439
11889449	12511070
11889450	7974975
11889450	9136949
11889450	9671815
11889450	9970353
11889450	11889446
11889450	11889457
11889450	11889498
11889450	11889512
11889450	11890422
11889450	12339357
11889450	13320890
11889450	13320892
11889450	13320911
11889451	2900743
11889451	11244425
11889452	2900743
11889452	3557079
11889452	5998977
11889452	11244424
11889453	11889455
11889454	11889442
11889455	11889453
11889456	11889442
11889457	9136949
11889457	9671815
11889457	9970353
11889457	11889446
11889457	11889450
11889457	11889498
11889457	11889512
11889457	11890422
11889457	12193729
11889457	13320890
11889457	13320892
11889457	13320911
11889458	11889460
11889459	11889442
11889460	11889458
11889460	11889466
11889460	11889468
11889461	11889413
11889461	13073526
11889461	13073527
11889461	13073528
11889461	13073529
11889462	11889413
11889462	13073529
11889463	8080046
11889464	11244352
11889464	11889471
11889464	11889720
11889464	11889806
11889465	11889413
11889465	13073529
11889466	11889460
11889467	9858525
11889467	13073526
11889467	13073527
11889467	13073528
11889467	13073529
11889468	11889460
11889469	11918317
11889469	12270900
11889470	11889442
11889470	12933379
11889471	11889464
11889472	373563
11889472	11889412
11889472	11889475
11889473	11889442
11889474	2235731
11889475	692416
11889475	11889412
11889475	11889472
11889476	2237598
11889477	692416
11889477	2034151
11889477	11889412
11889478	2239836
11889479	11889442
11889480	2244709
11889481	11889412
11889481	12311295
11889481	12334827
11889482	11889442
11889483	11889442
11889484	11889488
11889485	13119117
11889485	13119121
11889485	13119123
11889486	12673794
11889486	12673796
11889486	12673798
11889487	11889442
11889488	11889484
11889489	11889442
11889490	11889442
11889491	11889442
11889492	11889497
11889492	11889500
11889492	13103144
11889493	11889495
11889494	10018895
11889494	10025876
11889494	10054942
11889494	10643007
11889494	10643013
11889495	5771672
11889495	11889493
11889495	11901336
11889495	11943334
11889496	308447
11889496	12045033
11889497	11889492
11889498	7974975
11889498	9136949
11889498	9671815
11889498	9970353
11889498	11889446
11889498	11889450
11889498	11889457
11889498	11889512
11889498	11890422
11889498	12193493
11889498	13320890
11889498	13320892
11889498	13320911
11889499	308447
11889499	12045036
11889500	11889492
11889501	11965582
11889501	11965583
11889502	13231688
11889504	12651430
11889506	34839
11889506	12045037
11889507	11889521
11889507	11890248
11889507	11890257
11889508	34839
11889508	489241
11889508	12045037
11889510	1031147
11889510	1569838
11889510	1836478
11889510	12045039
11889512	7974975
11889512	9136949
11889512	9671815
11889512	9970353
11889512	11889446
11889512	11889450
11889512	11889457
11889512	11889498
11889512	11890422
11889512	13320890
11889512	13320892
11889512	13320911
11889513	12699260
11889518	11889521
11889518	11890248
11889518	11890257
11889521	6631477
11889521	11889507
11889521	11889518
11889521	12045040
11889522	11889534
11889523	2407913
11889523	12045045
11889532	11967084
11889534	11889522
11889534	12045047
11889537	3340051
11889537	12051823
11889538	11889539
11889538	11889871
11889538	11889872
11889538	11889875
11889538	11889880
11889538	11889890
11889538	11889900
11889538	11889907
11889538	11889915
11889538	11889924
11889538	11889930
11889538	11889940
11889538	11889948
11889538	11889953
11889538	11889955
11889539	11889538
11889539	11889875
11889539	11889880
11889539	11889890
11889539	11889900
11889539	11889940
11889539	11889948
11889548	7971134
11889548	12051824
11889549	11889557
11889557	11889549
11889557	12051826
11889570	61961
11889570	12051827
11889571	12183364
11889575	12968034
11889576	12682581
11889581	12612901
11889581	12612902
11889581	12612903
11889581	12612904
11889582	12854675
11889584	11889587
11889587	11889584
11889588	11902456
11889588	11902457
11889593	8760594
11889593	9848685
11889598	12861141
11889603	1156778
11889615	12682555
11889615	12682556
11889617	12101543
11889623	12288634
11889623	12288635
11889623	12288636
11889628	6357282
11889628	7801065
11889635	11898922
11889635	11898923
11889635	11898925
11889635	11898928
11889635	11898929
11889637	13709691
11889638	573856
11889638	792049
11889638	9729215
11889638	9729217
11889639	11889641
11889640	11889642
11889641	11889639
11889642	11889640
11889643	11928039
11889644	11889653
11889644	12094451
11889644	12388178
11889644	12388179
11889647	11922940
11889647	11922941
11889647	11922943
11889647	11922944
11889647	11922946
11889647	11922947
11889647	11922949
11889648	3050057
11889648	7548896
11889648	8766499
11889651	11889659
11889651	11889663
11889652	12706130
11889652	12706131
11889652	12706133
11889652	12706145
11889653	11889644
11889658	11889684
11889659	11889651
11889660	11889666
11889663	11889651
11889664	13312395
11889665	6688076
11889666	11889660
11889667	13485420
11889670	8440881
11889671	11889672
11889672	11889671
11889677	7476268
11889684	11889658
11889685	2641634
11889689	13812852
11889689	13812853
11889690	251198
11889690	10817925
11889692	11146956
11889693	5725490
11889694	8237141
11889694	11901454
11889695	2542996
11889695	13535887
11889696	11891150
11889701	11062765
11889703	10861404
11889703	10905883
11889710	10891802
11889710	10891806
11889710	10891807
11889717	3390627
11889719	11244289
11889720	11889464
11889722	10064123
11889722	11889723
11889723	11889722
11889724	10064123
11889725	11889728
11889727	11962327
11889727	12478777
11889728	11889725
11889734	1125140
11889734	10940586
11889747	2647746
11889747	3532756
11889747	4836395
11889747	11369261
11889747	13516747
11889749	12398057
11889750	10709282
11889751	3131798
11889758	12494956
11889758	13286198
11889762	12728533
11889762	12728573
11889764	5732003
11889764	11244275
11889772	5663572
11889777	11243890
11889778	8989182
11889779	11889781
11889780	11243852
11889781	11889779
11889782	299460
11889785	11517545
11889786	681376
11889786	13682974
11889786	13682988
11889786	13682990
11889787	1749163
11889787	1758022
11889787	1758028
11889787	1763364
11889787	2580115
11889787	2820084
11889794	3989851
11889794	4587544
11889794	9473362
11889794	11889831
11889794	12595085
11889798	11889804
11889804	11889798
11889806	11244352
11889806	11889464
11889818	11221002
11889822	12545763
11889822	12545764
11889822	12545767
11889823	12868055
11889824	11889825
11889825	11889824
11889826	11889834
11889826	11889835
11889826	11909203
11889826	11909210
11889830	13354532
11889831	2143364
11889831	2713318
11889831	9473362
11889831	11889794
11889831	13231477
11889832	11889841
11889832	11901225
11889832	11901226
11889832	11901228
11889832	11901229
11889834	11889826
11889835	11889826
11889838	12671090
11889841	11889832
11889846	11958391
11889846	12668068
11889850	11904544
11889850	11904545
11889850	11904546
11889850	11904547
11889850	11904548
11889850	11904549
11889850	11904550
11889850	11904551
11889850	11904552
11889850	11904553
11889853	11889855
11889855	11889853
11889859	11221031
11889860	11221031
11889861	11889862
11889862	11889861
11889864	12821510
11889869	11889870
11889870	11889869
11889871	11889538
11889872	11889538
11889875	11889538
11889875	11889539
11889878	12214361
11889880	11889538
11889880	11889539
11889880	11889890
11889880	11889900
11889880	11889948
11889890	11889538
11889890	11889539
11889890	11889880
11889893	11221092
11889900	11889538
11889900	11889539
11889900	11889880
11889900	11889924
11889907	11889538
11889912	4181831
11889915	11889538
11889924	11889538
11889924	11889900
11889929	3260245
11889929	11221092
11889930	11889538
11889935	11889952
11889940	11889538
11889940	11889539
11889943	2718424
11889944	13618495
11889947	7033337
11889947	11221282
11889948	11889538
11889948	11889539
11889948	11889880
11889952	11889935
11889953	11889538
11889954	7033337
11889954	11221282
11889955	11889538
11889956	6480720
11889956	11221290
11889957	6480720
11889957	11221290
11889958	6569068
11889958	11221308
11889959	6569068
11889959	11221308
11889960	11889967
11889961	6569068
11889962	6569068
11889963	6569068
11889964	6569068
11889965	8078644
11889966	11741538
11889967	11889960
11889969	12312270
11889972	11889973
11889972	11889975
11889972	11889976
11889972	11889981
11889972	11889982
11889972	11889986
11889972	11889989
11889972	11889992
11889972	11889995
11889972	11890000
11889972	11890003
11889972	11890007
11889972	11890008
11889973	11889972
11889973	11889981
11889973	11889982
11889973	11889986
11889973	11889989
11889973	11890007
11889974	11221332
11889975	11889972
11889976	11889972
11889977	4330507
11889977	11221350
11889978	4330507
11889979	2647102
11889979	8300356
11889979	9609800
11889981	11889972
11889981	11889973
11889981	11889982
11889981	11889986
11889981	11889989
11889982	11889972
11889982	11889973
11889982	11889981
11889982	11889986
11889982	11889989
11889984	6386121
11889984	11509688
11889985	9116693
11889986	11889972
11889986	11889973
11889986	11889981
11889986	11889982
11889986	11890000
11889986	11890007
11889987	2545827
11889987	10653541
11889987	11303652
11889988	9116693
11889989	11889972
11889989	11889973
11889989	11889981
11889989	11889982
11889989	11890007
11889990	5858872
11889990	9672558
11889991	6268649
11889991	11559353
11889992	11889972
11889993	6433845
11889993	8227127
11889994	11120223
11889995	11889972
11889996	13103143
11889996	13772654
11889996	13772655
11889997	6733473
11889997	9173045
11889998	8671958
11889999	4012824
11889999	9748921
11890000	11889972
11890000	11889986
11890001	408213
11890001	1790440
11890001	1790442
11890001	1790522
11890002	11120223
11890003	11889972
11890004	5758474
11890005	9272020
11890006	11890388
11890006	11890389
11890007	11889972
11890007	11889973
11890007	11889986
11890007	11889989
11890008	11889972
11890009	11152538
11890010	11152538
11890011	11152538
11890012	12352206
11890012	12352217
11890012	12352218
11890013	11152538
11890014	11432627
11890015	2238881
11890015	2239129
11890015	13408405
11890015	13408406
11890016	11432627
11890017	478432
11890017	9688631
11890017	11890030
11890017	11890032
11890018	8929186
11890019	11790150
11890020	11890384
11890021	11790150
11890022	311282
11890022	804996
11890023	4529936
11890025	8929187
11890026	18274
11890028	18274
11890029	8929189
11890030	18274
11890030	478431
11890030	478432
11890030	11890017
11890031	8929190
11890032	18274
11890032	478431
11890032	478432
11890032	3139272
11890032	11890017
11890033	3821475
11890034	18274
11890035	8929191
11890036	8929191
11890037	8929191
11890038	8929193
11890039	8929197
11890040	7582062
11890041	8929197
11890042	8929197
11890043	3912231
11890043	11173160
11890044	18274
11890045	6662762
11890045	7456841
11890045	7456842
11890045	7706607
11890046	8929203
11890047	3903705
11890047	6323235
11890047	6323236
11890047	7960904
11890047	9766194
11890048	9116694
11890049	8929204
11890050	9116694
11890051	9520827
11890052	8929214
11890053	8141021
11890054	9520827
11890055	8929215
11890057	7593105
11890057	7664132
11890057	8232506
11890058	8929222
11890059	8929223
11890060	8141021
11890061	8929226
11890062	8799772
11890062	9230782
11890063	8929231
11890064	11151081
11890065	9996608
11890066	8929243
11890067	11555957
11890068	8929249
11890069	11151081
11890070	11152552
11890071	12625440
11890072	11152552
11890073	11432638
11890074	8929209
11890075	11432638
11890076	8929209
11890077	11790347
11890078	8551822
11890079	8551826
11890080	6346386
11890081	6346387
11890082	6346388
11890083	6346389
11890084	9556106
11890085	6348165
11890085	8803114
11890086	10031693
11890086	10031699
11890086	10031701
11890086	12094693
11890087	6433739
11890087	11195727
11890088	3392578
11890088	10943588
11890088	11744960
11890089	7141225
11890089	7141394
11890089	8442872
11890090	11905181
11890090	11905193
11890090	11905194
11890090	11905195
11890090	11905196
11890090	11905279
11890090	11905558
11890090	11905560
11890092	9556306
11890093	11899344
11890093	11899369
11890093	11899443
11890093	11899444
11890093	11899445
11890093	11899446
11890093	12829739
11890093	12894765
11890093	13814404
11890093	13814405
11890093	13823774
11890094	11669581
11890096	1569131
11890096	1569913
11890096	1571403
11890096	1619828
11890096	2578178
11890096	2578705
11890096	3025837
11890096	3025839
11890096	3391753
11890096	9807491
11890096	10577054
11890096	11890107
11890097	9435751
11890098	9999277
11890098	11195746
11890099	10652022
11890100	9492085
11890101	6265043
11890101	10637122
11890101	12459117
11890102	11890134
11890103	7206140
11890103	9467267
11890103	9467268
11890103	11559281
11890104	3907195
11890104	10747609
11890104	10747610
11890104	10747611
11890105	3295245
11890105	11221394
11890106	11221396
11890107	1569131
11890107	1571403
11890107	1619828
11890107	2578178
11890107	2578705
11890107	3025839
11890107	10577054
11890107	11890096
11890108	8390455
11890108	10735069
11890108	10735070
11890109	9859257
11890109	9859258
11890110	9446301
11890111	7463558
11890112	4015258
11890112	11221428
11890113	7635722
11890113	8854570
11890115	1186477
11890115	10636567
11890116	13103142
11890118	4170334
11890118	9346999
11890118	11222019
11890119	4170345
11890119	9346999
11890119	11222019
11890120	11222020
11890121	11222114
11890123	11875943
11890124	11875942
11890125	12305461
11890126	11875941
11890127	11875940
11890128	4170336
11890129	11857896
11890130	42517
11890130	11222286
11890132	42517
11890133	11857845
11890134	11890102
11890135	11222314
11890136	11222315
11890136	11890142
11890137	11222320
11890138	772565
11890138	3017844
11890138	3017855
11890138	3017886
11890138	6595052
11890138	6595072
11890139	2883030
11890139	11890140
11890139	11890141
11890140	11890139
11890141	11890139
11890142	11890136
11890143	3262953
11890143	11165915
11890143	11165922
11890143	11890145
11890144	61759
11890144	1291938
11890144	6403486
11890145	3262878
11890145	3262941
11890145	3262943
11890145	3262944
11890145	3262953
11890145	3985461
11890145	11165915
11890145	11165918
11890145	11165922
11890145	11890143
11890145	13669744
11890145	13669745
11890146	11888999
11890147	6271099
11890147	6274119
11890147	6355949
11890147	6529927
11890148	6271099
11890148	6274119
11890148	6355949
11890148	6529927
11890149	11222345
11890150	3920042
11890150	11222397
11890151	3920043
11890151	11222397
11890152	7253666
11890153	3920042
11890154	7253666
11890155	3920043
11890155	11890167
11890157	9796024
11890158	4961302
11890159	11222114
11890160	4961302
11890161	4961302
11890162	11222114
11890163	4961302
11890164	7406064
11890164	11926741
11890165	7406064
11890165	11926741
11890166	11748710
11890167	11890155
11890168	11748710
11890169	11890178
11890169	11890190
11890169	11890193
11890169	12026460
11890170	6887033
11890171	9149375
11890172	9149375
11890173	11406919
11890174	11406919
11890175	11406919
11890176	10216042
11890177	10216042
11890178	11890169
11890178	11890190
11890178	11890193
11890178	13759849
11890179	3904672
11890180	3904672
11890181	3904672
11890182	3904672
11890183	3904673
11890184	3904673
11890185	3904673
11890186	3904673
11890187	11244316
11890189	11888499
11890190	11890169
11890190	11890178
11890192	12541502
11890192	13288754
11890192	13288755
11890193	11890169
11890193	11890178
11890194	9237995
11890195	9237995
11890196	1148924
11890196	1148925
11890196	8955104
11890197	1148924
11890197	1148925
11890199	9237995
11890200	1702467
11890200	1703939
11890200	1704763
11890200	1705626
11890200	4868731
11890201	2377465
11890202	11890208
11890202	13748829
11890203	2377465
11890204	2377465
11890205	2377465
11890206	11028393
11890207	11028393
11890208	11890202
11890209	1841460
11890210	1841460
11890211	1841460
11890212	2502897
11890212	2730457
11890212	7108133
11890213	11222439
11890214	13103765
11890215	278263
11890215	2196916
11890216	5639111
11890218	5639111
11890219	9156221
11890220	9156221
11890221	9156221
11890222	1585184
11890223	11780272
11890224	6783829
11890226	6783829
11890227	11888467
11890227	11890228
11890227	11890255
11890228	11888467
11890228	11890227
11890228	11890255
11890229	7236043
11890229	7236044
11890230	7236043
11890230	7236044
11890231	11888467
11890232	1802772
11890232	1802794
11890232	1802937
11890232	1803232
11890232	1803234
11890233	7236043
11890233	7236044
11890234	7236044
11890235	11565441
11890235	11888451
11890235	11890241
11890235	11890242
11890236	11888451
11890236	11890241
11890236	11890242
11890236	11890373
11890239	11888358
11890240	11888358
11890241	11890235
11890241	11890236
11890242	11890235
11890242	11890236
11890243	11888330
11890243	11890251
11890244	11888330
11890244	11890251
11890244	11890252
11890244	11890368
11890245	11888307
11890245	11890246
11890245	11890250
11890246	11888307
11890246	11890245
11890246	11890250
11890246	11890366
11890246	12400095
11890246	12400096
11890246	12400097
11890247	261596
11890247	1510465
11890247	3453776
11890248	11889507
11890248	11889518
11890248	11890257
11890249	261596
11890249	1510466
11890249	3453776
11890250	11890245
11890250	11890246
11890251	11890243
11890251	11890244
11890252	11890244
11890253	11222445
11890255	11890227
11890255	11890228
11890255	11890396
11890256	11890260
11890257	11889507
11890257	11889518
11890257	11890248
11890258	9732841
11890258	10925403
11890259	11887081
11890259	11890346
11890260	11890256
11890261	11885489
11890261	11890344
11890262	11885487
11890262	11890341
11890262	13126773
11890262	13126775
11890262	13249269
11890262	13249273
11890264	11885482
11890264	11911995
11890265	11885478
11890266	11885445
11890267	11885442
11890267	11890275
11890267	11890277
11890267	11890299
11890267	11890301
11890268	11885442
11890268	11890276
11890268	11890278
11890268	11890298
11890268	11890300
11890269	11890270
11890270	11890269
11890273	11885442
11890274	11885442
11890275	11885444
11890275	11890267
11890276	11885444
11890276	11890268
11890277	11885444
11890277	11890267
11890278	11885444
11890278	11890268
11890279	11222448
11890281	11885442
11890283	8642170
11890284	10518579
11890285	11886957
11890285	11927816
11890286	11885420
11890287	11886935
11890288	11885420
11890288	12540086
11890289	11886917
11890289	11927822
11890290	10059487
11890291	6610288
11890291	11885411
11890291	11890292
11890292	6351282
11890292	7014528
11890292	11890291
11890293	5161817
11890293	11886853
11890293	11927825
11890294	3532059
11890294	11886851
11890295	58413
11890297	10059220
11890298	11885444
11890298	11890268
11890299	11885444
11890299	11890267
11890300	11885444
11890300	11890268
11890301	11885444
11890301	11890267
11890302	10059220
11890303	10059411
11890305	11890317
11890305	11890318
11890306	11885406
11890306	11890338
11890309	11221883
11890309	11222476
11890310	11221883
11890311	11885261
11890311	11885311
11890311	12593026
11890311	13496086
11890311	13496087
11890312	11890334
11890312	11890335
11890312	11890362
11890313	11885267
11890313	11885306
11890315	11890316
11890315	11890319
11890315	11890321
11890315	11890322
11890315	11890325
11890315	11890339
11890315	11890343
11890315	11890351
11890315	11890353
11890315	11890356
11890315	11890357
11890315	13195678
11890316	11890315
11890316	11890322
11890317	11890305
11890318	11890305
11890319	11890315
11890320	267833
11890321	11890315
11890321	13196570
11890322	11890315
11890322	11890316
11890323	37917
11890323	373632
11890323	432061
11890323	437985
11890323	756850
11890323	1112947
11890323	1115230
11890323	1115795
11890323	1115797
11890323	1678562
11890324	37917
11890324	373632
11890324	432061
11890324	437985
11890324	756850
11890324	1112947
11890324	1115230
11890324	1115795
11890324	1115797
11890324	1678562
11890324	12464216
11890325	11890315
11890326	12882
11890326	310640
11890326	316942
11890326	353601
11890326	825762
11890326	1080787
11890326	1766606
11890327	5729674
11890328	2329641
11890328	11890331
11890329	12882
11890329	1766608
11890329	1918346
11890329	11890680
11890329	11890686
11890329	11890687
11890329	11890688
11890331	2330949
11890331	11890328
11890332	2329641
11890333	1567755
11890334	11890312
11890335	11890312
11890336	1567755
11890336	11894279
11890337	11836025
11890338	11890306
11890339	11890315
11890340	11593428
11890341	11885488
11890341	11890262
11890342	11593428
11890343	11890315
11890344	11890261
11890345	9140031
11890346	11890259
11890346	11890756
11890347	239148
11890347	964185
11890348	9140031
11890349	10327464
11890349	11221978
11890349	11222887
11890349	11222889
11890349	11890355
11890349	12579413
11890349	12579415
11890350	11411285
11890351	11890315
11890352	709714
11890353	11890315
11890354	11857472
11890355	11890349
11890356	11890315
11890356	13195678
11890357	11890315
11890358	11857472
11890359	11223372
11890361	11223432
11890361	11223433
11890361	11223436
11890361	11223437
11890361	11223442
11890362	11890312
11890363	7751001
11890363	12832990
11890364	11223488
11890365	11223488
11890366	11890246
11890367	10059436
11890368	11890244
11890369	4496908
11890369	11223502
11890370	4496908
11890371	11886789
11890372	305781
11890372	11223511
11890373	11890236
11890374	9459590
11890375	10175200
11890376	11886744
11890377	8179260
11890377	13124469
11890379	10059436
11890380	11890385
11890381	11703467
11890382	11703467
11890384	11890020
11890385	11890380
11890386	5040926
11890386	5040938
11890386	5041189
11890386	11726257
11890387	5041189
11890388	11890006
11890389	11890006
11890391	11888524
11890391	11890392
11890391	11890393
11890392	11890391
11890393	11890391
11890394	11888480
11890394	11890420
11890394	11890421
11890395	11888473
11890395	11890419
11890396	11888467
11890396	11890255
11890399	11888459
11890399	11890417
11890400	11888419
11890400	11890403
11890402	11888396
11890403	11890400
11890403	11890744
11890404	11514254
11890405	11890406
11890406	11890405
11890407	11888305
11890407	11890414
11890409	7220603
11890410	11887025
11890410	11890416
11890411	7220603
11890412	7057695
11890413	7057692
11890414	11890407
11890416	11890410
11890417	11890399
11890418	7581775
11890419	11890395
11890420	11890394
11890421	11890394
11890422	7974975
11890422	9136949
11890422	9671815
11890422	9970353
11890422	11889446
11890422	11889450
11890422	11889457
11890422	11889498
11890422	11889512
11890423	10742114
11890424	10742114
11890425	11223512
11890425	11890445
11890426	11223512
11890427	11223512
11890428	9624001
11890428	11223522
11890429	9624001
11890429	11223522
11890430	9138413
11890431	11223609
11890432	7096198
11890433	11179565
11890434	11179565
11890435	12706642
11890435	13177827
11890435	13177828
11890436	11223610
11890437	11223610
11890438	7221993
11890439	7221993
11890440	2892450
11890440	8890868
11890440	10958130
11890440	11223711
11890441	11890449
11890441	12395859
11890441	12618470
11890442	28348
11890442	11223709
11890443	2007284
11890443	11223714
11890444	2007284
11890444	11223714
11890445	11223512
11890445	11890425
11890445	12028772
11890445	12209412
11890445	13535667
11890446	11491678
11890447	11178626
11890448	11178626
11890449	11890441
11890450	11085604
11890451	7264696
11890452	5041982
11890452	5042188
11890452	6333116
11890452	6333117
11890452	11223774
11890453	11320744
11890454	11320744
11890456	8054630
11890457	322440
11890458	1961388
11890460	11353021
11890461	11353021
11890462	11855452
11890463	11855452
11890464	9497694
11890465	9497694
11890466	10820007
11890467	11890469
11890468	11890472
11890468	11890726
11890469	11890467
11890470	8141032
11890471	8141032
11890472	11890468
11890473	13103141
11890474	11152898
11890475	11152898
11890476	12688709
11890477	11152898
11890480	12491822
11890481	11890634
11890481	11890637
11890481	11890640
11890481	11890642
11890481	11890646
11890481	11890647
11890481	11890648
11890481	11890649
11890481	11890651
11890481	11890652
11890481	11890653
11890481	12610394
11890481	12610395
11890483	9678899
11890483	9678900
11890484	13733478
11890484	13782003
11890486	9678899
11890486	9678900
11890486	11897782
11890488	12462044
11890489	11888697
11890490	12909907
11890490	12909908
11890490	12909910
11890490	13492995
11890491	11890492
11890492	11890491
11890493	11890494
11890494	11890493
11890495	11891159
11890496	11890498
11890496	11890715
11890498	11890496
11890498	12456479
11890499	11891160
11890500	9950987
11890500	12416676
11890501	11890503
11890501	11890505
11890501	11890507
11890502	12272672
11890502	12272673
11890502	12274171
11890502	12274173
11890502	12279038
11890502	12792039
11890502	13103139
11890503	11890501
11890503	11902954
11890504	11891161
11890505	11890501
11890505	11902954
11890506	11891162
11890507	11890501
11890507	11902954
11890508	11891157
11890508	13272173
11890508	13277092
11890510	12432063
11890510	13655380
11890516	11897778
11890518	12583203
11890519	13103138
11890519	13346335
11890524	10716530
11890525	13133220
11890526	8990269
11890527	10716530
11890530	13086358
11890530	13086359
11890533	11897777
11890533	11897824
11890534	8877034
11890534	8877040
11890534	8878073
11890534	12988061
11890536	2029944
11890536	11890537
11890537	2802391
11890537	11890536
11890538	11127400
11890539	11127400
11890539	12210585
11890539	12210586
11890541	12262717
11890542	11096366
11890548	11194366
11890555	11890556
11890555	11890713
11890556	11890555
11890556	11902566
11890557	6346390
11890559	11432718
11890560	11349043
11890561	11349043
11890562	6395687
11890562	6395688
11890563	13103137
11890564	6346391
11890566	11432718
11890571	11890633
11890572	11897775
11890572	11897825
11890573	13103136
11890574	9669186
11890578	11897774
11890578	12403864
11890578	13086294
11890578	13103135
11890579	9679204
11890580	11729349
11890582	11043043
11890582	12951710
11890584	10709594
11890586	11043043
11890586	12951710
11890589	13274533
11890589	13274534
11890589	13564739
11890590	13074585
11890591	11897773
11890593	11451271
11890593	11469139
11890597	2810145
11890597	5341283
11890597	11890657
11890597	11892949
11890599	11729352
11890600	12256159
11890604	11897772
11890606	11890629
11890607	277216
11890608	11729354
11890610	2186080
11890612	5915555
11890613	11729355
11890614	6511456
11890615	11055125
11890615	11902796
11890615	11902802
11890616	9427968
11890617	11729357
11890618	11890626
11890618	13001624
11890618	13001625
11890619	11890663
11890619	11890664
11890619	11890665
11890619	11890666
11890619	11890667
11890620	11890625
11890620	11890656
11890620	11890660
11890620	11890661
11890620	11890662
11890621	11729358
11890622	11729359
11890623	3684030
11890624	12542431
11890625	11890620
11890626	11890618
11890626	13001624
11890626	13001625
11890627	11888534
11890627	13506152
11890627	13506155
11890628	8882416
11890629	11890606
11890630	8808838
11890631	3104281
11890632	12550247
11890632	12550249
11890633	11890571
11890633	13616728
11890634	11890481
11890634	11890646
11890636	1256529
11890637	11890481
11890638	10921834
11890639	10921834
11890640	11890481
11890641	5015508
11890642	11890481
11890643	720482
11890644	6320174
11890644	11890706
11890645	11194285
11890646	11890481
11890646	11890634
11890647	11890481
11890648	11890481
11890648	13362819
11890649	11890481
11890650	1993047
11890651	11890481
11890652	11890481
11890653	11890481
11890653	11894940
11890654	1353792
11890655	11894936
11890656	11890620
11890657	11890597
11890657	11894947
11890658	11908209
11890659	6670339
11890660	11890620
11890661	11890620
11890662	11890620
11890663	11890619
11890664	11890619
11890665	11890619
11890666	11890619
11890667	11890619
11890669	12426767
11890669	12426768
11890669	12426769
11890670	10890987
11890671	11451433
11890672	13099493
11890673	11451433
11890675	11444459
11890675	12534051
11890676	10676034
11890678	6146077
11890679	10512697
11890679	10512698
11890680	11890329
11890680	11890686
11890681	2218258
11890682	2218258
11890683	2218258
11890684	2218258
11890685	2218258
11890686	12882
11890686	11890329
11890686	11890680
11890687	11890329
11890688	11890329
11890690	12495959
11890690	12511930
11890690	13094416
11890690	13129867
11890690	13129868
11890692	7969325
11890692	11890695
11890693	7969325
11890694	7969325
11890695	3181112
11890695	3953928
11890695	5815894
11890695	6692487
11890695	7969325
11890695	11890692
11890696	12363381
11890696	13103133
11890697	12679988
11890698	10575377
11890698	10575379
11890698	11890700
11890698	11890701
11890698	11890702
11890698	11890703
11890698	11890705
11890698	12108819
11890699	10800003
11890700	11890698
11890700	12108819
11890701	11890698
11890701	12108819
11890702	11890698
11890702	12108819
11890703	11890698
11890703	12108819
11890703	12108837
11890703	12108844
11890704	10721059
11890705	11890698
11890705	12108819
11890705	12108837
11890705	12108844
11890706	6320174
11890706	11890644
11890706	11911991
11890707	8585358
11890707	9942956
11890708	2276170
11890708	10068624
11890709	13103132
11890710	13103131
11890710	13232572
11890710	13450409
11890710	13450410
11890710	13450411
11890711	10560863
11890711	11897771
11890711	13103130
11890712	13103128
11890713	11890555
11890713	11902566
11890714	13103126
11890715	11890496
11890715	11911986
11890719	11890725
11890720	12404002
11890720	12404003
11890721	9123615
11890721	9123618
11890721	11895038
11890721	11895039
11890721	12072718
11890722	11897766
11890722	13728907
11890722	13728909
11890723	9044060
11890723	13123060
11890723	13123061
11890724	9044058
11890724	13051497
11890724	13123062
11890724	13123063
11890725	11890719
11890726	11890468
11890727	12584361
11890727	13103125
11890727	13154149
11890727	13154150
11890727	13363923
11890729	12087121
11890730	12551904
11890730	12551905
11890730	12551908
11890730	12552426
11890730	13273540
11890730	13273542
11890730	13366027
11890730	13366028
11890730	13366029
11890730	13366030
11890731	12067830
11890731	12783170
11890731	12783171
11890734	5328883
11890735	12202301
11890736	11809242
11890737	11890774
11890738	2773149
11890738	11890772
11890738	12894820
11890739	11888480
11890740	2253895
11890740	10721009
11890740	12297737
11890741	10245115
11890741	10245116
11890742	11888459
11890743	10245115
11890744	11888419
11890744	11890403
11890746	12636206
11890746	12636207
11890747	12550981
11890750	11888394
11890751	13366982
11890752	11888394
11890753	12612066
11890753	12612067
11890753	12612068
11890753	12612069
11890754	12333551
11890755	11897765
11890755	13103124
11890756	11887081
11890756	11890346
11890756	11911756
11890756	11911757
11890758	11357640
11890759	10191281
11890760	11357640
11890761	11152905
11890762	11152905
11890765	11205391
11890766	10977106
11890768	11360993
11890770	8344745
11890771	11884693
11890771	11911753
11890772	11890738
11890773	11890797
11890774	11890737
11890776	3567186
11890777	11890784
11890777	13695501
11890777	13695503
11890778	11428646
11890779	11890782
11890780	9149686
11890781	11890803
11890782	11890779
11890783	9730584
11890784	11890777
11890790	13593366
11890790	13593367
11890790	13593368
11890790	13593369
11890790	13593370
11890790	13593371
11890790	13593372
11890790	13593373
11890791	6924083
11890792	6924083
11890793	9730584
11890796	6924084
11890796	6932000
11890796	6932001
11890797	11890773
11890798	9730584
11890799	6924086
11890800	13812063
11890800	13812064
11890800	13812066
11890800	13812067
11890800	13812068
11890800	13812069
11890800	13812070
11890801	11884182
11890802	11897764
11890803	11890781
11890804	11897764
11890805	6924105
11890806	6924105
11890807	12183528
11890808	6924105
11890810	6924107
11890813	6924133
11890814	11676575
11890815	6924138
11890816	12615132
11890816	12615134
11890817	12645042
11890817	12645043
11890817	12645044
11890817	12645045
11890818	11890824
11890818	11890825
11890818	13744188
11890818	13744189
11890818	13744190
11890818	13744193
11890819	9457899
11890820	11060205
11890820	12348091
11890821	6862700
11890821	6862701
11890822	9457899
11890823	11891616
11890823	11891617
11890823	13652217
11890824	11890818
11890825	11890818
11890826	10547908
11890826	12709839
11890827	9713505
11890828	6924140
11890829	10773628
11890829	10773629
11890829	12420204
11890829	12423105
11890829	12425118
11890830	13716571
11890830	13716572
11890830	13716573
11890830	13716574
11890830	13716575
11890830	13716577
11890831	6924212
11890832	9713505
11890833	10977110
11890833	10977111
11890833	10977112
11890833	12296750
11890833	13569632
11890835	9103439
11890837	12632589
11890837	12632590
11890839	12852338
11890839	12852339
11890840	12671503
11890840	12671505
11890840	12672034
11890840	12672036
11890840	13591285
11890840	13591287
11890843	11112057
11890844	11891613
11890844	11891614
11890845	10515891
11890845	12056674
11890847	11884667
11890847	11911750
11890848	13825472
11890848	13825474
11890849	8638406
11890849	8935555
11890851	11884667
11890851	11911750
11890851	11911751
11890853	8638406
11890853	8935554
11890853	12296691
11890855	12671588
11890855	12671589
11890856	12672466
11890857	12883071
11890857	12883072
11890858	7128808
11890860	10776923
11890862	11897828
11890863	12051677
11890863	12051678
11890866	12641362
11890866	12641363
11890867	12616626
11890867	12616627
11890867	12616628
11890868	12686023
11890868	12686024
11890868	12686025
11890868	12686026
11890870	12412992
11890871	12663139
11890871	12663140
11890872	11630553
11890875	12720094
11890875	12720096
11890875	13313044
11890875	13313045
11890875	13313046
11890875	13313047
11890876	13234550
11890876	13234551
11890876	13234552
11890876	13234553
11890878	12626991
11890880	13103123
11890880	13196312
11890880	13363922
11890882	12585046
11890882	12585048
11890882	12585049
11890882	12585050
11890883	10021533
11890883	10021534
11890883	12541591
11890883	12541592
11890884	12653330
11890884	12653331
11890886	12630537
11890886	12630538
11890886	12630539
11890886	12630540
11890887	12635228
11890887	12635229
11890887	12635231
11890887	12635232
11890887	12635233
11890887	12635234
11890888	12720750
11890888	12720751
11890888	12720752
11890888	12720753
11890890	11906756
11890892	11897755
11890892	11897826
11890892	11897828
11890894	12706592
11890894	12706593
11890894	12706595
11890894	12706596
11890895	12627483
11890895	12627484
11890895	12627485
11890895	12627486
11890895	12627489
11890895	12627492
11890897	6924266
11890898	12428369
11890898	12428380
11890898	12428381
11890900	13403764
11890900	13403765
11890900	13403766
11890901	11897753
11890901	11897754
11890902	11077611
11890902	11077612
11890903	12642187
11890903	12642189
11890903	12642190
11890905	10823153
11890905	12708152
11890905	12708153
11890905	12708155
11890905	12708157
11890906	5033420
11890908	1686487
11890908	1687245
11890908	1709698
11890908	2868572
11890911	11804049
11890912	12975832
11890912	12975833
11890912	12975834
11890912	12975835
11890913	11804049
11890917	2608938
11890917	2608941
11890917	11891608
11890917	11891609
11890919	13629695
11890920	9440499
11890921	13063540
11890921	13063541
11890921	13063542
11890921	13063543
11890921	13063544
11890921	13063546
11890921	13464917
11890921	13464919
11890921	13464920
11890921	13464921
11890921	13464922
11890923	11890930
11890923	11890933
11890926	11884542
11890926	11911592
11890926	11911593
11890928	3519408
11890928	3519409
11890928	11891610
11890928	11891611
11890928	12584489
11890928	12584491
11890928	12584492
11890928	12584493
11890929	11891610
11890929	11891611
11890930	11890923
11890931	12598162
11890931	12598163
11890931	12598164
11890932	11884539
11890932	11911591
11890932	12557447
11890933	11890923
11890934	7780135
11890934	11884536
11890934	11911581
11890937	12742348
11890937	12742349
11890938	12986339
11890938	12986340
11890939	12683659
11890939	12683660
11890941	4445383
11890941	5685498
11890941	13142429
11890942	13450592
11890942	13450593
11890942	13450595
11890942	13450596
11890942	13623076
11890943	12744599
11890943	12744600
11890946	12620495
11890946	12620496
11890947	4163546
11890953	10040492
11890955	12923643
11890955	12923644
11890955	12923645
11890955	12923646
11890955	12923647
11890956	6349721
11890957	12623059
11890957	12623060
11890957	12623062
11890957	12623063
11890958	6439759
11890960	12152309
11890960	12201947
11890960	12201949
11890961	6272572
11890962	12726497
11890962	12726498
11890962	12726499
11890962	12726500
11890963	7160442
11890965	2044704
11890969	1029296
11890970	10505059
11890971	3875703
11890971	11897747
11890972	12332179
11890973	13274632
11890973	13274635
11890976	11904904
11890979	13092746
11890979	13801247
11890979	13801250
11890981	11903010
11890995	11899321
11890995	12151140
11890995	13248138
11890995	13248146
11890999	11899317
11891000	11899319
11891000	13248144
11891000	13248145
11891001	12362745
11891008	13199047
11891008	13199051
11891009	11903430
11891011	11899326
11891015	5479227
11891015	5479931
11891015	5479941
11891015	5479946
11891015	5479952
11891015	11891205
11891015	12511925
11891017	13192268
11891018	9441884
11891021	9441884
11891023	9299504
11891024	9216158
11891025	9216158
11891026	9216158
11891029	8739741
11891030	8739741
11891032	2484453
11891032	7354027
11891032	13474904
11891033	12746058
11891033	12746086
11891033	12871827
11891033	13092745
11891034	12895819
11891036	9511984
11891037	8796952
11891038	11897745
11891038	12238308
11891039	11186929
11891040	9160632
11891041	9160632
11891042	9160632
11891043	9160632
11891044	8190470
11891045	8190470
11891046	8190470
11891048	8190470
11891052	9067376
11891054	9067376
11891055	13039551
11891057	7984284
11891058	7984284
11891060	11366231
11891062	11366231
11891064	8153540
11891065	8153540
11891068	7144467
11891069	7144467
11891071	8324053
11891073	11405880
11891075	11405880
11891076	9448063
11891077	7890068
11891078	7890068
11891080	11311349
11891081	11311349
11891081	11987029
11891083	11311349
11891085	7890070
11891087	7890070
11891089	287637
11891089	1886702
11891092	11311358
11891093	11311358
11891097	11376303
11891097	13278582
11891100	1519849
11891100	12147628
11891100	12147630
11891101	10065793
11891105	622033
11891105	1399298
11891105	12414917
11891105	12578864
11891108	11308873
11891111	10251053
11891114	9378325
11891116	11897742
11891117	9378325
11891120	9533449
11891121	7561413
11891122	8166908
11891123	9472137
11891125	9495313
11891126	9495313
11891127	8129287
11891128	8214049
11891130	8214049
11891131	7887891
11891132	11904902
11891134	11904900
11891135	7416707
11891136	11903006
11891136	11903007
11891137	7416707
11891139	7464882
11891140	11903008
11891141	11891193
11891141	12495958
11891141	12511928
11891141	12511929
11891141	13077821
11891141	13077822
11891141	13077824
11891141	13077826
11891141	13077827
11891141	13077828
11891141	13092744
11891141	13220704
11891142	2208529
11891143	11903005
11891145	316288
11891146	258884
11891147	5904683
11891148	2544449
11891148	2616030
11891148	2618883
11891148	2618884
11891148	3611750
11891148	3611751
11891148	10169705
11891149	11903004
11891149	11904888
11891149	11904892
11891149	11904897
11891149	11904898
11891150	11889696
11891151	8818206
11891151	8854532
11891152	11891191
11891152	11891192
11891152	13092743
11891154	9594219
11891155	10633459
11891156	11044896
11891157	11890508
11891158	7151656
11891159	11890495
11891160	11890499
11891161	11890504
11891162	11890506
11891163	9573194
11891164	2172577
11891165	10098761
11891166	10071125
11891167	8975223
11891167	13622415
11891168	11891189
11891168	11891190
11891169	7459037
11891170	7464882
11891171	219978
11891172	11438412
11891173	982407
11891175	9527728
11891176	11891187
11891176	11891188
11891177	9679021
11891178	4563341
11891178	11926742
11891179	13109768
11891179	13109769
11891180	11891186
11891180	12409591
11891181	11042479
11891181	11891184
11891181	13063042
11891181	13537208
11891182	11042479
11891182	11891185
11891182	12130416
11891183	10984944
11891183	11897739
11891183	13556561
11891184	11891181
11891185	11891182
11891186	11891180
11891187	11891176
11891188	11891176
11891189	11891168
11891190	11891168
11891191	11891152
11891192	11891152
11891193	11891141
11891193	13077822
11891194	11873858
11891195	11873860
11891196	11873918
11891197	2406650
11891197	8399124
11891197	12681917
11891198	2406664
11891199	2406664
11891199	5166583
11891200	2406664
11891201	2406669
11891202	3911952
11891203	3911952
11891204	4496044
11891205	11891015
11891205	12511925
11891206	11891207
11891207	11891206
11891208	4498595
11891209	4499909
11891209	13819167
11891209	13819343
11891210	4499909
11891210	13819167
11891210	13819344
11891211	5334030
11891212	853497
11891214	827295
11891214	855463
11891215	857437
11891215	5685285
11891215	12177765
11891215	12188203
11891216	857445
11891218	5792355
11891219	5737191
11891220	5737191
11891221	1221203
11891222	5737191
11891223	5737191
11891224	435575
11891224	1338404
11891225	13424971
11891226	1338761
11891227	1340839
11891227	13477340
11891228	5902897
11891230	11729360
11891231	11891237
11891232	1430886
11891233	1430934
11891233	12531237
11891233	12531238
11891234	11891259
11891235	1430958
11891235	12559401
11891236	1430963
11891236	1430964
11891236	12349963
11891237	11891231
11891238	1430989
11891239	11897735
11891239	13092741
11891239	13441848
11891240	1431004
11891240	1431005
11891241	11729361
11891242	1431064
11891244	11874295
11891245	11874295
11891246	9171373
11891246	10719449
11891247	11874296
11891249	11874296
11891250	11873988
11891251	11873988
11891253	11873988
11891254	11873988
11891255	11874434
11891256	11874301
11891257	11729362
11891258	11874301
11891259	11891234
11891260	11874443
11891261	11875144
11891261	12597915
11891261	12597916
11891262	11875144
11891262	12597915
11891262	12597916
11891263	11877732
11891264	11885720
11891265	1318771
11891266	11729363
11891267	11891269
11891268	12511927
11891268	12892109
11891269	11891267
11891270	650958
11891271	650928
11891272	5958404
11891272	8836512
11891273	5958404
11891273	8836512
11891274	6033432
11891275	11170537
11891276	6033432
11891277	6033432
11891278	6033432
11891279	1318686
11891280	8403534
11891281	6964731
11891282	11891297
11891283	8833730
11891284	8911468
11891285	11875142
11891286	1448325
11891287	11875142
11891288	11875142
11891289	11875142
11891291	11875142
11891292	11875142
11891293	650997
11891294	625437
11891295	10625363
11891296	1455963
11891297	11891282
11891298	1962118
11891299	2406639
11891299	2416151
11891299	12558204
11891300	1416951
11891301	11891318
11891302	2406640
11891303	2406656
11891304	2406656
11891304	2415413
11891305	966240
11891306	2406656
11891306	2415413
11891307	2805327
11891308	2805327
11891309	3419690
11891310	1455919
11891311	3434347
11891312	3434347
11891313	11729364
11891314	3434347
11891315	3434347
11891316	1432780
11891317	3823732
11891318	11891301
11891319	3619574
11891320	3619574
11891321	1422839
11891322	11891351
11891323	11891325
11891323	11891329
11891324	1431393
11891325	11891323
11891326	1449458
11891326	12407362
11891326	12407363
11891327	11729365
11891328	1424955
11891329	11891323
11891330	8903413
11891331	1431575
11891332	11729368
11891333	5916840
11891334	5916840
11891335	5916840
11891336	11891344
11891336	11891345
11891337	5916840
11891338	5916840
11891339	5916840
11891340	5938422
11891341	5916207
11891341	6220784
11891341	13666185
11891341	13666186
11891342	6033370
11891343	11729369
11891344	11891336
11891345	11891336
11891346	2642
11891346	12168114
11891347	330098
11891347	12177766
11891349	332227
11891349	12177767
11891350	6271611
11891351	11891322
11891352	11729370
11891353	337088
11891353	12177768
11891354	6264593
11891355	12947113
11891356	339334
11891357	6272619
11891358	339976
11891359	7112945
11891360	373297
11891360	12177770
11891360	12689309
11891361	10505479
11891361	11891381
11891361	11891393
11891362	7766478
11891363	8212333
11891364	8212360
11891364	9748919
11891364	9773297
11891365	8379960
11891366	8212362
11891367	8405615
11891368	8405615
11891369	8405615
11891370	8405615
11891371	8405615
11891372	13130172
11891373	8405615
11891374	8404502
11891375	8403857
11891376	8403857
11891377	8388653
11891378	8423476
11891379	9222919
11891380	10363080
11891381	11891361
11891381	12299507
11891381	13268225
11891382	10363080
11891383	10540300
11891384	10540300
11891385	11986784
11891387	10540300
11891388	10540300
11891389	10540301
11891390	11891392
11891390	12507497
11891390	12507499
11891390	12747615
11891390	12747617
11891391	10540301
11891392	11891390
11891392	12747617
11891393	11891361
11891394	6717749
11891395	8197008
11891397	11897733
11891398	11729371
11891399	11891402
11891400	11053666
11891401	11266538
11891402	11891399
11891403	11404410
11891404	11874416
11891405	11874416
11891406	11891415
11891407	11874431
11891408	11874432
11891409	11874436
11891410	11874436
11891411	11729372
11891412	11874444
11891413	11874444
11891414	11874454
11891415	11891406
11891415	13158088
11891416	11874460
11891417	3426012
11891418	10687561
11891418	10778611
11891418	11891423
11891419	3787527
11891420	3787528
11891421	11729373
11891422	3787518
11891423	11891418
11891423	13761916
11891423	13789872
11891424	3791633
11891424	3794759
11891425	3791633
11891425	3794759
11891426	3791633
11891426	3794759
11891427	3791633
11891427	3794759
11891429	3794765
11891430	1366516
11891431	1469144
11891432	3787582
11891432	4785706
11891433	3787582
11891434	3794734
11891436	3794762
11891437	4059084
11891438	250209
11891438	1166053
11891440	250209
11891441	11729374
11891442	250209
11891443	250209
11891444	250209
11891445	250209
11891446	250209
11891447	250209
11891448	250209
11891449	250209
11891451	3765109
11891452	11729375
11891453	2236216
11891454	11895820
11891455	2236217
11891456	1370627
11891457	1370627
11891458	2236218
11891459	45152
11891460	1841661
11891461	2236219
11891462	1841661
11891463	2236219
11891464	5827424
11891465	6382892
11891466	9113610
11891467	9113610
11891469	2236220
11891470	9171373
11891471	9190640
11891471	11883464
11891472	9190640
11891473	2236220
11891474	2236220
11891475	2236220
11891476	3794742
11891477	3791558
11891477	3794796
11891478	3794825
11891479	2236221
11891480	3786167
11891480	3787478
11891481	3786167
11891481	3787478
11891482	2236221
11891483	3786167
11891484	3786167
11891485	3786167
11891486	3786167
11891487	2236222
11891488	2236223
11891489	2236223
11891490	11877733
11891492	11878259
11891493	11878259
11891494	11878259
11891495	1139329
11891496	4950739
11891497	4950739
11891498	4971281
11891499	2236225
11891500	5633166
11891501	5633166
11891502	5827420
11891503	5827433
11891504	2236226
11891505	5915618
11891506	2236226
11891507	5909649
11891508	5915742
11891509	5916081
11891510	2236227
11891511	5916651
11891512	2236227
11891513	2406682
11891514	2406684
11891514	2415401
11891515	2952443
11891516	2236228
11891517	2236228
11891518	3162128
11891519	3330291
11891520	3330293
11891521	2236229
11891522	2236230
11891523	2236231
11891525	2236232
11891526	2236233
11891527	2236234
11891528	2236235
11891529	2236236
11891530	2236237
11891531	2236238
11891532	2236239
11891533	2236239
11891534	11897730
11891534	12918382
11891534	13092740
11891535	2236240
11891536	2236241
11891537	2236242
11891538	3618494
11891539	3818497
11891540	3821023
11891541	1095730
11891541	1141177
11891541	2236243
11891542	3821023
11891543	3821549
11891544	2236244
11891545	3911158
11891546	3911158
11891547	3911158
11891548	3911158
11891549	5217318
11891550	5831692
11891551	10001222
11891552	9695296
11891553	10752644
11891553	12296677
11891554	8247105
11891555	8247105
11891556	8976369
11891557	10795612
11891558	4723427
11891559	4486930
11891560	10505710
11891561	10510721
11891561	10510723
11891562	12198790
11891562	12198791
11891562	12198792
11891562	12283247
11891563	10510857
11891564	10688534
11891565	10688534
11891566	11864712
11891567	10510721
11891567	10510723
11891568	10510721
11891569	11897256
11891569	12015103
11891570	10510857
11891571	13092739
11891571	13347637
11891571	13359744
11891571	13633351
11891572	11800891
11891574	6142539
11891575	10245075
11891575	10245077
11891576	11800891
11891577	11790350
11891578	11790345
11891579	6602048
11891580	22451
11891581	11790284
11891582	11746118
11891583	11746118
11891584	10191195
11891585	11066206
11891585	13319178
11891586	690124
11891587	906887
11891587	2561064
11891587	12296768
11891588	11730828
11891589	9433569
11891589	11891840
11891589	11891843
11891589	12292948
11891590	11855702
11891591	11855702
11891592	11945251
11891592	13003803
11891593	8826685
11891593	13135578
11891594	11616791
11891594	11891596
11891594	12295142
11891594	12621692
11891595	8296091
11891596	11891594
11891597	12006330
11891599	12855411
11891600	10778444
11891601	10209430
11891601	13145962
11891602	10209430
11891602	13145962
11891603	9472675
11891603	12013062
11891604	9472675
11891605	8983656
11891606	9981358
11891606	12159169
11891607	10505991
11891607	10505993
11891608	11890917
11891609	11890917
11891610	11890928
11891610	11890929
11891611	11890928
11891611	11890929
11891612	3371971
11891612	5344242
11891612	5344244
11891612	11879166
11891612	11939900
11891613	11890844
11891613	13145210
11891614	11890844
11891616	11890823
11891617	11890823
11891618	12441662
11891619	16559
11891619	1824500
11891622	11915380
11891630	11915379
11891632	11907429
11891632	11907430
11891632	11907431
11891632	11907432
11891632	11907433
11891632	11907434
11891632	11907435
11891632	11907436
11891632	12236594
11891632	12236595
11891632	13345658
11891632	13345659
11891632	13345660
11891637	13510863
11891641	12611936
11891641	12611937
11891641	12611938
11891641	12611939
11891641	12611941
11891641	12611942
11891644	11911758
11891644	11911759
11891644	11911760
11891644	11911761
11891644	12083949
11891644	12476126
11891644	12476127
11891647	12157014
11891664	11964477
11891674	13437084
11891679	12690842
11891679	12690843
11891679	12690844
11891687	7501719
11891687	7502505
11891710	12549037
11891710	12549038
11891710	12549039
11891721	7536336
11891721	9260013
11891721	12376950
11891721	12376951
11891723	11901797
11891726	12729900
11891726	12729901
11891726	12729902
11891735	11985824
11891742	13345321
11891742	13345323
11891742	13345325
11891742	13345326
11891742	13345328
11891742	13345331
11891744	12204439
11891755	12639638
11891755	12639640
11891755	12639642
11891755	12639650
11891755	12639654
11891755	12639656
11891755	12639658
11891764	12657149
11891764	12657150
11891764	12657151
11891764	12657152
11891770	12661665
11891774	12605551
11891774	12605553
11891774	12605554
11891786	11975050
11891797	11893085
11891797	11893086
11891797	11893087
11891797	11893088
11891800	11901280
11891800	11901281
11891800	11901282
11891800	11901283
11891800	13353464
11891800	13353465
11891800	13353467
11891801	11215263
11891801	11215264
11891807	11891808
11891807	11891809
11891807	12459848
11891808	11891807
11891808	12459848
11891809	11891807
11891809	12459848
11891810	12278943
11891810	12289323
11891810	12335192
11891813	12591681
11891813	12591682
11891813	12591683
11891818	13418192
11891818	13418193
11891818	13418195
11891820	12035943
11891820	12035944
11891820	12035945
11891820	12035946
11891820	12035948
11891820	12035949
11891821	8519934
11891824	1599166
11891824	1599167
11891824	1599169
11891824	1599170
11891824	1599171
11891824	1599172
11891824	11976318
11891826	8519934
11891840	11891589
11891843	11891589
11891848	22451
11891851	22451
11891856	12183301
11891859	12455295
11891860	22451
11891869	12603064
11891869	12603065
11891869	12603066
11891869	12603067
11891869	12603068
11891872	12401467
11891880	12655806
11891880	12655807
11891880	12655808
11891881	11917105
11891889	11967116
11891900	11967408
11891903	11985825
11891907	11964299
11891907	12393746
11891908	11919951
11891908	11919952
11891908	11919953
11891908	11919954
11891913	12006603
11891917	11930259
11891917	11930260
11891921	12616817
11891921	12616818
11891921	12616819
11891921	12616820
11891921	12616821
11891921	12616822
11891921	13603432
11891921	13603433
11891921	13603434
11891926	928296
11891926	11447117
11891926	11447121
11891926	12650523
11891926	12650527
11891926	12650574
11891932	12083489
11891940	12666899
11891940	12666900
11891940	12666902
11891944	12610123
11891944	12610124
11891951	11911097
11891951	11911098
11891951	11911099
11891951	11911100
11891952	4550056
11891952	11223780
11891958	12362979
11891961	13354369
11891961	13354370
11891961	13354371
11891973	3600717
11891973	11223798
11891977	5983872
11891977	11223801
11891984	12460254
11891984	12460255
11891994	12968037
11892002	12017652
11892003	12742378
11892016	12616854
11892016	12616855
11892016	12616856
11892017	13389799
11892017	13389800
11892017	13389801
11892027	13046046
11892027	13046047
11892027	13046049
11892027	13046051
11892032	12067838
11892036	12478174
11892038	11966648
11892038	11966649
11892038	13134179
11892038	13134180
11892046	4494006
11892046	4683223
11892046	5076713
11892046	6797550
11892046	12059678
11892049	12160699
11892059	12603076
11892081	13726375
11892086	11974613
11892089	13353960
11892096	13420781
11892096	13420782
11892112	13345445
11892112	13345446
11892112	13345447
11892113	4645105
11892115	13421394
11892115	13421395
11892115	13421396
11892115	13753332
11892116	12742279
11892116	12742280
11892116	12742281
11892116	12742282
11892116	12742283
11892116	12742284
11892117	11892124
11892122	11903186
11892124	11113302
11892124	11892117
11892124	13363106
11892127	11892133
11892133	11892127
11892135	10741815
11892139	13703150
11892150	13237892
11892151	10735170
11892153	13366675
11892156	10943523
11892160	10326724
11892167	10734590
11892171	12671171
11892171	12671172
11892171	12671174
11892173	12669110
11892173	12669111
11892173	12669113
11892174	8854598
11892175	12612647
11892177	7864420
11892177	7869779
11892177	7870149
11892177	12171087
11892177	12178966
11892177	12226152
11892177	12236276
11892177	12299860
11892177	12299862
11892177	12299863
11892177	12299864
11892177	12300353
11892177	12300354
11892177	12300363
11892177	12881665
11892177	13092738
11892177	13567100
11892177	13568349
11892177	13568351
11892177	13568355
11892177	13577614
11892177	13577617
11892177	13578827
11892177	13619727
11892177	13619728
11892177	13628470
11892178	12404510
11892181	10677880
11892187	10740397
11892194	3670230
11892195	11985826
11892198	13155273
11892199	11978874
11892201	12018250
11892206	12524039
11892207	10741871
11892210	1242386
11892210	10992952
11892210	11619148
11892210	11734874
11892210	12092415
11892210	12092416
11892210	12380113
11892210	12380115
11892213	12564313
11892213	12564314
11892214	13527722
11892219	12190429
11892225	12631476
11892225	12631477
11892225	12631479
11892225	12631511
11892225	12632159
11892225	12632160
11892235	13287092
11892235	13287093
11892235	13287094
11892248	12647093
11892248	12647094
11892248	12647095
11892251	13750683
11892252	11046078
11892253	11927887
11892253	11927888
11892253	11927889
11892253	11927890
11892253	13750675
11892259	11967130
11892263	11290905
11892271	10734844
11892279	11727607
11892282	12633263
11892282	12633264
11892282	12633265
11892286	12297979
11892286	12297980
11892290	11550737
11892292	11976335
11892299	9296809
11892303	12046312
11892303	12046313
11892303	12046314
11892303	12046315
11892305	11997241
11892307	11941784
11892307	11941786
11892307	12143444
11892308	12594524
11892308	12594525
11892308	12594526
11892314	12779821
11892314	12779823
11892314	12779824
11892318	7948430
11892328	7107966
11892328	7108206
11892328	11894427
11892328	11894430
11892330	12549011
11892330	12549012
11892330	12549013
11892332	11985827
11892334	12883090
11892334	12883092
11892334	12883093
11892339	13438365
11892339	13438366
11892339	13438369
11892340	1582990
11892340	7698914
11892340	11606168
11892340	11606633
11892340	11894416
11892351	11892364
11892352	12765991
11892354	12478175
11892354	12478810
11892354	12478811
11892354	12478838
11892354	12478839
11892354	12478840
11892356	1554059
11892364	11892351
11892373	12616530
11892373	12616531
11892377	10648022
11892377	11894402
11892377	11894403
11892383	3661781
11892384	13541319
11892385	11906779
11892391	12393745
11892408	12456287
11892408	12456288
11892408	12478329
11892408	12478585
11892408	12478586
11892410	13154464
11892414	12232736
11892420	11898914
11892420	11898915
11892420	11898916
11892420	11898917
11892421	12626824
11892421	12626825
11892421	12626826
11892433	12258229
11892449	12627393
11892449	12627396
11892449	12627397
11892457	13392834
11892457	13392835
11892460	11913750
11892460	11913751
11892460	11913753
11892460	11913754
11892460	11913757
11892460	11913758
11892476	12986322
11892479	13177820
11892479	13177821
11892479	13177822
11892480	12566834
11892480	12566835
11892480	12566836
11892480	12566837
11892490	13810002
11892491	12555106
11892491	12686212
11892491	12686214
11892491	12686215
11892491	12686216
11892497	11898831
11892497	11898832
11892497	11898833
11892497	11898834
11892497	11898836
11892497	11898838
11892508	13178932
11892508	13179006
11892508	13179007
11892510	12998642
11892517	12143445
11892517	12143447
11892517	12477229
11892517	12477230
11892517	12477231
11892521	13345292
11892521	13345293
11892521	13345294
11892525	11925786
11892525	11925787
11892525	11925788
11892525	11925790
11892525	11925791
11892525	11925792
11892525	11925793
11892525	11925794
11892526	12632684
11892526	12632685
11892526	12632686
11892527	13733250
11892527	13733284
11892527	13733285
11892530	12597313
11892530	12597314
11892530	12597315
11892530	12597316
11892536	13395316
11892538	12635271
11892538	12635272
11892538	12635273
11892538	12635274
11892541	13337773
11892542	10146629
11892542	12659487
11892542	12659489
11892542	12659490
11892542	13650552
11892545	12542999
11892545	13121858
11892545	13121859
11892545	13121860
11892545	13175349
11892550	12561533
11892550	12561534
11892550	12561535
11892550	13515249
11892567	11963916
11892567	11963917
11892567	12791570
11892568	12791582
11892568	12791583
11892583	12661729
11892583	12661730
11892583	12661731
11892583	12661736
11892590	944927
11892590	6751074
11892592	13640252
11892594	12560694
11892594	12560695
11892594	12560696
11892594	12560697
11892594	12560698
11892594	12560699
11892598	13427467
11892598	13427468
11892598	13427469
11892602	13323131
11892602	13323132
11892602	13323133
11892609	11997123
11892626	12667070
11892626	12667071
11892626	12667072
11892627	12685244
11892629	13389554
11892630	12726080
11892638	12726107
11892649	8093785
11892651	8093785
11892653	8093785
11892658	8093785
11892664	8093785
11892665	8093785
11892671	13552138
11892679	6469179
11892680	6469179
11892687	9419444
11892690	11897727
11892690	12566364
11892693	1074084
11892693	12257894
11892693	12257897
11892695	1074084
11892695	12257893
11892696	12641218
11892696	12641219
11892697	11936841
11892697	11936842
11892697	11936843
11892697	11936844
11892697	11936845
11892697	11936847
11892697	11936848
11892697	11936849
11892698	2960514
11892705	6242947
11892707	6242947
11892711	11976341
11892719	12628353
11892719	12628354
11892719	12628355
11892720	11958288
11892720	11958289
11892721	12394821
11892721	12394822
11892721	12394823
11892721	13178268
11892728	12046316
11892728	12046318
11892728	12046320
11892728	12046321
11892728	12046323
11892728	12046324
11892728	12046325
11892728	12046326
11892734	12856011
11892741	12567831
11892741	12567833
11892741	12567835
11892741	13709632
11892741	13709633
11892743	12057788
11892743	12358703
11892753	12672364
11892753	12672366
11892753	12672367
11892757	13345655
11892757	13345656
11892757	13345657
11892765	12190023
11892770	11723265
11892773	11976344
11892774	12725175
11892774	12725176
11892774	12725177
11892774	12725178
11892774	12725179
11892774	12725180
11892777	12612407
11892777	12612408
11892777	12612409
11892778	10229948
11892778	12173236
11892778	12515725
11892778	13677854
11892778	13677855
11892779	12683610
11892779	12683611
11892779	12683612
11892779	13409390
11892779	13409400
11892782	12116280
11892783	12896273
11892786	11723275
11892793	12045605
11892799	13132763
11892799	13141671
11892803	7070761
11892804	12513592
11892807	7070761
11892812	11964541
11892812	11964542
11892818	12363247
11892818	12363249
11892821	13125144
11892821	13541738
11892825	12905701
11892827	13657039
11892830	12909732
11892830	12909745
11892830	12909746
11892830	12909747
11892849	13107948
11892849	13107949
11892849	13107950
11892851	12595976
11892852	12654575
11892864	13287088
11892864	13287089
11892864	13287091
11892864	13322325
11892868	13003406
11892868	13003407
11892868	13003409
11892870	13409286
11892876	11188082
11892878	11895922
11892879	12695721
11892879	12695723
11892884	4660405
11892889	3310780
11892889	11188036
11892889	13637648
11892889	13637650
11892889	13637775
11892889	13639635
11892889	13639638
11892890	12336130
11892895	10662091
11892895	11894595
11892898	11188029
11892900	6898379
11892900	11188029
11892913	11368496
11892913	11892997
11892916	11368496
11892916	11892997
11892916	11893000
11892916	13055841
11892916	13055842
11892916	13055843
11892918	11892993
11892918	11892994
11892921	12551361
11892921	12551362
11892921	12551363
11892928	1369858
11892928	9633022
11892929	12494944
11892930	12538982
11892930	12660573
11892930	12660575
11892930	12660576
11892934	12172690
11892943	6399521
11892943	9676301
11892943	12085008
11892943	12296047
11892947	12661859
11892947	12661860
11892947	12661861
11892949	2810021
11892949	2810029
11892949	2907364
11892949	3744162
11892949	5341283
11892949	11890597
11892949	13814256
11892953	12541120
11892957	11892963
11892957	11892970
11892963	11892957
11892964	7909971
11892964	11380197
11892964	11437034
11892964	11892971
11892965	11188023
11892965	11188025
11892965	11892982
11892970	11892957
11892971	7909971
11892971	11437034
11892971	11892964
11892971	11893026
11892979	13313472
11892979	13313473
11892979	13313474
11892982	11188023
11892982	11188025
11892982	11892965
11892982	11894629
11892982	13101111
11892985	12605650
11892985	12605651
11892992	12172328
11892993	11892918
11892994	11892918
11892996	13037572
11892997	11892913
11892997	11892916
11893000	11892916
11893004	11893031
11893004	11893052
11893004	12030918
11893006	12876894
11893006	12876896
11893011	12596499
11893011	12596500
11893015	12649873
11893015	12649874
11893015	12649875
11893020	11893082
11893020	11893102
11893020	11894556
11893020	11894574
11893026	11892971
11893031	11893004
11893036	12143449
11893041	13298007
11893042	12650054
11893042	12650057
11893042	12650059
11893043	12312157
11893052	11893004
11893053	12779805
11893054	11897683
11893055	11975052
11893058	12262444
11893062	11964505
11893062	11964506
11893062	11964508
11893062	11964509
11893062	11964511
11893062	11964512
11893062	11964513
11893062	11964514
11893062	11964515
11893062	11964516
11893062	11964517
11893062	11964518
11893063	13232317
11893063	13345442
11893063	13345443
11893063	13345444
11893065	12572220
11893065	12572222
11893065	12572223
11893075	12414166
11893075	12414167
11893075	12414168
11893075	12414169
11893075	13208695
11893076	11681431
11893077	11709782
11893078	11709754
11893079	11847389
11893080	11176872
11893081	11709757
11893082	11893020
11893083	11743642
11893084	11209693
11893085	11891797
11893086	11891797
11893087	11891797
11893088	11891797
11893089	11753605
11893090	11753605
11893091	8257096
11893092	8257096
11893093	9128387
11893094	8257096
11893095	9804288
11893096	9804288
11893097	9804356
11893098	9804356
11893100	285315
11893101	3821669
11893101	11018436
11893102	11893020
11893103	8518897
11893104	2953891
11893104	12658266
11893105	11188019
11893106	9257743
11893107	9804356
11893108	9804356
11893109	9958749
11893110	9257743
11893111	9958749
11893112	3278266
11893113	9958750
11893114	9958750
11893115	11186585
11893116	10020371
11893117	10020371
11893118	11186580
11893119	3910206
11893120	11186580
11893121	12631002
11893122	13729634
11893124	3903195
11893125	11370301
11893126	11901673
11893127	11370301
11893128	11370301
11893129	11370301
11893130	11484007
11893131	11484007
11893134	4471554
11893134	11184906
11893134	11185203
11893134	12574523
11893135	11893143
11893137	11650371
11893138	11650371
11893139	11184919
11893139	11185201
11893140	11663009
11893141	11663009
11893142	5422997
11893142	11897725
11893143	11893135
11893144	11184714
11893144	11185184
11893145	11663009
11893146	11663009
11893147	11897724
11893147	12414362
11893148	132712
11893149	8546753
11893149	11893157
11893149	11893158
11893150	9210248
11893150	11184923
11893150	11185181
11893150	13294142
11893150	13294143
11893151	9210248
11893151	11184923
11893151	11185181
11893152	11184923
11893153	11184923
11893154	4002633
11893154	4002634
11893154	6136367
11893155	11184940
11893155	11185166
11893156	2640650
11893156	11893183
11893156	11893185
11893157	8546753
11893157	11893149
11893158	8546753
11893158	11893149
11893159	9543832
11893159	11893179
11893159	12548144
11893161	5215316
11893161	11185118
11893162	7476828
11893162	11185113
11893163	887570
11893163	1358006
11893164	7476828
11893164	11185113
11893165	292842
11893165	11893181
11893166	11893167
11893167	11893166
11893168	11681991
11893169	11681991
11893170	11693146
11893171	11693146
11893172	11693146
11893173	11693146
11893174	11505150
11893174	11893177
11893174	11894178
11893175	11693146
11893176	11693146
11893177	11893174
11893178	3177844
11893179	11893159
11893180	10867687
11893180	11893200
11893181	11893165
11893182	11893186
11893183	2640650
11893183	11893156
11893184	63449
11893185	2640650
11893185	11893156
11893186	11893182
11893187	11703682
11893188	11703682
11893189	11754706
11893190	11754706
11893191	11754766
11893192	11754766
11893193	11769204
11893194	11769204
11893195	11769204
11893196	11769204
11893197	11793367
11893198	11793367
11893199	11846979
11893200	10867687
11893200	11893180
11893201	11846979
11893202	11869175
11893203	11869175
11893204	11887522
11893205	11887522
11893206	11887522
11893207	11887522
11893208	11887522
11893209	11887522
11893210	11887522
11893211	11887522
11893212	11823787
11893212	11885600
11893212	13241078
11893213	3857540
11893214	3857540
11893215	11823787
11893216	3857540
11893217	3857540
11893218	3857540
11893219	3857540
11893220	3857540
11893221	3857540
11893222	3881519
11893223	3881519
11893224	3881519
11893225	3881519
11893226	8186114
11893226	11893355
11893227	7860068
11893228	7860068
11893229	8175529
11893230	8175529
11893231	8175529
11893232	8175529
11893233	8251488
11893234	8251488
11893235	8257023
11893236	8257023
11893237	11897723
11893238	8257039
11893239	8257039
11893240	8257039
11893241	8257039
11893242	8257052
11893242	8257217
11893243	8257052
11893243	8257217
11893243	11430971
11893244	8257054
11893244	12188641
11893245	8257054
11893247	8257066
11893248	8257066
11893249	12715899
11893250	12319104
11893250	12319110
11893251	8257066
11893252	8257066
11893253	8257078
11893254	8257078
11893255	8257141
11893256	8257141
11893257	8257146
11893258	8257146
11893259	8257146
11893260	8257146
11893261	8257152
11893262	8257152
11893263	11860106
11893264	8257154
11893265	8257154
11893266	8257154
11893269	8257154
11893270	8257182
11893271	8257182
11893272	8257182
11893273	10899695
11893274	5024668
11893275	8257182
11893276	5024668
11893277	816868
11893277	3314421
11893277	8257200
11893277	8475553
11893278	11893469
11893278	11893470
11893278	11896132
11893278	11896133
11893278	11896134
11893278	11896135
11893279	8257213
11893280	6831206
11893281	8257213
11893282	8257219
11893283	8257219
11893284	10899695
11893285	11860102
11893286	11893289
11893287	8257223
11893288	7130286
11893289	11893286
11893290	8257223
11893291	8257236
11893292	8257236
11893293	8257236
11893294	8257236
11893295	11873652
11893296	11873652
11893297	7180923
11893298	6237246
11893299	11893300
11893300	11893299
11893301	10013084
11893302	11873827
11893303	11873827
11893304	6236231
11893305	6236231
11893306	2361660
11893307	2361660
11893308	2396052
11893309	11893310
11893310	11893309
11893311	1634737
11893311	12564209
11893311	12585724
11893312	11873908
11893313	59046
11893314	11874054
11893315	11893316
11893316	11893315
11893317	11816174
11893318	11816174
11893319	2249078
11893319	3496766
11893319	4220288
11893320	11893321
11893321	11893320
11893322	1109173
11893322	9980389
11893323	9687711
11893324	7637859
11893325	7637859
11893326	7637859
11893327	7637859
11893328	11893333
11893329	8257243
11893330	8257243
11893332	11893334
11893333	11893328
11893334	11893332
11893334	12955141
11893335	11893337
11893335	11893338
11893335	11893352
11893335	11893353
11893335	13092684
11893336	3158699
11893336	11893356
11893337	11893335
11893337	11893352
11893338	11893335
11893338	11893353
11893339	11600023
11893339	12005915
11893339	12005916
11893339	13785472
11893340	7637836
11893341	7637836
11893342	7637836
11893343	7637836
11893344	8313989
11893344	12569736
11893344	12569737
11893344	12569739
11893345	11817764
11893346	8578652
11893346	13278113
11893347	8737089
11893348	8578912
11893348	12005921
11893348	12005922
11893349	8737088
11893350	8898085
11893350	11903748
11893351	5497649
11893351	7948510
11893352	11379121
11893352	11893335
11893352	11893337
11893353	11379124
11893353	11893335
11893353	11893338
11893354	10602483
11893354	11895916
11893354	12623294
11893355	2952089
11893355	8186114
11893355	11893226
11893356	3158699
11893356	11893336
11893357	2319724
11893357	10134313
11893358	10239049
11893358	11885570
11893359	11204694
11893359	13071898
11893360	3865820
11893360	11883312
11893360	13251090
11893361	11883312
11893362	8305547
11893363	8305547
11893364	8305547
11893365	8305547
11893366	8305547
11893367	8305547
11893368	8373822
11893369	8373822
11893370	8680673
11893371	8680673
11893372	8680673
11893373	8680673
11893374	8434775
11893374	8434776
11893375	6266513
11893375	8544286
11893376	11648608
11893377	11895914
11893377	11895915
11893377	12309086
11893377	12494688
11893377	13092683
11893377	13363921
11893379	4666703
11893379	11648618
11893380	11648662
11893382	8239143
11893383	8239143
11893384	10243366
11893385	11218582
11893386	11218582
11893387	11221036
11893388	11440981
11893389	11880937
11893389	11880957
11893390	11686023
11893391	11346594
11893392	13092682
11893393	11697028
11893394	11729787
11893395	11764462
11893396	11785223
11893397	11785223
11893398	7961616
11893399	10639933
11893399	10639934
11893399	11894024
11893399	12005918
11893400	7961616
11893401	9241267
11893402	10026337
11893403	11878010
11893404	11195881
11893404	11195883
11893405	11878010
11893406	11205737
11893407	11218553
11893408	11224626
11893409	11224626
11893410	11276331
11893411	11276331
11893412	11369973
11893413	11369973
11893414	11880777
11893415	11370388
11893416	11441002
11893417	11506282
11893418	11506282
11893419	11506282
11893420	11506282
11893421	9096378
11893421	11895912
11893421	13422756
11893421	13422757
11893422	11641625
11893423	11652797
11893424	11893450
11893425	11685645
11893426	6603508
11893426	6603509
11893426	13120285
11893427	11688992
11893428	11689371
11893428	11896543
11893429	11689371
11893431	12426781
11893433	11708690
11893434	11708690
11893435	6764282
11893436	11771977
11893437	11772142
11893438	5461967
11893439	11888703
11893440	11888703
11893441	11888703
11893442	11888703
11893443	8519493
11893443	11879108
11893444	11879108
11893445	7873112
11893446	11879106
11893447	8130135
11893448	8169606
11893449	7399778
11893449	11879106
11893450	11893424
11893451	8172903
11893452	8172903
11893453	11880345
11893454	11893455
11893455	11893454
11893456	11896130
11893458	10235389
11893459	1287744
11893460	12618619
11893460	12618620
11893460	12618621
11893460	13092681
11893461	532617
11893462	532617
11893463	5939555
11893464	5939555
11893465	5939555
11893466	5939555
11893467	5939555
11893468	5939555
11893469	11893278
11893469	11896132
11893469	11896133
11893470	11893278
11893470	11894173
11893470	11896134
11893470	11896135
11893471	5939576
11893472	5939576
11893473	1705529
11893474	11893480
11893474	11893481
11893474	11893482
11893474	11893483
11893474	11893505
11893474	11893516
11893474	11893519
11893474	11893526
11893474	11893533
11893474	11893538
11893474	11893552
11893474	11893561
11893474	11893569
11893474	11893571
11893475	1705529
11893476	1705529
11893477	1705529
11893478	1033374
11893479	1033374
11893480	11893474
11893480	11893505
11893480	11893526
11893480	11893569
11893481	11893474
11893482	11893474
11893483	11893474
11893484	5575160
11893485	11893486
11893486	11893485
11893487	5947043
11893488	929924
11893489	929924
11893490	454979
11893491	454979
11893492	693297
11893493	693297
11893494	693297
11893495	693297
11893496	693297
11893497	693297
11893498	693297
11893499	693297
11893500	11893522
11893500	12172760
11893501	693297
11893502	693297
11893503	693297
11893504	693297
11893505	11893474
11893505	11893480
11893505	11893526
11893505	11893569
11893505	11897427
11893506	11893509
11893507	666102
11893508	666102
11893509	11893506
11893510	666102
11893511	666102
11893512	666102
11893513	666102
11893515	666102
11893516	11893474
11893516	11893519
11893516	11893526
11893517	666102
11893518	11951369
11893519	11893474
11893519	11893516
11893520	6593579
11893521	6593579
11893522	11893500
11893523	5670603
11893524	5670603
11893525	5670603
11893526	11893474
11893526	11893480
11893526	11893505
11893526	11893516
11893526	11893552
11893526	11893569
11893527	11184769
11893528	10279578
11893529	10016347
11893529	10016671
11893529	10016765
11893529	11184545
11893531	10016347
11893531	10016671
11893531	11184545
11893532	11650884
11893533	11893474
11893534	11650884
11893535	10199649
11893535	11184543
11893536	8198226
11893537	8198226
11893538	11893474
11893539	7015288
11893540	7015288
11893541	3932958
11893542	7015288
11893543	7015288
11893544	8198263
11893545	8198263
11893546	8198263
11893547	8198263
11893548	5841640
11893549	5841640
11893550	5841640
11893551	11212437
11893552	11893474
11893552	11893526
11893553	11212437
11893554	5841640
11893555	5841640
11893556	5841640
11893557	5841640
11893558	5841640
11893559	5841640
11893560	8248103
11893561	11893474
11893562	2874625
11893563	8398493
11893564	5670601
11893565	5670601
11893566	8398493
11893567	5670601
11893568	5670601
11893569	11893474
11893569	11893480
11893569	11893505
11893569	11893526
11893570	2018779
11893570	11184539
11893571	11893474
11893572	11695551
11893573	2874624
11893574	2874624
11893575	11184537
11893576	11209862
11893577	5144788
11893578	11209862
11893579	5144788
11893580	11894012
11893581	11196050
11893582	10044454
11893583	10044454
11893584	29368
11893584	11184531
11893585	3891618
11893586	11184529
11893587	3891618
11893588	1977424
11893589	9665829
11893589	11184522
11893589	13488714
11893590	10243363
11893590	10576540
11893591	8700126
11893592	9970348
11893593	9970348
11893594	5637207
11893595	5637207
11893596	2209753
11893596	11184477
11893596	12552691
11893597	9931212
11893599	11893600
11893600	11893599
11893601	8249874
11893602	11628406
11893603	4527579
11893604	4527579
11893605	755832
11893606	451651
11893607	451651
11893608	3093378
11893609	3093378
11893610	3093378
11893611	3093378
11893612	8277666
11893613	1837722
11893614	1837722
11893615	1837722
11893616	11441613
11893617	1837722
11893618	1335566
11893618	5635202
11893619	1335566
11893619	5635202
11893620	11628122
11893621	1939409
11893622	1939409
11893623	1939409
11893624	1939409
11893625	8415070
11893626	8103686
11893627	1618534
11893628	1618534
11893629	10764737
11893630	10764737
11893631	1618534
11893632	1618534
11893633	1618534
11893635	9831574
11893636	1678675
11893637	1678675
11893638	1678675
11893639	1678675
11893640	8416820
11893641	8416820
11893642	9387998
11893643	9387998
11893644	3851591
11893645	10473351
11893646	3851591
11893647	2416140
11893648	3851591
11893649	11893652
11893650	2416140
11893651	3851591
11893652	11893649
11893653	871026
11893654	871026
11893655	871026
11893656	1638531
11893657	1638531
11893658	799715
11893659	799715
11893660	799715
11893661	799715
11893662	799715
11893663	799715
11893664	799715
11893665	799715
11893666	8950720
11893667	799715
11893668	799715
11893669	799715
11893670	799715
11893671	799715
11893672	799715
11893673	799715
11893674	799715
11893675	11567776
11893677	2586
11893678	2586
11893679	10066734
11893680	3669363
11893682	3669363
11893683	3669363
11893684	3669363
11893685	12047672
11893686	3669363
11893687	3669363
11893688	3669363
11893689	3669363
11893690	11893953
11893692	3669363
11893692	11937403
11893693	3669363
11893694	3669363
11893695	3669363
11893696	3669363
11893697	3669363
11893698	3669363
11893700	3669363
11893702	11381148
11893703	11381148
11893704	11381148
11893705	11381148
11893706	739351
11893707	739351
11893708	739351
11893709	3862657
11893710	1715515
11893711	1715515
11893712	3862657
11893713	11893716
11893714	10078060
11893715	11893739
11893715	11906949
11893716	11893713
11893717	8392621
11893718	8567439
11893719	11893730
11893720	8567439
11893721	7715931
11893722	7715931
11893723	7715931
11893724	7715931
11893725	10076020
11893726	7715931
11893727	7715931
11893728	7715931
11893729	7715931
11893730	11893719
11893731	7715931
11893732	7715931
11893733	7715931
11893734	7715931
11893735	7715931
11893736	7715931
11893737	7715931
11893738	7715931
11893739	11893715
11893740	7715931
11893741	7715931
11893742	11804784
11893743	2982
11893744	11804784
11893745	723993
11893746	723993
11893747	723993
11893748	723993
11893749	723993
11893750	723993
11893751	723993
11893752	723993
11893755	7715929
11893756	7715929
11893757	7715929
11893758	7715929
11893759	7715929
11893760	7715929
11893761	7715929
11893762	7715929
11893763	11893781
11893763	11893784
11893763	12385429
11893764	7715929
11893765	7715929
11893766	7715929
11893767	7715929
11893768	7715929
11893769	7715929
11893770	7715929
11893771	7715929
11893772	7715929
11893773	7715929
11893774	7715929
11893775	7715929
11893776	11894322
11893776	11894396
11893776	11894398
11893777	7715929
11893778	7715929
11893779	7715929
11893780	7715929
11893781	11893763
11893781	12385429
11893782	8176782
11893783	8176782
11893783	11976069
11893784	11893763
11893784	12385429
11893785	7715929
11893786	7715929
11893787	7715929
11893788	7715929
11893789	7715929
11893790	7715929
11893791	7715929
11893792	13092680
11893793	7715929
11893794	7715929
11893795	7715929
11893796	7715929
11893797	7715929
11893798	11893945
11893798	11893970
11893799	5814709
11893800	577590
11893801	577590
11893802	577590
11893803	577590
11893804	13547729
11893806	577590
11893807	577590
11893808	577590
11893809	577590
11893810	10152200
11893811	10152200
11893812	10152200
11893813	10152200
11893814	10152200
11893815	10152200
11893816	10152200
11893817	10152200
11893818	866998
11893818	5056280
11893819	866998
11893819	5056280
11893820	866998
11893820	5056280
11893821	5934605
11893822	5934605
11893823	7901061
11893824	5056280
11893825	5056280
11893826	2681143
11893826	7967710
11893826	11184474
11893827	2681143
11893827	7967710
11893827	11184474
11893828	2990
11893829	2990
11893830	2681143
11893830	7967710
11893831	2681143
11893831	7967710
11893832	6881889
11893833	6881889
11893834	2681143
11893834	7967710
11893834	11184474
11893835	2681143
11893835	7967710
11893837	2681143
11893837	7967710
11893837	11184474
11893838	2681143
11893838	7967710
11893839	5833802
11893840	5833802
11893841	5833802
11893842	5833802
11893843	5833802
11893844	5833802
11893845	5833802
11893846	5833802
11893847	5833806
11893848	5833806
11893849	5833806
11893850	5833806
11893851	800873
11893851	800874
11893852	800873
11893852	800874
11893853	6602285
11893854	800874
11893855	800874
11893856	295011
11893856	313091
11893856	959720
11893856	966457
11893856	1361206
11893856	1633726
11893856	1633728
11893857	959720
11893857	966457
11893857	1361206
11893857	1633726
11893857	1633728
11893858	959720
11893858	966457
11893858	1361206
11893858	1633726
11893858	1633728
11893859	11897713
11893859	11897715
11893859	11912955
11893859	12822296
11893859	12822301
11893859	13092679
11893860	1322016
11893861	1322016
11893862	1322016
11893863	1322016
11893864	1130116
11893864	2061964
11893865	1130116
11893865	2061964
11893866	11893871
11893866	11893874
11893867	4791934
11893868	4791934
11893869	8314758
11893870	8314758
11893871	11893866
11893872	11893897
11893872	11893899
11893873	1602887
11893874	11893866
11893875	1602887
11893876	1289277
11893877	1289277
11893878	1289277
11893879	10065252
11893880	10065252
11893881	10065252
11893882	10065252
11893883	5057853
11893884	5057853
11893885	10106192
11893887	8326820
11893888	8326820
11893890	8326820
11893891	8326820
11893892	238070
11893893	238070
11893894	238070
11893894	1500414
11893895	238070
11893895	1500414
11893897	11893872
11893899	11893872
11893900	6907238
11893902	5884520
11893903	5884520
11893904	5884520
11893905	5854071
11893906	5854071
11893907	1598268
11893908	1598268
11893910	11893912
11893912	11893910
11893913	11893937
11893914	10503400
11893915	10503400
11893917	3385219
11893918	3385219
11893919	6779673
11893921	1612592
11893923	2470803
11893924	2470803
11893925	2470803
11893926	2470803
11893927	1257939
11893928	2270598
11893929	2270598
11893930	2270598
11893931	2270598
11893932	2270597
11893933	2270597
11893934	2270597
11893935	2270597
11893936	2270597
11893937	11893913
11893937	11896245
11893937	11999251
11893938	4364270
11893939	4364270
11893940	740056
11893941	740056
11893942	5130619
11893943	5130619
11893944	5884518
11893945	11893798
11893946	5884518
11893947	5884518
11893948	5884518
11893949	3540190
11893950	3540190
11893951	624777
11893952	624777
11893953	11893690
11893954	7160153
11893955	7160153
11893956	7160153
11893957	7160153
11893958	7160153
11893959	7160153
11893960	7160153
11893961	7160153
11893962	8755572
11893963	8755572
11893964	8755572
11893965	8755572
11893966	2854502
11893967	2854502
11893968	9015008
11893968	11893998
11893968	12976396
11893969	6483817
11893969	8285489
11893970	11893798
11893971	2148197
11893972	2148197
11893974	2148197
11893975	2148197
11893976	2148197
11893977	2148197
11893978	6817874
11893979	6817874
11893980	2067024
11893981	1332496
11893982	1332496
11893983	1332496
11893984	1332496
11893985	624777
11893986	624777
11893987	7160153
11893988	8285489
11893988	11894229
11893988	11894231
11893989	7160153
11893990	7160153
11893991	7160153
11893992	8755572
11893993	8755572
11893994	6817874
11893995	10162879
11893995	11894444
11893995	11896244
11893995	11927800
11893995	11927893
11893995	11927895
11893995	11927899
11893995	12005910
11893995	12005911
11893995	12335133
11893995	12335134
11893995	12335136
11893995	12462027
11893995	13178510
11893996	1147688
11893997	1147688
11893998	11893968
11893999	1147688
11894000	1147688
11894001	1147688
11894002	1147688
11894004	11894009
11894005	1133052
11894006	1133052
11894009	11894004
11894011	10575625
11894012	11893580
11894013	10575625
11894016	6569907
11894017	6569907
11894020	7747579
11894020	12049535
11894021	8999096
11894021	12431511
11894022	7747579
11894023	7747579
11894024	11893399
11894026	1661853
11894027	6695383
11894028	6695383
11894029	3847115
11894029	3847116
11894030	3847115
11894030	3847116
11894032	2103152
11894033	2103152
11894034	9085005
11894034	11894441
11894034	11927798
11894034	11927902
11894035	1500165
11894036	1500165
11894037	1500165
11894038	1500165
11894039	6569905
11894040	6569905
11894041	6569905
11894042	6569905
11894043	3847115
11894044	928061
11894045	928061
11894046	984950
11894047	984950
11894048	6232842
11894049	984950
11894050	984950
11894051	8531658
11894052	612912
11894053	612912
11894054	612912
11894055	612912
11894056	612912
11894057	612912
11894058	612912
11894059	11894064
11894060	612912
11894061	5785946
11894062	612912
11894063	612912
11894064	11894059
11894065	612912
11894066	612912
11894067	2331725
11894068	1626784
11894069	1626784
11894070	6228849
11894071	1626784
11894072	1626784
11894073	7838536
11894074	9296248
11894075	6239556
11894077	7838536
11894078	10462171
11894079	5847019
11894080	10462171
11894081	10462171
11894082	10462171
11894083	10462171
11894084	10462171
11894085	10462171
11894086	10462171
11894087	10462171
11894088	10462171
11894089	10462171
11894090	10462171
11894091	8027461
11894092	8027461
11894093	8027461
11894094	13092678
11894094	13185885
11894094	13349293
11894094	13349294
11894095	8027461
11894096	8027461
11894097	8027461
11894098	8027461
11894099	8027461
11894100	8027461
11894101	8027461
11894102	8027461
11894103	8027461
11894104	8027461
11894105	8027461
11894106	8027461
11894107	8027461
11894108	11894111
11894109	8027461
11894110	8027461
11894111	11894108
11894112	8027461
11894113	8027461
11894114	8027461
11894116	7281821
11894117	7281821
11894118	7281821
11894119	7281821
11894120	7281821
11894121	7281821
11894122	7786271
11894123	7786271
11894124	7786271
11894125	7786271
11894126	7786271
11894127	7786271
11894128	883094
11894129	883094
11894130	7281820
11894131	7281820
11894132	7281820
11894133	7281820
11894134	7281820
11894135	7281820
11894136	13092677
11894137	611832
11894138	611832
11894139	611832
11894140	1746952
11894141	1746952
11894142	1746952
11894143	1746952
11894144	1746952
11894145	1746952
11894146	11894152
11894147	612911
11894148	612911
11894149	612911
11894150	612911
11894151	612911
11894152	11894146
11894153	612911
11894154	1400461
11894155	1400461
11894156	1400461
11894157	1400461
11894158	1400461
11894159	1400461
11894160	6882898
11894161	6882898
11894162	6882898
11894163	8326763
11894164	8326763
11894165	8326763
11894166	8326763
11894167	8326763
11894168	8326763
11894169	4614549
11894170	4614549
11894171	4614549
11894173	11893470
11894174	262234
11894175	11981732
11894176	11894177
11894177	11894176
11894178	11893174
11894179	262238
11894180	9839478
11894180	11894182
11894181	262181
11894182	11894180
11894183	11894185
11894184	11894186
11894185	11894183
11894186	11894184
11894187	602516
11894188	602516
11894189	2323290
11894190	5942260
11894191	257885
11894192	6873508
11894193	8475805
11894194	262188
11894195	262193
11894196	9706285
11894197	9706285
11894198	258818
11894199	12585055
11894199	13092676
11894200	3913976
11894201	11894209
11894202	3913976
11894203	3913976
11894204	10735823
11894204	11899568
11894204	11899572
11894204	11899577
11894205	10735823
11894206	11184469
11894207	11894208
11894207	12849714
11894207	13755230
11894208	11894207
11894208	12962415
11894209	11894201
11894210	7494306
11894211	8475861
11894211	11664884
11894212	11184467
11894213	11184467
11894214	2698862
11894215	3831456
11894217	2544674
11894217	7185955
11894218	3831456
11894219	2544674
11894219	7185955
11894220	2544674
11894220	7185955
11894221	2544674
11894221	7185955
11894222	1450189
11894222	1775366
11894222	8594440
11894222	11184466
11894223	11894226
11894223	11894227
11894224	8433833
11894225	11184125
11894225	11925645
11894226	11894223
11894227	11894223
11894228	11184119
11894229	11893988
11894230	11894232
11894230	11894236
11894231	11893988
11894232	11894230
11894233	11894235
11894233	11894238
11894234	10688702
11894235	11894233
11894235	11901334
11894236	11894230
11894236	11902679
11894236	11902680
11894237	10688659
11894237	10688662
11894237	11894239
11894238	11894233
11894239	11894237
11894240	10688658
11894240	10688663
11894240	11894243
11894240	11894245
11894241	11894244
11894243	11894240
11894244	11894241
11894245	11894240
11894246	2199014
11894246	11887166
11894247	3819185
11894247	10018426
11894247	10190491
11894248	3819185
11894248	10018426
11894248	10190491
11894249	11894253
11894251	10687707
11894252	11184117
11894253	11894249
11894254	11184113
11894255	11894260
11894256	11894433
11894256	11897706
11894257	11184073
11894257	11184076
11894257	11184088
11894258	11184073
11894258	11184076
11894258	11184081
11894259	11894314
11894259	12322751
11894259	13303497
11894259	13303498
11894260	11894255
11894261	9831579
11894262	11894266
11894263	8856175
11894263	11184069
11894263	11184071
11894263	11184072
11894263	11184285
11894265	10876186
11894266	11894262
11894267	11183984
11894267	11183987
11894267	11183989
11894268	11845088
11894269	258472
11894270	4013142
11894270	11183854
11894271	11894273
11894271	11894274
11894273	11894271
11894274	11894271
11894275	10134972
11894276	2243388
11894277	11086100
11894277	12516484
11894278	11894280
11894278	11894282
11894279	11890336
11894280	11894278
11894280	11894389
11894281	11894283
11894282	11894278
11894282	11894388
11894283	11894281
11894283	12282110
11894285	2653147
11894285	2653154
11894285	11183785
11894286	2653147
11894288	3918068
11894289	11656041
11894290	3131772
11894290	11182908
11894292	8336231
11894293	12041387
11894293	12188876
11894294	11182879
11894295	12781641
11894296	3151323
11894298	3920538
11894298	11182864
11894299	3920538
11894300	3920539
11894302	3920539
11894303	3920540
11894303	10746902
11894304	3920540
11894305	3920541
11894306	3920542
11894306	11233459
11894307	3920543
11894308	3920544
11894309	3920560
11894309	11233459
11894310	3920561
11894311	10030927
11894312	3920562
11894313	3920562
11894314	11894259
11894315	11567978
11894316	11567990
11894318	11568005
11894319	11772254
11894320	11567976
11894321	12041401
11894322	11893776
11894323	8446143
11894323	13211834
11894324	11791103
11894324	11791104
11894325	10018895
11894325	10025876
11894325	10054942
11894325	10643013
11894325	11894335
11894326	1764885
11894326	13582782
11894327	2231745
11894328	5811436
11894329	2190733
11894329	9125677
11894329	9125678
11894330	9125679
11894330	13174073
11894331	9125680
11894331	13223969
11894332	1764070
11894333	11894336
11894333	11894338
11894333	13092675
11894334	10342637
11894335	10018895
11894335	10025876
11894335	10054942
11894335	10643007
11894335	11894325
11894335	11894382
11894335	11894384
11894336	11894333
11894337	10517083
11894337	10517085
11894338	11894333
11894339	8431754
11894340	8460882
11894341	8460883
11894342	8463095
11894342	13210910
11894343	8463096
11894343	13160347
11894344	1623068
11894344	13195361
11894345	8408776
11894346	1749768
11894347	5815245
11894348	12409798
11894349	5516835
11894350	7068458
11894350	13198862
11894350	13198863
11894350	13198868
11894350	13205420
11894351	7068458
11894351	11894383
11894352	7015417
11894353	8440387
11894354	7567027
11894355	7567028
11894355	13298983
11894355	13298984
11894356	7021875
11894356	13170436
11894357	1951941
11894358	10342639
11894358	10517087
11894358	13152553
11894358	13152554
11894358	13152556
11894362	11182855
11894363	11182855
11894364	3181689
11894364	11182849
11894364	12006314
11894365	3181689
11894365	12006314
11894366	3181689
11894366	11182849
11894367	3181689
11894368	2014334
11894368	11182683
11894369	11894393
11894375	5852395
11894375	11182673
11894375	13011201
11894376	2954490
11894376	11182590
11894377	7910509
11894377	11817751
11894377	11894378
11894377	12263160
11894377	12742598
11894377	12742599
11894377	12742601
11894378	11894377
11894378	13451115
11894379	59388
11894379	11182572
11894380	59388
11894380	11182572
11894381	1061895
11894381	8296022
11894381	11182555
11894382	10025876
11894382	10054942
11894382	10054944
11894382	10643007
11894382	11894335
11894382	12382065
11894382	12382066
11894383	11894351
11894384	10018895
11894384	10025876
11894384	10054942
11894384	10054944
11894384	10643007
11894384	11894335
11894384	12382065
11894384	12382066
11894387	672956
11894387	970157
11894387	1037131
11894388	11894282
11894389	11894280
11894391	12436476
11894391	12436477
11894391	12436478
11894391	12464510
11894391	12464511
11894391	12464512
11894392	11182446
11894393	11894369
11894394	8201779
11894394	8216139
11894394	8220783
11894394	11182434
11894394	12355279
11894395	5734783
11894395	11182433
11894396	11893776
11894396	11894398
11894397	5734783
11894397	11182433
11894398	11893776
11894398	11894396
11894399	13742965
11894400	7402739
11894400	7405384
11894400	11879110
11894401	7402740
11894401	7405385
11894401	11879109
11894402	11892377
11894402	11894407
11894403	11892377
11894403	11894408
11894407	11894402
11894408	11894403
11894409	9162489
11894411	9162488
11894411	9831825
11894411	10117711
11894411	10117712
11894411	12319785
11894411	12327985
11894411	12606699
11894411	13427820
11894411	13427821
11894413	9162487
11894414	9162484
11894415	9162484
11894416	11606168
11894416	11892340
11894418	1805229
11894418	1805814
11894418	9162670
11894418	11939380
11894418	12081788
11894418	12081790
11894419	11894468
11894419	12006036
11894420	11894428
11894421	9162719
11894422	9162719
11894423	9162730
11894424	9162730
11894425	9162738
11894426	9162775
11894427	11892328
11894428	11894420
11894429	9162778
11894430	11892328
11894431	9162778
11894432	9162778
11894433	11894256
11894434	9162778
11894434	13289589
11894434	13289590
11894435	9162778
11894436	9162778
11894438	5686444
11894441	11894034
11894442	7038412
11894442	11894451
11894443	9162858
11894444	11893995
11894445	9162924
11894446	9162924
11894447	9162965
11894447	9165817
11894448	9162965
11894448	9165816
11894449	9931686
11894450	9162988
11894451	11894442
11894452	11897702
11894455	7329993
11894455	11895909
11894455	11895911
11894458	9931686
11894459	7561760
11894459	11894477
11894459	12903576
11894460	9163067
11894461	7561760
11894463	9163083
11894464	9163083
11894465	7708645
11894466	9162858
11894467	11145528
11894468	11894419
11894468	12005901
11894468	12005903
11894468	12006043
11894468	12484494
11894468	12484495
11894469	11145528
11894470	9162678
11894471	9162678
11894474	7762044
11894475	12894822
11894476	8855538
11894477	11894459
11894477	12903576
11894478	11894480
11894479	10097757
11894480	11894478
11894481	10097757
11894482	10097757
11894484	11894485
11894485	11894484
11894486	7122539
11894487	11894489
11894488	11874412
11894488	11879102
11894488	12258402
11894489	11894487
11894490	10029822
11894491	11894495
11894492	2427913
11894492	2438806
11894492	11879090
11894494	10029822
11894495	11894491
11894497	11879001
11894498	11878892
11894499	11603856
11894500	8713123
11894501	11878875
11894502	11300375
11894503	11878809
11894504	11878809
11894505	6268082
11894505	11878809
11894506	6268082
11894506	11878809
11894507	11225714
11894509	11225714
11894511	11878812
11894513	8342618
11894513	12092498
11894514	11225714
11894515	13092673
11894515	13092674
11894516	11879063
11894517	1245412
11894517	1588574
11894517	1915100
11894517	11879066
11894518	8478066
11894518	8961807
11894518	11879069
11894519	6049276
11894519	6049290
11894519	8403450
11894521	11878800
11894523	1552240
11894525	2556866
11894525	13653558
11894526	12642196
11894526	12642197
11894527	2556863
11894527	13653557
11894528	11649294
11894529	11649341
11894530	8485129
11894531	8485129
11894532	9154242
11894532	11894577
11894532	11894578
11894533	11463622
11894534	11463622
11894535	11463622
11894536	11225722
11894537	11886455
11894538	11886455
11894539	8394589
11894540	9550172
11894541	11894544
11894542	5165513
11894543	9550172
11894544	11894541
11894544	11894636
11894546	11225722
11894547	259668
11894547	486779
11894549	2089928
11894549	2399856
11894550	7094139
11894551	2089860
11894551	2399796
11894551	13053489
11894552	7094139
11894554	11256239
11894555	11831459
11894556	11893020
11894556	11894574
11894557	11379557
11894558	11379557
11894559	10231627
11894561	485892
11894562	11390051
11894563	11259397
11894564	11707813
11894565	485878
11894565	13507631
11894566	11401081
11894567	11401081
11894568	11373340
11894568	11989882
11894569	9488628
11894570	2502305
11894571	10231627
11894572	11897697
11894572	11897698
11894572	12894826
11894573	485853
11894573	485855
11894574	11893020
11894574	11894556
11894575	2502305
11894576	8401028
11894577	11894532
11894578	11894532
11894579	11894588
11894579	11894589
11894580	13396150
11894580	13396151
11894580	13396152
11894580	13396154
11894580	13396156
11894580	13396158
11894580	13396160
11894580	13396162
11894580	13396163
11894584	12243934
11894585	4096211
11894585	4940809
11894585	11894590
11894585	11895908
11894585	13034074
11894585	13034075
11894586	11981962
11894586	11981963
11894586	11981964
11894587	10501059
11894588	11894579
11894588	11894589
11894589	11894579
11894589	11894588
11894590	11894585
11894591	7361811
11894593	11425341
11894594	11425341
11894595	11892895
11894596	11894597
11894597	11894596
11894598	9751176
11894599	11894600
11894600	11894599
11894601	10658573
11894603	11894604
11894604	11894603
11894605	8363914
11894606	10658573
11894606	13711112
11894606	13711114
11894606	13711116
11894607	11894610
11894607	11894613
11894608	11392427
11894609	7461857
11894610	11894607
11894611	7461857
11894612	11894632
11894612	11894633
11894612	11894634
11894612	11894643
11894612	13316549
11894613	11894607
11894613	11894621
11894614	11392462
11894615	11894646
11894615	13179357
11894616	7461857
11894617	9140412
11894618	2722185
11894619	10665766
11894620	10665766
11894621	11894613
11894622	11234807
11894623	11234807
11894624	11526785
11894625	11526785
11894626	11526785
11894627	6116207
11894629	11892982
11894630	6116207
11894632	11894612
11894633	11894612
11894634	11894612
11894635	11810712
11894636	11894544
11894638	11810712
11894639	11894640
11894640	6891490
11894640	11894639
11894641	11895906
11894641	12359409
11894641	12359410
11894641	12359411
11894643	11894612
11894643	13316549
11894644	7462173
11894645	7462173
11894646	11894615
11894647	11316382
11894648	11316382
11894649	3935245
11894649	11894659
11894650	11894651
11894650	12707475
11894651	11894650
11894652	11308176
11894653	2268084
11894653	11563340
11894654	11308176
11894657	8112318
11894658	11872836
11894659	11894649
11894660	11810712
11894662	7468435
11894663	7468435
11894664	9313782
11894665	3148200
11894665	7295860
11894665	13832823
11894666	11894721
11894666	11896145
11894666	12065542
11894667	1513750
11894668	8042903
11894669	1513750
11894670	8042903
11894671	8042903
11894672	9068123
11894674	11894675
11894675	11894674
11894676	11284233
11894677	11284233
11894678	11421970
11894679	12058528
11894680	11894683
11894681	8169729
11894682	8169729
11894683	11894680
11894685	2751029
11894685	2751030
11894686	3855206
11894686	3856506
11894686	7682440
11894687	2811882
11894687	11894717
11894688	11894690
11894688	11894691
11894688	11894693
11894688	11894694
11894688	11894695
11894688	11894698
11894688	11894703
11894688	11894704
11894688	11894705
11894688	11894707
11894688	11894708
11894688	11894709
11894689	5350436
11894689	11894716
11894689	11894740
11894689	11894824
11894690	11894688
11894690	11894698
11894691	11894688
11894693	11894688
11894694	11894688
11894694	11894698
11894695	11894688
11894695	11894698
11894696	498039
11894697	9085145
11894698	11894688
11894698	11894690
11894698	11894694
11894698	11894695
11894698	11894708
11894699	2609640
11894699	3247738
11894701	7570593
11894702	11885129
11894703	11894688
11894704	11894688
11894705	11894688
11894707	11894688
11894708	11894688
11894708	11894698
11894709	11894688
11894710	11894713
11894710	12006409
11894710	13494224
11894711	11894840
11894711	11894841
11894712	11894714
11894712	11894722
11894712	11894729
11894712	11894733
11894712	11894737
11894712	11894743
11894712	11894754
11894712	11894762
11894712	11894773
11894712	12211190
11894713	11894710
11894713	12006409
11894713	13494224
11894714	11894712
11894714	11894722
11894714	11894729
11894714	11894733
11894714	11894737
11894714	11894743
11894714	11894754
11894714	11894762
11894714	11894773
11894714	12211265
11894715	3303987
11894715	3612844
11894715	3612845
11894716	11894689
11894717	11894687
11894718	2811882
11894718	6172066
11894718	9230156
11894719	2811882
11894719	6172066
11894720	5107883
11894720	11894750
11894721	11894666
11894721	11896145
11894722	11894712
11894722	11894714
11894722	11894729
11894722	11894733
11894722	11894737
11894722	11894743
11894722	11894754
11894722	11894762
11894722	11894773
11894723	11894833
11894723	13602897
11894723	13602898
11894723	13602899
11894723	13602900
11894724	10575910
11894724	11894728
11894724	11894730
11894724	11894732
11894724	11894734
11894724	11894735
11894724	11894827
11894724	11894830
11894724	11895905
11894724	11927797
11894725	11585206
11894726	5107883
11894727	9109281
11894728	11894724
11894728	11927797
11894729	11894712
11894729	11894714
11894729	11894722
11894729	11894737
11894729	11894743
11894729	11894754
11894729	11894762
11894729	11894773
11894729	12211190
11894730	11894724
11894731	11259433
11894732	11894724
11894733	11894712
11894733	11894714
11894733	11894722
11894733	11894737
11894733	11894743
11894733	11894754
11894733	11894762
11894733	11894773
11894733	12211265
11894734	11894724
11894735	11894724
11894736	5107883
11894737	11894712
11894737	11894714
11894737	11894722
11894737	11894729
11894737	11894733
11894737	11894743
11894737	11894754
11894737	11894762
11894737	11894773
11894738	5107883
11894738	11894742
11894738	11894750
11894738	11894752
11894739	7952118
11894740	11894689
11894741	7952118
11894742	5107883
11894742	11894738
11894742	11894750
11894742	11894752
11894742	11894767
11894743	11894712
11894743	11894714
11894743	11894722
11894743	11894729
11894743	11894733
11894743	11894737
11894743	11894754
11894743	11894762
11894743	11894773
11894743	12211265
11894744	667385
11894745	11182117
11894746	11457127
11894746	11457150
11894747	11894748
11894747	11894749
11894747	11894805
11894748	11894747
11894749	11894747
11894750	5107883
11894750	11894720
11894750	11894738
11894750	11894742
11894750	11894767
11894751	11214221
11894752	5107883
11894752	11894738
11894752	11894742
11894753	8660514
11894754	11894712
11894754	11894714
11894754	11894722
11894754	11894729
11894754	11894733
11894754	11894737
11894754	11894743
11894754	11894762
11894754	11894773
11894755	11306831
11894756	11306831
11894757	287155
11894757	667385
11894758	667385
11894759	5107883
11894760	5916809
11894760	8889245
11894760	11182048
11894760	13406575
11894761	5107883
11894762	11894712
11894762	11894714
11894762	11894722
11894762	11894729
11894762	11894733
11894762	11894737
11894762	11894743
11894762	11894754
11894762	11894773
11894763	11894802
11894764	5107883
11894765	2375930
11894765	7108828
11894765	11181958
11894766	4606989
11894766	11181950
11894767	5107883
11894767	11894742
11894767	11894750
11894767	11894800
11894768	4606989
11894769	4606989
11894769	11181950
11894770	4606989
11894771	5107883
11894772	11894793
11894772	11894795
11894772	13092672
11894773	11894712
11894773	11894714
11894773	11894722
11894773	11894729
11894773	11894733
11894773	11894737
11894773	11894743
11894773	11894754
11894773	11894762
11894775	3724444
11894775	7969336
11894776	4961723
11894776	13252945
11894777	4961723
11894778	4961723
11894779	3724444
11894779	7969336
11894780	3724444
11894780	7969336
11894780	11894785
11894781	11156828
11894782	11156828
11894783	3724444
11894784	7181615
11894785	3724444
11894785	7986581
11894785	10083845
11894785	11894780
11894785	12042895
11894786	11894787
11894786	11894791
11894786	11894803
11894786	11894806
11894786	11894818
11894786	11894821
11894786	11894835
11894786	11897345
11894786	13611602
11894787	11894786
11894787	11894791
11894787	11894803
11894787	11894806
11894787	11894818
11894787	11894821
11894787	11894835
11894787	11897345
11894787	12176551
11894788	7077899
11894789	3724444
11894790	7204444
11894791	11894786
11894791	11894787
11894791	11894803
11894791	11894806
11894791	11894818
11894791	11894821
11894791	11894835
11894791	11897345
11894792	9405492
11894793	11894772
11894794	9405492
11894795	11894772
11894796	3724444
11894797	7675596
11894798	7675596
11894799	11894808
11894799	13092671
11894800	11894767
11894801	11809485
11894802	11894763
11894803	11894786
11894803	11894787
11894803	11894791
11894803	11894806
11894803	11894818
11894803	11894821
11894803	11894835
11894803	11897345
11894803	12031055
11894804	11809485
11894805	11894747
11894805	12024859
11894806	11894786
11894806	11894787
11894806	11894791
11894806	11894803
11894806	11894818
11894806	11894821
11894806	11894835
11894806	11897345
11894807	11894809
11894807	11894813
11894807	11894814
11894807	11894815
11894807	11894817
11894807	11894820
11894807	11894823
11894807	11894826
11894807	11894829
11894807	11894831
11894807	11894832
11894807	11894834
11894808	11894799
11894809	11894807
11894809	11894820
11894810	9106139
11894811	11938615
11894811	13092670
11894812	9106139
11894813	11894807
11894814	11894807
11894815	11894807
11894815	11894820
11894815	11969127
11894816	11423884
11894817	11894807
11894817	11894820
11894818	11894786
11894818	11894787
11894818	11894791
11894818	11894803
11894818	11894806
11894818	11894821
11894818	11894835
11894818	11897345
11894819	11418424
11894820	11894807
11894820	11894809
11894820	11894815
11894820	11894817
11894820	11894832
11894821	11894786
11894821	11894787
11894821	11894791
11894821	11894803
11894821	11894806
11894821	11894818
11894821	11894835
11894821	11897345
11894822	11418424
11894823	11894807
11894824	11894689
11894825	7431508
11894826	11894807
11894827	11894724
11894828	1934771
11894828	8240272
11894829	11894807
11894830	11894724
11894831	11894807
11894832	11894807
11894832	11894820
11894833	11894723
11894834	11894807
11894835	11894786
11894835	11894787
11894835	11894791
11894835	11894803
11894835	11894806
11894835	11894818
11894835	11894821
11894835	11897345
11894836	11423895
11894837	11423895
11894837	11894838
11894838	11894837
11894839	11418430
11894840	11894711
11894841	11894711
11894842	11894843
11894843	11894842
11894844	746421
11894845	11894846
11894846	11894845
11894847	12137026
11894848	13092669
11894849	2111288
11894850	2111288
11894851	3821161
11894852	3821161
11894853	11299149
11894854	11894856
11894854	11894858
11894856	11894854
11894858	11894854
11894859	510531
11894859	856464
11894859	860430
11894859	1308200
11894860	10795867
11894862	4496720
11894863	11894864
11894863	11894866
11894864	11894863
11894866	11894863
11894866	11894867
11894867	11894866
11894868	4728671
11894869	5821747
11894869	12200444
11894870	6223221
11894871	7362491
11894872	3912882
11894873	1098336
11894874	11896143
11894874	11897693
11894875	11895904
11894876	4517776
11894878	13105502
11894879	5736057
11894879	11894881
11894880	11895903
11894880	11897692
11894881	11894879
11894882	7785702
11894883	11897689
11894883	13180283
11894884	10317564
11894885	3804351
11894888	12727451
11894890	7172917
11894891	7078950
11894893	11427271
11894894	11427271
11894894	13015346
11894894	13015400
11894895	11427271
11894896	6990370
11894897	7560173
11894898	11279201
11894899	8618660
11894901	8636420
11894902	2397605
11894903	11895902
11894904	6116207
11894904	11810107
11894905	6116207
11894905	11810104
11894905	11810106
11894906	13092668
11894907	11810105
11894908	6116580
11894908	11810722
11894911	619019
11894913	7123488
11894915	12337125
11894915	12473227
11894917	710261
11894917	969598
11894917	11896241
11894918	724181
11894918	6286330
11894918	10738127
11894919	351836
11894919	351837
11894919	452034
11894921	351837
11894921	452036
11894922	1335533
11894923	7153349
11894924	2036104
11894924	2036105
11894924	2036106
11894924	2036107
11894924	2036108
11894924	2036109
11894924	2036110
11894924	2036112
11894924	2459462
11894924	2809508
11894925	668539
11894926	450265
11894926	1606664
11894926	3265648
11894926	12167073
11894926	13090088
11894927	450265
11894927	1606664
11894927	3265648
11894927	13090088
11894928	450265
11894928	1606664
11894928	3265648
11894928	13090088
11894929	450265
11894929	1606664
11894929	3265648
11894929	13090088
11894930	450265
11894930	1606664
11894930	3265648
11894930	8395169
11894930	13090088
11894931	3191622
11894931	4003057
11894931	4003058
11894931	5405002
11894931	5421574
11894931	5433197
11894931	12335363
11894931	13781369
11894932	9285753
11894933	1662961
11894933	1719897
11894933	2069833
11894933	2069855
11894934	1550071
11894935	1550071
11894936	11890655
11894937	1550071
11894938	11875369
11894938	12326823
11894938	12328534
11894939	1550071
11894940	11890653
11894941	11875369
11894942	3563530
11894942	13469052
11894943	1819221
11894943	1819222
11894944	11125784
11894944	11911576
11894945	1819235
11894946	11125784
11894946	13684722
11894946	13684723
11894947	11890657
11894949	13474435
11894952	11969620
11894952	11969624
11894954	4452968
11894955	4452968
11894957	5962911
11894957	5962954
11894957	8387644
11894957	8387645
11894957	8415465
11894957	8415466
11894957	8415467
11894957	8415468
11894958	12588211
11894958	13390891
11894959	7984278
11894959	11911575
11894960	7984278
11894963	4287021
11894963	4287022
11894963	4287023
11894965	11889162
11894966	3321233
11894966	3321234
11894967	3321233
11894967	3321234
11894968	7579406
11894970	7591327
11894970	11911535
11894971	1315696
11894972	1745824
11894972	1745825
11894972	1745826
11894972	7041467
11894972	13269889
11894973	5280184
11894973	11896239
11894973	12368822
11894973	12368987
11894973	12368988
11894974	11397398
11894975	3082345
11894975	4359750
11894975	8698391
11894975	11896238
11894976	11397398
11894977	11863307
11894978	5962834
11894978	12138825
11894979	7304776
11894979	11720044
11894980	2515906
11894981	2515906
11894982	2515906
11894982	11896237
11894983	2301673
11894983	2301674
11894983	5600940
11894983	5601503
11894984	1471595
11894985	7754269
11894985	7754271
11894985	7754272
11894985	8307949
11894986	1570731
11894986	2150393
11894987	1466757
11894987	13390371
11894989	922011
11894989	12964474
11894990	11337879
11894990	11911525
11894991	6085899
11894992	5456801
11894993	5456801
11894994	9230485
11894994	9230487
11894995	5433716
11894996	9230487
11894996	13101827
11894996	13101828
11894997	5676060
11894998	1864947
11894999	13092667
11894999	13363920
11895000	8299859
11895000	11911518
11895001	1197412
11895001	1197606
11895001	11896235
11895002	11723265
11895003	11723275
11895004	4029290
11895004	4029296
11895004	9351427
11895005	8866026
11895006	864693
11895006	1195225
11895006	1562519
11895006	4058169
11895006	4058171
11895006	9467411
11895007	8866026
11895008	8365
11895008	845048
11895008	864693
11895008	4058169
11895008	4058171
11895008	9467411
11895008	11896234
11895009	20099
11895010	263111
11895011	307003
11895012	5836947
11895012	6845112
11895012	13528756
11895012	13528758
11895013	1334379
11895014	11854763
11895015	1334379
11895016	6074431
11895016	12296762
11895017	11854202
11895018	11852690
11895019	11852650
11895020	388262
11895021	11852424
11895022	779886
11895023	38387
11895024	282225
11895025	2548787
11895026	385392
11895027	11844941
11895028	35229
11895029	436193
11895030	11844858
11895031	432824
11895032	436811
11895033	436811
11895034	1653
11895035	432878
11895036	2639947
11895037	3735717
11895037	7174586
11895038	11890721
11895039	11890721
11895040	7983072
11895040	12296765
11895041	4359298
11895041	4925709
11895041	6461298
11895041	6461299
11895041	6461300
11895041	6461301
11895041	6461302
11895042	436777
11895043	11022937
11895044	11022937
11895045	6225333
11895046	38387
11895047	138868
11895048	30316
11895049	3217168
11895050	3217168
11895051	9740060
11895052	9740060
11895053	2352200
11895054	2352200
11895055	5698882
11895056	5698882
11895057	5698882
11895058	5698882
11895059	5698882
11895060	5698882
11895061	5698882
11895062	51453
11895063	5698882
11895064	2352200
11895064	11896232
11895064	13233252
11895065	13092666
11895066	3217164
11895067	3217164
11895068	51453
11895069	332369
11895069	774970
11895069	11896231
11895070	3410542
11895070	3412718
11895070	6799848
11895070	7991494
11895070	11896230
11895071	1723581
11895072	1723581
11895073	1723581
11895074	7942277
11895075	7942277
11895076	30316
11895077	3778403
11895078	3778403
11895079	30316
11895080	1360897
11895081	30316
11895082	1360897
11895083	1360897
11895084	1360897
11895085	30316
11895086	1360897
11895087	1360897
11895088	11156781
11895089	12404575
11895090	11915787
11895090	12600628
11895090	12600629
11895090	13560335
11895091	138868
11895092	138868
11895093	38387
11895094	1391372
11895094	8836197
11895094	10597991
11895094	10847527
11895094	13373478
11895095	16492
11895096	138868
11895097	138868
11895098	766977
11895098	7094495
11895099	138868
11895100	977159
11895101	977159
11895102	977159
11895103	977159
11895104	977159
11895105	977159
11895106	779886
11895107	1019204
11895108	1019204
11895109	1019204
11895110	1019204
11895111	1019204
11895112	1019204
11895113	1019204
11895114	1019204
11895115	1019204
11895116	1019204
11895117	1019204
11895118	1019204
11895119	16492
11895120	1019204
11895121	1019204
11895122	1019204
11895123	1019204
11895124	16492
11895125	6006784
11895126	6006784
11895127	16492
11895128	1211715
11895129	11201150
11895130	11201150
11895131	11201150
11895132	11201150
11895133	3852554
11895133	3852612
11895133	4116345
11895134	5720503
11895134	12049536
11895135	5720503
11895136	5720503
11895137	5720503
11895138	3596988
11895138	3948532
11895138	4221815
11895139	3610406
11895140	3610406
11895141	8322169
11895142	8322169
11895143	8322169
11895144	11895900
11895144	12922383
11895144	12922384
11895144	13092665
11895144	13590767
11895145	8322169
11895146	8322169
11895147	8322169
11895148	8322169
11895149	8322169
11895150	1721532
11895151	5587884
11895151	11952813
11895152	5911531
11895153	5911531
11895154	3864696
11895155	5087555
11895156	5087555
11895157	7093053
11895158	2049491
11895159	2049491
11895160	7201642
11895161	7248034
11895162	1425666
11895163	1425666
11895164	1425666
11895165	1425666
11895166	7128661
11895167	7285813
11895168	12639623
11895168	12639625
11895168	12639626
11895168	12639627
11895169	4872825
11895170	4872825
11895171	4872825
11895172	4872825
11895173	1190877
11895174	1190877
11895175	7361528
11895176	7680558
11895177	3967770
11895178	3967770
11895179	7760024
11895180	7760024
11895181	7760024
11895181	10166096
11895181	10166097
11895182	7760024
11895183	7769916
11895183	12254435
11895183	12255565
11895183	12255566
11895183	12255567
11895183	12255568
11895183	12255569
11895183	12255570
11895184	7769916
11895184	12255592
11895184	12255593
11895184	12255594
11895184	12255595
11895184	12255596
11895184	12255597
11895185	7769916
11895185	12255592
11895185	12255593
11895185	12255594
11895185	12255595
11895185	12255596
11895185	12255597
11895186	1628612
11895187	1628612
11895188	1471211
11895189	1471211
11895190	1471211
11895191	1471211
11895192	12363963
11895192	12366258
11895192	12395742
11895192	12428863
11895192	12527729
11895193	12173792
11895194	10173486
11895195	10173486
11895196	8821351
11895196	8821355
11895196	12619222
11895197	9057162
11895198	8821351
11895198	8821355
11895199	5127789
11895200	5127789
11895201	5127789
11895203	1713675
11895204	1713675
11895205	1713675
11895206	1713675
11895207	874166
11895208	874166
11895209	1622057
11895210	9850212
11895211	1622057
11895213	8565296
11895214	1622057
11895215	1622057
11895216	1622057
11895217	1622057
11895218	1622057
11895220	1622057
11895221	11895859
11895221	11896227
11895221	11927791
11895221	12231598
11895222	981263
11895223	12592459
11895223	12592460
11895223	12592461
11895223	12592462
11895223	12592464
11895223	13092664
11895224	981263
11895225	981263
11895226	981263
11895227	7872882
11895228	7872882
11895229	7872882
11895230	7872882
11895231	2529562
11895232	2529562
11895233	2529562
11895234	2529562
11895235	10586894
11895236	2529562
11895237	2529562
11895238	7551087
11895239	7551087
11895240	7551087
11895241	7121016
11895242	7551087
11895243	7551087
11895244	7551087
11895245	7551087
11895246	7551087
11895247	1705609
11895248	6595190
11895248	6595776
11895248	11896220
11895249	7714983
11895250	7714983
11895251	10655145
11895252	10655145
11895252	11896218
11895253	1556043
11895254	1556043
11895255	6016178
11895255	10655168
11895255	12347898
11895255	12348014
11895255	13811701
11895256	6016178
11895256	10655168
11895256	12347898
11895256	12348014
11895256	13811701
11895257	6016178
11895257	10655168
11895257	11896217
11895257	12347898
11895257	12348014
11895257	13811701
11895258	10655171
11895258	11909827
11895258	12310820
11895259	28088
11895260	9065497
11895260	10655171
11895260	13782098
11895261	9065497
11895261	10655171
11895261	11895855
11895261	11895856
11895261	11896216
11895261	11909827
11895262	1370336
11895263	1370336
11895264	1370336
11895265	1370336
11895266	1370336
11895267	1370336
11895268	1370336
11895269	1370336
11895270	9130150
11895270	10655176
11895270	11973193
11895270	11973194
11895271	8614993
11895272	8614993
11895273	8614993
11895274	8614993
11895275	4927143
11895276	4927143
11895277	10655268
11895277	10655270
11895277	11895850
11895280	10655271
11895280	10655272
11895280	11896215
11895281	10655271
11895281	10655272
11895282	11896141
11895283	11896141
11895284	10655274
11895284	11895852
11895285	10655274
11895286	11897687
11895287	10655274
11895288	4927143
11895289	4927143
11895290	10655274
11895291	4927143
11895292	4927143
11895293	10654485
11895293	10655274
11895294	9111246
11895295	10781430
11895295	11895895
11895295	11895896
11895295	11896214
11895296	11182519
11895297	11182519
11895297	13296515
11895298	11182519
11895299	11182519
11895300	2268711
11895301	2268711
11895302	2268711
11895303	2268711
11895304	6618023
11895305	6618023
11895306	11185631
11895306	11896213
11895307	11185645
11895307	13559474
11895308	11185645
11895309	11545262
11895310	8687890
11895311	8687890
11895312	7227590
11895313	5749404
11895314	5749404
11895315	10471331
11895315	11895320
11895315	11895321
11895315	11895322
11895315	11895323
11895315	11895892
11895316	7984138
11895317	7984138
11895318	7984138
11895319	7984138
11895320	11895315
11895321	11895315
11895322	11895315
11895323	11895315
11895324	5990728
11895325	5990728
11895326	5990728
11895327	5990728
11895328	5814740
11895329	5814740
11895330	5814740
11895331	5814740
11895332	2267666
11895332	5033558
11895333	2267666
11895333	5033558
11895334	6089002
11895334	11895335
11895334	11895336
11895334	11895337
11895334	11895338
11895334	11895339
11895334	11895340
11895335	11895334
11895336	11895334
11895337	11895334
11895338	11895334
11895339	11895334
11895340	11895334
11895341	5718634
11895342	5718634
11895343	5718634
11895344	5718634
11895345	6876153
11895346	6876153
11895347	10170418
11895348	1305350
11895349	10817308
11895350	1305350
11895351	5684832
11895352	1684108
11895353	1684108
11895354	4993024
11895355	4993024
11895356	4993024
11895357	5684826
11895358	5684826
11895359	5684826
11895360	5684826
11895361	4993046
11895362	4993046
11895363	4993046
11895364	6656539
11895365	4993046
11895366	243711
11895367	4993033
11895368	4993033
11895369	6739342
11895370	6739342
11895371	6739342
11895372	6739342
11895373	4329499
11895374	3920194
11895375	6682020
11895376	6682020
11895377	6682020
11895378	6682020
11895379	282070
11895380	6791344
11895381	6791344
11895382	2250819
11895383	2250819
11895384	2250819
11895385	2250819
11895386	8290078
11895387	10471194
11895388	973195
11895389	9694875
11895390	9694875
11895391	7040892
11895392	2250821
11895393	732738
11895394	732738
11895395	7919246
11895396	2250822
11895397	2250822
11895398	7919246
11895399	10816921
11895400	6791412
11895401	6791412
11895402	10816921
11895402	11895887
11895402	11895889
11895402	11895890
11895403	5015210
11895404	5015210
11895405	5015210
11895406	7287868
11895407	5015210
11895408	13107708
11895409	6588124
11895410	6588124
11895411	5015210
11895412	1339952
11895413	5631992
11895414	5631992
11895415	5015225
11895416	5015225
11895417	5015225
11895418	5015225
11895419	5015225
11895420	5015225
11895421	5015225
11895422	5015225
11895423	5015225
11895424	5015225
11895425	6588101
11895426	6588101
11895427	6588101
11895428	7966749
11895428	11937515
11895429	7966749
11895430	1342170
11895431	1342170
11895432	1342170
11895433	1342170
11895434	1342170
11895435	1342170
11895436	1342170
11895437	1342170
11895438	1342170
11895439	1342170
11895440	10367307
11895441	10367307
11895442	9412093
11895443	9412093
11895444	9412093
11895445	9412093
11895446	9412093
11895447	9412093
11895448	11897684
11895449	10462167
11895450	8976123
11895451	8976123
11895452	8976123
11895453	8976123
11895454	8976123
11895455	8976123
11895456	8976123
11895457	8976123
11895458	11896127
11895458	11896128
11895458	13188521
11895459	5413681
11895460	5413681
11895461	5413681
11895462	5413681
11895463	8310759
11895464	8310759
11895465	7786984
11895466	7786984
11895467	7786984
11895468	7786984
11895468	12049417
11895469	597900
11895470	597900
11895471	597900
11895472	597900
11895473	5707877
11895474	5707877
11895475	969426
11895476	791705
11895477	791705
11895478	791705
11895479	791705
11895480	2867738
11895481	2867738
11895482	2867738
11895483	2867738
11895484	329815
11895485	329815
11895486	329815
11895487	329815
11895488	6922658
11895489	6922658
11895490	6922658
11895491	6922658
11895492	5181757
11895493	2259814
11895494	2259814
11895495	2259814
11895496	2259814
11895497	2259814
11895498	2259814
11895499	1174867
11895500	1174867
11895501	1174867
11895502	1174867
11895503	11896126
11895503	11896138
11895504	5855898
11895505	5855898
11895506	5855898
11895507	5855898
11895508	5855898
11895509	5855898
11895510	5855898
11895511	5855898
11895512	5855898
11895514	5855898
11895515	5855898
11895516	5855898
11895517	5855898
11895518	5855898
11895519	5855898
11895520	5855898
11895521	5855898
11895522	5855898
11895523	5855898
11895524	5855898
11895525	5855898
11895526	5855898
11895527	5855898
11895528	5855898
11895529	5855898
11895530	5855898
11895531	5855898
11895532	5855898
11895533	2217164
11895534	2217164
11895535	408175
11895536	408175
11895537	10085302
11895538	10085302
11895539	4417625
11895540	4417625
11895541	1818307
11895542	6641834
11895543	6641834
11895544	362730
11895545	362730
11895546	362730
11895547	362730
11895548	362730
11895549	362730
11895550	362730
11895551	1684273
11895552	1684273
11895553	1684273
11895554	1684273
11895555	1684273
11895556	1684273
11895557	7978465
11895558	7978465
11895559	836178
11895560	836178
11895561	836178
11895562	836178
11895563	2451756
11895564	2451756
11895565	2451756
11895566	2451756
11895567	2451756
11895568	2451756
11895569	7956462
11895570	7956462
11895571	2888557
11895572	4094207
11895573	4094207
11895574	4094207
11895575	2547337
11895576	2547337
11895577	341228
11895578	341228
11895579	7329697
11895580	7329697
11895581	657229
11895582	657229
11895583	4803294
11895584	4803294
11895585	2107368
11895586	2107368
11895587	2107368
11895588	2107368
11895589	2107368
11895590	2107368
11895591	2107368
11895592	2107368
11895593	6615005
11895594	6615005
11895595	7937437
11895595	9207555
11895596	7937437
11895597	7937437
11895598	7937437
11895599	7937437
11895600	7937437
11895601	7937437
11895602	7937437
11895603	5270168
11895604	5270168
11895605	1013922
11895606	1013922
11895607	1013922
11895608	1013922
11895609	1013922
11895610	1013922
11895611	1013922
11895612	1013922
11895613	1013922
11895614	1013922
11895615	3842241
11895616	3842241
11895617	3842241
11895618	3842241
11895619	3842241
11895620	3842241
11895621	3842241
11895622	3842241
11895623	3842241
11895624	3842241
11895625	3842241
11895626	3842241
11895627	3842241
11895628	3842241
11895629	3842241
11895630	3842241
11895631	2441637
11895632	2441637
11895633	2441637
11895634	2441637
11895635	2441637
11895636	2441637
11895637	6644867
11895638	3608804
11895639	3608804
11895640	677922
11895641	1354043
11895642	1354043
11895643	1354043
11895644	1354043
11895645	1354043
11895646	1354043
11895647	1354043
11895648	1354043
11895649	3443604
11895650	2304884
11895651	2304884
11895652	3403646
11895653	3403646
11895654	5767718
11895655	5767718
11895656	5767718
11895657	5767718
11895659	561016
11895660	4343371
11895661	4343371
11895662	3836998
11895663	3836998
11895664	3836998
11895665	3836998
11895666	2456262
11895667	2456262
11895668	1937089
11895669	1937089
11895670	1937089
11895671	1895547
11895672	1895547
11895673	1895547
11895674	1895547
11895675	1895547
11895676	7359415
11895677	7359415
11895678	12354526
11895678	12361695
11895678	13188520
11895679	1307447
11895680	1307447
11895681	3770682
11895682	3770682
11895683	2223355
11895684	6180916
11895685	6180916
11895686	6180916
11895687	1868192
11895688	1868192
11895689	1868192
11895690	1868192
11895691	1695485
11895692	1695485
11895693	1695485
11895694	1695485
11895695	3138395
11895696	3138395
11895697	8244917
11895698	8244917
11895699	3884328
11895700	3884328
11895701	3884328
11895702	3884328
11895703	3437813
11895704	3437813
11895705	2122708
11895706	2122708
11895707	2122708
11895708	2122708
11895709	3163154
11895710	3163154
11895711	6645583
11895712	6645583
11895713	6645583
11895714	6645583
11895715	1769338
11895716	1769338
11895717	1769338
11895718	1769338
11895719	1769338
11895720	6002081
11895721	511458
11895722	511458
11895723	511458
11895724	511458
11895725	511458
11895726	511458
11895727	511458
11895728	511458
11895729	941003
11895730	941003
11895731	2223084
11895732	2223084
11895733	365014
11895734	365014
11895735	1341212
11895736	1341212
11895737	1341212
11895738	1341212
11895739	8190758
11895740	8190758
11895741	1405485
11895742	1405485
11895743	1405485
11895744	1405485
11895745	2983748
11895746	2983748
11895747	2983748
11895748	2983748
11895749	2983748
11895750	2983748
11895751	2983748
11895752	2983748
11895753	2983748
11895754	2983748
11895755	2983748
11895756	2983748
11895757	444882
11895758	444882
11895759	444882
11895760	444882
11895761	11895762
11895761	11895763
11895761	12970600
11895762	11895761
11895763	11895761
11895764	13188519
11895766	13188517
11895767	339612
11895767	413891
11895767	1134166
11895767	10875820
11895767	10875821
11895767	11895768
11895768	50936
11895768	339612
11895768	10875820
11895768	10875821
11895768	11895767
11895769	9460745
11895770	11895883
11895770	13188515
11895770	13322529
11895770	13322530
11895771	11124190
11895772	13054816
11895773	11637025
11895773	12063366
11895774	9539918
11895775	11590812
11895776	7077457
11895777	10025877
11895778	7077457
11895779	7077457
11895780	2196279
11895780	11895833
11895780	11896211
11895780	11927781
11895781	7077457
11895783	11035563
11895783	12296674
11895784	10207324
11895784	11895785
11895785	11895784
11895786	10798451
11895787	11897683
11895788	11160192
11895789	2237654
11895790	6438155
11895791	9106680
11895791	9106682
11895791	11895797
11895791	11895880
11895791	11895881
11895791	11895882
11895791	11896208
11895791	11927775
11895792	9127109
11895792	11895794
11895792	11895832
11895792	11896209
11895792	12005906
11895792	12005908
11895793	4617392
11895793	11895798
11895793	11895801
11895793	11895802
11895793	11895803
11895793	11900642
11895793	12190483
11895794	11895792
11895795	247986
11895795	1607695
11895796	247986
11895797	11895791
11895797	11895804
11895798	4617392
11895798	11895793
11895798	11895801
11895798	11895802
11895798	11900642
11895798	12190483
11895799	680557
11895799	3023733
11895800	4495662
11895801	4617392
11895801	11895793
11895801	11895798
11895801	11903788
11895801	12190483
11895802	4617392
11895802	11895793
11895802	11895798
11895802	11900642
11895803	11895793
11895804	9106678
11895804	9106679
11895804	11895797
11895804	11896206
11895804	11909404
11895804	11927775
11895804	12005904
11895805	9178441
11895806	11928005
11895806	11928008
11895806	11973190
11895806	11973191
11895806	12495955
11895806	13188514
11895806	13291343
11895808	4501917
11895809	5148884
11895810	2218117
11895811	10464092
11895811	11895877
11895811	11895878
11895811	11895879
11895812	13503612
11895812	13503613
11895812	13503614
11895812	13503615
11895813	7550222
11895813	7550223
11895813	11895831
11895813	11895874
11895813	11896205
11895813	11973188
11895813	11973189
11895814	9099799
11895814	11895815
11895814	11895870
11895814	11895871
11895814	11895872
11895814	12116962
11895814	12117097
11895814	12117904
11895814	12117934
11895815	11895814
11895816	11206253
11895816	11898001
11895817	10785374
11895817	10785375
11895817	11895866
11895817	11895867
11895817	11895868
11895817	11902462
11895817	11902463
11895817	11911998
11895817	11911999
11895817	11947931
11895817	11967758
11895817	11973182
11895817	11973183
11895817	11973184
11895818	3822094
11895818	3928835
11895818	4312794
11895818	8880463
11895818	11388589
11895819	2877266
11895819	3630060
11895819	3630229
11895819	13125997
11895820	11891454
11895821	11873701
11895821	11873702
11895822	11873693
11895823	11299172
11895824	11299172
11895825	9541098
11895826	9127835
11895827	9127835
11895829	9127835
11895830	10919599
11895831	11895813
11895832	11895792
11895833	11895780
11895834	11895865
11895834	13188513
11895835	10919599
11895836	539114
11895837	11372598
11895838	11372598
11895839	539107
11895839	9686966
11895839	13284345
11895839	13284346
11895840	4217745
11895840	4217812
11895840	5054387
11895840	5076332
11895841	9447172
11895842	507725
11895842	530924
11895842	547832
11895842	12206155
11895843	9447172
11895844	11970308
11895844	11973172
11895844	11973173
11895844	11973174
11895844	11973175
11895844	11973177
11895844	11973178
11895844	11973180
11895844	11973181
11895845	9447172
11895846	7586424
11895847	530899
11895848	7586424
11895849	9600108
11895850	11895277
11895851	4892625
11895851	5750254
11895851	5750425
11895851	9112853
11895851	10261719
11895851	12203489
11895852	11895284
11895853	7071688
11895854	529940
11895854	1501131
11895854	10136078
11895855	11895261
11895856	11895261
11895857	11269025
11895858	11269025
11895859	11895221
11895859	12231598
11895860	529938
11895860	12365519
11895861	11269025
11895862	11132691
11895863	11132691
11895864	11132691
11895865	11895834
11895866	11895817
11895867	11895817
11895868	11895817
11895869	551805
11895869	2118703
11895869	13384529
11895869	13385372
11895870	11895814
11895871	11895814
11895872	11895814
11895873	8095181
11895873	9109240
11895874	11895813
11895875	9107201
11895875	9108747
11895875	9108767
11895875	13007836
11895876	9447173
11895877	11895811
11895877	12447057
11895878	11895811
11895879	11895811
11895880	11895791
11895881	11895791
11895882	11895791
11895883	11895770
11895884	7968307
11895885	551754
11895887	11895402
11895888	10721205
11895889	11895402
11895890	11895402
11895891	10721205
11895892	11895315
11895892	12215063
11895893	11269028
11895894	11269028
11895895	11895295
11895896	11895295
11895897	11132694
11895898	11132694
11895900	11895144
11895902	11894903
11895903	11894880
11895904	11894875
11895905	11894724
11895906	11894641
11895907	8901761
11895908	11894585
11895909	11894455
11895910	10721276
11895911	11894455
11895912	11893421
11895913	11132707
11895913	11132708
11895914	11893377
11895915	11893377
11895916	11893354
11895917	12406678
11895918	11896121
11895918	11896122
11895918	13188512
11895919	8968284
11895920	5234407
11895921	10664124
11895921	11896243
11895922	11892878
11895923	18092
11895923	414063
11895924	414063
11895925	414063
11895926	18092
11895927	776339
11895929	402908
11895931	402908
11895932	29597
11895933	464996
11895934	464996
11895935	464996
11895936	464996
11895937	464996
11895938	464996
11895939	776339
11895940	776339
11895942	8164862
11895942	11896202
11895944	4516491
11895945	4240391
11895946	9687655
11895947	315417
11895948	3866682
11895949	9687655
11895951	4124737
11895952	11897682
11895953	243176
11895953	551843
11895953	2829632
11895954	10721300
11895955	7532932
11895956	7532932
11895957	11407739
11895958	316567
11895960	316567
11895961	7895395
11895962	743104
11895963	11335582
11895964	312055
11895965	279888
11895966	29764
11895967	29764
11895968	29764
11895969	9117204
11895970	11895971
11895971	11895970
11895971	11896018
11895971	11896019
11895971	13379208
11895971	13379210
11895972	279150
11895973	279150
11895974	279150
11895975	11356470
11895976	11895977
11895977	11895976
11895977	12044373
11895978	11356470
11895979	11274336
11895980	11274336
11895981	2833891
11895982	2833891
11895983	2833891
11895984	11026515
11895985	11026515
11895986	11295947
11895987	1487453
11895988	8493595
11895990	11390022
11895991	9986444
11895992	11285543
11895993	6335474
11895994	6522738
11895994	13087378
11895995	3763397
11895995	7426488
11895996	2504509
11895997	3763397
11895997	7426488
11895998	3763397
11895998	7426488
11895999	11285543
11896000	8464020
11896002	11238848
11896003	11238848
11896004	11238848
11896005	8500113
11896008	11896009
11896009	11896008
11896009	11896016
11896010	2840700
11896011	2840700
11896013	2522557
11896014	2522557
11896015	2522557
11896016	11896009
11896016	11910270
11896017	13188511
11896017	13237649
11896017	13237650
11896018	11895971
11896019	11895971
11896020	2644088
11896021	10629040
11896022	10629040
11896023	2646144
11896024	10156048
11896025	10798854
11896029	7043212
11896030	3917413
11896031	10014318
11896033	8000332
11896034	577813
11896035	3821889
11896036	38456
11896037	18097
11896038	3909658
11896039	3909658
11896040	18097
11896041	18097
11896042	8922810
11896043	8922810
11896044	38456
11896045	38456
11896046	2300066
11896046	2300067
11896047	577813
11896048	577813
11896049	3177862
11896050	306581
11896051	13092663
11896052	306581
11896053	11896059
11896053	11896060
11896053	13032679
11896054	317474
11896055	662711
11896056	662711
11896057	662711
11896058	662711
11896058	1196772
11896059	11896053
11896060	11896053
11896061	1196772
11896062	1196772
11896063	4455335
11896064	1196772
11896065	1927983
11896065	10841862
11896065	10844050
11896066	317404
11896067	265601
11896067	464975
11896067	1004017
11896067	3757615
11896067	3757618
11896067	3757619
11896067	4591388
11896067	4984223
11896068	314294
11896069	11043943
11896070	238568
11896072	2829632
11896073	305828
11896074	268809
11896075	9051990
11896075	10981576
11896076	1742231
11896076	11885970
11896077	263161
11896078	11896082
11896079	10981019
11896079	10981025
11896079	11896096
11896079	11896107
11896079	12633155
11896080	248483
11896081	297077
11896082	11896078
11896083	11885968
11896083	11931112
11896084	257835
11896085	11885968
11896085	11931110
11896085	11931111
11896086	6111019
11896086	6111445
11896086	6112085
11896086	11181707
11896087	1553393
11896088	3794008
11896088	3794026
11896088	10981042
11896089	6477563
11896090	11885965
11896090	11931108
11896090	11931109
11896091	7272854
11896091	13804470
11896091	13804472
11896092	11885965
11896092	11931109
11896093	6477603
11896094	4861675
11896095	11184674
11896096	10981019
11896096	10981025
11896096	11896079
11896096	11896098
11896096	11896107
11896096	12633155
11896097	6534629
11896098	10981019
11896098	10981025
11896098	11896096
11896098	11896107
11896098	12633155
11896099	11885963
11896099	11931108
11896099	11931109
11896100	2280492
11896100	11885959
11896101	2280492
11896101	11885959
11896102	11885957
11896103	11984807
11896103	12313491
11896103	12313492
11896103	13175202
11896103	13175203
11896104	11885956
11896105	1383751
11896105	7523200
11896105	11885956
11896105	11931088
11896105	13128787
11896106	802202
11896106	1383751
11896106	7523200
11896106	11885956
11896106	12021716
11896106	13128787
11896107	10981019
11896107	10981025
11896107	11896079
11896107	11896096
11896107	11896098
11896107	12633155
11896108	3737068
11896109	7523200
11896109	11885956
11896109	11931104
11896109	12021715
11896109	12204259
11896110	11885377
11896111	5116976
11896111	5117390
11896112	11885345
11896113	68492
11896113	11885345
11896114	13092662
11896115	8427187
11896116	11884980
11896116	11931102
11896116	11931103
11896117	8180559
11896117	8737547
11896117	8737549
11896117	8963577
11896117	9030008
11896118	9029192
11896118	9029782
11896119	9029241
11896119	9029779
11896120	9029322
11896120	9029323
11896121	11895918
11896122	11895918
11896123	12446581
11896124	9029041
11896125	9029224
11896125	9029311
11896126	11895503
11896126	11896138
11896127	11895458
11896128	11895458
11896129	11877993
11896130	11893456
11896131	4943619
11896131	4943620
11896131	4943753
11896131	11896420
11896132	11893278
11896132	11893469
11896133	11893278
11896133	11893469
11896134	11893278
11896134	11893470
11896135	11893278
11896135	11893470
11896136	11896137
11896137	11896136
11896138	11895503
11896138	11896126
11896139	9029226
11896139	9029310
11896139	13401762
11896141	11895282
11896141	11895283
11896142	538541
11896142	1021038
11896142	1537913
11896142	7901238
11896143	11894874
11896144	5217486
11896145	11894666
11896145	11894721
11896145	13363356
11896146	11896147
11896146	11896150
11896147	11896146
11896148	11896149
11896148	11896151
11896149	11896148
11896149	11896154
11896150	11896146
11896151	11896148
11896151	11896154
11896152	11896156
11896152	11896158
11896153	1230517
11896153	2217414
11896153	2419691
11896154	11896149
11896154	11896151
11896155	11897681
11896155	12967750
11896155	13284567
11896156	11896152
11896157	11896165
11896157	11896177
11896157	11896189
11896157	11896494
11896157	11896516
11896157	11896636
11896157	11896647
11896157	13428186
11896157	13482909
11896157	13789374
11896158	11896152
11896159	11896160
11896159	11896161
11896159	11896162
11896159	11896163
11896159	11896168
11896159	12550980
11896160	11896159
11896160	11896161
11896161	11896159
11896161	11896160
11896161	11896162
11896161	11896163
11896161	11896168
11896162	11896159
11896162	11896161
11896163	11896159
11896163	11896161
11896164	7122477
11896165	11896157
11896165	11896177
11896165	11896189
11896165	11896494
11896165	11896516
11896165	11896636
11896165	11896647
11896165	12794232
11896165	13428186
11896165	13482907
11896165	13789374
11896166	7122477
11896167	7122477
11896168	11896159
11896168	11896161
11896169	11443971
11896170	11443971
11896172	13255486
11896173	11443971
11896174	11896191
11896175	11443971
11896176	11443971
11896177	11896157
11896177	11896165
11896177	11896189
11896177	11896494
11896177	11896516
11896177	11896636
11896177	11896647
11896177	13789374
11896178	9618885
11896179	7233511
11896180	9647107
11896181	7233511
11896182	8323472
11896183	7233511
11896184	7312166
11896185	2078348
11896186	7233511
11896187	8025002
11896188	5131912
11896188	11944035
11896188	13184441
11896189	11896157
11896189	11896165
11896189	11896177
11896189	11896494
11896189	11896516
11896189	11896636
11896189	11896647
11896189	12794232
11896189	13142587
11896189	13428186
11896189	13482907
11896189	13482909
11896189	13789374
11896190	7233511
11896191	11896174
11896192	7869988
11896193	7527030
11896193	13653429
11896194	10669326
11896195	7579760
11896196	11697475
11896197	2866714
11896198	8754898
11896199	9580597
11896200	9568720
11896201	9302167
11896202	11895942
11896202	13507310
11896203	9302167
11896204	8969113
11896205	11895813
11896206	11895804
11896207	9996857
11896208	11895791
11896209	11895792
11896210	9996857
11896211	11895780
11896211	13183848
11896212	10125342
11896213	11895306
11896214	11895295
11896215	11895280
11896216	11895261
11896216	13103360
11896217	11895257
11896217	12348014
11896217	13556812
11896218	11895252
11896219	10125342
11896220	11895248
11896220	13537600
11896221	11337210
11896222	11337210
11896222	12223474
11896223	10953944
11896224	11337210
11896225	11896240
11896225	11896242
11896225	13092661
11896226	10649862
11896226	11903709
11896227	11895221
11896228	11361282
11896229	5755184
11896230	11895070
11896230	13658114
11896231	11895069
11896231	13113393
11896231	13205629
11896232	11895064
11896233	11257583
11896234	11895008
11896235	11895001
11896235	13266093
11896236	6080115
11896236	11897144
11896237	11894982
11896238	11894975
11896239	11894973
11896240	11896225
11896241	11894917
11896241	13181737
11896242	11896225
11896243	11895921
11896244	11893995
11896244	13298745
11896245	11893937
11896245	13148051
11896246	4752725
11896247	4752725
11896248	1830975
11896249	2006497
11896250	320727
11896250	13168125
11896250	13168128
11896251	11859263
11896252	13092660
11896252	13453660
11896253	11896257
11896253	13092659
11896254	1234480
11896255	2406143
11896256	274016
11896256	13225753
11896257	11896253
11896257	13714913
11896257	13714916
11896258	2057819
11896259	258555
11896260	7392343
11896260	13136488
11896260	13136489
11896261	11092012
11896262	11092012
11896263	1845503
11896263	13562648
11896264	2290300
11896264	13581327
11896264	13581329
11896265	9009572
11896266	1821606
11896267	10024231
11896267	10025090
11896268	3909080
11896269	3909080
11896270	3909080
11896271	5371582
11896272	11612723
11896273	5987321
11896274	2146210
11896275	2398634
11896275	2399993
11896276	7511993
11896277	6710288
11896277	13636990
11896278	313277
11896279	5933728
11896279	5967649
11896279	13354142
11896279	13354143
11896279	13354151
11896280	84280
11896281	2252729
11896282	8367629
11896283	3791362
11896284	101847
11896285	9771075
11896286	1092334
11896287	2957115
11896288	1665140
11896289	2957115
11896290	1303578
11896290	11896294
11896290	11904164
11896291	3919176
11896293	6514419
11896293	12542720
11896293	12542722
11896294	1303577
11896294	1303578
11896294	1304570
11896294	11896290
11896294	11896303
11896294	11904164
11896296	1064388
11896296	13227001
11896297	22251
11896298	6529644
11896299	6810297
11896299	12599973
11896300	2281835
11896301	12906438
11896302	6396682
11896302	13205754
11896303	1303578
11896303	11896294
11896303	11904164
11896304	9357217
11896304	10346195
11896305	10349846
11896306	10498859
11896307	9525719
11896307	13515663
11896308	8282049
11896309	6691458
11896310	8297807
11896311	10229476
11896311	12594572
11896311	12594574
11896311	12594696
11896312	6500254
11896313	259836
11896314	8075339
11896315	8934034
11896315	13199042
11896316	29167
11896316	12114736
11896317	10716465
11896318	3299580
11896318	13643810
11896319	3909862
11896320	8581434
11896321	4529415
11896322	5840376
11896324	11693434
11896325	5128012
11896325	11418758
11896327	4210886
11896328	6438870
11896328	13145922
11896328	13145923
11896329	2075215
11896330	7405929
11896330	13525968
11896331	9483537
11896332	4021481
11896333	9483537
11896334	6347346
11896335	9004777
11896335	11904163
11896336	11896340
11896337	3030910
11896339	5767584
11896339	13170766
11896340	11896336
11896341	5346221
11896342	5655037
11896343	2883084
11896344	6393070
11896345	3387530
11896346	3924663
11896347	5481105
11896348	6580879
11896349	2915196
11896349	13105031
11896350	7667985
11896351	8534254
11896351	13158572
11896352	11896432
11896352	13137071
11896353	6741752
11896354	5241986
11896354	12757383
11896355	6537503
11896356	4529415
11896357	2171237
11896358	4660353
11896359	3057109
11896359	3584756
11896360	2695883
11896361	3104434
11896362	6210014
11896363	3966062
11896364	5384452
11896365	7792746
11896365	13143060
11896366	3239851
11896367	2275754
11896367	13532194
11896367	13532195
11896368	5370944
11896369	7204969
11896370	2790595
11896371	11896372
11896372	11896371
11896373	12910538
11896374	11896375
11896375	11896374
11896376	7285396
11896377	5906281
11896378	7874798
11896380	3539480
11896381	3689857
11896382	8763542
11896383	11896385
11896384	10854414
11896385	11896383
11896386	3222796
11896387	10367200
11896388	2947549
11896389	6050343
11896390	5516921
11896391	4159782
11896392	8844921
11896393	3871130
11896394	5991126
11896397	3057777
11896401	9034407
11896402	2427910
11896403	5536717
11896403	13148545
11896403	13193274
11896404	12407046
11896405	8467082
11896406	3311664
11896408	6552392
11896409	6851147
11896410	3216292
11896411	8690883
11896412	8663017
11896413	8953718
11896414	13664435
11896415	2568655
11896416	5791346
11896416	13550139
11896417	5332379
11896418	7356811
11896419	2498743
11896419	13168792
11896419	13205656
11896420	4943619
11896420	4943620
11896420	4943753
11896420	11896131
11896421	6629488
11896421	13162378
11896421	13205653
11896422	10361945
11896423	2811464
11896424	10636844
11896424	13193263
11896424	13200320
11896425	7953996
11896427	9995952
11896427	13167577
11896428	9995955
11896430	5769823
11896430	13170765
11896430	13176487
11896431	9995966
11896432	11896352
11896432	13137071
11896433	9995968
11896435	10104013
11896436	8470147
11896438	6092950
11896438	10252133
11896440	10260361
11896440	12381146
11896442	5318437
11896443	6634565
11896444	11794694
11896445	2570794
11896445	13667963
11896445	13667964
11896447	6458099
11896447	13106665
11896447	13106666
11896449	3391723
11896451	3958878
11896451	13658112
11896452	6285320
11896453	7043564
11896453	13308701
11896453	13308702
11896454	7258113
11896455	11896456
11896456	11896455
11896459	80055
11896459	323662
11896459	11497714
11896461	8299514
11896462	8407963
11896463	11213125
11896464	11896465
11896465	11896464
11896468	6296970
11896469	4612393
11896471	6580415
11896471	13128346
11896472	8421060
11896472	13562570
11896472	13562572
11896474	7095261
11896474	13534277
11896475	10275607
11896477	8807308
11896478	8100146
11896478	13107314
11896478	13111385
11896478	13205651
11896479	2499034
11896479	13138958
11896479	13138962
11896480	12455844
11896480	12489077
11896480	13092658
11896481	8807314
11896482	3044120
11896484	7311737
11896485	2364029
11896486	2875133
11896487	7804885
11896489	11896490
11896490	11896489
11896491	5812795
11896491	13812977
11896492	2221017
11896492	2222103
11896492	2222104
11896492	7337354
11896493	2791125
11896494	11896157
11896494	11896165
11896494	11896177
11896494	11896189
11896494	11896516
11896494	11896636
11896494	11896647
11896494	13482907
11896494	13482909
11896494	13789374
11896495	7337359
11896496	2753156
11896496	13660391
11896497	7337359
11896498	8031500
11896498	8031501
11896499	11676018
11896499	11833989
11896500	1617422
11896501	8097851
11896502	1754942
11896503	1754942
11896503	13542575
11896504	2250028
11896506	7851401
11896507	1880645
11896507	13110684
11896507	13542574
11896508	1880645
11896508	13110684
11896508	13110685
11896509	2252590
11896510	6640451
11896510	13581198
11896511	2252591
11896512	5170166
11896513	7417850
11896514	5473716
11896514	6910017
11896515	9315620
11896516	11896157
11896516	11896165
11896516	11896177
11896516	11896189
11896516	11896494
11896516	11896636
11896516	11896647
11896516	13428186
11896516	13789374
11896517	5840417
11896518	5827101
11896519	6833123
11896520	6085169
11896521	6440526
11896522	2214387
11896522	13637047
11896523	4237793
11896524	8203244
11896524	13166375
11896525	7006155
11896525	13240392
11896526	2235470
11896526	13581545
11896527	11896529
11896528	5806472
11896529	11896527
11896530	5287981
11896531	9337029
11896532	7759740
11896533	4913138
11896534	4540422
11896535	8599420
11896536	7807521
11896537	7417852
11896538	9315622
11896539	9315630
11896539	13166393
11896539	13166394
11896539	13319349
11896540	9995671
11896541	11418350
11896542	11798450
11896543	11893428
11896544	1818825
11896545	7490215
11896546	1818825
11896547	8484769
11896548	9315632
11896548	13179283
11896548	13179284
11896549	9315806
11896549	13528620
11896549	13528621
11896550	11580866
11896552	7351258
11896553	1784527
11896554	10508904
11896554	11576966
11896555	13085298
11896556	2776367
11896556	13213617
11896557	7637485
11896557	13120843
11896557	13316011
11896558	7637485
11896558	13120843
11896558	13126522
11896559	6447237
11896560	2721901
11896561	2092995
11896561	13142164
11896561	13402559
11896561	13534490
11896562	6620593
11896563	7358513
11896563	7358514
11896564	5220224
11896565	8455038
11896566	1699952
11896566	13627272
11896567	1699952
11896568	3881494
11896569	9835180
11896570	10255783
11896570	13235402
11896571	11540575
11896571	13213741
11896571	13213746
11896571	13213747
11896572	9835212
11896573	11540576
11896574	11836511
11896575	9835245
11896576	8070376
11896576	13161069
11896576	13161070
11896576	13205645
11896577	8070384
11896578	8070508
11896578	8070511
11896579	9030671
11896579	9030672
11896579	13161340
11896579	13205644
11896580	9030673
11896581	10249293
11896582	11562320
11896583	11885000
11896583	11885002
11896583	11931098
11896583	12439862
11896584	11885000
11896584	11885002
11896584	11931096
11896585	11885000
11896585	11885002
11896585	11931098
11896585	11931099
11896585	12439862
11896586	11885000
11896586	11885002
11896586	11931096
11896586	11931097
11896587	11884999
11896587	11885001
11896587	11931094
11896589	2856379
11896589	13216726
11896590	11884999
11896590	11885001
11896590	11931093
11896590	11931094
11896591	9866892
11896592	11884999
11896592	11885001
11896592	11931089
11896592	11931090
11896593	10288337
11896594	1733542
11896595	1798517
11896595	13154947
11896596	2901816
11896596	2901818
11896596	2901819
11896597	2901821
11896598	9836583
11896599	9857187
11896601	10250615
11896602	3307417
11896603	2439775
11896604	11381258
11896605	4538259
11896606	11381258
11896607	7548578
11896608	9836874
11896609	4472948
11896610	9836873
11896611	6942314
11896612	10038437
11896614	3145050
11896615	2138439
11896615	13143101
11896615	13143105
11896616	3382742
11896617	6373664
11896617	13126850
11896617	13126854
11896618	11549454
11896619	10462100
11896620	7891984
11896621	10463585
11896622	3401537
11896623	5813893
11896624	2839428
11896625	5269331
11896626	5663577
11896627	6115238
11896628	3160256
11896629	11896630
11896630	11896629
11896631	11549559
11896632	10259160
11896633	10214770
11896634	3555074
11896635	8325420
11896635	13195840
11896636	11896157
11896636	11896165
11896636	11896177
11896636	11896189
11896636	11896494
11896636	11896516
11896636	11896647
11896636	13789374
11896637	3001103
11896637	13301602
11896638	7672637
11896638	13158282
11896639	2207446
11896639	13162251
11896640	8502706
11896641	8414780
11896641	13293654
11896642	3062186
11896643	11896682
11896644	1944671
11896645	1944673
11896646	8070388
11896647	11896157
11896647	11896165
11896647	11896177
11896647	11896189
11896647	11896494
11896647	11896516
11896647	11896636
11896647	13789374
11896648	10261245
11896649	10261245
11896650	9842344
11896651	11838671
11896652	2436437
11896652	13208837
11896653	1789771
11896654	2207246
11896655	2872484
11896655	2872485
11896655	13229824
11896656	6285037
11896657	2760954
11896658	8048814
11896659	2483398
11896660	5723783
11896660	13538770
11896661	6850889
11896662	5723783
11896663	9367740
11896664	9848001
11896664	9848002
11896665	8164418
11896665	8164420
11896665	13657840
11896666	8164418
11896666	13657840
11896667	6547794
11896668	3093820
11896669	3010169
11896670	5782944
11896671	9848084
11896672	11896674
11896673	7031531
11896674	11896672
11896675	5242359
11896676	4945655
11896677	3343962
11896678	10462088
11896679	11122920
11896680	5664680
11896680	13194543
11896680	13194544
11896681	3692374
11896682	11896643
11896683	5388997
11896684	9848102
11896685	6902481
11896686	3093822
11896687	9848104
11896687	13210263
11896688	3754193
11896689	9848105
11896690	4649570
11896690	13310621
11896691	9848106
11896692	5363882
11896693	11896703
11896694	7069842
11896695	10877075
11896696	10877075
11896697	2214200
11896698	7188016
11896699	10877075
11896700	10877075
11896701	7188034
11896702	10877075
11896703	11896693
11896704	10877075
11896705	2355143
11896706	1836232
11896706	2510141
11896707	11896716
11896708	2827018
11896708	13264214
11896709	6608775
11896710	6327179
11896710	13532773
11896710	13567758
11896711	2263432
11896712	11896715
11896713	9850005
11896714	8637198
11896714	13143744
11896714	13143746
11896715	11896712
11896715	12903918
11896716	11896707
11896717	9153884
11896718	2214356
11896719	9161597
11896720	2736563
11896721	9161598
11896722	1756633
11896722	5812939
11896722	5812945
11896722	5812972
11896722	8420518
11896722	8420519
11896723	6884229
11896724	5808493
11896725	468675
11896726	7143834
11896726	7143835
11896727	12550836
11896727	12550837
11896728	7435726
11896729	11896731
11896730	10202613
11896731	11896729
11896732	11259717
11896733	7849809
11896734	6664037
11896734	7182611
11896735	1720595
11896736	5391476
11896737	2849260
11896738	2292433
11896738	13169029
11896738	13169031
11896739	6267218
11896739	10633177
11896739	11738519
11896739	11896746
11896739	11896755
11896740	4856292
11896740	13168758
11896741	8143321
11896742	7865105
11896743	5639197
11896743	13143501
11896743	13143504
11896744	1736053
11896745	11695572
11896746	6267218
11896746	11738519
11896746	11896739
11896746	11896755
11896747	6211329
11896748	3976621
11896748	13193268
11896749	7785702
11896749	7787557
11896749	10633178
11896749	11935126
11896750	11838772
11896751	3248418
11896752	10350911
11896753	7356820
11896754	8374505
11896755	11896739
11896755	11896746
11896756	2269450
11896757	9834742
11896758	7562290
11896758	10633573
11896759	11838766
11896760	2776209
11896761	9851974
11896762	7289232
11896763	9852110
11896765	10463551
11896766	11896768
11896766	11896770
11896766	11896773
11896766	11896774
11896766	11896776
11896766	11896787
11896766	11896791
11896766	11896795
11896766	11896808
11896766	11896816
11896766	11896822
11896766	11896826
11896766	11896829
11896766	11896833
11896766	12883867
11896767	10507175
11896768	11896766
11896769	7329498
11896769	13164063
11896769	13164068
11896770	11896766
11896771	3303738
11896771	13582906
11896772	3250942
11896773	11896766
11896774	11896766
11896775	6614730
11896775	13175879
11896775	13175881
11896776	11896766
11896777	4149488
11896778	8031503
11896779	6999942
11896780	4826248
11896781	6008852
11896782	2311461
11896784	10288040
11896785	11810035
11896786	3223232
11896786	13126234
11896787	11896766
11896788	7499750
11896789	7331829
11896789	7331833
11896790	4171924
11896791	11896766
11896792	8188814
11896793	8264215
11896794	11580774
11896795	11896766
11896796	8188811
11896797	2185199
11896797	13582861
11896798	2185199
11896798	13582859
11896799	4171930
11896800	10122325
11896800	10876882
11896801	3989225
11896802	11600286
11896803	1272717
11896804	3491159
11896805	3491159
11896806	7557237
11896806	8910092
11896806	13171452
11896806	13171453
11896806	13205641
11896806	13576052
11896807	5193103
11896808	11896766
11896809	7071667
11896809	13164416
11896810	9062061
11896810	11903845
11896810	11903848
11896811	3355698
11896811	10211822
11896812	10625113
11896813	11635834
11896814	7845829
11896814	13571715
11896815	3123947
11896816	11896766
11896817	11896820
11896818	7845836
11896818	13571585
11896819	8147306
11896820	11896817
11896821	6311701
11896821	13537909
11896821	13537912
11896822	11896766
11896823	8474629
11896823	13141697
11896824	7284734
11896824	11903650
11896825	2536903
11896826	11896766
11896827	2536903
11896828	7804552
11896829	11896766
11896829	12723026
11896830	8139904
11896831	8697751
11896832	7341833
11896832	13566557
11896833	11896766
11896834	9358616
11896835	2247148
11896836	7302910
11896836	13222335
11896837	6973310
11896838	2570904
11896838	13404970
11896839	7665432
11896839	13299885
11896840	8717085
11896841	1741505
11896841	7257415
11896841	13168628
11896841	13168630
11896841	13205636
11896841	13299888
11896842	13092657
11896843	1090016
11896843	11548886
11896843	11962193
11896844	2446785
11896844	13162841
11896844	13660385
11896845	7491493
11896845	13182535
11896845	13182538
11896845	13205635
11896845	13299887
11896846	6802331
11896846	13144499
11896846	13144502
11896847	7716145
11896847	13157854
11896848	2721908
11896849	8152774
11896849	13227978
11896849	13227980
11896850	8152775
11896850	13299902
11896851	8152776
11896851	13154933
11896851	13299903
11896851	13299904
11896852	3456894
11896853	7812367
11896854	8206403
11896854	13527425
11896855	2566008
11896855	13103547
11896856	8206404
11896857	9833179
11896858	4518735
11896858	13638376
11896858	13638377
11896859	9833179
11896860	10233743
11896861	9857202
11896861	13182596
11896861	13182598
11896862	9857217
11896862	10450255
11896862	13660381
11896863	3462103
11896863	3465124
11896863	11563950
11896864	5378757
11896865	3433979
11896866	8078614
11896866	12542742
11896866	12542743
11896867	11834777
11896868	5388606
11896868	11985887
11896869	10030940
11896869	10030950
11896869	11962192
11896869	12022935
11896869	12022936
11896869	12160144
11896869	12160182
11896869	12160195
11896870	11834778
11896871	11834780
11896871	13115678
11896872	2292308
11896872	13177587
11896873	3382691
11896873	13117954
11896874	6358366
11896875	6358366
11896876	7523200
11896876	11885956
11896876	13128787
11896877	2875438
11896878	7523200
11896878	11885956
11896878	13128787
11896879	2910603
11896879	13520890
11896880	802202
11896880	1383751
11896880	7523200
11896880	11885956
11896880	11931088
11896880	13128787
11896881	10131398
11896881	11962186
11896881	12322932
11896881	12322933
11896881	12322935
11896881	13170580
11896882	2910607
11896882	2910608
11896882	13182652
11896883	11896886
11896883	11896895
11896883	11896898
11896883	11896903
11896883	11896909
11896883	11896935
11896883	11896950
11896883	11896954
11896883	11896961
11896883	11896965
11896883	11896967
11896883	11896970
11896883	11896972
11896883	11896975
11896883	11896978
11896883	11896981
11896884	3001001
11896885	2910612
11896885	13158281
11896886	11896883
11896886	11896950
11896886	11896981
11896887	2910627
11896887	2910628
11896888	3957542
11896889	9996216
11896890	6670071
11896890	13582889
11896892	2910632
11896893	6205491
11896893	6306850
11896893	11962183
11896894	2910633
11896894	13223908
11896895	11896883
11896896	2910639
11896897	8576653
11896897	11962181
11896897	12022950
11896897	12258056
11896898	11896883
11896898	11896972
11896899	1772778
11896900	10100776
11896900	11962179
11896900	13126276
11896900	13126277
11896900	13166918
11896900	13433595
11896901	2853841
11896902	2853842
11896902	13168489
11896903	11896883
11896903	11896928
11896903	11896950
11896903	11896981
11896904	2853871
11896905	7333228
11896905	13127162
11896905	13127163
11896907	7702183
11896907	12022966
11896907	12022969
11896907	12068994
11896908	7333229
11896909	11896883
11896909	11896950
11896909	11896981
11896911	7333230
11896913	11896916
11896914	12571165
11896915	10497743
11896916	11896913
11896917	11825771
11896919	7742283
11896920	9887140
11896921	2273462
11896922	9888014
11896922	13160575
11896923	2273462
11896923	5758037
11896924	8325904
11896925	9436165
11896926	9659991
11896926	13162497
11896926	13162498
11896927	9857232
11896927	13161324
11896927	13660375
11896928	11896903
11896929	9857250
11896930	12507615
11896931	9888203
11896931	13260744
11896932	9888203
11896932	13260745
11896933	9903652
11896933	13132538
11896933	13205723
11896935	11896883
11896936	13275853
11896937	7087296
11896938	10869951
11896939	1459586
11896943	10869950
11896944	8662303
11896945	11123404
11896948	8128378
11896948	11897397
11896950	11896883
11896950	11896886
11896950	11896903
11896950	11896909
11896950	11896972
11896951	11896956
11896952	5941952
11896954	11896883
11896955	2322386
11896955	13525935
11896955	13525936
11896956	11896951
11896958	2322392
11896959	11896962
11896961	11896883
11896962	11896959
11896962	13450715
11896963	2787573
11896964	8520241
11896964	12618143
11896964	12618146
11896965	11896883
11896967	11896883
11896970	11896883
11896970	12088121
11896972	11896883
11896972	11896898
11896972	11896950
11896972	11896981
11896973	8760480
11896973	8760481
11896975	11896883
11896976	295273
11896978	11896883
11896979	11733550
11896981	11896883
11896981	11896886
11896981	11896903
11896981	11896909
11896981	11896972
11896982	11896983
11896983	11896982
11896984	13544316
11896986	8760482
11896989	8760489
11896990	6097224
11896993	2096171
11896996	7637501
11896997	9361520
11896998	7637502
11896998	7637503
11897000	12578160
11897002	8176269
11897002	8176270
11897003	10229789
11897004	11404126
11897005	11404126
11897005	13181034
11897005	13181036
11897006	11404127
11897006	13160296
11897006	13160298
11897007	11404127
11897007	13138906
11897007	13138907
11897007	13138908
11897008	11897019
11897010	10588826
11897011	13402699
11897012	12558959
11897013	9361468
11897014	11897018
11897014	11897022
11897014	11897025
11897014	11897027
11897014	11897032
11897014	11897035
11897014	11897037
11897014	11897043
11897014	11897046
11897014	11897050
11897014	11897053
11897014	11897055
11897014	11897057
11897015	8224944
11897017	8224944
11897018	11897014
11897018	11897027
11897018	11897046
11897018	11897055
11897018	11897057
11897019	11897008
11897019	11897393
11897021	2512627
11897021	2512628
11897022	11897014
11897023	10247231
11897023	10247233
11897024	11099950
11897024	13667961
11897025	11897014
11897027	11897014
11897027	11897018
11897028	1749959
11897029	11577150
11897030	7311404
11897031	10677236
11897032	11897014
11897033	6331298
11897034	12294887
11897035	11897014
11897036	11897045
11897036	11897047
11897037	11897014
11897038	8217769
11897038	13522581
11897038	13522582
11897038	13522585
11897038	13573332
11897038	13573333
11897039	10868444
11897040	9834761
11897041	9868636
11897041	13208170
11897042	10035796
11897043	11897014
11897044	10254016
11897045	11897036
11897046	11897014
11897046	11897018
11897047	11897036
11897048	12753622
11897049	9859187
11897049	10338729
11897049	13122131
11897049	13205722
11897050	11897014
11897051	9859518
11897051	13179290
11897052	10338726
11897053	11897014
11897054	9859199
11897055	11897014
11897055	11897018
11897056	11914010
11897056	11914012
11897057	11897014
11897057	11897018
11897058	12086997
11897059	9859535
11897059	13618328
11897061	1744328
11897062	12586188
11897063	8224572
11897064	7973801
11897064	7973802
11897064	7973811
11897064	7973812
11897064	13303426
11897064	13303427
11897065	12844093
11897066	7973803
11897066	7973814
11897066	7973817
11897066	13190290
11897066	13190291
11897067	7973804
11897067	7973816
11897067	7973820
11897067	13176329
11897070	11897071
11897070	11897076
11897071	11897070
11897071	11897072
11897072	11897071
11897073	12655061
11897074	2753116
11897074	2754862
11897074	11897152
11897074	11897388
11897074	12147803
11897075	1760443
11897076	11897070
11897077	8072449
11897078	9865644
11897080	12497614
11897081	8414607
11897082	11919227
11897082	13274144
11897083	8746477
11897084	11631052
11897085	2789561
11897086	10035760
11897086	13299114
11897087	11108657
11897089	11877703
11897089	11897104
11897092	11876538
11897092	11876539
11897092	12593093
11897092	12814989
11897092	12815995
11897094	11897097
11897094	11897107
11897094	11897108
11897094	11897109
11897094	11897110
11897094	11897112
11897094	11897113
11897094	11897114
11897094	11897115
11897094	11897118
11897094	11897120
11897094	11897121
11897094	11897124
11897094	11897125
11897094	12535991
11897096	1668846
11897096	2354168
11897096	13281566
11897097	11897094
11897098	11861138
11897099	1769683
11897100	2560686
11897100	11927152
11897100	12662424
11897101	2560686
11897101	2560687
11897103	297258
11897103	11849584
11897104	10919051
11897104	11897089
11897104	11942742
11897106	11844302
11897107	11897094
11897108	11897094
11897109	11897094
11897110	11897094
11897111	8273897
11897112	11897094
11897113	11897094
11897114	11897094
11897115	11897094
11897118	11897094
11897119	11897402
11897119	12240512
11897119	12240513
11897119	12466396
11897119	12466417
11897119	13183414
11897119	13188509
11897119	13188510
11897120	11897094
11897121	11897094
11897124	11897094
11897125	11897094
11897126	4889519
11897126	13300713
11897126	13300716
11897127	7979884
11897128	9063337
11897129	9063337
11897130	4455698
11897130	13532431
11897131	7759108
11897131	11911510
11897131	11911511
11897132	8273905
11897133	8273819
11897134	11301294
11897134	11911507
11897134	11911508
11897135	11188050
11897136	3844027
11897136	11301294
11897137	10551699
11897138	8273817
11897139	10708249
11897140	9303655
11897140	11911505
11897141	10064808
11897142	9303655
11897142	11911505
11897142	11911517
11897143	8052622
11897144	11896236
11897144	11897147
11897144	11897151
11897145	11898206
11897146	6641255
11897147	11897144
11897148	8274398
11897149	12633416
11897149	12633417
11897149	12633418
11897150	2799864
11897150	4274260
11897150	7044295
11897150	11897158
11897151	11897144
11897152	2556296
11897152	2558661
11897152	2754862
11897152	11897074
11897153	10648338
11897154	9456595
11897155	3388562
11897156	10110968
11897157	7596188
11897158	2799864
11897158	4274260
11897158	7044295
11897158	11897150
11897159	8836369
11897159	9481151
11897160	11398335
11897161	11398335
11897162	11398335
11897163	464308
11897163	464309
11897163	474071
11897163	554573
11897163	707194
11897163	791103
11897163	833761
11897163	1100962
11897163	1220246
11897163	1464787
11897163	4552808
11897163	5397257
11897164	11276106
11897164	11897168
11897165	9069108
11897165	11911502
11897166	8917779
11897167	1142770
11897168	11897164
11897169	5695263
11897170	6826240
11897172	11897173
11897172	11897175
11897172	13197925
11897172	13733506
11897173	11897172
11897173	11897175
11897173	13197925
11897173	13198884
11897174	7491722
11897175	11897172
11897175	11897173
11897176	8972682
11897177	8972682
11897178	7304196
11897179	12652340
11897179	12652341
11897179	12652342
11897179	13103122
11897179	13649614
11897179	13649616
11897180	9731101
11897181	258564
11897182	258564
11897183	10079352
11897184	11020086
11897185	9515257
11897185	9515262
11897186	262176
11897187	1486023
11897187	3151926
11897187	5520679
11897187	6103473
11897187	10672128
11897187	11803885
11897188	258515
11897189	8045215
11897189	8048268
11897189	9357629
11897190	262058
11897191	8045215
11897192	5677759
11897193	11889321
11897194	5679181
11897195	9029305
11897196	311490
11897197	311490
11897198	9029256
11897199	4831577
11897200	8803959
11897201	8572600
11897203	8559004
11897204	8042184
11897205	3997950
11897206	9663262
11897208	1553345
11897209	13103121
11897210	7306590
11897211	9588551
11897212	13578089
11897213	11287144
11897214	11287144
11897215	10516315
11897216	10516315
11897217	11155770
11897218	11155770
11897219	7873790
11897220	11155770
11897221	11155770
11897221	11997607
11897222	7818419
11897223	7818419
11897224	7149033
11897225	8789899
11897226	8621145
11897227	8394380
11897228	7149033
11897229	8394380
11897230	9993780
11897231	8392617
11897232	11897366
11897232	12946417
11897233	11491867
11897234	9452342
11897235	11184433
11897237	13613760
11897237	13618714
11897238	8590990
11897238	8590992
11897239	8590990
11897239	8590992
11897240	10508694
11897240	10508699
11897240	10508701
11897240	11472611
11897240	13510536
11897241	2245050
11897241	4550757
11897241	4809427
11897241	9977047
11897241	9977052
11897242	7054865
11897243	263752
11897243	417897
11897243	956120
11897243	2333315
11897243	6131545
11897244	13394258
11897244	13394259
11897244	13394260
11897244	13394261
11897244	13399717
11897245	7450627
11897246	7054865
11897247	7450583
11897248	4134955
11897248	7236649
11897248	8124521
11897249	3755294
11897249	8127880
11897249	8127881
11897249	8180651
11897250	3877372
11897251	2879283
11897252	1744779
11897253	11503108
11897254	6296589
11897255	6296589
11897256	11891569
11897257	9438504
11897257	10351041
11897257	13782591
11897258	4093499
11897259	4093499
11897260	7587743
11897261	8904929
11897262	7587743
11897263	7587743
11897263	11899441
11897263	12546183
11897263	12546185
11897264	8126049
11897265	8126049
11897266	8126049
11897267	9159443
11897268	4009113
11897269	5944558
11897270	12605607
11897270	12605608
11897270	12605609
11897271	11897272
11897272	11897271
11897273	10202367
11897274	7481285
11897275	8387078
11897276	7472120
11897276	11213336
11897277	8387078
11897278	12002798
11897278	13083863
11897279	7355954
11897280	7355954
11897281	11703975
11897281	11897289
11897282	9642526
11897283	9642526
11897284	5668932
11897285	5668932
11897286	6214047
11897287	6214047
11897288	6214047
11897289	11897281
11897290	3077556
11897291	12349208
11897292	12906493
11897293	10590909
11897294	2309550
11897295	10590909
11897296	4605945
11897298	2309550
11897299	4605945
11897300	7911610
11897301	5249841
11897301	7974766
11897302	11296080
11897303	11296080
11897303	12132548
11897304	9869678
11897305	4620514
11897306	9869744
11897306	10061681
11897306	10061682
11897306	12661047
11897306	12705309
11897307	3011992
11897308	11897364
11897308	11897671
11897309	3011992
11897310	11618523
11897312	10012469
11897313	10012469
11897314	10701219
11897315	10701219
11897316	9656954
11897317	9656954
11897318	9656954
11897319	2498054
11897320	4964179
11897320	9656954
11897321	2498056
11897322	7904661
11897322	13517113
11897323	7904662
11897323	13311569
11897324	8156894
11897325	4394078
11897326	8736981
11897327	3819328
11897327	13169490
11897328	9695455
11897329	10698452
11897330	10698452
11897331	8156894
11897332	5250564
11897333	5250564
11897334	2771566
11897335	5269987
11897336	2790462
11897337	2790735
11897338	10282570
11897339	2770666
11897340	11897362
11897340	13103120
11897341	4921282
11897343	2769441
11897344	5222724
11897345	11894786
11897345	11894787
11897345	11894791
11897345	11894803
11897345	11894806
11897345	11894818
11897345	11894821
11897345	11894835
11897346	2769051
11897348	497285
11897349	2016555
11897349	11897350
11897350	11897349
11897350	12189312
11897351	10995754
11897352	8621210
11897353	2766625
11897354	2766625
11897355	5555925
11897356	8621210
11897357	2765738
11897358	2764487
11897359	11897484
11897360	2763631
11897361	11897487
11897362	11897340
11897363	1769062
11897364	11897308
11897364	13162341
11897364	13162342
11897364	13162344
11897364	13162345
11897365	5479850
11897365	11897530
11897365	11897534
11897366	11897232
11897367	3933059
11897368	1744792
11897369	1744792
11897370	1744792
11897371	9029528
11897372	12411054
11897372	13103118
11897372	13169823
11897372	13173694
11897372	13363917
11897372	13363918
11897372	13363919
11897372	13437692
11897372	13554674
11897373	794674
11897374	1506846
11897374	11897511
11897374	11897514
11897376	2136172
11897377	1665906
11897378	2136171
11897378	11901046
11897379	4669932
11897380	1662863
11897381	5264713
11897381	5267042
11897381	10981496
11897382	2762899
11897383	8789900
11897384	3354831
11897386	3354831
11897387	8789907
11897388	11897074
11897389	787470
11897390	8812864
11897391	568719
11897392	2038606
11897392	11897470
11897393	11897019
11897394	9120257
11897395	1444829
11897395	11897465
11897396	1444829
11897397	11896948
11897398	6136136
11897400	9797229
11897401	9797089
11897402	11897119
11897403	2762891
11897404	9773903
11897406	8409601
11897407	8349325
11897408	6011196
11897409	5189375
11897409	13660373
11897410	9648126
11897411	2136731
11897411	11897426
11897412	2762890
11897413	9502411
11897414	6872996
11897414	13124008
11897415	5876371
11897416	1708717
11897417	2853099
11897418	10073564
11897419	6461651
11897420	3460863
11897421	11654979
11897422	10153516
11897423	10643397
11897424	11444357
11897425	6093282
11897425	11897431
11897426	11897411
11897427	11893505
11897428	1462471
11897428	11897440
11897429	580955
11897430	9663309
11897431	11897425
11897432	2521304
11897433	2521305
11897434	9663306
11897435	11119935
11897435	13073171
11897435	13223473
11897436	11126605
11897436	13536746
11897437	11610164
11897438	11550992
11897438	13171331
11897438	13171333
11897440	11897428
11897441	2682310
11897442	8409707
11897443	2618843
11897444	7874498
11897446	2873460
11897447	2873319
11897448	2873319
11897449	11359326
11897449	13517931
11897450	10569625
11897451	11838865
11897451	13260093
11897452	8975395
11897452	13106308
11897452	13106309
11897453	2873046
11897454	10068567
11897455	9128503
11897456	1662699
11897457	10042817
11897458	11648539
11897459	11821634
11897460	11419704
11897461	5143622
11897462	10091492
11897463	2900434
11897463	13186451
11897464	11818446
11897465	11897395
11897466	9510324
11897466	13162983
11897467	10278304
11897468	12324426
11897468	13295706
11897469	5893776
11897470	11897392
11897471	10455464
11897471	12947289
11897472	10019233
11897473	10910249
11897474	8585361
11897475	10794606
11897476	5419940
11897477	8920050
11897478	11075758
11897480	8826783
11897481	9476380
11897483	10651554
11897484	11897359
11897484	12189311
11897485	11636962
11897485	13579644
11897486	10012835
11897486	13197795
11897487	11897361
11897487	12188316
11897488	9960788
11897488	13111555
11897489	11165958
11897490	4308414
11897491	8819623
11897492	1464162
11897493	3976825
11897493	8960712
11897493	12685172
11897493	12868638
11897494	10661465
11897495	11797122
11897495	13570618
11897496	4308414
11897497	6196889
11897497	13153524
11897497	13153527
11897497	13298387
11897498	10739555
11897499	11666655
11897500	9200059
11897501	4308414
11897502	8910299
11897503	4308409
11897504	10641839
11897505	6174133
11897505	13181717
11897505	13181718
11897505	13181720
11897505	13205712
11897506	9460449
11897507	10766984
11897507	13660422
11897508	10778593
11897508	13490601
11897509	10778593
11897510	10024267
11897511	11897374
11897513	8910301
11897514	11897374
11897515	9149674
11897517	10761592
11897517	13181745
11897518	11181671
11897519	11666633
11897520	10267169
11897521	10267169
11897522	1635330
11897523	7969699
11897524	9476191
11897524	13163225
11897525	7969699
11897526	11451987
11897527	9476382
11897528	11648484
11897528	13200200
11897529	10859428
11897530	11897365
11897531	8910385
11897531	13209925
11897532	11459415
11897532	13314167
11897533	777609
11897534	11897365
11897535	10730831
11897535	13168331
11897537	10843795
11897538	11205400
11897539	56384
11897540	1515337
11897541	8808831
11897542	11455392
11897543	1687426
11897543	6401150
11897543	7115700
11897544	10744183
11897544	13131563
11897545	10532925
11897546	11630641
11897547	5446345
11897548	5446345
11897549	10226368
11897550	11070973
11897551	10223603
11897552	11193516
11897553	4746007
11897554	10222008
11897555	10687219
11897556	10206871
11897557	36078
11897557	699507
11897557	1005396
11897557	1383613
11897557	3657808
11897558	11002055
11897559	11181665
11897560	10730846
11897560	13263603
11897561	10206752
11897562	8960772
11897563	10185917
11897564	10532925
11897565	9951575
11897566	5447183
11897567	10226368
11897568	2209251
11897568	7088252
11897568	13309544
11897569	11537782
11897569	13073170
11897569	13281562
11897570	10226368
11897571	2209251
11897572	10226368
11897573	10073526
11897574	10026276
11897574	10110201
11897575	10575239
11897576	7813101
11897577	11205441
11897578	1712058
11897579	10702917
11897579	12290086
11897580	10666090
11897581	1473849
11897582	11897583
11897583	11897582
11897584	9822354
11897585	10585069
11897586	10782149
11897587	10921796
11897588	10767018
11897588	11975681
11897588	11975682
11897589	2145002
11897589	2145008
11897589	5865590
11897589	5865591
11897589	5888516
11897589	8067458
11897589	12047435
11897589	12047436
11897590	11864366
11897590	13524734
11897590	13703560
11897591	11735772
11897592	9822330
11897593	11886084
11897594	6200487
11897595	11027839
11897596	1361524
11897597	9819915
11897598	9819915
11897599	2044646
11897599	11897612
11897599	11897620
11897599	11897633
11897600	8288580
11897600	13524730
11897600	13524731
11897601	2941421
11897601	13316194
11897602	6174171
11897603	9804217
11897604	9797222
11897605	8417524
11897606	10726606
11897607	8417524
11897608	8417524
11897609	1985303
11897610	2863162
11897611	1810335
11897612	11897599
11897613	2858899
11897614	1828356
11897615	1828356
11897616	11231867
11897616	12730388
11897616	13195216
11897617	1369665
11897618	1828356
11897619	11118041
11897619	13207788
11897620	11897599
11897621	11060195
11897622	10892628
11897623	10892628
11897624	10892628
11897625	2654443
11897626	2205489
11897627	5158555
11897627	13577014
11897628	10953857
11897629	1978957
11897630	11531361
11897631	1978957
11897632	1614971
11897633	11897599
11897634	11531361
11897635	124232
11897636	1524421
11897637	10030561
11897638	1451062
11897639	10027102
11897640	1398981
11897640	13788886
11897641	1395480
11897641	11897642
11897642	11897641
11897643	2205479
11897644	2205479
11897645	11531367
11897648	11531367
11897649	13103117
11897649	13196309
11897649	13363916
11897650	11531367
11897651	1840597
11897652	1840597
11897653	1840597
11897654	10062262
11897654	11838147
11897655	10062262
11897657	8290842
11897660	1351607
11897660	1351608
11897661	1351607
11897661	1351608
11897662	10235302
11897663	1351607
11897663	1351608
11897664	2141707
11897665	2132379
11897666	10235302
11897668	10232050
11897669	10232050
11897670	1768127
11897670	11897672
11897670	13505692
11897671	11897308
11897672	5152737
11897672	11897670
11897673	1728694
11897674	10232049
11897675	1558122
11897675	3671188
11897676	10223601
11897677	1477906
11897678	10212875
11897679	1443192
11897680	10207710
11897681	11896155
11897682	11895952
11897683	11893054
11897683	11895787
11897684	11895448
11897685	5543865
11897686	4808809
11897687	11895286
11897688	6803571
11897689	11894883
11897690	4670286
11897690	4670292
11897691	6252579
11897692	11894880
11897693	11894874
11897694	2032922
11897695	1421081
11897697	11894572
11897698	11894572
11897699	608371
11897699	13194329
11897700	6258479
11897700	11181644
11897701	6258479
11897702	11894452
11897703	8931582
11897703	13177207
11897704	3513586
11897704	13139082
11897704	13139083
11897704	13193257
11897705	280158
11897706	11894256
11897707	304093
11897708	280158
11897709	1868386
11897709	13125228
11897710	11181576
11897712	1886246
11897712	13180890
11897712	13205705
11897713	11893859
11897714	11181555
11897714	13502866
11897714	13502868
11897714	13502869
11897715	11893859
11897716	1403062
11897717	11181299
11897718	3639293
11897719	7589830
11897720	7589830
11897721	1851913
11897722	393357
11897723	11893237
11897724	11893147
11897725	11893142
11897726	751360
11897726	1449248
11897726	1449249
11897726	11902885
11897727	11892690
11897729	1514398
11897730	11891534
11897731	1411926
11897732	631038
11897733	11891397
11897734	631038
11897735	11891239
11897737	791608
11897738	791608
11897739	10984944
11897739	11891183
11897739	11897741
11897740	2004005
11897741	11897739
11897742	11891116
11897743	885704
11897744	3053403
11897745	11891038
11897746	3451711
11897746	11897751
11897746	11897752
11897747	11890971
11897748	1157647
11897749	2142586
11897749	12366349
11897750	1165055
11897751	11897746
11897752	11897746
11897753	11890901
11897754	11890901
11897755	11890892
11897757	1977279
11897758	1977279
11897759	1743245
11897760	1364465
11897761	1903709
11897762	1364465
11897763	1903709
11897764	11890802
11897764	11890804
11897765	11890755
11897766	11890722
11897766	13728907
11897766	13728909
11897767	2883870
11897768	3048304
11897769	3048304
11897770	3048304
11897771	11890711
11897772	11890604
11897773	11890591
11897774	11890578
11897775	11890572
11897776	11897783
11897777	11890533
11897778	11890516
11897779	5289484
11897780	5300867
11897781	5331118
11897782	11890486
11897783	11897776
11897784	11888277
11897785	12516412
11897785	13103116
11897785	13775592
11897785	13775593
11897786	8255197
11897786	11887094
11897787	13086732
11897788	11885046
11897789	375828
11897790	375828
11897791	375828
11897792	375828
11897793	375828
11897794	375828
11897795	433491
11897796	11898507
11897797	11325001
11897798	11325001
11897799	11325001
11897800	8128623
11897801	8128623
11897802	444503
11897804	13103115
11897804	13117464
11897804	13363915
11897804	13437768
11897806	13103114
11897808	12720902
11897809	11883347
11897810	11881086
11897810	12323898
11897811	11880996
11897812	8952613
11897812	8952620
11897812	8952886
11897813	8954139
11897813	8954141
11897814	10908690
11897814	12296751
11897814	12653624
11897815	8959019
11897819	12559969
11897819	12559970
11897819	13403657
11897820	12962651
11897820	12962832
11897820	12967823
11897820	13339817
11897820	13403656
11897821	11897842
11897822	4755524
11897822	11885046
11897823	11885046
11897824	2408211
11897824	11890533
11897824	12296687
11897825	11890572
11897825	12296680
11897826	11890892
11897826	12569885
11897827	13032679
11897828	11890862
11897828	11890892
11897829	12525277
11897829	12525279
11897829	13403655
11897829	13453658
11897829	13453659
11897830	12076981
11897830	12076983
11897830	12479381
11897830	13403653
11897830	13403654
11897831	11897841
11897831	13117488
11897831	13117489
11897832	12560871
11897832	13403652
11897833	13403651
11897835	13453716
11897836	13403650
11897837	13097581
11897839	13403649
11897840	12653142
11897840	12653143
11897840	12653144
11897840	12653145
11897841	11897831
11897842	11897821
11897843	13176378
11897843	13453657
11897845	13176377
11897846	11851334
11897847	11851334
11897849	12550907
11897849	12683539
11897851	11886462
11897852	12864685
11897853	12354459
11897853	12354460
11897853	12354461
11897853	12354462
11897853	12429139
11897853	13102868
11897854	5079144
11897855	7543383
11897856	6560528
11897857	6662782
11897858	10727883
11897859	2451583
11897860	7523337
11897861	7849505
11897862	2970572
11897863	7291673
11897864	6617774
11897864	11900937
11897866	7006678
11897867	12671168
11897867	13102867
11897869	12644622
11897869	12644623
11897869	12671157
11897869	13392809
11897869	13392810
11897869	13392811
11897869	13392812
11897870	12597646
11897870	13494468
11897870	13494469
11897872	12959790
11897872	13102866
11897873	13671531
11897873	13671532
11897873	13671533
11897873	13671534
11897875	12171502
11897878	11619380
11897879	11619380
11897880	751855
11897881	9787374
11897882	9787374
11897883	10250453
11897884	9787374
11897885	13085625
11897885	13085626
11897885	13085628
11897885	13085629
11897885	13450474
11897886	12065701
11897886	12065703
11897886	12495949
11897886	12746106
11897886	12746108
11897886	13102865
11897886	13363914
11897886	13741431
11897887	11149839
11897888	10913600
11897889	11296125
11897890	13102864
11897890	13640516
11897890	13640517
11897891	11401093
11897892	8261127
11897893	241593
11897893	11897894
11897894	11897893
11897895	16006
11897895	11897896
11897896	11897895
11897897	5425654
11897899	5202602
11897902	12511885
11897902	12511886
11897902	13102863
11897902	13363912
11897903	27736
11897904	12633420
11897904	12633421
11897904	12633423
11897904	12671559
11897905	2111570
11897906	2111570
11897907	2111570
11897908	2561375
11897909	2704278
11897910	8482764
11897911	18108
11897912	12486599
11897912	12495945
11897912	12511884
11897912	13102862
11897913	8976293
11897914	433490
11897915	449158
11897917	10083380
11897918	10102334
11897918	10102335
11897918	12296681
11897919	9957747
11897920	3333923
11897921	3333923
11897922	10040042
11897923	3333923
11897924	10183545
11897925	3333925
11897926	3333926
11897927	10183545
11897928	3333927
11897929	3333927
11897930	3333927
11897931	10069281
11897932	3333928
11897933	3333928
11897934	3333928
11897935	3333929
11897936	10083308
11897937	8582077
11897937	10022628
11897937	11900782
11897937	11900785
11897938	10089417
11897939	10049513
11897940	10049513
11897940	11900780
11897941	13110866
11897942	10197991
11897942	11900778
11897942	11900779
11897943	13102861
11897943	13790029
11897944	9868954
11897945	9868992
11897946	9868972
11897947	8323754
11897948	9617740
11897949	9660206
11897951	9153875
11897952	9153875
11897952	13108553
11897952	13108554
11897952	13111383
11897952	13205702
11897953	10797045
11897954	10797045
11897954	13128598
11897955	10797077
11897956	10797077
11897957	9154141
11897957	13128478
11897957	13205695
11897958	10094539
11897958	11900776
11897958	12296692
11897958	12296693
11897958	12296694
11897959	9154142
11897960	9154319
11897962	10928297
11897962	11900775
11897963	11326309
11897964	11652280
11897964	11940186
11897964	12231653
11897965	11652280
11897965	11940186
11897965	12302194
11897965	12302195
11897966	6656007
11897966	12295444
11897967	11326309
11897968	12069200
11897968	12071066
11897969	6942411
11897969	13223595
11897970	5905150
11897971	6111005
11897971	6220950
11897971	6220951
11897971	6221730
11897971	6221731
11897971	6255081
11897971	7174369
11897971	11900768
11897971	11900769
11897971	11900770
11897971	12295437
11897971	12295439
11897971	12295440
11897972	10952590
11897972	13528637
11897973	5844799
11897973	6339856
11897974	6233383
11897974	12303604
11897975	10185137
11897976	6167821
11897977	55842
11897978	6230777
11897979	8908326
11897979	13202964
11897979	13202967
11897979	13202968
11897980	6685027
11897980	13146174
11897980	13146175
11897981	7285203
11897982	12495944
11897982	12511879
11897982	12511880
11897982	12511882
11897982	13639777
11897982	13639778
11897982	13639786
11897983	2243205
11897984	3158672
11897985	9751966
11897986	5738623
11897987	3222855
11897988	10098042
11897988	11899973
11897988	12465993
11897989	6833101
11897990	6771998
11897991	9866825
11897992	953955
11897992	12295445
11897993	2301553
11897993	13146211
11897994	4757218
11897995	5358243
11897995	13146330
11897996	6778733
11897997	3773397
11897998	12486142
11897998	12486143
11897999	2160869
11898000	7156786
11898001	11895816
11898002	1065366
11898003	2944296
11898004	8613592
11898005	7760504
11898006	7549082
11898007	9032513
11898007	13145934
11898007	13145936
11898007	13145937
11898007	13145939
11898007	13145941
11898007	13145942
11898007	13145944
11898008	3547486
11898009	8106716
11898010	1418839
11898011	2819167
11898012	2819167
11898013	5813912
11898014	2477093
11898014	4950254
11898014	11898027
11898014	11898030
11898015	2960351
11898016	9790309
11898017	4475046
11898018	6622139
11898019	8034504
11898019	8034505
11898020	9259901
11898020	12723293
11898021	2276725
11898022	3579623
11898023	8079210
11898024	6622139
11898025	11898026
11898026	11898025
11898027	11898014
11898028	11898029
11898029	11898028
11898030	11898014
11898031	11100557
11898031	13667959
11898032	11656806
11898033	8408214
11898034	9746499
11898035	9761161
11898035	12866033
11898035	13439984
11898035	13441174
11898035	13441524
11898036	9864516
11898037	10877145
11898038	4165827
11898038	5490887
11898039	4165827
11898039	5490887
11898040	5896258
11898041	5933885
11898042	7946887
11898043	8726182
11898044	8033243
11898045	8033243
11898046	8033243
11898048	9326464
11898048	9326470
11898048	13636971
11898049	9326467
11898050	9326473
11898050	13130808
11898050	13205689
11898050	13286553
11898051	9326476
11898052	9326479
11898053	9871372
11898054	8356604
11898055	9152704
11898056	9326458
11898057	9152704
11898058	9152704
11898059	9152704
11898060	10351094
11898061	8337388
11898062	5933884
11898063	9361354
11898064	9361354
11898065	9361354
11898067	11749073
11898068	11163020
11898069	10213387
11898069	11167831
11898070	10213387
11898070	11167831
11898071	7329850
11898072	10213387
11898072	11167831
11898073	11753874
11898074	11753874
11898075	294202
11898076	8281626
11898077	8281626
11898078	372027
11898078	1079498
11898079	372027
11898079	1079498
11898080	372027
11898080	1079498
11898081	5723789
11898081	13538768
11898082	5724542
11898083	5724571
11898083	13298747
11898083	13298748
11898084	11757963
11898084	13661935
11898085	10304378
11898086	10304384
11898087	12511881
11898087	12511883
11898087	13102860
11898087	13363911
11898087	13639774
11898088	7705072
11898089	10236183
11898090	2875244
11898091	3487518
11898092	3487530
11898093	5781072
11898094	3822159
11898095	3822159
11898096	3826324
11898097	3822162
11898098	3822162
11898099	4500864
11898100	5416319
11898101	5478875
11898101	11899128
11898103	8969909
11898104	8575756
11898105	3316586
11898106	3877646
11898107	12628695
11898107	12628698
11898107	12628699
11898108	812667
11898108	12141852
11898108	13176375
11898109	10616621
11898112	12762051
11898115	11928003
11898115	13431758
11898119	11914254
11898119	11914256
11898119	13223509
11898119	13223514
11898122	13222757
11898125	12078944
11898129	13223499
11898129	13223502
11898133	13223493
11898133	13223494
11898133	13223496
11898146	13223490
11898153	13222752
11898153	13222754
11898157	12945037
11898164	12078942
11898177	2832892
11898177	2832896
11898179	13224393
11898181	13223487
11898182	11045334
11898185	11045331
11898187	4500665
11898188	5282552
11898189	12515635
11898189	13224391
11898190	13219693
11898191	13224390
11898192	12591714
11898192	12591715
11898192	12591716
11898192	12591718
11898193	4014680
11898194	11898199
11898194	13224389
11898195	13222030
11898195	13222034
11898196	13223477
11898197	11898205
11898197	13219423
11898197	13219424
11898198	13222010
11898198	13222012
11898198	13222013
11898199	11898194
11898200	13219690
11898201	11898212
11898201	12029072
11898201	13221989
11898201	13221991
11898202	13221985
11898202	13222017
11898202	13329770
11898203	11898209
11898203	12231870
11898203	12466026
11898203	13219686
11898204	11898207
11898204	11898208
11898204	13221982
11898204	13222067
11898205	11898197
11898206	11897145
11898207	11898204
11898208	11898204
11898209	11898203
11898210	11898217
11898210	13221970
11898211	11898214
11898211	13224388
11898212	11898201
11898213	4500641
11898214	11898211
11898215	13176373
11898216	9206420
11898217	11898210
11898218	11898219
11898219	11898218
11898219	13219661
11898220	4500728
11898221	3101533
11898222	4497669
11898222	7675173
11898223	1645707
11898224	2737463
11898224	11898226
11898224	13185774
11898225	8962299
11898226	2737463
11898226	3947445
11898226	11898224
11898227	9353199
11898227	11903473
11898227	12051766
11898227	12052681
11898227	12380432
11898228	9353250
11898228	12521912
11898229	9353251
11898230	9353280
11898231	4500686
11898231	11555666
11898232	2707010
11898233	2359261
11898233	11181295
11898233	12392171
11898234	6583258
11898235	7933972
11898235	12392483
11898236	8159487
11898237	8160597
11898238	8160967
11898238	13644493
11898239	11875845
11898239	11900763
11898239	12295434
11898240	8481043
11898241	8534633
11898241	12571387
11898242	8604871
11898243	704441
11898243	12098202
11898244	704441
11898244	12098202
11898245	7732678
11898246	10091724
11898246	12267485
11898247	329585
11898247	7174037
11898247	12378204
11898248	10081623
11898248	12112713
11898249	7813885
11898250	12416827
11898250	12417287
11898250	12529122
11898250	12529124
11898250	12529126
11898250	12529128
11898250	12529131
11898250	12529137
11898251	3693815
11898252	5386152
11898252	13378399
11898253	5386152
11898254	8780615
11898255	8856454
11898255	12068906
11898256	7732732
11898257	9564757
11898257	13757687
11898258	7955954
11898258	11898268
11898259	9839063
11898259	12962902
11898260	7374231
11898261	9797571
11898262	248460
11898262	12889540
11898263	3825393
11898264	10056884
11898265	10072946
11898266	10057951
11898266	12024754
11898267	10022698
11898268	6632933
11898268	7955954
11898268	11898258
11898269	10094673
11898270	11919986
11898270	11919987
11898270	13082419
11898271	10140589
11898272	4901470
11898272	10182444
11898273	1381764
11898273	10238385
11898274	10491786
11898274	13078493
11898275	1967967
11898276	10505097
11898277	10505102
11898277	11936356
11898278	10505106
11898279	867411
11898279	873122
11898279	7874346
11898279	10630529
11898279	13274665
11898280	10039240
11898281	4898844
11898281	8624933
11898282	8631263
11898282	11957370
11898282	12429215
11898283	9011509
11898283	12720161
11898284	226907
11898284	1643527
11898285	2497670
11898285	3816072
11898285	12881533
11898285	13285397
11898285	13285398
11898286	10026366
11898287	8679560
11898287	12489002
11898287	13112547
11898287	13231964
11898287	13231965
11898287	13332217
11898287	13498791
11898288	11793603
11898289	11860641
11898290	10632092
11898291	4554148
11898291	8631331
11898291	10632112
11898291	12073714
11898292	11868153
11898293	12995315
11898294	11381239
11898295	611792
11898295	707855
11898295	3953848
11898295	10677236
11898296	10807987
11898297	10700356
11898298	10807987
11898299	10807987
11898300	10807987
11898301	11567274
11898302	10701080
11898303	11567274
11898304	10040955
11898305	9703554
11898305	12073740
11898307	10775315
11898307	12499208
11898307	12542170
11898308	10799939
11898308	12330310
11898309	11868180
11898310	11190407
11898311	11634860
11898312	11645518
11898313	10707188
11898313	12007278
11898314	10707188
11898314	12007278
11898315	11868206
11898316	10800443
11898317	10830487
11898318	10830485
11898319	10222864
11898320	10222864
11898321	10830495
11898321	11957366
11898322	11868206
11898323	10854006
11898324	10533007
11898325	10533007
11898326	10856717
11898326	11917148
11898327	11169318
11898328	11169318
11898329	10856693
11898330	11729455
11898331	10876384
11898332	11868306
11898333	11868306
11898334	11868307
11898335	10213250
11898336	11015532
11898337	11868323
11898338	11868354
11898339	11449597
11898340	11449597
11898341	11693984
11898342	11868381
11898343	11868381
11898344	11180419
11898344	12015113
11898344	13041254
11898345	11184176
11898345	12291186
11898346	11693693
11898347	11260035
11898348	11693693
11898349	11356220
11898349	13010957
11898349	13101272
11898350	11602475
11898351	11331057
11898352	11602475
11898353	11632503
11898354	268954
11898355	11632503
11898356	278692
11898356	11899651
11898357	11868413
11898358	11868485
11898359	11868560
11898360	11868689
11898361	11868787
11898362	325608
11898363	11711489
11898364	1987955
11898365	357912
11898366	11711489
11898367	10228793
11898368	432552
11898368	13552619
11898369	10228793
11898370	11868791
11898371	11868791
11898372	8546641
11898373	475923
11898374	8546641
11898375	3949713
11898376	483985
11898376	13037775
11898376	13037776
11898377	3949713
11898378	11693777
11898379	540355
11898380	11693777
11898381	11868821
11898382	11868821
11898383	709462
11898383	8868125
11898384	3927924
11898385	3927924
11898386	674743
11898386	9626376
11898387	3932687
11898388	3932687
11898389	868151
11898390	11868809
11898391	11868906
11898392	11868906
11898393	11868964
11898394	11869089
11898395	11869092
11898396	11869092
11898397	11869124
11898398	11869128
11898399	11736317
11898400	184652
11898400	2457756
11898401	11736317
11898402	11736306
11898403	11736294
11898404	11869179
11898405	1102985
11898406	11869253
11898407	11869292
11898408	1121256
11898409	3820959
11898409	11181284
11898411	1128727
11898413	11858766
11898414	11858766
11898415	1130109
11898416	11858769
11898417	1130113
11898417	12100949
11898418	11858810
11898420	11858810
11898421	1130115
11898421	12881749
11898421	12882790
11898422	1130118
11898422	13102168
11898423	10130065
11898424	1181131
11898425	3312629
11898425	6641234
11898425	11181282
11898426	11858811
11898427	11858811
11898428	11858821
11898429	3312629
11898430	11858822
11898431	11858822
11898432	1152103
11898433	13057164
11898433	13358609
11898433	13831496
11898434	1184270
11898434	3847278
11898434	10278602
11898434	12597647
11898435	11359127
11898435	11898488
11898435	11900762
11898437	11858849
11898438	11858856
11898439	11858908
11898440	11858912
11898441	11858919
11898442	11858957
11898443	11858957
11898444	11700243
11898445	11858989
11898446	11859081
11898447	11859081
11898448	11859081
11898449	11859081
11898450	13176372
11898453	11859099
11898454	2002693
11898454	2003476
11898455	11859099
11898456	2002693
11898456	2003474
11898456	5656112
11898457	11859128
11898458	11859166
11898459	11859220
11898460	139959
11898460	311913
11898461	11859220
11898462	11859261
11898463	11859261
11898464	11859270
11898465	13587871
11898468	11860547
11898469	11860548
11898470	11860549
11898471	11860552
11898472	11860593
11898473	11860593
11898474	11860608
11898475	11860608
11898476	11860609
11898477	8299741
11898477	9960731
11898477	12295442
11898481	11860612
11898482	11052113
11898482	11898506
11898482	11898524
11898483	11860613
11898484	11860616
11898485	11860624
11898486	11860628
11898487	11860629
11898488	11359127
11898488	11898435
11898488	11898504
11898489	11860629
11898490	12376383
11898492	11359127
11898492	11898502
11898493	11860648
11898495	11860650
11898496	11862553
11898498	11915785
11898498	11915786
11898499	11868125
11898500	5352029
11898501	11531145
11898502	11898492
11898503	5527484
11898504	11898488
11898505	5527484
11898506	11898482
11898506	11898517
11898506	11898524
11898506	13308299
11898507	11897796
11898508	8718296
11898509	3819598
11898509	5527484
11898509	8989807
11898509	8993714
11898510	71838
11898510	12572660
11898511	8718296
11898513	11898518
11898513	11898525
11898513	11898531
11898513	11898539
11898513	11898553
11898513	12012780
11898514	11868138
11898515	1216012
11898515	13524483
11898516	1300573
11898516	12507685
11898516	12845899
11898517	11898506
11898518	11898513
11898518	11898525
11898518	11898531
11898518	11898539
11898518	11898540
11898518	11898548
11898518	11898553
11898519	1320016
11898520	1386859
11898521	1487655
11898522	1080638
11898522	1532935
11898522	12367096
11898523	1532936
11898524	11898482
11898524	11898506
11898525	11898513
11898525	11898518
11898525	11898531
11898525	11898553
11898526	2328794
11898527	2422993
11898527	2899802
11898528	2427778
11898528	12137717
11898529	2427779
11898529	12137717
11898530	2427780
11898530	13317403
11898531	11898513
11898531	11898518
11898531	11898525
11898531	11898539
11898531	11898553
11898531	13518567
11898531	13518569
11898532	2454365
11898534	2481838
11898534	12955234
11898536	2350938
11898536	2491796
11898537	2530107
11898537	12291476
11898538	9101697
11898538	11898552
11898538	11898554
11898539	11898513
11898539	11898518
11898539	11898531
11898539	13151313
11898540	11898518
11898541	9768841
11898541	10506114
11898543	13453714
11898544	2570704
11898545	1381159
11898545	2573577
11898546	2595673
11898547	11898549
11898547	13217010
11898548	11898518
11898549	11898547
11898549	13217010
11898550	10506114
11898550	11903474
11898550	12253125
11898551	11898564
11898551	11898577
11898551	12995387
11898551	12996058
11898551	12996059
11898552	11898538
11898552	12654085
11898553	11898513
11898553	11898518
11898553	11898525
11898553	11898531
11898554	11898538
11898557	3914239
11898557	11901073
11898559	7513618
11898559	13141160
11898561	11181264
11898561	13620968
11898562	6080747
11898562	11181263
11898563	6080747
11898564	11898551
11898565	7385545
11898565	11903477
11898566	6080747
11898567	7143834
11898567	11920685
11898568	2174721
11898569	3730969
11898569	12134557
11898570	2174726
11898571	2174870
11898572	1487453
11898572	12505849
11898572	13403389
11898573	13282453
11898573	13282454
11898573	13282455
11898574	4516741
11898576	4516741
11898577	11898551
11898578	8228809
11898579	2174885
11898580	251793
11898580	557587
11898581	7984994
11898582	326232
11898583	35626
11898584	2174919
11898585	250614
11898586	10901891
11898587	2174934
11898588	264984
11898588	533948
11898588	1119732
11898589	1582126
11898589	11903482
11898590	2174940
11898591	5270081
11898591	11181203
11898592	967749
11898593	5270081
11898593	11181203
11898594	295046
11898595	2174943
11898596	10901891
11898597	2236784
11898598	9488940
11898598	11181202
11898599	814131
11898600	9488940
11898600	11181202
11898601	2526296
11898602	7145997
11898602	12334796
11898603	6335474
11898604	3736078
11898604	13063161
11898604	13063163
11898604	13063164
11898605	3732284
11898606	1653183
11898607	7230863
11898608	699556
11898609	6522738
11898609	11903484
11898609	13087378
11898610	2174959
11898611	1653183
11898612	7182611
11898613	3243660
11898614	3731798
11898615	7229014
11898616	9542293
11898617	2840700
11898618	7131897
11898618	13412063
11898619	4780288
11898620	7186313
11898620	12046701
11898621	3908653
11898621	11898629
11898621	12420267
11898622	6838435
11898623	9189110
11898624	7182147
11898624	13104288
11898625	7170599
11898625	12732637
11898626	10771380
11898627	1023080
11898628	3912271
11898628	12043394
11898629	11898621
11898630	68140
11898630	367805
11898631	3405332
11898631	13317343
11898632	6234977
11898632	7514214
11898632	12209500
11898633	291340
11898633	683568
11898633	10771385
11898634	7193378
11898635	7193378
11898636	3918315
11898637	4233253
11898638	5502112
11898638	6741859
11898638	6743549
11898638	6765575
11898638	12312540
11898638	12701982
11898639	8941190
11898640	7230875
11898641	11181200
11898642	5208789
11898643	9543340
11898644	3734582
11898645	9672690
11898646	7384113
11898647	4233253
11898648	7481289
11898649	7231283
11898649	12838217
11898650	7178677
11898651	13176369
11898651	13176370
11898651	13176371
11898652	7393830
11898653	7228769
11898653	12288848
11898654	3920257
11898654	11905086
11898655	8993485
11898656	41295
11898656	433459
11898656	954332
11898657	6805605
11898657	7255022
11898657	11181190
11898658	3730998
11898658	12275450
11898659	9779914
11898659	11181188
11898660	3911890
11898661	9779914
11898662	3037120
11898663	9779914
11898663	11181188
11898664	9779914
11898664	11181188
11898665	6518818
11898665	12344525
11898666	7178928
11898667	5201743
11898669	11868139
11898670	3158083
11898670	4233253
11898671	11868139
11898672	7514209
11898672	12668426
11898673	1497270
11898674	11868171
11898675	11868171
11898676	11898783
11898679	2638759
11898679	10046621
11898680	2649921
11898681	11868193
11898682	11868211
11898683	8127218
11898684	11868220
11898685	11868220
11898686	2652938
11898687	2654535
11898689	3355024
11898690	11753604
11898691	7668775
11898692	11774714
11898693	3282034
11898693	13038222
11898694	3355024
11898694	11181127
11898695	3355024
11898695	13253483
11898696	7900481
11898697	11868290
11898698	10207445
11898699	10207445
11898700	3282486
11898700	5544195
11898700	12275253
11898701	11679167
11898702	3361766
11898702	12716054
11898703	11748520
11898704	6073907
11898705	9050320
11898706	3378161
11898706	12090103
11898707	3158083
11898707	7635858
11898707	7900481
11898708	11868308
11898709	7812005
11898710	11868311
11898711	3444886
11898711	12010132
11898712	10023222
11898713	3458583
11898713	12209675
11898714	1023080
11898715	68140
11898715	367805
11898715	5646829
11898716	11776478
11898717	7499830
11898718	3530823
11898718	13490571
11898719	11868313
11898720	13026537
11898721	6204108
11898721	11475746
11898722	11751311
11898723	11751311
11898724	7536166
11898725	11880200
11898726	11880200
11898727	11880200
11898728	11880200
11898729	9695909
11898729	9695911
11898729	9695912
11898730	12733297
11898731	8851685
11898731	8853026
11898731	11263824
11898731	11271301
11898731	11271302
11898732	10023295
11898733	11577031
11898734	11577031
11898735	11577031
11898736	7366579
11898736	8134898
11898737	11577031
11898738	11253169
11898739	11253169
11898740	3648641
11898740	11901052
11898740	13171268
11898741	3679056
11898742	11868317
11898743	346208
11898743	431353
11898743	1222025
11898743	1613264
11898743	3682641
11898743	3682644
11898743	3682645
11898743	3682780
11898743	3697510
11898743	5094596
11898743	5789898
11898744	11868318
11898745	10669303
11898746	11868319
11898747	11868320
11898748	3715777
11898748	12401385
11898749	11181121
11898750	11868337
11898751	9433206
11898752	3517364
11898753	7693815
11898755	8640403
11898757	7114156
11898757	8322863
11898757	11181108
11898757	11898771
11898757	11898775
11898757	11898790
11898759	12494976
11898760	11382745
11898761	8582767
11898762	9663956
11898762	10324190
11898762	10369053
11898763	11899215
11898764	11645937
11898766	8257919
11898767	1961295
11898767	7174249
11898767	8565252
11898767	11877656
11898767	11887027
11898768	11115806
11898769	7535536
11898770	8562670
11898771	11898757
11898772	11851094
11898773	326168
11898773	1340452
11898773	1391393
11898773	1391440
11898773	1722353
11898773	4654598
11898773	5086949
11898773	5086952
11898774	7542733
11898774	11213405
11898775	11898757
11898776	11364170
11898777	11364170
11898778	11181102
11898779	11364170
11898780	7819850
11898780	11181102
11898781	7819850
11898781	10248050
11898781	11181102
11898782	7819850
11898782	11181102
11898783	11898676
11898783	11898791
11898784	10861297
11898785	2944336
11898785	3743324
11898786	72439
11898786	659402
11898786	2391218
11898786	7894763
11898786	8128040
11898787	8698636
11898788	11624718
11898789	3874407
11898790	7114156
11898790	8322863
11898790	11181108
11898790	11898757
11898791	11898783
11898792	11898813
11898792	11898819
11898792	11898837
11898792	11899749
11898792	11899754
11898792	11899774
11898793	10822754
11898795	1086897
11898795	1086899
11898795	2713176
11898795	3257271
11898795	3431559
11898795	4486345
11898796	3733282
11898796	12368159
11898797	3928917
11898798	3928917
11898800	7396605
11898800	8086505
11898800	8088882
11898803	11635619
11898805	9421890
11898806	11725007
11898808	12493902
11898809	10344775
11898810	3721842
11898810	9209594
11898811	11587074
11898812	11757077
11898813	11898792
11898814	11641464
11898815	13122353
11898816	9242391
11898817	9242391
11898817	13316350
11898818	9242391
11898819	11898792
11898820	11148044
11898820	12429783
11898820	12429784
11898820	12912588
11898820	12912589
11898820	12912590
11898820	12994230
11898820	12994231
11898820	12994235
11898821	3612614
11898821	5136522
11898822	2202962
11898823	3171136
11898823	6151255
11898823	7073157
11898824	11819845
11898825	11819845
11898826	9693185
11898827	9693185
11898828	9693185
11898829	11486915
11898830	11762339
11898831	11892497
11898832	11892497
11898833	11892497
11898834	11892497
11898835	12884821
11898835	13176368
11898835	13246742
11898835	13387047
11898835	13387048
11898836	11892497
11898837	11898792
11898838	11892497
11898839	4699078
11898840	7911457
11898841	260453
11898842	11223144
11898843	11223144
11898844	11513550
11898845	11513550
11898846	11513550
11898847	11513550
11898848	11513550
11898849	11513550
11898850	11513550
11898851	11513550
11898852	7215200
11898853	11898932
11898854	10041078
11898856	3729824
11898857	7717254
11898858	11212353
11898859	8477156
11898860	11127219
11898860	12437036
11898861	9951724
11898862	2232865
11898862	12653887
11898863	2699026
11898864	11849889
11898865	4498568
11898866	11667666
11898867	5459615
11898867	5746034
11898868	5856416
11898868	12799042
11898869	9938319
11898869	9938320
11898869	9938321
11898869	9938322
11898869	9938535
11898869	9938618
11898869	9938619
11898870	7682211
11898871	11898878
11898871	11898885
11898871	11898888
11898871	11898889
11898871	11898890
11898872	10771782
11898873	11380570
11898874	10771782
11898876	9388128
11898877	11469673
11898878	11898871
11898878	11898885
11898878	11898888
11898878	11898889
11898878	11898890
11898878	12717946
11898879	552065
11898879	12901120
11898880	9768839
11898880	9850407
11898880	10506114
11898881	11212209
11898882	11753979
11898883	10173028
11898884	11776195
11898885	11898871
11898885	11898878
11898887	10217021
11898888	11898871
11898888	11898878
11898889	11898871
11898889	11898878
11898890	11898871
11898890	11898878
11898891	10822949
11898892	10222965
11898893	10222965
11898894	10222965
11898895	10222965
11898896	7888346
11898896	11957367
11898897	11679172
11898898	10288057
11898900	11634779
11898901	13192510
11898901	13219421
11898901	13219422
11898902	11898910
11898903	10216737
11898904	10216738
11898904	13160144
11898904	13160149
11898905	11201311
11898906	11201311
11898907	3891150
11898907	11719215
11898907	11719217
11898908	12620687
11898908	12620688
11898908	12620689
11898908	12620694
11898908	12620696
11898908	12620698
11898908	12620700
11898908	13230439
11898908	13230440
11898909	8034816
11898910	11898902
11898910	12602914
11898911	11392183
11898912	10216746
11898912	12210144
11898913	11392183
11898914	11892420
11898915	11892420
11898916	11892420
11898917	11892420
11898918	5499305
11898918	13685302
11898919	11685707
11898920	11685707
11898921	7212339
11898921	12713759
11898922	11889635
11898923	11889635
11898924	3820166
11898924	13292216
11898925	11889635
11898926	7143898
11898927	10000879
11898927	12949060
11898927	12954632
11898928	11889635
11898929	11889635
11898930	7155687
11898931	8562741
11898932	11898853
11898933	5366350
11898933	12634515
11898934	10224016
11898935	6505303
11898935	12735853
11898936	11739833
11898937	7513657
11898938	8373996
11898939	8373996
11898940	3733035
11898941	11695996
11898942	3991316
11898943	2009265
11898943	8878176
11898943	11181074
11898943	13361431
11898943	13361509
11898944	7513840
11898944	12210696
11898945	11645546
11898946	4097524
11898946	12510901
11898947	4129992
11898947	7633968
11898948	1647243
11898948	4129998
11898949	11785363
11898950	3988338
11898951	9115202
11898952	9115202
11898953	4153679
11898953	12339539
11898954	4153691
11898954	6301504
11898955	10296600
11898956	4160590
11898957	11751257
11898958	11751257
11898959	10020202
11898960	2009265
11898960	8878176
11898960	11181074
11898961	11662607
11898962	11858976
11898963	2511567
11898963	11181073
11898964	4015164
11898964	11181070
11898964	13341932
11898965	11038957
11898966	11181063
11898966	12794293
11898967	11887137
11898968	11887137
11898969	11887137
11898970	11887137
11898972	11887137
11898973	11887137
11898974	11887137
11898975	11887137
11898976	11611731
11898977	11714170
11898978	11591325
11898979	10959652
11898980	8317069
11898981	11630654
11898982	11822029
11898983	11663462
11898984	6691127
11898985	1910672
11898985	11812025
11898985	11812026
11898985	13588970
11898985	13636531
11898985	13636533
11898985	13636536
11898985	13636537
11898986	10885314
11898988	11775252
11898990	11813905
11898990	12525513
11898990	12525522
11898991	9978211
11898992	11833954
11898993	11850879
11898994	19920
11898994	9020457
11898994	9968300
11898994	12371812
11898995	24204
11898996	1077959
11898996	3333861
11898996	3568095
11898996	5403592
11898996	5460664
11898996	11313715
11898997	11833954
11898998	11793674
11898999	37599
11899000	11165635
11899001	11165635
11899002	1007360
11899002	1007362
11899003	7683349
11899003	10539963
11899003	12527845
11899003	13438793
11899004	8327024
11899005	13600304
11899005	13627106
11899006	8257073
11899007	8257073
11899008	582493
11899008	585447
11899008	585838
11899008	2755074
11899009	8257073
11899010	8257073
11899011	10231812
11899012	11594291
11899014	274322
11899014	538707
11899014	3531507
11899014	3535839
11899014	5288436
11899014	7798953
11899014	11572222
11899015	11632086
11899016	1381700
11899016	9019960
11899018	11660181
11899019	2261218
11899019	3734528
11899019	3764698
11899019	4866531
11899019	6619515
11899020	3879667
11899020	3879717
11899020	3880030
11899020	4146793
11899020	11904159
11899022	9953531
11899023	9953531
11899024	4056902
11899026	11801823
11899027	5251929
11899028	11801823
11899029	2663058
11899029	7176881
11899031	11487266
11899032	11487266
11899033	5411717
11899034	6048324
11899035	11663099
11899036	5903659
11899036	13341670
11899037	11735165
11899038	6041590
11899038	12525384
11899039	8151930
11899040	8151930
11899041	6225161
11899041	13103366
11899042	11801922
11899043	11484149
11899044	3820623
11899045	6040546
11899047	11757735
11899048	12857093
11899048	12857095
11899048	13176365
11899048	13176367
11899048	13184908
11899048	13184909
11899048	13184910
11899048	13184911
11899048	13184912
11899048	13184913
11899048	13640539
11899049	11596720
11899050	11596720
11899051	11596720
11899052	10707178
11899054	11631842
11899055	11631842
11899056	11393467
11899056	12042062
11899057	8255739
11899058	11393470
11899058	12645723
11899059	8255739
11899060	8392872
11899061	6664146
11899062	8392872
11899063	8392872
11899065	3737101
11899065	13783455
11899067	11513784
11899068	11513784
11899070	11846928
11899072	10023845
11899073	6048334
11899073	13401455
11899075	11748587
11899076	7111976
11899079	6421891
11899079	12510914
11899079	13040547
11899079	13040552
11899080	7513571
11899080	12250856
11899081	11732626
11899081	12425285
11899081	12782841
11899081	12782842
11899083	5936392
11899084	11235858
11899088	11041216
11899089	11369707
11899090	11703527
11899091	12172792
11899092	11788318
11899093	11788318
11899094	11850913
11899095	11899098
11899095	11899102
11899095	11899107
11899095	12250760
11899097	10225498
11899098	11899095
11899099	11887296
11899100	11887296
11899101	11887296
11899102	11899095
11899103	12376340
11899103	12396489
11899104	11887296
11899105	10860350
11899106	11686172
11899107	11899095
11899107	12218091
11899108	10798745
11899109	9786295
11899110	8182513
11899111	8256261
11899112	11472133
11899113	11472133
11899114	11729974
11899115	11469937
11899117	10030784
11899118	11797818
11899119	11431504
11899120	9796606
11899121	9056285
11899122	11899149
11899123	11833325
11899124	11833325
11899125	11833325
11899126	11820068
11899127	13176364
11899128	11898101
11899128	12782281
11899129	10328215
11899130	10328215
11899131	10328215
11899132	10328215
11899133	10328215
11899134	10328215
11899135	10328215
11899137	10328215
11899138	10328215
11899139	10328215
11899140	10328215
11899141	10328215
11899142	10328215
11899143	10328215
11899144	13176363
11899145	11449905
11899147	10222574
11899148	10222574
11899149	11899122
11899150	8789987
11899151	11599826
11899153	8789987
11899154	11729510
11899156	11880141
11899161	10862206
11899164	11899165
11899165	11899164
11899170	6623675
11899172	12410722
11899172	13079382
11899172	13079383
11899173	12104712
11899177	11513803
11899178	11513803
11899179	8792406
11899181	2793979
11899181	3421133
11899181	3421134
11899181	6383522
11899181	7811404
11899182	7476228
11899182	8797985
11899182	8797986
11899182	9735457
11899183	11511201
11899185	11899186
11899186	11899185
11899189	13272847
11899189	13272848
11899189	13403648
11899190	11753354
11899191	9188521
11899191	10644838
11899195	3881449
11899196	3881449
11899197	3881449
11899198	9188521
11899198	10644837
11899199	3881449
11899200	9188521
11899200	10644837
11899201	828983
11899201	2428423
11899201	11255607
11899201	11908843
11899201	11908851
11899201	11908853
11899201	11909087
11899201	11909089
11899201	11909092
11899201	11909096
11899201	11909098
11899201	12018439
11899203	9188521
11899203	10644837
11899203	10644838
11899204	9130735
11899205	11645947
11899206	9130735
11899207	10897341
11899207	11402839
11899208	5784783
11899209	11899968
11899211	5784783
11899212	7387779
11899212	7532909
11899213	7387779
11899213	7532909
11899214	5784782
11899215	11898763
11899216	6842624
11899217	10121331
11899217	10125532
11899218	11195691
11899220	10235627
11899222	9824324
11899223	2948881
11899225	11525451
11899227	10023070
11899228	8228507
11899229	10013165
11899230	3446858
11899230	3609037
11899230	3609695
11899230	10641447
11899231	10296849
11899232	11525451
11899233	10216033
11899234	9032027
11899235	11222757
11899236	11793841
11899237	11757206
11899238	10179724
11899239	10072366
11899240	2294530
11899241	11493363
11899242	11543335
11899243	11706691
11899244	11717242
11899245	11374712
11899246	2294530
11899247	8568444
11899248	8568444
11899251	11656939
11899252	8023104
11899253	9797232
11899254	1112916
11899255	11679046
11899256	11018587
11899259	10235430
11899260	8567792
11899261	8567792
11899262	2294531
11899263	2294532
11899264	11820895
11899265	11480440
11899266	10492387
11899267	10492387
11899268	10854203
11899269	10854203
11899270	9398007
11899271	10854203
11899272	10854203
11899274	8119792
11899275	11697366
11899276	10301764
11899277	11237219
11899278	10708305
11899278	11902857
11899280	11590670
11899282	10231806
11899283	10231806
11899284	8594127
11899284	8594129
11899285	11899463
11899285	11899866
11899285	11981172
11899285	12026327
11899286	11900248
11899287	10159886
11899287	13602556
11899288	11775474
11899289	11860425
11899291	11690149
11899292	11846210
11899293	9165379
11899295	11116600
11899297	10634727
11899298	3648641
11899298	4569674
11899298	10499940
11899298	10499941
11899298	11901052
11899298	13015326
11899298	13171268
11899299	11715059
11899300	9801262
11899301	11634899
11899303	11386752
11899304	10823350
11899305	11641663
11899308	3932963
11899309	3932963
11899310	7514214
11899311	9666360
11899313	9995544
11899315	11847762
11899316	11899322
11899317	11890999
11899319	11891000
11899320	10228499
11899321	11890995
11899321	12151140
11899322	11899316
11899323	11679208
11899324	11882122
11899325	11882122
11899326	11891011
11899327	11882122
11899328	11882122
11899329	11592082
11899331	11592082
11899332	8597613
11899333	11899344
11899333	12829739
11899333	13339816
11899333	13403647
11899334	6265579
11899335	3392620
11899336	11629133
11899337	5411725
11899337	12859113
11899338	10201563
11899341	11171288
11899342	11171288
11899343	3880400
11899344	8346911
11899344	11890093
11899344	11899333
11899344	11899369
11899344	12829739
11899345	7514216
11899346	8246988
11899347	9959387
11899348	4954810
11899348	4954882
11899348	4957288
11899348	12694134
11899349	3732914
11899349	13680955
11899350	10843325
11899351	10843325
11899352	10843325
11899353	10843325
11899354	10843325
11899355	10843325
11899356	7513537
11899356	11917101
11899357	10843325
11899358	10843325
11899360	7514265
11899361	8319106
11899362	7111525
11899364	4728321
11899364	12101148
11899365	11159033
11899366	6065029
11899366	11819266
11899366	12872763
11899367	7803783
11899367	12125329
11899368	11739679
11899369	11890093
11899369	11899344
11899369	12829739
11899370	6264729
11899370	12663673
11899371	11899382
11899371	11899484
11899371	11899499
11899371	11900122
11899371	11900136
11899371	11907585
11899371	12052024
11899371	12052025
11899371	12204260
11899371	12830263
11899371	12931790
11899371	13323866
11899371	13604597
11899372	11769842
11899373	7326849
11899374	9486799
11899375	8248804
11899376	8248804
11899377	8198289
11899378	8547068
11899380	8547068
11899381	8547068
11899382	11899371
11899382	11899484
11899382	11899499
11899382	11900122
11899382	11900136
11899382	11900147
11899382	11902861
11899382	11907585
11899382	12052024
11899382	12052025
11899382	12204260
11899382	12830263
11899382	12931790
11899383	11798093
11899384	11798093
11899385	11146928
11899386	10744517
11899386	10744519
11899387	11628665
11899388	11899390
11899388	13686848
11899390	11899388
11899391	11521368
11899392	11633578
11899392	11899395
11899392	11899396
11899394	10891193
11899395	11633578
11899395	11633609
11899395	11633612
11899395	11633613
11899395	11633614
11899395	11633615
11899395	11633618
11899395	11633625
11899395	11899392
11899396	11633578
11899396	11633609
11899396	11633612
11899396	11633613
11899396	11633614
11899396	11633615
11899396	11633618
11899396	11633625
11899396	11899392
11899397	11918626
11899397	11918628
11899397	12333561
11899398	11557025
11899400	11899404
11899400	12475760
11899400	12500232
11899401	11571952
11899402	12776355
11899402	12778675
11899403	11899411
11899404	11899400
11899407	646744
11899407	971345
11899407	1245802
11899407	13697732
11899407	13697733
11899407	13697734
11899408	11899409
11899409	11899408
11899411	11899403
11899417	11899626
11899417	11899628
11899417	11899812
11899419	8128447
11899419	8758473
11899419	8758476
11899421	11899431
11899423	8685530
11899429	10669462
11899430	9049203
11899430	9142927
11899431	11899421
11899432	6633956
11899433	3385992
11899433	7033874
11899435	7033874
11899436	49730
11899437	3385992
11899437	3570001
11899437	7033874
11899438	8188294
11899439	5834493
11899440	300782
11899441	11897263
11899442	57562
11899442	6688242
11899442	6688243
11899442	12125332
11899443	11890093
11899443	12126227
11899444	11890093
11899445	11890093
11899446	11890093
11899449	11899450
11899450	11899449
11899451	11899457
11899457	11899451
11899458	7610903
11899459	7610903
11899460	3425954
11899460	7206996
11899461	7610903
11899461	11899462
11899462	11899461
11899463	11899285
11899463	11899866
11899463	11981172
11899463	12026327
11899464	8939435
11899465	11829944
11899466	11829944
11899467	10529747
11899468	10529747
11899469	11885734
11899469	11899682
11899470	10529747
11899471	7684679
11899472	2728731
11899472	11899475
11899473	3255338
11899474	6459983
11899475	11899472
11899476	3369108
11899477	11899486
11899477	11899487
11899477	11899489
11899477	12407418
11899478	8576328
11899479	7161734
11899480	7161734
11899481	1795651
11899481	1800518
11899481	2251144
11899481	2549038
11899481	2657674
11899481	10030852
11899482	7770111
11899483	7928016
11899484	11899371
11899484	11899382
11899484	11899499
11899484	12931790
11899484	13323866
11899485	9298262
11899486	11899477
11899487	11899477
11899488	9298262
11899488	11899490
11899489	11899477
11899490	11899488
11899491	9298262
11899491	11899497
11899492	4936260
11899493	4936260
11899494	11899495
11899494	11903603
11899494	11915053
11899494	11915069
11899494	13144667
11899495	11899494
11899495	11903603
11899496	11899498
11899497	11899491
11899498	11899496
11899499	11899371
11899499	11899382
11899499	11899484
11899499	11902861
11899499	11907585
11899499	12052024
11899499	12052025
11899499	12931790
11899499	13323866
11899503	2978923
11899504	11899982
11899504	12107260
11899505	10134801
11899506	2402268
11899506	12563090
11899509	12701789
11899509	12701790
11899509	12701791
11899510	11902702
11899510	11983645
11899510	11983650
11899510	11987232
11899510	12885157
11899511	1465999
11899511	12156996
11899515	11899516
11899516	11899515
11899517	11900118
11899517	11900120
11899517	13058621
11899517	13058622
11899517	13064084
11899518	924601
11899519	11899524
11899519	12013642
11899519	12495951
11899519	12511887
11899519	12511888
11899519	13363909
11899519	13403646
11899520	11164372
11899521	272215
11899523	10771193
11899523	10780315
11899524	11899519
11899525	96512
11899525	307193
11899525	4970931
11899531	9299629
11899531	9935748
11899533	4500724
11899535	11899537
11899537	11899535
11899542	11899619
11899542	11899638
11899542	11900021
11899542	11900022
11899542	11900128
11899543	12184902
11899543	12184903
11899544	12477201
11899549	11164372
11899549	11899556
11899552	11902699
11899552	13150055
11899554	11175906
11899556	11899549
11899558	11175906
11899561	11899655
11899563	278783
11899563	349213
11899563	1233598
11899563	2424204
11899564	8112454
11899565	8112454
11899566	8112454
11899568	11894204
11899571	11899583
11899571	11903497
11899571	11922731
11899572	11894204
11899573	11899574
11899574	11899573
11899577	10735823
11899577	11894204
11899579	11243680
11899579	11899585
11899580	11243680
11899580	11899585
11899580	12402531
11899581	11243680
11899583	11899571
11899583	11903497
11899585	11899579
11899585	11899580
11899585	12402531
11899587	12413584
11899587	12413585
11899588	11448280
11899589	11899597
11899590	11899594
11899590	11899600
11899591	13153766
11899594	11899590
11899594	11899600
11899595	11448280
11899596	2203258
11899597	11899589
11899599	11448280
11899599	11899606
11899600	11899590
11899600	11899594
11899601	11448280
11899603	11899604
11899604	11899603
11899606	11899599
11899608	9535184
11899610	2203258
11899612	9535184
11899613	13098362
11899614	13586184
11899615	9158135
11899617	9158135
11899618	9158135
11899619	11899542
11899621	9158135
11899621	11899622
11899622	3912072
11899622	11899621
11899622	12637712
11899623	9510148
11899624	11899625
11899625	11899624
11899626	11899417
11899627	9510148
11899628	11899417
11899629	4751720
11899630	11899635
11899630	12341590
11899630	12348971
11899631	11899635
11899631	12348975
11899631	12348979
11899631	12581766
11899632	11711906
11899633	10859756
11899634	11899636
11899635	11899630
11899635	11899631
11899635	11947928
11899636	11899634
11899638	11899542
11899640	9143179
11899648	13146362
11899649	11535684
11899651	11898356
11899652	278783
11899652	1233598
11899652	13429448
11899653	11899658
11899654	8447645
11899655	11899561
11899656	11885747
11899657	11395879
11899657	11899668
11899658	11899653
11899659	11899667
11899660	11899662
11899660	11899776
11899661	11899671
11899662	11899660
11899663	11395879
11899664	11899670
11899664	12511889
11899664	12511890
11899665	11899674
11899665	12102533
11899667	11899659
11899668	11395879
11899668	11899657
11899670	11899664
11899671	11899661
11899672	8892732
11899673	8892732
11899674	11899665
11899674	12102533
11899675	8447645
11899676	2111851
11899677	3045694
11899677	8892732
11899679	11239465
11899681	11239465
11899681	12896833
11899681	13033206
11899682	11885734
11899682	11899469
11899683	11239465
11899684	11899685
11899684	11899687
11899684	11899688
11899684	11899689
11899684	11899690
11899684	11899691
11899684	12269443
11899684	13176362
11899685	11899684
11899686	9678333
11899687	11899684
11899688	11899684
11899689	11899684
11899690	11899684
11899691	11899684
11899692	9678333
11899693	11899699
11899693	11899772
11899694	1029034
11899696	9118839
11899696	11911500
11899698	9118839
11899699	11899693
11899700	11543777
11899701	11840161
11899702	11840161
11899703	11840161
11899704	11840161
11899705	11840161
11899706	7078948
11899706	12102504
11899707	11840161
11899708	7078948
11899708	12102504
11899709	4502370
11899709	11942355
11899710	12998266
11899711	3734461
11899711	13010666
11899713	6426249
11899714	11022937
11899714	11899716
11899714	11899722
11899715	6065090
11899716	11022937
11899716	11899714
11899716	11899722
11899717	7078948
11899718	9232781
11899718	12102502
11899719	6045810
11899719	12525400
11899720	6522658
11899720	11935306
11899721	3734284
11899721	4638720
11899721	12145420
11899722	11022937
11899722	11899714
11899722	11899716
11899723	6048338
11899723	12826332
11899724	3991551
11899725	6238198
11899726	5500009
11899726	5500010
11899726	5500012
11899726	6776271
11899726	9987667
11899727	3819813
11899727	12002436
11899728	11384178
11899729	7182277
11899729	12257929
11899730	11899771
11899730	11902956
11899731	11384178
11899731	13316107
11899732	6033118
11899732	11920697
11899733	5321764
11899733	12279478
11899734	3984093
11899734	12443875
11899735	8985372
11899735	13292607
11899736	7531872
11899736	11911495
11899737	6017341
11899738	7513861
11899738	12064466
11899738	12064469
11899739	12084421
11899739	12085518
11899740	5358560
11899740	13481931
11899741	11027680
11899741	11899747
11899742	3734953
11899743	5848303
11899743	12046824
11899744	10183832
11899744	11911494
11899745	6062350
11899746	11770636
11899747	11027680
11899747	11899741
11899748	6225566
11899748	13492982
11899749	11898792
11899750	3738589
11899751	11899764
11899751	11899768
11899751	13176361
11899752	5913927
11899752	12578524
11899753	11899757
11899754	11898792
11899755	11899760
11899755	11899767
11899755	11899816
11899755	11901725
11899755	11902833
11899756	11899766
11899757	11899753
11899757	11899765
11899757	12102499
11899757	13183999
11899758	11899762
11899758	11899793
11899758	11899800
11899758	11899802
11899758	11899831
11899758	11899833
11899758	11899836
11899758	12203330
11899759	1038008
11899760	11899755
11899760	11902833
11899762	11899758
11899762	12203330
11899764	11899751
11899765	11899757
11899766	11899756
11899766	12484121
11899767	11899755
11899767	11899816
11899768	11899751
11899769	11840159
11899769	13085531
11899770	11899783
11899771	11899730
11899771	11902956
11899772	11899693
11899773	11022937
11899774	11898792
11899775	290592
11899775	12746333
11899776	11899660
11899777	11899780
11899777	11899781
11899777	11899803
11899778	70481
11899778	2203298
11899779	70481
11899779	2203298
11899780	11899777
11899781	11899777
11899782	10868089
11899783	11899770
11899784	1201045
11899785	1201045
11899786	1549072
11899787	1545474
11899788	1618579
11899789	1653599
11899790	11899792
11899790	13010938
11899791	817923
11899792	11899790
11899792	13010938
11899793	11899758
11899794	774925
11899795	1779959
11899795	1784016
11899795	4564804
11899796	1795006
11899796	12356482
11899796	13167525
11899797	6528240
11899798	1864528
11899799	2195641
11899800	11899758
11899801	2276049
11899801	3824944
11899802	11899758
11899803	11899777
11899804	7476989
11899804	12009714
11899804	12009724
11899805	263258
11899806	9831720
11899807	11899810
11899808	3938329
11899808	12446505
11899808	12870720
11899809	11899870
11899809	11899874
11899810	11899807
11899810	11936363
11899811	3346020
11899812	11899417
11899813	3346020
11899814	7760543
11899814	12875186
11899814	13274894
11899815	729864
11899816	11899755
11899816	11899767
11899816	11901722
11899816	11901732
11899816	11902635
11899816	11902647
11899816	11903598
11899817	12495952
11899817	12511891
11899817	12511892
11899817	13176360
11899817	13184914
11899817	13363908
11899818	12511894
11899818	12511895
11899818	12511919
11899818	12511920
11899818	12511921
11899818	13176358
11899819	11899820
11899820	11899819
11899821	11899822
11899822	11899821
11899826	26044
11899829	1284016
11899830	10063841
11899831	11899758
11899831	12203330
11899832	1136036
11899833	11899758
11899833	12203330
11899834	1368476
11899835	3885686
11899836	11899758
11899836	12203330
11899837	2257082
11899838	1864245
11899839	6674843
11899840	26044
11899841	880209
11899842	544611
11899843	11899857
11899843	11899862
11899844	3628538
11899845	544611
11899846	4533597
11899847	497534
11899848	2444224
11899849	1592610
11899852	6156145
11899857	11899843
11899857	11911493
11899858	11360561
11899859	4263974
11899860	3811494
11899861	9834085
11899861	12213167
11899862	11899843
11899862	11911493
11899863	721657
11899864	4263974
11899865	7635119
11899866	11899285
11899866	11899463
11899866	11981172
11899866	12026327
11899867	1069685
11899867	12848606
11899868	11360561
11899869	3033090
11899869	12654659
11899870	11899809
11899870	11911350
11899871	1315230
11899872	2246121
11899873	1315230
11899874	11899809
11899874	11911350
11899875	3800900
11899875	3861167
11899876	4263974
11899877	5165843
11899878	11360561
11899879	1632430
11899880	1023563
11899881	10192180
11899882	1182485
11899882	12848596
11899882	12848597
11899883	5927573
11899884	3959701
11899885	5927573
11899886	1696659
11899887	1207435
11899888	4263962
11899889	3606929
11899890	3826022
11899891	3826022
11899892	1113830
11899893	10012136
11899894	2244993
11899894	3422011
11899895	2244993
11899895	3422011
11899896	748550
11899897	3742119
11899898	2654080
11899898	12046113
11899899	9235301
11899900	9184145
11899901	10747399
11899902	1283979
11899902	12046109
11899903	7148852
11899903	12848587
11899904	299238
11899905	1264947
11899905	12046105
11899906	518553
11899907	573793
11899908	1582534
11899909	2241516
11899910	3605388
11899911	2125502
11899912	2247666
11899913	2968297
11899914	6855993
11899915	2346616
11899916	9932765
11899917	2247666
11899918	10993751
11899919	11844662
11899920	6883679
11899920	12857123
11899921	2241516
11899922	10979669
11899923	10594420
11899924	5927573
11899925	262125
11899926	8541121
11899927	262134
11899928	5967569
11899929	262134
11899930	23151
11899931	3793614
11899932	4548650
11899933	620565
11899933	10716237
11899934	262146
11899935	10251279
11899936	5372584
11899937	1264549
11899937	12046097
11899938	5736330
11899939	323793
11899940	5736330
11899941	9520088
11899942	10923020
11899943	9520088
11899944	9464565
11899946	1325865
11899946	12046100
11899947	8977263
11899948	7950946
11899949	5755712
11899950	1239147
11899952	10338009
11899954	1271424
11899954	12046093
11899955	10594420
11899956	6140360
11899957	307119
11899957	8395485
11899958	5023083
11899959	1253433
11899960	8667480
11899961	6624008
11899962	712022
11899963	1420795
11899964	5147796
11899965	4353365
11899966	7529211
11899967	1362020
11899968	11899209
11899969	3089416
11899970	7529211
11899971	13564070
11899972	11666614
11899973	11897988
11899974	7135988
11899975	11696388
11899977	10572809
11899978	462953
11899978	12046082
11899979	8322168
11899979	12557462
11899980	6601722
11899980	12848068
11899981	4711438
11899982	11899504
11899983	4936205
11899984	3002662
11899986	3858826
11899986	12260762
11899987	7936468
11899988	2275593
11899990	1280064
11899991	4571393
11899992	6815798
11899993	5997111
11899994	3410214
11899995	13358024
11899996	1072445
11899996	13700309
11899997	3533813
11899998	11058532
11899999	507316
11900000	1721691
11900001	12579245
11900003	9795392
11900004	8379783
11900005	7529211
11900006	1047930
11900008	722051
11900008	4325175
11900010	2079764
11900011	4602964
11900011	13176357
11900012	6771550
11900013	6791365
11900013	12260751
11900015	8901802
11900017	12455662
11900020	11239592
11900021	11899542
11900022	11899542
11900023	12016903
11900024	11239592
11900026	11900030
11900026	11900414
11900030	11900026
11900032	13406930
11900033	11900034
11900034	11900033
11900035	1214037
11900036	341888
11900037	5015760
11900038	2380493
11900039	7926960
11900040	1343144
11900041	1875887
11900042	1178630
11900042	12229637
11900044	9868855
11900045	851583
11900046	574433
11900047	703740
11900047	13051095
11900049	9816895
11900050	1419428
11900051	584364
11900051	12656700
11900052	5375550
11900054	12684795
11900055	5375550
11900057	4514518
11900058	1954824
11900058	2697191
11900058	12216553
11900059	854861
11900059	12229668
11900061	10244085
11900062	5141689
11900063	158165
11900063	256365
11900063	823324
11900063	841062
11900064	11900075
11900065	13367301
11900066	9530665
11900067	1172250
11900069	9041127
11900070	11256943
11900072	3014092
11900074	2530552
11900075	11900064
11900076	1033652
11900077	2409068
11900077	12028964
11900078	1809945
11900079	2977649
11900080	6319117
11900081	556456
11900082	11706887
11900086	11825869
11900087	4571349
11900088	1291828
11900090	2678672
11900090	12028960
11900090	12219305
11900090	12367748
11900090	12367749
11900090	12367750
11900094	3127624
11900094	9997368
11900094	9997369
11900095	1252722
11900096	2678670
11900098	1166750
11900099	2678670
11900100	10244712
11900101	1132724
11900101	12028942
11900101	12213056
11900102	2122370
11900103	11900105
11900103	12855400
11900105	11900103
11900106	4658806
11900107	1296875
11900108	1166751
11900109	10805636
11900110	9678374
11900111	2203306
11900111	4655485
11900111	4655486
11900111	11900114
11900111	11900135
11900112	10103528
11900113	7078949
11900114	11900111
11900115	7078949
11900116	7078949
11900117	8413977
11900117	8413978
11900117	8475507
11900117	8671862
11900118	11899517
11900118	11900120
11900118	13058621
11900118	13058622
11900118	13064084
11900119	7078949
11900120	11899517
11900120	11900118
11900120	13058621
11900120	13058622
11900120	13064084
11900121	8361219
11900121	8413974
11900121	10421091
11900122	11899371
11900122	11899382
11900122	11900136
11900122	11902861
11900122	11907585
11900122	12052024
11900122	12052025
11900122	12931790
11900122	13323866
11900123	11875429
11900124	11770615
11900126	11900129
11900127	11360610
11900128	11899542
11900129	11900126
11900130	11889155
11900130	11889156
11900131	2203308
11900131	4777291
11900131	11900132
11900132	11900131
11900133	11889124
11900134	11889124
11900135	5013458
11900135	11900111
11900135	11900260
11900136	11899371
11900136	11899382
11900136	11900122
11900136	11907585
11900136	11915097
11900136	12052024
11900136	12052025
11900136	12204260
11900137	11889123
11900138	11661990
11900139	11889123
11900140	11889122
11900141	11889118
11900141	11889119
11900141	11900926
11900141	11902201
11900141	12086340
11900141	12086341
11900141	12087523
11900142	11889115
11900143	64195
11900144	11885612
11900144	11933106
11900145	11885106
11900145	11926475
11900146	11884697
11900146	11900148
11900147	11899382
11900147	11900155
11900148	11884697
11900148	11900146
11900149	7098154
11900150	11900222
11900151	11360610
11900153	3125926
11900153	11900160
11900153	11900161
11900153	11900163
11900153	11900165
11900153	11900170
11900154	11900166
11900155	11900147
11900155	12559866
11900156	1338124
11900157	11900159
11900158	639168
11900158	12370185
11900159	11900157
11900160	11900153
11900160	11900187
11900161	7447764
11900161	11900153
11900161	11900187
11900162	9604457
11900163	11900153
11900163	11900173
11900163	11900187
11900164	1506367
11900164	12028928
11900165	11900153
11900165	11900187
11900166	11900154
11900167	9372870
11900168	1338793
11900169	1339497
11900170	11900153
11900170	11900173
11900170	11900187
11900170	13484095
11900170	13484096
11900171	6968724
11900171	12028908
11900173	3125926
11900173	11900163
11900173	11900170
11900173	11900175
11900174	859585
11900175	11900173
11900175	11900187
11900177	857490
11900179	1427701
11900179	12028894
11900179	12351711
11900180	296294
11900180	3340752
11900180	11121006
11900181	650946
11900181	12046066
11900182	9604457
11900183	12495953
11900183	12511922
11900183	13176356
11900184	313573
11900184	3340753
11900184	11900185
11900185	4162853
11900185	11900184
11900186	11900192
11900187	3125926
11900187	11900160
11900187	11900161
11900187	11900163
11900187	11900165
11900187	11900170
11900187	11900175
11900189	296294
11900189	3340752
11900189	11121006
11900191	12632621
11900191	12632622
11900191	12632623
11900191	13092656
11900192	11900186
11900192	11902811
11900193	438940
11900193	2044382
11900193	11900194
11900193	11900195
11900194	11900193
11900194	11900197
11900195	11900193
11900195	11900197
11900196	306525
11900196	2044386
11900196	9161293
11900196	9161294
11900197	438940
11900197	2044382
11900197	11900194
11900197	11900195
11900198	6296324
11900199	306525
11900199	2044386
11900199	9161293
11900199	9161294
11900200	11656763
11900201	11656763
11900202	8204385
11900203	513072
11900203	5393510
11900204	7588625
11900205	7588625
11900205	11906875
11900205	11906877
11900205	11906878
11900205	11906879
11900205	11906882
11900205	11906883
11900205	11906884
11900205	11906886
11900206	7588625
11900207	7588625
11900207	11906882
11900207	11906883
11900207	11906884
11900207	11906886
11900208	8578732
11900209	8578732
11900210	3609996
11900211	4461476
11900212	4461476
11900213	2680636
11900214	4461476
11900215	4461476
11900216	4461476
11900217	4461476
11900218	8758723
11900218	11905866
11900218	11905867
11900219	5379094
11900219	5379099
11900219	11905853
11900219	11905860
11900219	11905863
11900220	5379094
11900220	5379099
11900220	11905853
11900220	11905860
11900221	5379094
11900221	5379099
11900221	11905853
11900222	11900150
11900222	11900969
11900223	3155905
11900223	12046066
11900224	3155905
11900225	1195926
11900225	12028894
11900228	1191574
11900229	1200293
11900230	13092655
11900230	13663382
11900231	1200286
11900232	1200286
11900233	1200286
11900234	1200280
11900235	1200279
11900236	1200272
11900237	12495954
11900237	12511923
11900237	13092654
11900237	13113923
11900237	13665656
11900238	7487942
11900239	7487942
11900240	1200272
11900240	10033346
11900241	11353845
11900242	11353845
11900243	1200272
11900244	9542650
11900245	11900255
11900245	11900256
11900245	11900257
11900245	11900258
11900245	13803313
11900245	13803314
11900245	13803788
11900245	13803789
11900245	13803792
11900245	13803793
11900246	11286103
11900246	11902994
11900246	11902997
11900247	1200272
11900248	11899286
11900249	6588433
11900249	6588450
11900250	9848895
11900251	6588433
11900251	6588450
11900252	6588433
11900253	6588433
11900254	9848895
11900255	11900245
11900255	13803314
11900255	13803792
11900255	13804321
11900255	13804326
11900256	11900245
11900256	13803313
11900256	13803788
11900256	13804322
11900256	13804328
11900257	11900245
11900257	13803314
11900257	13803793
11900258	11900245
11900258	13803313
11900258	13803789
11900260	11900135
11900261	9186916
11900262	9186916
11900264	11878854
11900264	11903498
11900265	11187480
11900265	11903594
11900266	11592715
11900267	5923970
11900267	8762243
11900267	8762244
11900267	11221336
11900267	11221338
11900268	11473139
11900269	11132586
11900270	2884673
11900271	9588529
11900272	7140429
11900273	11900276
11900274	1200268
11900275	9588529
11900276	11900273
11900277	9588529
11900278	13092653
11900279	868663
11900281	11900284
11900282	1164363
11900282	2545760
11900283	11903493
11900284	11900281
11900285	3733904
11900285	12350468
11900286	6224210
11900286	12120112
11900287	1094669
11900287	5718929
11900288	5936434
11900288	12280521
11900289	6823354
11900290	1026301
11900290	1569137
11900290	1812920
11900290	2279373
11900290	2772342
11900291	8733787
11900291	12653883
11900292	3736688
11900293	3733373
11900293	12115254
11900294	1200268
11900294	11900297
11900294	11900298
11900295	7493762
11900295	12067040
11900296	1217898
11900296	12913561
11900296	12913568
11900297	11900294
11900298	11900294
11900299	1094669
11900299	5497510
11900299	11901297
11900299	12306764
11900300	2400198
11900301	6549421
11900302	6627714
11900303	1200261
11900304	11287157
11900305	6996983
11900306	11287157
11900307	2722194
11900308	2685937
11900309	8746039
11900309	12283357
11900310	7306590
11900311	11885631
11900311	11902948
11900311	13424859
11900311	13424861
11900311	13424862
11900311	13424863
11900311	13425464
11900312	1195926
11900312	12028894
11900313	3731092
11900313	12697722
11900314	5903733
11900315	6224852
11900316	390195
11900317	6056953
11900317	12830741
11900318	59641
11900319	7172108
11900319	13096556
11900320	11885631
11900320	11902948
11900320	13425464
11900321	7378455
11900322	7452103
11900323	7182149
11900323	12680675
11900324	817599
11900325	1562780
11900325	1675594
11900325	1825145
11900326	1562780
11900326	1675594
11900326	1825145
11900327	1798945
11900328	11180842
11900328	11900340
11900329	7222697
11900329	11961547
11900330	3295957
11900331	2566202
11900332	7379370
11900332	12272209
11900333	11180810
11900334	11180809
11900335	11180809
11900336	6226018
11900336	13090896
11900337	3295957
11900338	3819479
11900338	13141239
11900339	11180810
11900340	11900328
11900341	11180809
11900342	7514022
11900342	12994266
11900343	11180809
11900344	11287157
11900345	3921651
11900345	11932557
11900346	12839445
11900347	6062404
11900347	12284911
11900348	9938735
11900349	6034367
11900350	5322422
11900351	6224873
11900351	13266978
11900352	6053080
11900353	11715902
11900353	13772058
11900354	10466584
11900355	7514021
11900355	12010101
11900356	6018519
11900356	8037144
11900357	7052239
11900357	7052242
11900358	6575775
11900359	3823772
11900359	12692542
11900360	7052239
11900361	7067949
11900362	3295957
11900363	11180687
11900364	3823477
11900364	13279487
11900365	1685615
11900365	5054035
11900365	11180683
11900365	12148507
11900366	4375279
11900367	11180621
11900368	6802808
11900368	6802809
11900369	11180621
11900370	9004040
11900370	13493128
11900371	11307560
11900373	7178963
11900373	12579724
11900374	3912806
11900375	11180450
11900375	11180452
11900376	7169538
11900377	11180446
11900378	11180444
11900378	13505349
11900379	11180433
11900380	11130113
11900380	11130121
11900380	11900492
11900381	4546785
11900382	9588533
11900383	2752876
11900383	9942048
11900384	11079020
11900385	7500536
11900386	9588533
11900387	507184
11900388	243145
11900389	1689942
11900389	13106234
11900390	8325850
11900391	9153892
11900392	4474112
11900393	10220116
11900393	13147943
11900393	13147944
11900394	1657190
11900394	13155774
11900394	13205679
11900395	1685042
11900396	1712215
11900397	1712314
11900397	13342921
11900398	1756469
11900398	13571714
11900399	2396
11900400	10625654
11900401	1760587
11900402	5475380
11900403	1769623
11900403	13631074
11900404	1773120
11900404	13342948
11900405	5475380
11900406	1974272
11900406	13342920
11900407	10625654
11900409	3455474
11900410	1760123
11900410	5777730
11900410	5782272
11900410	13145762
11900410	13205676
11900411	9154088
11900411	13260455
11900412	3858685
11900414	11900026
11900415	2200914
11900415	13108348
11900415	13111381
11900415	13205670
11900416	1793358
11900417	5475380
11900418	9603744
11900418	9746153
11900419	9661819
11900420	9863166
11900421	7587435
11900422	9878865
11900423	7582366
11900424	1668805
11900425	1764656
11900426	7347517
11900427	1748176
11900428	6887033
11900429	6833082
11900430	1749388
11900431	6715024
11900432	6603863
11900433	9720596
11900434	13817878
11900435	9782868
11900436	9833138
11900436	13181721
11900436	13205664
11900437	9367745
11900438	9367845
11900439	9367897
11900440	9369632
11900441	9367745
11900441	9370058
11900441	13148104
11900441	13148105
11900441	13148110
11900441	13148111
11900441	13148112
11900441	13148113
11900441	13205727
11900442	6568176
11900443	2474222
11900443	3568944
11900443	11915119
11900443	11915121
11900443	11915122
11900443	11915123
11900444	9367745
11900444	13148104
11900444	13148113
11900444	13205753
11900445	9367745
11900446	11900447
11900446	13092652
11900447	11900446
11900447	11915113
11900447	11915117
11900447	12395929
11900448	7004027
11900449	7004027
11900449	7004028
11900450	7477570
11900451	5777199
11900452	5777200
11900452	13130590
11900453	9384855
11900454	7331453
11900454	7331457
11900455	7331453
11900456	8325733
11900456	13402598
11900457	7341033
11900458	7341035
11900459	7341036
11900460	11900474
11900461	9618352
11900462	9648433
11900462	13169720
11900462	13177630
11900463	9748592
11900464	2811481
11900465	9137338
11900466	9521399
11900467	9171818
11900468	9171818
11900469	3333359
11900469	11900470
11900469	11900700
11900470	11900469
11900470	11900700
11900471	3591574
11900472	3591574
11900473	13092651
11900474	11900460
11900474	12334039
11900475	7415119
11900476	7346576
11900476	7346577
11900477	7188303
11900477	13170119
11900477	13205746
11900478	7349098
11900479	11079825
11900480	7664981
11900481	7497337
11900481	13402605
11900482	7497338
11900482	8714950
11900483	7497343
11900483	8714951
11900484	8714947
11900485	10463857
11900486	8325648
11900487	1665254
11900487	13141895
11900488	1673493
11900488	13098250
11900488	13172652
11900489	1741243
11900490	2962684
11900491	1744987
11900492	11900380
11900493	1751021
11900493	12289714
11900493	12289715
11900493	13121594
11900494	1797926
11900494	13245223
11900495	5779258
11900495	5779267
11900495	13314148
11900496	5779290
11900496	5779292
11900497	5779294
11900498	5779267
11900499	5779267
11900499	13266114
11900499	13266115
11900500	11900503
11900501	11766208
11900502	8408200
11900502	8408201
11900503	11900500
11900503	11901465
11900504	11834771
11900505	11900507
11900506	8429138
11900507	11900505
11900507	12043793
11900507	12043797
11900508	8431190
11900509	8433508
11900510	1910645
11900511	5783709
11900512	7050564
11900513	7050564
11900514	7499802
11900515	7499803
11900516	3895148
11900517	11809565
11900517	11809566
11900518	10065904
11900519	1389913
11900520	7069612
11900520	7069615
11900521	10316151
11900523	2320788
11900523	2320789
11900524	10291715
11900525	8879491
11900525	11900529
11900526	10252555
11900527	2677670
11900528	5808875
11900529	7105651
11900529	8543455
11900529	8879488
11900529	8879489
11900529	8879491
11900529	10236502
11900529	10241022
11900529	11841998
11900529	11841999
11900529	11900525
11900530	8805542
11900531	11900554
11900532	11028838
11900532	11900948
11900533	10001844
11900533	10001871
11900533	10002476
11900533	10070399
11900533	10070400
11900533	10070401
11900533	11342222
11900534	11796297
11900535	11796266
11900536	11796266
11900537	11796256
11900538	11005640
11900539	11796258
11900541	11796314
11900542	11796314
11900543	9121097
11900544	11307575
11900545	8654245
11900545	8654273
11900545	8654274
11900545	8654275
11900545	10058310
11900545	10664231
11900545	11743234
11900545	11743238
11900545	11743239
11900546	8905750
11900547	11307575
11900548	13092650
11900549	9742021
11900550	11307575
11900551	8797639
11900552	11900559
11900553	9307353
11900554	11900531
11900554	11900557
11900555	9307353
11900556	9297091
11900557	11900554
11900557	11900639
11900558	9297091
11900559	11900552
11900560	11471219
11900561	11471219
11900562	11471219
11900563	9710664
11900564	8294356
11900564	8294535
11900564	8294536
11900564	8294537
11900564	8294852
11900564	8363175
11900564	8372273
11900564	8538093
11900564	8722356
11900564	8746135
11900564	9068534
11900565	9402000
11900566	8797639
11900566	8797640
11900566	11902425
11900567	10594637
11900568	10594637
11900569	10594637
11900570	11187500
11900571	11550921
11900571	11564999
11900572	7052242
11900574	7052242
11900575	11187693
11900575	11900576
11900576	11900575
11900578	8594373
11900579	7855547
11900580	7350317
11900581	8384049
11900582	12650223
11900582	12650224
11900582	12650226
11900582	12889574
11900583	11132707
11900584	11298953
11900585	11298961
11900586	11298961
11900587	11285495
11900588	11285495
11900589	5428105
11900589	5428106
11900589	9089362
11900589	12366060
11900589	13673807
11900590	7321962
11900591	13279403
11900594	11291464
11900595	13092649
11900595	13652995
11900595	13652996
11900596	12633091
11900596	12633092
11900596	12987825
11900597	11900604
11900598	10802230
11900599	9414264
11900600	9119164
11900600	11911349
11900601	9119164
11900601	11911349
11900602	10128197
11900603	10547355
11900603	12346289
11900604	11900597
11900605	13099350
11900606	9860560
11900608	3112567
11900609	3112567
11900610	13095868
11900610	13095869
11900612	11900617
11900612	11900618
11900613	13687326
11900614	3870729
11900615	7791297
11900617	11900612
11900618	11900612
11900619	6815967
11900620	3443375
11900621	7844145
11900622	11291228
11900622	11900624
11900622	12006070
11900623	7872210
11900624	11900622
11900624	12006070
11900624	12006086
11900625	2232700
11900626	2707012
11900627	1628803
11900628	2105997
11900629	10123012
11900630	1458422
11900631	2283725
11900632	11720269
11900633	11524183
11900634	11900638
11900635	11368333
11900636	1349848
11900636	7251429
11900636	10534115
11900637	11368333
11900638	11900634
11900639	11900557
11900640	11900641
11900641	11900640
11900642	11895793
11900642	11895798
11900642	11895802
11900644	12541774
11900645	9694415
11900645	11900646
11900645	11900650
11900645	13458090
11900645	13813373
11900646	11900645
11900646	11900650
11900647	13092648
11900649	5939854
11900649	11903802
11900650	11900645
11900650	11900646
11900650	13458067
11900650	13458069
11900650	13458072
11900651	11313530
11900652	11313530
11900653	8857856
11900653	11911348
11900654	11915784
11900655	323287
11900656	8510390
11900656	8510398
11900656	8578596
11900656	11695292
11900656	11900657
11900656	11900671
11900656	11902273
11900656	11902274
11900656	11902290
11900656	11902300
11900656	11902306
11900656	12041712
11900656	12041713
11900656	12041715
11900657	8510398
11900657	11900656
11900657	11900671
11900657	12041712
11900657	12041713
11900659	13726403
11900659	13726404
11900660	10131380
11900660	10531578
11900662	12921845
11900662	12921846
11900662	12921847
11900662	12921848
11900662	12921849
11900662	12921850
11900662	12921851
11900663	7258829
11900663	11909421
11900664	10255559
11900664	10267641
11900666	7647337
11900666	12130841
11900667	1287249
11900669	4308000
11900669	9089362
11900669	11900677
11900669	11901381
11900669	13295392
11900669	13295393
11900671	8510390
11900671	8510398
11900671	8578596
11900671	11695292
11900671	11900656
11900671	11900657
11900671	12041712
11900671	12041713
11900673	11900679
11900674	13093767
11900676	13245563
11900677	4308000
11900677	11900669
11900677	11901381
11900677	11901384
11900679	11900673
11900680	13414126
11900681	4593303
11900682	4593303
11900683	7185289
11900683	12763132
11900684	11900686
11900684	13226429
11900685	7184340
11900685	11901366
11900686	11900684
11900687	11900688
11900687	12725457
11900687	12726532
11900687	13092647
11900687	13174221
11900687	13327709
11900687	13327710
11900687	13679733
11900687	13815638
11900688	11900687
11900688	12725457
11900688	12726532
11900689	814157
11900690	11900691
11900690	11900692
11900690	13092596
11900691	11900690
11900692	11900690
11900693	4664312
11900696	11900697
11900697	11900696
11900697	11900698
11900697	11902945
11900698	11900697
11900698	11902945
11900699	11900701
11900700	3333359
11900700	11900469
11900700	11900470
11900701	11900699
11900701	12525136
11900702	11900703
11900703	11900702
11900704	11900705
11900704	11901361
11900704	11901362
11900704	12643130
11900705	11900704
11900705	11901361
11900706	11900709
11900706	11902453
11900708	11900710
11900709	11900706
11900710	11900708
11900710	11900720
11900711	5385500
11900712	3123946
11900712	3262104
11900713	11711821
11900714	11900715
11900714	11900725
11900714	11902553
11900714	11902554
11900714	11902556
11900714	11902557
11900714	11902692
11900715	11900714
11900715	11902554
11900715	11902692
11900716	6347166
11900717	11900799
11900718	11900804
11900720	11900710
11900721	11900809
11900722	2648803
11900723	11900811
11900724	11900813
11900725	11900714
11900726	11119955
11900727	11915782
11900728	11900815
11900728	11900816
11900728	11900817
11900729	11900815
11900729	11900816
11900730	11205484
11900731	11900819
11900732	11900818
11900733	11163391
11900734	1141556
11900734	13656701
11900735	1141556
11900735	13656700
11900736	1141556
11900737	11900820
11900738	10191149
11900738	11903961
11900739	11900821
11900740	11900822
11900741	11900823
11900742	11900824
11900743	11900825
11900744	11900792
11900744	11901354
11900744	11901357
11900745	11900793
11900745	11901359
11900745	11901360
11900746	13716542
11900746	13716543
11900747	6318851
11900747	9949280
11900749	12621279
11900749	12621280
11900751	11035597
11900751	12297690
11900752	11900792
11900752	11901354
11900752	11901357
11900753	11900793
11900753	11901359
11900753	11901360
11900755	11900827
11900755	11900828
11900756	11900829
11900756	12364219
11900757	11900830
11900757	12616092
11900757	12616093
11900758	11900831
11900759	11900831
11900760	11900833
11900760	12030002
11900760	12030003
11900760	13273653
11900760	13273654
11900760	13394811
11900760	13394813
11900760	13394814
11900761	11900834
11900761	12326512
11900761	12326513
11900762	11359127
11900762	11898435
11900763	11875845
11900763	11898239
11900764	11900835
11900764	13458055
11900764	13458056
11900765	11900836
11900765	12423803
11900765	12423804
11900766	11900837
11900766	12550643
11900766	13113844
11900766	13113845
11900767	11240725
11900768	11897971
11900769	11897971
11900770	7174369
11900770	11897971
11900771	11900838
11900772	11652280
11900772	11905846
11900772	12274836
11900773	11900839
11900773	11902934
11900773	12170848
11900774	11240725
11900775	10928297
11900775	11897962
11900775	11905843
11900776	10094539
11900776	11897958
11900776	11905838
11900776	11905839
11900776	11905840
11900776	11905841
11900777	7884366
11900778	11897942
11900779	10197991
11900779	11897942
11900779	11905832
11900780	10049513
11900780	11897940
11900781	10049513
11900782	11897937
11900782	11905826
11900782	11905828
11900783	2639867
11900783	2640010
11900783	11589106
11900785	10022628
11900785	11897937
11900785	11905820
11900786	29202
11900787	10463472
11900787	12715648
11900788	9829149
11900789	5426391
11900790	5426391
11900790	12295432
11900790	12572492
11900791	8133913
11900792	11900744
11900792	11900752
11900792	11901354
11900793	11900745
11900793	11900753
11900793	11901359
11900794	8133913
11900795	8345123
11900796	7751552
11900796	9205457
11900797	7751552
11900798	11812626
11900799	11900717
11900800	11812626
11900800	12295435
11900800	12295436
11900801	7751552
11900802	7852386
11900803	8950647
11900804	11900718
11900804	11902936
11900804	11902937
11900805	7751552
11900806	10345480
11900806	12295443
11900807	2648803
11900807	11902938
11900808	5850300
11900808	11903954
11900808	11903955
11900809	11900721
11900810	7751552
11900810	11900841
11900810	12550466
11900811	11900723
11900812	476367
11900812	715108
11900813	11900724
11900814	2360302
11900815	11900728
11900815	11900729
11900816	11900728
11900816	11900729
11900817	11900728
11900817	11903947
11900818	11900732
11900819	11900731
11900820	11900737
11900821	11900739
11900822	11900740
11900823	11900741
11900824	11900742
11900825	11900743
11900826	5333462
11900827	11900755
11900828	11900755
11900829	11900756
11900830	11900757
11900831	11900758
11900831	11900759
11900832	12643688
11900833	11900760
11900833	12030002
11900834	11900761
11900834	12326512
11900835	11900764
11900835	13458050
11900835	13458052
11900835	13458056
11900836	11900765
11900836	12423803
11900837	11900766
11900838	11900771
11900839	11900773
11900839	11902934
11900839	11979120
11900839	12170848
11900840	11900845
11900840	12565421
11900841	11900810
11900845	11900840
11900846	9934457
11900847	3737508
11900848	27033
11900848	579659
11900853	6823353
11900853	6823354
11900853	13141243
11900854	12264689
11900856	8800717
11900858	4013740
11900858	9460633
11900858	12296755
11900858	12296756
11900860	6823353
11900860	6823354
11900860	11900868
11900862	8680142
11900863	11124060
11900864	11900865
11900864	11900867
11900864	11900870
11900864	11900872
11900864	11900873
11900864	11900874
11900864	11900877
11900864	11900879
11900864	11900880
11900864	11900881
11900864	11900883
11900864	11900884
11900864	11900885
11900864	11900902
11900865	11900864
11900865	11900872
11900865	11900874
11900865	11900902
11900866	6115504
11900867	11900864
11900868	11900860
11900869	11195412
11900870	11900864
11900870	11900883
11900871	9087271
11900872	11900864
11900872	11900865
11900872	11900873
11900872	11900880
11900873	11900864
11900873	11900872
11900873	11900874
11900873	11900902
11900874	11900864
11900874	11900865
11900874	11900873
11900874	11900883
11900874	11900902
11900875	11455331
11900875	11903943
11900876	9405106
11900877	11900864
11900878	10555505
11900879	11900864
11900880	11900864
11900880	11900872
11900880	11900883
11900881	11900864
11900881	11900902
11900882	9431918
11900883	11900864
11900883	11900870
11900883	11900874
11900883	11900880
11900883	11900902
11900884	11900864
11900884	11902809
11900884	11902820
11900885	11900864
11900886	11900887
11900886	11900888
11900886	11900889
11900886	11900890
11900886	11900891
11900886	11900893
11900886	11900894
11900886	11900895
11900886	11900896
11900886	11900897
11900886	11900898
11900886	11900899
11900886	11900900
11900886	11900901
11900886	11900906
11900886	13534000
11900886	13534001
11900887	11900886
11900887	11900891
11900887	11900895
11900887	11900896
11900888	11900886
11900888	12987721
11900889	11900886
11900890	11900886
11900890	11900891
11900890	11900896
11900891	11900886
11900891	11900887
11900891	11900890
11900891	11900896
11900891	11900899
11900891	11900901
11900892	5122413
11900892	12207313
11900893	11900886
11900894	11900886
11900895	11900886
11900895	11900887
11900895	11900897
11900895	11900898
11900896	11900886
11900896	11900887
11900896	11900890
11900896	11900891
11900896	11900897
11900896	11900899
11900896	11900901
11900897	11900886
11900897	11900895
11900897	11900896
11900898	11900886
11900898	11900895
11900899	11900886
11900899	11900891
11900899	11900896
11900900	11900886
11900901	11900886
11900901	11900891
11900901	11900896
11900902	11900864
11900902	11900865
11900902	11900873
11900902	11900874
11900902	11900881
11900902	11900883
11900903	11900911
11900903	13621636
11900903	13621637
11900904	11900914
11900905	11900915
11900906	11900886
11900908	10993751
11900909	11900910
11900909	11900912
11900910	11900909
11900911	11900903
11900911	13621636
11900912	11900909
11900913	8112724
11900913	11900917
11900914	11900904
11900915	11900905
11900915	12348208
11900916	8112724
11900917	11900913
11900918	8112724
11900919	13062381
11900922	12596553
11900923	11900925
11900924	2921284
11900925	11900923
11900926	11889118
11900926	11889119
11900926	11900141
11900926	11902201
11900926	12086340
11900926	12086341
11900926	12087523
11900928	12193692
11900928	12193693
11900928	12194118
11900928	12194561
11900930	11744961
11900932	11909023
11900932	12483064
11900933	12667494
11900933	12667495
11900933	12667496
11900934	13386445
11900934	13386446
11900934	13386447
11900935	12603060
11900935	12603061
11900935	12603062
11900937	11897864
11900938	3255705
11900939	3255705
11900940	8661070
11900941	8661070
11900942	8348387
11900943	11900945
11900943	13017639
11900944	8348387
11900945	1345027
11900945	11900943
11900946	8348387
11900947	7224469
11900948	11900532
11900948	11902853
11900949	2938388
11900950	11869863
11900950	12309502
11900951	11869863
11900952	11518075
11900954	8739785
11900955	1764719
11900955	8276371
11900955	12167598
11900955	13301347
11900957	9753353
11900958	10367200
11900959	9706285
11900960	10633251
11900961	10134313
11900961	10336291
11900961	11900972
11900961	11900973
11900961	11900974
11900961	12737494
11900961	12737496
11900961	12737497
11900962	9753353
11900963	8446653
11900964	9935179
11900965	7550434
11900966	7550434
11900967	7566852
11900968	976736
11900969	11900222
11900970	8425015
11900971	9753353
11900971	13294518
11900972	11900961
11900973	8180993
11900973	8180994
11900973	8180995
11900973	10336291
11900973	11900961
11900973	12737494
11900973	12737495
11900973	12737496
11900973	12737497
11900974	11900961
11900975	7781827
11900976	8463000
11900977	9753353
11900977	13294649
11900978	11861282
11900979	8255418
11900980	3183898
11900980	3772061
11900980	3883574
11900980	4543881
11900980	11901163
11900980	11901178
11900981	11510637
11900982	9963626
11900982	11730316
11900982	12555871
11900983	7557869
11900984	10148311
11900985	7557869
11900986	7557869
11900987	10764880
11900989	10764880
11900991	13636828
11900991	13636829
11900993	5771672
11900993	11901336
11900993	11943334
11900994	11901334
11900995	9205841
11900996	11901326
11900996	11901327
11900996	11901328
11900996	11901329
11901002	7571099
11901006	6092542
11901006	6560699
11901019	2875935
11901020	8460581
11901020	8460586
11901020	13203320
11901021	8460583
11901021	8460588
11901022	8460585
11901022	8460590
11901022	13160944
11901025	11403018
11901025	11403019
11901026	11403021
11901026	11403023
11901026	13184378
11901027	11403022
11901027	11403024
11901028	2848308
11901028	13631093
11901029	10892443
11901030	10892440
11901031	8020933
11901032	8460596
11901033	8460597
11901034	879151
11901034	1041972
11901034	5048650
11901034	5377188
11901035	4112246
11901036	4112247
11901037	11901039
11901038	4112248
11901039	11901037
11901039	12021629
11901040	1763563
11901041	11901044
11901042	8411807
11901042	8411811
11901042	12889550
11901042	12889589
11901042	12889590
11901043	8562040
11901044	11901041
11901044	12021627
11901044	12021628
11901045	4474856
11901046	11897378
11901047	10767142
11901048	1804941
11901049	1883512
11901050	8377650
11901051	8512360
11901052	3648641
11901052	4569674
11901052	10499940
11901052	11898740
11901052	11899298
11901052	11901071
11901052	13015326
11901052	13171268
11901053	11638173
11901054	8473878
11901054	8473882
11901054	13138687
11901055	8473878
11901055	13160862
11901055	13160865
11901056	11658940
11901057	11606033
11901057	13148045
11901057	13148046
11901058	11583065
11901059	1672929
11901060	11901323
11901060	11901324
11901061	12858467
11901062	11901323
11901062	11901324
11901065	10485774
11901065	13296764
11901066	10367512
11901067	11506871
11901068	11506874
11901068	11506875
11901069	11506875
11901069	11506876
11901069	13132699
11901070	13092595
11901071	11901052
11901072	11506877
11901072	11506879
11901072	13178685
11901073	3914239
11901073	11898557
11901074	12780008
11901074	12780025
11901074	12833654
11901074	12833655
11901074	13040056
11901074	13040058
11901076	2239439
11901078	7567282
11901078	13268274
11901079	4483276
11901080	10821813
11901081	5989824
11901082	11370517
11901083	9511343
11901083	11370485
11901083	12585705
11901084	5989825
11901085	2741297
11901086	5989826
11901087	5990812
11901089	5990813
11901090	12627271
11901090	12627272
11901091	2553952
11901091	13130643
11901092	7335882
11901092	7335883
11901092	13170608
11901092	13170609
11901093	7335882
11901093	13628919
11901094	738426
11901095	2812930
11901096	2812930
11901097	1465744
11901098	2812930
11901099	12703338
11901099	12703339
11901100	12007258
11901100	12576985
11901101	13285900
11901101	13285903
11901102	12615286
11901102	12615288
11901102	12615289
11901102	12615290
11901103	11224639
11901104	11680907
11901105	8256700
11901107	11729915
11901108	11729915
11901112	11903307
11901114	12095353
11901117	11130992
11901117	11131048
11901117	11131055
11901117	11131061
11901117	11131071
11901117	11901121
11901117	13018308
11901117	13020372
11901118	7633603
11901119	11901132
11901119	11901450
11901120	7633604
11901121	11901117
11901122	11901130
11901122	12196383
11901122	12196384
11901122	12196385
11901123	11901128
11901123	11901129
11901123	12029584
11901123	12029585
11901123	13251053
11901123	13251054
11901123	13251056
11901125	11901127
11901125	11902931
11901125	11903311
11901126	3406518
11901127	11901125
11901127	11902931
11901128	11901123
11901128	12029585
11901129	11901123
11901129	12029584
11901130	11901122
11901130	12196383
11901130	12196384
11901131	11901152
11901131	11901319
11901132	11901119
11901132	11901450
11901134	3931776
11901135	3931776
11901137	5680079
11901138	2606928
11901139	10298761
11901140	12768864
11901141	5758375
11901142	10254342
11901143	9115797
11901144	9115797
11901144	11903354
11901145	12752171
11901145	12752172
11901145	12752173
11901147	11901151
11901147	12021617
11901147	12021619
11901147	12021620
11901149	13047089
11901149	13047091
11901149	13047104
11901149	13047105
11901149	13047109
11901151	11901147
11901151	12021617
11901151	12021619
11901151	12021620
11901151	12043523
11901152	11901131
11901152	13264857
11901155	1841194
11901155	13263289
11901156	11753708
11901157	11632017
11901158	11157208
11901159	11157208
11901160	11241328
11901161	11826828
11901162	11488446
11901163	3183898
11901163	3772061
11901163	3883577
11901163	9514729
11901163	11900980
11901163	11901178
11901165	11888709
11901166	11888709
11901167	11888709
11901168	11888709
11901169	11739830
11901170	4630603
11901171	11685928
11901172	11878572
11901173	11685928
11901174	2548963
11901175	8608738
11901176	12661407
11901177	11886815
11901178	3183898
11901178	3772061
11901178	4543881
11901178	9514729
11901178	11900980
11901178	11901163
11901179	12361670
11901179	12361680
11901180	10859649
11901181	4515725
11901182	4515725
11901183	4515725
11901184	4515725
11901187	11227965
11901188	11227965
11901189	6438948
11901190	11173564
11901191	6709438
11901192	8617424
11901193	10882067
11901194	10882067
11901195	8465842
11901196	8465842
11901197	10882067
11901198	10882067
11901199	10882067
11901200	3289383
11901201	10882067
11901202	3289383
11901203	10882067
11901204	10882067
11901205	10882067
11901206	10882067
11901207	5374837
11901208	10822635
11901209	10822635
11901210	10822635
11901211	10822635
11901213	6434861
11901214	10822635
11901215	10822635
11901216	10822635
11901217	10822635
11901218	10822635
11901219	10822635
11901220	2915153
11901220	2924561
11901222	4513791
11901223	11753808
11901224	11753808
11901225	11889832
11901226	11889832
11901228	11889832
11901229	11889832
11901231	11901234
11901231	12021608
11901231	12021622
11901232	9414883
11901233	9414883
11901234	11901231
11901234	12021608
11901234	12021622
11901235	11392278
11901236	11392278
11901237	12040071
11901239	11477440
11901242	11849490
11901243	11903271
11901244	13333147
11901245	11819174
11901246	11819174
11901247	7780829
11901248	11819174
11901249	11819174
11901250	11819174
11901251	11819174
11901252	11819174
11901253	11819174
11901254	11819174
11901255	11819174
11901257	11819174
11901258	11819174
11901260	11819174
11901261	11819174
11901262	11819174
11901263	11826145
11901264	11244956
11901265	11638887
11901266	11638887
11901267	11374687
11901268	11374687
11901269	11753608
11901270	11746510
11901271	11746510
11901272	11746510
11901273	11746510
11901274	8182515
11901275	11652731
11901276	11901295
11901276	11901312
11901277	10118608
11901278	11901288
11901278	11901305
11901279	10105268
11901280	11891800
11901280	11946184
11901281	11891800
11901281	11946184
11901282	11891800
11901282	11946188
11901283	11891800
11901283	11946189
11901284	11737786
11901285	8563948
11901286	8563948
11901287	10870183
11901288	11901278
11901289	10870183
11901290	10870183
11901291	10870183
11901292	10870183
11901293	10870183
11901294	11820012
11901295	11901276
11901296	11212424
11901297	1094669
11901297	5484469
11901297	5484514
11901297	5497510
11901297	5566485
11901297	11900299
11901298	11850113
11901299	11850113
11901300	12696448
11901300	12696449
11901301	11901308
11901302	11901309
11901302	12410565
11901303	11901310
11901305	11901278
11901306	11901311
11901307	11901313
11901307	11974331
11901308	11901301
11901309	11901302
11901310	11901303
11901311	11901306
11901312	11901276
11901313	11901307
11901313	11974331
11901314	13092594
11901315	13092593
11901316	1527047
11901317	13092592
11901318	11901325
11901319	11901131
11901321	13143753
11901321	13300978
11901323	11901060
11901323	11901062
11901324	11901060
11901324	11901062
11901325	11901318
11901326	11873428
11901326	11900996
11901327	11873428
11901327	11900996
11901328	11873428
11901328	11900996
11901329	11873428
11901329	11900996
11901332	11884007
11901334	11894235
11901334	11900994
11901335	13092591
11901336	11889495
11901336	11900993
11901336	13361106
11901336	13361108
11901337	7119893
11901340	11901347
11901340	13092590
11901342	3416957
11901344	9944252
11901345	11901349
11901346	11901348
11901347	11901340
11901348	11901346
11901349	11901345
11901350	13296422
11901350	13296424
11901354	11900744
11901354	11900752
11901354	11900792
11901356	13653491
11901356	13653492
11901356	13653493
11901356	13653494
11901357	11900744
11901357	11900752
11901359	11900745
11901359	11900753
11901359	11900793
11901360	11900745
11901360	11900753
11901361	11900704
11901361	11900705
11901362	11900704
11901363	7184336
11901363	7184337
11901363	7184340
11901363	7184341
11901366	7184336
11901366	7184337
11901366	7184340
11901366	7184341
11901366	11677295
11901366	11900685
11901369	7184334
11901369	7184335
11901369	7184338
11901369	7184339
11901371	7184334
11901371	7184335
11901371	7184338
11901371	7184339
11901372	5696985
11901372	13326190
11901374	10601080
11901374	11358878
11901374	11962176
11901374	12022959
11901374	12706916
11901375	6224002
11901375	6224003
11901375	7182840
11901375	7182852
11901376	13328779
11901376	13328780
11901377	6224002
11901377	6224003
11901377	7182840
11901377	7182852
11901381	4016633
11901381	11900669
11901381	11900677
11901382	8940955
11901382	11953990
11901382	11953991
11901382	11953998
11901383	9161570
11901384	11900677
11901386	1492323
11901386	5546239
11901386	9161574
11901386	12852560
11901387	11796260
11901388	9161571
11901388	9161572
11901388	13031470
11901391	6202126
11901395	8940957
11901405	764648
11901406	1492326
11901412	1492330
11901417	11631090
11901418	7811148
11901419	7735923
11901419	10737098
11901419	11990065
11901419	11990067
11901420	7811148
11901421	11799045
11901422	11847249
11901425	8307915
11901427	8307915
11901431	11901452
11901433	11828753
11901434	11828753
11901437	11963819
11901437	11963820
11901437	13172231
11901437	13172232
11901437	13172233
11901439	13287879
11901439	13287880
11901439	13287881
11901442	11689116
11901443	7107966
11901444	10158032
11901445	11241117
11901446	11253178
11901447	11253178
11901449	9037601
11901450	11901119
11901450	11901132
11901451	11880097
11901452	11901431
11901453	11880097
11901454	11889694
11901455	11697092
11901457	1512768
11901460	6978099
11901462	11901469
11901462	11901476
11901463	6978099
11901464	6090313
11901465	11900503
11901466	6072943
11901467	295648
11901469	11901462
11901469	11903592
11901470	10214005
11901472	9962057
11901473	11830277
11901474	10894971
11901475	10894971
11901476	11901462
11901477	5896467
11901478	8513116
11901479	8513116
11901480	8513116
11901481	8513116
11901482	11885747
11901482	11901485
11901483	11885747
11901483	11901490
11901483	11901492
11901483	11902918
11901483	11903496
11901484	11513959
11901485	11901482
11901486	9774032
11901487	9774032
11901488	9774032
11901489	9774032
11901490	11901483
11901491	4431337
11901491	12820204
11901492	11901483
11901492	11902918
11901493	11237158
11901494	10587865
11901494	11981134
11901495	8637952
11901496	11254941
11901497	7405818
11901498	7405818
11901499	10296993
11901500	9458512
11901501	11833115
11901502	754283
11901503	11829417
11901504	4431340
11901505	8612300
11901506	10859507
11901507	10859507
11901508	9116423
11901509	3930926
11901510	3930926
11901511	9673883
11901512	11174166
11901513	11804987
11901514	11804987
11901516	11484537
11901517	4498672
11901517	7024369
11901517	10559576
11901518	8678603
11901518	11902897
11901519	11162274
11901520	11162274
11901521	8444016
11901522	11904399
11901522	11904400
11901523	8563584
11901524	9130465
11901525	1053388
11901526	1131750
11901527	1484365
11901528	2155051
11901529	11903276
11901530	1405965
11901531	12938192
11901531	13092589
11901533	71575
11901533	334308
11901533	3224492
11901533	3225593
11901534	3916293
11901535	10571552
11901536	71575
11901537	71575
11901537	334308
11901537	3224492
11901537	3225593
11901538	6224920
11901538	12997252
11901539	8813418
11901540	5360972
11901540	12991146
11901541	8813418
11901542	6237781
11901542	12043688
11901543	11904205
11901544	8367749
11901545	5731858
11901546	3765166
11901547	7513601
11901548	11732658
11901549	7170597
11901549	12080076
11901549	12080100
11901550	11792985
11901551	5964438
11901551	12694451
11901551	12694457
11901551	12694465
11901552	11641643
11901553	3733341
11901554	11628753
11901555	11628753
11901556	5936538
11901557	3903101
11901557	12578500
11901557	12578502
11901558	6048356
11901558	13270070
11901559	7535145
11901560	6355480
11901561	11748608
11901561	12740799
11901562	6340861
11901562	12326025
11901563	10054313
11901564	6052288
11901565	9179993
11901566	10962599
11901567	3819272
11901568	8373843
11901569	9057004
11901570	8230585
11901571	8230585
11901572	11316446
11901573	8230585
11901574	28665
11901574	3353488
11901574	6903443
11901575	8230585
11901576	11316443
11901576	11999398
11901577	6064964
11901577	13128837
11901578	5269358
11901578	12713756
11901579	7514046
11901579	12254281
11901580	11880903
11901581	11880903
11901582	11880903
11901583	3911379
11901583	11980087
11901584	11880903
11901585	10823445
11901586	10823445
11901587	6223795
11901588	10823445
11901589	10823445
11901590	6066883
11901590	11819271
11901591	8635424
11901592	11739613
11901593	11739613
11901594	9086951
11901595	9086951
11901596	3737755
11901597	11498755
11901599	11203400
11901600	11203400
11901601	11024152
11901602	3919421
11901602	11039809
11901603	3820326
11901603	13469206
11901604	8529879
11901605	10908047
11901606	11736340
11901607	10897313
11901608	10897313
11901609	11796316
11901609	12854639
11901610	7513851
11901610	12279325
11901610	12279328
11901611	9027829
11901612	11796319
11901613	5472678
11901614	6264552
11901614	6869248
11901615	3995146
11901615	12171061
11901616	71575
11901617	3731199
11901617	13142601
11901618	11901674
11901618	12007297
11901619	4767062
11901620	10897237
11901621	71575
11901622	10210103
11901623	7513656
11901624	11886546
11901625	11635168
11901626	3743743
11901627	7231259
11901627	11950238
11901628	11693826
11901629	10142149
11901630	11369634
11901631	5904705
11901631	12207518
11901632	6064966
11901632	12701965
11901633	10216312
11901634	6238492
11901634	12981561
11901635	8509062
11901636	11813029
11901637	3911892
11901638	11813029
11901639	6265939
11901640	8546465
11901641	3908652
11901641	12327209
11901642	10823337
11901643	6664829
11901644	11796324
11901645	5936542
11901645	11948242
11901646	10618027
11901647	11689361
11901648	3736354
11901649	3731225
11901649	12373260
11901650	7184297
11901651	10823375
11901652	10823375
11901653	7179486
11901653	13201951
11901654	10023276
11901655	5303448
11901656	11832814
11901657	11832814
11901658	7513707
11901658	12509096
11901659	5922201
11901659	12255190
11901660	10767120
11901661	6241287
11901661	12258648
11901661	12258651
11901662	3818291
11901662	12781503
11901663	10011414
11901664	10011414
11901665	3733027
11901665	12375067
11901666	3823054
11901666	11033289
11901666	13828861
11901667	7212320
11901667	13096554
11901668	8056375
11901669	8056375
11901670	5306432
11901670	12339291
11901671	7143590
11901671	12087595
11901672	5936552
11901673	11893126
11901674	11901618
11901675	7513652
11901676	5411701
11901676	13367524
11901677	3735171
11901678	5388142
11901679	7881312
11901680	3823848
11901680	12735874
11901681	7881312
11901682	11624608
11901683	9984935
11901684	8180607
11901685	8180607
11901686	11495879
11901687	11495879
11901688	7193386
11901689	11542990
11901690	11542990
11901692	11744892
11901693	11224895
11901694	9964491
11901695	9964491
11901696	11635343
11901697	11635343
11901698	9758909
11901699	9758909
11901700	7118890
11901700	13509065
11901701	7118890
11901702	11649010
11901703	11649010
11901704	10225530
11901705	10225530
11901706	10240978
11901707	11503471
11901708	2373131
11901709	3989821
11901710	10011489
11901711	10011489
11901712	5100033
11901713	5100033
11901714	11477428
11901715	11587265
11901716	9161154
11901716	9161155
11901716	9180423
11901716	11290961
11901716	12132437
11901716	12132446
11901716	12132447
11901716	12132526
11901717	11290961
11901717	12132446
11901718	11587265
11901719	5410869
11901719	11907337
11901719	11907338
11901719	11907340
11901719	12250123
11901720	11901723
11901721	4300137
11901722	11899816
11901722	11902635
11901722	11902647
11901722	11902833
11901723	11901720
11901724	8683184
11901725	11899755
11901725	11902627
11901725	11902629
11901726	8742158
11901727	1426866
11901728	276641
11901728	898390
11901729	276641
11901729	898390
11901730	276641
11901731	276641
11901732	11899816
11901732	11902635
11901732	11902647
11901732	11902833
11901733	10223520
11901734	11441544
11901735	11441544
11901736	6813052
11901737	10805794
11901738	11653593
11901739	10138521
11901740	10138521
11901742	8392698
11901743	8392698
11901744	11352437
11901745	11352437
11901746	11662764
11901747	10222278
11901748	10211137
11901749	249262
11901750	249262
11901751	249262
11901752	11028817
11901753	249262
11901754	11028817
11901755	11599426
11901756	11868510
11901757	2539318
11901758	11625657
11901759	11625657
11901760	8549780
11901761	8549780
11901762	11850962
11901763	9423736
11901764	9423736
11901765	11798225
11901766	11798225
11901767	11798225
11901768	10894975
11901769	8574830
11901770	11880261
11901770	11902890
11901771	10216207
11901772	3518556
11901773	8582480
11901774	9838057
11901775	9838057
11901776	8582480
11901777	8543021
11901778	8543021
11901779	11850674
11901780	9821017
11901781	9821017
11901782	11689293
11901783	11689293
11901784	9821017
11901785	9821017
11901786	9821017
11901787	9821017
11901788	273485
11901789	273485
11901790	10213603
11901791	273485
11901792	273485
11901793	273485
11901794	273485
11901795	11685765
11901796	11685765
11901797	11891723
11901798	8579037
11901799	1428034
11901800	1428034
11901801	10822042
11901802	273445
11901803	273445
11901804	273445
11901805	273445
11901806	273445
11901807	273445
11901808	11498435
11901809	22988
11901810	22988
11901811	22988
11901812	22988
11901814	22988
11901815	22988
11901816	22988
11901817	22988
11901818	11792887
11901819	1963152
11901820	1963152
11901821	1963152
11901822	1963152
11901823	9293271
11901824	11381179
11901825	9293271
11901826	9293271
11901827	11381179
11901828	9293271
11901829	10026701
11901830	11865672
11901831	11645307
11901832	1963199
11901833	1963199
11901834	8421185
11901835	11874981
11901836	11744494
11901837	10054855
11901838	11171248
11901839	10054855
11901840	11503269
11901841	10146005
11901842	10146005
11901843	11503269
11901844	8015640
11901845	8015640
11901846	11647170
11901847	3735658
11901848	3735658
11901849	9961820
11901850	11757819
11901851	11717879
11901852	11717879
11901853	5848176
11901853	12949390
11901854	27149
11901855	27149
11901856	7513874
11901856	12097076
11901857	3731371
11901858	27149
11901859	27149
11901860	27149
11901861	11858741
11901862	27149
11901863	9351620
11901864	9351620
11901865	9351620
11901866	8396982
11901867	9351620
11901868	7513568
11901869	8396982
11901870	9351620
11901871	9351620
11901872	5401547
11901873	6125059
11901874	6125059
11901875	3732003
11901875	12663683
11901876	10234210
11901877	239406
11901878	239406
11901879	4646730
11901879	13493098
11901880	2645446
11901881	2645446
11901882	2645446
11901883	2645446
11901884	11903289
11901885	7155168
11901885	12542146
11901886	2539079
11901887	2539079
11901888	2539079
11901889	2539079
11901890	11677976
11901891	11677976
11901892	3825076
11901893	3825076
11901894	11659472
11901895	3287015
11901896	3287015
11901897	11881505
11901898	11881503
11901899	1020597
11901900	1020597
11901901	11901904
11901902	11567372
11901903	11567372
11901904	11901901
11901905	913576
11901906	8414831
11901907	8414831
11901908	8414831
11901909	11119106
11901910	6064924
11901910	12006233
11901911	3733041
11901911	12286793
11901912	11766238
11901912	12378006
11901913	6225809
11901913	13316643
11901914	4820950
11901915	3820951
11901915	12372512
11901916	3732184
11901916	12280496
11901917	3823818
11901917	13255737
11901918	5849698
11901918	11955206
11901919	6503132
11901920	9344924
11901922	5481120
11901922	12372492
11901923	5817889
11901924	7212453
11901924	13129447
11901925	5817889
11901926	5817889
11901927	8821177
11901928	8821177
11901929	3720652
11901930	3720652
11901931	7544545
11901932	3720652
11901933	7544545
11901934	3720652
11901935	10856763
11901936	10856763
11901937	10856763
11901938	3062303
11901939	5828316
11901940	1042311
11901941	5828316
11901942	1009862
11901943	10789801
11901944	10789801
11901945	9029875
11901946	1009862
11901947	1009862
11901948	11901949
11901948	11902420
11901949	11901948
11901950	8526262
11901951	8526262
11901952	9419347
11901953	9419347
11901954	10160123
11901955	9419347
11901956	9419347
11901957	9419347
11901958	9419347
11901959	11484000
11901960	9419347
11901961	9419347
11901962	11484000
11901963	9419347
11901964	9419347
11901965	6718101
11901966	6718101
11901967	6718101
11901968	6522666
11901969	3821504
11901970	2645263
11901971	3821504
11901972	3821504
11901973	3821504
11901974	2645263
11901975	3821504
11901976	3821504
11901977	3821504
11901978	3821504
11901979	3821504
11901980	3821504
11901981	1031131
11901982	3821504
11901983	3821504
11901984	3821504
11901985	3821504
11901986	3821504
11901987	3821504
11901988	3819589
11901989	3819589
11901990	3819589
11901991	3819589
11901992	2645263
11901993	3819589
11901994	2645263
11901995	3819589
11901996	3819589
11901997	3819589
11901998	3819589
11901999	3819589
11902000	2645263
11902001	3819589
11902002	3819589
11902003	2645263
11902004	3819589
11902005	3819589
11902006	2645263
11902007	3819589
11902008	2645263
11902009	3821329
11902010	3821329
11902011	3821329
11902012	3821329
11902013	2016834
11902014	2016834
11902015	7824579
11902015	11902883
11902015	11902887
11902016	2016834
11902017	2016834
11902019	2016834
11902020	3736366
11902021	3736366
11902022	3736366
11902023	3736366
11902025	9237924
11902026	9237924
11902027	9237924
11902028	9237924
11902029	9168973
11902030	10141876
11902031	9168973
11902032	9168973
11902033	9168973
11902034	9168973
11902035	10141878
11902036	9168973
11902037	9168973
11902038	9168973
11902039	3912145
11902040	5733048
11902041	5733048
11902042	5733048
11902043	5733048
11902044	5733048
11902045	5733048
11902046	5733048
11902047	5733048
11902048	5733048
11902049	9167410
11902050	5733048
11902051	5733048
11902052	5733048
11902053	3912145
11902054	8402251
11902055	3912143
11902055	3912145
11902056	7118893
11902057	3912144
11902058	3912144
11902059	3912144
11902060	10474033
11902061	10474033
11902062	10474033
11902063	10141878
11902064	10474033
11902065	10141878
11902067	3912143
11902068	12393758
11902069	997873
11902070	997873
11902071	997873
11902072	997873
11902073	997873
11902074	11515721
11902075	997873
11902076	3916537
11902076	12668102
11902076	12670000
11902077	3916537
11902077	12668102
11902077	12670000
11902078	3916537
11902078	12670000
11902079	3916537
11902079	12670000
11902080	6241165
11902081	6241165
11902082	6241165
11902083	3916536
11902084	6241165
11902085	3916536
11902086	6241165
11902087	3916536
11902088	6241165
11902089	3916536
11902090	6241165
11902091	6241165
11902092	6241165
11902093	6241165
11902094	3910997
11902095	7230758
11902096	7230758
11902097	7230758
11902098	7230758
11902099	3417753
11902099	12298680
11902099	12298684
11902100	7230758
11902101	7230758
11902102	7230758
11902103	7230758
11902104	19989
11902105	1093416
11902106	7186188
11902107	1093416
11902108	7186188
11902109	1093416
11902110	7186188
11902111	6872949
11902112	7186188
11902113	6872949
11902114	2928857
11902115	7407332
11902115	12331748
11902116	5734294
11902117	5734294
11902118	7407332
11902119	5734294
11902120	5734294
11902121	5839947
11902122	313159
11902122	388581
11902122	12298677
11902122	12298683
11902123	5839947
11902124	5839947
11902125	5839947
11902126	5839947
11902127	3695384
11902128	11902133
11902129	3695384
11902130	2376325
11902131	2376325
11902132	3695384
11902133	11902128
11902133	12870809
11902135	9821784
11902136	9821784
11902137	11086906
11902138	9821784
11902139	9821784
11902140	9821784
11902141	9821784
11902142	9821784
11902143	9821784
11902144	2387728
11902145	9992032
11902145	10372346
11902145	13197293
11902146	5347140
11902147	54546
11902148	5347140
11902149	54546
11902150	5347140
11902151	7111489
11902152	7111489
11902153	7111489
11902154	5347140
11902155	7111489
11902156	4890436
11902157	4890436
11902158	4890436
11902159	4890436
11902160	4890436
11902161	4890436
11902162	3593449
11902163	4890436
11902164	3593449
11902165	4890436
11902166	7512320
11902167	7512320
11902168	7512320
11902169	7512320
11902170	7512320
11902171	7512320
11902172	7512320
11902173	7512320
11902174	7512320
11902175	7512320
11902176	5817080
11902177	7512320
11902178	7512320
11902179	1982884
11902180	3821774
11902181	3821774
11902182	5377070
11902183	3821774
11902184	5377070
11902185	5377070
11902186	5377070
11902187	5377070
11902188	5377070
11902189	5377070
11902190	5377070
11902191	3039346
11902192	5377070
11902193	3920120
11902193	11923853
11902194	3920120
11902195	3920120
11902196	5367468
11902197	5367468
11902197	11902224
11902198	3920119
11902199	3920119
11902200	3920119
11902201	11889118
11902201	11889119
11902201	11900141
11902201	11900926
11902201	12086340
11902201	12086341
11902201	12087523
11902202	807452
11902203	807452
11902204	9738388
11902205	7130823
11902206	7130823
11902207	7130823
11902208	7130823
11902209	7515950
11902210	7515950
11902211	4494348
11902212	4494348
11902213	6081819
11902214	19492
11902215	19492
11902216	19492
11902217	19492
11902218	24058
11902219	24058
11902220	24058
11902221	6103991
11902222	24058
11902224	5367468
11902224	9131533
11902224	9131534
11902224	11902197
11902225	11902227
11902225	11902327
11902225	11902355
11902225	13573235
11902226	24057
11902227	11902225
11902228	10639460
11902229	24057
11902230	6796771
11902231	6796771
11902232	6796771
11902233	6796771
11902234	1970391
11902235	1970391
11902236	1970391
11902237	1970391
11902238	1970391
11902239	1970391
11902240	1970391
11902241	1970391
11902242	9965102
11902243	7701030
11902244	676923
11902245	676923
11902246	676923
11902247	676923
11902249	12633660
11902250	802204
11902251	802204
11902252	802204
11902253	802204
11902254	5930088
11902256	11902379
11902256	11902381
11902256	11902691
11902256	11933099
11902256	11968224
11902256	13627075
11902257	11430524
11902258	11826850
11902259	11826850
11902260	10778614
11902261	10778614
11902262	10778614
11902263	554400
11902264	10778614
11902265	11430559
11902265	12058056
11902265	12058060
11902266	6691360
11902268	11847487
11902269	11847487
11902270	11847487
11902271	13438261
11902271	13438262
11902272	11847487
11902273	8510398
11902273	11900656
11902273	12041712
11902273	12041713
11902273	12041715
11902274	8510398
11902274	11900656
11902274	12041712
11902275	7907328
11902277	3248559
11902277	13115605
11902278	6461206
11902279	6461206
11902280	6461206
11902281	6461206
11902282	11220745
11902283	11220745
11902284	11220745
11902285	11220745
11902286	43966
11902287	43966
11902289	10668336
11902290	8510398
11902290	11900656
11902290	12041712
11902290	12041713
11902291	2013572
11902292	2013572
11902293	2013572
11902294	2013572
11902295	2013572
11902296	2013572
11902297	12398657
11902300	8510398
11902300	11900656
11902300	12041712
11902300	12041713
11902300	12041715
11902304	12050529
11902305	269865
11902306	8510398
11902306	11900656
11902306	12041712
11902306	12041713
11902306	12041715
11902307	269865
11902308	6873428
11902309	6873428
11902311	6873411
11902312	6873411
11902313	6873411
11902314	6873411
11902315	258266
11902316	258266
11902317	3534158
11902318	35440
11902319	35440
11902320	13253316
11902320	13253317
11902321	12775532
11902322	10143351
11902323	10143351
11902325	10003757
11902327	11902225
11902329	5859836
11902330	5859836
11902331	5859836
11902332	5859836
11902334	5859836
11902335	5859836
11902336	7520554
11902337	7520554
11902338	7520554
11902339	7520554
11902341	2248276
11902342	2248276
11902343	2248276
11902344	2248276
11902345	2248276
11902347	2248276
11902348	8822074
11902349	8822074
11902350	8822074
11902351	8822074
11902352	8822074
11902353	8822074
11902354	10522464
11902355	11902225
11902357	9732715
11902358	9732715
11902359	2646883
11902359	7179359
11902360	5848461
11902361	5848461
11902362	5848461
11902363	5848461
11902364	10744684
11902364	10745117
11902364	13832659
11902364	13832660
11902364	13832661
11902364	13832662
11902365	6810529
11902366	6810529
11902367	6810529
11902368	6810529
11902369	6810529
11902370	6810529
11902371	6810529
11902372	6810529
11902373	6810529
11902374	529031
11902375	6810529
11902376	6810529
11902377	6810529
11902378	526576
11902378	526583
11902378	526591
11902378	836683
11902379	11902256
11902379	11902381
11902379	11902691
11902379	11933099
11902380	2275279
11902380	5659472
11902381	11902256
11902381	11902379
11902381	11933099
11902382	2275279
11902382	5659475
11902383	3910941
11902383	11796486
11902383	11796488
11902384	11796486
11902384	11796488
11902385	6251166
11902385	8239239
11902385	8239240
11902385	11796492
11902386	5685116
11902386	5685118
11902386	11796502
11902387	11885106
11902387	11926474
11902388	5685116
11902388	5685118
11902389	5685116
11902389	5685118
11902390	5678003
11902390	5685116
11902390	5685118
11902390	11796510
11902390	11796511
11902391	1948240
11902392	11796525
11902393	2249515
11902394	11796526
11902395	11796533
11902396	10862905
11902396	11784268
11902396	11796535
11902396	11802434
11902396	13148864
11902397	2549463
11902398	11879570
11902399	11796546
11902399	13188397
11902400	11879818
11902401	5685116
11902402	2125711
11902403	11880040
11902404	2125705
11902405	477175
11902405	11498841
11902408	11879559
11902409	11796551
11902410	11796826
11902410	11902472
11902410	11902473
11902411	1126648
11902412	5246451
11902413	11906868
11902413	11933096
11902413	11977834
11902413	11983708
11902414	5838516
11902414	13143369
11902415	5123447
11902416	6983774
11902417	545974
11902417	9249451
11902418	8558288
11902419	6706377
11902419	12870709
11902420	11901948
11902422	10496879
11902422	12823911
11902423	6706377
11902423	13108064
11902424	5097781
11902425	11900566
11902426	11659671
11902426	12287454
11902427	10892856
11902427	12287503
11902428	11259683
11902428	12961786
11902428	12961788
11902429	11259683
11902429	12961786
11902429	12961788
11902429	13450590
11902429	13450591
11902429	13450597
11902429	13450598
11902430	11375553
11902431	1187575
11902431	1731024
11902432	1187575
11902432	1731024
11902432	7847638
11902433	6092491
11902433	6092492
11902433	6092493
11902433	12701025
11902433	13253294
11902433	13671413
11902433	13671414
11902433	13671415
11902433	13671416
11902434	11796971
11902435	11796974
11902436	1980133
11902437	2845008
11902437	8898665
11902438	11306961
11902438	11857746
11902439	11907334
11902440	11902443
11902440	11902446
11902440	11902447
11902440	11902449
11902440	11902452
11902440	11902454
11902440	11902455
11902440	11902458
11902440	11902461
11902440	11902465
11902440	11902467
11902440	11902468
11902440	11902470
11902441	6321582
11902442	11875442
11902443	11902440
11902443	11902455
11902444	12783197
11902445	13422938
11902445	13422939
11902446	11902440
11902447	11902440
11902448	4950723
11902448	4950885
11902448	4987542
11902448	7050221
11902448	11902510
11902448	11902511
11902448	11902515
11902449	11902440
11902449	11902455
11902451	5993065
11902452	11902440
11902453	11900706
11902454	11902440
11902455	11902440
11902455	11902443
11902455	11902449
11902455	11902470
11902456	11889588
11902456	12051829
11902457	11889588
11902457	12051829
11902458	11902440
11902459	11902469
11902460	11902471
11902461	11902440
11902462	11895817
11902462	12051830
11902463	11895817
11902463	12051831
11902464	8070043
11902465	11902440
11902465	11902470
11902466	10931072
11902467	11902440
11902467	11902470
11902468	11902440
11902468	11902470
11902469	11902459
11902470	11902440
11902470	11902455
11902470	11902465
11902470	11902467
11902470	11902468
11902471	11902460
11902472	11902410
11902473	11902410
11902474	3331012
11902475	3595037
11902476	11885106
11902477	3595037
11902478	11885106
11902479	6873443
11902480	10000344
11902481	4221829
11902482	5070574
11902483	7969379
11902485	7969379
11902486	435334
11902487	3678987
11902488	3678988
11902491	842612
11902492	12705738
11902492	13228280
11902492	13228281
11902492	13228282
11902492	13228382
11902494	6744568
11902496	11902498
11902497	2841495
11902498	11902496
11902499	10737550
11902500	10737550
11902501	10737551
11902502	10737551
11902503	13750372
11902507	11986266
11902507	11986267
11902507	11986268
11902507	11986279
11902508	4249282
11902510	4950723
11902510	4951316
11902510	11875445
11902510	11902448
11902511	4950723
11902511	4951316
11902511	11902448
11902512	11902513
11902513	11902512
11902514	4468090
11902515	4950723
11902515	4987542
11902515	7050221
11902515	11902448
11902516	6556273
11902518	11902520
11902518	11902521
11902518	11902522
11902518	11902526
11902518	11902527
11902518	11902530
11902518	11902533
11902518	11902538
11902518	11902540
11902518	11902541
11902518	11902544
11902518	11902546
11902518	11902550
11902518	11902558
11902519	6556276
11902520	11902518
11902520	11902521
11902520	11902527
11902520	11902530
11902520	11902533
11902520	11902541
11902520	11902550
11902521	11902518
11902521	11902520
11902521	11902533
11902522	11902518
11902522	11902527
11902522	11902550
11902523	11903162
11902523	11903193
11902524	11903162
11902524	11903193
11902525	2554898
11902526	11902518
11902526	13502907
11902527	11902518
11902527	11902520
11902527	11902522
11902527	11902533
11902527	11902550
11902528	5163693
11902529	11907331
11902529	11907332
11902530	11902518
11902530	11902520
11902530	11902533
11902531	5163693
11902533	11902518
11902533	11902520
11902533	11902521
11902533	11902527
11902533	11902530
11902533	11902541
11902533	11902550
11902534	11902537
11902535	5163693
11902537	11902534
11902538	11902518
11902539	10015221
11902540	11902518
11902540	11902550
11902541	11902518
11902541	11902520
11902541	11902533
11902541	11902550
11902542	3933172
11902543	12632027
11902544	11902518
11902544	11902550
11902545	11796975
11902546	11902518
11902546	11902550
11902547	11902549
11902548	5465863
11902549	11902547
11902550	11902518
11902550	11902520
11902550	11902522
11902550	11902527
11902550	11902533
11902550	11902540
11902550	11902541
11902550	11902544
11902550	11902546
11902551	5465863
11902552	11986265
11902553	11900714
11902554	11900714
11902554	11900715
11902555	5685116
11902556	11900714
11902557	11900714
11902558	11902518
11902559	11219054
11902559	11903405
11902560	6116207
11902561	6116207
11902562	5825571
11902563	11902565
11902564	4539106
11902565	11902563
11902566	11890556
11902566	11890713
11902567	3555220
11902568	11796980
11902568	11902579
11902568	13206831
11902569	11796980
11902569	11902577
11902570	11796987
11902570	11796992
11902571	3555220
11902572	20551
11902573	3555220
11902574	13097654
11902575	11796992
11902576	2225217
11902577	11902569
11902578	11902583
11902579	11902568
11902581	12683856
11902583	11902578
11902584	3434996
11902586	4273582
11902586	5413896
11902587	6057065
11902588	10548204
11902589	11902590
11902590	11902589
11902590	12955142
11902591	2748871
11902592	4215898
11902593	10951026
11902595	11902600
11902595	11902604
11902595	11902606
11902595	11902609
11902595	11902611
11902595	11902620
11902595	11902638
11902595	11902657
11902595	11902662
11902595	11902668
11902595	11902671
11902595	11902674
11902596	320649
11902596	11797780
11902597	4215899
11902598	11798148
11902599	5468024
11902600	11902595
11902601	11966791
11902603	10951025
11902604	11902595
11902605	12683836
11902605	12695808
11902606	11902595
11902609	11902595
11902611	11902595
11902612	1153139
11902614	12233931
11902615	11043007
11902616	4675004
11902619	3291182
11902620	11902595
11902620	11902674
11902622	11902624
11902623	3291181
11902624	11902622
11902625	12928260
11902627	11901725
11902627	11903618
11902628	3291184
11902629	11901725
11902629	11903617
11902629	11930649
11902630	12154308
11902631	3291186
11902633	11903293
11902635	11899816
11902635	11901722
11902635	11901732
11902635	11903610
11902636	4490726
11902637	3415396
11902638	11902595
11902639	4490726
11902640	4490726
11902641	11902642
11902641	13392375
11902641	13716523
11902641	13716524
11902642	11902641
11902643	13092586
11902643	13092587
11902643	13092588
11902644	12504820
11902645	4490727
11902647	11899816
11902647	11901722
11902647	11901732
11902647	11903589
11902647	11903598
11902651	4490728
11902654	8703402
11902656	3652950
11902657	11902595
11902658	5262906
11902659	3652953
11902662	11902595
11902662	11902674
11902663	6860415
11902663	7857706
11902664	11902666
11902665	5129779
11902666	11902664
11902667	5129782
11902668	11902595
11902668	11902674
11902670	10989591
11902671	11902595
11902671	11902674
11902674	11902595
11902674	11902620
11902674	11902662
11902674	11902668
11902674	11902671
11902675	6566688
11902677	12536918
11902678	10767345
11902679	11894236
11902680	11894236
11902681	1338952
11902681	11709894
11902681	12012068
11902683	11001425
11902684	1338952
11902685	1006934
11902686	11021446
11902687	11902689
11902689	11902687
11902690	10530513
11902691	11902256
11902691	11902379
11902692	11900714
11902692	11900715
11902695	10515328
11902695	13715943
11902696	619152
11902698	10515328
11902699	11899552
11902700	10515328
11902701	619152
11902702	11899510
11902703	12025446
11902706	13206844
11902706	13206853
11902707	241864
11902707	1348579
11902708	1670285
11902709	11902711
11902710	11872003
11902710	11902718
11902711	11902709
11902712	11038298
11902718	11902710
11902719	11537030
11902721	11537031
11902727	3571220
11902728	3571220
11902729	11902730
11902730	11902729
11902730	12903919
11902731	1629830
11902732	1629830
11902733	2877681
11902735	11853344
11902736	4633220
11902737	11902740
11902737	11902744
11902737	11902749
11902737	11902750
11902737	11902752
11902737	11902758
11902737	11902764
11902737	11902772
11902737	11902773
11902737	11902776
11902737	11902780
11902737	11902784
11902738	11853486
11902738	11853490
11902739	11853487
11902739	11853490
11902740	11902737
11902740	11902750
11902740	11902772
11902740	11902776
11902740	11902784
11902741	11853490
11902742	11853490
11902743	11853492
11902744	11902737
11902745	12070158
11902747	10600702
11902749	11902737
11902750	11902737
11902750	11902740
11902750	11902758
11902750	11902784
11902751	2231746
11902752	11902737
11902752	11902758
11902752	11902784
11902753	2231740
11902757	13117810
11902758	11902737
11902758	11902750
11902758	11902752
11902758	11902784
11902759	11902789
11902759	11902826
11902759	11902895
11902759	11902896
11902762	8288657
11902763	3910028
11902763	11853493
11902764	11902737
11902765	3910028
11902767	3910027
11902768	3910027
11902769	3910026
11902770	3910026
11902771	3910025
11902772	11902737
11902772	11902740
11902772	11902784
11902773	11902737
11902774	8301316
11902776	11902737
11902776	11902740
11902776	11902784
11902777	11853497
11902778	11853497
11902780	11902737
11902780	11902784
11902783	7919830
11902784	11902737
11902784	11902740
11902784	11902750
11902784	11902752
11902784	11902758
11902784	11902772
11902784	11902776
11902784	11902780
11902786	9181577
11902788	6514498
11902789	11902759
11902790	7505174
11902791	292384
11902792	11853511
11902794	11853517
11902795	8928806
11902795	11853525
11902795	12321591
11902796	11890615
11902797	8928806
11902797	13790725
11902802	11890615
11902804	11976346
11902804	12524019
11902805	13045535
11902806	12925937
11902809	11900884
11902809	11902820
11902811	11900192
11902815	13028374
11902816	11922764
11902820	11900884
11902820	11902809
11902824	12738736
11902825	11853538
11902826	11902759
11902826	11903581
11902827	11853538
11902828	11907330
11902829	10578219
11902830	10578219
11902832	10578219
11902833	11899755
11902833	11899760
11902833	11901722
11902833	11901732
11902833	11915111
11902834	10578219
11902835	6274160
11902835	11853551
11902836	12462092
11902837	6274160
11902837	11853551
11902839	5994698
11902839	12425310
11902841	11922763
11902843	1815744
11902845	6274160
11902848	6274160
11902848	13199940
11902849	12732267
11902851	6295478
11902851	12845350
11902851	12845351
11902851	13312948
11902851	13312949
11902851	13312950
11902852	6295478
11902853	11900948
11902853	11915106
11902853	11915108
11902853	11915109
11902854	11915101
11902854	11915102
11902854	11915103
11902856	5690246
11902857	11899278
11902858	9531768
11902858	12859137
11902859	9531768
11902860	4529751
11902860	8415190
11902860	12330317
11902861	11899382
11902861	11899499
11902861	11900122
11902861	12204260
11902861	12931790
11902861	13323866
11902862	6889167
11902863	7289868
11902864	4450743
11902865	7289868
11902866	1591015
11902867	7141014
11902868	7141014
11902868	11902869
11902869	11902868
11902870	10867661
11902870	12397857
11902870	12398095
11902871	6169285
11902872	8414023
11902872	12145624
11902873	8414023
11902874	9699232
11902874	12800830
11902874	12800831
11902876	11069289
11902877	5356540
11902878	13655
11902879	4628965
11902879	13481921
11902880	11468722
11902880	12282403
11902881	10236105
11902881	12822412
11902882	4645927
11902882	12828648
11902883	7824579
11902883	11902015
11902884	8884366
11902885	11897726
11902886	5908756
11902886	11947286
11902887	7824579
11902887	11902015
11902887	11915091
11902888	9225101
11902888	11902893
11902888	11911322
11902889	4934471
11902890	11901770
11902890	11915087
11902890	11915088
11902890	11915090
11902891	6118218
11902891	12933452
11902893	9225101
11902893	11902888
11902893	11911322
11902893	11911325
11902893	11911326
11902893	11911327
11902894	8223261
11902894	8223268
11902895	11902759
11902895	11902896
11902896	11902759
11902896	11902895
11902896	11903576
11902897	8678603
11902897	11901518
11902897	11915080
11902897	11915083
11902897	11915084
11902897	11915085
11902898	9732557
11902898	12812874
11902898	12816510
11902899	2073727
11902899	3810223
11902899	4236836
11902899	5501785
11902899	8933407
11902899	8933512
11902900	11280681
11902901	10333852
11902901	10333890
11902901	11087120
11902902	5918911
11902903	11093396
11902903	11909420
11902904	5430623
11902905	5430623
11902906	6070322
11902907	5523817
11902908	3276963
11902908	3501419
11902908	3501423
11902908	5117534
11902908	5227610
11902908	10771008
11902909	4150514
11902910	1685268
11902910	1685434
11902910	2407654
11902910	2407657
11902910	2407660
11902910	7434821
11902911	4846892
11902912	10971987
11902912	12933658
11902913	10971987
11902913	12873755
11902914	652156
11902914	7768184
11902916	11285907
11902916	11902925
11902918	11901483
11902918	11901492
11902918	11903496
11902919	10294322
11902920	5554566
11902921	9288460
11902922	5554566
11902923	9288460
11902925	11902916
11902925	13700855
11902926	5550340
11902927	2096218
11902930	12522449
11902930	12522451
11902930	12522452
11902930	12718434
11902930	12718439
11902930	13498833
11902931	11901125
11902931	11901127
11902931	11915076
11902931	11915077
11902934	11900773
11902934	11900839
11902934	11915073
11902934	11915075
11902934	11979120
11902934	12170848
11902935	11902949
11902935	11902950
11902936	11900804
11902936	11915068
11902936	11915070
11902937	11900804
11902937	11915071
11902937	11915072
11902938	2648803
11902938	11900807
11902938	11915065
11902939	2646151
11902939	12389986
11902940	2646151
11902941	10692301
11902941	11853562
11902941	12942617
11902942	10692301
11902942	11853562
11902942	12942617
11902943	10692301
11902943	12942618
11902944	10692301
11902944	12942618
11902945	11900697
11902945	11900698
11902945	11915064
11902946	11853574
11902947	11853573
11902948	11885631
11902948	11888455
11902948	11900311
11902948	11900320
11902948	13425464
11902949	11902935
11902950	11902935
11902951	1056584
11902951	12483623
11902952	12271762
11902952	12271782
11902952	12271784
11902952	12271792
11902952	12271794
11902952	12272463
11902952	12272573
11902953	12271786
11902953	12271796
11902953	12272463
11902954	11890503
11902954	11890505
11902954	11890507
11902955	11797000
11902956	11899730
11902956	11899771
11902956	11915057
11902956	11915058
11902957	7762572
11902958	11797001
11902959	11254115
11902960	7762572
11902961	327202
11902961	11254340
11902962	327202
11902965	1545461
11902965	11902966
11902966	11902965
11902968	7154713
11902973	10091160
11902974	7557878
11902975	11904983
11902975	13691660
11902976	7557878
11902977	7557878
11902978	11853576
11902979	7557878
11902980	11904985
11902981	7557878
11902982	6020041
11902983	9568682
11902983	11902985
11902983	12711806
11902985	9568682
11902985	11902983
11902987	4033103
11902987	7550153
11902989	8247403
11902991	7708585
11902991	11902998
11902992	11902995
11902992	11902996
11902993	15859
11902993	11363361
11902994	11900246
11902995	11902992
11902996	11902992
11902997	11900246
11902998	11902991
11902998	13550749
11902999	9043578
11902999	11909419
11903000	9043578
11903000	11909419
11903003	13704197
11903004	11891149
11903004	13350480
11903005	11891143
11903005	13333451
11903006	11891136
11903007	11891136
11903008	11891140
11903008	13371763
11903010	4070748
11903010	11890981
11903013	11903015
11903013	11903022
11903013	11903023
11903013	11903149
11903014	11853584
11903015	11903013
11903015	11903022
11903015	11903149
11903016	11903479
11903017	11903481
11903017	11903485
11903019	11903472
11903019	11903478
11903022	11903013
11903022	11903015
11903022	11903149
11903022	13525858
11903023	11903013
11903023	11903149
11903024	6015608
11903024	12146241
11903026	6015607
11903027	11903471
11903028	11438631
11903029	7033522
11903029	7033605
11903031	7033604
11903032	11853603
11903033	11903104
11903033	11903105
11903033	11903106
11903033	11903107
11903033	11903109
11903033	11903110
11903033	11907327
11903033	11907329
11903034	11903104
11903034	11903105
11903034	11903106
11903034	11903107
11903034	11903109
11903034	11903110
11903035	3347161
11903035	9833987
11903035	12930917
11903035	12930929
11903035	13787563
11903036	3347161
11903036	12930917
11903036	12930920
11903036	12930921
11903036	13787563
11903037	3347161
11903037	12930920
11903037	13787562
11903038	11903048
11903038	11903049
11903038	11903156
11903040	389631
11903040	12279454
11903041	6709737
11903042	4213351
11903043	9464151
11903043	11903047
11903043	13273917
11903046	6018601
11903047	9464151
11903047	11903043
11903048	11903038
11903048	11903049
11903049	11903038
11903049	11903048
11903049	11903156
11903050	646052
11903050	11363370
11903051	11268554
11903051	12292319
11903052	7557880
11903053	11363370
11903054	11268553
11903055	6398735
11903056	6398731
11903056	13208687
11903057	7762574
11903058	11224213
11903058	12509027
11903059	10746421
11903060	7762574
11903061	9043582
11903061	11903144
11903062	11224212
11903063	7762574
11903063	11608869
11903064	9043582
11903064	11903144
11903065	9583894
11903065	12064530
11903066	6004132
11903066	11903141
11903066	11903825
11903066	11903827
11903066	11909102
11903066	11909119
11903066	12486844
11903066	12624624
11903066	13297315
11903066	13771105
11903067	9583886
11903068	11906948
11903069	11708623
11903070	6588360
11903070	6588361
11903070	12503027
11903070	12503028
11903070	13692144
11903072	7374084
11903072	11346726
11903072	13572512
11903073	6135611
11903074	9084000
11903074	13160183
11903075	943688
11903076	13573845
11903077	9005387
11903077	12653903
11903078	9005387
11903079	13482170
11903080	11346726
11903081	11903097
11903083	6383351
11903083	13274904
11903087	6383348
11903087	12728801
11903088	6031388
11903090	4453446
11903090	12494141
11903093	4453446
11903094	13583427
11903095	2413274
11903095	4453439
11903096	11346726
11903097	11903081
11903097	11903115
11903099	1075987
11903100	11903108
11903101	1075987
11903103	11903745
11903104	11903033
11903104	11903034
11903105	11903033
11903105	11903034
11903106	11903033
11903106	11903034
11903107	11903033
11903107	11903034
11903108	11903100
11903109	11903033
11903109	11903034
11903110	11903033
11903110	11903034
11903111	11313652
11903112	2445916
11903112	11903114
11903113	11313652
11903114	3124533
11903114	11903112
11903114	12205532
11903115	11903097
11903116	11759156
11903117	11903262
11903118	13398498
11903119	11903125
11903121	13535915
11903122	11300637
11903122	11903130
11903124	12070563
11903125	11903119
11903126	9765644
11903129	7322302
11903129	11300637
11903129	12875903
11903129	12875904
11903129	12875905
11903130	11903122
11903131	11903728
11903131	11903733
11903131	11903743
11903132	11903133
11903133	11903132
11903133	13230847
11903136	2007725
11903136	11912364
11903137	11912354
11903137	11912358
11903138	6078428
11903138	12449280
11903139	11912352
11903139	11912357
11903140	6078428
11903140	12449281
11903141	11903066
11903142	11903146
11903143	11291334
11903144	11903061
11903144	11903064
11903146	11903142
11903146	12404584
11903147	11903165
11903147	11912368
11903148	7131796
11903149	11903013
11903149	11903015
11903149	11903022
11903149	11903023
11903149	12296964
11903149	13503216
11903149	13503217
11903151	7499326
11903154	7499326
11903155	13323189
11903155	13323190
11903156	11903038
11903156	11903049
11903157	12507859
11903158	11910109
11903158	11910110
11903159	7499326
11903160	11908208
11903162	11902523
11903162	11902524
11903162	11903193
11903162	11903210
11903164	13100718
11903165	11903147
11903166	13100718
11903167	7546320
11903169	7546320
11903169	13184589
11903171	11910070
11903171	11910078
11903172	2544492
11903172	2794036
11903172	13267746
11903175	4571607
11903176	11903182
11903176	11910035
11903177	11907316
11903177	11907341
11903179	4571607
11903180	4670234
11903182	11903176
11903183	3738387
11903184	11910029
11903184	11910031
11903186	11892122
11903187	4670233
11903188	8159127
11903188	12250372
11903189	5534767
11903190	7827427
11903190	13130116
11903191	7827426
11903191	11916944
11903191	12287464
11903192	7827426
11903192	12287464
11903193	11902523
11903193	11902524
11903193	11903162
11903193	11903210
11903194	4418377
11903194	9322519
11903195	4436120
11903196	4436120
11903197	4435351
11903197	13329218
11903198	11489649
11903199	9322519
11903200	13392922
11903201	4133498
11903201	9322519
11903202	11073566
11903202	13402218
11903203	11910013
11903204	11073554
11903205	7957903
11903205	11909994
11903206	11073554
11903206	12424078
11903206	13808069
11903209	12662110
11903210	11903162
11903210	11903193
11903211	11074558
11903211	12414757
11903211	13247549
11903212	11074557
11903212	13255816
11903213	5078134
11903214	606439
11903214	6152553
11903215	5077660
11903216	12567090
11903216	13581261
11903217	5077660
11903217	8250628
11903217	12918557
11903218	8526038
11903218	11909983
11903218	11909986
11903219	11909978
11903219	11909980
11903220	7087336
11903220	8478373
11903221	4694579
11903222	12506928
11903223	8864764
11903224	8864760
11903224	12624137
11903225	7087336
11903226	3882332
11903228	9116672
11903229	3882280
11903230	11903232
11903232	11903230
11903232	12404559
11903232	12730832
11903235	9116672
11903236	6140668
11903237	6140668
11903237	11903260
11903237	11903261
11903237	13507744
11903238	11910091
11903239	11910084
11903240	1103477
11903240	1104028
11903240	5489667
11903240	9937355
11903240	13185832
11903241	9116672
11903243	13395691
11903244	55037
11903247	9243893
11903247	11903251
11903248	565271
11903251	11903247
11903252	1168413
11903253	5539250
11903253	12025521
11903254	5539250
11903254	12025521
11903255	5539239
11903256	5539239
11903257	5539205
11903258	8379784
11903258	12031674
11903259	8379784
11903260	11903237
11903261	11903237
11903262	11903117
11903263	7439574
11903263	7440412
11903264	9805790
11903265	9805790
11903265	11903468
11903266	9805790
11903268	8575528
11903269	8379747
11903269	11903277
11903270	8379747
11903271	11901243
11903272	8379745
11903272	13377967
11903272	13377968
11903273	8379745
11903273	12378030
11903274	8057005
11903275	8057005
11903276	11901529
11903277	8379747
11903277	11903269
11903278	4076928
11903278	11903305
11903278	11903309
11903278	11903403
11903279	4076917
11903279	13466999
11903280	4633952
11903280	8860884
11903284	9196831
11903285	8800889
11903287	12501365
11903288	9450411
11903289	11901884
11903290	8798265
11903291	8798265
11903292	4429465
11903293	11902633
11903293	11903312
11903294	4429462
11903294	6149795
11903295	4429461
11903296	4166936
11903297	3733444
11903297	3799318
11903297	4166884
11903297	4167230
11903297	12948481
11903298	4158208
11903299	4158208
11903300	5301601
11903300	11903467
11903301	4948821
11903303	11903310
11903303	11903332
11903303	11903333
11903303	11903556
11903303	11907315
11903303	13092585
11903304	8908690
11903304	13167457
11903305	1536198
11903305	5456092
11903305	11903278
11903305	11903309
11903305	11903403
11903306	8908690
11903307	11901112
11903308	8908690
11903309	1536198
11903309	5456092
11903309	11903278
11903309	11903305
11903309	11903403
11903310	11903303
11903310	11903332
11903310	11903555
11903310	11903556
11903311	11901125
11903312	11903293
11903313	2646609
11903314	2646609
11903315	11124213
11903317	11853859
11903317	11903320
11903317	11903391
11903317	11903551
11903318	11853859
11903319	11124213
11903320	11903317
11903320	11903391
11903320	11903551
11903321	11903326
11903321	11903327
11903321	12561596
11903321	12561597
11903321	12561599
11903321	12561612
11903321	12561613
11903321	12561615
11903322	11903466
11903323	10676079
11903324	6235318
11903325	10676079
11903326	11903321
11903326	12561597
11903326	12561599
11903327	11903321
11903327	12561596
11903327	12561612
11903328	6673206
11903328	11903546
11903328	11903547
11903329	6235376
11903330	6235376
11903331	10676079
11903331	11903335
11903332	11903303
11903332	11903310
11903333	11903303
11903334	6453231
11903334	13163049
11903335	11903331
11903336	6453231
11903337	6402901
11903338	11853896
11903339	6222762
11903339	6776232
11903339	11903541
11903340	6402893
11903340	12935824
11903341	11374307
11903342	4876354
11903343	4876352
11903344	4876328
11903345	4876328
11903347	10371656
11903347	12539553
11903348	10368078
11903348	12033862
11903349	10366618
11903349	11903463
11903350	11374307
11903351	10366618
11903352	11285251
11903352	11903460
11903352	11903461
11903353	11051985
11903353	12030985
11903354	507217
11903354	860103
11903354	11901144
11903354	11903459
11903355	10959551
11903355	12538310
11903355	12538312
11903356	10959531
11903357	9140299
11903358	10959531
11903359	8817683
11903360	2479355
11903360	6197323
11903360	11903384
11903360	12080134
11903361	1534503
11903361	5489588
11903362	9140299
11903363	5489584
11903364	11903365
11903364	11903366
11903365	4913849
11903365	8719072
11903365	11903364
11903365	12250217
11903366	4913849
11903366	11903364
11903367	11903368
11903367	11903370
11903368	11903367
11903368	12404558
11903369	1181173
11903369	11903378
11903369	11903379
11903369	11903455
11903370	11903367
11903370	12404558
11903371	6026
11903371	6066
11903371	16486
11903371	483485
11903371	484694
11903371	1841525
11903371	1844117
11903371	1845470
11903371	3245876
11903371	3275891
11903371	11903452
11903372	6026
11903372	6066
11903372	16486
11903372	483485
11903372	484694
11903372	1841525
11903372	1844117
11903372	1845470
11903372	3245876
11903372	3275891
11903374	11854137
11903374	11903376
11903374	11903386
11903375	1170029
11903375	6355806
11903376	11903374
11903378	3975057
11903378	11903369
11903379	11903369
11903380	4665250
11903381	4665250
11903382	1093785
11903382	3826107
11903382	4649236
11903382	11903448
11903383	3826107
11903383	8630464
11903383	11903447
11903384	2479355
11903384	6197323
11903384	11903360
11903385	12240695
11903385	12240698
11903385	12951028
11903386	11903374
11903387	6026
11903387	16486
11903387	445166
11903387	445167
11903387	506059
11903387	1058248
11903387	1841525
11903387	1844118
11903387	1844119
11903387	1845471
11903387	2425567
11903387	3396714
11903387	9710760
11903391	11903317
11903391	11903320
11903391	11903444
11903392	11853789
11903392	11854541
11903392	11854568
11903392	11854570
11903392	11854571
11903392	12253102
11903394	11903441
11903395	11903398
11903395	11903399
11903395	11903402
11903395	11904685
11903395	11906449
11903395	11906450
11903395	11906451
11903395	11906452
11903398	11903395
11903399	11903395
11903400	11914410
11903400	11914411
11903400	12548931
11903401	11903439
11903401	11914409
11903401	11914411
11903402	11903395
11903402	11903409
11903402	11903431
11903402	11906449
11903402	11906450
11903402	11906451
11903402	11906452
11903403	11903278
11903403	11903305
11903403	11903309
11903405	11902559
11903406	11903408
11903407	12654884
11903407	12654886
11903407	12654888
11903407	12654889
11903407	12663830
11903407	12663834
11903407	12730684
11903407	12730685
11903407	13098061
11903407	13098062
11903408	11903406
11903409	1392478
11903409	1436303
11903409	3645645
11903409	6873252
11903409	11903402
11903409	11903538
11903410	12424095
11903411	13099496
11903412	11945243
11903412	12865896
11903414	12034587
11903415	8102624
11903415	12309492
11903415	12309493
11903416	12090633
11903417	8988447
11903418	11903419
11903419	11903418
11903419	11903420
11903420	11903419
11903421	13095373
11903422	11903435
11903422	11919611
11903422	11922199
11903422	12646887
11903422	12646888
11903422	12646889
11903422	12646890
11903424	11903434
11903424	11919612
11903424	12656871
11903424	12719258
11903425	8695694
11903425	11903438
11903426	11550333
11903426	11903443
11903428	7012962
11903429	11903433
11903430	11891009
11903431	11903402
11903432	8586334
11903432	8586335
11903432	8591421
11903432	8592104
11903432	8592106
11903432	8592108
11903432	8592117
11903432	8592118
11903432	8592119
11903432	11720648
11903432	11720652
11903432	11903436
11903432	11903437
11903433	11903429
11903433	11903449
11903434	11903424
11903435	11903422
11903436	8586334
11903436	8586335
11903436	8591421
11903436	8592104
11903436	8592106
11903436	8592108
11903436	8592117
11903436	8592118
11903436	8592119
11903436	11720648
11903436	11720652
11903436	11903432
11903437	8586334
11903437	8586335
11903437	8591421
11903437	8592104
11903437	8592106
11903437	8592108
11903437	8592117
11903437	8592118
11903437	8592119
11903437	11720648
11903437	11720652
11903437	11903432
11903438	11903425
11903439	11903401
11903440	7012962
11903441	11903394
11903442	11903445
11903442	11903446
11903443	11550333
11903443	11755583
11903443	11755584
11903443	11755604
11903443	11903426
11903444	11903391
11903445	11903442
11903445	11903446
11903446	11903442
11903446	11903445
11903447	11903383
11903448	11903382
11903449	11903433
11903450	3271968
11903450	3271969
11903452	11903371
11903453	1141959
11903453	1142002
11903453	5780421
11903454	1141959
11903454	1142002
11903454	5780421
11903455	11903369
11903456	11854575
11903456	11854582
11903456	11854584
11903456	11854590
11903456	13030039
11903457	9589811
11903457	9589812
11903457	9593637
11903457	11789741
11903457	11903458
11903457	11906443
11903457	11906445
11903457	11906447
11903458	9589811
11903458	9589812
11903458	11789741
11903458	11903457
11903458	11906443
11903458	11906445
11903458	11906447
11903459	11903354
11903459	12574535
11903459	12574536
11903459	12574562
11903460	11285251
11903460	11903352
11903461	11903352
11903462	5685116
11903463	11903349
11903464	11854702
11903465	11854703
11903466	11903322
11903467	5301601
11903467	8193738
11903467	11789976
11903467	11903300
11903468	11903265
11903468	11903470
11903468	12309485
11903470	11903468
11903471	11903027
11903472	11903019
11903472	12309482
11903472	12707069
11903472	12707071
11903473	11898227
11903474	11898550
11903475	302408
11903476	9353199
11903476	12052681
11903476	13252943
11903476	13415398
11903477	11898565
11903478	11903019
11903479	11903016
11903479	12308474
11903479	12308486
11903480	302408
11903481	11742405
11903481	11903017
11903482	11898589
11903483	302408
11903484	11898609
11903485	7023223
11903485	11903017
11903487	2188677
11903487	2188678
11903487	2188682
11903487	2404818
11903488	1129654
11903489	2169454
11903490	2169454
11903491	7253998
11903492	7253998
11903493	11900283
11903493	12309480
11903494	11905710
11903495	7253998
11903496	11901483
11903496	11902918
11903497	11899571
11903497	11899583
11903497	11915056
11903498	11900264
11903498	12308542
11903499	7253998
11903500	11882703
11903500	11904198
11903501	6823686
11903501	6962668
11903501	13348285
11903502	8322252
11903502	12308536
11903503	3840539
11903504	7843322
11903504	12308507
11903505	7721702
11903505	12308509
11903505	12308510
11903505	12308520
11903506	4718698
11903506	7933192
11903506	12817353
11903506	12825409
11903507	7586043
11903507	12308533
11903508	5011648
11903508	12308516
11903508	12308518
11903508	12308526
11903509	6592540
11903509	12308466
11903509	12308467
11903510	12045687
11903511	5720524
11903511	12308459
11903511	12308461
11903512	7645398
11903513	11865896
11903513	13213626
11903514	6568632
11903514	12308449
11903514	12308451
11903515	11058529
11903515	12308438
11903516	5947505
11903516	12308422
11903516	12308423
11903517	2236161
11903518	8682217
11903518	12308418
11903519	5905386
11903519	12308416
11903520	10205699
11903520	12308412
11903520	12308427
11903521	4496380
11903522	10146884
11903522	12308309
11903523	10356654
11903523	12308308
11903524	3151123
11903524	4126605
11903524	6588128
11903524	7722535
11903524	7751474
11903524	11903527
11903525	5106399
11903526	7751474
11903527	7751474
11903527	11903524
11903528	10461312
11903528	12308430
11903529	6014245
11903530	6014244
11903531	11903532
11903532	11903531
11903533	10160054
11903533	12308305
11903534	5954605
11903534	12308303
11903535	8317961
11903535	12308301
11903536	7549248
11903536	11957767
11903536	11957768
11903536	11957769
11903536	11957772
11903537	5284233
11903537	7933239
11903537	12308294
11903538	1436303
11903538	11903409
11903539	5110043
11903540	7549248
11903540	11957767
11903540	11957768
11903540	11957769
11903540	11957772
11903541	6776232
11903541	11903339
11903542	7921495
11903542	12308277
11903542	12308279
11903542	12308281
11903543	10354242
11903543	12308272
11903544	2261171
11903545	11099626
11903545	12734889
11903546	9466237
11903546	11903328
11903547	9466236
11903547	11903328
11903547	13573759
11903547	13573760
11903549	11099626
11903550	11834383
11903551	11903317
11903551	11903320
11903552	5027071
11903553	2261171
11903554	11833539
11903555	11903310
11903556	11903303
11903556	11903310
11903557	11834404
11903558	10949641
11903558	12308260
11903558	12308262
11903558	12562819
11903558	12568701
11903558	12815875
11903559	11834404
11903560	9453972
11903561	11855300
11903561	12305522
11903561	12968135
11903563	10465912
11903564	11273788
11903564	12579828
11903565	9453972
11903566	11903567
11903567	11903566
11903567	12306760
11903568	11903570
11903569	10169076
11903570	11903568
11903570	12181189
11903570	12306802
11903570	12571664
11903570	12584165
11903571	13092584
11903572	11834402
11903573	11834401
11903574	11365948
11903574	12967518
11903575	11903577
11903576	11902896
11903577	11903575
11903577	12306754
11903577	13580229
11903578	11834398
11903579	11365948
11903579	11903588
11903579	12967518
11903580	9125713
11903581	11902826
11903582	11885834
11903582	11903583
11903583	11885834
11903583	11903582
11903583	11903587
11903584	6572264
11903585	6572265
11903586	9584762
11903587	11885834
11903587	11903583
11903587	12013432
11903588	11903579
11903588	12306751
11903588	12491826
11903588	12967518
11903588	12969553
11903588	13436376
11903588	13436378
11903589	11902647
11903590	9584762
11903591	4682885
11903592	11901469
11903593	11907314
11903593	13742559
11903593	13742560
11903593	13742561
11903594	11900265
11903595	1719155
11903595	12306743
11903595	12306750
11903596	10570237
11903596	12306773
11903597	10199922
11903597	12306721
11903598	11899816
11903598	11902647
11903599	11728055
11903599	12306720
11903600	10769013
11903601	8686443
11903601	11903625
11903601	11904451
11903601	12390504
11903601	12425786
11903601	12709822
11903602	10769013
11903603	11899494
11903603	11899495
11903603	11915051
11903603	11915053
11903603	11915069
11903603	13144667
11903603	13144673
11903604	11903607
11903604	11909974
11903605	10200463
11903605	12306728
11903606	10199633
11903606	12306714
11903607	11903604
11903608	11858166
11903609	6579488
11903610	11902635
11903610	13144900
11903610	13144902
11903610	13144903
11903611	11903614
11903611	11909972
11903612	11035357
11903612	12306716
11903612	12306717
11903613	10005615
11903614	11903611
11903615	10769013
11903616	10005615
11903617	11902629
11903618	11902627
11903619	11903647
11903619	11909963
11903620	11834387
11903621	6599065
11903622	10769013
11903623	11834385
11903624	2202901
11903625	11903601
11903625	11915050
11903626	2202901
11903627	6599065
11903628	11834380
11903629	6599065
11903630	9298571
11903630	9298576
11903631	6599065
11903632	11834379
11903633	9298576
11903634	2202902
11903635	9298576
11903636	8684012
11903637	11834374
11903638	2202902
11903639	8684012
11903640	11834374
11903641	2202902
11903642	2202902
11903643	7065941
11903644	2646573
11903644	3061093
11903644	4057562
11903644	11823203
11903644	11834372
11903645	7065941
11903646	11834371
11903647	11903619
11903648	11903649
11903648	11909960
11903649	11903648
11903649	13778795
11903649	13778796
11903649	13778798
11903649	13778799
11903650	11896824
11903650	11915046
11903651	10099831
11903652	11903654
11903652	11909959
11903653	11834368
11903654	11903652
11903654	12156908
11903655	11834367
11903656	11834365
11903657	11903659
11903657	11909958
11903658	11365955
11903658	13452700
11903658	13452701
11903659	11903657
11903660	11834364
11903661	9584767
11903662	11834363
11903663	9584767
11903664	11834362
11903665	11834362
11903666	11903668
11903666	11909957
11903666	11910095
11903667	2612323
11903668	11903666
11903669	2612325
11903670	5553800
11903671	11834360
11903672	11834360
11903673	8534566
11903674	11834359
11903675	11907313
11903676	11834357
11903677	8534566
11903678	1778069
11903679	4567020
11903680	4567020
11903681	11797868
11903682	11797865
11903683	7813483
11903684	11797864
11903685	11797860
11903686	387602
11903687	7479545
11903688	1084197
11903689	8534567
11903690	464100
11903692	11797857
11903693	7411
11903694	8534567
11903695	7411
11903696	11073311
11903697	2272127
11903697	11909955
11903698	11797853
11903700	2272127
11903700	11903702
11903701	5314531
11903702	3515890
11903702	11903700
11903704	7238164
11903704	11903711
11903704	12906038
11903705	5314532
11903706	11073311
11903707	3056011
11903707	4471015
11903708	11836724
11903709	10649862
11903709	11896226
11903709	11915043
11903710	11073311
11903711	8089560
11903711	11903704
11903712	2671513
11903713	2671513
11903714	3257587
11903715	3257588
11903716	8371283
11903717	8911446
11903717	13372531
11903717	13372534
11903718	3257596
11903719	11035592
11903719	12062548
11903719	12062550
11903720	3825500
11903721	5134101
11903722	8371283
11903723	5138045
11903723	6743594
11903724	9044851
11903725	11301778
11903726	10552435
11903727	11903731
11903727	11909953
11903728	11903131
11903729	11781786
11903729	12134417
11903730	268681
11903730	11951700
11903731	11903727
11903731	11903732
11903731	12906039
11903732	11860187
11903732	11903731
11903732	11909953
11903733	11903131
11903734	1222090
11903734	1222091
11903734	1222110
11903735	11860187
11903735	11903737
11903736	11301778
11903737	11903735
11903737	11903739
11903738	2074366
11903738	12484713
11903739	11860187
11903739	11903737
11903740	11301778
11903741	6351132
11903741	12649300
11903742	602841
11903742	9579449
11903743	11903131
11903743	12330891
11903744	11301778
11903745	11903103
11903746	9128135
11903747	11903750
11903747	11909952
11903748	8898085
11903748	11893350
11903748	11915041
11903750	11903747
11903750	12221741
11903751	11903754
11903751	11909951
11903752	10520372
11903752	12363281
11903753	9128135
11903754	11903751
11903754	12330674
11903754	13383143
11903754	13383144
11903754	13383145
11903754	13383146
11903755	10533255
11903755	12043808
11903756	11903759
11903756	11909950
11903756	11919274
11903757	10736310
11903757	10736311
11903757	12649301
11903758	11313886
11903759	11903756
11903759	11912167
11903759	11912168
11903759	11912170
11903759	11912171
11903760	11487265
11903761	1126644
11903761	12649305
11903762	11903764
11903762	11909948
11903762	11919277
11903763	11313886
11903764	11903762
11903764	11912173
11903764	11912174
11903764	12672018
11903765	11903766
11903766	11903765
11903766	11909947
11903768	11452372
11903769	11452372
11903771	8298969
11903772	11903774
11903772	11909944
11903773	9204649
11903774	11903772
11903774	11912175
11903774	11912176
11903775	11907312
11903775	11926315
11903775	11975658
11903775	11977773
11903775	11977774
11903775	12260303
11903775	13092583
11903776	9204649
11903777	4655907
11903777	11903779
11903778	9204649
11903779	11903777
11903780	11903783
11903780	11909942
11903781	11301014
11903782	11301014
11903783	11903780
11903784	9704702
11903785	12630684
11903786	9704702
11903787	5298723
11903788	4617392
11903788	11895801
11903788	12190483
11903789	3428555
11903790	2330398
11903790	2330399
11903790	2726979
11903791	2330398
11903791	2330399
11903791	2726979
11903791	2738522
11903792	9704702
11903793	2330398
11903793	2330399
11903793	2726979
11903793	7152196
11903794	10731909
11903795	134636
11903795	3086307
11903796	10731909
11903797	4925709
11903797	9340488
11903798	444708
11903798	602778
11903798	1372124
11903799	36923
11903800	3935590
11903800	12109105
11903801	2722375
11903802	6044821
11903802	11900649
11903802	12296688
11903803	1824237
11903804	1824237
11903805	3982649
11903806	1875398
11903806	5800856
11903807	11907309
11903808	4992765
11903808	4992767
11903809	11839554
11903810	11839554
11903811	10860118
11903812	2110886
11903812	3232793
11903812	13076089
11903814	627008
11903814	7906676
11903815	627008
11903815	7906676
11903816	11903821
11903817	1877038
11903817	1877039
11903818	3156165
11903818	3628061
11903819	69208
11903819	685841
11903819	1877038
11903819	1877039
11903820	11104020
11903821	11903816
11903822	11907308
11903822	12442796
11903823	1973701
11903824	1026730
11903825	11903066
11903826	612848
11903827	11903066
11903827	11903939
11903828	4081490
11903828	13567519
11903829	4081490
11903830	11907307
11903831	9975213
11903831	11903935
11903832	1318109
11903833	3373927
11903833	9975213
11903833	11903935
11903834	1318109
11903835	7023067
11903836	130494
11903836	909800
11903836	5953648
11903836	11903847
11903836	11989687
11903837	1662818
11903838	1662818
11903839	2728811
11903839	5990070
11903840	8825008
11903840	8825017
11903840	8825520
11903840	8825526
11903840	8825533
11903840	8825538
11903840	8825541
11903840	8825545
11903840	8825547
11903840	8825923
11903840	8825926
11903840	8825947
11903840	8826253
11903840	8867618
11903840	8867619
11903840	10124324
11903840	10127787
11903840	11915099
11903841	11907306
11903842	8825923
11903843	9716960
11903844	10314905
11903845	11896810
11903845	11903930
11903845	11903931
11903845	13385947
11903846	7250311
11903847	465106
11903847	6106896
11903847	11903836
11903847	11989687
11903848	11896810
11903848	11903928
11903849	6290843
11903849	12449161
11903850	2700175
11903850	6290843
11903850	8818761
11903851	8910104
11903851	13576051
11903852	1688260
11903852	1768636
11903853	67873
11903854	3992444
11903855	5244644
11903855	7793917
11903856	3780490
11903856	3780491
11903856	3780492
11903856	12960251
11903856	13638222
11903856	13638223
11903856	13638224
11903856	13638225
11903856	13638226
11903856	13638227
11903857	5586823
11903857	5587895
11903857	7270663
11903857	8970498
11903857	13060104
11903858	2069662
11903858	3133008
11903859	602760
11903860	1218919
11903860	2140540
11903860	5814627
11903861	5342707
11903862	1460278
11903862	1461311
11903862	1998834
11903862	3065029
11903862	3481941
11903863	8910104
11903863	13576051
11903864	675498
11903864	1802401
11903865	2833400
11903865	2833452
11903865	11903868
11903865	11903869
11903866	2878550
11903866	5373454
11903867	2878550
11903867	11786649
11903867	11786650
11903867	13383348
11903868	2833400
11903868	2833452
11903868	11903865
11903869	2833400
11903869	2833452
11903869	11903865
11903870	1699034
11903871	1648653
11903871	1871255
11903871	4855351
11903871	4855353
11903871	6738549
11903872	3819540
11903872	11180668
11903872	11903925
11903872	11903926
11903873	4532593
11903873	4532659
11903873	4534333
11903873	4534334
11903873	8825781
11903874	405198
11903874	3854486
11903874	3854489
11903875	405198
11903875	12823754
11903876	3854489
11903877	459776
11903877	460918
11903877	1328690
11903877	3133525
11903877	3612699
11903878	353715
11903878	353976
11903878	2134560
11903879	5064264
11903880	5064264
11903881	5064264
11903882	129196
11903882	905041
11903883	10162933
11903883	11904189
11903884	11864363
11903884	11864364
11903884	11903923
11903884	11903924
11903885	2899678
11903886	135047
11903886	1197140
11903886	1562744
11903886	1564129
11903886	13260729
11903886	13409910
11903886	13409917
11903886	13409918
11903886	13409919
11903886	13409921
11903886	13409924
11903886	13409925
11903887	8935490
11903887	11903921
11903888	1562744
11903888	1564129
11903889	6581162
11903890	333634
11903890	370279
11903890	502334
11903890	2456057
11903890	3624517
11903891	259949
11903892	573708
11903893	1414039
11903894	10625919
11903894	12474001
11903895	5766550
11903895	5768588
11903895	6219165
11903895	8970678
11903896	13253314
11903896	13253315
11903897	361573
11903897	361721
11903897	1549138
11903898	497215
11903898	497237
11903898	5824085
11903899	10637071
11903899	11903920
11903900	2235716
11903901	2245734
11903902	2245734
11903902	3884551
11903902	6084898
11903903	11907305
11903905	10859779
11903906	11216200
11903907	8921681
11903908	8921681
11903909	9179566
11903910	168404
11903911	231186
11903912	231186
11903913	10171295
11903915	11101715
11903915	11795644
11903916	10653205
11903917	152379
11903918	10653205
11903919	10653205
11903920	10637071
11903920	11903899
11903921	11903887
11903922	8935490
11903922	11905804
11903923	11903884
11903924	11903884
11903925	11903872
11903926	11903872
11903927	9154226
11903928	11903848
11903929	554712
11903929	555976
11903929	664536
11903929	847462
11903929	997346
11903929	3318282
11903929	3576120
11903929	11907304
11903930	11903845
11903931	11903845
11903932	11903937
11903933	9154226
11903934	9154226
11903935	9975213
11903935	11903831
11903935	11903833
11903936	705951
11903937	11903932
11903938	657330
11903938	657432
11903938	1057232
11903938	2699612
11903938	9678441
11903939	11903827
11903939	11905801
11903940	11221822
11903941	3474013
11903942	1816038
11903942	1816040
11903942	3681140
11903943	4846406
11903943	11900875
11903944	9538023
11903945	11903949
11903945	11903950
11903945	11903952
11903945	11903953
11903945	11932449
11903945	11932450
11903945	11932452
11903945	12130629
11903946	5424720
11903946	5479032
11903946	5667288
11903946	8688559
11903946	10345089
11903946	10345090
11903947	11900817
11903948	46169
11903949	11903945
11903949	11932452
11903949	12130629
11903950	11903945
11903950	11932452
11903950	12130629
11903951	8232646
11903952	11903945
11903952	11932449
11903952	12130629
11903953	11903945
11903953	11932450
11903953	12130629
11903954	11900808
11903954	11905792
11903954	11905793
11903955	11900808
11903955	11905792
11903955	11905793
11903956	8232646
11903957	1028566
11903958	11903959
11903959	11903958
11903960	832353
11903960	909387
11903960	2001817
11903961	3786934
11903961	11900738
11903961	11905776
11903962	10184333
11903962	10191149
11903963	7079839
11903964	9154229
11903965	8666678
11903965	11307983
11903966	9154229
11903967	11221829
11903968	7266372
11903969	7266372
11903970	9538028
11903971	7419814
11903972	9027624
11903972	13617214
11903973	13761415
11903973	13761426
11903974	13716659
11903974	13716660
11903974	13716661
11903974	13716663
11903975	11398123
11903975	13117482
11903976	9319861
11903977	11398123
11903978	9319861
11903979	902848
11903979	11904011
11903979	11905443
11903979	11906704
11903979	12997989
11903980	902848
11903980	3682187
11903980	3682193
11903980	4423800
11903980	11905443
11903980	13306903
11903980	13552235
11903981	9152313
11903982	1023647
11903982	1061787
11903982	1071732
11903982	11904015
11903983	1023647
11903983	1061787
11903983	1071732
11903983	11904015
11903984	1061787
11903984	1071732
11903984	13326188
11903984	13326189
11903985	1196645
11903986	1196645
11903987	1219313
11903987	10068867
11903988	1246874
11903988	5211608
11903988	11904005
11903989	1246874
11903989	5211608
11903989	11904005
11903990	1100121
11903990	1436959
11903990	7729202
11903990	11903994
11903990	11904000
11903990	11905441
11903990	11907301
11903991	3922951
11903992	1849230
11903993	1849230
11903994	1096331
11903994	11903990
11903995	2390470
11903995	11904009
11903996	2506765
11903997	2668518
11903998	2668518
11903999	2708772
11903999	2708801
11904000	1096331
11904000	11903990
11904001	2709958
11904002	2709958
11904003	2709959
11904004	2709959
11904005	3732147
11904005	5211608
11904005	11903988
11904005	11903989
11904006	2807512
11904007	2807512
11904007	11904019
11904007	11904020
11904008	11363468
11904008	11909391
11904008	11981189
11904008	12395821
11904008	12395822
11904008	12395823
11904009	11903995
11904010	2887428
11904010	2887436
11904010	2887443
11904010	12106127
11904011	11903979
11904011	11905443
11904012	2917612
11904012	2917613
11904013	3140452
11904014	3140454
11904014	11904022
11904015	11903982
11904015	11903983
11904016	3140456
11904017	3140456
11904018	3351231
11904018	11904021
11904018	11905439
11904019	11904007
11904020	11904007
11904021	11904018
11904022	11904014
11904024	13097562
11904025	11804051
11904025	11804052
11904025	11804053
11904026	11804050
11904026	11804051
11904026	11804052
11904026	11804053
11904026	11809867
11904028	11904031
11904029	11804056
11904029	11804058
11904029	11804059
11904030	11804056
11904030	11804057
11904030	11804058
11904030	11804059
11904030	11809944
11904031	11904028
11904032	11804068
11904033	11804068
11904034	11804068
11904035	11804072
11904035	11804074
11904036	11804073
11904036	11804075
11904037	10767649
11904037	11804086
11904038	8520303
11904039	8520304
11904040	8246470
11904041	8246470
11904041	8249816
11904041	8599445
11904041	10067558
11904041	10661906
11904043	9183164
11904043	9183448
11904043	9760333
11904043	10614373
11904043	10661912
11904044	10118077
11904045	10504195
11904046	7245409
11904046	11723547
11904047	10143629
11904047	10145052
11904047	10145154
11904048	5554692
11904048	5554696
11904048	5668726
11904048	6827317
11904049	5554692
11904050	11239313
11904051	12550629
11904051	12550630
11904051	12550631
11904051	12550632
11904052	2254530
11904053	2254530
11904054	1385718
11904055	1385718
11904056	263389
11904056	11905768
11904056	11905769
11904056	11905771
11904056	11905772
11904057	2548168
11904058	2548168
11904059	11726820
11904059	11905761
11904059	11905765
11904060	13253312
11904060	13253313
11904061	1128152
11904061	11905752
11904061	11905753
11904061	11905755
11904061	11905756
11904062	7995733
11904063	10025904
11904064	10147285
11904065	10147285
11904066	11435164
11904067	11435164
11904068	10010095
11904068	10025904
11904068	10025905
11904068	11153251
11904068	11904103
11904069	58231
11904070	5916923
11904071	6152061
11904072	6152061
11904073	6152061
11904074	6550832
11904074	6551329
11904075	2097868
11904075	3662459
11904075	3662460
11904075	13413251
11904076	5839293
11904077	11885401
11904078	2548628
11904079	9271328
11904081	9840097
11904082	13061
11904082	35600
11904082	514449
11904082	1074590
11904082	1105529
11904082	1106554
11904082	12363756
11904083	4428228
11904085	2361610
11904086	12715647
11904086	13136897
11904086	13136900
11904087	10012598
11904088	10664793
11904089	11904090
11904089	11909940
11904090	11904089
11904091	1056045
11904092	11260642
11904092	12178144
11904093	9416095
11904095	13092582
11904095	13133891
11904096	8520803
11904097	8406883
11904098	8520802
11904100	10029761
11904101	8766382
11904102	11393951
11904103	11153253
11904103	11904068
11904103	11904117
11904104	11452101
11904105	11452113
11904106	11452116
11904107	11393951
11904108	11452117
11904108	11452196
11904109	13289405
11904109	13289406
11904110	11452259
11904111	11452264
11904111	11452267
11904112	11452333
11904113	11452159
11904115	11398138
11904116	11904119
11904117	10025904
11904117	11904103
11904118	9142126
11904119	11904116
11904119	11904120
11904119	11904121
11904119	11921776
11904119	11921777
11904120	11904119
11904121	11904119
11904122	10046001
11904123	11904124
11904124	11904123
11904124	11904132
11904125	11904128
11904126	10046001
11904127	51338
11904128	11904125
11904129	1974833
11904130	6255082
11904131	7165207
11904132	11904124
11904133	5734952
11904134	7515362
11904135	8029899
11904136	8540181
11904137	11909931
11904137	11909933
11904138	13208684
11904139	6487559
11904139	6487756
11904139	10127233
11904140	5385115
11904140	10119662
11904142	4475167
11904142	4475168
11904142	4882890
11904142	4882958
11904143	11339543
11904143	11339550
11904143	11339556
11904143	11340859
11904143	11340861
11904143	11616736
11904144	11907298
11904144	11907299
11904144	13253291
11904144	13253292
11904145	1112892
11904145	1176522
11904146	11904148
11904147	11455309
11904147	11904187
11904148	11904146
11904149	11359399
11904149	12581905
11904150	10687181
11904151	3547305
11904152	1480342
11904153	2273792
11904153	2275455
11904153	2531674
11904153	2709383
11904153	2709384
11904154	12909388
11904156	1480342
11904156	12227922
11904156	12227924
11904157	4428149
11904157	12130129
11904158	10776910
11904158	13279087
11904159	3879667
11904159	4146793
11904159	11899020
11904159	12514497
11904160	10722576
11904160	10722578
11904161	11907296
11904161	11907297
11904161	13037691
11904161	13037692
11904161	13253310
11904161	13253311
11904162	2412803
11904163	11896335
11904164	11896290
11904164	11896294
11904164	11896303
11904165	11904204
11904165	11907295
11904166	9229991
11904167	9330445
11904168	10794600
11904168	11904185
11904169	11904203
11904169	11907293
11904169	11907294
11904170	1301581
11904170	11904202
11904170	12306475
11904171	7276029
11904171	13259928
11904172	7534376
11904172	12684623
11904173	8366507
11904173	13268143
11904174	8755245
11904175	11885102
11904175	11885116
11904175	11885122
11904175	11885139
11904175	11885141
11904176	570059
11904176	9287620
11904177	11904195
11904177	11904201
11904178	693620
11904178	1943890
11904178	4677973
11904179	6061225
11904180	9163277
11904181	13742556
11904181	13742557
11904181	13742558
11904182	10324996
11904183	1692101
11904184	8742438
11904185	11904168
11904186	11464717
11904187	11904147
11904188	6888765
11904189	11903883
11904189	11904191
11904189	11904194
11904189	11904197
11904189	11904199
11904189	11907291
11904189	11907292
11904191	11904189
11904193	10152588
11904194	11904189
11904195	11904177
11904196	11950078
11904197	10162933
11904197	11904189
11904198	11903500
11904199	10162933
11904199	11904189
11904200	12657106
11904200	12657107
11904201	11904177
11904202	11904170
11904203	11904169
11904204	11904165
11904205	11901543
11904206	11904207
11904207	11904206
11904209	11531309
11904210	11693798
11904211	11693798
11904212	11671000
11904213	9788083
11904214	11166135
11904215	11166135
11904216	11783456
11904217	3938827
11904218	10217119
11904220	7483156
11904221	10859894
11904222	4411460
11904223	11487228
11904224	11624704
11904225	11904454
11904225	11904455
11904225	11907290
11904226	10992197
11904227	10110100
11904228	10110100
11904229	10110100
11904230	8591258
11904231	8591258
11904232	8591258
11904234	8591258
11904235	8591258
11904236	11793489
11904237	11212644
11904238	11868508
11904239	11868508
11904240	11868508
11904241	9354387
11904242	10607647
11904244	10151805
11904245	11628622
11904246	11628622
11904247	11904269
11904248	9829081
11904249	3758089
11904250	3758089
11904251	11207794
11904252	5416271
11904253	10225783
11904254	11493171
11904255	11493171
11904256	11878513
11904257	1402421
11904258	8572606
11904259	8572606
11904260	11878513
11904261	8245491
11904262	11596460
11904263	11878511
11904264	10237200
11904265	10237200
11904266	10210561
11904267	7836899
11904268	11513453
11904269	11904247
11904269	12798061
11904270	10733358
11904271	11785364
11904272	8409525
11904273	11904276
11904273	11904563
11904274	11050121
11904275	950818
11904276	11904273
11904277	11507191
11904278	11507191
11904279	5225449
11904279	11520993
11904279	11905902
11904280	11631120
11904281	11631120
11904282	8378910
11904283	10079319
11904284	11543349
11904285	9995575
11904286	9995575
11904287	4996501
11904288	9995575
11904289	11767696
11904290	11878506
11904291	2377156
11904292	11878506
11904293	11878506
11904294	9280859
11904295	10030579
11904296	11878503
11904297	11694539
11904298	11904302
11904298	11905985
11904299	11488465
11904300	11878502
11904301	11488465
11904302	11904298
11904303	2679310
11904304	10851122
11904305	10851122
11904306	10851122
11904307	10851122
11904308	2091984
11904309	10851122
11904310	11632534
11904311	2091986
11904312	10080014
11904313	11904315
11904314	7961657
11904315	11904313
11904316	7961657
11904317	2091986
11904318	11039186
11904319	2091984
11904320	10803724
11904321	11506396
11904322	11714238
11904323	11769571
11904324	8253220
11904325	11628160
11904326	11874677
11904327	11628160
11904328	5209787
11904329	10107422
11904330	11838296
11904331	11303369
11904332	11303369
11904333	7747695
11904334	10861249
11904335	7828336
11904336	11631815
11904337	11857533
11904338	11799211
11904339	8280635
11904340	11469738
11904341	5449110
11904342	10088155
11904343	5827119
11904344	10088155
11904345	11857533
11904346	8384368
11904347	9773990
11904348	9773990
11904349	9773990
11904350	10109452
11904351	9773990
11904352	11852527
11904353	11852527
11904354	912406
11904355	11852527
11904356	10017613
11904357	8421353
11904358	8421353
11904359	11852527
11904360	9146194
11904361	9146194
11904362	7508515
11904362	7512442
11904362	11909189
11904363	8314168
11904364	8314168
11904365	8314168
11904366	11907287
11904366	11907288
11904367	8314168
11904368	11594537
11904369	10228934
11904370	9984854
11904371	11503278
11904372	7859379
11904373	7859379
11904374	7859379
11904375	9967858
11904376	1913090
11904376	11904378
11904377	11771987
11904378	5898031
11904378	11197094
11904378	11904376
11904379	11904381
11904379	11909926
11904380	10918789
11904381	11904379
11904382	11477381
11904383	11167857
11904384	11602632
11904385	11496157
11904386	10932482
11904387	10897049
11904388	10897049
11904389	8970146
11904391	11653282
11904392	11440993
11904395	11769992
11904396	9765136
11904397	11904404
11904397	11909925
11904398	9765136
11904399	11901522
11904400	11901522
11904401	11764319
11904403	11661430
11904404	7781920
11904404	7781921
11904404	11904397
11904405	11904406
11904405	11909923
11904406	11904405
11904407	4456608
11904407	4474163
11904407	11904418
11904407	11909188
11904407	12408672
11904407	12408673
11904407	12408674
11904407	12408675
11904407	12408732
11904407	12409940
11904408	11904409
11904408	11909921
11904409	11904408
11904409	11912433
11904410	11730147
11904411	11904414
11904411	11909918
11904412	11410085
11904413	11410085
11904414	11904411
11904415	11590498
11904416	10223009
11904417	4538058
11904418	4474163
11904418	11904407
11904418	11909188
11904418	12408674
11904418	12408732
11904419	11709329
11904420	11709329
11904421	11904422
11904422	11904421
11904422	11939258
11904423	11251454
11904424	10897462
11904425	11904426
11904425	11909911
11904425	11909912
11904426	11904425
11904427	11698697
11904428	11698697
11904429	11698697
11904430	11698697
11904431	11698697
11904432	11698697
11904433	11698697
11904434	11698697
11904435	9975342
11904436	11387183
11904437	11387183
11904438	11904439
11904438	11909910
11904439	11904438
11904440	11904441
11904440	11909908
11904441	11904440
11904441	11912445
11904441	11912451
11904442	11904443
11904442	11909906
11904443	11904442
11904444	4614071
11904444	4678691
11904446	11904447
11904447	11904446
11904448	11904450
11904450	11904448
11904451	8686443
11904451	11903601
11904452	11904453
11904452	11909901
11904453	11904452
11904454	11904225
11904455	11904225
11904456	11834018
11904456	11909898
11904458	11904460
11904458	11909896
11904459	11904500
11904460	11904458
11904461	2513400
11904461	11904462
11904462	11904461
11904462	11904639
11904463	2513400
11904463	11904464
11904464	11904463
11904464	11904639
11904465	11904466
11904465	11909890
11904466	11904465
11904468	11821703
11904469	11821703
11904470	11904473
11904470	11909887
11904471	11868479
11904472	11680884
11904473	11904470
11904473	11904627
11904473	11904628
11904474	11680884
11904475	11886040
11904476	11886040
11904477	11886040
11904478	11886040
11904479	11904482
11904479	11909886
11904479	12002181
11904480	10859897
11904481	10859897
11904482	11904479
11904483	9037673
11904484	9037673
11904485	9037673
11904486	9037673
11904487	11904496
11904487	11909885
11904488	8087458
11904489	8087458
11904490	8087458
11904491	8087458
11904492	8087458
11904493	8087458
11904494	8087458
11904495	8087458
11904496	11904487
11904496	12119993
11904497	11709181
11904498	11846619
11904499	11753510
11904500	11904459
11904501	11904507
11904502	11193587
11904503	11567158
11904504	11689134
11904505	11689134
11904506	11689134
11904507	11904501
11904508	9476088
11904509	9476088
11904510	9476088
11904511	7858560
11904512	11696974
11904513	9800819
11904514	9800819
11904515	9800819
11904516	9800819
11904517	12596511
11904517	12596512
11904517	12596513
11904517	12596514
11904517	12596515
11904517	12596516
11904518	8777726
11904519	6917786
11904519	7895493
11904519	11904523
11904519	11904524
11904519	11907285
11904519	11907286
11904521	12348849
11904521	12348857
11904523	7895493
11904523	11904519
11904524	6917786
11904524	11904519
11904525	11904526
11904526	11904525
11904527	6255108
11904528	11904532
11904529	9761619
11904530	9761619
11904531	11879235
11904532	11904528
11904533	11746926
11904534	9682369
11904535	8411520
11904536	10354060
11904537	11196101
11904538	11887069
11904539	11887069
11904540	11887069
11904541	11887069
11904542	11887069
11904544	11889850
11904545	11889850
11904546	11889850
11904547	11889850
11904548	11889850
11904549	11889850
11904550	11889850
11904551	11889850
11904552	11889850
11904553	11889850
11904554	9568524
11904554	11909187
11904555	11370370
11904556	13092581
11904557	12413176
11904558	11889098
11904559	13092580
11904560	13092579
11904561	11889098
11904562	8608602
11904563	11904273
11904563	13374173
11904563	13602502
11904563	13602508
11904563	13602509
11904563	13631802
11904565	11678915
11904566	12062284
11904567	11409801
11904568	13092573
11904569	13092578
11904570	13092577
11904571	12466105
11904571	12476020
11904571	12476021
11904571	13075903
11904572	12882254
11904572	12929455
11904572	13075902
11904573	11753868
11904574	12882256
11904574	13075280
11904575	5406586
11904575	12613237
11904576	5406568
11904577	12642335
11904577	13086811
11904577	13201761
11904577	13201763
11904577	13201765
11904578	13092576
11904579	12597973
11904579	13092575
11904580	13086810
11904580	13239305
11904580	13239306
11904581	13092574
11904582	11937324
11904582	12485655
11904582	12929875
11904582	12929876
11904582	12929877
11904582	12929878
11904582	12929879
11904582	12929880
11904582	12929881
11904582	12929882
11904582	12929883
11904582	12929884
11904582	12929885
11904582	12929886
11904582	13092573
11904582	13206689
11904582	13341186
11904583	12184218
11904583	13092572
11904584	9975614
11904585	7828316
11904587	13092571
11904588	13092570
11904589	12582334
11904589	12582337
11904589	12582338
11904589	13092569
11904590	13092568
11904591	11746955
11904592	13092567
11904593	11907283
11904593	13092566
11904594	11467855
11904595	11467855
11904596	10241038
11904597	11839276
11904598	11907282
11904598	13086809
11904599	11253211
11904600	11253211
11904601	11793873
11904602	11793873
11904603	10168606
11904603	11907280
11904603	13086808
11904603	13108854
11904603	13212498
11904604	12645529
11904604	13092565
11904605	10918701
11904606	11907279
11904606	12645530
11904606	12905905
11904606	13092564
11904606	13338391
11904606	13609856
11904607	11907278
11904607	12645531
11904607	13092563
11904608	11802149
11904609	11802149
11904610	11203112
11904611	11224609
11904612	11224609
11904613	6983814
11904614	11781785
11904615	10296739
11904616	11781780
11904617	6983814
11904618	6983814
11904619	6983821
11904620	11781778
11904621	6983821
11904622	3619830
11904622	12414854
11904623	6983996
11904623	6984258
11904624	6984019
11904625	5948552
11904626	6984019
11904627	11904473
11904627	11909887
11904628	11904473
11904629	11717846
11904630	6984024
11904631	5948553
11904632	11730161
11904633	6984027
11904634	11769957
11904635	11769957
11904636	6984030
11904637	6984039
11904638	12779884
11904638	12779885
11904638	12779887
11904639	4839235
11904639	4839236
11904639	5791602
11904639	11904462
11904639	11904464
11904639	13457096
11904641	8394548
11904643	8394548
11904644	8394548
11904645	6984042
11904646	8394548
11904647	11904656
11904647	12169671
11904647	12224186
11904648	11530764
11904649	11530764
11904650	11530764
11904651	11530764
11904652	6984201
11904653	11530764
11904654	11530764
11904655	11530764
11904656	11904647
11904657	11530764
11904658	2671466
11904659	11625000
11904660	6984258
11904660	6984259
11904661	6984259
11904662	11504064
11904663	11679129
11904664	2387552
11904664	7793297
11904664	11781778
11904665	2387552
11904665	7793298
11904665	11781778
11904666	11728645
11904667	11440974
11904668	9765556
11904669	11904670
11904669	12106214
11904670	11904669
11904670	12106214
11904670	12106215
11904670	12106217
11904670	12106226
11904671	7860942
11904672	7860942
11904673	6984476
11904674	9623383
11904674	9623511
11904675	6984476
11904676	11781771
11904677	11374700
11904678	11374700
11904679	11374700
11904680	11374700
11904681	6984938
11904682	11904710
11904683	11619978
11904684	11619978
11904685	11903395
11904686	11619978
11904687	11619978
11904688	6984959
11904689	6984960
11904690	8321134
11904691	8321134
11904692	6984961
11904693	8321134
11904694	8321134
11904695	8321134
11904696	8321134
11904697	8321134
11904698	8321134
11904699	6984963
11904700	11624466
11904701	11409819
11904702	11801841
11904703	11801841
11904704	13086807
11904705	13206704
11904706	11599717
11904707	5737912
11904709	13092562
11904710	11904682
11904711	6984964
11904712	11781761
11904713	817470
11904714	11904718
11904715	11781761
11904716	6984968
11904717	6984971
11904718	11904714
11904719	11781760
11904720	8133325
11904721	11904724
11904721	11909882
11904722	8133325
11904723	8133325
11904724	11904721
11904724	11909893
11904724	11909895
11904725	8133325
11904726	11781760
11904727	8133325
11904728	8133325
11904729	11904730
11904729	11909879
11904730	2761697
11904730	11904729
11904730	11909883
11904730	11909884
11904731	1580857
11904732	11904755
11904732	11904760
11904732	11909186
11904732	12040963
11904733	10823671
11904734	11907277
11904734	13092561
11904735	11746897
11904736	11746897
11904737	11224845
11904738	8378931
11904739	1446205
11904740	10823116
11904741	6984972
11904742	10196884
11904743	10196884
11904744	6984974
11904744	6984975
11904745	11441563
11904746	11736484
11904747	10859666
11904748	5732960
11904748	12290368
11904749	10859666
11904750	6984976
11904751	8673608
11904752	8673608
11904753	6984977
11904754	8166872
11904755	11904732
11904755	11909186
11904756	11847303
11904757	9711739
11904758	6984978
11904759	8673608
11904760	11904732
11904761	8673608
11904762	6984979
11904763	11716584
11904764	11716584
11904765	6984991
11904766	9815352
11904767	10677614
11904768	11801962
11904769	10861836
11904770	11904776
11904771	11737874
11904772	11978179
11904772	12039108
11904772	12249783
11904772	12249784
11904772	12249785
11904772	12403343
11904772	12729781
11904772	13086806
11904772	13665826
11904772	13665827
11904773	12039120
11904773	13086805
11904773	13567112
11904774	13086804
11904774	13567113
11904775	7863277
11904776	11904770
11904777	12033015
11904777	12033016
11904777	12033026
11904777	12033027
11904777	12039150
11904777	12249793
11904777	12285051
11904777	12285052
11904777	13092560
11904778	11978182
11904778	12039123
11904778	12249786
11904778	12339287
11904778	12367474
11904778	13086803
11904778	13567111
11904779	12039124
11904779	13086802
11904780	13086801
11904781	3260650
11904782	11978180
11904782	12039125
11904782	12249783
11904782	12249784
11904782	12249785
11904782	12261780
11904782	12261781
11904782	13086800
11904783	6985006
11904784	11907276
11904784	13086799
11904784	13757412
11904785	5589798
11904786	12855890
11904787	6985006
11904788	280735
11904788	667591
11904788	813180
11904788	813187
11904788	1421127
11904788	1607603
11904788	8221380
11904788	11904814
11904789	11567267
11904790	11567267
11904791	6985006
11904792	11679271
11904793	6985007
11904794	11819150
11904795	11819150
11904796	11819150
11904797	11819150
11904798	11819150
11904799	11819150
11904800	11819150
11904801	11819150
11904802	11819150
11904803	11819150
11904804	11819150
11904805	5589798
11904805	11905209
11904805	11905210
11904806	11858858
11904807	11858858
11904808	11858858
11904809	11858858
11904810	11858858
11904811	10905398
11904812	10905398
11904813	6985008
11904814	280735
11904814	667591
11904814	813180
11904814	813187
11904814	1421127
11904814	11904788
11904815	11239801
11904816	6985008
11904817	8621205
11904818	8621205
11904819	8621205
11904820	8621205
11904821	11809810
11904822	6985009
11904823	6261300
11904823	6650847
11904824	8271532
11904825	6985010
11904826	4708787
11904827	11853921
11904828	6985012
11904829	10905438
11904830	2887443
11904830	11907275
11904830	12227722
11904831	8408392
11904832	10753189
11904833	9117527
11904834	9117527
11904835	11904870
11904836	12667321
11904836	12667322
11904836	12667323
11904837	6985018
11904838	6985023
11904839	6645890
11904841	8210787
11904841	12838167
11904842	6985024
11904843	5821647
11904844	6985025
11904845	6985028
11904846	10664305
11904847	6985067
11904848	10553381
11904849	6985068
11904851	3435697
11904851	3435698
11904851	3435699
11904851	7478567
11904851	7478568
11904851	7478569
11904852	6985069
11904853	375821
11904853	375822
11904853	375825
11904853	536068
11904853	837577
11904853	1053812
11904853	1153967
11904853	2858258
11904853	5003687
11904854	6985070
11904856	6985070
11904858	13086806
11904859	6985071
11904862	6985071
11904864	11907273
11904865	6985072
11904866	11907271
11904866	13092558
11904867	3841819
11904868	6985073
11904869	6985074
11904870	11904835
11904871	6985075
11904872	6985076
11904873	6985076
11904874	11904882
11904875	6985093
11904876	6985093
11904877	6985119
11904878	11864175
11904879	6985120
11904880	3791039
11904881	11864175
11904881	13178677
11904881	13774456
11904882	11904874
11904882	12428142
11904883	13691600
11904883	13691605
11904884	11907268
11904885	5740552
11904886	7126728
11904888	11891149
11904889	7126933
11904891	33100
11904892	11891149
11904895	6048293
11904897	11891149
11904897	13408671
11904897	13408672
11904898	11891149
11904899	11904901
11904899	11904903
11904899	13030623
11904899	13809838
11904899	13809839
11904900	11891134
11904901	11904899
11904901	11904903
11904902	11891132
11904902	11906141
11904903	11904899
11904903	11904901
11904903	13030615
11904904	11890976
11904905	10602613
11904906	11904907
11904906	11904911
11904907	11904906
11904907	11904911
11904909	11492153
11904910	10696229
11904911	5493175
11904911	11904906
11904911	11904907
11904913	3971263
11904913	11904916
11904916	11904913
11904920	3651765
11904920	3651816
11904921	12706811
11904925	5828608
11904931	6588389
11904931	6591512
11904932	13374208
11904932	13374534
11904932	13374787
11904932	13374793
11904932	13374794
11904932	13374805
11904933	1525530
11904934	1774057
11904934	13675666
11904935	11905165
11904935	12278902
11904936	7158964
11904936	7158965
11904936	7158966
11904936	7158967
11904936	7981328
11904937	7158964
11904937	7158965
11904937	7158966
11904937	7158967
11904937	7981329
11904937	13493004
11904938	4427443
11904938	12558081
11904939	552097
11904939	580666
11904939	1832359
11904939	2530562
11904939	11181187
11904940	12710962
11904943	13136693
11904946	11904947
11904946	11905204
11904947	11904946
11904947	11905204
11904947	11905206
11904947	11905207
11904947	11905208
11904948	12019662
11904948	12232693
11904948	12518187
11904948	13168843
11904948	13212495
11904948	13683266
11904949	3032877
11904949	13014925
11904950	12230155
11904950	12230156
11904956	12658529
11904961	11907266
11904961	12479858
11904961	12479859
11904961	13092557
11904961	13092559
11904961	13092597
11904963	11905024
11904964	11904965
11904965	11904964
11904966	11904970
11904966	11909875
11904967	11904971
11904967	11909873
11904968	6293233
11904968	11904972
11904968	11904973
11904968	11904977
11904968	11917390
11904968	12321712
11904968	12321801
11904968	12328347
11904968	12328348
11904968	12532948
11904969	6415460
11904970	11904966
11904971	11904967
11904972	11904968
11904972	11917390
11904972	12532948
11904973	11904968
11904975	11904979
11904975	11904980
11904977	11904968
11904979	11904975
11904980	11904975
11904981	11904986
11904982	8170484
11904982	13339963
11904983	11902975
11904984	6220205
11904985	11902980
11904986	11904981
11904987	11716605
11904988	11904989
11904989	11904988
11904990	11904993
11904992	11716602
11904993	11904990
11904995	11716601
11904996	11904998
11904997	11716525
11904998	11904996
11904999	11907264
11905000	11907264
11905001	11716485
11905002	11716485
11905003	11907263
11905004	11907262
11905005	11907261
11905006	397103
11905007	11907260
11905008	397103
11905008	1409938
11905008	1503206
11905008	6682542
11905009	11716583
11905010	5623948
11905010	11254283
11905010	11254323
11905010	13582988
11905011	8734088
11905011	8734093
11905011	8734117
11905011	8892469
11905011	8892473
11905011	8892488
11905011	8892493
11905011	8892498
11905011	8892508
11905011	11905013
11905011	11905014
11905011	11905162
11905011	13489660
11905012	11905015
11905012	11909871
11905013	8734088
11905013	8734093
11905013	8892469
11905013	8892488
11905013	8892493
11905013	8892498
11905013	11905011
11905013	11905014
11905013	11905162
11905014	8734088
11905014	8734093
11905014	8892469
11905014	8892488
11905014	8892493
11905014	8892498
11905014	11905011
11905014	11905013
11905014	11905162
11905015	11905012
11905015	11905018
11905015	11905019
11905015	11905020
11905015	11905021
11905016	4045266
11905017	4045267
11905018	11905015
11905019	11905015
11905019	11909871
11905020	11905015
11905020	11909871
11905021	11905015
11905023	11907259
11905023	13253307
11905023	13253308
11905024	11904963
11905025	2194945
11905025	12212848
11905026	2782270
11905026	2782272
11905026	3572097
11905026	5656153
11905027	2782248
11905029	2782231
11905030	6380092
11905030	12291481
11905031	1466887
11905033	8721130
11905033	12988198
11905034	8721129
11905035	8721128
11905036	8721127
11905036	12214740
11905036	12214741
11905036	12214749
11905037	9756073
11905038	9756073
11905039	9756046
11905039	11925008
11905039	11925009
11905039	11994036
11905040	9756046
11905040	13125980
11905041	9398644
11905042	9392983
11905042	11905043
11905043	9392983
11905043	11905042
11905043	12372889
11905044	11951211
11905044	11951212
11905044	11951213
11905044	11951214
11905048	8371138
11905048	11905202
11905050	11905052
11905051	2018790
11905052	11905050
11905053	2018790
11905054	5841280
11905055	5841280
11905056	5841280
11905057	5841280
11905058	10022503
11905059	10022503
11905060	6064166
11905061	6064166
11905062	6064166
11905063	3130910
11905064	3130910
11905065	3130910
11905067	11422474
11905068	9771546
11905069	9771546
11905070	11521903
11905071	9771546
11905072	9771546
11905073	9771546
11905074	9771546
11905075	10892744
11905075	11905185
11905075	11905188
11905075	11905189
11905076	7164867
11905077	7164867
11905078	11137121
11905078	12676816
11905080	4794494
11905080	11905090
11905080	11905178
11905080	11905183
11905081	11486467
11905083	11486467
11905084	11486467
11905085	11486467
11905086	3920257
11905086	11898654
11905086	11905170
11905087	11559298
11905087	11905163
11905087	11905164
11905088	11519710
11905089	10792921
11905089	10792927
11905089	11905161
11905090	11905080
11905091	6517394
11905092	6517394
11905093	9126799
11905093	11905160
11905094	8549373
11905094	10645100
11905094	11905149
11905094	11905150
11905094	11905151
11905095	7131163
11905096	11324388
11905097	7131163
11905098	11324388
11905099	8470086
11905099	8470087
11905100	8470086
11905100	8470087
11905101	11907258
11905101	12384264
11905101	12399767
11905101	12399768
11905101	13176355
11905102	11297990
11905103	6505712
11905104	6505712
11905107	1498303
11905107	1498304
11905107	11684935
11905108	4497049
11905109	7727790
11905110	6439465
11905111	6439465
11905112	6439465
11905113	6439465
11905114	2965415
11905115	11716576
11905116	2965415
11905116	11905964
11905117	2965415
11905118	10470674
11905119	307158
11905121	307158
11905122	307158
11905124	6398209
11905124	11926747
11905125	6398209
11905125	11926747
11905126	3590987
11905127	3590987
11905128	11905129
11905129	11905128
11905131	8495277
11905132	8495277
11905133	8495277
11905134	11716574
11905135	8495277
11905136	11905145
11905136	11905146
11905136	11905148
11905137	6398209
11905138	11716573
11905139	11905140
11905140	11905139
11905143	11905147
11905145	11905136
11905145	11905146
11905145	11905148
11905146	11905136
11905146	11905145
11905147	11905143
11905148	11905136
11905148	11905145
11905149	11905094
11905150	11905094
11905150	11905151
11905150	11905152
11905151	11905094
11905151	11905150
11905152	11905150
11905153	5044470
11905154	8549373
11905154	8567347
11905154	11905159
11905155	1886652
11905155	1991593
11905155	1997619
11905155	2120123
11905155	2135009
11905155	3384582
11905155	4791781
11905155	6463127
11905155	6794286
11905155	6900008
11905155	6900009
11905155	7814614
11905156	2010272
11905157	8549373
11905157	8552568
11905157	8552569
11905157	8567347
11905157	11905159
11905158	11716569
11905159	8549373
11905159	8552568
11905159	11905154
11905159	11905157
11905160	5944774
11905160	11905093
11905161	11905089
11905162	8734088
11905162	8734093
11905162	8734117
11905162	8892469
11905162	8892473
11905162	8892488
11905162	8892493
11905162	8892498
11905162	8892508
11905162	11905011
11905162	11905013
11905162	11905014
11905162	13489660
11905163	11905087
11905164	11905087
11905165	11904935
11905165	12278902
11905165	12307821
11905165	12307822
11905166	5997616
11905167	5997616
11905169	11905174
11905170	3920257
11905170	11905086
11905171	5997616
11905171	11905197
11905174	11905169
11905177	7763376
11905178	11905080
11905178	11905183
11905181	11890090
11905181	11905193
11905181	11905194
11905181	11905195
11905181	11905196
11905181	11905279
11905181	11905558
11905181	11905560
11905182	5397584
11905183	11905080
11905183	11905178
11905184	12956543
11905184	12956544
11905184	12956546
11905184	12956549
11905184	12956551
11905184	12956552
11905184	12956553
11905184	12956554
11905184	12956555
11905185	11905075
11905185	11905189
11905185	12468619
11905185	12468620
11905186	11976356
11905188	11905075
11905188	11905189
11905189	11905075
11905189	11905185
11905189	11905188
11905191	3839659
11905192	3839659
11905193	11890090
11905193	11905181
11905193	11905560
11905194	11890090
11905194	11905181
11905194	11905558
11905195	11890090
11905195	11905181
11905195	11905279
11905195	11905560
11905196	11890090
11905196	11905181
11905196	11905279
11905196	11905558
11905197	11905171
11905198	12550769
11905198	12550770
11905199	5747980
11905201	5748054
11905202	11905048
11905203	10052826
11905204	11904946
11905204	11904947
11905205	5744124
11905206	11904947
11905206	11908132
11905207	11904947
11905207	11908133
11905208	11904947
11905209	5589797
11905209	11904805
11905210	3260648
11905210	11904805
11905211	3767168
11905211	3767169
11905211	4592355
11905211	5589797
11905212	2646812
11905212	3260648
11905212	3767167
11905212	3994144
11905212	4592355
11905213	11502267
11905214	6792985
11905214	8922894
11905214	11905557
11905215	2176403
11905215	11502265
11905216	11502258
11905216	13760550
11905217	11502252
11905218	1576300
11905218	5563460
11905219	5563362
11905219	13213745
11905220	5563358
11905221	5563351
11905222	2861059
11905223	9993
11905224	10088
11905225	10126
11905226	11905231
11905227	8789819
11905228	6243432
11905228	7030997
11905228	12943958
11905229	7030991
11905229	12292306
11905230	7030882
11905230	7030887
11905230	12214454
11905231	11905226
11905232	3988471
11905232	4479295
11905232	4989836
11905232	5656941
11905233	4479269
11905234	11488
11905235	3956827
11905235	6360036
11905236	8481069
11905237	6333213
11905237	12464253
11905238	4040795
11905239	4040774
11905240	2796603
11905240	2800598
11905240	4180090
11905240	4413652
11905240	4414709
11905240	5614253
11905241	4414708
11905242	4414706
11905243	4414703
11905243	12891463
11905244	4806514
11905245	2164522
11905245	4806509
11905246	4806506
11905247	11905249
11905247	11905251
11905247	12703083
11905249	11905247
11905250	5747962
11905251	11905247
11905251	11906845
11905252	9844593
11905253	9844591
11905253	13101021
11905254	9511241
11905255	9511241
11905256	9844590
11905257	9511241
11905258	9844578
11905258	12494134
11905258	13125989
11905259	10834250
11905260	4640720
11905261	9511241
11905262	4507444
11905263	10834250
11905264	10834250
11905265	10592059
11905265	13088235
11905266	10834250
11905267	10592051
11905267	12706758
11905267	12929640
11905268	10834250
11905269	10590264
11905269	11938881
11905270	10590263
11905270	13037879
11905271	464500
11905272	10590262
11905272	12743850
11905273	464500
11905274	3966464
11905274	4985255
11905274	12816202
11905275	864775
11905276	767454
11905276	1091845
11905276	3779512
11905276	4983532
11905276	5050569
11905276	10118360
11905276	12169668
11905277	864775
11905278	4983521
11905278	13406052
11905279	2381782
11905279	11890090
11905279	11905181
11905279	11905195
11905279	11905196
11905279	11905560
11905280	3977725
11905281	4983519
11905282	2381396
11905283	3977725
11905284	4532585
11905284	8734904
11905284	9583645
11905285	9583641
11905286	4068049
11905287	394501
11905288	391976
11905289	4068049
11905290	10099
11905291	6943911
11905292	4456662
11905292	13445651
11905293	4456662
11905294	5116528
11905295	13678637
11905296	6943910
11905296	12017246
11905297	6943909
11905297	13037785
11905298	6943908
11905298	11957309
11905299	9025373
11905300	6943907
11905300	13068054
11905301	10664310
11905302	6596222
11905303	6389629
11905304	8078621
11905304	8272913
11905304	10791681
11905304	10791682
11905304	11929317
11905304	11929318
11905305	6198630
11905306	13103590
11905307	6198629
11905307	6198774
11905310	6198622
11905310	11905371
11905310	11905529
11905310	11933087
11905311	10351156
11905312	2616733
11905312	11161206
11905313	1094749
11905314	9705213
11905315	4015588
11905315	9827999
11905315	9828002
11905316	2470566
11905316	5815343
11905316	5815344
11905316	11929314
11905316	11929315
11905317	2593698
11905318	1164227
11905318	2593696
11905320	7759358
11905321	314837
11905322	7909142
11905322	11905329
11905322	11905556
11905322	11933084
11905322	12522356
11905323	9666194
11905324	11748433
11905325	3457181
11905325	4558596
11905325	5850670
11905325	7106901
11905325	7106902
11905325	9935079
11905326	3727978
11905326	13827089
11905327	7909104
11905327	11905344
11905327	11905554
11905327	11905555
11905328	6396158
11905328	7908961
11905328	13235087
11905328	13235094
11905328	13235095
11905329	7909142
11905329	11905322
11905329	11905556
11905329	11933084
11905329	12522356
11905329	12523038
11905330	6222461
11905331	7908776
11905331	13317554
11905332	7200249
11905332	9960739
11905332	10245727
11905332	11125834
11905332	11125842
11905332	11929313
11905333	5687599
11905334	11748434
11905335	5687598
11905335	12444006
11905336	901859
11905336	5687597
11905337	6257399
11905338	11748478
11905340	5687592
11905341	11840519
11905341	12823986
11905342	6257399
11905343	2580923
11905343	2580952
11905343	2580973
11905343	6571355
11905343	6571356
11905343	6571357
11905343	6571435
11905343	6571437
11905343	7694889
11905343	10910331
11905343	10910332
11905344	7909104
11905344	8837542
11905344	8837647
11905344	11905327
11905344	11905554
11905344	11905555
11905345	11840506
11905345	13102116
11905346	11748607
11905348	1164470
11905348	1203856
11905348	1786604
11905348	5005261
11905348	6642161
11905348	11929299
11905349	11907252
11905349	11907254
11905349	13253288
11905349	13253289
11905350	8040938
11905351	7235977
11905351	7235978
11905351	7235997
11905351	7235998
11905351	11929294
11905352	11748614
11905353	8560174
11905354	3819998
11905355	10620152
11905356	11748638
11905357	6665005
11905357	11929289
11905357	11929291
11905358	11748655
11905359	11748655
11905360	6354809
11905361	9999876
11905361	10000171
11905361	11929287
11905361	11929288
11905362	11748723
11905363	3154683
11905363	6568119
11905363	6807082
11905363	6807083
11905363	11929292
11905363	11929293
11905364	11745614
11905364	11748224
11905364	11929296
11905364	11929297
11905365	11748731
11905366	5738715
11905366	5740327
11905366	5740328
11905366	11929303
11905366	11929307
11905367	5705646
11905367	6912346
11905367	11929283
11905368	11749195
11905369	5705646
11905369	6912346
11905369	8002398
11905369	11929283
11905370	11749226
11905371	1822531
11905371	1822572
11905371	6198622
11905371	11905310
11905371	11905529
11905371	11933087
11905372	11749253
11905373	11750798
11905374	11750829
11905375	11750856
11905376	11750865
11905377	11750976
11905378	11751113
11905379	11751155
11905380	11751158
11905381	11751166
11905382	11751238
11905383	11751256
11905384	11748450
11905385	11748471
11905386	11748476
11905387	11905388
11905388	11905387
11905389	11748477
11905390	11748501
11905393	11748517
11905394	11748532
11905395	11748583
11905396	11748605
11905397	11748627
11905398	11748627
11905399	11905401
11905400	11748637
11905401	11905399
11905401	12567701
11905402	11748642
11905403	11748654
11905405	11748671
11905406	6853436
11905407	13245355
11905408	11748696
11905409	3917829
11905410	6500880
11905410	11308127
11905410	11308132
11905410	11308144
11905410	11308156
11905410	11321289
11905410	11321291
11905412	11748697
11905413	10250430
11905414	1617089
11905414	1617362
11905414	1617848
11905414	3127143
11905415	11748703
11905416	12590877
11905417	1553343
11905418	11748706
11905419	2243246
11905419	6645376
11905419	6683654
11905419	8205377
11905420	11748750
11905421	8355411
11905423	11905428
11905423	12703060
11905423	13009254
11905424	11748765
11905425	11748803
11905426	5157085
11905427	11748809
11905428	11905423
11905429	5157085
11905430	11748865
11905431	11911553
11905431	11911554
11905431	11911562
11905432	11749353
11905434	11749379
11905435	2255687
11905435	2255688
11905435	3692114
11905435	3692133
11905435	7701359
11905436	11905445
11905436	12316743
11905436	12700455
11905437	7489911
11905437	7491701
11905437	8083638
11905437	10492572
11905437	11494911
11905438	11749383
11905439	11904018
11905440	11750781
11905441	11903990
11905442	11750802
11905443	902848
11905443	903102
11905443	1082637
11905443	1082649
11905443	1082665
11905443	1598533
11905443	5233079
11905443	11903979
11905443	11903980
11905443	11904011
11905443	13306903
11905444	11750818
11905445	11905436
11905446	11750827
11905447	11750828
11905448	11905455
11905448	11909614
11905449	5402369
11905450	11750893
11905451	11905452
11905451	11909595
11905452	11905451
11905453	11750916
11905455	413136
11905455	11905448
11905455	11912504
11905456	11750935
11905457	11864598
11905457	11884552
11905458	11750980
11905459	11751040
11905460	11751091
11905461	11751157
11905462	11751174
11905463	11751207
11905464	11751209
11905465	11849214
11905466	11748400
11905468	4720549
11905469	11840504
11905470	7216474
11905470	13089923
11905471	11793894
11905471	11905488
11905471	11905490
11905472	11792523
11905472	11905485
11905473	11792522
11905474	11792514
11905475	11792382
11905475	11905483
11905475	11905543
11905475	13584141
11905476	12488212
11905477	1962829
11905478	1934017
11905478	11759290
11905479	11759291
11905480	11759289
11905480	11905495
11905481	11756317
11905482	11756311
11905482	11905494
11905483	11905475
11905483	11905543
11905483	11905615
11905483	12720434
11905484	11754322
11905485	11905472
11905486	11754283
11905486	11905493
11905487	11754278
11905488	11905471
11905489	11735781
11905490	11905471
11905491	11733244
11905491	12008927
11905492	11733167
11905493	11905486
11905494	11905482
11905494	12265597
11905495	11905480
11905496	5795098
11905496	5795105
11905497	5768801
11905497	5768802
11905497	5768803
11905498	11733160
11905499	5768800
11905499	12034870
11905500	10356662
11905500	12503040
11905501	10356659
11905501	12123296
11905502	11717186
11905503	10356617
11905503	12749097
11905503	12990582
11905504	3704890
11905504	11224896
11905504	11905539
11905505	11717181
11905506	10356613
11905506	12774295
11905507	3704890
11905507	11905539
11905508	10356606
11905509	11717177
11905510	10362273
11905510	13204018
11905511	2267186
11905511	2340192
11905512	10362270
11905512	12657231
11905513	10362269
11905513	11942328
11905514	11705213
11905515	10362263
11905516	10362260
11905517	11703018
11905517	12835127
11905517	12835128
11905517	12835133
11905518	2267186
11905518	2267187
11905518	2340192
11905519	11703008
11905520	2267187
11905520	11905539
11905521	4765391
11905522	11703011
11905523	4765383
11905523	12258731
11905524	4765368
11905525	2267186
11905525	2299698
11905525	2340192
11905525	5093737
11905526	4372179
11905527	4076774
11905527	4087549
11905527	5090096
11905527	6292293
11905527	6292294
11905527	8619025
11905528	11700017
11905528	11905533
11905529	1822531
11905529	1822572
11905529	6198622
11905529	11905310
11905529	11905371
11905529	11933087
11905530	11907251
11905531	6292289
11905532	6292260
11905533	11905528
11905535	6292258
11905535	12043300
11905536	6886913
11905536	6886916
11905536	12291485
11905538	6886910
11905539	2267187
11905539	3704890
11905539	11224896
11905539	11905504
11905539	11905507
11905539	11905520
11905540	6886907
11905540	12046730
11905541	6886906
11905542	5687679
11905542	13026541
11905543	11905475
11905543	11905483
11905544	5687673
11905544	12072143
11905545	5687673
11905545	12402654
11905546	5687672
11905547	6759528
11905548	6759498
11905549	4083137
11905549	6759486
11905550	6759481
11905550	12353174
11905551	6759473
11905552	11700001
11905553	6759472
11905553	10091454
11905554	7909104
11905554	8837542
11905554	8837647
11905554	11905327
11905554	11905344
11905554	11905555
11905554	12492446
11905554	12740630
11905555	7909104
11905555	8837647
11905555	11905327
11905555	11905344
11905555	11905554
11905556	7909142
11905556	8177261
11905556	11905322
11905556	11905329
11905556	11933084
11905556	12522352
11905556	12522354
11905556	12522356
11905556	12522360
11905556	12522363
11905556	12523038
11905557	6792985
11905557	11905214
11905558	11890090
11905558	11905181
11905558	11905194
11905558	11905196
11905559	11684892
11905560	11890090
11905560	11905181
11905560	11905193
11905560	11905195
11905560	11905279
11905561	11684889
11905562	11684886
11905563	1493430
11905563	1493431
11905563	1493439
11905563	1539326
11905563	2256050
11905563	10142477
11905564	11907249
11905564	11907250
11905565	11905570
11905565	11909454
11905566	11684879
11905566	11905718
11905567	11864175
11905567	13178677
11905567	13774456
11905568	11864175
11905569	11864175
11905570	11905565
11905571	11684870
11905572	11864175
11905573	21731
11905574	9741043
11905575	11659774
11905576	5346164
11905576	5347247
11905576	11419060
11905577	11358900
11905578	13668460
11905579	2546303
11905579	2713577
11905579	5099907
11905579	5099976
11905581	11358900
11905581	11911346
11905581	11911347
11905582	6664286
11905583	10659714
11905584	3150798
11905586	2272141
11905586	11909450
11905587	2272142
11905587	11909446
11905587	11909449
11905588	651102
11905588	651289
11905588	1683726
11905589	11909442
11905589	11909443
11905589	12490543
11905590	11040347
11905590	12307413
11905591	506536
11905591	559148
11905592	30054
11905592	5104717
11905593	30124
11905593	13121208
11905593	13121209
11905594	2163189
11905594	2163637
11905595	30399
11905596	30399
11905597	35175
11905597	13137697
11905598	35175
11905598	3453808
11905598	13131210
11905599	40051
11905600	40632
11905600	13105359
11905600	13194126
11905600	13194127
11905602	277720
11905602	13105358
11905602	13131201
11905602	13194123
11905602	13194124
11905603	281018
11905604	282197
11905604	13184971
11905605	1493435
11905607	11909431
11905607	11909433
11905608	11590824
11905609	11117617
11905609	11690415
11905611	11909132
11905611	11909403
11905612	11909127
11905612	11909128
11905613	11570005
11905613	11905622
11905614	8477663
11905614	11909123
11905615	11905483
11905616	2925418
11905616	2925420
11905616	2925423
11905616	2926760
11905616	3877414
11905616	12128669
11905617	1283273
11905619	11451419
11905620	9594693
11905620	11551729
11905621	11786161
11905622	11905613
11905623	6652505
11905624	10697983
11905625	10234995
11905626	12585140
11905627	9819200
11905628	651102
11905629	1094367
11905630	11551728
11905631	3182753
11905631	6030509
11905632	920284
11905633	11550067
11905634	11550066
11905635	6129173
11905637	6129173
11905638	6247363
11905639	6247363
11905640	13814836
11905640	13814838
11905641	11757312
11905641	12006207
11905642	11550056
11905643	6342682
11905644	8571383
11905645	388834
11905646	11550063
11905649	11540730
11905649	11905663
11905651	11540729
11905651	13535903
11905655	11540719
11905657	311494
11905658	11191503
11905658	11192024
11905658	11905672
11905659	11906091
11905660	5505969
11905662	13776552
11905663	11905649
11905664	311496
11905666	13157640
11905669	11305351
11905669	11527713
11905669	11905674
11905671	11527713
11905671	11905676
11905672	11905658
11905674	11905669
11905676	11905671
11905677	11905720
11905677	11905721
11905677	11909219
11905677	12864172
11905677	12864176
11905679	13101459
11905682	13102969
11905685	11906187
11905689	11905693
11905691	11192024
11905692	11906185
11905692	12014353
11905693	11905689
11905694	13614533
11905698	11986263
11905700	11525206
11905700	11905747
11905700	12051318
11905704	8640844
11905704	8640846
11905704	11387089
11905704	13430523
11905705	11906130
11905706	62161
11905706	514872
11905706	1567829
11905707	7064506
11905709	7064195
11905710	11903494
11905711	7064194
11905712	11905714
11905712	11905715
11905712	11905716
11905712	13225768
11905712	13358923
11905713	4641534
11905713	7064214
11905714	11905712
11905714	13225768
11905714	13562526
11905715	11905712
11905715	13225768
11905716	11905712
11905717	7064214
11905717	11905719
11905718	11905566
11905719	11905717
11905720	11905677
11905720	11905721
11905720	11909219
11905720	12864172
11905720	12864176
11905721	11905677
11905721	11905720
11905721	11909219
11905721	12864172
11905721	12864176
11905722	11258142
11905722	11956407
11905723	9098421
11905724	8107467
11905724	8107468
11905724	11907248
11905724	12333305
11905724	13253285
11905724	13253286
11905725	4494109
11905725	6396046
11905726	11156294
11905727	11156294
11905728	11156294
11905730	48610
11905731	48012
11905732	305112
11905732	1578661
11905733	10706187
11905733	11909377
11905734	43951
11905735	12570698
11905735	12570699
11905735	12570701
11905735	12570702
11905737	11136427
11905737	11905743
11905739	11905742
11905739	11909122
11905740	9831761
11905741	11136427
11905741	11905743
11905742	11905739
11905742	11905746
11905743	11905737
11905743	11905741
11905745	11843459
11905745	11905762
11905746	11905742
11905747	11905700
11905748	10508809
11905748	11436453
11905749	1907681
11905749	1907698
11905749	1908479
11905749	2139826
11905749	3390185
11905751	2489821
11905751	5017573
11905751	11386205
11905752	11904061
11905753	11904061
11905755	11904061
11905756	11904061
11905757	11333674
11905759	10258554
11905759	10258559
11905759	10259589
11905759	13642799
11905760	11333674
11905761	11904059
11905762	10853925
11905762	11905745
11905763	10853925
11905764	6349246
11905764	10853925
11905765	11904059
11905766	9225233
11905767	9225233
11905768	11904056
11905769	11904056
11905770	471079
11905770	559616
11905770	563353
11905770	3288474
11905771	11904056
11905772	11904056
11905773	8068846
11905774	8068846
11905774	10336240
11905775	8068846
11905776	3786917
11905776	11903961
11905777	6883448
11905777	12298189
11905778	11820755
11905779	6883446
11905780	6883443
11905780	12046780
11905781	6883438
11905782	6883436
11905783	6882713
11905783	6883435
11905783	13068935
11905784	11357850
11905784	12309455
11905785	11352598
11905786	11352576
11905786	11957360
11905787	11352493
11905787	12582393
11905787	13721353
11905788	11352484
11905788	13596886
11905789	11352459
11905789	12173764
11905789	12174693
11905790	666686
11905791	139619
11905792	5850300
11905792	11903954
11905792	11903955
11905792	11931083
11905793	5850300
11905793	11903954
11905793	11903955
11905793	11931083
11905794	133662
11905795	11907247
11905796	134773
11905797	11820755
11905798	5428623
11905798	8705166
11905799	338220
11905799	342018
11905799	1132731
11905799	1880024
11905799	3517080
11905800	8705163
11905801	11903939
11905801	12212734
11905802	8705161
11905803	8705157
11905803	12024757
11905804	11903922
11905804	12414080
11905805	8705154
11905805	13032942
11905806	11905810
11905807	11129799
11905807	12682641
11905808	9115043
11905809	8995015
11905809	12001210
11905810	11905806
11905811	8994964
11905811	13321208
11905812	8994560
11905812	12716003
11905813	10222490
11905814	10222452
11905815	10222424
11905815	12198779
11905815	12198780
11905815	12198781
11905815	12198783
11905815	12198785
11905815	13503219
11905816	11294888
11905817	10222407
11905817	13010696
11905818	10222392
11905819	11905824
11905820	6773459
11905820	11900785
11905820	11905923
11905821	10082828
11905821	12181213
11905822	11294888
11905823	2972627
11905823	4331488
11905823	10082823
11905823	12043268
11905823	13782596
11905824	11905819
11905824	12404553
11905824	12404554
11905825	4976149
11905826	11900782
11905826	11931078
11905826	11931080
11905826	11931081
11905827	11097336
11905828	11900782
11905828	11905921
11905828	11931078
11905828	11931079
11905829	4976149
11905830	11905831
11905830	11905834
11905831	5197463
11905831	11905830
11905831	12404617
11905832	11900779
11905833	8576524
11905834	11905830
11905835	4976150
11905836	8576524
11905837	11907246
11905837	13176354
11905837	13365911
11905837	13365913
11905838	11900776
11905839	11900776
11905840	11900776
11905840	11905920
11905841	11900776
11905843	11900775
11905844	11608404
11905845	11905847
11905846	11900772
11905846	13759784
11905846	13812341
11905847	11905845
11905847	12404555
11905848	11608404
11905850	11905851
11905850	11905852
11905851	11905850
11905851	11905914
11905852	11905850
11905852	11905915
11905853	11900219
11905853	11900220
11905853	11900221
11905854	11905855
11905854	11905857
11905854	11905858
11905854	11905859
11905855	11905854
11905855	11905910
11905856	5661225
11905857	11905854
11905857	11905912
11905857	12841005
11905858	11905854
11905858	11905910
11905859	11905854
11905859	11905912
11905860	11900219
11905860	11900220
11905861	8734101
11905861	8734102
11905861	8734103
11905861	8734104
11905861	8734118
11905861	8734166
11905861	8734167
11905861	8734168
11905861	8734169
11905861	8734170
11905861	8734171
11905861	8734172
11905861	8734173
11905861	8734707
11905861	8744898
11905861	10095464
11905861	10095466
11905861	10095495
11905861	10095496
11905861	11906118
11905861	11906869
11905861	13099580
11905861	13099601
11905861	13118703
11905862	5661225
11905863	11900219
11905864	3529564
11905865	5557953
11905866	11900218
11905866	12207284
11905867	11900218
11905868	7589557
11905868	13070063
11905869	7589556
11905869	12046758
11905870	7586616
11905870	13764460
11905871	6603855
11905871	6603989
11905871	6716021
11905871	7586394
11905871	7587950
11905871	8431707
11905871	12909598
11905872	7586391
11905872	13489391
11905873	7586389
11905873	12255338
11905874	333156
11905874	2265983
11905874	7579945
11905874	12051474
11905875	4262896
11905876	1223678
11905877	4262718
11905878	4240826
11905879	4222220
11905880	4222214
11905880	11053789
11905880	11053790
11905881	1577184
11905882	4222209
11905883	4221736
11905884	11905889
11905885	8179239
11905886	8179234
11905887	8179220
11905887	12039411
11905888	8179217
11905888	12275421
11905889	11905884
11905890	6867178
11905890	12159596
11905891	6867177
11905891	13040711
11905892	7815984
11905893	7815977
11905894	7815972
11905894	12017158
11905895	7815970
11905896	335204
11905896	958060
11905897	7815477
11905898	7815476
11905898	11978162
11905899	9767559
11905901	9767558
11905901	9767559
11905902	11904279
11905903	8580519
11905903	13279440
11905904	10071636
11905905	8157936
11905905	12441974
11905906	8157904
11905906	12714826
11905906	12885081
11905907	8157867
11905907	13195123
11905908	8157862
11905908	12120149
11905909	9258027
11905909	10635898
11905910	11905855
11905910	11905858
11905911	8157861
11905911	13293351
11905912	11905857
11905912	11905859
11905913	8157860
11905913	12030884
11905914	11905851
11905915	11905852
11905916	455292
11905917	10003091
11905918	684216
11905919	11516131
11905919	11905940
11905919	11905947
11905920	11905840
11905921	11905828
11905922	6587522
11905922	6587896
11905922	12043231
11905923	11905820
11905924	4445373
11905925	4445372
11905925	12505846
11905926	4445371
11905927	12159
11905928	12008
11905929	12011
11905930	5313918
11905930	13091496
11905931	2780514
11905931	5313913
11905932	5313905
11905933	5313901
11905934	5313898
11905934	12424538
11905935	5313892
11905935	13262454
11905936	5313874
11905937	11905942
11905938	11905948
11905939	3938839
11905939	11433560
11905940	11905919
11905941	11433556
11905941	12284939
11905942	11905937
11905943	11433554
11905943	13130493
11905944	11433552
11905944	11978184
11905945	10048904
11905946	11433549
11905946	12994244
11905947	11905919
11905948	11905938
11905948	11905993
11905950	11433546
11905950	13611394
11905950	13612914
11905951	9531723
11905951	12096377
11905951	12096378
11905951	12096379
11905952	9525759
11905952	13805859
11905954	9525859
11905954	13048348
11905955	9525752
11905955	12735851
11905956	9525726
11905956	12989267
11905957	6483013
11905958	9525721
11905958	9525799
11905958	13765652
11905959	9525610
11905959	13171275
11905959	13172116
11905960	9525490
11905961	10492405
11905962	10269734
11905962	12384404
11905963	11905974
11905963	11905975
11905963	11905987
11905963	11905989
11905963	11907242
11905963	11907244
11905963	11907256
11905963	11908123
11905963	11908124
11905964	11905116
11905965	10269729
11905966	2061241
11905966	11905970
11905967	10269722
11905968	10269711
11905969	10269673
11905969	13588994
11905970	2794157
11905970	8578687
11905970	11905966
11905971	10269668
11905971	12043685
11905972	7676629
11905972	7676631
11905972	12597657
11905973	9153590
11905974	11905963
11905974	11905987
11905974	11908123
11905975	11905963
11905976	7676623
11905976	12037975
11905976	12037976
11905977	7676622
11905977	12037975
11905978	7676621
11905978	12121659
11905979	8180228
11905980	7676620
11905981	7675737
11905981	12961241
11905981	12961243
11905982	11794821
11905982	11905986
11905983	8663199
11905984	10743982
11905985	11904298
11905986	11905982
11905987	11905963
11905987	11905974
11905987	11908123
11905987	11908124
11905989	11905963
11905989	11908123
11905989	11908124
11905990	10784665
11905991	1305706
11905991	1306348
11905991	11179252
11905992	10784665
11905993	11905948
11905994	2152611
11905996	11906002
11905997	7787687
11905998	7787686
11905999	2984534
11905999	8439442
11906000	1520370
11906001	1520369
11906002	11905996
11906003	11906004
11906004	11906003
11906005	6952958
11906005	12011242
11906005	12011264
11906006	6952957
11906007	6952955
11906008	11193379
11906008	11193386
11906009	6952952
11906010	6952951
11906011	11906013
11906012	6952950
11906013	11906011
11906014	6952949
11906014	12037977
11906015	9635647
11906016	9635637
11906016	9635639
11906016	9635642
11906016	9635643
11906018	427368
11906018	990323
11906018	2018181
11906019	556229
11906019	9635605
11906020	9635585
11906020	9635586
11906020	13279342
11906021	4780713
11906021	5519601
11906022	4780709
11906022	12828935
11906023	4780704
11906024	4780700
11906025	4780687
11906026	4780683
11906026	5376626
11906027	4780646
11906027	5700657
11906028	5859763
11906028	13139445
11906029	5859281
11906029	13643393
11906030	5859257
11906031	5859167
11906032	5859166
11906032	5944780
11906033	5859158
11906034	5859128
11906035	5859110
11906035	11957443
11906036	11906037
11906037	11906036
11906038	4086623
11906040	4086623
11906041	4086623
11906042	4086623
11906043	329264
11906044	272848
11906045	2811305
11906045	12383783
11906046	740214
11906046	740215
11906046	740897
11906046	741690
11906046	747589
11906046	2348730
11906046	3507540
11906046	13797879
11906046	13798576
11906047	9825708
11906048	3797781
11906049	12959782
11906049	12959783
11906049	12959784
11906049	12959785
11906050	11083436
11906051	424134
11906052	11083436
11906054	11083436
11906054	12393453
11906055	424134
11906057	11907240
11906057	11907241
11906058	11906062
11906059	2748498
11906060	9384537
11906061	4758787
11906062	11906058
11906063	11079128
11906064	11562466
11906064	11909374
11906066	11079128
11906067	11906113
11906067	12997184
11906068	8403217
11906068	11909373
11906070	3219135
11906071	11907238
11906071	11907239
11906071	12454033
11906072	11906096
11906073	11906074
11906074	11906073
11906076	9559246
11906079	13589708
11906080	2892841
11906080	4563092
11906080	11906084
11906081	6194903
11906082	328930
11906082	773937
11906082	11906086
11906082	11906094
11906082	13630429
11906083	328930
11906083	773937
11906083	11906099
11906084	11906080
11906085	8893763
11906086	11906082
11906087	11906090
11906088	773937
11906088	1350618
11906088	11906104
11906089	773937
11906089	1350618
11906090	11906087
11906091	11905659
11906092	4077004
11906092	4078320
11906092	10024598
11906093	11906097
11906094	11906082
11906095	11906098
11906095	11906145
11906095	11949984
11906096	11906072
11906096	11906128
11906097	11906093
11906097	12284529
11906097	12284593
11906098	11906095
11906098	11906145
11906098	11949984
11906099	11906083
11906100	7124661
11906100	9922000
11906101	11906102
11906102	11906101
11906103	11906107
11906104	11906088
11906105	11906106
11906106	11906105
11906107	11906103
11906108	10224123
11906108	12717637
11906109	4441520
11906110	10224119
11906111	10224116
11906111	12625308
11906112	10224113
11906113	11906067
11906114	10224111
11906114	12918027
11906115	530434
11906115	10224107
11906116	10224106
11906116	13195134
11906117	10224104
11906117	12026718
11906118	8734101
11906118	8734102
11906118	8734103
11906118	8734104
11906118	8734118
11906118	8734166
11906118	8734167
11906118	8734168
11906118	8734169
11906118	8734170
11906118	8734171
11906118	8734172
11906118	8734173
11906118	8734707
11906118	8744898
11906118	10095464
11906118	10095466
11906118	10095495
11906118	10095496
11906118	10095497
11906118	11905861
11906118	11906869
11906118	13099580
11906118	13099601
11906118	13118703
11906119	6035310
11906120	6032507
11906121	3013786
11906121	6017224
11906122	6017218
11906123	11906126
11906124	5209807
11906124	6017207
11906125	6017201
11906126	11906123
11906127	10142741
11906127	10142742
11906128	11906096
11906129	10142738
11906129	10142739
11906129	11994748
11906130	11905705
11906131	10142731
11906131	10142732
11906131	12716040
11906132	3292684
11906133	10142708
11906134	10142707
11906136	694160
11906136	11932485
11906137	127495
11906138	3292684
11906139	127538
11906140	127802
11906140	6562712
11906141	11904902
11906142	12934
11906143	3292684
11906144	127397
11906144	510460
11906144	885307
11906145	11906095
11906145	11906098
11906146	129772
11906147	3671563
11906148	3671547
11906149	461912
11906150	461911
11906151	5903793
11906151	11177257
11906152	11906157
11906153	461903
11906154	461902
11906155	461901
11906156	461898
11906156	3216045
11906157	11906152
11906158	8786046
11906158	12287484
11906159	8786044
11906159	12087305
11906160	8786043
11906160	13646505
11906161	8786041
11906161	11999357
11906161	12198797
11906162	8786025
11906163	8786024
11906164	8786022
11906164	12595207
11906165	8786021
11906165	13717766
11906166	3292684
11906167	4360389
11906167	10890889
11906168	4360392
11906169	4360387
11906170	4360386
11906170	11964664
11906171	4360383
11906172	1444274
11906172	4360380
11906173	4360377
11906173	12246117
11906173	12246119
11906175	4360372
11906176	6111612
11906176	12918567
11906177	6111610
11906178	6111587
11906178	6111588
11906178	13259945
11906179	6111586
11906180	6111583
11906181	11906182
11906182	11906181
11906183	9044222
11906184	9044222
11906185	11905692
11906186	3678182
11906187	11905685
11906190	992807
11906191	992807
11906192	5297139
11906193	6888325
11906193	12721861
11906193	13158264
11906194	6888321
11906194	13602011
11906195	6888317
11906195	13294250
11906196	5297138
11906197	6888315
11906198	6888313
11906199	6888308
11906200	6888305
11906200	12703650
11906201	5297138
11906202	6888304
11906204	6888302
11906204	12350435
11906205	9941366
11906205	13718881
11906206	9941363
11906207	6880665
11906208	9941362
11906209	9941361
11906210	2549013
11906212	2640658
11906212	2752121
11906212	9941359
11906212	12711123
11906213	9941356
11906213	12264655
11906214	9941355
11906214	12976944
11906215	9941354
11906215	12267484
11906215	12267523
11906216	11906220
11906217	7969297
11906218	3172212
11906218	6251568
11906218	7500195
11906218	12769758
11906219	7500193
11906219	13257252
11906219	13257402
11906220	11906216
11906221	7500192
11906222	7489994
11906222	12712679
11906223	7489993
11906223	12159576
11906224	7489992
11906225	7489991
11906225	13604375
11906226	3622942
11906227	7489990
11906227	11978956
11906228	7489989
11906229	7969295
11906230	2448372
11906230	4591587
11906231	4591562
11906232	4591560
11906234	4591507
11906235	4591436
11906236	4591434
11906237	4591345
11906238	6902596
11906239	11906241
11906240	2448371
11906241	11906239
11906242	11907237
11906242	11967734
11906243	11906244
11906244	11906243
11906245	13362996
11906245	13502300
11906246	4620497
11906249	11907235
11906249	11907236
11906251	13099266
11906252	11907234
11906253	12363720
11906253	12403327
11906254	11906255
11906255	11906254
11906256	11906257
11906257	11906256
11906258	9685953
11906259	9685953
11906260	4005885
11906261	4005885
11906262	3856722
11906263	11325471
11906264	2846071
11906265	2846071
11906266	2846071
11906267	11325471
11906268	11906273
11906268	11906313
11906268	11906314
11906268	11906321
11906268	11906330
11906268	11906339
11906268	11906345
11906268	12755252
11906268	12755389
11906269	2727754
11906270	2727754
11906271	2727754
11906272	11325471
11906273	11906268
11906273	11906313
11906273	11906314
11906273	11906321
11906273	11906330
11906273	11906339
11906273	11906345
11906273	12755389
11906274	11325471
11906275	4182784
11906276	11325471
11906277	4428591
11906278	4547604
11906279	11907233
11906280	4547604
11906281	11325471
11906282	4547605
11906283	4547634
11906283	13840604
11906284	4599272
11906285	4599283
11906286	4599304
11906286	4599308
11906287	1254868
11906288	1266575
11906289	9197263
11906289	11906297
11906289	11906310
11906290	1274417
11906291	11906293
11906292	12510135
11906292	12510140
11906293	11906291
11906294	1307947
11906295	1313870
11906296	1496531
11906297	11906289
11906298	1369718
11906298	13831262
11906299	2082278
11906300	2443566
11906301	11907232
11906302	2489083
11906303	3888770
11906304	3986962
11906305	3986963
11906306	4155506
11906307	4758990
11906308	5069103
11906309	6290356
11906310	11906289
11906311	11643346
11906311	11909383
11906311	11909384
11906312	1048780
11906313	11906268
11906313	11906273
11906313	11906314
11906313	11906321
11906313	11906330
11906313	11906339
11906313	11906345
11906313	12755259
11906313	12755389
11906314	11906268
11906314	11906273
11906314	11906313
11906314	11906321
11906314	11906330
11906314	11906339
11906314	11906345
11906314	12755389
11906315	6290356
11906316	6290356
11906317	4758990
11906320	10549729
11906321	11906268
11906321	11906273
11906321	11906313
11906321	11906314
11906321	11906330
11906321	11906339
11906321	11906345
11906321	12755389
11906322	10073939
11906322	10074193
11906322	10075024
11906322	10097383
11906323	9088153
11906323	11909385
11906323	11909387
11906324	6850870
11906324	10074537
11906324	10074540
11906324	10075031
11906325	6850870
11906325	10074537
11906325	10074540
11906325	10075032
11906326	10074792
11906326	10074797
11906327	10074792
11906327	10074797
11906328	3318978
11906328	10074785
11906329	3318978
11906329	10074784
11906330	11906268
11906330	11906273
11906330	11906313
11906330	11906314
11906330	11906321
11906330	11906339
11906330	11906345
11906330	12755389
11906331	6261965
11906331	10074774
11906332	6261965
11906333	6935511
11906333	10074770
11906334	282351
11906335	9849663
11906335	10074768
11906335	10111611
11906336	11643350
11906337	10074757
11906337	11907732
11906338	3819895
11906338	10074737
11906338	11907713
11906338	11907715
11906339	11906268
11906339	11906273
11906339	11906313
11906339	11906314
11906339	11906321
11906339	11906330
11906339	11906345
11906339	12755389
11906340	11643350
11906341	3819895
11906341	11907713
11906341	11907715
11906342	1850019
11906342	9859714
11906343	11907231
11906344	8171918
11906344	11909378
11906345	11906268
11906345	11906273
11906345	11906313
11906345	11906314
11906345	11906321
11906345	11906330
11906345	11906339
11906345	12755389
11906346	8171918
11906346	11909378
11906347	8395644
11906348	11416173
11906348	11909367
11906349	8395644
11906350	11416173
11906350	11909367
11906351	9656737
11906352	11907230
11906353	475255
11906354	585544
11906355	1250748
11906356	3522786
11906357	9656737
11906358	3574466
11906359	3701398
11906360	8869317
11906361	4167742
11906362	9533463
11906363	4387318
11906364	4739873
11906365	4882475
11906366	9533463
11906367	403989
11906368	11907228
11906369	459579
11906372	461587
11906374	479405
11906378	502760
11906379	585542
11906380	698004
11906382	756705
11906382	13689332
11906382	13689333
11906383	878417
11906383	13023235
11906384	927542
11906385	928793
11906386	8294446
11906387	1051344
11906388	1051344
11906389	8294446
11906390	1058669
11906391	1086219
11906392	1097051
11906393	1097051
11906394	1108432
11906395	1115828
11906396	1166113
11906398	1219765
11906400	1233710
11906401	1255062
11906402	1255200
11906402	13828450
11906403	1256828
11906403	11906405
11906404	1256828
11906405	11906403
11906406	479405
11906407	7592823
11906407	10641980
11906408	1219765
11906408	13767917
11906408	13767918
11906409	11906410
11906410	11906409
11906411	459502
11906412	459502
11906413	928590
11906413	1080964
11906415	2082208
11906416	854526
11906417	1250701
11906418	9087805
11906418	11909365
11906419	1256866
11906420	1258840
11906421	1258840
11906422	9087805
11906422	12630230
11906423	1267341
11906424	1448996
11906425	13172769
11906426	2764790
11906427	11188293
11906428	11325394
11906428	11909361
11906429	11325394
11906429	12409586
11906431	6450747
11906432	11275340
11906432	11275341
11906432	11477122
11906433	11497697
11906434	11984933
11906435	2136
11906435	687554
11906435	687556
11906435	10808955
11906435	12303600
11906436	11906475
11906436	13253304
11906436	13253305
11906437	11444281
11906438	11270016
11906438	11909357
11906439	4922767
11906439	11270016
11906439	11909357
11906440	5069213
11906441	2498782
11906442	6735978
11906443	9589811
11906443	9589812
11906443	9593637
11906443	10899347
11906443	11789741
11906443	11903457
11906443	11903458
11906443	11906445
11906443	11906447
11906445	9589811
11906445	9589812
11906445	9593637
11906445	10899347
11906445	11789741
11906445	11903457
11906445	11903458
11906445	11906443
11906445	11906447
11906446	11413509
11906447	9589811
11906447	9589812
11906447	9593637
11906447	11789741
11906447	11903457
11906447	11903458
11906447	11906443
11906447	11906445
11906449	11903395
11906449	11903402
11906449	11906450
11906449	11906451
11906449	11906452
11906450	11903395
11906450	11903402
11906450	11906449
11906450	11906451
11906450	11906452
11906451	11903395
11906451	11903402
11906451	11906449
11906451	11906450
11906451	11906452
11906451	11980356
11906452	11903395
11906452	11903402
11906452	11906449
11906452	11906450
11906452	11906451
11906454	6670013
11906454	7514196
11906454	12569832
11906456	2916595
11906457	3382697
11906457	7173383
11906458	5050499
11906459	5767293
11906460	5767293
11906460	12290357
11906460	13467236
11906461	2436422
11906462	7289388
11906462	11909355
11906463	11906467
11906463	11906469
11906463	11906470
11906464	11906474
11906465	12000792
11906465	12000793
11906465	12000898
11906465	12000899
11906466	8108962
11906466	8108963
11906466	11909345
11906466	11909347
11906466	11909348
11906467	11906463
11906467	11909118
11906468	12594545
11906468	12594546
11906468	12594547
11906469	11906463
11906469	11909117
11906470	11906463
11906470	11909107
11906471	3022558
11906472	6013074
11906472	6013077
11906473	2264286
11906473	2649732
11906473	12290341
11906474	11906464
11906474	11909105
11906475	11906436
11906475	11909100
11906475	11909101
11906476	1957074
11906477	243259
11906477	10647511
11906478	3916099
11906478	11909091
11906478	11909094
11906479	11137995
11906479	11909083
11906480	7975201
11906481	11115218
11906482	7975201
11906483	7975201
11906484	9389544
11906485	9389544
11906486	9389544
11906487	10137222
11906487	12687024
11906488	9378145
11906489	11379796
11906490	11379796
11906491	10275255
11906492	11379792
11906492	11379796
11906492	13169186
11906492	13169187
11906493	1267341
11906493	13166747
11906494	9977422
11906495	1267341
11906496	8826055
11906496	12287363
11906497	6643077
11906497	6645737
11906497	12628835
11906497	12628836
11906497	12628837
11906497	12628838
11906497	12628839
11906497	12628840
11906497	12628841
11906497	12628843
11906497	12628844
11906497	12628845
11906497	12628846
11906497	12628848
11906497	12628850
11906497	12628851
11906497	12628852
11906497	12628853
11906497	12628854
11906497	12628855
11906497	12628856
11906497	13253284
11906498	10062041
11906499	3824823
11906499	10062041
11906499	12687090
11906500	2567466
11906501	8826055
11906502	869027
11906502	13162107
11906503	8826055
11906504	1252846
11906504	13821007
11906504	13821008
11906505	1252846
11906506	2567466
11906507	1255401
11906508	1261099
11906509	1869283
11906510	9201291
11906511	2002310
11906512	2002310
11906513	2024524
11906514	9201291
11906516	2082275
11906517	2117267
11906518	2117267
11906519	2137463
11906519	13166726
11906520	2572003
11906520	4194229
11906521	9542200
11906522	2961616
11906523	3366150
11906524	3366150
11906525	3596030
11906526	9941234
11906527	3596030
11906528	3868523
11906529	9941234
11906530	3868524
11906531	3869914
11906532	4070762
11906533	4070762
11906534	4070763
11906535	4179173
11906536	4179173
11906537	4219090
11906538	4360613
11906539	4360613
11906540	4375391
11906541	4375391
11906542	4448496
11906543	4489114
11906544	4565170
11906545	4698806
11906545	13166743
11906546	4704652
11906547	4704652
11906548	9542200
11906549	4713173
11906550	4772570
11906551	11855917
11906552	4783717
11906552	13814688
11906552	13814689
11906553	4783722
11906555	4783725
11906556	4783727
11906557	4783738
11906558	9542200
11906559	3927220
11906559	12290340
11906560	4830110
11906561	9542200
11906562	4830110
11906563	5590240
11906564	11906749
11906565	1050989
11906567	3770157
11906568	8211649
11906569	4125949
11906570	4876437
11906571	4876437
11906572	10107576
11906572	12290359
11906573	5511956
11906574	11174623
11906575	5638577
11906576	7706204
11906576	13170562
11906577	954335
11906577	2111466
11906577	3087515
11906578	1684808
11906579	2472735
11906580	11866273
11906581	5489878
11906582	5489878
11906583	10729873
11906584	5574176
11906585	6121017
11906586	6970697
11906587	7146428
11906588	8239420
11906589	31246
11906590	4292518
11906591	8239420
11906593	4296592
11906593	11906613
11906594	8231571
11906595	11288781
11906596	6162365
11906597	10754312
11906599	8231571
11906600	11156264
11906601	11282597
11906602	10739699
11906603	11779683
11906605	10151911
11906605	12632208
11906605	13058077
11906606	8231571
11906607	6162365
11906608	9953874
11906609	8393468
11906609	13419823
11906610	11282597
11906611	3295188
11906612	10289310
11906612	12290337
11906613	11906593
11906615	4783722
11906616	4783722
11906617	2117267
11906617	13840577
11906618	6526459
11906618	6951470
11906619	8815036
11906619	8815037
11906619	12290342
11906619	13156883
11906620	8654283
11906620	11985527
11906620	13419822
11906621	11165986
11906623	3318863
11906624	2117267
11906625	3318863
11906627	4783722
11906628	8977768
11906628	11906634
11906628	12104491
11906628	12104492
11906628	12988570
11906628	13099717
11906628	13100153
11906629	5147554
11906629	5147569
11906629	5147682
11906630	4704652
11906631	5780364
11906631	5781690
11906631	7979102
11906631	8386768
11906632	5389433
11906632	5389606
11906632	5871053
11906632	6695842
11906632	7188976
11906632	7188977
11906632	8992645
11906633	8977768
11906633	11906634
11906633	12104491
11906633	12104492
11906633	12988570
11906633	13099717
11906633	13099718
11906634	8724096
11906634	8909369
11906634	8977768
11906634	8977775
11906634	11906628
11906634	11906633
11906634	11906648
11906634	11980355
11906634	12104491
11906634	12104492
11906634	12988570
11906634	13099717
11906634	13099718
11906637	8977768
11906637	12104491
11906637	12104492
11906637	12988570
11906637	13099717
11906637	13099718
11906637	13100153
11906638	5780364
11906638	5781690
11906638	7979102
11906639	8977768
11906639	12104491
11906639	12104492
11906639	12988570
11906639	13099717
11906639	13099718
11906640	5903063
11906640	5972676
11906640	6117425
11906640	13426876
11906641	8977768
11906641	11980355
11906641	12104491
11906641	12104492
11906641	12988570
11906641	13099717
11906641	13099718
11906642	11906745
11906643	8977768
11906643	12104491
11906643	12104492
11906643	12988570
11906643	13099717
11906645	12334832
11906645	12334833
11906645	12334834
11906648	8977768
11906648	11906634
11906648	12104491
11906648	12104492
11906648	12988570
11906648	13099717
11906648	13099718
11906651	10568042
11906652	8977768
11906652	12104491
11906652	12104492
11906652	12988570
11906652	13099717
11906652	13099718
11906653	8276127
11906654	8319774
11906655	8276125
11906656	8977768
11906656	12104491
11906656	12104492
11906656	12988570
11906656	13099717
11906656	13099718
11906657	10345104
11906658	241832
11906659	8319774
11906660	12661464
11906660	12661465
11906660	12661466
11906661	11070857
11906663	8319774
11906664	10228232
11906665	6200063
11906665	11906667
11906665	11906670
11906665	11912543
11906666	8320292
11906666	11906689
11906667	11906665
11906668	8319124
11906668	11906673
11906669	8319124
11906670	11906665
11906671	8319124
11906672	8319124
11906673	11906668
11906674	8319124
11906675	8319124
11906676	8777806
11906676	11906684
11906677	8777806
11906678	8320292
11906678	11661925
11906678	11906682
11906678	11906689
11906678	12486379
11906678	12499432
11906680	11165805
11906681	12306469
11906682	8320292
11906682	11906678
11906682	12499432
11906683	1266987
11906683	12306452
11906684	11906676
11906685	5552425
11906685	12306450
11906686	1759408
11906687	8878394
11906687	12555583
11906687	12555591
11906687	12555598
11906688	11497695
11906688	11906693
11906689	8320292
11906689	8320293
11906689	8320295
11906689	8894016
11906689	10520510
11906689	10520511
11906689	11661925
11906689	11661926
11906689	11906666
11906689	11906678
11906690	8790629
11906691	11906702
11906691	11909185
11906692	11906696
11906692	11906703
11906692	11907469
11906692	11907636
11906693	11906688
11906694	1241522
11906695	2171547
11906695	5138403
11906695	5138406
11906695	5138408
11906695	5138412
11906695	5165119
11906695	5166471
11906695	10040331
11906696	11906692
11906696	11907469
11906696	11907636
11906698	12598243
11906698	12598245
11906698	12598246
11906699	11473264
11906700	1624858
11906701	5927088
11906701	5927252
11906701	5969566
11906702	11906691
11906702	11909185
11906703	11906692
11906703	11907469
11906703	11907636
11906703	12730625
11906704	11903979
11906705	3791762
11906706	8096638
11906707	1334505
11906708	1269063
11906709	1309380
11906710	1814845
11906711	2080362
11906712	11906721
11906713	1815404
11906714	8646808
11906715	11373100
11906716	5218530
11906717	8301452
11906718	8301452
11906719	8301452
11906720	11421608
11906721	11906712
11906721	11906768
11906721	11906769
11906722	11421608
11906722	11906723
11906722	11909328
11906723	11906722
11906723	11909328
11906725	459288
11906725	509322
11906726	1257548
11906726	13017690
11906726	13017691
11906727	1257548
11906728	1440998
11906728	13827041
11906729	10108736
11906730	2017316
11906731	11906740
11906732	2021272
11906733	2021272
11906734	2123377
11906735	10600454
11906735	10600456
11906735	10600457
11906735	10600458
11906736	11906742
11906737	2404251
11906738	2404251
11906739	2439214
11906740	11906731
11906741	3890182
11906742	11906736
11906742	12306394
11906743	2021272
11906743	13693288
11906743	13774467
11906744	2021272
11906745	11906642
11906745	12306443
11906746	4443847
11906746	8257142
11906747	11219278
11906747	11906753
11906747	11909327
11906749	11906564
11906749	12305542
11906751	572277
11906751	631032
11906751	13323560
11906752	7632932
11906752	11909326
11906753	11906747
11906753	11909327
11906753	11909371
11906754	572277
11906754	631032
11906755	572277
11906755	631032
11906756	11890890
11906757	631032
11906758	572277
11906758	631032
11906759	11763424
11906760	572277
11906760	631032
11906760	13323560
11906761	631032
11906762	2578525
11906762	11472880
11906762	11909325
11906763	631032
11906764	631032
11906765	631032
11906766	631032
11906767	13176153
11906768	11906721
11906768	11906769
11906768	11906772
11906768	12305540
11906769	11906721
11906769	11906768
11906770	631032
11906772	11906768
11906773	8848523
11906774	4565170
11906775	8848523
11906776	1684808
11906777	2209153
11906777	11906778
11906777	11919734
11906777	12305523
