13500077	13499924
13500077	13500090
13500077	13501434
13500078	9390674
13500079	9919434
13500079	9920014
13500080	9832858
13500081	9390624
13500082	12267738
13500083	12267737
13500084	9126137
13500084	13500107
13500085	9126137
13500085	13500106
13500086	13500055
13500086	13500088
13500086	13501432
13500087	13508730
13500087	13508731
13500088	13500055
13500088	13500086
13500090	1173363
13500090	13499924
13500090	13500077
13500091	11298722
13500092	8928762
13500092	13500076
13500093	13499047
13500093	13499850
13500093	13499851
13500093	13499852
13500093	13499858
13500093	13500060
13500094	9314299
13500095	8928762
13500095	13500074
13500096	11118593
13500096	13500099
13500096	13500100
13500097	11118593
13500097	13500101
13500097	13500102
13500097	13500104
13500097	13500105
13500098	5494968
13500098	11213192
13500098	13500103
13500099	13500096
13500099	13501425
13500099	13501428
13500100	13500096
13500100	13501423
13500100	13501424
13500101	13500097
13500101	13501403
13500102	13500097
13500102	13501409
13500103	13500098
13500103	13501413
13500104	13500097
13500104	13501411
13500105	13500097
13500105	13501401
13500106	13500085
13500106	13501262
13500107	13500084
13500107	13501262
13500108	13497335
13500108	13501260
13500108	13501261
13500109	13500110
13500109	13500152
13500109	13500155
13500109	13500156
13500109	13500157
13500109	13500158
13500109	13500159
13500109	13500160
13500109	13500161
13500109	13500162
13500109	13500163
13500109	13500164
13500109	13500165
13500109	13500166
13500109	13500167
13500109	13500168
13500110	13500109
13500112	2635857
13500112	9972757
13500112	13501257
13500113	2635857
13500113	9972757
13500114	2635857
13500114	8637971
13500114	9972656
13500114	13501259
13500115	2635857
13500115	9972757
13500115	13501254
13500116	2635857
13500116	9972757
13500116	13501248
13500117	13497112
13500117	13501244
13500118	4242434
13500118	4242435
13500118	4244607
13500118	7920408
13500118	7920409
13500118	7977945
13500118	9976854
13500118	13501238
13500118	13501239
13500119	13497007
13500119	13501233
13500119	13501234
13500120	13497007
13500120	13501230
13500120	13501231
13500121	13496537
13500121	13501227
13500122	13496355
13500122	13501226
13500123	13496338
13500123	13501225
13500124	13496326
13500124	13501221
13500124	13501223
13500125	13496290
13500125	13501096
13500126	13496290
13500126	13501093
13500127	13495815
13500127	13501215
13500127	13501217
13500127	13501218
13500128	13495114
13500128	13501208
13500128	13501210
13500129	13495114
13500129	13501203
13500129	13501205
13500130	13495103
13500130	13501198
13500131	13495098
13500131	13501191
13500132	13495087
13500132	13501187
13500133	13495045
13500133	13501179
13500134	13494990
13500134	13501167
13500134	13501169
13500134	13501174
13500135	13494884
13500135	13501154
13500136	13495010
13500136	13501151
13500137	13494878
13500137	13501148
13500137	13501149
13500138	13494520
13500138	13501140
13500139	13494520
13500139	13501138
13500140	13494157
13500140	13501134
13500141	13495803
13500141	13501133
13500142	13497604
13500142	13501131
13500142	13716280
13500143	13496379
13500143	13501127
13500143	13501128
13500144	13496300
13500144	13501107
13500144	13501109
13500145	13501104
13500146	13501101
13500147	13496290
13500147	13501097
13500148	13496290
13500148	13501091
13500149	13501088
13500150	13501086
13500151	2848666
13500151	5092305
13500151	5104107
13500151	5361738
13500151	8107337
13500151	9988708
13500151	13501073
13500152	13500109
13500153	2848666
13500153	5092305
13500153	5104107
13500153	5361738
13500153	8107338
13500153	13501072
13500154	2848666
13500154	5092305
13500154	5104107
13500154	5361738
13500154	8107338
13500154	10015341
13500154	13501068
13500155	13500109
13500156	13500109
13500157	13500109
13500157	13500163
13500158	13500109
13500159	13500109
13500160	13500109
13500160	13500163
13500161	13500109
13500162	13500109
13500163	13500109
13500163	13500157
13500163	13500160
13500163	13500168
13500164	13500109
13500165	13500109
13500166	13500109
13500167	13500109
13500168	13500109
13500168	13500163
13500169	11513975
13500170	2264428
13500171	284023
13500171	284067
13500171	4609415
13500172	284023
13500172	284067
13500172	4609415
13500173	7126758
13500174	7126758
13500175	7126758
13500176	11505219
13500177	9309005
13500177	9309014
13500177	9314035
13500177	11723233
13500178	1929642
13500179	5746551
13500180	11803675
13500181	13188203
13500182	12916501
13500182	13500183
13500182	13500185
13500183	12916501
13500183	13500182
13500183	13501066
13500184	8398426
13500185	12916501
13500185	13500182
13500186	10020564
13500186	13261129
13500187	10359622
13500188	10359622
13500189	10359622
13500189	13501132
13500190	5950438
13500190	13501054
13500191	5950438
13500191	13501052
13500192	13500208
13500192	13500209
13500192	13500211
13500192	13500212
13500192	13500214
13500192	13500215
13500192	13500216
13500192	13500218
13500192	13500223
13500192	13500232
13500192	13500234
13500192	13500238
13500192	13500239
13500193	12287805
13500194	13344158
13500195	12512210
13500196	12364598
13500197	13415765
13500198	13228193
13500199	127883
13500199	13501042
13500199	13501049
13500200	11276796
13500200	13501037
13500201	11276796
13500201	13501034
13500202	2014845
13500202	13501028
13500203	2014393
13500203	13501031
13500204	2014393
13500204	13501029
13500205	2014845
13500205	13501026
13500206	9199411
13500206	9301688
13500206	12220784
13500207	13364594
13500208	13500192
13500209	13500192
13500210	13321120
13500211	13500192
13500212	13500192
13500213	12752488
13500214	13500192
13500215	13500192
13500216	13500192
13500217	12523408
13500218	13500192
13500219	12523408
13500220	13073442
13500221	13073442
13500222	12985875
13500223	13500192
13500224	4003276
13500225	6552530
13500226	2853435
13500227	12981254
13500228	913266
13500229	2825197
13500230	4245700
13500231	7973631
13500232	13500192
13500233	12267666
13500234	13500192
13500235	12267666
13500236	12267666
13500237	12267666
13500238	13500192
13500239	13500192
13500240	12657033
13500241	12263870
13500242	12245185
13500243	12245185
13500244	5536513
13500245	5536513
13500246	12444069
13500247	12444069
13500248	8049245
13500249	8049245
13500250	3878832
13500251	3878832
13500252	3793832
13500253	3793832
13500254	58157
13500255	5820468
13500256	5820468
13500257	6065579
13500258	6065579
13500259	3413086
13500260	12881663
13500261	12881663
13500262	5559451
13500263	5559451
13500264	4821991
13500265	4821991
13500266	7002792
13500267	7002792
13500268	5378136
13500268	12974098
13500268	13654871
13500269	10748272
13500270	13030312
13500271	13030303
13500272	9974129
13500273	13030285
13500274	12985754
13500275	988792
13500276	13242094
13500277	2138830
13500278	2138830
13500278	13654822
13500279	9049097
13500280	9049097
13500281	3992131
13500282	3981516
13500282	3992131
13500283	13045054
13500284	13045054
13500285	12819255
13500286	7415396
13500287	7415396
13500288	3067449
13500288	13647249
13500289	12832945
13500290	3067449
13500291	3716142
13500292	2529508
13500293	2529508
13500294	3550781
13500295	3550781
13500296	13062435
13500297	378278
13500297	436281
13500298	13465838
13500299	13465838
13500300	13465838
13500301	13465838
13500302	12467483
13500303	12467483
13500304	4637239
13500305	4637239
13500306	12216037
13500307	12216037
13500308	12216037
13500309	12216037
13500310	5622123
13500311	5622123
13500312	5143770
13500313	5143770
13500314	10976604
13500315	10976604
13500316	10185572
13500317	10185572
13500318	12660885
13500319	12660885
13500320	13037883
13500321	6886001
13500322	6886001
13500323	5127442
13500324	5127442
13500325	2468504
13500326	13019228
13500327	2468504
13500328	2579616
13500329	2579616
13500330	436435
13500331	5599074
13500331	10455694
13500332	11637636
13500333	10455694
13500334	7290652
13500335	447388
13500336	447388
13500337	11227686
13500338	11227686
13500339	561962
13500340	5593251
13500341	5593251
13500342	12960085
13500343	12184723
13500344	12184723
13500345	12960085
13500346	13247932
13500347	11685170
13500348	2576679
13500349	11685170
13500350	2576679
13500351	5655038
13500352	5655038
13500353	7610259
13500354	8042593
13500355	8042593
13500356	10054174
13500357	3030927
13500358	3030927
13500359	7286815
13500360	12621731
13500361	12621731
13500362	10585171
13500363	10585171
13500364	5925886
13500365	5925886
13500366	5617187
13500367	5617187
13500368	2302054
13500369	2302054
13500370	8584441
13500371	8584441
13500372	3183075
13500373	3183075
13500374	5591840
13500375	5591840
13500376	12060515
13500377	12060515
13500378	2478805
13500379	2478805
13500380	8875028
13500380	13640672
13500381	8875028
13500382	10631132
13500383	9697527
13500384	9697527
13500385	9003352
13500386	12788499
13500387	8999900
13500388	5838767
13500389	5838767
13500390	6344238
13500391	3852794
13500392	6344238
13500393	11127239
13500394	11127239
13500395	7873585
13500396	2645596
13500397	12507200
13500398	12655131
13500399	7213647
13500400	11934468
13500401	12467599
13500402	13500403
13500402	13522663
13500403	13500402
13500404	10973810
13500404	11556652
13500404	13499618
13500405	13499463
13500406	6259691
13500407	6259691
13500408	6259691
13500409	6259691
13500409	13501130
13500410	9726431
13500410	11674270
13500410	13500411
13500411	9726431
13500411	11674270
13500411	12258307
13500411	13500410
13500412	12869938
13500412	12869939
13500412	12869943
13500412	13498962
13500413	37861
13500414	13500416
13500414	13500420
13500414	13500467
13500414	13500837
13500414	13522662
13500415	2068510
13500415	13510335
13500416	13500414
13500416	13500420
13500416	13500467
13500417	13500418
13500417	13510336
13500418	13500417
13500419	13500421
13500419	13509499
13500419	13509501
13500420	13500414
13500420	13500416
13500420	13500467
13500421	13500419
13500422	2646814
13500422	2980964
13500422	13510337
13500423	5583999
13500423	5601150
13500424	3715077
13500424	3715172
13500424	13500433
13500425	4497519
13500425	4720937
13500425	4720939
13500425	4768542
13500426	7119106
13500426	13500507
13500427	5431238
13500427	13500512
13500428	5125038
13500429	5314694
13500430	12671894
13500430	13500520
13500431	3287265
13500432	5314694
13500433	3715077
13500433	13500424
13500434	2514819
13500434	4979848
13500434	13510331
13500434	13510332
13500435	13483100
13500436	13483100
13500437	2730385
13500437	10003827
13500438	552739
13500438	2753075
13500438	5141433
13500438	11823405
13500438	13500535
13500439	2730385
13500440	10003827
13500441	9332799
13500442	9332799
13500443	877558
13500443	11096684
13500443	11852740
13500443	13500444
13500444	13500443
13500445	3477433
13500446	3477433
13500447	3354394
13500448	3354394
13500449	13500450
13500450	13500449
13500451	13500452
13500452	13500451
13500453	13500454
13500454	13500453
13500455	13500456
13500456	13500455
13500457	13254907
13500458	4641292
13500459	13215725
13500459	13664742
13500459	13664746
13500460	4122588
13500461	13242166
13500462	12971095
13500463	13046841
13500464	4282344
13500465	12966429
13500466	5093063
13500466	5093297
13500466	5095744
13500466	5112679
13500466	5112680
13500466	5112681
13500467	13500414
13500467	13500416
13500467	13500420
13500468	2945062
13500469	13137834
13500470	13214670
13500471	13006113
13500472	13253424
13500473	912031
13500474	13500476
13500474	13500478
13500474	13522661
13500475	13255439
13500476	13500474
13500477	12979742
13500478	13500474
13500478	13500492
13500481	4677434
13500482	13195962
13500483	3296678
13500484	2801973
13500485	13208795
13500486	13500489
13500486	13500490
13500487	13148790
13500488	13254916
13500489	13500486
13500490	13500486
13500491	60995
13500491	858353
13500491	1106975
13500491	1269527
13500491	13500649
13500492	13500478
13500493	3312055
13500493	13500494
13500494	3312055
13500494	13500493
13500495	13500496
13500495	13509784
13500495	13691474
13500496	13500495
13500497	13267068
13500498	6348148
13500499	13500500
13500500	13500499
13500503	13500504
13500504	13500503
13500505	13500506
13500506	13500505
13500507	13500426
13500508	13500509
13500509	13500508
13500510	13500511
13500511	13500510
13500512	13500427
13500513	13500514
13500514	13500513
13500515	13500516
13500516	13500515
13500517	13500518
13500518	13500517
13500519	13522660
13500520	13500430
13500521	11311446
13500523	13500526
13500523	13500836
13500523	13522659
13500524	13500525
13500525	13500524
13500526	13500523
13500527	13500529
13500528	5927373
13500528	13512615
13500528	13512616
13500529	13500527
13500530	11187021
13500531	6242731
13500531	13512614
13500532	6242731
13500532	13512613
13500533	13500534
13500534	13500533
13500535	13500438
13500536	7556181
13500537	13522658
13500538	13500540
13500539	10895012
13500540	13500538
13500541	11420620
13500542	13500543
13500543	13500542
13500544	13500545
13500545	13500544
13500546	13500547
13500547	13500546
13500548	9511999
13500549	12404911
13500550	13500551
13500551	13500550
13500552	11759039
13500553	13500555
13500554	8260082
13500555	13500553
13500556	11386192
13500557	9110418
13500558	12981206
13500559	11347858
13500560	2864380
13500561	11367289
13500562	2864362
13500563	11341842
13500564	13500569
13500564	13500571
13500565	12981150
13500566	12981140
13500567	12981195
13500568	12981185
13500569	13500564
13500569	13530511
13500569	13689074
13500569	13689075
13500570	9464364
13500571	13500564
13500572	7462747
13500573	9168230
13500574	12981191
13500574	13657085
13500575	12981187
13500576	9140849
13500577	12981158
13500578	13500582
13500578	13500584
13500579	12981204
13500580	12981199
13500581	12981196
13500582	13500578
13500582	13522664
13500583	12981192
13500584	13500578
13500585	12981186
13500586	11043284
13500587	12981182
13500588	12981181
13500589	9548350
13500590	12981179
13500591	12981177
13500592	7668152
13500593	12970163
13500593	12981172
13500594	9088418
13500595	4162919
13500596	2838637
13500597	12981205
13500598	266263
13500598	13504075
13500599	12981203
13500600	20074
13500600	13504065
13500601	12981202
13500602	20074
13500603	20074
13500604	11128743
13500604	13504061
13500604	13504062
13500605	12981188
13500606	7257157
13500607	12981184
13500608	12713963
13500609	12981180
13500610	12981173
13500611	12981171
13500612	11308431
13500613	12981163
13500614	12981194
13500615	13500620
13500616	12981162
13500617	12981161
13500618	12981160
13500619	4271490
13500620	13500615
13500621	2807506
13500622	12981200
13500623	11393598
13500624	12981197
13500625	12981175
13500626	11186793
13500627	12981168
13500628	11389561
13500629	12981164
13500630	10280278
13500631	12981135
13500632	12258307
13500632	13499407
13500633	4054038
13500634	12981201
13500635	8212095
13500636	12981176
13500637	12981174
13500638	12981170
13500639	11368653
13500640	4307835
13500641	11322020
13500642	12981169
13500643	6108903
13500644	11298642
13500645	2802017
13500646	12116852
13500647	9374861
13500648	2802104
13500649	60995
13500649	858353
13500649	1106975
13500649	1269527
13500649	3376896
13500649	13500491
13500651	13259335
13500652	2834559
13500653	11208706
13500654	4544524
13500655	13216396
13500656	2886544
13500657	11438195
13500658	11353690
13500659	3999744
13500660	2843658
13500661	11187039
13500662	7556183
13500663	4521844
13500664	988750
13500665	12997020
13500666	4927567
13500667	11386265
13500668	12980676
13500669	13500670
13500670	13500669
13500671	11359306
13500672	9110439
13500673	13500674
13500674	13500673
13500675	11347893
13500676	3532319
13500677	11824535
13500678	9168242
13500679	13500681
13500679	13500682
13500680	9140860
13500681	13500679
13500682	13500679
13500683	5776427
13500684	5640603
13500685	11256554
13500686	5640603
13500687	9548368
13500688	13500689
13500689	13500688
13500690	7668155
13500691	9088424
13500692	11463526
13500693	11186806
13500694	13500695
13500695	13500694
13500696	13500697
13500697	13500696
13500698	8071260
13500699	11790172
13500702	13500703
13500703	13500702
13500704	13500705
13500705	13500704
13500706	13500707
13500707	13500706
13500708	13500709
13500709	13500708
13500710	13500711
13500710	13718384
13500711	13500710
13500712	13500713
13500713	13500712
13500714	13500715
13500715	13500714
13500716	13500717
13500717	13500716
13500718	13500719
13500719	13500718
13500720	13500721
13500721	13500720
13500722	10676960
13500723	10686572
13500724	10186534
13500724	10186535
13500725	12071427
13500726	13500727
13500727	13500726
13500728	12802511
13500728	12802512
13500729	2243647
13500729	3288479
13500729	6643065
13500729	10352084
13500730	13500731
13500730	13500732
13500730	13500734
13500731	13500730
13500732	13500730
13500733	10010439
13500734	13500730
13500735	460080
13500735	462327
13500736	5170408
13500736	7960897
13500737	7853731
13500737	8999589
13500738	7152661
13500738	7535276
13500739	11836107
13500740	7753458
13500740	7754630
13500741	8770864
13500742	12116933
13500742	12116951
13500743	11130924
13500744	10356737
13500745	11747615
13500746	13204161
13500748	12533278
13500749	12585920
13500750	9474452
13500752	11529457
13500753	9134179
13500754	12982679
13500755	12533278
13500756	12982679
13500757	10976958
13500758	3085267
13500759	7556143
13500760	6930157
13500761	6930157
13500762	6930157
13500763	6930157
13500764	6707197
13500765	9869888
13500766	9869888
13500767	5358047
13500768	3307784
13500769	612435
13500770	1417707
13500771	12639626
13500772	3492830
13500773	12402692
13500773	13752981
13500774	1078221
13500775	4310054
13500776	9088385
13500776	13500784
13500777	12611825
13500778	3616387
13500779	5694097
13500780	8496068
13500781	4500693
13500782	9105912
13500782	13500786
13500783	4015917
13500784	13500776
13500784	13501011
13500785	12156320
13500785	12156321
13500785	13500898
13500785	13500899
13500786	13500782
13500786	13501001
13500787	12156320
13500788	4310416
13500789	12611837
13500790	3616508
13500790	13689084
13500791	5694120
13500792	9151506
13500793	1574059
13500794	2841072
13500795	12706073
13500796	984930
13500797	6215979
13500798	1308595
13500799	5328890
13500801	12910179
13500803	10455416
13500804	11342763
13500805	10036374
13500808	11285509
13500810	9206817
13500811	11420456
13500812	869524
13500812	3395914
13500812	13500813
13500813	1702190
13500813	6309438
13500813	6385142
13500813	8430629
13500813	9353780
13500813	9451641
13500813	10012378
13500813	10182406
13500813	13500812
13500813	13500835
13500813	13501379
13500813	13744235
13500814	13500816
13500815	3990420
13500816	13500814
13500817	13500818
13500818	13500817
13500819	13500820
13500819	13500825
13500819	13509782
13500819	13509783
13500820	13500819
13500821	3990420
13500822	13500823
13500822	13500834
13500823	13500822
13500824	3990420
13500825	13500819
13500827	869524
13500828	869524
13500829	1571127
13500829	1702190
13500829	3378186
13500830	13500831
13500830	13500832
13500830	13500890
13500830	13500892
13500831	13500830
13500832	13500830
13500833	1571127
13500833	3378186
13500833	6385142
13500834	13500822
13500835	13500813
13500836	13500523
13500837	13500414
13500838	13499818
13500839	13499744
13500840	13500842
13500841	13499716
13500842	13500840
13500843	13499722
13500844	13498936
13500845	13498937
13500846	13498916
13500847	13498491
13500848	9361118
13500849	6537928
13500850	3166150
13500851	7677388
13500852	9801352
13500853	12259780
13500854	13266796
13500855	13266796
13500856	12100202
13500857	13266796
13500858	13266796
13500859	9631917
13500860	1324381
13500861	1324381
13500862	11208924
13500863	7547804
13500864	7547804
13500865	10039009
13500866	11049562
13500867	8139315
13500867	13500887
13500868	2863096
13500870	11016844
13500871	8224913
13500872	6267395
13500873	12456615
13500874	10721189
13500874	13500880
13500875	13376085
13500875	13376118
13500876	10721189
13500876	13500880
13500876	13500881
13500877	954177
13500880	13500874
13500880	13500876
13500881	13500876
13500882	1989873
13500883	2358791
13500884	8323141
13500885	11693970
13500886	8323141
13500887	13500867
13500888	8267232
13500889	11412939
13500889	13501963
13500889	13807544
13500889	13807545
13500890	13500830
13500891	1739539
13500892	13500830
13500893	1739539
13500894	8826932
13500894	8828865
13500895	11748054
13500896	6656753
13500897	508309
13500898	13500785
13500899	13500785
13500900	9155690
13500901	9155468
13500902	3429813
13500902	10566466
13500902	11110133
13500903	7078743
13500903	11110133
13500904	7841817
13500905	7841817
13500905	7899131
13500905	8489138
13500905	8735111
13500905	13500958
13500906	8179164
13500906	8391501
13500907	7770291
13500908	8488862
13500908	8488867
13500909	8488862
13500911	8368923
13500911	13545476
13500913	6707939
13500914	8299840
13500915	11585662
13500915	13500933
13500915	13500934
13500915	13500936
13500915	13500938
13500916	557138
13500917	648913
13500918	7735979
13500919	598228
13500920	13785483
13500922	10335621
13500923	1961922
13500923	2189555
13500923	2189557
13500923	12623827
13500923	13503012
13500923	13508315
13500923	13508966
13500923	13509681
13500923	13511326
13500923	13511328
13500923	13513049
13500923	13513050
13500923	13514708
13500923	13514710
13500924	10335621
13500925	557433
13500926	12090143
13500927	6593698
13500928	11362849
13500929	11362849
13500930	11776414
13500931	5789532
13500932	4133697
13500933	13500915
13500934	13500915
13500935	7803837
13500935	8081011
13500935	12327466
13500935	12607886
13500936	13500915
13500937	11295805
13500937	11295809
13500938	13500915
13500939	5798279
13500940	4713711
13500940	13528872
13500940	13813743
13500941	5248060
13500941	13500942
13500942	13500941
13500943	5396607
13500943	13500951
13500943	13500953
13500943	13503003
13500943	13508312
13500943	13508964
13500943	13509680
13500943	13511325
13500943	13513034
13500943	13513036
13500943	13513038
13500943	13513039
13500943	13514705
13500943	13514706
13500943	13516502
13500943	13516503
13500944	389607
13500944	410208
13500944	629673
13500944	686911
13500944	908000
13500944	1784945
13500944	2596700
13500944	6784014
13500944	6785964
13500944	13503006
13500944	13508308
13500944	13508960
13500944	13509678
13500944	13509679
13500944	13509689
13500944	13511317
13500944	13511319
13500944	13511904
13500944	13511905
13500944	13513023
13500944	13514527
13500944	13514702
13500944	13514703
13500944	13516493
13500944	13516495
13500944	13522677
13500945	1359644
13500946	2120030
13500946	13522675
13500947	2997887
13500948	7144547
13500948	13500950
13500949	10062173
13500950	13500948
13500951	5396607
13500951	13500943
13500952	5064328
13500953	5396607
13500953	13500943
13500953	13835784
13500954	9439352
13500955	131752
13500956	9439352
13500957	12614834
13500958	13500905
13500959	3861435
13500960	12418860
13500961	11390053
13500962	12364671
13500963	2135602
13500964	9119641
13500965	71847
13500965	797885
13500965	797888
13500965	7745396
13500966	8270441
13500967	8558647
13500968	8550107
13500969	4904324
13500970	6997306
13500971	1515073
13500971	11392774
13500972	3603427
13500973	381261
13500974	11294369
13500975	1515073
13500975	11392774
13500976	4816665
13500977	2447015
13500978	7157979
13500979	12419670
13500980	6452500
13500981	11404594
13500982	7441653
13500983	6615219
13500984	37861
13500984	360974
13500984	3652141
13500984	9432211
13500985	2746370
13500986	8748154
13500987	11258222
13500988	12458046
13500989	9348790
13500990	1685874
13500991	13413592
13500992	12565244
13500993	7273554
13500993	13500995
13500994	9210105
13500995	13500993
13500996	9985898
13500997	9061390
13500998	11452
13500998	57131
13500999	8468114
13501000	5810072
13501001	13500786
13501002	8411016
13501003	10680757
13501004	12636357
13501005	9155910
13501006	9603129
13501007	10061694
13501008	9150937
13501008	9152139
13501009	7969780
13501010	8430736
13501011	13500784
13501012	8430736
13501013	6968261
13501014	9656964
13501015	10680772
13501015	13505202
13501016	9271294
13501017	10780673
13501018	8349951
13501020	9271295
13501021	11206121
13501022	9846282
13501022	13505198
13501023	7703629
13501025	667601
13501026	13500205
13501027	8986214
13501028	13500202
13501029	13500204
13501030	8025629
13501031	13500203
13501032	2496179
13501033	12689227
13501034	13500201
13501035	11818315
13501036	5810045
13501037	13500200
13501038	12689227
13501039	5810045
13501040	2109105
13501040	10762608
13501041	5810076
13501041	13505196
13501042	13500199
13501043	10105894
13501043	13505194
13501044	10551501
13501044	13505192
13501045	13275547
13501046	12852970
13501047	2922835
13501047	2922837
13501048	9656982
13501048	13505189
13501049	13500199
13501050	2981212
13501051	8777659
13501052	13500191
13501053	2981212
13501054	13500190
13501055	12305501
13501056	1181130
13501056	1181131
13501057	2636674
13501058	8955026
13501059	5877166
13501060	853208
13501061	4051599
13501062	4051599
13501063	12376708
13501064	12376708
13501065	2463002
13501066	13500183
13501067	10197690
13501068	13500154
13501069	5574392
13501070	4840935
13501070	13642968
13501071	4336294
13501072	13500153
13501073	13500151
13501074	6036029
13501075	396686
13501076	12165801
13501078	6036029
13501079	5104100
13501080	10076337
13501082	5104102
13501083	12592916
13501084	11257012
13501085	5690772
13501086	13500150
13501087	3570042
13501088	13500149
13501089	2511503
13501090	2650401
13501091	13500148
13501092	12377951
13501093	13500126
13501094	13502999
13501094	13508062
13501094	13508307
13501094	13508958
13501094	13509673
13501094	13511307
13501094	13511875
13501094	13511878
13501094	13513002
13501094	13514526
13501094	13514701
13501094	13516479
13501094	13522674
13501095	4912519
13501096	13500125
13501097	13500147
13501098	11208247
13501099	541026
13501100	11208247
13501101	13500146
13501102	11208247
13501103	13385283
13501104	13500145
13501105	11208247
13501106	3533270
13501107	13500144
13501108	12306498
13501109	13500144
13501110	11208247
13501111	2636684
13501112	5877217
13501113	11208247
13501114	853218
13501115	11208247
13501116	4051670
13501117	12376865
13501117	13578263
13501118	12376865
13501119	2463007
13501120	4840986
13501121	4336309
13501121	13678334
13501122	10076524
13501123	11257111
13501123	13554195
13501124	5690927
13501125	3570235
13501125	13722551
13501126	2511511
13501127	13500143
13501128	13500143
13501130	13500409
13501131	13500142
13501132	13500189
13501133	13500141
13501134	13500140
13501135	13499439
13501137	13501139
13501138	13500139
13501139	13501137
13501139	13515932
13501140	13500138
13501141	13501143
13501142	3606998
13501143	13501141
13501144	13501145
13501145	13501144
13501148	13500137
13501149	13500137
13501150	13500036
13501151	13500136
13501152	6655317
13501152	6655318
13501152	6868162
13501152	6868175
13501153	6272475
13501154	13500135
13501155	6416525
13501156	13501158
13501157	5803588
13501157	5817300
13501157	5818887
13501158	13501156
13501158	13501492
13501158	13501505
13501158	13501530
13501159	7494318
13501159	7530572
13501159	13721877
13501160	11042743
13501161	386264
13501161	413910
13501161	695470
13501161	2980720
13501162	6426076
13501162	13720146
13501163	6125666
13501163	7168824
13501164	6259418
13501164	7966589
13501165	2425544
13501165	2428826
13501165	6489624
13501166	1586655
13501166	11548137
13501167	13500134
13501168	6236661
13501168	6697118
13501168	8396523
13501169	13500134
13501170	13323530
13501170	13460065
13501171	6242328
13501172	9456023
13501172	9456921
13501172	9462193
13501173	13501176
13501174	13500134
13501175	10843406
13501175	12696520
13501176	13501173
13501177	13501178
13501178	13501177
13501178	13501805
13501179	13500133
13501180	9687321
13501181	4666531
13501181	4725989
13501182	368268
13501182	956016
13501182	6247799
13501183	6372871
13501184	12920400
13501184	13757199
13501185	6447848
13501185	6450526
13501186	13501188
13501187	13500132
13501188	13501186
13501188	13501189
13501188	13503016
13501188	13522672
13501189	13501188
13501190	8527342
13501191	13500131
13501192	11550889
13501192	13502265
13501193	7971874
13501194	13501195
13501195	13501194
13501196	13378449
13501197	13323515
13501198	13500130
13501199	12834876
13501200	12901621
13501201	12892918
13501202	13093402
13501203	13500129
13501204	12808163
13501205	13500129
13501206	12566406
13501207	12892193
13501208	13500128
13501209	12881232
13501210	13500128
13501211	13125588
13501211	13501667
13501211	13501669
13501211	13508305
13501211	13508957
13501211	13508962
13501211	13509668
13501211	13511304
13501211	13511305
13501211	13511869
13501211	13512995
13501211	13514700
13501212	13495388
13501212	13501660
13501212	13501662
13501212	13508304
13501212	13508955
13501212	13509666
13501212	13511282
13501212	13511284
13501212	13511289
13501212	13511297
13501212	13511852
13501212	13512993
13501212	13514525
13501212	13514699
13501212	13516478
13501213	11134371
13501213	13509776
13501213	13509778
13501213	13510289
13501214	11134371
13501214	13509777
13501214	13509779
13501215	13500127
13501216	13497348
13501216	13497353
13501217	13500127
13501218	13500127
13501219	13448288
13501220	6207945
13501221	13500124
13501222	12741569
13501222	13425228
13501222	13425230
13501222	13425245
13501222	13425250
13501222	13501658
13501223	13500124
13501224	6769383
13501224	9421897
13501224	9998779
13501224	10713264
13501224	13425238
13501224	13425242
13501224	13425252
13501224	13501655
13501225	13500123
13501226	13500122
13501227	13500121
13501228	13425325
13501228	13509926
13501228	13509927
13501229	11736649
13501230	13500120
13501231	13500120
13501232	1894504
13501233	13500119
13501234	13500119
13501235	11978086
13501236	2360525
13501236	2565612
13501236	5191965
13501236	7437917
13501237	419594
13501238	13500118
13501239	13500118
13501242	11245286
13501242	12769483
13501242	12771936
13501242	13522669
13501242	13524667
13501243	5403317
13501243	5403341
13501243	5513298
13501243	13501245
13501243	13508061
13501243	13508303
13501243	13511280
13501243	13511281
13501243	13514698
13501244	13500117
13501245	13501243
13501246	6734710
13501246	8771581
13501246	13501247
13501246	13501249
13501246	13508953
13501246	13508954
13501246	13509664
13501246	13509665
13501246	13511279
13501246	13511834
13501246	13514524
13501246	13514697
13501246	13522668
13501247	13501246
13501248	13500116
13501249	13501246
13501250	13505451
13501251	6966410
13501252	711309
13501252	2430972
13501252	3527342
13501252	3989658
13501252	13502996
13501252	13505450
13501252	13508300
13501252	13508301
13501252	13508949
13501252	13508950
13501252	13508952
13501252	13509663
13501252	13511276
13501252	13511277
13501252	13512991
13501252	13514523
13501252	13514695
13501252	13514696
13501252	13516476
13501252	13522666
13501253	2430972
13501253	8735506
13501253	13501281
13501253	13502995
13501253	13505449
13501253	13508297
13501253	13508947
13501253	13509662
13501253	13511275
13501253	13512989
13501253	13514522
13501253	13514694
13501253	13516475
13501253	13522665
13501254	13500115
13501255	11626909
13501256	4576818
13501256	4577099
13501256	4578071
13501257	13500112
13501258	8797336
13501259	13500114
13501260	13500108
13501261	13500108
13501262	13500106
13501262	13500107
13501263	13415108
13501263	13501306
13501263	13501307
13501264	11487400
13501264	13501274
13501264	13501277
13501265	277417
13501265	598785
13501265	13002505
13501266	10166011
13501266	10166012
13501266	10166023
13501267	277417
13501267	598785
13501268	7773954
13501268	7773965
13501268	8125980
13501268	13501275
13501268	13505447
13501268	13508293
13501268	13508943
13501268	13508944
13501268	13508945
13501268	13509660
13501268	13511271
13501268	13511272
13501268	13511806
13501268	13511811
13501268	13512972
13501268	13514692
13501268	13514693
13501268	13516466
13501268	13516467
13501268	13581563
13501269	2384623
13501269	2384626
13501269	2384636
13501269	2384637
13501270	277417
13501270	598785
13501270	13002505
13501271	9624461
13501272	11188574
13501272	11188575
13501272	12132048
13501272	13502969
13501272	13508292
13501272	13508940
13501272	13509655
13501272	13509659
13501272	13511270
13501272	13511766
13501272	13512964
13501272	13514690
13501272	13514691
13501272	13516451
13501272	13633357
13501272	13633358
13501273	277417
13501273	598785
13501274	13501264
13501275	13501268
13501275	13505447
13501276	5493788
13501276	13505446
13501277	13501264
13501278	5183636
13501278	13502968
13501278	13505444
13501278	13508291
13501278	13508785
13501278	13508787
13501278	13508788
13501278	13508790
13501278	13508791
13501278	13508792
13501278	13509653
13501278	13511257
13501278	13511258
13501278	13511260
13501278	13511261
13501278	13511262
13501278	13511263
13501278	13511264
13501278	13511265
13501278	13512956
13501278	13512957
13501278	13514520
13501278	13514686
13501278	13514687
13501278	13514688
13501278	13514689
13501278	13516443
13501278	13588371
13501278	13588372
13501279	1984784
13501279	2780902
13501280	1890770
13501281	8735506
13501281	13501253
13501281	13501294
13501282	1890770
13501283	8735506
13501283	13501290
13501285	2606744
13501286	2092574
13501286	2099437
13501286	5551502
13501286	7282537
13501287	1963085
13501287	1963119
13501287	1963739
13501287	1963999
13501288	11157842
13501289	8735506
13501289	13501290
13501290	13501283
13501290	13501289
13501291	11210698
13501291	13501297
13501291	13501298
13501292	6062420
13501292	8213104
13501292	13501466
13501293	462412
13501293	13501344
13501294	13501281
13501294	13501804
13501295	12224809
13501295	12227402
13501296	11159598
13501296	13509772
13501297	13501291
13501297	13501343
13501298	13501291
13501298	13501343
13501299	12847310
13501299	13501343
13501300	12847310
13501300	13501343
13501301	13443189
13501301	13450673
13501301	13501342
13501302	13443193
13501302	13501340
13501303	10576803
13501303	13501338
13501304	12676948
13501304	13501308
13501305	12676948
13501305	13501308
13501306	13501263
13501307	13501263
13501308	13501304
13501308	13501305
13501309	11276895
13501309	13509771
13501310	11229238
13501310	13509770
13501317	13547213
13501318	13547212
13501324	13501334
13501324	13501336
13501327	13686958
13501332	4920084
13501333	11215266
13501333	13509769
13501334	13501324
13501334	13502959
13501335	3873944
13501336	13501324
13501336	13502961
13501337	2677654
13501338	13501303
13501339	13363083
13501339	13449932
13501340	13501302
13501341	4627860
13501341	9672110
13501341	13363083
13501341	13449932
13501341	13501654
13501342	13501301
13501343	13501297
13501343	13501298
13501343	13501299
13501343	13501300
13501343	13624841
13501344	13501293
13501345	12085788
13501345	13501651
13501345	13555387
13501346	12308934
13501347	8172463
13501348	3424497
13501348	13501349
13501349	13501348
13501350	13501351
13501350	13509768
13501351	13501350
13501352	13501354
13501352	13501355
13501352	13501360
13501352	13501362
13501352	13501365
13501353	12982803
13501354	13501352
13501354	13501365
13501354	13501367
13501355	13501352
13501355	13501365
13501355	13501367
13501356	9374205
13501357	13501358
13501358	13501357
13501359	621470
13501360	13501352
13501360	13501365
13501360	13501367
13501361	13501364
13501361	13501369
13501361	13501372
13501361	13501381
13501361	13501467
13501362	13501352
13501362	13501365
13501362	13501367
13501363	10174389
13501364	13501361
13501365	13501352
13501365	13501354
13501365	13501355
13501365	13501360
13501365	13501362
13501365	13501367
13501366	13501368
13501366	13533821
13501367	13501354
13501367	13501355
13501367	13501360
13501367	13501362
13501367	13501365
13501368	13501366
13501369	13501361
13501369	13501381
13501369	13501467
13501370	13501371
13501370	13501373
13501370	13509764
13501371	13501370
13501372	13501361
13501372	13501381
13501372	13501467
13501373	13501370
13501373	13501380
13501373	13509764
13501373	13509774
13501374	11376380
13501376	7009445
13501376	7010392
13501376	7010883
13501376	7014264
13501376	13501378
13501376	13786605
13501378	13501376
13501379	3395914
13501379	6385141
13501379	6385142
13501379	13500813
13501380	13501373
13501381	13501361
13501381	13501369
13501381	13501372
13501382	13501383
13501382	13501384
13501382	13509761
13501382	13509762
13501383	13501382
13501384	13501382
13501385	1656608
13501386	13501390
13501387	13501388
13501387	13501389
13501387	13501391
13501387	13501392
13501387	13509756
13501388	13501387
13501389	13501387
13501390	13501386
13501391	13501387
13501391	13501393
13501391	13501395
13501391	13509757
13501391	13509758
13501392	13501387
13501392	13501393
13501392	13501395
13501392	13509756
13501392	13509760
13501393	13501391
13501393	13501392
13501393	13509757
13501394	2268445
13501395	13501391
13501395	13501392
13501395	13509758
13501396	2070341
13501397	2070344
13501398	816068
13501399	7432008
13501400	13497902
13501400	13497903
13501401	13500105
13501402	1955371
13501403	13500101
13501404	2070347
13501405	13501406
13501405	13501410
13501406	13501405
13501406	13501559
13501406	13501562
13501406	13501568
13501406	13555384
13501407	8002491
13501408	8002491
13501409	13500102
13501410	13501405
13501410	13501556
13501410	13501562
13501410	13501568
13501410	13555384
13501411	13500104
13501412	2941057
13501413	13500103
13501414	2931296
13501415	2125130
13501416	5494968
13501417	8264476
13501417	13501496
13501418	2125130
13501419	5494968
13501420	8264476
13501420	13501493
13501421	11195623
13501423	13500100
13501424	13500100
13501425	13500099
13501426	1841169
13501427	1841169
13501428	13500099
13501429	5065711
13501430	585979
13501431	11946
13501432	13500086
13501433	6356595
13501434	13500077
13501435	10869985
13501436	10869985
13501437	10869985
13501438	13500076
13501439	6979943
13501439	9971841
13501439	9971845
13501439	9971847
13501439	10009582
13501439	10009977
13501439	10009979
13501439	10010068
13501439	12398649
13501439	12453241
13501439	13501451
13501440	13500074
13501441	13500072
13501442	12096597
13501443	13500070
13501444	3877589
13501445	13500071
13501446	13500069
13501447	8361140
13501448	8763668
13501449	4479668
13501450	12705116
13501451	6979943
13501451	9971841
13501451	9971845
13501451	9971847
13501451	10009582
13501451	10009977
13501451	10009979
13501451	10010068
13501451	12398649
13501451	13501439
13501453	4999750
13501454	3619864
13501455	1869523
13501456	13500067
13501457	3877589
13501458	13500067
13501459	13500067
13501460	13500061
13501461	13500059
13501462	13500058
13501463	13500056
13501464	13500054
13501465	13500053
13501466	6062420
13501466	8213104
13501466	13501292
13501467	13501361
13501467	13501369
13501467	13501372
13501468	13500052
13501469	13500052
13501470	5996783
13501470	5996784
13501470	9419349
13501470	9419350
13501470	12599654
13501471	5996783
13501471	5996784
13501471	9419349
13501471	9419350
13501471	12599654
13501472	10587566
13501472	13834508
13501472	13834509
13501473	8368378
13501474	5548657
13501475	8363437
13501475	8368290
13501476	2451874
13501476	2454396
13501476	11569101
13501477	13500049
13501478	6199090
13501479	2451874
13501479	2454396
13501479	11569101
13501480	13500049
13501481	4960652
13501482	13500047
13501483	13500047
13501484	1587296
13501485	10996371
13501486	8361140
13501487	13250722
13501488	11105178
13501489	13500045
13501490	8368395
13501491	8365184
13501492	13501158
13501492	13501505
13501492	13501530
13501493	13501420
13501494	8362095
13501495	13500044
13501496	13501417
13501497	3680962
13501498	12691462
13501498	13501516
13501498	13501517
13501499	6065004
13501499	6157251
13501499	6157253
13501499	10826099
13501499	10827918
13501500	6065004
13501500	10826100
13501501	6065004
13501501	10826100
13501502	2984563
13501503	13500043
13501504	11230222
13501504	13509748
13501505	13501158
13501505	13501492
13501505	13501539
13501505	13502273
13501505	13555382
13501506	13500043
13501507	11418176
13501507	13501508
13501507	13501511
13501507	13501512
13501507	13501525
13501507	13537363
13501508	11418176
13501508	13501507
13501508	13501509
13501508	13501511
13501508	13501512
13501508	13501521
13501508	13501522
13501508	13501524
13501509	13501508
13501509	13501511
13501509	13501512
13501509	13501521
13501510	13185159
13501511	13501507
13501511	13501508
13501511	13501509
13501511	13501521
13501511	13501524
13501511	13501525
13501512	13501507
13501512	13501508
13501512	13501509
13501512	13501522
13501513	2758087
13501513	3855141
13501513	11061179
13501514	9211629
13501515	11105718
13501516	12691462
13501516	13501498
13501517	12691462
13501517	13501498
13501518	5499774
13501518	5501883
13501519	13500042
13501520	10077190
13501521	13501508
13501521	13501509
13501521	13501511
13501522	13501508
13501522	13501512
13501522	13501564
13501523	1416066
13501524	13111072
13501524	13501508
13501524	13501511
13501525	13501507
13501525	13501511
13501526	1532063
13501527	13500042
13501528	11481282
13501528	13501798
13501529	12269363
13501530	13501158
13501530	13501492
13501531	3727683
13501532	3727683
13501532	4774914
13501532	13501533
13501532	13501547
13501532	13501550
13501533	3727683
13501533	4774914
13501533	13501532
13501533	13501543
13501533	13501544
13501533	13501546
13501533	13501547
13501534	13500040
13501535	10874430
13501535	13501794
13501536	10001334
13501536	10001342
13501536	12190804
13501537	10001336
13501537	10001342
13501537	12190800
13501537	12190804
13501538	10001336
13501538	10001342
13501538	12190800
13501538	12190804
13501539	13501505
13501540	6235706
13501541	12923928
13501542	7385852
13501543	13501533
13501543	13501571
13501544	13501533
13501544	13501571
13501545	8740
13501545	239427
13501545	8242207
13501545	13501789
13501545	13502892
13501546	13501533
13501547	13501532
13501547	13501533
13501548	13500038
13501549	260714
13501550	13501532
13501551	260714
13501552	260714
13501553	260714
13501554	13500038
13501555	7735054
13501556	13501410
13501556	13501562
13501556	13501568
13501557	4694996
13501558	4689177
13501559	13501406
13501559	13501562
13501559	13501568
13501560	7961382
13501561	6234925
13501562	13501406
13501562	13501410
13501562	13501556
13501562	13501559
13501562	13501568
13501563	4496175
13501563	13501573
13501564	13111034
13501564	13501522
13501565	4694996
13501566	6234925
13501567	11148255
13501567	13501569
13501568	13501406
13501568	13501410
13501568	13501556
13501568	13501559
13501568	13501562
13501569	13501567
13501570	8745688
13501571	13501543
13501571	13501544
13501572	7114051
13501572	13501574
13501572	13501575
13501572	13501576
13501572	13501577
13501572	13501579
13501573	13501563
13501574	7114051
13501574	13501572
13501575	7114051
13501575	13501572
13501576	7114051
13501576	13501572
13501577	7114051
13501577	13501572
13501578	8424642
13501579	7114051
13501579	13501572
13501580	13500037
13501581	13500035
13501582	6272658
13501583	7305924
13501583	8109326
13501584	1555919
13501586	5445944
13501588	6237054
13501589	6237054
13501590	6237054
13501591	6237054
13501592	6237054
13501593	13500032
13501594	6237054
13501595	788993
13501596	11636491
13501596	13501774
13501596	13501779
13501597	788993
13501598	8536646
13501599	263787
13501599	6872948
13501600	410625
13501601	10630216
13501602	10630216
13501603	6527635
13501604	6527635
13501605	11496078
13501606	13500030
13501607	11171242
13501608	10742632
13501609	6781618
13501609	6781619
13501609	13501610
13501609	13501611
13501609	13501615
13501610	6781618
13501610	6781619
13501610	10057403
13501610	13501609
13501611	6781618
13501611	6781619
13501611	10057403
13501611	13501609
13501612	13500029
13501613	13500028
13501614	8576847
13501615	13501609
13501616	13500026
13501617	13499654
13501617	13499656
13501617	13505187
13501618	6674881
13501619	13499972
13501620	13499971
13501621	7789592
13501622	1028681
13501622	5762565
13501623	1028681
13501623	5762565
13501624	3362525
13501624	3421798
13501624	3946576
13501624	9970690
13501625	1028681
13501625	5762565
13501626	13499968
13501627	13501628
13501628	13501627
13501629	13499967
13501630	8576847
13501631	4524577
13501632	13501633
13501633	13501632
13501634	13501635
13501635	13501634
13501637	13501638
13501638	13501637
13501639	621470
13501639	621892
13501640	621470
13501640	621892
13501641	13499871
13501642	3669219
13501644	621470
13501644	621892
13501645	13501646
13501646	13501645
13501647	621470
13501647	621892
13501648	13499871
13501649	13499864
13501650	12085790
13501651	13501345
13501652	13499864
13501653	13499864
13501654	13449932
13501654	13501341
13501655	6769383
13501655	9998779
13501655	13425252
13501655	13501224
13501656	13501657
13501657	13501656
13501658	13425228
13501658	13425250
13501658	13425467
13501658	13501222
13501659	13501665
13501659	13508725
13501659	13508727
13501660	13501212
13501661	13499862
13501662	13501212
13501663	13494630
13501664	13499862
13501665	13501659
13501666	13499862
13501667	13501211
13501668	13499862
13501669	13501211
13501670	13499856
13501671	888849
13501672	13499831
13501673	13499832
13501674	13501675
13501675	13501674
13501676	13501677
13501677	13501676
13501678	13499838
13501679	13501680
13501680	13501679
13501681	6853988
13501681	13501682
13501681	13501730
13501682	6854038
13501682	13501681
13501683	13499836
13501685	13501689
13501686	693617
13501686	695013
13501687	10448139
13501688	13499830
13501689	13501685
13501690	8376067
13501691	11311645
13501692	9794752
13501693	11208907
13501694	13501696
13501694	13501710
13501694	13501728
13501695	13499829
13501696	13501694
13501696	13501717
13501696	13501797
13501697	11187095
13501698	13501700
13501698	13501701
13501699	13499828
13501700	13501698
13501700	13501725
13501700	13501744
13501701	13501698
13501701	13501725
13501701	13501744
13501702	7556229
13501703	13501705
13501704	13499827
13501705	13501703
13501705	13501721
13501706	13501707
13501707	13501706
13501707	13501723
13501709	13499826
13501710	13501694
13501710	13501717
13501710	13501797
13501711	12638738
13501712	13501714
13501712	13501720
13501713	13499825
13501714	13501712
13501714	13501749
13501715	13499825
13501716	9075434
13501716	13501718
13501716	13501719
13501717	13501696
13501717	13501710
13501717	13501728
13501718	13501716
13501719	13501716
13501720	13501712
13501721	13501705
13501721	13504004
13501722	13499824
13501723	13501707
13501723	13503997
13501723	13504002
13501724	11369254
13501725	13501700
13501725	13501701
13501725	13503979
13501726	13499824
13501727	11367447
13501727	13501763
13501728	13501694
13501728	13501717
13501728	13501797
13501729	9420730
13501730	6854038
13501730	13501681
13501731	13499820
13501732	11406051
13501733	13499815
13501734	13499815
13501735	2713738
13501735	11256627
13501735	13544426
13501736	13501745
13501736	13501746
13501737	13501748
13501737	13501752
13501738	13283697
13501739	13501753
13501739	13501755
13501740	13283697
13501741	13499815
13501742	13499815
13501743	9122866
13501744	13501700
13501744	13501701
13501745	13501736
13501746	13501736
13501746	13501767
13501747	5874929
13501747	11283679
13501748	13501737
13501749	13501714
13501749	13503978
13501750	9376634
13501750	13501800
13501751	9045495
13501752	13501737
13501752	13501769
13501753	13501739
13501753	13501770
13501754	5555639
13501755	13501739
13501756	12695988
13501756	13501843
13501757	10281960
13501758	13522894
13501759	9377613
13501760	13522893
13501762	9202562
13501763	13501727
13501763	13503975
13501764	13501766
13501765	10591271
13501765	13501784
13501765	13501785
13501766	13501764
13501767	13501746
13501768	10719812
13501769	13501752
13501769	13503963
13501769	13503964
13501769	13503968
13501769	13503969
13501770	13501753
13501770	13503944
13501770	13503946
13501770	13503958
13501770	13503960
13501771	9168414
13501772	11406847
13501772	13501840
13501773	12938563
13501773	12938564
13501773	13503938
13501774	13501596
13501775	11419671
13501776	12938574
13501776	12938576
13501776	13503934
13501777	7382400
13501777	11926479
13501777	11926480
13501777	11926483
13501777	11926503
13501777	12938579
13501777	13405104
13501777	13503931
13501778	11866898
13501779	13501596
13501780	12938587
13501780	12938588
13501780	13503922
13501781	12938587
13501781	13503921
13501782	7610721
13501782	10323982
13501783	11303554
13501784	13501765
13501784	13503917
13501785	13501765
13501785	13503914
13501786	11119239
13501786	13501787
13501787	13501786
13501787	13503908
13501788	7524660
13501789	239427
13501789	8242207
13501789	13501545
13501790	9154225
13501791	11151838
13501791	13509743
13501791	13509744
13501791	13509745
13501792	8147782
13501793	11545290
13501794	13501535
13501794	13501795
13501795	13501794
13501796	11334244
13501797	13501696
13501797	13501710
13501797	13501728
13501797	13503899
13501797	13503904
13501798	13501528
13501798	13501801
13501799	9243772
13501800	13501750
13501800	13503892
13501801	13501798
13501802	9448443
13501803	9233165
13501804	13501294
13501805	13501178
13501806	11430435
13501807	9212511
13501808	10592056
13501809	11278970
13501809	13501819
13501809	13501820
13501810	9154865
13501812	1809462
13501815	11285381
13501815	13501841
13501815	13501842
13501816	11934954
13501816	13501844
13501816	13501845
13501817	11246671
13501818	9574697
13501819	13501809
13501819	13503885
13501820	13501809
13501820	13503882
13501821	9463368
13501821	13501828
13501822	11136596
13501823	8367950
13501823	13501826
13501823	13501827
13501824	7456403
13501825	11375025
13501826	13501823
13501826	13503878
13501827	13501823
13501828	13501821
13501828	13503868
13501829	9374830
13501830	9160141
13501831	13501832
13501832	13501831
13501833	11124121
13501833	13514954
13501834	4496175
13501835	9590337
13501836	13501837
13501837	13501836
13501838	11198075
13501839	11334967
13501840	13501772
13501840	13503863
13501840	13584180
13501841	13501815
13501841	13503859
13501842	13501815
13501842	13503854
13501843	13501756
13501844	13501816
13501844	13503845
13501845	13501816
13501845	13503842
13501846	1494856
13501846	1683147
13501846	13503836
13501847	10561963
13501848	10561963
13501848	10561966
13501848	13505184
13501849	280723
13501849	1494856
13501849	1683147
13501849	13503834
13501850	2214700
13501851	8752508
13501851	13505182
13501857	12313740
13501858	13441178
13501858	13503819
13501859	6889235
13501860	13501861
13501861	13501860
13501862	3106758
13501863	11120628
13501863	13501864
13501864	6431044
13501864	11120628
13501864	13501863
13501865	67844
13501865	718789
13501865	788663
13501865	2740459
13501865	9953285
13501865	9953286
13501865	13503787
13501866	8355994
13501867	67844
13501867	718789
13501867	788663
13501867	2740459
13501867	9953285
13501867	9953286
13501868	2271613
13501869	310607
13501869	6952049
13501870	10484910
13501870	13505181
13501871	9615673
13501872	2003372
13501873	2003372
13501874	13503729
13501875	13503721
13501876	13503706
13501877	3717854
13501878	3717854
13501879	12094807
13501880	13215208
13501881	13215208
13501882	9155732
13501883	9155732
13501884	13215208
13501885	10535618
13501886	1346607
13501887	8389709
13501887	9155664
13501888	871661
13501889	10462419
13501890	8752485
13501891	10474270
13501892	10535594
13501894	5784626
13501896	5784626
13501899	5810077
13501900	12103159
13501901	12103159
13501903	12103159
13501908	13754761
13501910	9733466
13501911	8350328
13501912	8350328
13501914	13335254
13501915	9163422
13501916	13335254
13501917	13335254
13501918	8352988
13501919	10019973
13501921	10650202
13501922	13501923
13501923	13501922
13501924	2952588
13501924	9690624
13501924	13503701
13501925	11878176
13501925	13501959
13501925	13501960
13501926	2952588
13501926	9690624
13501926	13503676
13501927	11096647
13501927	12218270
13501929	11818313
13501930	11818313
13501931	13501934
13501931	13501935
13501932	10034489
13501933	10034489
13501934	13501931
13501934	13501935
13501934	13700824
13501935	13501931
13501935	13501934
13501935	13503665
13501935	13503666
13501936	8152088
13501936	13501937
13501937	13501936
13501937	13503662
13501938	10311836
13501938	10311839
13501938	13501962
13501938	13501966
13501939	9730069
13501940	10690241
13501940	12590257
13501940	13502022
13501941	9730070
13501942	7546510
13501943	7546510
13501944	13042054
13501945	11102346
13501946	11102341
13501947	10762614
13501948	10762590
13501949	5148886
13501949	5149772
13501949	8990543
13501949	8992445
13501949	10621976
13501950	10621931
13501951	10611402
13501952	11880309
13501952	13501957
13501952	13501958
13501953	10562062
13501954	10559745
13501955	11386804
13501955	13501980
13501956	11386804
13501956	13501981
13501957	13501952
13501957	13503640
13501958	13501952
13501958	13503640
13501958	13503651
13501959	13501925
13501959	13503601
13501960	13501925
13501960	13503601
13501961	10552774
13501962	10311836
13501962	10311839
13501962	13501938
13501962	13501966
13501963	13500889
13501963	13503135
13501964	10549338
13501965	10549338
13501966	10311836
13501966	10311839
13501966	13501938
13501966	13501962
13501966	13700821
13501968	13499843
13501968	13503132
13501969	13500075
13501969	13503124
13501969	13503126
13501970	8398504
13501971	8398504
13501972	10231469
13501973	8870390
13501974	13498830
13501974	13503107
13501974	13503120
13501975	13498830
13501975	13503107
13501976	1722990
13501977	12027979
13501978	12163519
13501978	13502270
13501979	10966112
13501980	13501955
13501980	13503097
13501980	13503100
13501981	5739356
13501981	13501956
13501981	13503085
13501981	13675198
13501982	7712887
13501982	13501983
13501983	13501982
13501983	13503081
13501983	13537992
13501984	7210814
13501984	13501986
13501985	4551871
13501985	13501987
13501986	13501984
13501986	13503079
13501987	13501985
13501987	13502930
13501987	13502966
13501988	9519638
13501988	13502002
13501988	13502003
13501989	13503071
13501992	13502979
13501993	785402
13501993	10297888
13501993	10297889
13501993	13502879
13501994	785402
13501994	10297888
13501994	10297889
13501995	10297886
13501995	10297887
13501996	10297886
13501996	10297887
13501996	13584256
13501996	13584377
13501996	13584382
13501997	687982
13501997	687983
13501997	785402
13501997	785403
13501997	785408
13501997	1550446
13501998	687982
13501998	687983
13501998	785402
13501998	785403
13501998	785408
13501998	1292045
13501998	1550446
13501998	13502871
13501999	464440
13501999	464441
13501999	465772
13501999	511908
13501999	589223
13501999	13502846
13502000	464441
13502000	511908
13502000	589223
13502000	1132292
13502000	1134279
13502000	2462368
13502000	3630057
13502000	5065819
13502001	11482950
13502001	13502005
13502002	13501988
13502002	13502821
13502003	13501988
13502004	12210637
13502004	13502007
13502004	13502009
13502004	13502011
13502005	13502001
13502005	13502770
13502005	13606222
13502006	12210637
13502006	12352121
13502006	13502008
13502006	13502010
13502007	13502004
13502007	13502711
13502008	13502006
13502008	13502768
13502009	13502004
13502009	13502712
13502010	13502006
13502010	13502765
13502011	8479047
13502011	13502004
13502011	13502018
13502011	13502706
13502012	13502764
13502013	13502084
13502013	13502085
13502013	13502763
13502014	13502757
13502015	13502754
13502015	13502755
13502016	13502751
13502016	13502753
13502018	13502011
13502018	13502028
13502018	13502029
13502018	13502366
13502021	1966490
13502021	1967020
13502021	13502745
13502022	10690241
13502022	13501940
13502022	13502023
13502023	10690241
13502023	10690242
13502023	13502022
13502023	13502736
13502023	13502739
13502025	13502720
13502026	13502733
13502026	13502734
13502027	13502727
13502027	13502730
13502028	8479047
13502028	13502018
13502028	13502708
13502029	8479047
13502029	13502018
13502029	13502703
13502029	13502729
13502030	12042676
13502030	12042715
13502031	11417139
13502032	11785855
13502033	3591646
13502033	3602364
13502033	13502696
13502034	3591646
13502034	3602364
13502034	13502695
13502035	13502688
13502035	13502690
13502036	13502671
13502036	13502672
13502036	13502673
13502036	13502677
13502036	13502682
13502036	13502684
13502037	13502660
13502037	13502668
13502038	13502655
13502038	13502658
13502039	13502648
13502039	13502650
13502039	13502652
13502039	13502654
13502040	13020326
13502041	13502647
13502042	13502643
13502043	10996223
13502043	13742750
13502044	2922661
13502045	13502642
13502046	13502639
13502047	5683963
13502048	13502637
13502048	13502638
13502049	5598888
13502050	6404673
13502051	7418561
13502052	3683510
13502053	12181427
13502054	6698629
13502054	8185487
13502054	13502634
13502055	13020335
13502056	10996247
13502057	5683977
13502058	5598902
13502059	6404723
13502059	13577430
13502059	13595780
13502060	13502632
13502060	13502633
13502061	13502629
13502061	13502630
13502062	13502625
13502063	13502620
13502064	13502616
13502065	13502613
13502066	13502608
13502067	13502604
13502068	13502594
13502069	13502584
13502070	13309209
13502071	13135251
13502072	12866024
13502073	13327214
13502074	13327214
13502075	12761443
13502076	12836679
13502077	13075473
13502078	12947996
13502079	13495907
13502080	12827331
13502081	13100348
13502082	12901777
13502083	13471344
13502084	13502013
13502085	13502013
13502086	12054098
13502087	11104733
13502088	11076979
13502089	37894
13502089	915825
13502089	5951675
13502089	13543282
13502090	8361774
13502091	11107604
13502092	8543099
13502093	8543096
13502094	10605585
13502095	8361515
13502096	3681051
13502097	8363693
13502098	5261950
13502099	13008004
13502100	13420416
13502101	6552898
13502102	12263107
13502103	6291929
13502104	4971546
13502105	3579895
13502106	10120767
13502107	12143523
13502108	13304779
13502109	6677255
13502110	3198041
13502111	10483386
13502112	5141387
13502113	8196425
13502114	2343714
13502115	5370027
13502116	4060278
13502117	12235754
13502118	8021660
13502119	4753647
13502120	11097180
13502121	2495659
13502122	4483365
13502123	8929663
13502124	9141949
13502125	6131388
13502126	10830045
13502127	5038874
13502128	4923798
13502129	8288703
13502130	7480145
13502131	4913105
13502132	8524407
13502133	11487785
13502134	13113170
13502135	10149084
13502136	5213566
13502138	13143133
13502140	12116367
13502143	13143255
13502144	12116671
13502146	10657348
13502148	11855527
13502150	13503058
13502152	6458906
13502153	11195432
13502154	13503055
13502155	4766049
13502156	13503053
13502157	13610429
13502159	2881236
13502160	4621876
13502161	12845386
13502162	4310494
13502163	2762058
13502164	11696899
13502165	10948692
13502166	13503052
13502167	6998079
13502169	6998079
13502170	2530022
13502171	13503050
13502172	5941123
13502173	13503048
13502174	3237125
13502174	13594508
13502175	13503045
13502176	8935699
13502177	12064075
13502178	6551216
13502179	8304440
13502180	423021
13502181	2797275
13502182	3747106
13502182	13591662
13502183	12767416
13502184	10606786
13502184	13753002
13502185	6031236
13502186	6559495
13502187	2927642
13502188	10602767
13502189	11142338
13502190	5119074
13502191	778296
13502192	11696284
13502193	2578184
13502196	8613637
13502197	9054495
13502200	10164650
13502201	2199797
13502202	2525870
13502203	4238747
13502204	3559555
13502205	4311609
13502212	13729653
13502212	13729654
13502212	13729655
13502214	13503044
13502216	1118594
13502217	5216363
13502218	13020456
13502219	13215316
13502220	12728948
13502221	4654944
13502222	7085939
13502223	4513366
13502224	10785422
13502225	12941893
13502226	4638988
13502227	2613570
13502228	6556932
13502228	13753320
13502229	1946948
13502230	3866554
13502231	5043911
13502232	3774663
13502233	5084185
13502234	7146742
13502235	4510578
13502236	4510578
13502237	4976439
13502238	1108981
13502239	6818371
13502240	5220861
13502241	775508
13502242	8596479
13502243	4531553
13502244	10566145
13502245	6548612
13502246	3163605
13502247	2607083
13502248	2184160
13502249	11578117
13502250	7833492
13502251	2091619
13502252	10522286
13502253	4630720
13502254	10064325
13502256	11803183
13502257	1259078
13502258	13444047
13502259	3045236
13502260	2590771
13502261	13088192
13502262	11684637
13502263	11604484
13502264	8610040
13502265	11550889
13502265	13501192
13502266	13498844
13502267	3751887
13502268	10464758
13502268	13502269
13502269	10464758
13502269	10464899
13502269	13502268
13502270	12163519
13502270	13501978
13502270	13502365
13502270	13578785
13502271	13438006
13502272	13438006
13502273	13501505
13502274	11110709
13502275	11106414
13502276	30502
13502276	1158673
13502276	2001103
13502276	13502963
13502277	11105723
13502278	11106574
13502279	10608980
13502280	11106121
13502281	11132375
13502282	11107512
13502283	11104912
13502284	11106539
13502285	7966897
13502286	13248441
13502287	9803442
13502288	13502289
13502289	13502288
13502290	12768954
13502291	12111367
13502292	12768710
13502294	10576109
13502295	3614732
13502296	11105966
13502297	4965444
13502298	4952734
13502300	11906245
13502300	13362996
13502301	56170
13502301	1979226
13502301	1979227
13502301	1979228
13502302	11133287
13502303	11105679
13502304	8357735
13502305	7424479
13502306	10607136
13502307	8371553
13502308	8371552
13502309	8361887
13502310	4769963
13502311	13135578
13502312	10573723
13502313	8358631
13502314	4948733
13502315	5233650
13502315	7162028
13502315	13502318
13502316	2881441
13502316	13547297
13502316	13547299
13502317	8355554
13502318	5233650
13502318	7162028
13502318	13502315
13502319	2658177
13502320	11107575
13502321	11106498
13502322	8543995
13502323	13253021
13502324	8410330
13502325	8363363
13502326	13492326
13502326	13503032
13502326	13507628
13502326	13567640
13502327	13492326
13502327	13567640
13502328	13502342
13502328	13502344
13502329	8363685
13502330	13502339
13502330	13502341
13502331	13502336
13502331	13502338
13502332	13250550
13502334	13502345
13502334	13502347
13502335	8422596
13502336	13502331
13502337	11107561
13502338	13502331
13502339	13502330
13502340	7999544
13502341	13502330
13502342	13502328
13502343	11110663
13502344	13502328
13502345	13502334
13502346	13118622
13502347	13502334
13502348	3718361
13502349	11106743
13502350	6845307
13502351	11104633
13502352	10654472
13502353	13327748
13502354	2900121
13502355	3675036
13502356	5711652
13502357	3505307
13502358	13502385
13502358	13502387
13502359	6025801
13502360	7208224
13502361	13502377
13502361	13502381
13502362	4956877
13502363	13502372
13502363	13502373
13502364	5987434
13502365	13502270
13502366	13502018
13502367	9119828
13502368	12767550
13502369	3596744
13502370	4302429
13502371	4882850
13502372	13502363
13502373	13502363
13502374	5881620
13502376	5762975
13502377	13502361
13502378	9422821
13502379	13358301
13502380	7485898
13502381	13502361
13502382	10728224
13502383	8549726
13502384	11562525
13502385	13502358
13502386	2135716
13502387	13502358
13502388	2135716
13502389	2135716
13502391	2135716
13502393	12420756
13502394	12420756
13502395	8642900
13502396	7854431
13502397	4036891
13502398	7610073
13502399	12521723
13502400	7382934
13502401	7382934
13502402	7382934
13502403	7382934
13502404	4996498
13502405	7822316
13502405	7822318
13502406	8417589
13502407	8417589
13502408	5491905
13502409	10651745
13502410	10651745
13502411	7379138
13502412	2404560
13502412	13747926
13502413	5384765
13502414	6427156
13502415	6427156
13502416	6427156
13502417	5252134
13502418	7375410
13502418	7380662
13502419	7371176
13502420	4833540
13502421	6636987
13502421	13689136
13502422	4833540
13502424	12966489
13502425	4833540
13502426	7375622
13502427	6422708
13502428	12581185
13502429	7558289
13502430	7862261
13502431	4532297
13502432	4711176
13502433	11323144
13502434	8822601
13502434	8822745
13502434	8825214
13502434	8827407
13502435	10553537
13502436	5508126
13502437	2189699
13502438	8591104
13502439	6962981
13502440	5412619
13502440	7410473
13502440	7410778
13502440	7415646
13502440	13502442
13502441	3590893
13502442	5412619
13502442	7410473
13502442	7410778
13502442	13502440
13502442	13502692
13502443	10609689
13502444	1190703
13502445	4403929
13502446	4403929
13502447	12406371
13502448	10115936
13502449	4589420
13502450	453270
13502451	453270
13502452	11263610
13502453	6425755
13502454	3678116
13502456	6787431
13502457	6425755
13502458	6787431
13502459	33482
13502460	4476568
13502461	3001441
13502462	4254898
13502463	7380876
13502464	10607861
13502465	8445270
13502466	10756332
13502467	12747582
13502468	4185311
13502469	2871181
13502470	2934440
13502471	1701830
13502471	13502680
13502471	13502681
13502471	13502683
13502472	8733139
13502473	2576382
13502474	7272013
13502475	10135261
13502476	4368099
13502477	4077632
13502478	12642433
13502479	13502481
13502479	13502485
13502480	10477558
13502481	13502479
13502482	3286691
13502483	13339565
13502484	2580274
13502485	13502479
13502486	6880712
13502487	3088272
13502487	13654803
13502488	10989745
13502489	8210582
13502490	2576074
13502490	13557121
13502491	6816851
13502492	5063170
13502493	6388399
13502494	6388399
13502495	11396273
13502495	13502948
13502496	6388399
13502497	6388399
13502498	6388399
13502499	9992462
13502500	9814755
13502501	1629261
13502502	6419002
13502503	6419002
13502504	9088236
13502505	6426836
13502506	6426836
13502507	9993355
13502508	8999033
13502509	6423485
13502510	6423485
13502511	13514373
13502511	13514375
13502511	13820616
13502512	13127528
13502513	13127528
13502514	8927789
13502515	9245217
13502516	4790274
13502517	12091182
13502518	5893431
13502519	12851226
13502520	12851226
13502521	12851226
13502522	6067686
13502523	3673369
13502524	10646214
13502525	10646214
13502526	10366304
13502527	10646214
13502528	9999700
13502529	5179574
13502530	10073497
13502531	10073497
13502532	10073497
13502533	8436209
13502534	6835827
13502534	13661110
13502535	8436208
13502536	4417297
13502536	13747948
13502537	3928885
13502538	3620210
13502538	7228197
13502538	13672729
13502539	3928885
13502540	11339332
13502541	6368476
13502542	13462713
13502543	6352820
13502543	7230434
13502544	8678952
13502545	3928885
13502546	9393022
13502547	3928887
13502549	3928869
13502551	3928867
13502552	3928859
13502553	2387420
13502553	13672727
13502553	13672728
13502554	3928859
13502555	10990324
13502556	5916062
13502557	8026648
13502558	13152959
13502559	12804151
13502560	3928856
13502561	3928856
13502562	7010182
13502563	406908
13502563	8555205
13502563	13541298
13502564	11026724
13502565	10558822
13502566	6034146
13502567	11179342
13502568	8808525
13502569	11350297
13502571	7909759
13502572	10005473
13502573	1549303
13502573	13744039
13502574	3915649
13502575	5826155
13502576	10535488
13502577	2891738
13502578	12210721
13502579	7435583
13502580	2857348
13502580	13688996
13502581	2249458
13502582	13477797
13502583	6246582
13502584	13502069
13502585	10206823
13502586	11148683
13502587	12631406
13502588	2935880
13502589	817019
13502590	4198036
13502591	1494376
13502591	13502592
13502592	1494376
13502592	13502591
13502594	13502068
13502595	2450391
13502598	3531181
13502599	12281271
13502601	5380310
13502602	8118706
13502603	9075847
13502604	13502067
13502605	1706815
13502606	2745961
13502606	13657170
13502607	1517863
13502608	13502066
13502609	2206959
13502610	4403968
13502612	1973436
13502612	13347446
13502613	13502065
13502614	6252066
13502615	6252066
13502616	13502064
13502617	13502618
13502618	13502617
13502619	2718890
13502620	13502063
13502621	1896357
13502622	5603101
13502623	5603101
13502624	7732807
13502624	13502627
13502625	13502062
13502626	8862622
13502627	7732807
13502627	7863571
13502627	7863573
13502627	7863574
13502627	9053135
13502627	12137744
13502627	13502624
13502628	3071720
13502629	13502061
13502630	13502061
13502631	11234672
13502632	13502060
13502633	13502060
13502634	13502054
13502635	8279636
13502636	1841744
13502636	1899014
13502637	13502048
13502638	13502048
13502639	13502046
13502640	10754094
13502642	13502045
13502643	13502042
13502644	573466
13502645	2829625
13502646	2829625
13502647	13502041
13502648	13502039
13502649	5488694
13502650	13502039
13502651	7634401
13502652	13502039
13502653	8358419
13502654	13502039
13502655	13502038
13502656	2284347
13502657	10747
13502658	13502038
13502659	1141403
13502660	13502037
13502661	1141403
13502662	12697887
13502663	12697887
13502664	970040
13502665	12068418
13502666	12068418
13502668	13502037
13502669	12971520
13502670	7754740
13502671	13502036
13502672	13502036
13502673	13502036
13502674	13372035
13502675	12420591
13502676	13372035
13502677	13502036
13502678	4096759
13502679	313599
13502679	532607
13502679	12420552
13502679	12420553
13502680	13502471
13502680	13502685
13502681	13502471
13502681	13502685
13502682	13502036
13502683	13502471
13502683	13502685
13502684	13502036
13502685	13502680
13502685	13502681
13502685	13502683
13502686	12456628
13502687	11120471
13502688	13502035
13502689	2036307
13502690	13502035
13502691	2036307
13502692	7410778
13502692	13502442
13502693	2036307
13502694	2036307
13502695	13502034
13502696	13502033
13502697	8681618
13502698	8681618
13502699	4462777
13502699	10801785
13502700	8681618
13502701	4462778
13502701	10801785
13502702	9069930
13502703	13502029
13502704	9069930
13502705	5884391
13502706	13502011
13502707	7470613
13502708	13502028
13502709	11209290
13502709	13503090
13502710	8910900
13502711	13502007
13502712	13502009
13502713	9600745
13502713	13503092
13502714	13247302
13502715	11413103
13502715	13503087
13502715	13503088
13502716	9388580
13502717	6975627
13502718	12867903
13502719	12507063
13502720	13502025
13502721	2534695
13502722	2534695
13502723	13502724
13502723	13502726
13502724	13502723
13502726	13502723
13502726	13502728
13502726	13502946
13502727	13502027
13502728	13502726
13502729	13502029
13502730	13502027
13502731	11359519
13502732	11359519
13502733	13502026
13502734	13502026
13502735	1639849
13502736	13502023
13502737	5663378
13502738	9413334
13502739	13502023
13502740	2347724
13502741	2347724
13502742	2347724
13502743	4308030
13502744	8872874
13502745	13502021
13502746	11305582
13502746	13502917
13502747	11194234
13502748	11413051
13502748	12264640
13502749	11387235
13502749	13502910
13502749	13502913
13502750	10675606
13502750	13503304
13502751	13502016
13502752	10675606
13502752	13503301
13502753	13502016
13502754	13502015
13502755	13502015
13502756	2742981
13502756	11349851
13502757	13502014
13502758	10381585
13502759	7555124
13502759	13502842
13502760	9336140
13502761	12685495
13502761	13502841
13502762	12685495
13502762	13502783
13502762	13502784
13502762	13502785
13502762	13502786
13502763	13502013
13502764	13502012
13502765	13502010
13502766	6095556
13502766	11392488
13502767	12867565
13502767	13502839
13502768	13502008
13502769	11264564
13502769	13502827
13502770	13502005
13502771	4287325
13502771	11405124
13502771	13502817
13502771	13502818
13502771	13502820
13502772	11217766
13502772	13502856
13502774	11387909
13502774	13502812
13502775	9774438
13502775	13545475
13502776	10474385
13502777	10474385
13502778	9163428
13502779	9829878
13502779	11615622
13502780	8393557
13502782	7549622
13502783	13502762
13502784	13502762
13502785	13502762
13502786	13502762
13502787	9696924
13502788	11409931
13502788	13001785
13502789	13485
13502789	32288
13502789	1432073
13502789	1513584
13502790	9363476
13502791	9985864
13502792	9985864
13502793	9155903
13502794	5969789
13502795	11406880
13502796	2619484
13502797	10480011
13502798	9696818
13502799	888384
13502800	9697871
13502801	9727680
13502802	9231134
13502803	10537603
13502804	10537602
13502804	10537603
13502805	10535637
13502806	3050818
13502807	10998039
13502808	2549192
13502809	2549192
13502811	11056938
13502812	13502774
13502813	10549375
13502814	9615601
13502814	9615602
13502815	5913734
13502816	10535715
13502817	13502771
13502818	13502771
13502819	5585386
13502820	13502771
13502821	13502002
13502822	1134548
13502822	1134794
13502822	1138338
13502822	11236011
13502823	8451871
13502824	8451871
13502825	10128974
13502826	9774163
13502827	13502769
13502828	1475361
13502829	9413259
13502830	10552909
13502831	1640205
13502832	1640205
13502833	10552909
13502834	1640205
13502835	9698019
13502836	9025524
13502837	1860541
13502838	1860541
13502839	13502767
13502840	9209805
13502841	8480434
13502841	13502761
13502842	13502759
13502843	6872882
13502844	6872882
13502845	6872882
13502846	13501999
13502847	6872882
13502848	6872882
13502849	511908
13502849	5068832
13502850	8539368
13502851	9697415
13502852	9209740
13502853	6360906
13502854	9209740
13502855	9730252
13502856	13502772
13502857	12822619
13502858	664024
13502859	664024
13502860	8733755
13502861	1854155
13502862	12137339
13502863	9728162
13502864	10474404
13502865	8717064
13502866	11897714
13502867	9802158
13502868	11897714
13502869	11897714
13502870	307769
13502871	13501998
13502872	7948625
13502873	8411002
13502874	687982
13502875	687982
13502875	8650665
13502876	687982
13502877	6037656
13502878	9206528
13502878	10798097
13502879	13501993
13502880	9206528
13502881	7851088
13502881	7851119
13502881	9206528
13502881	13502884
13502881	13502885
13502881	13687190
13502882	3204102
13502883	9155829
13502884	13502881
13502885	13502881
13502886	10480265
13502887	8181139
13502888	11962821
13502889	9206556
13502890	9206556
13502891	5238510
13502892	13501545
13502893	6602035
13502894	9206556
13502894	13502896
13502894	13502940
13502895	6602035
13502896	13502894
13502897	10495004
13502898	10564401
13502899	10474620
13502900	6142448
13502902	4802472
13502903	4802472
13502905	11442309
13502906	9729780
13502907	11902526
13502908	8717150
13502908	9206570
13502909	3878023
13502910	13502749
13502911	9774470
13502912	459557
13502912	3878023
13502913	13502749
13502914	10680765
13502915	9615379
13502916	10551494
13502917	13502746
13502918	10551494
13502920	11057108
13502921	3684409
13502922	10474338
13502922	10474339
13502923	4823174
13502924	4823174
13502925	10559729
13502926	8627862
13502927	9206539
13502928	8752541
13502929	5668052
13502929	9014377
13502930	13501987
13502931	12856575
13502932	12856575
13502933	12436534
13502934	12436157
13502935	9766825
13502935	13730782
13502935	13730788
13502936	9014391
13502937	9014387
13502938	9014387
13502939	9014391
13502940	13502894
13502941	9014376
13502942	9014376
13502943	9014373
13502944	9014373
13502945	8196844
13502946	13502726
13502947	8196844
13502948	13502495
13502949	1111577
13502950	2157394
13502951	73252
13502951	2157394
13502952	1535873
13502953	1103301
13502953	4552681
13502954	1111577
13502955	1103301
13502955	13705751
13502956	1111577
13502957	1111577
13502958	10484877
13502959	13501334
13502960	3992105
13502961	13501336
13502962	8387717
13502963	13502276
13502964	4739846
13502965	9728129
13502966	13501987
13502967	9728303
13502968	13501278
13502969	13501272
13502970	13099840
13502971	8368880
13502971	13545474
13502972	9697357
13502973	3820182
13502974	3820182
13502975	9985984
13502975	13557141
13502976	10471347
13502977	10549324
13502978	10471347
13502979	13501992
13502980	10471347
13502981	5964396
13502982	5964396
13502983	5964396
13502984	5964396
13502985	10474600
13502986	238962
13502987	238962
13502988	9985928
13502989	9985928
13502991	9728277
13502992	2262813
13502993	8393832
13502994	2262813
13502995	13501253
13502996	13501252
13502997	12762035
13502998	2396181
13502998	2397651
13502998	2397653
13502999	13501094
13503000	2396181
13503000	2397649
13503000	2397656
13503001	2396181
13503001	2397651
13503001	2397653
13503001	2465775
13503001	6537431
13503003	13500943
13503004	2396181
13503004	2397649
13503004	2397656
13503004	6537431
13503005	9209932
13503006	13500944
13503007	9615653
13503007	9615655
13503008	2396181
13503008	2397652
13503008	2397654
13503009	2396181
13503009	2397650
13503009	2397655
13503010	6291888
13503011	1695899
13503012	13500923
13503013	2396181
13503013	2397652
13503013	2397654
13503013	2465775
13503013	6537431
13503014	5557011
13503016	13501188
13503017	11096598
13503018	11096598
13503019	8723104
13503020	8723104
13503021	2543668
13503022	367317
13503023	2396181
13503023	2397651
13503023	2397653
13503024	6696631
13503024	6696632
13503024	6869456
13503024	6869491
13503025	402611
13503026	2396181
13503026	2397649
13503026	2397656
13503027	9729931
13503028	2396181
13503028	2397652
13503028	2397654
13503029	2396181
13503029	2397650
13503029	2397655
13503030	10559731
13503032	13502326
13503033	5660222
13503035	8636417
13503036	7995111
13503040	2014232
13503041	2014232
13503042	1213353
13503043	9615625
13503044	13502214
13503045	13502175
13503046	9206576
13503047	9615583
13503048	13502173
13503049	9209865
13503049	9615583
13503050	13502171
13503051	5810075
13503052	13502166
13503053	13502156
13503054	10019953
13503055	13502154
13503058	13502150
13503059	13505442
13503060	10552753
13503061	10552753
13503062	9209807
13503063	10562078
13503066	9209741
13503067	3053540
13503068	8705281
13503069	8705281
13503070	1747762
13503071	13501989
13503072	7842486
13503073	3910063
13503074	9697122
13503076	2851335
13503078	6017263
13503079	13501986
13503080	2265581
13503080	2265671
13503080	5179324
13503081	13501983
13503082	6014332
13503083	10552853
13503084	11150762
13503085	13501981
13503086	9696764
13503086	9730175
13503087	13502715
13503088	13502715
13503089	9730175
13503090	13502709
13503091	11378872
13503091	13526564
13503092	13502713
13503093	10559169
13503093	10559170
13503093	10559173
13503093	13503094
13503093	13508285
13503093	13508777
13503093	13509651
13503093	13509652
13503093	13511255
13503093	13512951
13503093	13514685
13503093	13516441
13503094	13503093
13503095	5370399
13503096	8752484
13503097	13501980
13503098	10474564
13503098	13503664
13503099	10474311
13503100	13501980
13503101	8191456
13503102	2021382
13503103	1788725
13503104	8970104
13503106	1371647
13503107	13501974
13503107	13501975
13503108	2926723
13503109	2926723
13503110	13503123
13503110	13503162
13503110	13503165
13503110	13503168
13503110	13503199
13503110	13503203
13503110	13503273
13503110	13503277
13503110	13503281
13503110	13503285
13503110	13503357
13503110	13503362
13503110	13503365
13503112	2926723
13503113	9729765
13503114	9728284
13503115	9774432
13503115	13342796
13503116	9774432
13503117	2455859
13503118	5989855
13503119	9157178
13503119	9157818
13503119	13503128
13503119	13508284
13503119	13508774
13503119	13509649
13503119	13511251
13503119	13511254
13503119	13511727
13503119	13512948
13503119	13514684
13503120	13501974
13503121	11026824
13503122	4275476
13503123	13503110
13503124	13501969
13503125	9831335
13503126	13501969
13503127	11942596
13503128	13503119
13503129	9727279
13503130	2228625
13503131	9727324
13503132	13501968
13503133	10019740
13503134	10758784
13503135	13501963
13503136	3245510
13503137	1150672
13503137	1158364
13503137	1158367
13503137	13503145
13503137	13508282
13503137	13508762
13503137	13511245
13503137	13511246
13503137	13511248
13503137	13511249
13503137	13511697
13503137	13511702
13503137	13512936
13503137	13512937
13503137	13514515
13503137	13514517
13503137	13514682
13503137	13514683
13503138	1150672
13503138	13503145
13503139	3791748
13503140	12151940
13503141	11534222
13503142	8452352
13503143	2762751
13503144	9476590
13503145	1150672
13503145	13503137
13503145	13503138
13503146	8083998
13503147	5646480
13503148	5913451
13503149	10549173
13503150	3694243
13503151	2929306
13503152	12835312
13503152	13554193
13503153	10323101
13503154	9465749
13503155	5484027
13503156	10190292
13503157	12679381
13503158	5448703
13503158	7980468
13503159	7980468
13503160	11802903
13503161	658093
13503162	13503110
13503163	12488674
13503164	3034788
13503165	13503110
13503166	2664427
13503167	12918720
13503168	13503110
13503169	2556721
13503170	5581925
13503171	13029565
13503172	10366809
13503173	10812321
13503175	7497067
13503176	8395248
13503177	7911344
13503178	13463295
13503179	3260863
13503180	13038702
13503181	1444644
13503182	12878667
13503183	9164777
13503184	10364674
13503185	2589432
13503186	11599040
13503187	4138673
13503188	13373582
13503190	12326418
13503191	13292548
13503192	5692144
13503193	9080151
13503195	12992669
13503196	7866103
13503198	7866103
13503199	13503110
13503200	2600999
13503201	10163785
13503202	11245261
13503203	13503110
13503204	9456355
13503205	5553680
13503206	6773384
13503207	6773384
13503208	6773384
13503210	10134928
13503210	13529777
13503211	10134928
13503212	11715199
13503213	3276831
13503214	4897466
13503215	9351542
13503216	11903149
13503217	11903149
13503218	11081783
13503219	11905815
13503220	3594806
13503221	7973467
13503222	7973467
13503223	5121099
13503224	10507563
13503225	8829346
13503226	10739550
13503227	9444004
13503228	2822482
13503228	13635022
13503229	13006311
13503230	2035013
13503231	13006311
13503232	8026806
13503233	3266352
13503234	3266352
13503235	10631238
13503235	12121250
13503235	12121261
13503235	12255153
13503236	4962113
13503237	11881946
13503237	13503283
13503238	4962112
13503239	3272523
13503240	4119725
13503241	12036706
13503242	2933400
13503243	9171933
13503243	13503332
13503244	9171933
13503244	13503335
13503245	12343719
13503246	753676
13503247	3161591
13503248	10620436
13503249	7698335
13503250	4257178
13503251	11295962
13503252	6590441
13503253	8623392
13503254	11428002
13503255	12452714
13503256	11297488
13503257	13375517
13503258	11275957
13503259	11529770
13503260	6086993
13503260	6105423
13503260	6105424
13503261	13605897
13503261	13605898
13503262	128649
13503263	11300678
13503264	11908971
13503265	11300678
13503266	2248063
13503266	9683497
13503267	10046625
13503268	8487568
13503269	23172
13503269	1188181
13503269	9432230
13503270	23172
13503270	846856
13503270	9432230
13503271	12210617
13503271	13503274
13503271	13503275
13503272	2541456
13503272	3446697
13503273	13503110
13503274	13503271
13503275	13503271
13503277	13503110
13503281	13503110
13503282	7107530
13503283	13503237
13503284	11039525
13503284	13503351
13503285	13503110
13503286	9468834
13503286	13503295
13503286	13503296
13503286	13503297
13503286	13503298
13503286	13503299
13503288	11983977
13503288	13503294
13503289	13508436
13503290	6794003
13503290	11376600
13503290	13503292
13503291	11297208
13503292	6793022
13503292	13503290
13503293	11297208
13503294	13503288
13503295	13503286
13503296	13503286
13503297	13503286
13503298	13503286
13503299	13503286
13503300	12881501
13503301	13502752
13503302	4257804
13503303	597922
13503304	13502750
13503305	6590495
13503306	5665529
13503307	11367272
13503308	8623479
13503310	9487837
13503310	13635024
13503311	11105895
13503312	8774197
13503313	11285290
13503314	5477418
13503315	12727213
13503316	11327640
13503317	11393203
13503317	11708006
13503318	7877911
13503321	5678561
13503322	11954629
13503324	3776560
13503327	3336175
13503327	13603226
13503328	7749268
13503330	13071134
13503331	13503334
13503332	13503243
13503333	7211192
13503334	13503331
13503335	13503244
13503336	7972361
13503337	11432826
13503338	12609207
13503339	12609206
13503340	2775016
13503341	10147060
13503342	13418391
13503342	13545473
13503343	7419961
13503345	7673852
13503346	11026615
13503348	6877777
13503349	11169294
13503349	11169296
13503350	11026615
13503351	13503284
13503351	13503355
13503352	10300411
13503353	8644202
13503353	9086262
13503353	9435235
13503353	9435237
13503353	9435238
13503354	6852563
13503354	13539104
13503355	13503351
13503356	11290712
13503357	13503110
13503358	13338675
13503359	13419963
13503360	11442139
13503360	13512157
13503360	13512158
13503361	9834683
13503361	9834690
13503361	11518453
13503361	11643157
13503362	13503110
13503363	9403886
13503364	9403886
13503365	13503110
13503366	3706668
13503367	5220832
13503367	5220833
13503367	11382894
13503368	13056958
13503369	13385708
13503370	1350258
13503371	11878636
13503371	13512159
13503371	13512160
13503372	11878636
13503372	13512159
13503372	13512161
13503373	7591136
13503373	13617887
13503373	13617888
13503374	6160167
13503375	11434048
13503376	7591136
13503377	11434048
13503378	11187449
13503379	12833595
13503380	13344709
13503381	13100377
13503381	13100378
13503382	11146994
13503383	3683829
13503384	9485365
13503385	12508109
13503386	11111147
13503389	13350497
13503390	3649535
13503391	11418411
13503391	13503402
13503392	3561978
13503392	4027962
13503392	4377984
13503393	13243433
13503394	11418411
13503394	13503400
13503397	13495966
13503398	11418411
13503399	12863935
13503400	13503394
13503401	2256824
13503401	2323833
13503401	7063158
13503401	7478053
13503402	13503391
13503403	8808880
13503403	8808881
13503403	8826778
13503404	12655128
13503405	10657187
13503408	6452422
13503409	12822931
13503411	9128321
13503412	4606736
13503412	13669883
13503413	9128321
13503414	9052182
13503414	9052183
13503414	9052184
13503414	9052185
13503415	898817
13503417	12975645
13503417	12975646
13503418	9595019
13503419	8977236
13503419	13503876
13503420	9467163
13503421	535139
13503422	9467163
13503423	6961363
13503423	6961364
13503423	6961366
13503423	6961367
13503423	6961369
13503423	6961370
13503424	9467163
13503425	8525055
13503426	10487956
13503427	13445988
13503427	13445991
13503427	13445992
13503427	13503875
13503428	8660294
13503429	13130369
13503430	382954
13503431	7865117
13503431	7865119
13503432	5030927
13503432	5037189
13503432	5037191
13503432	5037532
13503432	13503869
13503432	13503870
13503432	13503872
13503432	13508278
13503432	13508750
13503432	13509647
13503432	13511237
13503432	13511681
13503432	13512931
13503432	13514513
13503432	13514675
13503432	13514676
13503432	13514679
13503432	13514680
13503433	13503434
13503434	13503433
13503435	5435634
13503435	5964885
13503435	8690037
13503436	11608460
13503437	2771192
13503438	5053380
13503439	12189248
13503439	12189249
13503440	1076651
13503441	10297797
13503441	13715238
13503442	7300663
13503443	13503445
13503444	9120177
13503445	13503443
13503445	13503455
13503445	13503457
13503445	13637671
13503446	4153146
13503447	3788204
13503449	5642239
13503450	5642239
13503451	933062
13503452	1663966
13503452	13503465
13503452	13508276
13503452	13508732
13503452	13509644
13503452	13511235
13503452	13514672
13503453	9083910
13503453	13512156
13503454	1663966
13503455	13503445
13503456	4789920
13503456	4789923
13503457	13503445
13503458	7111600
13503459	11047259
13503460	7007461
13503461	13006158
13503462	10657187
13503462	13503867
13503463	1101830
13503463	13503866
13503463	13508265
13503463	13508711
13503463	13508715
13503463	13508716
13503463	13509642
13503463	13511233
13503463	13514669
13503463	13516420
13503463	13516421
13503464	1101830
13503465	13503452
13503466	1906422
13503467	2371614
13503468	1476588
13503468	1476591
13503468	4324861
13503468	13503864
13503468	13508262
13503468	13508695
13503468	13509641
13503468	13511227
13503468	13512912
13503468	13514668
13503468	13516418
13503469	13503474
13503470	730588
13503471	13503477
13503472	1242547
13503472	10732469
13503473	6821821
13503473	13503862
13503474	13503469
13503475	13503793
13503475	13503796
13503476	12038342
13503477	13503471
13503477	13503492
13503477	13503493
13503477	13503495
13503477	13503959
13503478	12038342
13503479	958920
13503480	11387076
13503480	13503482
13503481	525639
13503482	13503480
13503483	8641583
13503483	8910279
13503483	8910280
13503484	13503489
13503485	9311809
13503486	11985718
13503487	12240099
13503488	11985718
13503489	13503484
13503490	11985718
13503491	3991038
13503492	13503477
13503493	13503477
13503494	12235786
13503495	13503477
13503496	13450015
13503497	2980523
13503498	13245479
13503499	11739817
13503499	12603090
13503499	12638528
13503500	11126368
13503500	13512198
13503501	11126368
13503501	13512199
13503502	8548025
13503503	13503505
13503504	3421739
13503505	13503503
13503505	13503506
13503506	13503505
13503507	10709169
13503508	12331562
13503508	13715307
13503509	7712905
13503509	12744392
13503510	12334241
13503511	10468591
13503512	8587943
13503513	10468591
13503514	12304930
13503515	8558292
13503516	5302781
13503517	13503518
13503518	13503517
13503519	8558292
13503520	7210818
13503520	13503539
13503520	13503540
13503521	7210820
13503521	13512197
13503523	12414423
13503525	13503811
13503525	13503814
13503526	13503806
13503526	13503807
13503527	13503533
13503527	13503753
13503528	2044460
13503529	1341827
13503529	13503532
13503529	13503954
13503530	13503531
13503531	13503530
13503531	13737284
13503532	24847
13503532	13503529
13503533	13503527
13503534	13503537
13503535	2347855
13503536	11376781
13503537	13503534
13503538	11376781
13503539	13503520
13503539	13503773
13503540	13503520
13503540	13503772
13503541	13503542
13503542	13503541
13503543	13503552
13503544	2012742
13503544	11354737
13503544	13503548
13503544	13503550
13503545	13503714
13503545	13503746
13503547	11843244
13503547	13512154
13503547	13512155
13503548	13503544
13503549	9058432
13503550	13503544
13503552	13503543
13503553	13503558
13503553	13503564
13503554	783986
13503555	13503557
13503556	9921123
13503557	13503555
13503558	13503553
13503559	13503560
13503560	13503559
13503561	13503563
13503561	13503566
13503562	7777731
13503562	13411083
13503563	13503561
13503564	13503553
13503565	7546328
13503565	13503600
13503566	13503561
13503566	13503567
13503566	13503924
13503567	13503566
13503568	2635355
13503569	9189241
13503570	7413056
13503571	10568976
13503571	11384355
13503572	8339184
13503574	10751123
13503575	1636492
13503576	10751123
13503576	13512149
13503576	13512150
13503576	13512151
13503576	13512152
13503577	9123086
13503578	11988601
13503580	11181922
13503580	13512148
13503581	3636331
13503582	3636331
13503583	3636331
13503584	3636331
13503585	3636331
13503586	3636331
13503587	9796650
13503588	11201376
13503589	13503595
13503590	9796650
13503591	7587736
13503591	7801468
13503591	9933511
13503592	9377396
13503593	9377396
13503594	11300292
13503595	13503589
13503596	11194472
13503597	11197714
13503597	13512147
13503598	10791911
13503598	12782690
13503598	12877654
13503599	13470557
13503600	13503565
13503601	13501959
13503601	13501960
13503602	11197714
13503603	12519965
13503604	12760306
13503605	12241272
13503606	12241272
13503607	12241272
13503608	12120333
13503609	10852563
13503610	10852563
13503611	10852563
13503612	11895812
13503613	11895812
13503614	7897627
13503614	11895812
13503615	11895812
13503616	10632053
13503617	10632053
13503617	13615606
13503618	10632053
13503619	10075763
13503620	9862247
13503621	9862247
13503622	9862247
13503623	8382227
13503623	8580098
13503624	8319075
13503625	8319075
13503626	7897627
13503627	7453174
13503628	7453174
13503629	7453174
13503630	7144730
13503631	6113944
13503632	6113944
13503633	6049456
13503633	13679336
13503634	6049456
13503635	6049456
13503636	5754507
13503637	5754507
13503638	5754507
13503639	5754507
13503640	13501957
13503640	13501958
13503641	3171306
13503642	2913980
13503643	2913980
13503644	2913980
13503645	12677128
13503646	12677128
13503647	12486969
13503648	12486969
13503649	12233216
13503650	12233216
13503651	13501958
13503652	508336
13503652	13503657
13503652	13503763
13503652	13503769
13503653	12079759
13503654	12079759
13503655	12079759
13503656	6601963
13503657	5482152
13503657	13503652
13503657	13503763
13503657	13503769
13503658	10987334
13503659	4257877
13503660	10928287
13503661	8390630
13503662	13501937
13503663	10377698
13503664	13503098
13503664	13503677
13503664	13503679
13503665	13501935
13503666	13501935
13503667	1243681
13503667	4036902
13503667	13503671
13503667	13503835
13503668	10010696
13503669	1814460
13503670	10215861
13503671	13503667
13503671	13503672
13503672	13503671
13503672	13503833
13503673	367720
13503674	10186000
13503675	10186000
13503676	13501926
13503677	13503664
13503678	10185927
13503679	13503664
13503679	13503764
13503680	10075764
13503680	10075765
13503681	11175406
13503682	11175406
13503683	11667606
13503684	11667606
13503685	10863133
13503686	10785708
13503687	10784600
13503689	10515780
13503690	10515780
13503691	10478791
13503692	10478791
13503693	10472713
13503694	9635610
13503695	9635610
13503696	9143873
13503697	8931130
13503698	8931130
13503699	8924410
13503700	8924410
13503701	13501924
13503702	8909333
13503703	8909333
13503704	8909333
13503705	8801585
13503706	13501876
13503707	13503711
13503708	6401574
13503709	6268531
13503710	6268531
13503711	13503707
13503711	13503728
13503712	5546210
13503713	5546210
13503714	13503545
13503715	594530
13503716	5546210
13503717	5546210
13503718	5169446
13503719	5169446
13503720	5169446
13503721	13501875
13503722	5169446
13503723	4841278
13503724	2625423
13503725	2625423
13503726	1762459
13503727	1762459
13503728	13503711
13503729	13501874
13503730	13505440
13503731	1172825
13503732	1172825
13503733	319316
13503733	1409039
13503734	319316
13503734	1409039
13503735	258533
13503736	258533
13503737	65089
13503738	65089
13503739	65073
13503740	65073
13503741	33835
13503742	4501364
13503743	4501364
13503744	4291509
13503745	13466170
13503746	13503545
13503747	13466170
13503748	13133597
13503749	11793005
13503751	11524597
13503753	13503527
13503754	11524597
13503755	11051007
13503756	10965604
13503757	10965604
13503758	10765666
13503759	10765666
13503760	8546763
13503761	10657384
13503762	250245
13503762	10303600
13503763	508336
13503763	5482152
13503763	13503652
13503763	13503657
13503763	13503769
13503764	13503679
13503765	9838846
13503766	1157753
13503767	1157753
13503768	11296037
13503768	13509737
13503769	500097
13503769	508336
13503769	8004751
13503769	13503652
13503769	13503657
13503769	13503763
13503770	9011987
13503771	9011987
13503772	13503540
13503772	13503784
13503772	13503785
13503773	13503539
13503774	11946949
13503775	11946950
13503776	11946949
13503777	11946950
13503778	11946949
13503779	10359537
13503780	11946950
13503781	11946949
13503782	11946950
13503783	12349758
13503784	13503772
13503785	13503772
13503785	13503790
13503786	11566486
13503786	13509742
13503787	13501865
13503788	611143
13503789	11043721
13503790	13503785
13503791	13503792
13503792	13503791
13503793	13503475
13503796	13503475
13503796	13503821
13503796	13503826
13503797	6311298
13503798	6263590
13503799	6263590
13503800	6263590
13503801	6263590
13503802	6253672
13503803	6079146
13503804	4755525
13503805	11296037
13503805	13509738
13503806	13503526
13503807	11942871
13503807	13503526
13503808	2053947
13503809	2053947
13503810	9024093
13503811	13503525
13503811	13503831
13503812	2053947
13503814	13503525
13503815	1786567
13503816	1499935
13503817	734248
13503818	1354888
13503819	13501858
13503820	11486344
13503821	13503796
13503821	13503822
13503822	13503821
13503822	13503827
13503823	325090
13503824	299374
13503825	299374
13503826	13503796
13503827	13503822
13503830	13503841
13503830	13503844
13503831	13503811
13503832	11266314
13503833	13503672
13503834	13501849
13503835	13503667
13503836	13501846
13503837	289407
13503838	289407
13503839	13142408
13503840	13142408
13503841	13503830
13503842	13501845
13503843	12170559
13503844	13503830
13503845	13501844
13503846	11127686
13503847	11829866
13503848	11829866
13503849	641080
13503850	10676062
13503850	11614030
13503851	641080
13503851	13505697
13503852	11155812
13503852	13509749
13503852	13509751
13503853	11714133
13503854	13501842
13503855	11521362
13503856	11521362
13503857	11432103
13503858	11432103
13503859	13501841
13503860	11035378
13503861	11031969
13503862	13503473
13503863	13501840
13503864	13503468
13503865	11309654
13503865	13504052
13503866	13503463
13503867	13503462
13503868	13501828
13503869	13503432
13503870	13503432
13503871	1032485
13503871	5482153
13503872	13503432
13503873	3024329
13503873	10773228
13503874	3024329
13503874	10773228
13503875	13503427
13503876	13503419
13503877	7164457
13503878	13501826
13503879	3986431
13503880	7149990
13503881	7149990
13503882	13501820
13503883	7131021
13503885	13501819
13503886	6528583
13503887	6528583
13503888	813837
13503888	1279093
13503888	13503891
13503889	6520201
13503890	6520201
13503891	13503888
13503892	13501800
13503893	6271909
13503894	6271909
13503895	6271909
13503896	6179101
13503897	6179086
13503898	11221785
13503898	13503940
13503899	13501797
13503900	6178891
13503901	5129339
13503902	5129339
13503903	5129339
13503904	13501797
13503905	3420028
13503906	3024329
13503907	3024329
13503908	13501787
13503909	13317956
13503910	266642
13503911	266642
13503912	11214421
13503912	13509729
13503913	266627
13503914	13501785
13503915	266627
13503916	266627
13503917	13501784
13503918	258530
13503919	258530
13503920	251171
13503921	13501781
13503922	13501780
13503923	251163
13503924	13503566
13503925	250238
13503926	11221738
13503926	13503935
13503927	55629
13503928	55629
13503929	13145011
13503930	11221738
13503930	13503936
13503931	13501777
13503932	29061
13503933	5161351
13503933	13503942
13503933	13505699
13503934	13501776
13503935	13503926
13503936	13503930
13503937	13406714
13503938	13501773
13503939	12203116
13503940	13503898
13503941	13400590
13503942	13503933
13503942	13503945
13503943	13313655
13503944	13501770
13503945	13503942
13503945	13590747
13503946	13501770
13503947	12324732
13503948	12324732
13503949	12630025
13503950	12720744
13503951	13505439
13503951	13644512
13503952	7024685
13503953	7024685
13503954	13503529
13503954	13503955
13503955	13503954
13503956	501356
13503957	501356
13503958	13501770
13503959	13503477
13503960	13501770
13503961	501356
13503962	13215237
13503962	13545472
13503963	13501769
13503964	13501769
13503965	7381609
13503966	7381609
13503967	7381609
13503968	13501769
13503969	13501769
13503970	9341538
13503970	9488785
13503971	9488785
13503972	12244077
13503972	12244598
13503973	4667610
13503974	10952167
13503975	13501763
13503976	13503977
13503977	13503976
13503977	13509752
13503978	13501749
13503979	13501725
13503980	8976685
13503981	8976685
13503982	13503984
13503983	8976685
13503984	8843310
13503984	13503982
13503985	11418649
13503985	13509712
13503986	8319013
13503987	5902911
13503988	5703564
13503989	5703564
13503990	2628971
13503991	2628971
13503992	2628971
13503993	2276713
13503994	2276713
13503995	251172
13503997	13501723
13503998	11234444
13503998	13504012
13504002	13501723
13504003	11296153
13504004	13501721
13504005	13439444
13504007	5350462
13504008	13504010
13504009	3944673
13504010	13504008
13504010	13728556
13504011	6795749
13504011	6796907
13504012	13503998
13504013	12442078
13504014	13269988
13504015	5871099
13504016	2546197
13504016	4089899
13504016	4779051
13504016	5475456
13504016	5475496
13504016	7686659
13504019	13318371
13504020	13318371
13504021	248234
13504021	433790
13504021	433883
13504021	543568
13504021	3652164
13504021	13288213
13504021	13804565
13504022	1482454
13504023	1124430
13504024	6384638
13504025	6384638
13504026	13424540
13504027	6384638
13504028	2206943
13504029	7525878
13504030	2840224
13504031	3982410
13504032	8509056
13504033	8508752
13504034	8508441
13504035	806020
13504036	13419786
13504037	13419786
13504038	12343644
13504039	13309618
13504040	4862042
13504041	1590003
13504042	1590003
13504043	8416634
13504043	9738419
13504044	13240496
13504045	13504046
13504045	13504047
13504046	13504045
13504047	13504045
13504048	13504049
13504048	13504057
13504048	13504058
13504048	13504059
13504048	13504060
13504049	13504048
13504050	8508356
13504051	8508350
13504052	13503865
13504053	8508334
13504054	8508316
13504055	8505591
13504056	8505520
13504057	13504048
13504058	13504048
13504059	13504048
13504060	13504048
13504061	13500604
13504061	13504063
13504062	13500604
13504062	13504063
13504062	13504073
13504063	13504061
13504063	13504062
13504064	11128743
13504065	13500600
13504068	12292672
13504069	4046419
13504070	5049296
13504071	12443440
13504072	6232854
13504073	13504062
13504073	13504074
13504074	13504073
13504075	13500598
13504076	302001
13504076	1063550
13504076	1189512
13504076	9093354
13504077	277791
13504078	3911536
13504079	13504088
13504079	13504090
13504080	8678749
13504082	8678746
13504082	8678748
13504083	1001118
13504084	6055104
13504084	8307267
13504084	9460913
13504084	9460915
13504085	8659483
13504086	6055104
13504087	6055104
13504088	13504079
13504088	13508580
13504089	3247137
13504090	13504079
13504091	13504092
13504091	13509688
13504092	13504091
13504093	13338175
13504094	13338175
13504095	13338175
13504096	2316291
13504097	13338175
13504098	13504101
13504098	13504102
13504099	13504100
13504099	13509687
13504100	13504099
13504101	13504098
13504101	13508577
13504102	13504098
13504103	13504105
13504103	13509710
13504105	13504103
13504109	12292672
13504110	13504112
13504110	13504115
13504111	13027340
13504111	13506675
13504111	13520904
13504111	13522883
13504112	13504110
13504113	3222400
13504115	13504110
13504116	12186162
13504117	13504118
13504117	13504121
13504118	13504117
13504119	13264489
13504120	12186162
13504121	13504117
13504122	10149627
13504123	13091710
13504124	13091710
13504125	13091710
13504126	13091710
13504127	11053302
13504128	13504185
13504128	13504186
13504129	10729924
13504130	13504172
13504130	13504181
13504131	10729924
13504131	11342817
13504131	13508569
13504132	6776005
13504132	6776006
13504132	13504147
13504132	13504149
13504133	6776005
13504133	6776006
13504133	13504147
13504133	13504149
13504134	240656
13504135	13504166
13504136	13504166
13504137	8376223
13504137	13508581
13504138	13433698
13504139	13433691
13504140	240656
13504141	13433696
13504142	7968711
13504143	10761001
13504143	13508567
13504144	602254
13504144	678034
13504144	1527954
13504144	8810573
13504145	13232715
13504146	10626302
13504146	10626304
13504146	10626305
13504146	10626306
13504146	10626308
13504146	10626309
13504147	13504132
13504147	13504133
13504148	1282636
13504149	13504132
13504149	13504133
13504150	7053313
13504151	10101657
13504152	602254
13504152	678034
13504152	678036
13504152	1900979
13504152	3806637
13504152	3806638
13504152	8810573
13504153	5145861
13504155	8458896
13504156	5145861
13504156	13508532
13504157	10193994
13504158	8452978
13504159	13323535
13504159	13341459
13504159	13638064
13504159	13638084
13504161	13323535
13504161	13341459
13504161	13638064
13504161	13638084
13504162	13323535
13504162	13341459
13504162	13638064
13504162	13638084
13504164	7268347
13504164	7268348
13504165	7268347
13504165	7268348
13504166	13504135
13504166	13504136
13504167	6208474
13504168	4670158
13504169	13476401
13504169	13504187
13504169	13504188
13504169	13508531
13504171	8665596
13504171	13508536
13504172	13504130
13504173	13504176
13504174	10506579
13504176	13504173
13504181	13504130
13504182	4405857
13504185	13504128
13504186	13504128
13504187	13504169
13504187	13505674
13504188	13504169
13504189	12899134
13504189	12899290
13504189	12899388
13504189	12899390
13504189	12899392
13504190	12899134
13504190	12899290
13504190	12899387
13504190	12899389
13504190	12899397
13504190	12899403
13504191	12899134
13504191	12899290
13504191	12899388
13504191	12899390
13504191	12899392
13504192	12899134
13504192	12899290
13504192	12899387
13504192	12899389
13504192	12899397
13504192	12899403
13504193	13091714
13504194	13091714
13504195	13091714
13504196	13091714
13504198	13504199
13504198	13504201
13504199	13504198
13504199	13508534
13504200	7701660
13504200	13506007
13504200	13506011
13504201	13504198
13504202	7701660
13504202	13506002
13504202	13506005
13504203	11421405
13504203	13512146
13504204	13505983
13504204	13505992
13504206	10355529
13504209	1195467
13504210	13504218
13504211	8665557
13504212	13504223
13504213	7738743
13504213	7738750
13504213	7738763
13504213	8485708
13504213	8495770
13504213	13505973
13504214	13504226
13504214	13508526
13504216	13505964
13504217	13505962
13504217	13505963
13504218	13504210
13504218	13509785
13504219	13091715
13504220	13091715
13504221	13091715
13504222	13091715
13504223	5169076
13504223	13504212
13504225	13505952
13504226	13504214
13504227	13433678
13504228	13505950
13504229	680493
13504230	860103
13504231	13394376
13504232	13504235
13504232	13504240
13504232	13504248
13504232	13504256
13504232	13504259
13504232	13504264
13504232	13504275
13504232	13504276
13504232	13504278
13504232	13504285
13504232	13504290
13504232	13504301
13504232	13504306
13504233	7071720
13504234	861884
13504235	13504232
13504236	2873029
13504237	3737250
13504237	5800783
13504237	6629382
13504237	13505943
13504237	13505945
13504237	13505947
13504237	13505948
13504238	2648345
13504239	8415703
13504240	13504232
13504241	13311541
13504242	7306576
13504243	13091717
13504244	13091717
13504245	13091717
13504246	10729920
13504246	13305329
13504246	13506673
13504246	13506674
13504247	16188
13504248	13504232
13504249	5431161
13504250	13209621
13504251	5431161
13504252	5422778
13504253	12527687
13504254	5170658
13504255	7733462
13504256	13504232
13504257	13504258
13504258	13504257
13504259	13504232
13504260	3732463
13504261	13001895
13504262	12177453
13504263	1257568
13504264	13504232
13504265	13001895
13504266	12800012
13504267	10333557
13504268	11744338
13504269	12800012
13504270	13505938
13504271	7096571
13504272	13186756
13504273	13472774
13504274	11987943
13504274	13505930
13504275	13504232
13504276	13504232
13504277	10047095
13504278	13504232
13504279	13504280
13504280	13504279
13504281	8040113
13504281	8040114
13504281	8040117
13504281	12828211
13504281	13505922
13504282	8040113
13504282	8040114
13504282	8040117
13504282	12828211
13504282	13505920
13504283	12642940
13504283	13578529
13504284	12828211
13504285	13504232
13504286	12508099
13504287	12772251
13504288	9323556
13504289	12642940
13504290	13504232
13504291	6162291
13504292	8753662
13504293	247118
13504294	13504316
13504294	13504322
13504295	11449963
13504297	7121412
13504298	6663112
13504299	10227093
13504300	6663112
13504301	13504232
13504302	13504303
13504303	13504302
13504305	3283036
13504306	13504232
13504307	9981849
13504308	13504309
13504309	13504308
13504310	5159534
13504311	12775472
13504312	12775472
13504313	12422482
13504313	13506670
13504313	13716512
13504313	13716513
13504313	13716515
13504314	13509684
13504314	13509686
13504315	11585273
13504316	13504294
13504317	6165657
13504318	10729915
13504318	13506665
13504318	13506666
13504319	7126274
13504320	10652581
13504320	10728909
13504320	13203453
13504320	13203454
13504320	13213236
13504320	13506663
13504320	13506664
13504321	13504323
13504322	13504294
13504323	13504321
13504323	13504347
13504324	13504328
13504325	13504327
13504326	12498534
13504327	13504325
13504328	13504324
13504328	13504346
13504329	4914767
13504330	4914767
13504332	13504333
13504333	13504332
13504333	13504334
13504333	13504341
13504333	13504342
13504334	13504333
13504335	13504337
13504336	10759019
13504337	13504335
13504337	13504338
13504338	13504337
13504338	13505919
13504339	13504340
13504340	13504339
13504340	13504344
13504341	13504333
13504342	13504333
13504342	13505914
13504343	13384583
13504343	13506662
13504343	13506668
13504344	13504340
13504344	13505901
13504345	12807521
13504346	13504328
13504346	13505900
13504347	13504323
13504347	13505899
13504348	13499663
13504348	13505897
13504348	13505898
13504349	13499655
13504349	13505896
13504350	13499660
13504351	13499660
13504351	13505891
13504351	13505892
13504352	13504356
13504353	13499660
13504353	13505893
13504353	13505894
13504354	13499660
13504355	13499660
13504355	13505880
13504355	13505890
13504356	13504352
13504356	13504371
13504356	13504372
13504357	8398582
13504358	13499647
13504358	13505876
13504359	8398582
13504360	13499647
13504360	13505875
13504361	13504364
13504361	13514989
13504361	13514993
13504362	13499639
13504362	13505863
13504363	10208872
13504364	13504361
13504366	6854319
13504367	13499627
13504367	13505862
13504368	13499616
13504368	13505859
13504369	13505854
13504370	13504373
13504370	13504376
13504371	13504356
13504372	13504356
13504372	13505845
13504373	13504370
13504373	13508527
13504374	3249337
13504375	13505842
13504375	13505843
13504376	13504370
13504376	13760764
13504377	11810688
13504377	13505836
13504378	2359629
13504379	6265551
13504379	13505834
13504380	6265551
13504380	13505829
13504381	13505828
13504382	6863274
13504383	13505827
13504384	13039550
13504385	13039550
13504386	13039550
13504387	13039550
13504388	3388218
13504388	13505812
13504389	2943085
13504389	2980968
13504389	13505804
13504390	6299983
13504390	6299985
13504390	12733586
13504390	12886109
13504390	13505797
13504391	6299983
13504391	6299985
13504391	12733586
13504391	12886109
13504391	13505795
13504391	13505796
13504392	393803
13504392	13505787
13504392	13505790
13504393	3006451
13504393	11671607
13504393	13505764
13504393	13505768
13504394	3006451
13504394	11671607
13504394	13505762
13504395	12418746
13504395	12418747
13504395	12418749
13504395	13505760
13504396	12418746
13504396	12418747
13504396	12418749
13504396	13505758
13504397	5186990
13504397	5359194
13504397	5359195
13504397	5524984
13504397	13505754
13504397	13505757
13504398	9853909
13504398	9867529
13504398	13505752
13504399	13505746
13504399	13505748
13504400	13505739
13504400	13505742
13504401	13505733
13504401	13505735
13504402	239167
13504403	8901896
13504404	8827405
13504404	8828685
13504404	13567856
13504405	7809959
13504406	7809959
13504407	10230181
13504408	7969594
13504409	11702462
13504410	11543218
13504411	12003471
13504412	7900974
13504413	4975129
13504414	11735459
13504415	423010
13504416	10215624
13504417	9145587
13504418	7931037
13504419	3522717
13504420	3150913
13504420	5010632
13504420	13505732
13504421	3708254
13504422	11236695
13504423	10668309
13504424	2317465
13504424	2502803
13504424	13505727
13504425	1168638
13504425	2317465
13504425	13505706
13504426	13505691
13504427	13505687
13504428	2371743
13504428	2377103
13504428	13505682
13504429	2371741
13504429	2377104
13504429	13505676
13504430	2371747
13504430	2377100
13504430	13505671
13504431	2371745
13504431	2377102
13504431	12733599
13504431	13505666
13504433	13504434
13504433	13504435
13504434	13504433
13504434	13504436
13504434	13504437
13504434	13504438
13504435	13504433
13504435	13504436
13504435	13504438
13504436	13504434
13504436	13504435
13504436	13505653
13504437	13504434
13504438	13504434
13504438	13504435
13504438	13505246
13504439	8959763
13504439	8961110
13504440	10352326
13504440	10354772
13504440	10354774
13504440	13267759
13504440	13267761
13504440	13505240
13504444	13505221
13504446	252501
13504446	657912
13504446	1215234
13504446	1837739
13504446	3658997
13504446	13505172
13504447	7507
13504447	13505168
13504448	12496482
13504449	397248
13504449	1720471
13504449	8917638
13504449	13174804
13504450	6627472
13504450	6627473
13504450	11628728
13504450	11630851
13504450	12252583
13504451	8363410
13504452	13192783
13504453	573868
13504453	2015424
13504454	8119510
13504454	8119516
13504455	12214334
13504456	8363318
13504457	2287651
13504457	2287654
13504457	2330954
13504457	13505083
13504458	8358328
13504459	8119509
13504460	12284551
13504460	12285990
13504460	12293714
13504460	13505078
13504461	4710395
13504462	13118987
13504463	13117660
13504464	13117414
13504465	13117411
13504466	1066454
13504466	13505064
13504466	13505066
13504467	13043455
13504468	1066454
13504468	13505051
13504468	13505055
13504469	11104682
13504470	10622037
13504471	9628610
13504472	8382922
13504473	11106448
13504474	10573800
13504475	11105652
13504476	10631948
13504477	13504478
13504477	13504479
13504477	13504480
13504477	13504481
13504477	13504482
13504477	13504483
13504477	13504484
13504477	13504485
13504477	13504486
13504477	13504487
13504477	13504489
13504477	13504490
13504477	13504492
13504477	13504494
13504477	13504495
13504477	13504497
13504477	13504498
13504478	13504477
13504479	13504477
13504480	13504477
13504480	13504489
13504481	13504477
13504482	13504477
13504482	13504489
13504483	13504477
13504483	13504489
13504484	13504477
13504485	13504477
13504485	13504489
13504486	13504477
13504487	13504477
13504488	12287102
13504489	13504477
13504489	13504480
13504489	13504482
13504489	13504483
13504489	13504485
13504489	13504490
13504489	13504498
13504490	13504477
13504490	13504489
13504491	251692
13504492	13504477
13504493	11958846
13504494	13504477
13504495	13504477
13504496	10166334
13504497	13504477
13504498	13504477
13504498	13504489
13504498	13508529
13504499	10910310
13504500	12249232
13504501	7738730
13504502	5969535
13504503	5969535
13504504	674133
13504505	13370314
13504506	2548632
13504507	2548632
13504508	11430251
13504509	2722375
13504510	6589282
13504511	436849
13504511	436850
13504511	974322
13504511	7917932
13504511	12539322
13504511	12539323
13504511	12539325
13504512	2169931
13504514	492548
13504515	11759627
13504525	13504721
13504525	13505437
13504525	13508199
13504525	13508261
13504525	13508682
13504525	13509639
13504525	13509640
13504525	13511224
13504525	13511618
13504525	13514666
13504525	13516416
13504528	13504723
13504528	13505432
13504528	13505435
13504528	13508207
13504528	13508667
13504528	13511217
13504528	13511219
13504528	13511604
13504528	13514663
13504528	13514664
13504528	13516240
13504529	13550691
13504529	13550693
13504532	3681050
13504533	11106655
13504534	11104866
13504535	1535550
13504535	13824462
13504536	10608971
13504537	10587547
13504537	13635708
13504538	942100
13504539	11106019
13504539	13593670
13504539	13593672
13504540	2655656
13504545	13591500
13504545	13591501
13504559	13535073
13504559	13535074
13504560	3518073
13504560	13535086
13504560	13535087
13504563	6349519
13504565	13535178
13504565	13535179
13504565	13535182
13504566	10241506
13504567	1533364
13504568	942101
13504569	3010513
13504570	12207952
13504571	6305201
13504572	4283454
13504573	8970711
13504574	4716402
13504575	4716402
13504576	2619803
13504577	11619137
13504578	6106917
13504579	12688364
13504580	3616128
13504581	8938425
13504582	4996627
13504583	5791146
13504584	4868216
13504585	7972670
13504586	8300905
13504587	4258889
13504588	1853978
13504589	8821893
13504590	1195685
13504591	7854620
13504592	2770565
13504593	11529319
13504594	1219254
13504595	12855318
13504596	7774550
13504597	5258022
13504598	5145903
13504599	10806397
13504599	13739323
13504600	5300411
13504601	7345240
13504602	8193188
13504603	12537525
13504604	8174479
13504605	12443549
13504606	5396956
13504607	3461764
13504608	9957545
13504609	10806738
13504610	5300442
13504611	7345361
13504612	8193338
13504613	8174506
13504614	12443577
13504615	12443577
13504616	5396976
13504617	3529854
13504617	13654704
13504618	11878342
13504619	12163966
13504620	4925083
13504621	10812866
13504622	4849280
13504623	1589936
13504624	8956550
13504625	2780679
13504625	13529775
13504626	7826188
13504627	4182009
13504628	12608593
13504628	13654850
13504629	13386603
13504630	13453371
13504631	1139186
13504632	8245625
13504633	12851586
13504634	5143260
13504635	10635707
13504636	9957781
13504637	10806909
13504638	5300445
13504639	7345378
13504640	8193561
13504641	12537766
13504642	8174532
13504643	12443602
13504644	5396984
13504645	3599187
13504646	11878427
13504646	13552584
13504649	12617581
13504650	10812896
13504654	8324609
13504656	8956714
13504659	7826239
13504666	13535187
13504666	13535190
13504666	13535192
13504666	13535196
13504672	13795164
13504674	13535153
13504674	13535155
13504674	13535157
13504674	13550721
13504674	13550722
13504674	13550724
13504674	13552865
13504679	13529825
13504687	13557597
13504687	13557599
13504692	13591512
13504692	13591513
13504699	13511590
13504699	13511592
13504699	13524639
13504710	13537046
13504710	13537047
13504710	13537048
13504710	13537049
13504710	13537050
13504710	13537051
13504715	4644232
13504716	13449127
13504717	7500491
13504718	7882723
13504718	9858902
13504719	3922507
13504720	6548476
13504721	13504525
13504722	10256346
13504723	13504528
13504724	9020094
13504724	13667637
13504725	10406631
13504726	3695340
13504727	3408400
13504728	12084788
13504729	2668357
13504730	2912169
13504731	6783540
13504731	13559387
13504732	7210301
13504733	8418107
13504734	10160387
13504735	11848891
13504736	13251155
13504737	2997085
13504738	2997085
13504739	452583
13504739	2192065
13504739	9443680
13504740	4427346
13504741	2969613
13504741	13556930
13504742	11024972
13504742	13831677
13504743	13504758
13504743	13504780
13504743	13506660
13504743	13506661
13504743	13513248
13504744	317059
13504745	13504763
13504745	13506657
13504745	13506658
13504745	13724543
13504746	2204556
13504746	2204557
13504747	7240401
13504747	7240402
13504747	13505283
13504748	7240401
13504748	7240402
13504749	7240401
13504749	7240402
13504750	6954613
13504750	13505669
13504750	13505672
13504751	6954613
13504752	9676636
13504753	26874
13504753	13505309
13504754	26874
13504756	6421357
13504757	6421357
13504758	13504743
13504758	13504780
13504758	13506660
13504758	13506661
13504759	7381695
13504760	7381695
13504762	3060614
13504763	13504745
13504763	13506657
13504763	13506658
13504764	4204201
13504765	11431412
13504765	12121433
13504766	11431412
13504766	12121433
13504767	11431412
13504767	12121433
13504768	7132534
13504769	7132534
13504770	13417105
13504771	12955655
13504772	12955655
13504773	12889721
13504774	12889721
13504775	12876059
13504776	12876059
13504777	12818140
13504778	12818140
13504779	5063973
13504779	13504784
13504780	13504743
13504780	13504758
13504780	13506660
13504780	13506661
13504781	12014656
13504782	12720134
13504782	13504783
13504783	12720134
13504783	13504782
13504783	13757738
13504784	13504779
13504785	8659494
13504785	8659495
13504787	8608864
13504788	8354816
13504789	8329422
13504790	7799864
13504791	7362074
13504792	6007184
13504793	11966106
13504794	1544546
13504795	567252
13504796	567252
13504797	467959
13504798	13594764
13504799	13594767
13504799	13594768
13504800	13509683
13504800	13594809
13504801	13509677
13504801	13594815
13504802	13509669
13504802	13567654
13504803	13509670
13504803	13594851
13504803	13594853
13504803	13594855
13504803	13594856
13504804	13509671
13504805	13509672
13504806	13509122
13504806	13509125
13504806	13509128
13504806	13509129
13504807	13509134
13504807	13509135
13504807	13509137
13504807	13509138
13504811	12248986
13504812	12099365
13504813	12099362
13504814	11106451
13504815	13250476
13504816	10871966
13504817	11105905
13504818	3065524
13504818	13509052
13504819	8363646
13504820	13416861
13504820	13416862
13504820	13509667
13504821	828777
13504821	13506559
13504822	13509661
13504823	13509030
13504823	13509654
13504824	13509028
13504824	13509629
13504825	13509026
13504825	13509656
13504826	13509023
13504826	13509024
13504826	13509657
13504826	13509658
13504827	13509035
13504828	5276756
13504830	12141130
13504831	12079269
13504832	12079270
13504833	6836188
13504834	9811749
13504835	11619504
13504835	13596048
13504835	13596049
13504836	5046236
13504836	5046260
13504836	5046360
13504836	5048181
13504836	5053408
13504836	5054286
13504836	13378017
13504836	13504844
13504837	7603333
13504838	6413476
13504839	2775460
13504840	8300579
13504840	13504841
13504841	8300579
13504841	13504840
13504842	12209640
13504843	8416093
13504844	5046236
13504844	5046260
13504844	5046360
13504844	5053408
13504844	5054286
13504844	13378017
13504844	13504836
13504845	23141
13504846	8878281
13504847	7984816
13504848	788732
13504849	7414654
13504850	7306827
13504851	11785747
13504852	6106970
13504853	6334843
13504854	6862801
13504854	7248794
13504854	9925155
13504855	3721521
13504856	10794269
13504857	8815077
13504858	4962236
13504859	11187321
13504860	11173866
13504861	2373374
13504862	11329314
13504862	13660758
13504863	11387199
13504864	11280481
13504865	13453197
13504866	9184460
13504867	9140968
13504868	8217062
13504870	10540941
13504871	11162372
13504872	8089412
13504873	8012869
13504874	7959385
13504874	8479224
13504874	8974744
13504874	9985648
13504875	10554945
13504875	13603106
13504876	8040832
13504877	6798114
13504878	3036328
13504879	12100602
13504880	11912683
13504881	12100602
13504882	3744041
13504883	2343837
13504883	5069838
13504883	5704125
13504883	5704126
13504883	10046964
13504884	11620676
13504884	13620404
13504885	11200731
13504885	13323612
13504886	1968248
13504887	12925455
13504888	7747769
13504889	9735320
13504890	12326407
13504891	7702245
13504892	9355035
13504893	12997805
13504894	1905344
13504895	598439
13504896	2290286
13504896	10642289
13504897	5051387
13504898	11394280
13504899	12976712
13504900	11600423
13504900	13751757
13504901	11187061
13504902	522314
13504903	2752632
13504904	7460022
13504905	10870998
13504906	11337023
13504907	7423724
13504908	11390048
13504908	13807151
13504908	13807156
13504909	12326300
13504910	447210
13504911	5478778
13504912	8675532
13504913	10660196
13504914	4549837
13504915	2347003
13504916	10356784
13504917	7090931
13504918	13463582
13504919	7891983
13504919	9435843
13504920	2754786
13504921	12880189
13504922	12175549
13504922	12175550
13504923	9129781
13504924	7109609
13504925	13316779
13504926	4682396
13504927	7587548
13504928	7773673
13504929	4981461
13504930	12277267
13504931	12502436
13504932	2636041
13504933	8745072
13504934	2899521
13504935	2680241
13504936	9391021
13504937	2890387
13504938	9391021
13504939	10196084
13504939	10746960
13504940	5689229
13504941	9113107
13504942	12854013
13504943	5564704
13504944	3614926
13504944	13577159
13504945	7960454
13504946	13059907
13504947	5347102
13504948	5269408
13504949	12807699
13504950	7923930
13504951	11369343
13504952	12721123
13504953	5708329
13504954	8184977
13504955	11299040
13504956	8989153
13504956	8990007
13504956	9300388
13504957	12332876
13504958	13121599
13504959	6713415
13504959	8032679
13504959	8032680
13504959	8032681
13504959	10640847
13504960	13121599
13504961	7318873
13504962	8969231
13504963	5522281
13504964	5591528
13504965	4138515
13504967	5522360
13504968	5591790
13504969	10591488
13504969	13548904
13504970	4138524
13504971	13151797
13504972	8085600
13504972	8086018
13504972	9507693
13504973	12837961
13504973	13686999
13504974	12340205
13504975	9168513
13504976	3217668
13504977	12311037
13504978	6732076
13504979	3615045
13504980	11187042
13504981	12282102
13504982	3972453
13504983	11405283
13504984	7865518
13504985	13032950
13504985	13539099
13504986	4813116
13504987	11286801
13504988	4734732
13504989	11192027
13504990	4734732
13504991	8137946
13504992	4226272
13504993	10360328
13504994	11265477
13504995	11265477
13504996	8835091
13504997	11878260
13504998	8835091
13504999	6426328
13505000	6426328
13505001	1872177
13505001	2484734
13505001	11303907
13505002	4226272
13505003	4226272
13505004	9557560
13505005	9447774
13505006	11120943
13505007	9154322
13505008	8147870
13505009	6412054
13505010	9351986
13505011	6427228
13505011	7377381
13505012	6427228
13505012	7377381
13505013	7376648
13505014	5127504
13505015	11354596
13505016	2538050
13505016	10653505
13505017	9776681
13505017	9788518
13505017	11515166
13505019	11303043
13505020	8228277
13505021	12428428
13505022	9448613
13505023	11265471
13505024	9046860
13505025	7377439
13505026	7377439
13505027	11158963
13505028	11279201
13505028	13511829
13505029	5154653
13505030	13505031
13505031	13505030
13505032	11265472
13505033	11265473
13505034	13505035
13505035	13505034
13505036	8687550
13505037	13505038
13505038	13505037
13505039	11093018
13505040	8653687
13505041	10032377
13505042	7030520
13505043	6421515
13505044	10297449
13505045	6421515
13505046	4034490
13505047	7982071
13505048	1454965
13505048	13817041
13505049	547755
13505050	7667887
13505051	13504468
13505052	3955528
13505053	10345071
13505054	13169224
13505055	13504468
13505056	6175934
13505057	6175934
13505058	4855612
13505059	13505060
13505060	13505059
13505061	5267172
13505062	6371601
13505063	13318799
13505064	13504466
13505065	3285531
13505066	13504466
13505067	10188050
13505068	13505070
13505069	7856088
13505070	13505068
13505071	5274082
13505072	8648024
13505073	9432068
13505073	13556666
13505074	13505076
13505075	11844320
13505076	13505074
13505077	8865511
13505078	13504460
13505079	12261315
13505079	13536726
13505079	13536728
13505080	6970171
13505081	4876313
13505082	12966005
13505083	13504457
13505084	5826990
13505085	7067898
13505086	4245201
13505087	496115
13505088	13505090
13505089	13232332
13505090	13505088
13505091	5547254
13505092	1108510
13505093	5132614
13505094	1060768
13505094	13561325
13505095	13505097
13505096	4868871
13505097	13505095
13505098	12102348
13505099	5053765
13505100	2976888
13505101	2500972
13505102	4305805
13505103	13505104
13505104	13505103
13505105	4852567
13505106	4806581
13505107	4850961
13505108	13505109
13505109	13505108
13505110	12366886
13505111	13509007
13505111	13511775
13505112	13509014
13505112	13511790
13505112	13511794
13505113	1536579
13505114	13505115
13505115	13505114
13505116	1541592
13505117	12409630
13505118	1541592
13505119	7379692
13505120	13505122
13505121	1541592
13505122	13505120
13505123	1541592
13505124	12852012
13505125	13509012
13505125	13511799
13505125	13511802
13505125	13511805
13505126	12852012
13505126	13505319
13505126	13505637
13505127	2065389
13505128	12585012
13505129	408371
13505130	11292609
13505131	13505133
13505132	3148622
13505133	13505131
13505134	4936687
13505134	11910000
13505135	2766454
13505136	6627611
13505137	1684977
13505138	3650768
13505139	5680312
13505140	5315326
13505141	13505142
13505141	13508521
13505141	13508522
13505141	13508523
13505142	13505141
13505143	8834099
13505144	8003040
13505145	342654
13505146	2705622
13505147	8597043
13505148	3714840
13505149	13505150
13505150	13505149
13505151	3991329
13505152	13332223
13505153	3303867
13505154	13363482
13505154	13363483
13505154	13603301
13505155	4321323
13505156	5366746
13505156	13653141
13505157	5366746
13505158	252501
13505159	13374859
13505159	13653148
13505160	13505161
13505161	13505160
13505162	4314648
13505163	13332776
13505164	7463496
13505165	13328316
13505166	13505169
13505166	13508517
13505166	13508519
13505167	5364233
13505168	13504447
13505169	13505166
13505170	13332039
13505171	4422268
13505172	13504446
13505173	3988943
13505174	10009770
13505174	10009837
13505174	10493003
13505174	10642949
13505174	12196164
13505175	7664709
13505176	13371742
13505177	8466297
13505177	13505327
13505178	13332030
13505179	4950583
13505180	412377
13505181	13501870
13505181	13505317
13505182	13501851
13505182	13505314
13505182	13505316
13505183	5937928
13505184	1113888
13505184	13501848
13505185	5937928
13505186	5937928
13505187	13499654
13505187	13499656
13505187	13501617
13505187	13505325
13505188	46559
13505189	3946576
13505189	13501048
13505190	5754559
13505190	13056086
13505190	13327309
13505190	13505635
13505191	10040504
13505191	13692938
13505192	1792807
13505192	13501044
13505193	8695957
13505194	13501043
13505195	11180140
13505195	13719708
13505196	9876519
13505196	13501041
13505197	1521307
13505197	1591457
13505198	13501022
13505198	13505320
13505199	2025358
13505199	13618513
13505200	10144976
13505201	10144976
13505202	13501015
13505203	10525197
13505203	13505236
13505204	11693449
13505204	13545333
13505205	9204038
13505206	10525197
13505207	9204038
13505208	10525197
13505209	7037012
13505210	1028855
13505211	8771957
13505212	10232580
13505213	10525197
13505213	12620599
13505214	10115778
13505215	4431810
13505216	10525197
13505216	12620598
13505216	13505256
13505217	10525197
13505217	12620599
13505218	11801877
13505219	5522693
13505220	8554063
13505220	13679096
13505221	13504444
13505222	5941625
13505223	7201608
13505226	12915297
13505226	13505806
13505227	3082182
13505228	13242047
13505229	13242047
13505229	13505628
13505230	8732803
13505231	13499351
13505231	13510567
13505231	13510568
13505232	7395273
13505233	10608217
13505234	243235
13505234	6687590
13505234	7197038
13505234	7276826
13505234	7276827
13505235	10608217
13505236	13505203
13505237	7585108
13505238	7150098
13505238	13505239
13505239	7150098
13505239	13505238
13505240	13504440
13505241	8307739
13505241	13505627
13505242	6412539
13505243	8316002
13505244	8316002
13505245	9075022
13505245	13505247
13505246	13504438
13505247	13505245
13505248	9075022
13505248	13505249
13505248	13505250
13505248	13505251
13505249	9075022
13505249	13505248
13505249	13505269
13505250	9075022
13505250	13505248
13505251	9075022
13505251	13505248
13505252	12808456
13505252	13505622
13505253	12808456
13505253	13505267
13505254	13505258
13505254	13505274
13505254	13505275
13505254	13505276
13505254	13505277
13505254	13505278
13505254	13505279
13505254	13505281
13505254	13505295
13505254	13505298
13505254	13505299
13505254	13505303
13505254	13505308
13505254	13505312
13505254	13505323
13505255	11202215
13505256	13505216
13505257	6698888
13505258	13505254
13505259	6698888
13505260	8479755
13505261	9512077
13505261	9512078
13505262	9512077
13505262	9512078
13505263	9512077
13505263	9512078
13505263	13505265
13505264	11501919
13505265	13505263
13505265	13505266
13505266	13505265
13505267	13505253
13505267	13505268
13505268	13505267
13505268	13505618
13505269	13505249
13505269	13505271
13505270	8915274
13505271	13505269
13505272	11985212
13505273	13505310
13505273	13513889
13505274	13505254
13505275	13505254
13505276	13505254
13505277	13505254
13505277	13505308
13505278	13505254
13505279	13505254
13505280	451725
13505281	13505254
13505281	13505299
13505282	8658404
13505282	12696687
13505282	13508982
13505282	13508985
13505283	13504747
13505283	13505284
13505284	13505283
13505285	13335152
13505286	13281637
13505286	13506651
13505286	13506652
13505286	13506654
13505286	13506984
13505286	13506987
13505287	10589409
13505288	2423234
13505288	13281631
13505288	13506650
13505289	13094247
13505290	13094247
13505290	13505306
13505290	13505307
13505291	13094247
13505292	13281629
13505292	13506648
13505292	13506649
13505293	13505304
13505293	13513891
13505294	13281623
13505294	13506597
13505294	13506645
13505295	13505254
13505296	13281622
13505296	13506642
13505296	13506647
13505297	13505305
13505297	13513895
13505297	13513896
13505298	13505254
13505299	13505254
13505299	13505281
13505299	13505303
13505300	10129943
13505301	10466892
13505302	10466892
13505302	13515679
13505302	13523314
13505302	13523317
13505302	13523318
13505302	13803716
13505303	13505254
13505303	13505299
13505304	13505293
13505305	13505297
13505306	13505290
13505307	13505290
13505308	13505254
13505308	13505277
13505308	13505312
13505309	13504753
13505309	13505311
13505310	13505273
13505311	13505309
13505312	13505254
13505312	13505308
13505313	9602008
13505314	13505182
13505315	1566002
13505315	13505318
13505316	13505182
13505317	8874288
13505317	8874727
13505317	13505181
13505318	13505315
13505319	13505126
13505319	13505321
13505320	8300834
13505320	8300912
13505320	8300914
13505320	9846281
13505320	9846385
13505320	9846455
13505320	13505198
13505321	13505319
13505322	8300833
13505322	8300950
13505323	13505254
13505324	9947303
13505325	13499654
13505325	13505187
13505325	13505332
13505326	13505351
13505326	13505355
13505326	13505387
13505326	13505392
13505326	13505402
13505326	13505407
13505326	13505410
13505326	13505422
13505326	13505425
13505326	13505436
13505326	13505441
13505326	13505455
13505326	13505458
13505326	13505462
13505326	13505463
13505326	13505464
13505327	13505177
13505327	13505328
13505328	13505327
13505329	13495974
13505330	13495974
13505331	13505333
13505331	13505338
13505332	13505325
13505333	13505331
13505334	2456498
13505335	6882395
13505335	6882396
13505336	12379246
13505336	13505337
13505337	13505336
13505338	13505331
13505338	13505340
13505339	7720618
13505340	13505338
13505341	443282
13505342	5043907
13505343	5686407
13505344	5551723
13505345	8739533
13505346	6787833
13505347	6787833
13505348	6787833
13505349	11900378
13505350	13486837
13505350	13490217
13505350	13495968
13505350	13513271
13505351	13505326
13505352	5870999
13505353	8744917
13505354	4255143
13505355	13505326
13505356	1777655
13505356	2842111
13505357	13094249
13505358	13094249
13505359	13094249
13505360	13094249
13505361	5706850
13505361	11820510
13505362	3149718
13505363	39744
13505363	10134855
13505364	12047035
13505365	4206808
13505366	13505427
13505366	13508510
13505367	3825122
13505368	3825122
13505369	6252709
13505369	12382819
13505370	2642631
13505370	7052480
13505371	13513902
13505372	11548980
13505373	11548980
13505374	9008875
13505375	10296012
13505376	2219154
13505376	2456881
13505377	11744870
13505378	11744870
13505379	13382556
13505379	13505960
13505379	13508512
13505380	2745345
13505381	6088870
13505382	6088870
13505383	11664158
13505384	2939803
13505385	608023
13505386	10103424
13505387	13505326
13505388	13476287
13505390	13433898
13505391	13505452
13505392	13505326
13505393	13505400
13505393	13520191
13505393	13527086
13505393	13527088
13505393	13542046
13505393	13542048
13505394	1828658
13505395	1828658
13505396	7121286
13505397	13505406
13505398	13505403
13505400	13505393
13505402	13505326
13505403	13505398
13505404	375719
13505405	13505409
13505406	13505397
13505407	13505326
13505408	11866577
13505409	13505405
13505410	13505326
13505411	13505414
13505412	11866577
13505414	13505411
13505415	406921
13505416	406921
13505417	7326538
13505418	2245501
13505419	2245501
13505420	7739695
13505421	7737804
13505422	13505326
13505423	2994842
13505424	2994842
13505425	13505326
13505426	10041872
13505427	13505366
13505428	5073171
13505429	2961352
13505430	5073171
13505431	12330114
13505432	13504528
13505433	5073171
13505434	5073171
13505435	13504528
13505436	13505326
13505437	13504525
13505438	12311023
13505439	13503951
13505440	13503730
13505441	13505326
13505442	13503059
13505443	12656108
13505443	12656113
13505443	12656127
13505443	12656162
13505443	12656173
13505444	5183636
13505444	13501278
13505445	9259519
13505446	5493788
13505446	13501276
13505447	7773954
13505447	7773965
13505447	8125980
13505447	13501268
13505447	13501275
13505447	13581563
13505448	13505454
13505449	2430972
13505449	8735506
13505449	13501253
13505450	2430972
13505450	8735506
13505450	13501252
13505451	13501250
13505452	13505391
13505453	11200268
13505453	12896222
13505454	13505448
13505455	13505326
13505456	13544192
13505456	13544195
13505457	11921533
13505457	11921534
13505458	13505326
13505459	11921534
13505460	11921533
13505460	11921534
13505461	11921534
13505462	13505326
13505463	13505326
13505464	13505326
13505464	13505833
13505465	13569002
13505466	13366873
13505467	13505471
13505467	13505473
13505467	13505481
13505467	13505490
13505467	13505493
13505467	13505498
13505467	13505503
13505467	13505509
13505467	13505512
13505467	13505515
13505467	13505517
13505467	13505518
13505467	13505520
13505468	6424585
13505469	6424585
13505470	6424589
13505471	13505467
13505472	2893879
13505473	13505467
13505474	40015
13505475	7228045
13505476	7166540
13505477	7166539
13505478	902818
13505478	6552204
13505479	2645974
13505479	7166541
13505480	2645974
13505480	7166542
13505481	13505467
13505484	11374974
13505484	13505489
13505485	7552053
13505485	13512145
13505486	13167677
13505487	13167677
13505488	5814639
13505488	5814659
13505489	13505484
13505490	13505467
13505491	902826
13505491	6552212
13505492	5814661
13505492	13506719
13505492	13508204
13505492	13508511
13505492	13508616
13505492	13509638
13505492	13511215
13505492	13512895
13505492	13514658
13505492	13514660
13505493	13505467
13505494	13167677
13505495	13167677
13505496	9074368
13505496	10890419
13505497	11435651
13505497	13512153
13505498	13505467
13505499	959767
13505499	959768
13505499	2383341
13505499	2533149
13505499	13506201
13505499	13506202
13505499	13506203
13505499	13506205
13505499	13508201
13505499	13508598
13505499	13508599
13505499	13508601
13505499	13509636
13505499	13511210
13505499	13511212
13505499	13512878
13505499	13514655
13505499	13516231
13505499	13516232
13505499	13588389
13505500	7682144
13505500	12153914
13505501	3019032
13505501	13508507
13505502	6177398
13505503	13505467
13505505	12237646
13505505	13512143
13505505	13512144
13505506	7550524
13505506	13506168
13505507	7550525
13505507	13506171
13505507	13506172
13505508	366015
13505508	434123
13505508	777206
13505508	840783
13505508	840787
13505509	13505467
13505510	4839424
13505510	9044882
13505510	13320358
13505511	5295909
13505511	5295911
13505511	5295914
13505512	13505467
13505513	4608501
13505513	4608550
13505513	4608551
13505513	13506507
13505513	13506512
13505513	13506532
13505513	13506538
13505513	13506547
13505513	13506560
13505513	13506564
13505513	13508506
13505513	13511568
13505513	13512868
13505513	13516221
13505513	13678581
13505514	11286013
13505514	13512142
13505515	13505467
13505516	10760168
13505516	13512141
13505517	13505467
13505518	13505467
13505519	11413350
13505519	13512140
13505520	13505467
13505521	11352839
13505521	11353204
13505521	13512138
13505521	13512139
13505522	8372654
13505523	5914442
13505524	8636095
13505525	2110923
13505526	3544696
13505527	3034942
13505528	6244094
13505529	6244094
13505530	4803168
13505531	3948170
13505531	13508504
13505533	10128765
13505534	13505535
13505535	13505534
13505535	13505536
13505536	13505535
13505537	12649674
13505538	13505552
13505538	13505556
13505538	13505767
13505539	4073307
13505540	10105792
13505541	9072964
13505542	7822810
13505543	7993188
13505544	5142859
13505545	12338930
13505546	5494672
13505547	6139032
13505548	3298811
13505549	4447028
13505549	13561282
13505550	4168245
13505551	7365217
13505552	13505538
13505553	9815807
13505554	7570901
13505555	6634041
13505556	13505538
13505556	13505731
13505556	13505770
13505556	13508502
13505557	13421320
13505558	13225219
13505559	9478903
13505560	11238201
13505561	12982866
13505562	13505570
13505563	827878
13505564	12896129
13505564	13035607
13505565	9304934
13505566	4510599
13505566	13405911
13505567	13056749
13505568	8046785
13505568	13594518
13505569	13055983
13505569	13056767
13505569	13241893
13505570	13505562
13505571	13055983
13505571	13056767
13505571	13241893
13505572	11934186
13505573	12694269
13505574	11357457
13505574	13512137
13505575	13505582
13505575	13505593
13505575	13505595
13505576	3199900
13505577	13155385
13505578	10324916
13505579	13505586
13505580	13047149
13505581	7801479
13505582	13505575
13505582	13505593
13505583	9815875
13505584	3404645
13505584	3404649
13505584	3404658
13505584	12198965
13505584	13380230
13505585	2191818
13505586	13505579
13505586	13505590
13505587	13056875
13505588	6634152
13505589	8654499
13505589	12827537
13505589	12827538
13505590	13505586
13505591	11238230
13505592	13377721
13505593	13505575
13505593	13505582
13505593	13505647
13505594	10324924
13505595	13505575
13505596	8046957
13505597	9525069
13505598	7456050
13505598	13512135
13505598	13512136
13505599	7531963
13505599	13512134
13505600	1434856
13505600	6146173
13505600	6163665
13505601	12553258
13505606	3011367
13505607	8083129
13505608	3533800
13505608	13794377
13505609	12845345
13505610	12781708
13505611	2401012
13505612	7337079
13505613	2849014
13505614	1862976
13505615	12999167
13505616	10483023
13505617	1953246
13505618	13505268
13505619	3566940
13505620	5812654
13505621	8193014
13505622	13505252
13505623	6438100
13505624	3928842
13505625	3241322
13505625	13594504
13505626	2846760
13505627	13505241
13505628	13505229
13505629	13505630
13505630	13505629
13505631	4196879
13505632	749148
13505632	1275141
13505632	13180997
13505632	13180999
13505632	13182117
13505633	5295372
13505634	9306329
13505634	13809296
13505635	13505190
13505636	13679965
13505637	13505126
13505638	7237438
13505638	13041128
13505638	13506184
13505638	13506185
13505638	13508060
13505638	13508196
13505638	13508501
13505638	13508584
13505638	13509635
13505638	13511206
13505638	13511208
13505638	13511562
13505638	13512867
13505638	13514510
13505638	13514651
13505638	13514653
13505638	13516214
13505639	6686546
13505640	13679964
13505641	7716788
13505641	7716795
13505641	7717181
13505641	7717182
13505641	13508499
13505641	13524665
13505642	11152119
13505643	4196933
13505643	13657120
13505644	11490153
13505645	5295422
13505646	9307595
13505647	13505593
13505647	13505649
13505648	6686563
13505649	13505647
13505650	4110859
13505651	8633242
13505651	13689020
13505652	6173920
13505653	13504436
13505654	10452099
13505654	10452102
13505654	10455130
13505654	13506183
13505654	13508053
13505654	13508055
13505654	13508195
13505654	13509634
13505654	13511202
13505654	13511204
13505654	13511552
13505654	13512854
13505654	13514647
13505654	13514648
13505654	13516211
13505655	13505728
13505655	13508052
13505655	13508191
13505655	13508193
13505655	13508194
13505655	13508573
13505655	13508574
13505655	13508576
13505655	13509632
13505655	13511199
13505655	13511200
13505655	13511544
13505655	13511548
13505655	13512835
13505655	13512839
13505655	13514645
13505655	13514646
13505656	8468863
13505657	6774213
13505657	13589471
13505658	5231603
13505659	3308124
13505660	5889138
13505661	424189
13505662	3179006
13505663	8966918
13505663	13506182
13505663	13508047
13505663	13508050
13505663	13508188
13505663	13508492
13505663	13508537
13505663	13509631
13505663	13509868
13505663	13511534
13505663	13511535
13505663	13512821
13505663	13514508
13505663	13514644
13505663	13516201
13505664	10313539
13505665	10313539
13505666	13504431
13505667	9494216
13505667	13529774
13505668	7423682
13505669	13504750
13505670	4233615
13505671	13504430
13505672	13504750
13505673	4339426
13505673	4792378
13505673	13505719
13505673	13506181
13505673	13508183
13505673	13508186
13505673	13508482
13505673	13508525
13505673	13509630
13505673	13509863
13505673	13511527
13505673	13514640
13505673	13516100
13505674	13504187
13505675	10655683
13505676	13504429
13505677	5697828
13505678	4895448
13505678	4895449
13505678	4895451
13505678	13508490
13505679	12128387
13505680	13505684
13505681	13378940
13505682	13504428
13505683	6064888
13505684	13505680
13505686	2035187
13505687	13504427
13505688	13378940
13505689	5201524
13505690	1914226
13505690	3036949
13505690	13505725
13505690	13508181
13505690	13508182
13505690	13508520
13505690	13509856
13505690	13509858
13505690	13514636
13505690	13528369
13505691	13504426
13505692	11897670
13505693	7788774
13505693	8309675
13505693	10645637
13505693	10646556
13505693	13506179
13505693	13506180
13505693	13508044
13505693	13508045
13505693	13508179
13505693	13508180
13505693	13508486
13505693	13508518
13505693	13509852
13505693	13511517
13505693	13514481
13505693	13514632
13505693	13514634
13505694	7460064
13505695	4810480
13505696	7862116
13505697	13503851
13505698	5500199
13505699	13503933
13505701	4618355
13505702	6368311
13505703	2109203
13505704	1020619
13505704	13754967
13505705	7867867
13505706	13504425
13505707	12925317
13505708	7677652
13505708	13605239
13505709	13505713
13505710	12170214
13505711	538245
13505711	13508484
13505711	13525030
13505711	13525031
13505711	13529703
13505711	13530020
13505711	13530021
13505711	13530023
13505711	13531211
13505711	13531212
13505712	11056714
13505713	13505709
13505714	9842028
13505715	2529912
13505716	12830925
13505717	2589801
13505718	11156475
13505719	13505673
13505720	4622802
13505721	10791866
13505722	6387770
13505723	6603667
13505724	3520169
13505725	13505690
13505726	8400059
13505727	13504424
13505728	13505655
13505729	9168785
13505730	12267812
13505731	13505556
13505732	13504420
13505733	13504401
13505734	13505736
13505735	13504401
13505736	13505734
13505736	13505769
13505736	13508481
13505737	10607091
13505738	8363587
13505739	13504400
13505740	4950387
13505741	4950378
13505741	4950379
13505742	13504400
13505743	13505747
13505744	13505745
13505745	13505744
13505746	13504399
13505747	13505743
13505748	13504399
13505750	13505751
13505751	13505750
13505752	13504398
13505753	10921549
13505754	13504397
13505755	8885894
13505756	11194234
13505757	13504397
13505758	13504396
13505759	11105203
13505760	13504395
13505762	13504394
13505763	13505765
13505763	13505766
13505764	13504393
13505765	13505763
13505766	13505763
13505767	13505538
13505768	13504393
13505769	13505736
13505770	13505556
13505771	6259147
13505771	8398037
13505772	8372018
13505773	1313526
13505774	13505783
13505775	480
13505775	2851
13505775	3494
13505775	4444
13505775	349120
13505775	436243
13505775	585378
13505775	675269
13505775	683798
13505775	742910
13505775	922127
13505775	1413595
13505775	5944880
13505776	8364916
13505778	10607086
13505779	3680989
13505779	13537664
13505779	13537665
13505779	13537666
13505780	11107493
13505782	11105524
13505783	13505774
13505784	11101333
13505785	8428820
13505786	13505794
13505787	13504392
13505789	8363263
13505790	13504392
13505791	13505792
13505791	13508478
13505792	13505791
13505793	2658172
13505794	13505786
13505795	13504391
13505796	13504391
13505797	13504390
13505798	13505799
13505798	13505801
13505798	13508477
13505799	13505798
13505800	4190
13505800	436243
13505800	2392141
13505800	3133191
13505800	5944878
13505801	13505798
13505802	10557960
13505802	13509625
13505802	13509626
13505804	13504389
13505806	13505226
13505806	13505807
13505807	13505806
13505808	13505826
13505809	13505811
13505809	13505814
13505810	11089715
13505811	13505809
13505811	13528871
13505812	13504388
13505813	13505825
13505814	2396989
13505814	13505809
13505823	13505824
13505824	13505823
13505825	13505813
13505826	13505808
13505827	13504383
13505828	13504381
13505829	13504380
13505830	6400979
13505831	2323163
13505831	7232299
13505831	11579749
13505831	11579751
13505832	6400979
13505833	13505464
13505834	13504379
13505835	11011881
13505836	13504377
13505837	6422331
13505838	6422331
13505839	6422331
13505840	6422331
13505842	13504375
13505843	13504375
13505844	6808796
13505845	13504372
13505846	12658066
13505847	8411745
13505848	8411745
13505849	8411745
13505850	8411745
13505851	10329377
13505852	13416115
13505853	13416115
13505854	13504369
13505855	13416114
13505856	13416114
13505857	13506176
13505858	7374887
13505859	13504368
13505860	13416113
13505861	13416113
13505862	13504367
13505863	13504362
13505864	13093809
13505865	12995882
13505867	12888819
13505867	13617497
13505868	12888819
13505868	13617497
13505869	12732823
13505869	13567735
13505870	12732823
13505871	12732823
13505871	13567735
13505872	12732823
13505872	13567735
13505873	12732823
13505873	13567735
13505874	12732823
13505875	13504360
13505876	13504358
13505877	10499720
13505877	11824716
13505877	11956424
13505878	10499720
13505878	11824716
13505878	11956424
13505880	13504355
13505881	9995595
13505882	9995595
13505883	9995595
13505884	9995595
13505885	9959253
13505886	9373975
13505887	9373973
13505888	9230834
13505889	9074391
13505890	13504355
13505891	13504351
13505892	13504351
13505893	13504353
13505894	13504353
13505895	8272428
13505896	13504349
13505897	13504348
13505898	13504348
13505899	13504347
13505900	13504346
13505901	13504344
13505903	11245738
13505903	13506159
13505904	842416
13505905	11245741
13505905	13506154
13505905	13506159
13505906	13505907
13505906	13505908
13505906	13505909
13505906	13505910
13505906	13505911
13505906	13506308
13505907	13505906
13505907	13505908
13505907	13505910
13505907	13527092
13505908	13505906
13505908	13505907
13505908	13505909
13505908	13505910
13505908	13505911
13505908	13505912
13505908	13513267
13505909	13505906
13505909	13505908
13505909	13505910
13505909	13527095
13505910	13505906
13505910	13505907
13505910	13505908
13505910	13505909
13505910	13505911
13505910	13505912
13505910	13508476
13505910	13513267
13505911	13505906
13505911	13505908
13505911	13505910
13505911	13513267
13505912	13505908
13505912	13505910
13505912	13506129
13505912	13520189
13505912	13527089
13505913	6619259
13505914	13504342
13505915	13506117
13505916	13506113
13505916	13506115
13505917	13594
13505917	31461
13505917	1447797
13505918	31461
13505918	13506094
13505918	13506097
13505918	13506099
13505919	13504338
13505920	13504282
13505922	13504281
13505923	13506086
13505925	13506082
13505925	13506084
13505927	13505937
13505928	13506065
13505929	13506033
13505930	13504274
13505931	12048231
13505933	13506023
13505934	13505955
13505935	13508918
13505937	13505927
13505938	13504270
13505939	13508909
13505939	13508911
13505940	13508907
13505940	13508908
13505941	6852244
13505942	6852244
13505943	13504237
13505944	4207013
13505945	13504237
13505946	13505949
13505946	13510176
13505947	13504237
13505948	13504237
13505949	13505946
13505950	13504228
13505951	1720837
13505951	13506021
13505952	13504225
13505953	1720837
13505954	9305772
13505955	13505934
13505955	13510559
13505956	560542
13505957	664886
13505958	6411799
13505959	6411799
13505960	13505379
13505961	2507011
13505962	13504217
13505963	13504217
13505964	13504216
13505965	8625956
13505966	8625956
13505967	8625956
13505969	8393110
13505970	8421126
13505971	8421126
13505972	8481061
13505973	13504213
13505974	3384760
13505975	13021313
13505976	3825525
13505976	9725825
13505976	12706477
13505976	13505985
13505977	11823201
13505978	2819167
13505979	2819167
13505980	2819167
13505981	3825525
13505981	9725825
13505981	12706476
13505981	12706480
13505981	13505986
13505981	13505987
13505982	2819167
13505983	13504204
13505984	655678
13505984	2944146
13505984	6374025
13505985	3825525
13505985	13505976
13505986	3825525
13505986	13505981
13505987	3825525
13505987	13505981
13505988	12987581
13505989	13484241
13505990	13484230
13505991	13484230
13505992	13504204
13505993	12581211
13505993	13307167
13505993	13307168
13505994	13307167
13505994	13307168
13505995	6091230
13505995	6091532
13505995	6642772
13505995	6675562
13505995	7911467
13505996	13489484
13505997	13489481
13505998	13402299
13505999	7377464
13506000	6425379
13506000	7374746
13506001	6425379
13506001	7374746
13506002	13504202
13506003	6426681
13506004	13117347
13506005	13504202
13506006	13219494
13506007	13504200
13506008	13219494
13506009	13219494
13506010	13113728
13506011	13504200
13506012	1556551
13506013	1556551
13506014	1556551
13506015	3653775
13506015	13506019
13506016	13480743
13506016	13480744
13506017	13480743
13506017	13480744
13506018	4816039
13506019	13506015
13506019	13544852
13506019	13544853
13506019	13544854
13506020	10627107
13506020	13509611
13506020	13509612
13506020	13509613
13506020	13509614
13506021	13505951
13506022	11746929
13506023	13505933
13506024	11406821
13506025	10937139
13506026	10937139
13506027	10937139
13506028	7379130
13506029	5540884
13506029	13509421
13506030	6424588
13506031	6424588
13506032	2791936
13506033	13505929
13506034	3749396
13506034	13509420
13506035	10613417
13506036	10458605
13506036	10465134
13506036	13559497
13506037	10458605
13506037	10465134
13506037	13559497
13506038	4816040
13506039	10221565
13506040	10225792
13506041	10225792
13506042	4816041
13506043	10221458
13506044	10095811
13506045	10095811
13506046	10095811
13506047	11584228
13506048	10095811
13506049	10043238
13506050	10030703
13506051	10030703
13506052	12607848
13506053	9844735
13506054	11883360
13506055	11150279
13506055	13509610
13506056	9381111
13506057	9639738
13506058	6429151
13506059	6429151
13506060	6429151
13506061	6429151
13506062	6429151
13506063	6429151
13506064	6429151
13506065	13505928
13506066	6429151
13506067	5778884
13506067	7233049
13506067	8299491
13506067	11151818
13506068	6429151
13506069	6429151
13506070	6429151
13506071	6429151
13506072	6424596
13506072	6424597
13506073	6424596
13506073	6424597
13506074	9465271
13506075	7376204
13506076	6412628
13506077	7377435
13506078	7377733
13506079	7377733
13506080	11081183
13506081	6426792
13506082	13505925
13506083	7498416
13506084	13505925
13506085	6424804
13506086	13505923
13506087	6426998
13506088	6426998
13506089	6426998
13506090	6426998
13506091	7375335
13506092	7375335
13506093	11634445
13506094	13505918
13506095	6424303
13506096	6424303
13506097	13505918
13506098	11407605
13506099	13505918
13506100	12829562
13506100	13506437
13506100	13506439
13506100	13506440
13506101	7378617
13506102	6426996
13506103	6426996
13506104	6418204
13506105	6418204
13506106	11046997
13506107	6422540
13506108	6427818
13506109	6427818
13506110	6427818
13506111	8089429
13506112	9089325
13506113	13505916
13506114	11382877
13506115	13505916
13506116	6429099
13506117	13505915
13506117	13506317
13506118	6429099
13506119	6429099
13506120	6429099
13506121	11395511
13506121	11792127
13506121	13608199
13506122	13506125
13506123	11465077
13506124	6420603
13506125	13506122
13506126	6420603
13506127	6420603
13506128	6420603
13506129	13505912
13506129	13506308
13506130	8108105
13506131	7998223
13506132	11187131
13506133	7998223
13506134	8977063
13506134	8977064
13506134	13506846
13506135	7578460
13506136	13506140
13506136	13508475
13506137	7317189
13506138	7317465
13506139	6638814
13506140	13506136
13506141	6578912
13506142	6578912
13506143	6578912
13506144	13508893
13506145	6476469
13506146	13508891
13506147	6476468
13506148	6445607
13506149	6445607
13506150	6445607
13506151	6398372
13506152	11890627
13506152	13508888
13506152	13508889
13506153	6384168
13506154	13505905
13506155	11890627
13506155	13508885
13506155	13508887
13506156	4552763
13506157	13506213
13506157	13506845
13506157	13508882
13506158	13506214
13506158	13506845
13506158	13508880
13506159	73616
13506159	13505903
13506159	13505905
13506160	11370718
13506161	13506162
13506162	13506161
13506163	11299111
13506164	7381168
13506165	7381168
13506166	6422037
13506167	6422037
13506168	7550524
13506168	11037864
13506168	13505506
13506168	13640695
13506169	12126719
13506170	8502441
13506171	7550525
13506171	13505507
13506171	13640695
13506172	7550525
13506172	13505507
13506172	13640695
13506173	6427038
13506174	6427038
13506175	3154643
13506175	11037864
13506175	13640695
13506176	13505857
13506177	3154643
13506177	13640695
13506178	3154643
13506178	13640695
13506179	13505693
13506180	8309675
13506180	13505693
13506181	13505673
13506182	13505663
13506183	13505654
13506184	13505638
13506184	13508060
13506185	13505638
13506186	8179102
13506187	9168549
13506188	12046971
13506189	11187098
13506190	13506192
13506190	13508474
13506191	8531587
13506192	13506190
13506193	6429085
13506194	6429085
13506195	6429085
13506196	6429085
13506197	6429085
13506198	6429085
13506199	11286859
13506200	13366873
13506201	13505499
13506202	13505499
13506203	13505499
13506204	8137987
13506204	13506206
13506205	13505499
13506206	13506204
13506207	13506209
13506208	11883321
13506209	13506207
13506210	1559788
13506211	7389239
13506211	11925117
13506212	7389239
13506212	11925118
13506213	13506157
13506214	13506158
13506215	13506217
13506216	9075736
13506217	13506215
13506218	6342571
13506219	3940723
13506220	6342571
13506222	7610798
13506223	2245859
13506223	2432981
13506223	2485074
13506223	5922570
13506223	12982597
13506224	9110358
13506226	11304109
13506226	11307059
13506227	5392541
13506227	5392808
13506227	5394217
13506227	5406400
13506227	5501708
13506227	5668353
13506227	6012813
13506227	6560545
13506227	7532999
13506227	8505625
13506227	12873370
13506227	12990608
13506227	13506230
13506227	13506239
13506227	13506240
13506227	13506242
13506227	13506251
13506227	13506254
13506227	13506270
13506227	13506292
13506227	13506307
13506228	10124380
13506229	13506232
13506230	5392541
13506230	5394217
13506230	5406400
13506230	6012813
13506230	6560545
13506230	7532999
13506230	12873370
13506230	12990608
13506230	13506227
13506230	13506239
13506230	13506240
13506230	13506242
13506230	13506251
13506230	13506254
13506230	13506270
13506230	13506292
13506230	13506307
13506231	7520259
13506232	13506229
13506233	9195841
13506234	5902910
13506234	6356271
13506235	9447815
13506236	11121011
13506237	13506238
13506238	13506237
13506239	5392541
13506239	5392808
13506239	5394217
13506239	5406400
13506239	5501708
13506239	5668353
13506239	6012813
13506239	6560545
13506239	7532999
13506239	12873370
13506239	12990608
13506239	13506227
13506239	13506230
13506239	13506240
13506239	13506242
13506239	13506251
13506239	13506254
13506239	13506270
13506239	13506292
13506239	13506307
13506240	5392541
13506240	5392808
13506240	5394217
13506240	5406400
13506240	5501708
13506240	5668353
13506240	6012813
13506240	6560545
13506240	7532999
13506240	12873370
13506240	12990608
13506240	13506227
13506240	13506230
13506240	13506239
13506240	13506242
13506240	13506251
13506240	13506254
13506240	13506270
13506240	13506292
13506240	13506307
13506241	10762985
13506242	5392541
13506242	5392808
13506242	5394217
13506242	5406400
13506242	5501708
13506242	5668353
13506242	6012813
13506242	6560545
13506242	7532999
13506242	8505625
13506242	12873370
13506242	12990608
13506242	13506227
13506242	13506230
13506242	13506239
13506242	13506240
13506242	13506251
13506242	13506254
13506242	13506270
13506242	13506292
13506242	13506307
13506243	11701098
13506244	321032
13506245	9475202
13506246	321032
13506247	9207599
13506247	9211348
13506248	9207599
13506248	9211349
13506249	9207599
13506249	9211349
13506250	1239783
13506250	2086750
13506250	11610164
13506250	13266375
13506250	13507209
13506251	5392541
13506251	5392808
13506251	5394217
13506251	5406400
13506251	5406401
13506251	5668353
13506251	6012813
13506251	6560545
13506251	7532999
13506251	12873370
13506251	12990608
13506251	13506227
13506251	13506230
13506251	13506239
13506251	13506240
13506251	13506242
13506251	13506254
13506251	13506270
13506251	13506292
13506251	13506307
13506252	3527019
13506253	12091281
13506253	13506282
13506254	5392541
13506254	5392808
13506254	5394217
13506254	5406400
13506254	5501708
13506254	5668353
13506254	6012813
13506254	6560545
13506254	7532999
13506254	12873370
13506254	12990608
13506254	13506227
13506254	13506230
13506254	13506239
13506254	13506240
13506254	13506242
13506254	13506251
13506254	13506270
13506254	13506292
13506254	13506307
13506255	3527019
13506256	11303180
13506257	1400785
13506258	10312389
13506259	6027168
13506260	10312389
13506261	7091838
13506262	8165570
13506263	10312389
13506264	7777585
13506264	12839290
13506265	8564272
13506265	8564274
13506265	8564424
13506266	10150419
13506267	13506269
13506268	11366382
13506269	13506267
13506270	5392541
13506270	5392808
13506270	5394217
13506270	5406400
13506270	5501708
13506270	5668353
13506270	6012813
13506270	6560545
13506270	7532999
13506270	12873370
13506270	12990608
13506270	13506227
13506270	13506230
13506270	13506239
13506270	13506240
13506270	13506242
13506270	13506251
13506270	13506254
13506270	13506292
13506270	13506307
13506271	11352870
13506273	12505117
13506273	13474064
13506277	9057345
13506282	13506253
13506282	13506283
13506283	13506282
13506287	3619303
13506291	11246792
13506292	5392541
13506292	5392808
13506292	5394217
13506292	5406400
13506292	5501708
13506292	5668353
13506292	6012813
13506292	6560545
13506292	7532999
13506292	12873370
13506292	12990608
13506292	13506227
13506292	13506230
13506292	13506239
13506292	13506240
13506292	13506242
13506292	13506251
13506292	13506254
13506292	13506270
13506292	13506307
13506294	1158485
13506301	9934091
13506306	9162729
13506307	5392541
13506307	5392808
13506307	5394217
13506307	5406400
13506307	5501708
13506307	5668353
13506307	6012813
13506307	6560545
13506307	7532999
13506307	8505625
13506307	12873370
13506307	12990608
13506307	13506227
13506307	13506230
13506307	13506239
13506307	13506240
13506307	13506242
13506307	13506251
13506307	13506254
13506307	13506270
13506307	13506292
13506308	13505906
13506308	13506129
13506308	13506309
13506309	13506308
13506312	9668243
13506312	9668244
13506316	7579101
13506317	13506117
13506317	13506323
13506321	8096157
13506322	4238911
13506322	11366103
13506322	13506443
13506323	13506317
13506324	7186733
13506324	11670958
13506331	11355948
13506331	13802065
13506331	13802068
13506331	13815176
13506334	12404205
13506337	11421475
13506341	7906663
13506343	11382226
13506343	13512192
13506345	11382226
13506345	13512191
13506348	7144563
13506350	7144563
13506350	13512133
13506355	9542870
13506357	9542870
13506360	12689858
13506360	13512132
13506360	13523385
13506363	11152679
13506363	13512131
13506371	11960313
13506375	6227569
13506375	13506776
13506378	9127990
13506379	143566
13506379	271001
13506386	11509945
13506387	9403036
13506388	11509945
13506389	11509945
13506390	11156817
13506391	685812
13506392	7279270
13506393	11315799
13506394	8321451
13506399	9377595
13506402	7784919
13506404	7784919
13506407	8642900
13506407	8644888
13506407	10151825
13506408	4893248
13506412	2648246
13506416	10221266
13506417	10221266
13506421	12887929
13506437	13506100
13506437	13508877
13506439	13506100
13506439	13508878
13506439	13685138
13506440	13506100
13506440	13508873
13506441	13506447
13506441	13506461
13506443	13506322
13506443	13508869
13506447	13506441
13506452	588321
13506458	10131924
13506460	13506992
13506460	13506993
13506460	13508470
13506460	13525029
13506460	13525347
13506460	13529702
13506460	13530016
13506460	13530018
13506460	13530019
13506460	13531205
13506461	13506441
13506461	13508469
13506462	10131924
13506466	11297921
13506473	12944747
13506476	9165578
13506476	9165579
13506477	9165578
13506477	9165579
13506478	9165578
13506478	9165579
13506481	13160402
13506481	13162698
13506481	13508863
13506483	13160402
13506483	13162698
13506486	13162365
13506486	13508856
13506487	13162365
13506489	7937079
13506490	9227378
13506495	7794548
13506495	7794549
13506497	7794548
13506497	7794549
13506499	2301255
13506500	2301255
13506501	2301255
13506502	2301255
13506503	2301255
13506504	2301255
13506507	13505513
13506510	13366164
13506512	13505513
13506513	5685664
13506513	5685687
13506513	5686306
13506513	7516801
13506514	7521453
13506514	7521969
13506514	13506843
13506514	13508712
13506521	7521453
13506521	7521969
13506521	13508745
13506524	7521453
13506524	7521969
13506524	7527227
13506524	13506842
13506524	13508707
13506524	13508710
13506525	12091051
13506525	12091053
13506525	12097999
13506525	13506537
13506525	13506561
13506528	13508720
13506528	13508722
13506529	7527227
13506529	13508659
13506529	13508691
13506530	63631
13506530	373693
13506530	377365
13506530	393325
13506530	397514
13506530	1351553
13506530	13331861
13506530	13507562
13506532	13505513
13506534	13486754
13506537	12091051
13506537	12097999
13506537	13506525
13506537	13506840
13506537	13508620
13506538	13505513
13506539	13094251
13506540	13094251
13506541	13094251
13506542	13094251
13506544	13486754
13506544	13513264
13506547	13505513
13506547	13678581
13506549	13471784
13506549	13513263
13506553	11277315
13506553	12452469
13506559	828777
13506559	1039788
13506559	1221628
13506559	13504821
13506560	13505513
13506561	12091051
13506561	12097999
13506561	13506525
13506561	13508612
13506561	13508617
13506562	13442868
13506563	11129920
13506564	4608501
13506564	13505513
13506568	13248199
13506572	438574
13506572	438575
13506572	438576
13506572	452898
13506572	1547744
13506572	3718043
13506572	5052867
13506573	13506591
13506581	10276631
13506583	10276631
13506585	10276631
13506589	10276631
13506590	10276631
13506591	13506573
13506593	10276631
13506597	13505294
13506598	13113950
13506599	9931189
13506599	13506606
13506604	5849301
13506606	13506599
13506606	13506689
13506610	12198644
13506619	13346770
13506620	1261519
13506620	1262032
13506620	13508588
13506623	8303767
13506628	8303767
13506629	13094253
13506631	13094253
13506632	13094253
13506641	13382303
13506642	2264554
13506642	13505296
13506643	10010870
13506644	12604805
13506645	4575197
13506645	5792544
13506645	7488228
13506645	10233026
13506645	10340580
13506645	11665590
13506645	13505294
13506647	2264554
13506647	4687353
13506647	13505296
13506648	13505292
13506649	7770028
13506649	13505292
13506650	7488215
13506650	13505288
13506651	13505286
13506652	13505286
13506652	13513253
13506653	11209949
13506654	13505286
13506654	13513253
13506655	13369301
13506656	9970596
13506656	13253395
13506657	13504745
13506657	13504763
13506657	13513251
13506657	13724543
13506658	13504745
13506658	13504763
13506658	13513251
13506658	13724543
13506659	7405410
13506660	13504743
13506660	13504758
13506660	13504780
13506660	13513248
13506661	13504743
13506661	13504758
13506661	13504780
13506661	13513248
13506662	10436
13506662	68908
13506662	550953
13506662	4453770
13506662	4722677
13506662	7901027
13506662	13504343
13506663	10652581
13506663	11231649
13506663	13203453
13506663	13213236
13506663	13504320
13506664	10652581
13506664	11231649
13506664	13203453
13506664	13203454
13506664	13213236
13506664	13504320
13506665	13504318
13506665	13513243
13506665	13513245
13506666	13504318
13506666	13513243
13506666	13513245
13506667	13326156
13506668	10436
13506668	68908
13506668	550953
13506668	2851088
13506668	4453770
13506668	4722677
13506668	7901027
13506668	13504343
13506669	549577
13506670	13504313
13506670	13513238
13506670	13716515
13506671	549577
13506672	549577
13506673	13504246
13506673	13512976
13506673	13512977
13506674	13504246
13506674	13512976
13506675	13504111
13506675	13512973
13506675	13512975
13506675	13522883
13506675	13522962
13506676	4189491
13506676	13506678
13506677	7451183
13506678	13506676
13506679	4279401
13506679	7796108
13506679	7807747
13506679	13379418
13506679	13507387
13506680	9145715
13506680	9145716
13506681	11153799
13506681	13509572
13506682	12281177
13506682	12369229
13506682	13506803
13506683	13506684
13506683	13506685
13506684	13506683
13506685	13506683
13506686	13506688
13506686	13506690
13506687	13508545
13506687	13508552
13506688	13506686
13506689	13506606
13506689	13508533
13506690	13506686
13506691	13508528
13506692	13506839
13506692	13508514
13506693	13506839
13506693	13508513
13506694	6863848
13506695	7172905
13506696	10801903
13506697	13508509
13506698	13469811
13506699	13469809
13506700	4663222
13506701	13207602
13506702	10054744
13506703	13508498
13506704	13508495
13506705	12184491
13506706	1160303
13506706	1160305
13506706	1423087
13506706	1423088
13506707	8445132
13506708	2750640
13506708	11136992
13506709	13506713
13506709	13506714
13506710	11725467
13506711	10518898
13506712	12184491
13506713	13506709
13506714	13506709
13506715	9577193
13506715	13530028
13506716	378270
13506717	4834456
13506718	11561905
13506718	13509519
13506719	13505492
13506720	2736625
13506721	12958830
13506722	12702697
13506723	12035399
13506724	11707907
13506725	2491817
13506725	3758681
13506726	7666711
13506726	13400110
13506727	13346021
13506728	12422063
13506729	13508483
13506730	11926249
13506731	13508479
13506732	9952045
13506733	9826432
13506734	4485964
13506735	8595097
13506736	8045297
13506737	2459990
13506737	9826432
13506737	11682571
13506738	7899779
13506739	6996314
13506740	7385515
13506741	306826
13506741	407561
13506742	306826
13506742	407561
13506742	13506828
13506742	13508473
13506743	2203807
13506743	2203848
13506744	2203829
13506745	2203765
13506746	2203607
13506747	2203598
13506748	2005187
13506749	373320
13506750	11634790
13506751	373320
13506752	373320
13506753	498725
13506754	4771701
13506755	2368682
13506755	2368692
13506755	3827281
13506755	3827283
13506755	4671692
13506755	4814630
13506755	4814633
13506755	4814640
13506755	10236413
13506756	12400283
13506757	11176195
13506758	8108704
13506759	4814640
13506760	8108702
13506761	7350859
13506762	13399422
13506762	13508466
13506763	6274941
13506764	11489135
13506764	13506765
13506765	11489135
13506765	13506764
13506766	5575830
13506767	2800694
13506768	2782057
13506769	803688
13506770	12651615
13506771	13330397
13506772	13225760
13506773	7541605
13506774	2334838
13506775	10767243
13506776	13506375
13506776	13506778
13506777	10031637
13506778	13506776
13506779	11834401
13506780	9776972
13506781	12225932
13506781	12225934
13506781	12227396
13506781	12227439
13506781	13506836
13506781	13508447
13506782	12225932
13506782	12225934
13506782	12227396
13506782	13508453
13506783	12225932
13506783	12225933
13506783	12227396
13506783	12227440
13506783	12227441
13506783	13508463
13506784	12225932
13506784	12225933
13506784	12227396
13506784	13508446
13506785	2891265
13506785	8383622
13506786	2891265
13506786	8383622
13506787	2891265
13506787	8383621
13506787	13508438
13506788	10482627
13506788	10482877
13506788	13506789
13506788	13555379
13506788	13555380
13506788	13638894
13506789	10482627
13506789	10482877
13506789	13506788
13506789	13506817
13506789	13508269
13506789	13555379
13506789	13555380
13506789	13638891
13506789	13638894
13506790	10482627
13506791	6340535
13506791	8548440
13506792	5880330
13506794	13508430
13506794	13632086
13506795	13445640
13506796	13445640
13506797	8574156
13506797	13445640
13506798	8574233
13506798	13445640
13506799	8574233
13506799	13445640
13506800	875170
13506801	13508310
13506801	13508311
13506801	13508313
13506802	5707768
13506803	12281177
13506803	12369229
13506803	13506682
13506804	11945452
13506805	13508425
13506806	13508419
13506806	13508421
13506807	13508418
13506808	5467339
13506809	6770322
13506810	11309281
13506810	13506812
13506810	13506813
13506811	6770322
13506812	13506810
13506812	13508415
13506813	13506810
13506813	13508416
13506814	4175760
13506815	13508414
13506816	1671762
13506817	13506789
13506817	13508269
13506817	13508411
13506817	13555379
13506817	13555380
13506817	13638891
13506818	9308182
13506819	11296336
13506820	13508243
13506820	13508263
13506820	13508267
13506821	11301089
13506821	13506852
13506823	12215069
13506825	8681821
13506825	9865347
13506825	10119367
13506825	13443158
13506825	13443160
13506825	13506826
13506825	13506827
13506825	13506829
13506825	13506832
13506825	13506834
13506826	8681821
13506826	9865347
13506826	10119367
13506826	13443158
13506826	13506825
13506826	13506827
13506826	13506829
13506826	13506832
13506826	13506834
13506827	8681821
13506827	9865347
13506827	10119367
13506827	13443158
13506827	13506825
13506827	13506826
13506827	13506829
13506827	13506832
13506827	13506834
13506828	13506742
13506829	8681821
13506829	9865347
13506829	10119367
13506829	13443158
13506829	13443160
13506829	13506825
13506829	13506826
13506829	13506827
13506829	13506832
13506829	13506834
13506832	13443158
13506832	13506825
13506832	13506826
13506832	13506827
13506832	13506829
13506832	13506834
13506834	8681821
13506834	9865347
13506834	10119367
13506834	13443158
13506834	13506825
13506834	13506826
13506834	13506827
13506834	13506829
13506834	13506832
13506836	13506781
13506839	13506692
13506839	13506693
13506840	13506537
13506842	13506524
13506843	13506514
13506844	7476625
13506845	13506157
13506845	13506158
13506846	13506134
13506852	13506821
13506852	13508257
13506852	13508410
13506853	3123348
13506854	2248239
13506854	11942073
13506854	11942074
13506854	13508255
13506854	13508408
13506859	7556007
13506859	11992956
13506859	13512130
13506862	11457032
13506862	13512125
13506862	13512126
13506863	11376999
13506863	13512128
13506865	11297690
13506865	13507491
13506867	7851976
13506868	8387596
13506869	961935
13506870	2140212
13506871	8718766
13506872	45587
13506872	1091089
13506872	1958534
13506872	13531739
13506874	3513505
13506875	11008080
13506876	13506877
13506877	13506876
13506878	13508227
13506879	13508236
13506881	13508219
13506882	13508215
13506883	13508189
13506884	13508184
13506885	13508178
13506886	13508168
13506887	13508156
13506888	13508141
13506894	10797345
13506895	1775340
13506896	1272372
13506897	1272372
13506898	8735263
13506899	6606054
13506900	6606054
13506900	13506910
13506901	8668441
13506901	13614373
13506901	13614374
13506901	13614375
13506902	5814485
13506903	1470863
13506904	1470863
13506905	386378
13506910	6606054
13506910	13506900
13506911	889679
13506912	10583860
13506913	11439538
13506914	24483
13506915	11439538
13506916	6924781
13506917	7993443
13506918	399611
13506919	6411969
13506920	13506947
13506920	13506948
13506920	13506962
13506921	13506946
13506921	13506961
13506922	13506945
13506922	13506960
13506923	13506944
13506923	13506959
13506924	13506943
13506924	13506958
13506925	13506942
13506925	13506957
13506926	13506941
13506926	13506956
13506927	13506940
13506927	13506955
13506927	13507663
13506928	13506939
13506928	13506954
13506929	13506938
13506929	13506953
13506930	13506937
13506930	13506952
13506931	13506936
13506931	13506951
13506932	13506935
13506932	13506950
13506933	13506934
13506933	13506949
13506934	13506933
13506935	13506932
13506936	13506931
13506937	13506930
13506938	13506929
13506939	13506928
13506940	13506927
13506941	13506926
13506942	13506925
13506943	13506924
13506944	13506923
13506945	13506922
13506946	13506921
13506947	13506920
13506948	13506920
13506949	13506933
13506950	13506932
13506951	13506931
13506952	13506930
13506953	13506929
13506954	13506928
13506955	13506927
13506956	13506926
13506957	13506925
13506958	13506924
13506959	13506923
13506960	13506922
13506961	13506921
13506962	13506920
13506963	10167156
13506964	6509845
13506965	13506966
13506965	13506967
13506966	13506965
13506967	13506965
13506968	13506969
13506968	13506970
13506969	13506968
13506970	13506968
13506971	2648136
13506971	4000496
13506971	8055014
13506972	8055014
13506973	13506974
13506973	13506975
13506974	13506973
13506975	13506973
13506976	13506977
13506977	13506976
13506978	13506979
13506978	13506980
13506979	13506978
13506980	13506978
13506981	13506982
13506981	13506983
13506982	13506981
13506983	13506981
13506984	13505286
13506984	13506987
13506985	13506986
13506986	13506985
13506987	13505286
13506987	13506984
13506988	11326857
13506989	6787132
13506990	5331073
13506991	8330883
13506992	13506460
13506992	13525347
13506993	13506460
13506993	13525347
13506994	10654231
13506995	4588603
13506996	8570167
13506997	12026494
13506998	6178182
13506999	2883998
13507000	8772003
13507000	13606475
13507001	1601453
13507002	7109683
13507003	12752955
13507004	13483113
13507005	9226768
13507006	7843909
13507007	5263509
13507008	12985092
13507009	5952697
13507010	13285601
13507011	11301207
13507012	3861305
13507013	7847526
13507013	13589469
13507014	13350768
13507015	7364916
13507016	436433
13507017	12262690
13507018	13490253
13507018	13490259
13507018	13491843
13507019	4947527
13507020	9946489
13507020	13484335
13507021	13324693
13507022	2570242
13507023	13324693
13507024	6264836
13507025	11194871
13507026	13320621
13507027	13155131
13507027	13770962
13507028	7635104
13507028	13556959
13507029	12426872
13507030	13284028
13507031	13352550
13507032	13320644
13507033	851300
13507033	13549725
13507034	5903899
13507035	5621001
13507036	5621001
13507037	13077182
13507038	12893264
13507039	9842877
13507040	8320510
13507040	8808228
13507040	12603015
13507040	13129890
13507040	13621546
13507041	12984131
13507042	5552987
13507043	2038272
13507044	526275
13507045	8042023
13507046	13497779
13507047	13497779
13507048	2618418
13507048	13554164
13507048	13554167
13507049	13497779
13507050	9015402
13507051	5412602
13507052	7862299
13507053	5558592
13507054	12539722
13507055	2535938
13507056	2329328
13507057	3099192
13507058	2329328
13507059	13056086
13507060	380943
13507062	2960602
13507063	4249870
13507064	8764631
13507064	9757287
13507064	13507573
13507064	13507574
13507064	13507575
13507064	13507576
13507064	13525027
13507064	13526788
13507064	13527938
13507064	13529161
13507064	13529701
13507064	13530014
13507064	13531200
13507064	13534906
13507064	13538280
13507064	13538303
13507064	13538315
13507064	13538316
13507064	13538320
13507064	13538459
13507065	10661185
13507065	10661186
13507065	13507579
13507065	13525025
13507065	13526787
13507065	13527937
13507065	13529700
13507065	13530013
13507065	13531198
13507066	10661185
13507066	10661186
13507066	13250387
13507066	13507579
13507066	13508472
13507066	13525023
13507066	13525024
13507066	13526787
13507066	13529700
13507066	13530012
13507066	13531198
13507066	13534907
13507067	677471
13507067	1170194
13507067	13508471
13507067	13525020
13507067	13526779
13507067	13529155
13507067	13529699
13507067	13530010
13507067	13531195
13507068	449239
13507068	13508465
13507068	13508838
13507068	13525019
13507068	13529698
13507068	13530008
13507068	13531192
13507069	538220
13507070	2789429
13507070	13508835
13507070	13508836
13507070	13525017
13507070	13525018
13507070	13529697
13507071	11553099
13507072	5292469
13507073	8827103
13507074	5677173
13507075	4735018
13507076	11517432
13507077	4649605
13507078	8043477
13507079	2940722
13507079	13507320
13507079	13507321
13507079	13508464
13507079	13525015
13507079	13526776
13507079	13529147
13507079	13529696
13507079	13530004
13507079	13531189
13507080	1150980
13507080	1150981
13507080	1157376
13507080	1875807
13507080	7432214
13507080	13507322
13507080	13507323
13507080	13508462
13507080	13525010
13507080	13525012
13507080	13526774
13507080	13526775
13507080	13528066
13507080	13528067
13507080	13529123
13507080	13529694
13507080	13529695
13507081	3101501
13507082	4106054
13507083	4689879
13507083	13508461
13507083	13525008
13507083	13525009
13507083	13526769
13507083	13529117
13507083	13529692
13507083	13530002
13507083	13531185
13507084	4598691
13507084	4598700
13507084	4598702
13507084	4599259
13507084	5446073
13507084	13507315
13507084	13508459
13507084	13508460
13507084	13524600
13507084	13525006
13507084	13526767
13507084	13529115
13507084	13529691
13507084	13530000
13507084	13531180
13507084	13531181
13507085	12145830
13507085	12145838
13507085	12145840
13507085	13508456
13507085	13508457
13507085	13524999
13507085	13525000
13507085	13526764
13507085	13526766
13507085	13528060
13507085	13528061
13507085	13529092
13507085	13529689
13507085	13529998
13507085	13531174
13507086	3571069
13507087	7270346
13507087	9756160
13507087	11556760
13507087	13507313
13507087	13507314
13507087	13524996
13507087	13526762
13507087	13526763
13507087	13528058
13507087	13528059
13507087	13529091
13507087	13529111
13507087	13529688
13507087	13529997
13507088	6191049
13507088	6196775
13507088	8619863
13507088	8620668
13507088	13507311
13507088	13524989
13507088	13526758
13507088	13528039
13507088	13529089
13507088	13529687
13507088	13529996
13507088	13531170
13507088	13766024
13507089	9749279
13507090	2854966
13507090	2854967
13507090	13507309
13507090	13524984
13507090	13529686
13507090	13529995
13507090	13531167
13507091	12053883
13507092	12260270
13507093	4251161
13507094	10681483
13507095	8363560
13507096	379993
13507097	13443158
13507098	12975091
13507099	6359795
13507099	11589556
13507100	8813619
13507101	11234242
13507102	13341950
13507103	5768722
13507103	13799152
13507104	9387896
13507105	10378350
13507106	13443158
13507107	10378350
13507108	2772646
13507109	13152984
13507110	13443158
13507111	6570843
13507112	10602460
13507113	6542738
13507113	13545314
13507114	8623462
13507115	13443158
13507116	6570843
13507117	12514927
13507118	6570843
13507119	3187553
13507119	10379343
13507120	2772649
13507121	13154376
13507122	7148209
13507122	13548163
13507123	10602489
13507123	10602491
13507124	6542750
13507125	4684558
13507126	8623573
13507127	12524065
13507128	1438401
13507129	10246439
13507130	9073492
13507130	13610748
13507131	10182765
13507132	3796637
13507133	513292
13507134	4211354
13507135	7862125
13507136	3955669
13507137	3175283
13507138	11383676
13507139	13191351
13507140	6401002
13507141	2418687
13507142	3853175
13507143	7157124
13507144	8932340
13507144	13624029
13507145	3989041
13507146	6293637
13507147	3465229
13507148	2632834
13507150	6926146
13507151	13115906
13507153	13115906
13507154	5968195
13507155	13443158
13507156	5160128
13507157	12546134
13507158	6454042
13507159	6023772
13507160	6023772
13507161	13443158
13507162	6398758
13507163	3357785
13507163	13686923
13507164	13443158
13507165	12301893
13507165	13691334
13507166	8797700
13507167	10037926
13507168	12069849
13507169	5259532
13507170	8037736
13507172	507305
13507174	1881504
13507175	6782987
13507176	9438950
13507177	8651187
13507178	5914503
13507179	4428622
13507180	6175848
13507181	3566237
13507182	11993363
13507183	2869050
13507184	11553589
13507185	6638962
13507185	13657431
13507186	3250800
13507187	13436042
13507188	7849488
13507189	3508687
13507190	12771456
13507191	4508184
13507192	6879816
13507193	796213
13507194	614906
13507195	7552972
13507196	6777346
13507197	13251203
13507198	11385647
13507199	2143765
13507200	8960228
13507201	1881510
13507201	13742777
13507203	6783005
13507204	11629721
13507205	8651209
13507206	5914511
13507207	4428635
13507208	6366685
13507208	13545342
13507209	13506250
13507210	3566242
13507211	12624655
13507212	9206361
13507213	2869517
13507214	11553633
13507215	6639035
13507216	6639035
13507217	3250818
13507218	13436295
13507218	13782416
13507219	7849583
13507220	3634286
13507221	12771585
13507222	4508239
13507223	6879884
13507224	614924
13507225	8051047
13507225	8051186
13507226	7553231
13507227	6777374
13507228	13251545
13507229	11387221
13507230	8960312
13507231	11597765
13507232	5378274
13507233	2580095
13507234	5705875
13507234	7363135
13507236	5764067
13507237	6318957
13507238	2831993
13507239	11694907
13507240	8016519
13507241	4972597
13507242	11862980
13507243	6422339
13507244	6422339
13507245	6422339
13507246	6422339
13507247	6412057
13507248	13507249
13507248	13507471
13507248	13507472
13507249	13507248
13507249	13507652
13507250	13507251
13507250	13507463
13507250	13510326
13507251	13507250
13507252	6426376
13507253	6426376
13507254	6422342
13507255	6422342
13507256	6520217
13507257	6426372
13507258	6428584
13507259	6428584
13507260	13507262
13507260	13507454
13507260	13510325
13507261	6412058
13507262	13507260
13507263	7376771
13507264	9752293
13507264	13507446
13507265	13390055
13507265	13507438
13507265	13510174
13507265	13510175
13507265	13744743
13507265	13744744
13507265	13744746
13507266	3186465
13507266	13507431
13507267	13510843
13507267	13510848
13507268	8634112
13507268	13507424
13507268	13510166
13507268	13510168
13507269	3046787
13507269	13507312
13507269	13507420
13507270	12746566
13507270	13507414
13507271	13011193
13507271	13507405
13507272	6416437
13507273	6417638
13507274	10075606
13507274	13507400
13507275	6424623
13507276	6424623
13507277	5505356
13507277	13507364
13507278	7378557
13507279	7378557
13507280	7378557
13507281	7378557
13507282	9455164
13507282	13507375
13507283	6420745
13507284	6415710
13507285	6424827
13507286	6424827
13507287	7381409
13507288	6413794
13507289	9446264
13507290	6429622
13507290	7379441
13507291	6429622
13507291	7379441
13507292	6429622
13507292	7379441
13507293	6429622
13507293	7379441
13507294	6422554
13507295	6422554
13507296	6422554
13507297	6422554
13507298	4887644
13507299	13507301
13507300	11985968
13507301	13507299
13507301	13507304
13507301	13508455
13507302	6429216
13507303	6429216
13507304	13507301
13507305	7378883
13507306	6362698
13507307	371080
13507308	371080
13507309	13507090
13507310	11896202
13507311	13507088
13507311	13529089
13507312	13507269
13507313	13507087
13507313	13529091
13507314	13507087
13507314	13529091
13507315	13507084
13507316	6961448
13507317	13508452
13507317	13508833
13507318	10230888
13507319	10230888
13507320	13507079
13507320	13529147
13507321	13507079
13507321	13529147
13507322	13507080
13507323	13507080
13507325	11991625
13507326	13507331
13507326	13507333
13507327	11106901
13507328	6611695
13507329	12339080
13507330	11110645
13507331	13507326
13507332	13508451
13507332	13513723
13507333	13507326
13507335	4926125
13507336	7999553
13507337	616438
13507338	961587
13507339	11250663
13507340	6120076
13507341	6960364
13507342	11826913
13507343	11826913
13507344	7627748
13507345	7627748
13507346	7627748
13507347	11986997
13507348	11986997
13507349	11986997
13507350	7026906
13507351	11826915
13507352	11723522
13507353	11723522
13507354	10228976
13507355	11826915
13507356	984038
13507357	359653
13507357	675131
13507357	1310069
13507357	3584584
13507357	5690687
13507357	5691434
13507357	10839300
13507358	984038
13507359	1188741
13507360	11235167
13507361	8406456
13507362	12251341
13507363	1188741
13507364	13507277
13507365	2594172
13507366	11800518
13507367	11619755
13507368	7716056
13507369	5204004
13507370	404420
13507371	13408282
13507372	2984174
13507373	381828
13507374	6961246
13507375	13507282
13507376	372051
13507377	370708
13507377	13519265
13507378	8136772
13507380	1232850
13507381	11960044
13507382	5878544
13507383	8694772
13507384	11099276
13507385	7588345
13507386	10612463
13507387	4279401
13507387	7796108
13507387	13506679
13507388	13519248
13507389	10612463
13507390	11712094
13507391	8144988
13507392	12867503
13507393	6629196
13507394	4113256
13507395	13035369
13507396	3718316
13507397	11456415
13507398	13287113
13507399	11265955
13507400	13507274
13507401	458365
13507402	10254703
13507403	8215375
13507404	10254703
13507405	13507271
13507406	11752181
13507407	8445044
13507408	10254703
13507409	3275547
13507410	11528279
13507411	12193895
13507412	12916920
13507413	9832037
13507414	13507270
13507415	12355071
13507416	5896889
13507417	12355071
13507418	8297225
13507419	12594427
13507420	13507269
13507421	1101533
13507422	7748733
13507423	11105624
13507423	13535108
13507423	13535109
13507423	13535111
13507424	13507268
13507425	5052725
13507426	10760861
13507427	11510508
13507428	3083956
13507429	411281
13507430	13262618
13507431	13507266
13507432	13439459
13507433	3695298
13507434	8434642
13507435	1480362
13507436	8914427
13507437	12124662
13507438	13507265
13507439	5892094
13507440	5478282
13507441	10265120
13507442	8776874
13507443	7132985
13507444	10952241
13507445	2722236
13507446	13507264
13507447	10952052
13507448	13067733
13507449	12940053
13507450	11112885
13507451	10890746
13507452	4914786
13507453	5767621
13507454	13507260
13507455	7299842
13507456	466983
13507457	3561866
13507458	2607090
13507459	8718743
13507460	10163441
13507461	13507466
13507462	8691001
13507463	13507250
13507464	8913816
13507465	5339010
13507466	13507461
13507467	5137760
13507468	3675597
13507469	646189
13507470	13043463
13507471	13507248
13507472	13507248
13507473	10681287
13507474	9138822
13507475	6334347
13507476	12463033
13507477	2805781
13507478	9077090
13507479	4950134
13507480	8348872
13507481	6425626
13507482	6042609
13507483	6425626
13507484	5089309
13507485	10329762
13507486	582755
13507487	8266738
13507488	11118704
13507489	13507492
13507490	5385
13507491	13506865
13507492	13507489
13507492	13507496
13507493	7822885
13507494	7381241
13507495	7381241
13507496	13507492
13507497	1451078
13507498	4302950
13507498	13559369
13507498	13559370
13507499	12311970
13507500	5294266
13507501	3961914
13507502	13455223
13507503	13455223
13507504	10890809
13507505	12256983
13507506	12582673
13507507	12758226
13507507	13559378
13507508	13507510
13507509	12826478
13507510	13507508
13507511	11096683
13507512	6010560
13507513	12726177
13507514	13428251
13507515	5497587
13507516	9034694
13507517	7381550
13507518	7381550
13507519	10354746
13507520	13507522
13507521	8930388
13507522	13507520
13507523	1054953
13507524	8909491
13507525	6427351
13507526	7377035
13507527	5256661
13507528	11461455
13507528	13654878
13507529	3093749
13507530	7163157
13507531	5367702
13507532	3093749
13507533	6779280
13507534	2452002
13507534	2594296
13507535	848816
13507536	2589668
13507538	7878451
13507539	12442774
13507539	13561379
13507540	8371560
13507541	13342126
13507542	5608338
13507542	13573379
13507543	4660287
13507544	6428112
13507544	7378764
13507545	6428112
13507545	7378764
13507546	12229
13507547	2748862
13507548	7381193
13507549	7381193
13507551	5278704
13507552	6428480
13507553	6428480
13507554	10700967
13507554	10700968
13507554	13580483
13507555	7378706
13507556	7378706
13507557	3991680
13507558	7496896
13507559	5558874
13507560	3611307
13507561	10150228
13507562	63631
13507562	373693
13507562	377365
13507562	393325
13507562	397514
13507562	1351553
13507562	4923537
13507562	13506530
13507563	6480900
13507564	2700461
13507565	6429082
13507566	2432998
13507567	6429082
13507568	5252956
13507569	788677
13507570	5671476
13507571	12709298
13507572	6290730
13507573	13507064
13507573	13529161
13507574	13507064
13507574	13529161
13507575	13507064
13507575	13529161
13507576	13507064
13507576	13529161
13507577	1216889
13507578	11105160
13507579	13507065
13507579	13507066
13507580	2639310
13507581	7065343
13507582	10617680
13507582	10617681
13507583	4689540
13507584	1225286
13507585	11112856
13507586	6379627
13507587	11206757
13507588	11106092
13507589	10624771
13507590	1305540
13507591	8603244
13507592	1305540
13507593	2407998
13507594	6124010
13507595	6124010
13507596	10636957
13507597	13507600
13507598	8076984
13507599	9097262
13507600	13507597
13507601	4811571
13507602	3299993
13507603	13250539
13507604	5697920
13507604	13556963
13507605	2418776
13507606	2168764
13507607	13080085
13507608	10152218
13507609	8437463
13507610	12892738
13507611	2606162
13507612	10796971
13507613	4440440
13507614	8366768
13507615	4749575
13507616	11106795
13507617	8516985
13507618	13509514
13507618	13513950
13507619	13507621
13507620	8445087
13507621	13507619
13507621	13507622
13507622	13507621
13507623	8358083
13507624	13509570
13507624	13513941
13507625	10547362
13507626	13507627
13507626	13510575
13507627	13507626
13507627	13510531
13507627	13510575
13507627	13519648
13507627	13705263
13507628	13502326
13507628	13567640
13507629	11325533
13507629	13509513
13507630	13250814
13507631	11894565
13507632	13509512
13507632	13513934
13507633	2145571
13507634	9077158
13507635	4434225
13507635	13689118
13507636	13509510
13507636	13509511
13507636	13513931
13507637	3195735
13507638	12498355
13507639	5693592
13507640	13509568
13507640	13513920
13507641	7040179
13507642	4119131
13507643	4896532
13507644	7864499
13507644	13647351
13507645	4688365
13507646	13250699
13507647	8618643
13507648	6092510
13507649	13513917
13507650	12688451
13507651	10450639
13507652	13507249
13507652	13507655
13507653	13507654
13507654	13507653
13507655	13507652
13507656	730796
13507657	12412821
13507658	12402629
13507659	5468521
13507660	4820047
13507661	4953979
13507662	3968042
13507663	2754379
13507663	13506927
13507664	2841961
13507665	6380780
13507666	13073724
13507667	4924330
13507668	5773945
13507669	10361124
13507670	9249532
13507672	7311722
13507673	12299451
13507673	13508246
13507673	13508247
13507673	13508248
13507674	7116024
13507674	13598229
13507675	4500342
13507675	4753014
13507677	2484440
13507678	6730710
13507679	3898444
13507679	12808511
13507680	5989316
13507681	8555284
13507682	11682879
13507683	12420254
13507684	13397185
13507685	12055838
13507686	6483887
13507687	10187399
13507687	13508244
13507688	1273375
13507688	2055285
13507688	3640252
13507688	6566642
13507688	6566643
13507688	12200341
13507689	580663
13507690	2599772
13507691	13273359
13507692	5082061
13507693	3611041
13507695	2484442
13507696	5989384
13507697	8555689
13507698	13507704
13507698	13507706
13507698	13507709
13507698	13508449
13507699	11682960
13507699	13816833
13507701	12420399
13507701	13589468
13507702	2611448
13507703	12055878
13507703	13817530
13507704	13507698
13507705	10921715
13507706	13507698
13507707	4633231
13507708	9049109
13507709	13507698
13507710	5894083
13507711	12804877
13507712	11223913
13507713	9840036
13507713	9871407
13507714	11088522
13507715	13564723
13507716	11088522
13507717	11088522
13507718	12925164
13507718	12925254
13507719	8696010
13507721	8696010
13507722	8355992
13507723	5608965
13507724	8696010
13507725	5205500
13507725	8052470
13507725	13686846
13507726	13412554
13507727	5774097
13507728	13389060
13507729	9537738
13507730	13817653
13507731	13412670
13507732	5774113
13507733	12234834
13507734	10455543
13507735	1342502
13507736	4281406
13507737	826390
13507737	13839178
13507738	3561981
13507739	3709669
13507740	1446000
13507741	5679418
13507742	4828021
13507743	7987335
13507744	11903237
13507745	2458604
13507746	7376727
13507747	13507748
13507748	13507747
13507749	13507750
13507749	13507754
13507750	13507749
13507750	13507753
13507750	13507754
13507753	13507750
13507753	13507754
13507754	13507749
13507754	13507750
13507754	13507753
13507755	6439891
13507755	9876374
13507755	10233405
13507755	13507756
13507756	6439891
13507756	6443406
13507756	6455520
13507756	8272246
13507756	9738606
13507756	9739581
13507756	9739584
13507756	9876374
13507756	10233405
13507756	10590310
13507756	10594257
13507756	13507755
13507757	13507758
13507758	13507757
13507759	13507760
13507760	13507759
13507760	13507913
13507762	13507763
13507762	13507765
13507762	13507766
13507763	13507762
13507764	12966011
13507764	13675261
13507765	13507762
13507766	13507762
13507767	12966017
13507768	13508448
13507769	12966014
13507769	13535399
13507769	13679969
13507771	12966013
13507771	13535389
13507772	12966012
13507772	13610479
13507773	12966009
13507773	13519402
13507773	13605457
13507774	1793879
13507775	2902681
13507776	13456045
13507778	12685036
13507779	7115329
13507780	6114700
13507781	13508241
13507781	13508242
13507782	6114700
13507782	13591664
13507783	13508229
13507784	10730286
13507785	8826215
13507786	1352794
13507787	12707245
13507788	12882928
13507789	11151371
13507789	13591659
13507790	8538989
13507791	10688876
13507792	8674561
13507793	10262409
13507793	13507901
13507794	13462892
13507794	13507795
13507795	13462892
13507795	13507794
13507796	13462892
13507797	2256017
13507798	1609663
13507799	11229420
13507800	11229420
13507801	4418961
13507802	4418961
13507802	13507803
13507803	4418961
13507803	13507802
13507804	1692406
13507805	3490450
13507806	3490450
13507806	13507897
13507807	8122915
13507807	13507808
13507808	8122915
13507808	13507807
13507809	36080
13507809	446580
13507809	843779
13507809	2259828
13507809	5025940
13507810	3729759
13507811	320208
13507811	454233
13507811	704829
13507811	1877283
13507812	6319463
13507813	13438345
13507814	6319463
13507815	64142
13507815	1623594
13507815	7759369
13507815	11061838
13507816	56294
13507816	793779
13507816	1017908
13507816	7481304
13507817	1640073
13507817	1640113
13507817	9979680
13507818	3882351
13507819	11387968
13507820	10730467
13507821	11359944
13507822	9141044
13507823	12385103
13507824	7498430
13507825	11318409
13507826	11636775
13507827	11258454
13507828	13507829
13507828	13507834
13507829	13507828
13507830	477847
13507831	9549483
13507832	11174433
13507833	11174433
13507834	13507828
13507835	11174433
13507836	7067961
13507837	7067961
13507838	1911793
13507839	1911793
13507840	5642007
13507840	13507841
13507841	5642007
13507841	13507840
13507842	5642007
13507843	5757632
13507844	9089368
13507845	7257237
13507846	10307219
13507847	11309201
13507848	5148862
13507849	957294
13507850	13507852
13507850	13507854
13507851	9516197
13507852	13507850
13507853	5960222
13507854	13507850
13507855	10592600
13507856	13124091
13507857	7261361
13507858	8915442
13507859	8915442
13507859	10258165
13507859	13507860
13507860	8915442
13507860	13507859
13507861	8915442
13507862	4980917
13507862	13507873
13507863	11395841
13507864	4682570
13507865	4520630
13507866	9641432
13507866	13507869
13507867	11346045
13507868	1449125
13507869	9641432
13507869	13507866
13507870	54640
13507870	903610
13507870	4656387
13507870	9749566
13507871	7442800
13507872	12855914
13507873	13507862
13507874	10615530
13507875	12855914
13507876	5708176
13507877	11392576
13507878	5263255
13507879	8545408
13507880	602973
13507880	7277426
13507880	10221348
13507881	10359140
13507882	6358044
13507882	7214125
13507882	9669217
13507883	1954705
13507883	2056570
13507883	4352177
13507883	8652284
13507883	13507884
13507884	13507883
13507885	11370897
13507886	7082254
13507886	13507890
13507887	11409347
13507888	1932048
13507888	1932957
13507888	10633620
13507888	11672145
13507889	11299227
13507890	13507886
13507891	1529239
13507891	1529404
13507891	1529457
13507891	1549369
13507892	11952788
13507892	12107792
13507893	12129165
13507894	2701471
13507895	13507896
13507896	13507895
13507897	2548404
13507897	13507806
13507897	13507898
13507898	13507897
13507899	12831736
13507899	13508046
13507900	12262760
13507901	13507793
13507901	13507904
13507902	9375275
13507903	7050294
13507903	7050296
13507903	8651066
13507903	11209198
13507903	11209199
13507904	13507901
13507905	9068439
13507906	9106574
13507907	9168640
13507908	9168640
13507909	10476722
13507910	9615706
13507911	8410665
13507912	11286980
13507913	13507760
13507913	13507914
13507914	13507913
13507915	8387876
13507916	8138042
13507916	13508086
13507916	13508088
13507917	11384212
13507918	10455033
13507919	9155611
13507920	9069618
13507920	12196372
13507921	9075780
13507922	13507923
13507923	13507922
13507923	13507936
13507924	11364039
13507924	13508079
13507925	681808
13507925	853420
13507925	5027398
13507925	13507934
13507926	9110452
13507927	11364039
13507927	13508077
13507928	11304256
13507928	13754630
13507929	9616757
13507930	11422208
13507930	13508073
13507931	11126170
13507931	13508071
13507932	8395172
13507933	9728202
13507934	13507925
13507934	13507984
13507935	10476742
13507936	13507923
13507936	13507939
13507937	1135972
13507937	1334374
13507937	3108979
13507937	7958381
13507938	9209958
13507939	13507936
13507940	10325844
13507940	13507941
13507941	13507940
13507942	7524728
13507943	11338167
13507943	13512189
13507943	13512190
13507944	9729970
13507945	2427973
13507945	4461697
13507945	4461698
13507945	7924850
13507946	7736444
13507946	10634800
13507947	9154429
13507948	13507951
13507948	13507953
13507949	4640226
13507949	13507950
13507950	13507949
13507950	13508443
13507951	13507948
13507952	8390869
13507952	10372282
13507953	13507948
13507954	273558
13507954	361558
13507954	413392
13507954	1395380
13507955	2004971
13507956	4359283
13507956	13507957
13507956	13507958
13507957	13507956
13507957	13508442
13507957	13508830
13507958	4359283
13507958	13507956
13507958	13508145
13507959	9475267
13507960	9293312
13507961	9736116
13507962	9733369
13507963	9206849
13507963	13155304
13507964	257874
13507964	347473
13507964	4577398
13507964	13507965
13507965	4577398
13507965	13507964
13507966	11216342
13507967	9009933
13507967	13507968
13507968	13507967
13507968	13508828
13507969	12761310
13507969	13507971
13507969	13507974
13507970	3905370
13507971	13507969
13507972	3905370
13507973	9083852
13507974	13507969
13507975	11303614
13507976	6347361
13507977	6347361
13507978	6347361
13507981	7675576
13507981	11278494
13507982	10715304
13507983	2568667
13507984	13507934
13507985	3905756
13507986	3905756
13507987	12324192
13507988	11878111
13507988	13512123
13507989	13507990
13507989	13507994
13507990	13507989
13507991	8228526
13507992	13337306
13507993	11350709
13507994	13507989
13507995	3694542
13507996	3694542
13507997	2567710
13507998	9402230
13507999	11366551
13508000	13499791
13508001	13274952
13508001	13274953
13508002	11353059
13508003	13492699
13508004	13366204
13508005	11246922
13508006	13403212
13508007	9212695
13508008	3098414
13508009	9574798
13508010	4599522
13508011	9407354
13508012	12570108
13508013	4373394
13508013	9957352
13508014	4977760
13508015	23779
13508016	23779
13508017	13508022
13508017	13508023
13508018	13196882
13508019	5915094
13508020	610969
13508021	1341885
13508022	13508017
13508023	13508017
13508024	4865901
13508025	1055082
13508026	4508749
13508027	1055082
13508028	1055082
13508029	1055082
13508030	7777571
13508032	13401720
13508033	11162221
13508034	8598704
13508035	11162221
13508036	7240467
13508037	7240467
13508038	7240467
13508039	11915190
13508040	7323656
13508042	7027974
13508042	13796973
13508043	7027842
13508044	10645637
13508044	13505693
13508045	10645637
13508045	13505693
13508046	13507899
13508047	13505663
13508048	9993699
13508048	13512115
13508049	12951187
13508050	13505663
13508051	12951187
13508052	13505655
13508053	10452099
13508053	10452102
13508053	10455130
13508053	13505654
13508053	13508195
13508053	13509634
13508053	13511202
13508053	13511204
13508053	13511552
13508054	5513913
13508055	10452099
13508055	10452102
13508055	10455130
13508055	13505654
13508055	13508195
13508055	13509634
13508055	13511202
13508055	13511204
13508055	13511552
13508056	11364254
13508056	13512120
13508056	13512121
13508057	3439761
13508058	3439761
13508059	3439761
13508060	7237438
13508060	13041128
13508060	13505638
13508060	13506184
13508060	13508196
13508061	13501243
13508062	13501094
13508062	13508307
13508063	1894031
13508063	1894106
13508063	1909737
13508063	1909738
13508063	13508130
13508064	7307558
13508065	13497765
13508065	13498000
13508065	13508334
13508065	13833954
13508066	1978165
13508067	11234454
13508067	13512186
13508068	11234454
13508068	13512186
13508069	2171278
13508069	13496702
13508069	13508338
13508069	13576510
13508070	5138433
13508071	13507931
13508071	13508119
13508072	13400915
13508072	13413924
13508072	13413925
13508072	13496681
13508072	13496689
13508072	13496691
13508072	13508341
13508072	13508342
13508073	12624300
13508073	13507930
13508073	13508109
13508073	13508112
13508073	13508117
13508074	13080111
13508075	11234454
13508075	13512185
13508076	5044876
13508076	13495981
13508076	13496007
13508077	13507927
13508077	13508100
13508078	11234454
13508078	13512185
13508079	13507924
13508079	13508092
13508080	3781205
13508081	13495937
13508081	13508359
13508082	9574924
13508083	10715504
13508084	13495909
13508084	13508360
13508084	13512019
13508084	13512020
13508085	1920241
13508086	13507916
13508087	13495883
13508087	13508095
13508087	13508096
13508087	13508365
13508087	13509084
13508087	13509725
13508087	13511408
13508087	13512023
13508087	13512024
13508087	13513375
13508087	13514549
13508087	13514750
13508087	13514751
13508087	13516588
13508087	13516589
13508088	13507916
13508089	4937037
13508090	13495819
13508091	1920241
13508092	13508079
13508093	13495768
13508094	3760596
13508095	13495883
13508095	13508087
13508096	13495883
13508096	13508087
13508097	13493332
13508097	13495400
13508098	1409184
13508099	3760596
13508100	13508077
13508101	5929656
13508102	13493357
13508102	13495393
13508103	13493357
13508103	13495393
13508103	13495473
13508103	13495474
13508104	5146756
13508105	13495389
13508106	13494627
13508106	13495389
13508107	2546866
13508108	2546866
13508109	13508073
13508110	12946298
13508111	2234427
13508112	13508073
13508113	9479408
13508113	9497074
13508114	5186852
13508115	5186852
13508116	41588
13508116	2009426
13508116	2935710
13508117	13508073
13508118	13493649
13508119	13508071
13508120	3603744
13508121	8941947
13508122	3603744
13508124	2935710
13508125	41588
13508125	483981
13508126	13492891
13508126	13493306
13508127	1684753
13508128	2935714
13508128	6175249
13508129	4007154
13508130	13508063
13508131	2316673
13508132	13491790
13508132	13810659
13508133	4007154
13508134	7047820
13508135	9471168
13508136	13491713
13508137	3117225
13508138	13491713
13508139	4986258
13508141	13506888
13508142	2507994
13508143	8278077
13508144	11694403
13508145	4359353
13508145	13507958
13508145	13508147
13508146	3298183
13508147	13508145
13508148	13495977
13508149	5433277
13508150	5433277
13508151	6799240
13508153	13491790
13508153	13810659
13508154	443440
13508155	13491790
13508156	13506887
13508157	6577683
13508157	13491790
13508158	12552548
13508161	6880368
13508162	2690040
13508163	6880368
13508164	8313091
13508165	11568904
13508166	4997321
13508167	8054277
13508168	13506886
13508169	2738028
13508170	1894872
13508171	7927447
13508172	2743764
13508173	1588876
13508174	1588876
13508175	3685622
13508176	3685622
13508178	13506885
13508179	13505693
13508180	13505693
13508181	13505690
13508182	13505690
13508183	13505673
13508184	13506884
13508185	10036720
13508186	13505673
13508187	10036720
13508188	13505663
13508189	13506883
13508190	13508192
13508191	13505655
13508192	13508190
13508192	13508441
13508193	13505655
13508193	13508194
13508194	13505655
13508194	13508193
13508195	13505654
13508195	13508053
13508195	13508055
13508195	13511552
13508196	13505638
13508196	13508060
13508197	9349032
13508197	13512179
13508198	3348123
13508199	13504525
13508200	883838
13508200	7490109
13508200	13576155
13508201	13505499
13508202	9539455
13508203	7490109
13508204	13505492
13508205	7490109
13508205	13637963
13508206	12732175
13508207	13504528
13508208	9006908
13508209	10001931
13508210	3647626
13508211	9093152
13508212	3647626
13508213	3647626
13508213	13679780
13508214	3403379
13508214	3818802
13508214	6530171
13508214	7351932
13508214	10573211
13508214	10573212
13508215	13506882
13508216	11184151
13508216	13512113
13508217	12927518
13508218	9225083
13508218	13512177
13508219	13506881
13508220	12927518
13508221	12927517
13508222	1751351
13508223	13331476
13508224	1751351
13508225	9104331
13508226	5852733
13508227	13506878
13508228	13269673
13508228	13359786
13508228	13545470
13508228	13545471
13508229	13507783
13508230	12976835
13508231	11432678
13508231	13512174
13508231	13512176
13508232	9160612
13508233	3914656
13508234	13508235
13508235	13508234
13508235	13508237
13508235	13508444
13508236	13506879
13508237	13508235
13508238	13311270
13508239	9090237
13508239	13512111
13508240	13311269
13508241	13507781
13508242	13507781
13508243	13506820
13508244	13507687
13508245	13492706
13508246	13507673
13508247	13507673
13508248	13507673
13508249	10455105
13508250	11443898
13508251	2083397
13508252	12601461
13508253	12332178
13508253	13807554
13508253	13807555
13508254	12694432
13508255	13506854
13508256	12303205
13508257	13506852
13508258	1575931
13508259	4835091
13508260	5286203
13508261	13504525
13508262	13503468
13508263	13506820
13508263	13600761
13508264	13509508
13508264	13513955
13508264	13513956
13508265	13503463
13508266	7057238
13508266	13512183
13508267	13506820
13508267	13600761
13508268	7057238
13508268	13512184
13508269	13506789
13508269	13506817
13508269	13555379
13508269	13555380
13508269	13638891
13508270	5044667
13508270	13509509
13508270	13513962
13508270	13513964
13508271	9482722
13508271	9507258
13508271	9513333
13508271	9530984
13508272	11072627
13508273	10151294
13508274	1698281
13508275	213223
13508276	13503452
13508277	9207493
13508277	13592327
13508278	13503432
13508279	13509516
13508279	13509517
13508279	13513969
13508280	10970672
13508281	13509507
13508281	13513971
13508282	13503137
13508283	13509484
13508283	13513976
13508284	13503119
13508285	13503093
13508286	13513978
13508287	13508288
13508287	13508445
13508288	13508287
13508289	13509506
13508290	2573878
13508290	11488804
13508291	13501278
13508292	13501272
13508293	13501268
13508293	13581563
13508294	13509483
13508296	13508298
13508297	13501253
13508298	13508296
13508298	13508299
13508298	13508440
13508299	13508298
13508300	13501252
13508301	13501252
13508302	10996594
13508303	13501243
13508304	13501212
13508305	13501211
13508306	13509480
13508306	13509481
13508306	13513991
13508307	13501094
13508307	13508062
13508308	13500944
13508310	13506801
13508311	13506801
13508312	13500943
13508313	13506801
13508315	13500923
13508316	13499423
13508318	13498962
13508319	13509477
13508319	13566482
13508320	13509474
13508320	13509475
13508320	13566573
13508321	13498939
13508323	13498937
13508324	13498936
13508325	914591
13508326	13509466
13508326	13509470
13508326	13566607
13508326	13566609
13508327	13498920
13508328	13509464
13508328	13509465
13508328	13566839
13508328	13566843
13508328	13566844
13508329	13498916
13508330	3038562
13508331	13509469
13508331	13509471
13508331	13576730
13508332	13498908
13508333	13497777
13508334	13497765
13508334	13508065
13508334	13833954
13508335	13497080
13508336	4936807
13508336	5162621
13508336	5428468
13508336	13576746
13508336	13576748
13508337	13497078
13508338	13496702
13508338	13508069
13508338	13576510
13508339	13496685
13508340	13509452
13508340	13576800
13508341	13496681
13508341	13508072
13508342	13496681
13508342	13508072
13508343	13496672
13508344	13496006
13508345	13496002
13508346	13509446
13508346	13509447
13508346	13509489
13508346	13509490
13508346	13509491
13508346	13566361
13508347	13495993
13508348	13495990
13508349	13495990
13508350	13495990
13508350	13508351
13508351	13495990
13508351	13508350
13508352	10172856
13508352	10172867
13508352	10172868
13508352	10173050
13508353	13495981
13508354	13495981
13508355	13495981
13508356	13509444
13508356	13509445
13508356	13566414
13508356	13566417
13508356	13566418
13508357	13495981
13508358	13495977
13508359	13495937
13508359	13508081
13508360	13495909
13508360	13508084
13508360	13512019
13508360	13512020
13508361	13508366
13508362	13495907
13508363	13566439
13508363	13566441
13508364	9460805
13508365	13495883
13508365	13508087
13508366	13508361
13508367	13495819
13508368	13495768
13508369	13508370
13508370	13508369
13508371	13495400
13508372	13495393
13508373	13495389
13508374	13495054
13508374	13495374
13508375	13495369
13508376	13495369
13508377	13508382
13508378	13495055
13508380	13495053
13508381	13495052
13508382	13508377
13508383	13471120
13508383	13495051
13508383	13581748
13508384	13495048
13508385	13495046
13508386	13495046
13508387	13495037
13508388	13495030
13508389	13495026
13508389	13495027
13508390	6814025
13508391	13495015
13508392	10732232
13508393	13495014
13508393	13516603
13508394	13508396
13508395	13495014
13508396	13508394
13508397	13493649
13508398	13508399
13508399	13508398
13508401	13492891
13508402	13492891
13508403	13491790
13508404	13491790
13508405	13491790
13508406	13491790
13508407	13491713
13508408	13506854
13508409	3291410
13508410	13506852
13508411	13506817
13508412	12302569
13508413	10482877
13508414	13506815
13508415	13506812
13508416	13506813
13508417	6232593
13508418	13506807
13508419	13506806
13508421	13506806
13508423	10136238
13508424	12488194
13508425	13506805
13508426	6829866
13508427	12639175
13508428	7931077
13508429	13508432
13508430	13506794
13508431	9420092
13508432	13508429
13508433	6271107
13508433	8643678
13508434	5517242
13508435	6271107
13508436	13503289
13508437	6271107
13508437	8643679
13508438	13506787
13508439	2990337
13508440	13508298
13508441	13508192
13508442	13507957
13508443	13507950
13508444	13508235
13508445	13508287
13508446	13506784
13508447	13506781
13508448	13507768
13508449	13507698
13508450	6615721
13508451	13507332
13508452	13507317
13508453	13506782
13508454	13508458
13508455	13507301
13508456	13507085
13508457	13507085
13508458	13508454
13508459	13507084
13508460	13507084
13508461	13507083
13508462	13507080
13508463	13506783
13508464	13507079
13508465	13507068
13508466	13506762
13508467	239185
13508468	239185
13508469	13506461
13508470	13506460
13508471	13507067
13508472	13507066
13508473	13506742
13508474	13506190
13508475	13506136
13508476	13505910
13508477	13505798
13508478	13505791
13508479	13506731
13508480	4422281
13508481	13505736
13508482	13505673
13508483	13506729
13508484	13505711
13508485	10843990
13508486	13505693
13508487	13313417
13508487	13552574
13508488	4099232
13508489	4407693
13508489	13689025
13508490	13505678
13508491	3245208
13508492	13505663
13508493	3454867
13508493	13577428
13508495	13506704
13508496	12593784
13508497	12416673
13508498	13506703
13508499	13505641
13508500	3876136
13508500	13752979
13508501	13505638
13508502	13505556
13508503	1639673
13508504	13505531
13508505	3970183
13508506	13505513
13508507	13505501
13508508	2359699
13508509	13506697
13508510	13505366
13508511	13505492
13508512	13505379
13508513	13506693
13508514	13506692
13508515	8983560
13508516	11248836
13508517	13505166
13508518	13505693
13508519	13505166
13508520	13505690
13508521	13505141
13508522	13505141
13508523	13505141
13508524	6289543
13508525	13505673
13508526	13504214
13508527	13504373
13508528	13506691
13508529	13504498
13508531	13504169
13508532	13504156
13508533	13506689
13508534	13504199
13508535	3157880
13508536	13504171
13508537	13505663
13508538	13508541
13508538	13508566
13508539	12650003
13508540	12650003
13508541	13508538
13508542	12650003
13508543	11914723
13508544	11914723
13508545	13506687
13508546	11914723
13508547	12650005
13508548	12650005
13508549	12650005
13508550	12433215
13508551	12433215
13508552	13506687
13508553	12431213
13508554	12431213
13508555	80
13508555	1358714
13508555	3212840
13508556	12330775
13508557	12330775
13508558	12330775
13508559	12214132
13508560	12214132
13508561	12214132
13508563	12214132
13508564	12214132
13508565	12214132
13508566	13508538
13508567	13504143
13508568	2700789
13508568	3771184
13508568	12219207
13508568	13508582
13508569	13504131
13508570	2700789
13508570	3771185
13508570	12219207
13508570	13508582
13508572	2700789
13508572	3771185
13508572	12219207
13508572	13508582
13508573	13505655
13508574	13505655
13508575	6992271
13508576	13505655
13508577	13504101
13508578	12170624
13508579	12170624
13508580	13504088
13508581	13504137
13508582	2700789
13508582	2701022
13508582	2701023
13508582	3771184
13508582	3771185
13508582	3771186
13508582	3771187
13508582	3771188
13508582	3771189
13508582	5753103
13508582	12219207
13508582	13508568
13508582	13508570
13508582	13508572
13508582	13508583
13508582	13508585
13508582	13508586
13508582	13508587
13508582	13508590
13508582	13508592
13508582	13508593
13508583	2700789
13508583	12219207
13508583	13508582
13508584	13505638
13508585	2700789
13508585	3771189
13508585	12219207
13508585	13508582
13508586	2700789
13508586	12219207
13508586	13508582
13508587	2700789
13508587	12219207
13508587	13508582
13508588	13506620
13508589	6995114
13508590	2700789
13508590	12219207
13508590	13508582
13508591	11520590
13508591	13508609
13508592	2700789
13508592	12219207
13508592	13508582
13508593	2700789
13508593	12219207
13508593	13508582
13508594	7008475
13508595	11877136
13508596	11859525
13508597	1568989
13508598	13505499
13508599	13505499
13508600	4099916
13508600	13385700
13508600	13385701
13508600	13508606
13508601	13505499
13508602	8541605
13508602	9387067
13508603	378035
13508603	392883
13508603	8541603
13508604	3722590
13508605	836212
13508605	8541597
13508606	4099916
13508606	13385700
13508606	13385701
13508606	13508600
13508607	11775293
13508608	11775293
13508609	13508591
13508610	1933572
13508611	12326287
13508612	13506561
13508613	12326287
13508613	12339392
13508614	12161777
13508615	12161777
13508616	13505492
13508617	13506561
13508618	9755012
13508618	13508619
13508619	9755012
13508619	13508618
13508620	13506537
13508621	7400290
13508621	13508627
13508622	12161776
13508623	12161776
13508624	12161776
13508625	12161776
13508626	12161776
13508627	7400290
13508627	13508621
13508628	12161776
13508629	11483749
13508630	12775357
13508630	13508635
13508631	11483749
13508632	8542110
13508633	11190559
13508634	11190559
13508635	12775357
13508635	13508630
13508636	9454370
13508637	11172590
13508638	11172590
13508639	12966064
13508639	13274178
13508640	11169752
13508641	11101294
13508642	11101294
13508643	11101294
13508644	11101294
13508645	4015608
13508645	7222265
13508645	7222272
13508645	7222273
13508645	8009079
13508645	13508681
13508646	11101294
13508647	5725631
13508648	11101294
13508649	4015608
13508649	7222265
13508649	7222272
13508649	7222273
13508649	8009082
13508649	13508681
13508650	12966058
13508651	4015608
13508651	7222265
13508651	7222272
13508651	7222273
13508651	8009082
13508651	13508681
13508652	10796343
13508653	10796333
13508654	10796333
13508655	10730714
13508656	10314897
13508657	10228737
13508658	9984848
13508659	13506529
13508660	9984848
13508661	12966073
13508663	9822047
13508664	9665160
13508665	9525768
13508666	9447804
13508667	13504528
13508668	9418776
13508669	9240859
13508669	9240863
13508670	8837967
13508670	13512108
13508670	13512109
13508671	9240859
13508671	9240863
13508672	13508684
13508672	13508687
13508672	13508690
13508672	13508709
13508673	8960669
13508674	8828673
13508675	8400819
13508676	8303377
13508677	8303377
13508678	13294693
13508679	10209164
13508680	8303377
13508681	4015608
13508681	7222265
13508681	7222272
13508681	7222273
13508681	8009079
13508681	8009082
13508681	13508645
13508681	13508649
13508681	13508651
13508682	13504525
13508683	8273096
13508683	8285559
13508684	13508672
13508685	8273096
13508685	8285559
13508686	6959508
13508687	13508672
13508687	13508701
13508688	12355754
13508689	4883687
13508689	13561281
13508690	13508672
13508690	13508701
13508690	13510771
13508690	13808426
13508690	13808427
13508690	13808428
13508691	13506529
13508692	8545697
13508693	12355754
13508693	13512168
13508694	8693968
13508695	13503468
13508696	8012646
13508697	8012646
13508698	11867328
13508699	11240906
13508700	8012646
13508701	13508687
13508701	13508690
13508701	13508709
13508702	11101534
13508703	8012646
13508704	6460422
13508705	5349748
13508706	12101676
13508707	13506524
13508708	11156254
13508709	13508672
13508709	13508701
13508710	13506524
13508711	13503463
13508712	13506514
13508713	8152770
13508713	13541030
13508714	3757326
13508715	13503463
13508716	13503463
13508717	12900772
13508717	13669231
13508719	10652490
13508720	13506528
13508721	8297015
13508722	13506528
13508724	9490098
13508725	13501659
13508726	2252608
13508727	13501659
13508727	13753293
13508729	13260640
13508730	13500087
13508731	13500087
13508732	13503452
13508733	13499964
13508734	13499964
13508736	13489422
13508737	13508739
13508738	13489422
13508739	13508737
13508739	13508742
13508739	13510626
13508740	13489019
13508741	13489019
13508742	13508739
13508743	12584664
13508744	12466351
13508745	13506521
13508746	12207046
13508747	12207046
13508748	12028169
13508750	13503432
13508751	12028169
13508752	11965230
13508753	11965230
13508754	12955181
13508755	11965230
13508756	11965230
13508757	11965230
13508758	11965230
13508759	11965230
13508760	11965230
13508761	11965230
13508762	13503137
13508763	11965230
13508764	11965230
13508765	11965230
13508766	13481646
13508767	11846396
13508768	11832978
13508769	11832978
13508770	13481646
13508771	11847313
13508772	11847313
13508773	11818777
13508774	13503119
13508775	13479525
13508776	13479525
13508776	13753310
13508777	13503093
13508778	13479367
13508778	13519346
13508779	13479367
13508779	13519342
13508780	11785742
13508781	11785742
13508782	13463876
13508783	13463876
13508785	13501278
13508786	13462123
13508787	13501278
13508788	13501278
13508789	13462123
13508790	13501278
13508791	13501278
13508792	13501278
13508793	13448558
13508794	13448558
13508795	13447508
13508796	13447508
13508797	13447358
13508798	13447358
13508799	13447351
13508800	13508802
13508801	13447351
13508802	13508800
13508803	2925423
13508804	11165978
13508805	11165978
13508806	10974513
13508807	10974513
13508808	13508809
13508809	13508808
13508810	2012533
13508814	13508815
13508815	13508814
13508815	13508816
13508816	13508815
13508818	3892834
13508818	5224507
13508818	5226249
13508818	5227635
13508819	13508820
13508820	13508819
13508821	4121822
13508821	5224508
13508822	13508823
13508823	13508822
13508825	3892843
13508825	5223771
13508828	13507968
13508830	13507957
13508831	5937555
13508832	3892844
13508832	5226138
13508833	13507317
13508834	11453365
13508834	11744950
13508834	13641660
13508835	13507070
13508836	13507070
13508837	13481771
13508838	13507068
13508840	8470946
13508840	9209509
13508840	10044084
13508841	253298
13508842	10091525
13508842	13508845
13508843	11537772
13508843	12330178
13508844	12311086
13508845	13508842
13508846	13508847
13508847	13508846
13508847	13508851
13508848	13479406
13508848	13479427
13508851	13508847
13508852	11138039
13508853	3070417
13508853	10963409
13508853	10964257
13508853	12130188
13508853	12130189
13508853	13326443
13508853	13508857
13508853	13508937
13508854	13508855
13508855	13508854
13508856	13506486
13508857	13508853
13508857	13508935
13508857	13508937
13508858	10306230
13508859	9266617
13508860	13508861
13508861	13508860
13508861	13508862
13508862	13508861
13508863	13506481
13508864	13442686
13508864	13442687
13508864	13442688
13508864	13442689
13508864	13508866
13508865	9434943
13508865	11967382
13508865	11967383
13508865	11967384
13508865	11967385
13508865	13008301
13508865	13008302
13508866	13508864
13508867	13508913
13508868	11705573
13508869	13506443
13508870	13508910
13508871	9460491
13508872	4238911
13508873	13506440
13508874	11060316
13508875	10717018
13508877	13506437
13508878	13506439
13508879	11042017
13508880	13506158
13508882	13506157
13508883	9483765
13508885	13506155
13508887	13506155
13508888	13506152
13508889	13506152
13508891	13506146
13508893	13506144
13508895	10671671
13508897	6192183
13508898	9333092
13508899	1116967
13508899	1116971
13508899	1557089
13508899	1557092
13508905	11651001
13508907	13505940
13508908	13505940
13508909	13505939
13508910	13508870
13508910	13508912
13508911	13505939
13508912	13508910
13508913	13508867
13508913	13508915
13508914	2289584
13508915	13508913
13508916	2289584
13508917	8983005
13508918	13505935
13508919	8983005
13508920	8983005
13508922	12330956
13508923	8930817
13508924	8930817
13508925	8917593
13508926	8917593
13508928	10055363
13508930	5258516
13508931	5149549
13508932	5149549
13508933	5149549
13508934	4488538
13508935	12130188
13508935	13326443
13508935	13508857
13508935	13508937
13508936	4488541
13508937	12130188
13508937	13326443
13508937	13508853
13508937	13508857
13508937	13508935
13508937	13508938
13508938	12130188
13508938	13132599
13508938	13326443
13508938	13508937
13508939	9830362
13508939	13509109
13508940	13501272
13508941	6026637
13508941	6668617
13508942	11060316
13508943	13501268
13508944	13501268
13508944	13581563
13508945	13501268
13508945	13581563
13508947	13501253
13508949	13501252
13508950	13501252
13508951	5761717
13508952	13501252
13508953	13501246
13508954	13501246
13508955	13501212
13508956	2660065
13508956	11982595
13508957	13501211
13508958	13501094
13508960	13500944
13508961	958408
13508961	9041649
13508961	9093319
13508962	13501211
13508964	13500943
13508965	7386045
13508965	13508969
13508966	13500923
13508967	9041647
13508968	3272314
13508968	3272315
13508968	8434018
13508968	10309317
13508968	13509106
13508969	7386045
13508969	13508965
13508969	13508975
13508972	13499423
13508973	13498962
13508974	12665709
13508974	12665711
13508974	12665712
13508975	13508969
13508976	3911761
13508976	3911773
13508976	3949022
13508976	11383580
13508976	11470485
13508976	12364540
13508977	13498939
13508978	3911762
13508978	3911774
13508978	3949021
13508978	4166927
13508978	4166928
13508978	4849178
13508979	152619
13508979	261930
13508980	152619
13508980	261930
13508981	1028124
13508981	5491541
13508982	13505282
13508983	9975233
13508984	3321110
13508984	6963841
13508985	13505282
13508986	7396647
13508987	13498937
13508988	13498920
13508989	8305692
13508990	13498916
13508991	54616
13508991	217308
13508991	1249235
13508991	6687586
13508991	6687618
13508991	7197006
13508991	7197516
13508991	13509031
13508992	1028124
13508993	1028124
13508995	13498908
13508998	7938782
13508999	13497777
13509001	13497765
13509001	13833954
13509002	1577471
13509003	13497080
13509005	12963879
13509006	8069501
13509007	13505111
13509008	6440258
13509008	6442126
13509008	6450363
13509008	6450364
13509008	6454265
13509008	6454266
13509008	6457830
13509008	7306552
13509008	8175751
13509008	8175753
13509008	8333008
13509008	8976335
13509009	13497078
13509010	13497078
13509011	11545095
13509011	11545096
13509011	12414058
13509011	12414060
13509011	12414067
13509011	12414074
13509011	12414163
13509012	13505125
13509013	13496702
13509013	13576510
13509014	13505112
13509015	13480432
13509015	13480435
13509015	13480437
13509015	13573656
13509015	13573657
13509016	8382348
13509017	13496685
13509018	8382348
13509019	13496681
13509020	12078448
13509020	12086335
13509021	13496681
13509022	13496681
13509023	13504826
13509024	13504826
13509025	4539971
13509025	4540231
13509025	4540232
13509025	4540236
13509025	4540238
13509025	4540586
13509025	7536302
13509025	7545171
13509025	13439620
13509026	13504825
13509027	4539971
13509027	4540231
13509027	4540232
13509027	4540236
13509027	4540238
13509027	4540586
13509027	7536302
13509027	7545171
13509027	13439620
13509028	13504824
13509029	954804
13509030	13504823
13509031	13508991
13509031	13509034
13509033	297672
13509034	13509031
13509034	13509062
13509035	13504827
13509036	2662760
13509036	5203771
13509036	8180170
13509037	8251372
13509037	10362023
13509037	13509051
13509038	12300247
13509038	13510088
13509039	8251374
13509039	10362023
13509039	13509051
13509040	13496672
13509041	6861469
13509042	8251374
13509042	10362023
13509042	13509051
13509043	6861469
13509045	13496006
13509046	4832075
13509047	6357261
13509048	6357261
13509049	6350316
13509050	6350316
13509051	10362023
13509051	13509037
13509051	13509039
13509051	13509042
13509052	13504818
13509053	6350316
13509054	6326034
13509055	13496002
13509056	6326034
13509057	13495993
13509058	12352266
13509059	13495990
13509060	13495990
13509061	13495990
13509062	13509034
13509063	13495981
13509064	13495981
13509065	11901700
13509065	12352086
13509066	13495981
13509067	6254583
13509068	13509075
13509068	13509118
13509068	13509119
13509069	6044098
13509070	6044098
13509071	5990303
13509072	5990303
13509073	5990303
13509074	5990303
13509075	13509068
13509076	13495937
13509077	13495909
13509077	13512019
13509077	13512020
13509078	5729598
13509079	13495907
13509080	5729598
13509081	12857298
13509082	5729598
13509083	5729598
13509084	13495883
13509084	13508087
13509085	5162575
13509086	5162575
13509087	5162575
13509088	5162575
13509089	13495819
13509090	5152867
13509091	13495819
13509092	3176694
13509093	5152867
13509094	13495819
13509095	5152867
13509096	5152867
13509097	13495819
13509098	13294268
13509098	13295116
13509098	13296444
13509098	13296791
13509098	13582075
13509099	13296792
13509099	13510086
13509100	4256559
13509100	5380757
13509100	5467752
13509102	5112034
13509103	5112034
13509104	5472856
13509105	266268
13509105	13509115
13509106	13508968
13509106	13509162
13509107	5109694
13509108	5109694
13509109	13508939
13509109	13609884
13509111	13510082
13509111	13510836
13509112	13509114
13509114	13509112
13509115	266268
13509115	13509105
13509116	13509117
13509116	13510083
13509116	13510169
13509116	13510170
13509117	13509116
13509117	13510083
13509117	13510169
13509117	13510170
13509118	13509068
13509119	13509068
13509120	3134192
13509120	3242825
13509121	3134192
13509122	13504806
13509123	600871
13509123	600908
13509123	600910
13509123	698658
13509123	703822
13509123	1432474
13509123	1432475
13509123	1574297
13509125	13504806
13509127	600871
13509127	600906
13509127	698658
13509127	1574297
13509127	13509379
13509128	13504806
13509129	13504806
13509131	5109541
13509131	6653915
13509132	5109541
13509132	6653915
13509134	13504807
13509135	13504807
13509137	13504807
13509138	13504807
13509139	13509160
13509139	13513900
13509142	13513911
13509145	13509146
13509145	13509156
13509146	13509145
13509148	13509149
13509148	13509150
13509148	13509152
13509148	13509153
13509148	13509154
13509149	13509148
13509150	13509148
13509152	13509148
13509153	13509148
13509154	13509148
13509156	13509145
13509157	13509159
13509157	13509380
13509157	13509381
13509159	13509157
13509160	13509139
13509160	13509366
13509162	13509106
13509162	13509167
13509164	13509166
13509164	13509825
13509166	13509164
13509167	13509162
13509169	13509170
13509169	13509377
13509169	13509827
13509169	13816531
13509169	13816533
13509170	13509169
13509171	12647816
13509173	12647816
13509175	13509176
13509175	13509376
13509176	13509175
13509180	13509181
13509180	13509373
13509181	13509180
13509182	12262339
13509183	12262339
13509184	12262339
13509185	11856481
13509186	13269138
13509187	13269138
13509188	13509189
13509188	13509261
13509189	13509188
13509190	13509191
13509190	13509258
13509190	13509260
13509191	13509190
13509192	7633699
13509192	13509193
13509193	13509192
13509194	13509195
13509194	13509196
13509194	13509441
13509195	13509194
13509196	13509194
13509197	13509198
13509197	13509257
13509197	13509467
13509198	13509197
13509199	13308808
13509200	13277243
13509201	13509807
13509201	13509814
13509202	13509203
13509202	13509438
13509202	13509439
13509203	13509202
13509204	11532898
13509205	11532898
13509224	11367779
13509225	11367779
13509227	11165976
13509228	11165976
13509230	11165976
13509231	11165976
13509232	13495400
13509233	13495400
13509234	13495400
13509235	13495393
13509238	13495389
13509241	13495389
13509242	13495389
13509244	13495374
13509247	13495369
13509248	13495369
13509250	13495055
13509257	13509197
13509258	13509190
13509260	13509190
13509261	13509188
13509266	10762838
13509268	10762838
13509269	10762838
13509271	8191776
13509272	13509274
13509272	13510620
13509274	13509272
13509279	8247752
13509280	13509281
13509280	13509437
13509281	13509280
13509285	13509287
13509285	13509388
13509287	13509285
13509290	11505061
13509292	13509293
13509292	13509382
13509292	13509383
13509292	13509385
13509292	13509387
13509293	13509292
13509298	13509301
13509298	13509793
13509301	13509298
13509307	13509310
13509308	9629166
13509309	9629166
13509310	13509307
13509313	3746107
13509315	3746107
13509321	6982396
13509322	13509326
13509326	13509322
13509326	13510618
13509331	6982396
13509335	6896150
13509337	4498960
13509339	13509340
13509339	13509345
13509340	13509339
13509341	12000468
13509342	3735940
13509345	13509339
13509346	4046292
13509347	7471267
13509358	13495054
13509360	7121022
13509361	10804212
13509362	3405384
13509363	11980272
13509364	8756905
13509366	13509160
13509367	7736813
13509369	9461592
13509371	9461592
13509372	7666723
13509373	13509180
13509373	13582633
13509376	13509175
13509377	13509169
13509377	13510720
13509378	6734675
13509379	13509127
13509379	13510075
13509380	13509157
13509381	13509157
13509382	13509292
13509383	13509292
13509384	12001303
13509385	13509292
13509386	12001295
13509387	13509292
13509388	13509285
13509389	717351
13509389	5546331
13509389	13509429
13509390	11980272
13509391	7472628
13509392	4771866
13509392	6602702
13509393	7198497
13509394	1830984
13509394	2825676
13509394	13509417
13509395	1641828
13509396	1641828
13509397	8721100
13509397	12536284
13509397	13509404
13509399	3664318
13509400	4058533
13509400	7891129
13509402	4558179
13509402	13509433
13509402	13509434
13509403	11770962
13509404	8320532
13509404	12536282
13509404	12536284
13509404	13509397
13509404	13527173
13509405	2468268
13509405	4232359
13509406	6984446
13509409	6984448
13509413	6073173
13509414	8331381
13509414	8888225
13509414	8888226
13509417	10504
13509417	68173
13509417	68174
13509417	358435
13509417	538742
13509417	575845
13509417	1666722
13509417	5163849
13509417	13509394
13509418	1108648
13509419	11042273
13509420	13506034
13509421	13506029
13509422	10555539
13509425	1245002
13509427	10203364
13509429	13509389
13509431	7731008
13509432	7731008
13509433	4016351
13509433	13509402
13509434	4016351
13509434	13509402
13509435	1894468
13509436	1894468
13509437	13509280
13509438	13509202
13509439	13509202
13509440	7326688
13509441	13509194
13509442	1593947
13509443	8320532
13509443	12536282
13509443	13519571
13509443	13527171
13509443	13558932
13509444	12618868
13509444	12618869
13509444	13508356
13509444	13509493
13509444	13633560
13509445	13508356
13509446	13508346
13509446	13509490
13509446	13509491
13509447	13508346
13509447	13509489
13509447	13509491
13509448	13509487
13509448	13509488
13509449	13509485
13509449	13509486
13509449	13509488
13509452	13508340
13509453	135507
13509453	333340
13509453	8596405
13509453	10794691
13509453	10794693
13509454	12259818
13509455	1801042
13509455	6089507
13509456	1801042
13509456	6089507
13509457	6089507
13509458	6089507
13509460	12900009
13509460	12900010
13509460	12900013
13509460	13509479
13509460	13509482
13509461	12900013
13509461	13509476
13509461	13509478
13509461	13509482
13509462	5145801
13509462	8080273
13509462	10589330
13509463	8080274
13509463	10589330
13509464	13508328
13509465	13508328
13509466	13508326
13509466	13509470
13509467	13509197
13509467	13510995
13509469	13508331
13509469	13509473
13509470	13508326
13509470	13509466
13509471	13508331
13509471	13509472
13509472	13509471
13509473	13509469
13509473	13510074
13509474	13508320
13509475	13508320
13509476	12900013
13509476	13509461
13509476	13509482
13509477	13508319
13509478	12900013
13509478	13509461
13509478	13509482
13509479	12900009
13509479	12900010
13509479	12900013
13509479	13509460
13509479	13509482
13509480	13508306
13509481	13508306
13509482	12900009
13509482	12900010
13509482	12900013
13509482	13509460
13509482	13509461
13509482	13509476
13509482	13509478
13509482	13509479
13509483	13508294
13509484	11040538
13509484	12696774
13509484	13508283
13509485	13509449
13509485	13509488
13509486	13509449
13509486	13509488
13509487	13509448
13509487	13509488
13509487	13510072
13509488	13509448
13509488	13509449
13509488	13509485
13509488	13509486
13509488	13509487
13509489	13508346
13509489	13509447
13509489	13509491
13509490	13508346
13509490	13509446
13509490	13509491
13509490	13510070
13509491	13508346
13509491	13509446
13509491	13509447
13509491	13509489
13509491	13509490
13509492	13495768
13509493	9751847
13509493	12618867
13509493	12618868
13509493	12618869
13509493	13509444
13509496	13509529
13509498	12142991
13509499	13500419
13509499	13509501
13509500	8920104
13509500	8920105
13509501	13500419
13509501	13509499
13509501	13509504
13509501	13510426
13509501	13510992
13509502	10773584
13509503	10773584
13509504	13509501
13509506	13508289
13509506	13513980
13509507	13508281
13509508	13508264
13509509	2406058
13509509	7327113
13509509	13508270
13509510	13507636
13509510	13509523
13509510	13509524
13509510	13510526
13509511	13507636
13509511	13509523
13509511	13509524
13509511	13510526
13509512	13507632
13509513	13507629
13509514	13507618
13509515	12070317
13509516	13508279
13509517	13508279
13509519	13506718
13509519	13509521
13509520	11031363
13509521	13509519
13509522	11502151
13509522	13509567
13509522	13509791
13509522	13514200
13509523	13509510
13509523	13509511
13509524	13509510
13509524	13509511
13509524	13510526
13509525	11252516
13509525	11252524
13509526	10515979
13509527	8641022
13509527	8910470
13509527	8910471
13509528	10609480
13509529	13509496
13509530	11202400
13509530	13509810
13509531	1384431
13509531	12593954
13509531	12593956
13509532	11233246
13509532	13509567
13509532	13509791
13509532	13514200
13509533	13366873
13509534	13366873
13509535	5735918
13509535	11241310
13509536	7582774
13509537	8472726
13509537	9502434
13509538	7842781
13509538	9502427
13509538	9640800
13509538	13509573
13509539	4498977
13509540	7851633
13509540	9697930
13509541	13419740
13509542	7472651
13509543	7736837
13509544	8757937
13509545	461111
13509545	814546
13509545	899310
13509545	899314
13509545	3032409
13509545	11389962
13509546	3405390
13509547	10804277
13509547	11734514
13509548	7471290
13509549	3735954
13509550	13495053
13509551	13495053
13509552	19493
13509552	1319602
13509553	13495052
13509554	1319554
13509555	359675
13509555	811760
13509555	1319551
13509555	2473180
13509556	13471120
13509556	13495051
13509556	13581748
13509557	13495048
13509558	13495038
13509559	7523277
13509559	13510573
13509560	13509569
13509560	13509571
13509560	13510173
13509561	13495037
13509562	13495030
13509563	13495027
13509564	13495026
13509565	8663034
13509565	13510572
13509566	13495015
13509567	13509522
13509567	13509532
13509568	13507640
13509569	13509560
13509569	13509571
13509569	13510173
13509570	13507624
13509571	13509560
13509571	13509569
13509571	13510173
13509572	13506681
13509573	13509538
13509574	13493649
13509575	13106038
13509576	13483063
13509576	13493263
13509578	13495886
13509578	13524668
13509578	13542783
13509579	13450393
13509579	13630756
13509579	13631881
13509579	13710038
13509580	9199972
13509580	9199975
13509581	13493261
13509581	13493637
13509581	13493658
13509581	13493738
13509581	13497639
13509581	13817861
13509582	4667912
13509583	5195329
13509584	13493259
13509585	16420
13509585	6318900
13509585	11932641
13509586	13493256
13509588	3508633
13509589	13484339
13509589	13493255
13509590	13493253
13509590	13636331
13509591	13493252
13509592	10361184
13509593	13493251
13509593	13493252
13509594	13493252
13509595	13493251
13509595	13493252
13509597	13493251
13509598	13493251
13509599	13493251
13509600	13493251
13509600	13493252
13509601	13493252
13509602	13493250
13509603	13492891
13509604	13491790
13509605	13491790
13509606	13491790
13509607	13491790
13509608	260609
13509609	13491713
13509610	13506055
13509611	13506020
13509612	13506020
13509613	13506020
13509614	13506020
13509614	13509615
13509615	13509614
13509615	13510425
13509616	260609
13509617	13509618
13509617	13510571
13509618	13509617
13509619	181959
13509619	1020655
13509620	13509621
13509620	13509623
13509621	13509620
13509622	792812
13509623	13509620
13509624	13509627
13509625	13505802
13509626	13505802
13509627	13509624
13509628	13511748
13509628	13511773
13509629	13504824
13509629	13511737
13509630	13505673
13509631	13505663
13509632	13505655
13509633	13511732
13509634	13505654
13509634	13508053
13509634	13508055
13509634	13511552
13509635	13505638
13509636	13505499
13509637	13511682
13509638	13505492
13509639	13504525
13509640	13504525
13509641	13503468
13509642	13503463
13509643	241735
13509643	817117
13509643	977364
13509643	13511643
13509644	13503452
13509645	241735
13509645	817118
13509645	13511649
13509646	241735
13509647	13503432
13509649	13503119
13509650	13511610
13509650	13511619
13509651	13503093
13509652	13503093
13509653	13501278
13509654	13504823
13509654	13511591
13509654	13511599
13509655	13501272
13509656	13504825
13509656	13511584
13509657	13504826
13509657	13511550
13509658	13504826
13509658	13511539
13509659	13501272
13509660	13501268
13509660	13581563
13509661	13504822
13509661	13511532
13509662	13501253
13509663	13501252
13509664	13501246
13509665	13501246
13509666	13501212
13509667	13504820
13509667	13511529
13509668	13501211
13509669	13504802
13509669	13511525
13509669	13511526
13509670	13504803
13509670	13511519
13509671	13504804
13509671	13511518
13509672	13504805
13509672	13511516
13509673	13501094
13509675	13509676
13509675	13510544
13509676	13509675
13509677	13504801
13509677	13511514
13509678	13500944
13509679	13500944
13509680	13500943
13509681	13500923
13509682	13499423
13509683	13504800
13509683	13511497
13509684	13504314
13509684	13511509
13509685	13498962
13509686	13504314
13509687	13504099
13509687	13511505
13509687	13511507
13509687	13511508
13509688	13504091
13509688	13511501
13509689	249872
13509689	908000
13509689	6785964
13509689	13500944
13509690	13498939
13509691	13498938
13509692	1096421
13509692	1099873
13509692	1100832
13509692	13511496
13509693	13498937
13509694	13498936
13509695	13511495
13509696	13498936
13509697	13498916
13509698	13511464
13509699	13511484
13509699	13511490
13509700	13498908
13509701	13497765
13509701	13833954
13509702	13511475
13509703	13497080
13509704	13497078
13509706	13496685
13509707	13496702
13509707	13576510
13509709	13496672
13509710	13504103
13509710	13511416
13509711	13496006
13509712	13503985
13509712	13511412
13509713	13496006
13509714	13511409
13509715	13496002
13509716	13511403
13509717	13495993
13509718	13495981
13509719	13495981
13509720	13495977
13509721	13495937
13509722	13495937
13509723	13495909
13509723	13512019
13509723	13512020
13509724	13495907
13509725	13495883
13509725	13508087
13509726	13495819
13509727	13495400
13509728	13495389
13509729	13503912
13509729	13511399
13509730	13495054
13509730	13495374
13509731	13495369
13509732	13495055
13509733	13495055
13509734	29033
13509734	800850
13509734	13511377
13509735	13495055
13509736	13495053
13509737	13503768
13509737	13511373
13509738	13503805
13509738	13511372
13509739	13495052
13509740	13511371
13509742	13503786
13509742	13511366
13509743	13501791
13509743	13511357
13509743	13511358
13509744	13501791
13509744	13511348
13509744	13511351
13509745	13501791
13509746	13511338
13509747	13511331
13509748	13501504
13509748	13511321
13509748	13511323
13509748	13511327
13509749	13503852
13509749	13511306
13509749	13511312
13509750	13495048
13509751	13503852
13509751	13511291
13509751	13511292
13509752	13503977
13509752	13511283
13509752	13511286
13509753	13495046
13509754	13495015
13509755	13493649
13509756	13501387
13509756	13501392
13509756	13511252
13509756	13511256
13509757	13501391
13509757	13501393
13509757	13511274
13509757	13511278
13509758	13501391
13509758	13501395
13509758	13511267
13509758	13511269
13509759	13483063
13509759	13493263
13509760	13501392
13509760	13511244
13509760	13511247
13509761	13501382
13509761	13511234
13509762	13501382
13509762	13511226
13509763	13493261
13509763	13493262
13509763	13817861
13509764	13501370
13509764	13501373
13509764	13511033
13509764	13511037
13509766	13493256
13509767	13492891
13509768	13501350
13509768	13511218
13509768	13511220
13509769	13501333
13509769	13511193
13509769	13511196
13509770	13501310
13509770	13511186
13509770	13511189
13509770	13511190
13509771	13501309
13509771	13511046
13509772	13501296
13509772	13511044
13509773	13491790
13509774	13501373
13509774	13511026
13509774	13511029
13509775	13491790
13509776	13501213
13509776	13510289
13509776	13511021
13509777	13501214
13509777	13510287
13509777	13511010
13509778	13501213
13509778	13510284
13509778	13511019
13509779	13501214
13509779	13510283
13509779	13511010
13509780	13511003
13509781	13511001
13509782	13500819
13509782	13510988
13509782	13510990
13509783	13500819
13509783	13510986
13509784	13500495
13509784	13510985
13509785	13504218
13509785	13510984
13509786	13510982
13509787	13510981
13509788	13510274
13509788	13510276
13509788	13510976
13509789	13482559
13509789	13493739
13509789	13509804
13509789	13524975
13509789	13526752
13509789	13529685
13509789	13529993
13509789	13531160
13509791	13509522
13509791	13509532
13509791	13510975
13509793	13509298
13509793	13510260
13509793	13510264
13509793	13510973
13509794	13497020
13509794	13510260
13509794	13510264
13509794	13510970
13509795	12408216
13509795	13510969
13509797	13510962
13509798	13510958
13509799	13510246
13509799	13510832
13509800	13510246
13509800	13510830
13509801	13510244
13509801	13510827
13509802	13510244
13509802	13510821
13509804	13482559
13509804	13509789
13509804	13510807
13509804	13526752
13509807	13509201
13509810	13509530
13509810	13510785
13509810	13510789
13509814	13509201
13509814	13510772
13509815	10466726
13509815	10466727
13509815	10466728
13509815	10467890
13509815	10472912
13509815	13510752
13509816	13477990
13509816	13493741
13509817	13475836
13509817	13482233
13509819	1091962
13509819	1092027
13509819	1092075
13509819	13510759
13509820	13509822
13509820	13509823
13509820	13509824
13509820	13509826
13509820	13509829
13509820	13509831
13509820	13509833
13509820	13509843
13509820	13509844
13509820	13509845
13509820	13509846
13509820	13509847
13509820	13509850
13509820	13509853
13509820	13509855
13509820	13509860
13509820	13509864
13509821	13473502
13509822	13509820
13509823	13509820
13509824	13509820
13509825	13509164
13509825	13510735
13509825	13510745
13509826	13509820
13509827	13509169
13509827	13510717
13509829	13509820
13509831	13509820
13509833	13509820
13509836	11826408
13509837	8398716
13509838	8351764
13509839	4500088
13509840	11956145
13509841	11654907
13509842	11654907
13509843	13509820
13509844	13509820
13509845	13509820
13509846	13509820
13509847	13509820
13509847	13509855
13509848	5771413
13509849	5771413
13509850	13509820
13509851	11952600
13509852	13505693
13509853	13509820
13509854	3220903
13509854	13510689
13509854	13510699
13509855	13509820
13509855	13509847
13509856	13505690
13509857	252058
13509858	13505690
13509859	6130477
13509860	13509820
13509860	13510570
13509861	13510652
13509862	6196092
13509863	13505673
13509864	13509820
13509865	13510623
13509865	13510628
13509866	12265877
13509868	13505663
13509870	13260342
13509873	3356404
13509873	3378955
13509873	3383379
13509873	5803105
13509874	690269
13509877	2332717
13509878	13509881
13509878	13509887
13509878	13509888
13509878	13509890
13509878	13509891
13509878	13509892
13509878	13509894
13509878	13509896
13509878	13509898
13509878	13509899
13509878	13509901
13509878	13509903
13509878	13509904
13509878	13509907
13509878	13509908
13509878	13509909
13509878	13509912
13509879	13510230
13509879	13510579
13509880	12159993
13509881	13509878
13509882	13510554
13509882	13510565
13509883	10626101
13509884	12958860
13509886	8296820
13509886	8300086
13509886	11194473
13509886	13510499
13509887	13509878
13509888	13509878
13509889	1688952
13509889	2433545
13509889	3646634
13509889	13510496
13509889	13510498
13509890	13509878
13509891	13509878
13509892	13509878
13509893	9456980
13509894	13509878
13509895	13079202
13509896	13509878
13509897	7586673
13509898	13509878
13509899	13509878
13509900	278133
13509901	13509878
13509902	12406201
13509903	13509878
13509903	13509908
13509904	13509878
13509905	8684804
13509906	909562
13509906	1360722
13509906	1393001
13509906	1393002
13509906	3164160
13509906	3523844
13509906	13510491
13509907	13509878
13509908	13509878
13509908	13509903
13509908	13510210
13509909	13509878
13509910	2973337
13509910	3546612
13509910	4960610
13509910	5583213
13509910	11290448
13509910	13510486
13509911	13510480
13509911	13510484
13509912	13509878
13509913	13510477
13509914	13510476
13509915	13510199
13509915	13510200
13509915	13510473
13509915	13510474
13509916	13510469
13509917	13510458
13509918	13510453
13509919	13510444
13509919	13510446
13509923	2539850
13509923	2759685
13509923	2788243
13509923	2941879
13509923	4680938
13509923	4680941
13509923	4680955
13509923	4906805
13509924	1632507
13509924	13510193
13509924	13510440
13509925	1579488
13509925	1748432
13509925	3046121
13509925	13510192
13509925	13510436
13509926	13425325
13509926	13501228
13509926	13509927
13509927	13425325
13509927	13501228
13509927	13509926
13509928	11821998
13509929	5110664
13509930	5679447
13509931	13019767
13509932	11727892
13509933	4221749
13509934	8531033
13509936	5218137
13509937	10244535
13509938	5508718
13509939	7452466
13509940	1888949
13509941	10481286
13509942	3179178
13509943	6198943
13509944	5964847
13509945	4051968
13509946	6322634
13509947	11241875
13509948	4672462
13509949	4667441
13509950	5461665
13509951	4471126
13509952	13124202
13509952	13747937
13509953	10572119
13509954	4678234
13509955	13165502
13509956	13463652
13509957	9929695
13509958	13266817
13509959	4693693
13509960	12291038
13509961	5450379
13509962	3811637
13509963	6811095
13509963	13598230
13509964	8596949
13509964	13549720
13509965	6897679
13509966	5969576
13509967	10339251
13509968	6929791
13509969	8447363
13509970	3333315
13509971	1681784
13509971	6092402
13509971	7712439
13509971	13509972
13509972	1681784
13509972	6092402
13509972	7712439
13509972	13509971
13509973	13564719
13509973	13564720
13509973	13765216
13509974	4487583
13509975	8145539
13509976	10269340
13509977	4782647
13509977	13742783
13509978	13081953
13509979	4757089
13509980	5175287
13509981	5363067
13509982	1541044
13509983	4769192
13509984	4628554
13509985	3223737
13509986	6287321
13509987	811201
13509988	4421762
13509989	12350454
13509990	64055
13509991	4046653
13509992	2975098
13509993	3028511
13509993	13519267
13509994	35269
13509995	6711133
13509996	12063043
13509997	8222443
13509998	11629688
13509999	12897712
13510000	11810194
13510001	9037170
13510002	9461002
13510003	253939
13510004	1024622
13510005	3978373
13510006	7542553
13510007	3091486
13510008	7177177
13510009	2273785
13510010	9198411
13510011	10055306
13510012	6424872
13510013	6695769
13510014	3905225
13510015	6343890
13510016	6242314
13510017	6497458
13510018	6526559
13510018	13657152
13510019	9849480
13510020	7492896
13510021	249374
13510022	12823057
13510023	2645504
13510024	6647134
13510025	7185165
13510026	2332734
13510027	8513642
13510028	3826640
13510028	5146746
13510029	7787718
13510030	3732650
13510031	249375
13510032	249375
13510033	12823198
13510034	2645508
13510035	6647144
13510036	7185185
13510037	2360567
13510038	8513657
13510038	13817052
13510039	3826645
13510040	3732654
13510041	4499892
13510043	8634529
13510044	1963267
13510045	249376
13510046	12823426
13510047	2645513
13510048	8790790
13510049	6647157
13510050	7185205
13510051	2362248
13510052	6126527
13510053	8513676
13510054	3826653
13510055	7787947
13510056	3732660
13510057	12618611
13510058	631846
13510059	7871288
13510061	13128191
13510062	3831086
13510063	13073114
13510064	13073114
13510065	3831086
13510066	12864978
13510068	12864978
13510068	13578248
13510069	12863550
13510070	13509490
13510071	12862949
13510072	13509487
13510074	13509473
13510075	13509379
13510077	12685762
13510078	12685762
13510079	12681823
13510081	12676701
13510082	13509111
13510083	13509116
13510083	13509117
13510083	13510169
13510083	13510170
13510084	12676689
13510085	12676686
13510086	13509099
13510087	12676680
13510088	13509038
13510090	12676675
13510091	12676668
13510094	1841351
13510094	11885971
13510096	2920489
13510097	13328690
13510098	13347325
13510099	13337790
13510099	13548367
13510100	4411168
13510101	4279537
13510102	13358680
13510103	4412835
13510104	4422167
13510105	3676095
13510106	8640404
13510107	6369396
13510108	2036638
13510110	3545401
13510112	5880519
13510113	10254737
13510114	449158
13510114	783800
13510114	8579622
13510115	489202
13510116	13402135
13510116	13402136
13510116	13510165
13510116	13512807
13510117	5419237
13510117	5561233
13510117	12975293
13510117	12975297
13510117	13510164
13510117	13512806
13510118	1250232
13510119	11716785
13510120	12973503
13510120	13510163
13510120	13573618
13510120	13573650
13510121	11527954
13510122	13447217
13510122	13510161
13510122	13510162
13510123	12586985
13510123	13550027
13510124	11527954
13510125	12293813
13510126	12574674
13510127	12293813
13510128	13442509
13510128	13510160
13510129	12574673
13510130	13442023
13510130	13510159
13510131	12574672
13510132	2153277
13510132	2153279
13510132	4897256
13510132	13441335
13510132	13523861
13510133	10795018
13510134	13440945
13510135	12529378
13510136	13440920
13510137	12529379
13510138	13440423
13510139	9642262
13510140	12529380
13510140	13634971
13510141	13453634
13510141	13510155
13510141	13510156
13510142	4979157
13510143	13449051
13510143	13510574
13510144	13448122
13510144	13510154
13510145	13447239
13510145	13510150
13510145	13510151
13510145	13510548
13510145	13510550
13510145	13510552
13510146	5157750
13510147	13447237
13510147	13510148
13510147	13510149
13510147	13510539
13510148	13510147
13510149	13510147
13510150	13510145
13510151	13510145
13510152	13447242
13510153	13447242
13510154	13510144
13510155	13510141
13510156	13510141
13510157	13510158
13510158	13510157
13510159	13510130
13510160	13510128
13510161	13510122
13510162	13510122
13510163	12973503
13510163	13510120
13510163	13573618
13510163	13573619
13510163	13573640
13510164	13510117
13510165	13402136
13510165	13510116
13510166	13507268
13510167	10126118
13510168	13507268
13510169	13509116
13510169	13509117
13510169	13510083
13510170	13509116
13510170	13509117
13510170	13510083
13510171	10118862
13510172	10960580
13510173	13509560
13510173	13509569
13510173	13509571
13510174	13507265
13510175	13507265
13510176	13505946
13510177	11096683
13510178	12502823
13510178	12503108
13510179	12448174
13510180	12448172
13510181	13439507
13510182	12975656
13510182	13510186
13510182	13510187
13510182	13510535
13510183	12448111
13510184	13251234
13510185	12443250
13510186	13510182
13510187	13510182
13510188	12435718
13510189	12434546
13510190	13481962
13510190	13481964
13510190	13510191
13510190	13510320
13510190	13510321
13510190	13510524
13510191	13510190
13510192	13509925
13510193	13509924
13510194	12975656
13510194	13510319
13510194	13510519
13510195	13497497
13510196	13497497
13510197	13497497
13510198	13497497
13510199	13509915
13510200	13509915
13510201	6270976
13510202	7403560
13510203	13496270
13510204	13496270
13510205	8375408
13510206	6783716
13510207	13496267
13510208	13496267
13510209	2044784
13510210	13509908
13510211	6519649
13510212	252991
13510213	6490832
13510214	252455
13510216	2686460
13510217	6113146
13510218	10222419
13510219	7139782
13510220	3903569
13510221	8526022
13510221	13557256
13510222	8847405
13510223	7150408
13510224	13065332
13510225	5850225
13510226	13496264
13510227	13411799
13510228	13491387
13510229	13491387
13510230	13509879
13510231	6256258
13510231	13491383
13510233	9043047
13510234	9454570
13510235	9733447
13510236	9188906
13510237	1617660
13510238	13491380
13510239	7538238
13510240	6256258
13510241	7399723
13510242	3185433
13510243	12963030
13510244	13509801
13510244	13509802
13510246	13509799
13510246	13509800
13510247	12963404
13510248	9171450
13510249	9171450
13510250	13487926
13510251	13487926
13510252	13487919
13510253	13487919
13510254	13343300
13510255	13253311
13510256	13253310
13510257	13487907
13510258	13487907
13510259	13487889
13510260	13509793
13510260	13509794
13510261	13487889
13510262	13487875
13510263	13487875
13510264	13509793
13510264	13509794
13510265	11480475
13510267	12436641
13510268	13486105
13510269	12415175
13510270	11558302
13510271	13481778
13510272	5370049
13510273	13481778
13510274	13509788
13510275	9506454
13510276	13509788
13510277	5335791
13510278	5297272
13510279	8674558
13510279	13640207
13510280	11792084
13510281	13478931
13510282	9191713
13510283	13509779
13510284	13509778
13510285	12333009
13510286	11595872
13510286	13675392
13510287	13509777
13510288	6454065
13510289	13501213
13510289	13509776
13510290	6001498
13510291	6285899
13510292	5547486
13510293	6560728
13510293	13557119
13510294	3111884
13510294	13787856
13510296	13476626
13510299	9740448
13510300	13475879
13510301	4020006
13510302	12058348
13510303	13040605
13510304	8718557
13510305	7930989
13510306	7774599
13510307	13470411
13510310	13460007
13510311	13459989
13510312	13458979
13510313	13458978
13510319	13510194
13510320	13510190
13510321	13510190
13510325	13507260
13510326	13507250
13510328	13510329
13510328	13510330
13510329	13510328
13510330	13510328
13510331	13500434
13510332	13500434
13510335	13500415
13510336	13500417
13510337	2646814
13510337	13500422
13510340	13378943
13510341	13561382
13510342	12184491
13510343	13499618
13510344	13499618
13510345	13499391
13510346	13499391
13510347	13497507
13510348	13497506
13510349	13497506
13510354	12894278
13510355	6490904
13510356	286187
13510357	10803628
13510360	10742882
13510361	12647521
13510362	1024717
13510363	9331619
13510363	11531676
13510364	7927279
13510365	6229614
13510366	6317022
13510367	5915586
13510367	6142673
13510368	12142723
13510369	12156037
13510371	10589388
13510375	541286
13510375	721973
13510375	884087
13510377	13342887
13510378	13342887
13510379	13342887
13510380	6559889
13510381	6559889
13510382	6559889
13510383	6559889
13510385	5158493
13510385	13450391
13510390	3162710
13510390	13836888
13510390	13838469
13510390	13838470
13510391	6359511
13510392	10522489
13510393	13487871
13510394	13487871
13510395	8814926
13510396	7155704
13510397	6796851
13510398	3594011
13510400	7227536
13510401	13510402
13510402	13510401
13510402	13510506
13510403	13486090
13510404	13486090
13510405	13486092
13510406	13481761
13510407	13481761
13510408	436103
13510409	13478930
13510410	13478930
13510413	13239747
13510414	10344354
13510418	13480448
13510418	13691336
13510419	13480448
13510420	3823090
13510420	13541327
13510421	5114345
13510422	6713513
13510423	4913188
13510424	6222243
13510425	13509615
13510426	13509501
13510427	2013501
13510428	13385706
13510429	8269577
13510430	6439469
13510431	6413171
13510432	5651867
13510434	5653269
13510436	13509925
13510437	6878817
13510438	330438
13510439	3648496
13510440	13509924
13510441	10714856
13510442	9977284
13510443	6793200
13510444	13509919
13510445	7519678
13510446	13509919
13510447	12379800
13510448	12964166
13510449	6912226
13510451	8479284
13510453	13509918
13510455	11090412
13510455	13689166
13510456	3024402
13510457	12775699
13510458	13509917
13510459	2518257
13510460	11477119
13510461	6433643
13510462	5120124
13510463	6507887
13510464	3150618
13510465	1961775
13510466	2291638
13510467	2640053
13510468	2869335
13510469	13509916
13510470	6233652
13510471	5901913
13510472	2451748
13510473	13509915
13510474	13509915
13510475	5752177
13510476	13509914
13510477	13509913
13510479	254138
13510479	533734
13510479	9452160
13510479	10551046
13510479	13510511
13510479	13524951
13510480	13509911
13510481	9069069
13510482	9069069
13510483	1894883
13510484	13509911
13510485	4050138
13510485	9381727
13510486	13509910
13510487	4058961
13510487	10105980
13510488	2973563
13510489	8638739
13510491	13509906
13510492	11483649
13510494	12980378
13510496	13509889
13510498	13509889
13510499	13509886
13510500	2892228
13510500	3020301
13510502	1356939
13510503	3754422
13510504	3754425
13510505	12170887
13510506	13510402
13510507	3754425
13510507	6926723
13510507	6930876
13510507	6930878
13510507	6945064
13510508	6846836
13510509	8313959
13510510	288760
13510511	13510479
13510512	288760
13510513	288760
13510514	6495807
13510515	954850
13510516	10206839
13510517	13510829
13510518	6226186
13510519	13510194
13510520	11819104
13510521	11926097
13510522	8917760
13510523	2406836
13510524	13510190
13510525	6739001
13510526	13509510
13510526	13509511
13510526	13509524
13510527	11926097
13510528	3722067
13510529	11262362
13510530	7735809
13510531	13507627
13510531	13510575
13510531	13510586
13510531	13510778
13510531	13519648
13510531	13547737
13510532	7243633
13510533	5823275
13510534	8141628
13510535	13510182
13510536	10332739
13510536	10508694
13510536	10508699
13510536	10508701
13510536	11472611
13510536	11897240
13510536	13225773
13510537	8405402
13510538	8513799
13510538	13510540
13510539	13510147
13510540	8513799
13510540	13510538
13510541	6789724
13510542	10227446
13510543	12308770
13510544	13509675
13510545	8597070
13510545	8597071
13510545	8597072
13510546	11064002
13510547	10633960
13510548	13510145
13510549	1724481
13510550	13510145
13510551	8672821
13510552	13510145
13510553	7415788
13510554	13509882
13510555	5117139
13510556	11836895
13510557	13320053
13510558	3329692
13510559	13505955
13510559	13510582
13510560	3329692
13510561	3329692
13510562	3329692
13510563	4915492
13510564	6824312
13510564	6824313
13510564	7912101
13510564	7912107
13510564	7912506
13510564	7912507
13510564	7913564
13510564	7954890
13510564	8143587
13510565	13509882
13510566	13445338
13510567	13505231
13510567	13510777
13510568	13505231
13510568	13510581
13510569	13445318
13510570	13509860
13510571	13509617
13510572	13509565
13510573	13509559
13510574	13510143
13510575	13507626
13510575	13507627
13510575	13510531
13510575	13519648
13510575	13527145
13510575	13527150
13510575	13527153
13510576	7316606
13510578	13390475
13510579	13509879
13510580	13157062
13510581	13510568
13510582	13510559
13510583	4662529
13510583	8617840
13510583	12971266
13510583	12975270
13510583	12998582
13510583	13532712
13510583	13783296
13510584	8513799
13510585	3282903
13510586	13510531
13510587	13483117
13510588	13483117
13510589	13413132
13510589	13463605
13510589	13510774
13510590	13281686
13510592	2892228
13510593	2083030
13510594	3097389
13510594	3878493
13510595	2539265
13510595	13510597
13510596	7466072
13510597	2539265
13510597	13510595
13510598	7290637
13510599	7098874
13510600	7098874
13510601	9542835
13510601	9669068
13510601	13655698
13510602	7063646
13510603	8998272
13510603	9669082
13510603	13510605
13510603	13528031
13510604	13265021
13510605	8998272
13510605	9669082
13510605	13510603
13510605	13510776
13510605	13528031
13510606	6890476
13510607	6358758
13510607	6887010
13510608	6790864
13510609	6772222
13510610	6772222
13510611	13472605
13510611	13510615
13510612	9542835
13510613	6709940
13510614	6681772
13510615	13472605
13510615	13510611
13510616	7474541
13510617	12536284
13510618	13509326
13510619	13400688
13510620	13509272
13510621	13078234
13510622	5832534
13510623	13509865
13510624	6334827
13510624	6334828
13510624	6334839
13510624	6334840
13510624	7910080
13510624	8857358
13510624	13510627
13510625	6334827
13510625	6334828
13510625	6334839
13510625	6334840
13510625	7910081
13510625	8857358
13510625	13510627
13510626	13508739
13510627	6334827
13510627	6334828
13510627	6334839
13510627	6334840
13510627	7910080
13510627	7910081
13510627	8857358
13510627	13510624
13510627	13510625
13510628	13509865
13510629	8570191
13510630	13486999
13510631	12875117
13510632	12095497
13510633	11689423
13510634	9999323
13510635	10119834
13510636	12095497
13510637	10119834
13510638	4529191
13510638	5993981
13510639	5923995
13510640	4529191
13510640	5993981
13510641	3056208
13510642	4529191
13510642	5993981
13510643	13384928
13510644	1669630
13510645	4529191
13510645	5993981
13510647	4529191
13510647	4740249
13510647	5939149
13510647	5993981
13510647	6977221
13510648	1616973
13510649	1487694
13510650	6616535
13510651	6458097
13510652	13509861
13510653	6335672
13510654	4500541
13510654	6335654
13510655	13451070
13510656	13451070
13510658	6113965
13510659	6092715
13510660	6049434
13510661	4740250
13510661	13510667
13510662	6049389
13510663	6049388
13510664	4740251
13510664	13510667
13510665	6049387
13510666	6049386
13510667	4740250
13510667	4740251
13510667	13510661
13510667	13510664
13510667	13510672
13510667	13510675
13510667	13510678
13510667	13510679
13510668	6049385
13510669	6049384
13510670	6049383
13510671	6046788
13510672	13510667
13510673	6025984
13510674	5966458
13510675	4740251
13510675	13510667
13510677	5853290
13510678	13510667
13510679	4740250
13510679	13510667
13510680	5828962
13510681	2420824
13510682	8554515
13510683	938238
13510684	2938675
13510685	12815251
13510686	12815251
13510687	12815251
13510688	7101222
13510688	7101227
13510688	7101229
13510688	7167464
13510688	13510690
13510689	13509854
13510690	7101222
13510690	7101227
13510690	7167464
13510690	13510688
13510692	13339993
13510693	1060240
13510693	1060241
13510694	690212
13510694	690219
13510694	690220
13510694	690226
13510695	13309536
13510696	8815561
13510697	12773534
13510698	2693903
13510699	13509854
13510700	8385650
13510700	8388471
13510700	8388472
13510700	13510701
13510700	13510706
13510701	8385650
13510701	8388471
13510701	8388472
13510701	13510700
13510702	13014275
13510703	6866229
13510703	6866230
13510703	13510707
13510705	7728946
13510706	13510700
13510707	6866229
13510707	6866230
13510707	13510703
13510708	4019926
13510709	9414526
13510710	2468988
13510711	12912287
13510712	4956670
13510713	13240740
13510714	1093969
13510715	1024972
13510716	5633158
13510716	7303993
13510716	11678476
13510716	12437186
13510717	13509827
13510718	5633158
13510719	6656265
13510720	13509377
13510721	5828668
13510722	3424173
13510723	5828664
13510724	13488686
13510725	3424173
13510727	3424173
13510728	5828663
13510729	5828661
13510730	5828659
13510732	9160965
13510733	5828659
13510734	9160965
13510735	13509825
13510736	9160965
13510736	13528029
13510737	5828658
13510738	5828657
13510739	5828654
13510740	5828636
13510741	5828635
13510742	5828634
13510743	433996
13510744	5828631
13510745	13509825
13510746	10219004
13510746	10219006
13510746	12339313
13510748	5828617
13510749	6500930
13510750	21164
13510751	9012974
13510752	13509815
13510753	3882275
13510754	12304478
13510755	12304478
13510756	898051
13510756	898060
13510756	1524501
13510756	1763982
13510756	1921757
13510757	4699984
13510758	13510760
13510759	13509819
13510760	13510758
13510761	7752546
13510762	9501440
13510763	2442828
13510764	1231907
13510765	9501440
13510766	9827260
13510767	4872218
13510768	9501440
13510769	13510825
13510769	13651487
13510771	13508690
13510772	13509814
13510773	8522112
13510774	13510589
13510775	13456117
13510775	13510817
13510776	13510605
13510777	13510567
13510778	13510531
13510779	1735929
13510780	4347939
13510781	11650868
13510782	1951667
13510783	1951667
13510784	11294642
13510785	13509810
13510786	5059644
13510787	791469
13510787	5059644
13510788	4442659
13510789	13509810
13510790	4401090
13510791	11504811
13510792	4401090
13510793	11716352
13510794	4356531
13510795	4011391
13510796	8299397
13510797	3930181
13510798	10158519
13510799	3826570
13510800	12279043
13510801	3825626
13510802	12279043
13510803	13510813
13510803	13510855
13510803	13510856
13510804	3825027
13510805	7391627
13510805	7530477
13510806	3820850
13510807	13509804
13510808	7391627
13510809	4942968
13510810	3820808
13510811	3820750
13510812	3733786
13510813	13510803
13510814	11716668
13510815	7391626
13510815	7530477
13510816	7391626
13510817	13510775
13510818	513425
13510819	13510842
13510820	13371376
13510821	13509802
13510822	10638023
13510823	371950
13510823	834745
13510823	834747
13510823	1068306
13510823	3002693
13510824	1997455
13510824	3701555
13510825	13510769
13510825	13519370
13510826	12217737
13510827	13509801
13510828	3721793
13510829	13510517
13510830	13509800
13510831	6354822
13510831	11152631
13510832	13509799
13510833	8199674
13510834	13111911
13510835	335441
13510836	13509111
13510837	8199674
13510838	4818933
13510839	4818933
13510840	13084472
13510841	7154443
13510842	13510819
13510842	13510846
13510843	13507267
13510843	13510848
13510844	7154443
13510846	13510842
13510847	5022084
13510848	13507267
13510848	13510843
13510848	13511207
13510849	13488947
13510850	6636254
13510851	12786471
13510852	5219503
13510853	13453193
13510854	12186069
13510855	13510803
13510855	13510857
13510856	13510803
13510856	13510857
13510857	13510855
13510857	13510856
13510858	13157818
13510859	4589189
13510859	13679182
13510860	13447350
13510861	12937711
13510862	8587980
13510863	11891637
13510864	10030590
13510865	13440585
13510866	8629775
13510868	8274895
13510869	8239086
13510871	3199633
13510873	13510895
13510873	13531052
13510874	7506348
13510875	13511074
13510875	13511188
13510876	12236467
13510877	6339759
13510878	1047227
13510879	2473497
13510880	10741946
13510881	10741946
13510883	10741946
13510884	8778079
13510885	2852741
13510886	2833896
13510887	5086759
13510888	5859399
13510889	12304890
13510890	6511098
13510891	5328073
13510892	10460393
13510893	3513441
13510894	11886226
13510895	13510873
13510896	3006644
13510897	6431785
13510898	11982169
13510899	7920178
13510900	1877603
13510901	7920178
13510902	3724438
13510903	12048503
13510904	13118699
13510905	1066875
13510906	256720
13510907	389081
13510907	389082
13510908	3734252
13510909	11985452
13510910	464655
13510911	6607799
13510912	6607799
13510913	9946213
13510914	6607799
13510915	7205259
13510916	6607799
13510917	2527793
13510918	6513763
13510919	11944951
13510920	6048395
13510921	7713245
13510922	2375770
13510923	2375770
13510924	7713245
13510925	2375770
13510927	2946178
13510928	2245034
13510929	13435580
13510930	5645688
13510931	6681461
13510932	4622287
13510932	13578365
13510933	7308736
13510934	344300
13510934	412653
13510934	920177
13510935	13564716
13510935	13564717
13510935	13672582
13510936	5093295
13510937	5093295
13510938	3291172
13510939	10106144
13510940	6681642
13510941	11133300
13510942	6851440
13510943	7308794
13510944	6851440
13510945	2060248
13510946	373216
13510947	11885566
13510948	324052
13510949	8612922
13510950	8580923
13510951	2612169
13510952	8782460
13510953	26978
13510954	8651546
13510955	10112673
13510956	8585795
13510957	8013596
13510958	13509798
13510959	3776116
13510960	6859789
13510961	12825209
13510962	13509797
13510963	3150814
13510964	3150814
13510965	43098
13510965	352023
13510965	10112733
13510966	3150814
13510967	3150814
13510968	5242668
13510969	13509795
13510970	13509794
13510971	2250433
13510972	2250433
13510973	13509793
13510975	13509791
13510976	13509788
13510978	3019812
13510979	1793139
13510980	1793139
13510981	13509787
13510982	13509786
13510983	3048233
13510984	13509785
13510985	13509784
13510986	13509783
13510988	13509782
13510990	13509782
13510991	13510998
13510992	13509501
13510993	2764720
13510994	8998565
13510995	13509467
13510996	9330229
13510997	11443565
13510997	13326445
13510997	13326446
13510997	13512637
13510997	13524970
13510997	13526735
13510997	13529684
13510997	13529991
13510997	13531158
13510998	2682858
13510998	13510991
13510999	13511007
13510999	13511035
13510999	13513655
13511000	24010
13511000	874178
13511001	13509781
13511002	353666
13511003	13509780
13511004	11748137
13511004	11795939
13511005	11565208
13511006	20841
13511007	13510999
13511007	13511023
13511007	13511025
13511007	13511030
13511008	10654591
13511009	13511012
13511010	13509777
13511010	13509779
13511011	11831479
13511011	11831646
13511012	13511009
13511013	9457056
13511015	11885727
13511016	13373881
13511017	11881531
13511019	13509778
13511020	11669687
13511021	13509776
13511022	13511024
13511022	13511028
13511022	13511088
13511022	13511184
13511022	13513653
13511022	13745475
13511023	13511007
13511023	13511035
13511024	13511022
13511024	13511028
13511024	13511088
13511024	13511184
13511025	13511007
13511025	13511035
13511026	13509774
13511027	8867394
13511028	13511022
13511028	13511024
13511028	13511088
13511029	13509774
13511030	13511007
13511030	13511035
13511031	58025
13511032	10056047
13511033	13509764
13511034	9284478
13511035	13510999
13511035	13511023
13511035	13511025
13511035	13511030
13511036	11720467
13511036	11736802
13511036	13511761
13511036	13511763
13511036	13511764
13511036	13511847
13511036	13524966
13511036	13524967
13511036	13526723
13511036	13526725
13511036	13527334
13511036	13527479
13511036	13527490
13511036	13527496
13511036	13527502
13511036	13527893
13511037	13509764
13511038	13346645
13511039	6761941
13511039	7888080
13511039	7888082
13511039	13511753
13511039	13511754
13511039	13511851
13511039	13524964
13511039	13524965
13511039	13526718
13511039	13529069
13511039	13529682
13511039	13529985
13511039	13531154
13511040	2869064
13511041	12943344
13511042	6063883
13511042	6063884
13511043	10002832
13511043	10003206
13511043	10009093
13511043	13511734
13511043	13511743
13511043	13524955
13511043	13526711
13511043	13529680
13511043	13529983
13511043	13531149
13511044	13509772
13511045	251643
13511045	4359961
13511045	13511711
13511045	13511715
13511045	13524952
13511045	13529679
13511045	13529981
13511045	13531145
13511045	13597046
13511046	13509771
13511047	6063883
13511047	6063884
13511048	8244397
13511049	13511194
13511050	6042540
13511051	6587089
13511052	13511053
13511053	13511052
13511054	6063883
13511054	6063884
13511055	660058
13511056	11657277
13511057	404661
13511058	4614844
13511059	4614844
13511060	9162186
13511061	5004894
13511061	5004986
13511061	8076609
13511061	10265967
13511062	5004894
13511062	5004986
13511062	8076610
13511062	13511064
13511062	13511066
13511064	5004894
13511064	13511062
13511065	2953623
13511066	5004894
13511066	13511062
13511067	4074963
13511068	8971306
13511069	8673850
13511070	8971306
13511071	7206050
13511072	8100895
13511073	6880458
13511074	13510875
13511074	13511087
13511074	13511188
13511075	10793094
13511076	10793094
13511077	3178316
13511078	3178316
13511079	6017908
13511080	6017908
13511081	13469448
13511082	5599476
13511083	11273998
13511084	321347
13511085	11962950
13511086	12381270
13511087	13511074
13511087	13511188
13511088	13511022
13511088	13511024
13511088	13511028
13511088	13511184
13511088	13520184
13511088	13527100
13511089	7264288
13511090	11771499
13511091	11401721
13511091	12872895
13511091	13514199
13511091	13514211
13511092	7247134
13511093	13511094
13511093	13511095
13511093	13511096
13511093	13511097
13511093	13511099
13511093	13511100
13511093	13511101
13511093	13511102
13511093	13511375
13511093	13511384
13511093	13511389
13511093	13511392
13511093	13511396
13511094	13511093
13511095	13511093
13511096	13511093
13511097	13511093
13511098	7052163
13511099	13511093
13511100	13511093
13511101	13511093
13511102	13511093
13511103	11234445
13511103	13514198
13511104	13511105
13511105	13511104
13511105	13514197
13511106	8566562
13511107	7032991
13511108	3694508
13511109	2380634
13511110	3552340
13511110	13511112
13511111	6157793
13511112	13511110
13511113	13511115
13511114	10575020
13511114	13753022
13511115	13511113
13511115	13514196
13511116	4231166
13511117	7051334
13511118	2960259
13511119	2627220
13511120	12210571
13511121	6059281
13511122	5948746
13511123	2912245
13511124	3155410
13511125	1501799
13511125	7092327
13511126	6905795
13511127	5249472
13511128	3578844
13511129	6811504
13511130	9024577
13511131	6119079
13511132	4486652
13511133	13511203
13511134	6638227
13511134	13511147
13511135	13511136
13511136	13511135
13511136	13514195
13511137	13511138
13511138	13511137
13511138	13514202
13511139	5833023
13511140	7082909
13511141	9518970
13511142	6365361
13511143	6559728
13511144	8120926
13511144	13511150
13511144	13511151
13511145	6638227
13511146	6302450
13511147	13511134
13511148	6638227
13511149	7085145
13511150	10803928
13511150	13511144
13511151	8120926
13511151	9054242
13511151	13511144
13511152	7128109
13511153	321159
13511153	725163
13511153	747656
13511153	10644828
13511154	13587128
13511154	13587130
13511158	1452803
13511158	1508809
13511158	3102580
13511158	8436475
13511159	12210571
13511159	12211526
13511161	719332
13511161	923221
13511161	1136889
13511161	10336596
13511163	13561237
13511163	13561238
13511171	7490570
13511173	6638346
13511176	13596071
13511176	13596072
13511184	13511022
13511184	13511024
13511184	13511088
13511186	13509770
13511188	13510875
13511188	13511074
13511188	13511087
13511189	13509770
13511190	13509770
13511191	13511192
13511191	13511195
13511191	13511197
13511192	13511191
13511193	13509769
13511194	13511049
13511195	13511191
13511195	13596877
13511196	13509769
13511197	13511191
13511198	4761389
13511198	13700972
13511199	13505655
13511200	13505655
13511201	3424497
13511202	13505654
13511202	13508053
13511202	13508055
13511202	13511552
13511203	13511133
13511204	13505654
13511204	13508053
13511204	13508055
13511204	13511552
13511205	11018277
13511205	11018278
13511206	13505638
13511207	13510848
13511208	13505638
13511209	390457
13511210	13505499
13511211	3424498
13511212	13505499
13511213	503767
13511213	12488962
13511214	3424498
13511215	13505492
13511216	8824213
13511217	13504528
13511218	13509768
13511219	13504528
13511220	13509768
13511221	3349977
13511221	13511222
13511222	13511221
13511223	292916
13511223	647351
13511223	722074
13511224	13504525
13511225	1313736
13511226	13509762
13511227	13503468
13511228	13511229
13511228	13511230
13511229	13511228
13511229	13511230
13511230	13511228
13511230	13511229
13511231	7490570
13511232	1316707
13511233	13503463
13511234	13509761
13511235	13503452
13511236	13252525
13511237	13503432
13511238	13465155
13511238	13465158
13511238	13465161
13511239	13465157
13511239	13465160
13511240	13465156
13511240	13465159
13511241	13465157
13511242	848628
13511243	13465157
13511244	13509760
13511245	13503137
13511246	13503137
13511247	13509760
13511248	13503137
13511249	13503137
13511250	6018097
13511250	13640128
13511250	13640129
13511251	13503119
13511252	13509756
13511253	7000864
13511253	7904379
13511253	7904380
13511253	13513945
13511253	13516051
13511253	13516055
13511253	13516059
13511253	13588450
13511254	13503119
13511255	13503093
13511256	13509756
13511257	13501278
13511258	13501278
13511259	3158837
13511260	13501278
13511261	13501278
13511262	13501278
13511263	13501278
13511264	13501278
13511265	13501278
13511266	5336721
13511266	10324290
13511267	13509758
13511268	10342211
13511269	13509758
13511270	13501272
13511271	13501268
13511272	13501268
13511272	13581563
13511273	13513124
13511274	13509757
13511275	13501253
13511276	13501252
13511277	13501252
13511278	13509757
13511279	13501246
13511280	13501243
13511281	13501243
13511282	13501212
13511283	13509752
13511284	13501212
13511285	473004
13511286	13509752
13511287	420710
13511287	11038895
13511289	13501212
13511290	5640766
13511291	13509751
13511292	13509751
13511293	778886
13511293	13640127
13511295	6321869
13511297	13501212
13511298	9961255
13511299	2235597
13511300	2235597
13511301	993773
13511302	2235597
13511303	2235597
13511304	13501211
13511305	13501211
13511306	13509749
13511307	13501094
13511308	12264014
13511308	12264016
13511309	12264014
13511310	710383
13511311	12264014
13511312	13509749
13511313	12264014
13511313	12264017
13511314	306512
13511314	366821
13511314	782428
13511315	11445569
13511316	11445569
13511317	13500944
13511318	840759
13511319	13500944
13511320	6509855
13511321	13509748
13511322	320830
13511322	752915
13511322	753784
13511322	1397784
13511322	1466790
13511322	1974792
13511322	10308982
13511322	10330793
13511323	13509748
13511324	6496997
13511325	13500943
13511326	13500923
13511327	13509748
13511328	13500923
13511329	7734886
13511330	333001
13511331	13509747
13511332	13138863
13511333	13499423
13511334	9155266
13511335	13498962
13511336	6149758
13511337	7734886
13511338	13509746
13511339	8555502
13511340	8555502
13511341	8555502
13511342	8555502
13511343	8555503
13511344	13498939
13511345	8555503
13511346	8555503
13511346	10642702
13511346	13511961
13511347	8555503
13511348	13509744
13511349	13498938
13511350	13498938
13511351	13509744
13511352	13498937
13511352	13511976
13511353	12065213
13511354	13498937
13511356	13498936
13511357	13509743
13511358	13509743
13511359	1135944
13511359	1360055
13511359	3583971
13511359	7488208
13511359	8703251
13511359	10003936
13511359	10942764
13511360	8204057
13511361	13498920
13511362	13498920
13511363	13498916
13511365	13498908
13511366	13509742
13511367	13497080
13511368	13497080
13511369	13497078
13511370	13496702
13511370	13576510
13511371	13509740
13511372	13509738
13511373	13509737
13511374	13496702
13511374	13576510
13511375	13511093
13511376	13496685
13511377	12270297
13511377	13509734
13511378	13496681
13511379	13496681
13511380	13496006
13511381	13496006
13511382	3944774
13511383	13496002
13511384	13511093
13511385	13495993
13511386	13495990
13511387	13495990
13511388	13495990
13511389	13511093
13511390	13495990
13511392	13511093
13511393	13495981
13511394	13495981
13511396	13511093
13511397	13495977
13511398	12270299
13511399	13509729
13511402	13495937
13511403	13509716
13511405	13495909
13511405	13512019
13511405	13512020
13511407	13495907
13511408	13495883
13511408	13508087
13511409	13509714
13511410	2300212
13511410	2359387
13511410	12337961
13511411	2300212
13511411	2359387
13511411	12337960
13511412	13509712
13511413	2300212
13511413	2359387
13511413	3265743
13511415	6262709
13511415	13692950
13511416	13509710
13511417	3733234
13511418	8334256
13511419	3222918
13511419	3228662
13511420	3222918
13511420	3228664
13511421	3733234
13511422	3222918
13511422	3228659
13511422	3228661
13511423	3733234
13511424	3733234
13511425	4039455
13511426	6398087
13511427	13495768
13511428	8574469
13511429	6527989
13511431	6527989
13511432	4491001
13511433	13495400
13511434	13495400
13511435	13495393
13511436	13495393
13511437	13495389
13511438	5232771
13511439	13495389
13511440	10454485
13511441	10454485
13511442	10454485
13511443	13495054
13511443	13495374
13511444	10454485
13511445	13495369
13511446	13495369
13511447	13495055
13511448	13495055
13511449	13495053
13511450	13495053
13511451	13495053
13511452	13495053
13511453	13495052
13511454	13471120
13511454	13495051
13511454	13581748
13511455	13471120
13511455	13495051
13511455	13581748
13511456	13495048
13511457	13495046
13511458	13495046
13511459	13495038
13511460	13495037
13511461	13495030
13511462	13495030
13511463	13495030
13511464	13509698
13511465	13495026
13511465	13495027
13511466	13495027
13511468	13495015
13511469	13495014
13511469	13516603
13511470	13493649
13511471	13563709
13511472	13563707
13511473	13563705
13511474	11351134
13511475	13509702
13511476	13493263
13511477	11562787
13511479	13435532
13511480	13493256
13511481	13493256
13511482	11171279
13511483	5646182
13511484	13509699
13511485	13492891
13511486	12396984
13511487	13492793
13511488	12396984
13511489	12396984
13511490	13509699
13511491	13491790
13511492	13491790
13511493	13491790
13511494	13491713
13511495	13509695
13511496	13509692
13511497	13509683
13511498	13511499
13511498	13511504
13511499	13511498
13511499	13511500
13511499	13511502
13511499	13511503
13511499	13513944
13511500	13511499
13511501	13509688
13511502	13511499
13511502	13511933
13511503	13511499
13511503	13511504
13511503	13511933
13511504	13511498
13511504	13511503
13511504	13513651
13511504	13513939
13511505	13509687
13511506	6297557
13511507	13509687
13511508	13509687
13511509	13509684
13511510	12350715
13511511	13511512
13511511	13511513
13511512	13511511
13511513	13511511
13511514	13509677
13511515	7791007
13511516	13509672
13511517	13505693
13511518	13509671
13511519	13509670
13511520	13511521
13511521	13511520
13511522	13511524
13511524	13511522
13511525	13509669
13511526	13509669
13511527	13505673
13511528	13511530
13511529	13509667
13511530	13511528
13511531	13511533
13511532	13509661
13511533	13511531
13511534	13505663
13511535	13505663
13511536	13511537
13511537	13511536
13511538	13511540
13511539	13509658
13511540	13511538
13511541	13511542
13511542	13511541
13511543	13511546
13511544	13505655
13511545	12145202
13511546	13511543
13511547	12145206
13511548	13505655
13511549	13511551
13511550	13509657
13511551	13511549
13511552	10452099
13511552	10452102
13511552	10455130
13511552	13505654
13511552	13508053
13511552	13508055
13511552	13508195
13511552	13509634
13511552	13511202
13511552	13511204
13511552	13512854
13511552	13512858
13511552	13514647
13511552	13514648
13511552	13516211
13511552	13524594
13511552	13524595
13511552	13524940
13511553	13511554
13511554	13511553
13511555	13511556
13511555	13548003
13511555	13548005
13511556	13511555
13511557	13511559
13511558	13511564
13511558	13511572
13511558	13511576
13511558	13511581
13511558	13511583
13511558	13511585
13511558	13511595
13511558	13511601
13511558	13511603
13511558	13511607
13511558	13511608
13511558	13511614
13511558	13511620
13511558	13511621
13511558	13511627
13511558	13511633
13511559	13511557
13511559	13537099
13511559	13537100
13511560	1926044
13511561	13511565
13511562	13505638
13511563	8488743
13511564	13511558
13511565	13511561
13511566	13511567
13511567	13511566
13511567	13535075
13511567	13535077
13511567	13535084
13511568	13505513
13511569	13511570
13511569	13591514
13511569	13591515
13511570	13511569
13511571	13511573
13511572	13511558
13511573	13511571
13511573	13513930
13511574	13511575
13511575	13511574
13511576	13511558
13511577	13511579
13511577	13511580
13511577	13511582
13511578	8488744
13511579	13511577
13511579	13511580
13511580	13511577
13511580	13511579
13511580	13511582
13511581	13511558
13511582	13511577
13511582	13511580
13511583	13511558
13511584	13509656
13511585	13511558
13511586	13233307
13511587	13511927
13511588	13233307
13511589	13199802
13511590	662002
13511590	13504699
13511591	13509654
13511592	13504699
13511592	13524639
13511593	13511594
13511593	13511596
13511594	13511593
13511594	13511596
13511595	13511558
13511596	13511593
13511596	13511594
13511597	13112859
13511598	13109263
13511599	13509654
13511600	11356220
13511600	13111576
13511600	13519500
13511601	13511558
13511602	13212997
13511603	13511558
13511604	13504528
13511605	13110301
13511606	13111738
13511607	13511558
13511608	13511558
13511609	3313856
13511609	6624855
13511610	13509650
13511611	8488799
13511612	3313856
13511612	6624855
13511613	3313856
13511613	6624855
13511614	13511558
13511615	8488799
13511616	3313856
13511617	3313856
13511618	13504525
13511619	13509650
13511620	13511558
13511621	13511558
13511622	13463651
13511622	13511624
13511622	13511630
13511622	13511631
13511622	13511642
13511622	13511645
13511622	13511646
13511623	11210623
13511623	13690177
13511624	6624986
13511624	10903454
13511624	13511622
13511624	13511626
13511624	13511628
13511624	13511629
13511624	13511630
13511624	13511631
13511624	13511645
13511624	13511646
13511625	11356436
13511626	6624986
13511626	9124318
13511626	10903454
13511626	13511624
13511627	13511558
13511628	13511624
13511628	13511630
13511628	13511631
13511628	13511645
13511628	13511646
13511629	6624986
13511629	10903454
13511629	13511624
13511630	13511622
13511630	13511624
13511630	13511628
13511630	13511642
13511631	13463651
13511631	13511622
13511631	13511624
13511631	13511628
13511632	11440550
13511633	13511558
13511633	13513648
13511634	12278410
13511636	13537669
13511636	13537670
13511636	13537671
13511638	2437939
13511638	8481064
13511639	11355101
13511639	13511640
13511640	13511639
13511642	13439001
13511642	13511622
13511642	13511630
13511643	13509643
13511644	8268208
13511645	4011612
13511645	13511622
13511645	13511624
13511645	13511628
13511646	4011612
13511646	13511622
13511646	13511624
13511646	13511628
13511648	11176009
13511649	13509645
13511654	13511659
13511654	13511665
13511654	13511668
13511654	13511672
13511654	13511678
13511654	13511680
13511654	13511685
13511657	11955223
13511659	13511654
13511659	13511665
13511659	13511668
13511659	13511672
13511659	13511678
13511659	13511680
13511659	13511685
13511661	13795163
13511662	12964652
13511662	13537411
13511662	13537412
13511665	13511654
13511665	13511659
13511665	13511668
13511665	13511672
13511665	13511678
13511665	13511680
13511665	13511685
13511668	13511654
13511668	13511659
13511668	13511665
13511668	13511672
13511668	13511678
13511668	13511680
13511668	13511685
13511672	13511654
13511672	13511659
13511672	13511665
13511672	13511668
13511672	13511678
13511672	13511680
13511672	13511685
13511676	8260687
13511677	11388317
13511678	13511654
13511678	13511659
13511678	13511665
13511678	13511668
13511678	13511672
13511678	13511680
13511678	13511685
13511679	9077367
13511680	13511654
13511680	13511659
13511680	13511665
13511680	13511668
13511680	13511672
13511680	13511678
13511680	13511685
13511681	13503432
13511682	13509637
13511683	9556989
13511684	13228113
13511685	13511654
13511685	13511659
13511685	13511665
13511685	13511668
13511685	13511672
13511685	13511678
13511685	13511680
13511687	13228113
13511688	755242
13511688	1981119
13511688	13537075
13511688	13537076
13511688	13537077
13511688	13537079
13511688	13537080
13511689	1752568
13511690	13228118
13511691	13228118
13511691	13511899
13511692	5348382
13511692	11368480
13511696	13228134
13511697	13503137
13511698	13187394
13511699	13228143
13511701	9465850
13511702	13503137
13511703	13187382
13511704	13228153
13511708	10248826
13511708	13187364
13511708	13767348
13511708	13767351
13511709	13228142
13511711	4359961
13511711	13511045
13511712	13228142
13511713	13511716
13511713	13514193
13511713	13514194
13511714	13051978
13511715	13511045
13511716	13511713
13511720	13228097
13511725	9168561
13511726	13204218
13511727	13503119
13511728	13511749
13511729	13264993
13511731	10575138
13511731	10575139
13511732	13509633
13511733	13154033
13511734	10002832
13511734	13511043
13511736	11523512
13511736	13512449
13511737	13509629
13511738	13346317
13511740	13154041
13511742	11085255
13511743	10002832
13511743	13511043
13511744	3622428
13511744	11409085
13511746	13346316
13511748	13509628
13511749	13511728
13511753	13511039
13511753	13511851
13511753	13531154
13511754	13511039
13511754	13511851
13511754	13531154
13511755	8260063
13511761	11720467
13511761	11736802
13511761	13511036
13511761	13511764
13511761	13511847
13511761	13526723
13511762	13511779
13511763	11720467
13511763	11736802
13511763	13511036
13511763	13511764
13511763	13511847
13511763	13526723
13511764	11720467
13511764	11736802
13511764	13511036
13511764	13511761
13511764	13511763
13511764	13511847
13511764	13526723
13511765	13537433
13511765	13537434
13511765	13537435
13511766	13501272
13511770	12021945
13511770	13512448
13511772	11384202
13511773	13509628
13511775	13505111
13511776	7257322
13511778	12418410
13511779	13511762
13511780	13537499
13511780	13537502
13511780	13537503
13511781	2833768
13511782	5990723
13511785	2833813
13511786	9421648
13511788	13211709
13511790	13505112
13511791	13211707
13511792	11309618
13511794	13505112
13511796	6352530
13511796	13211702
13511796	13829950
13511799	13505125
13511800	13435430
13511801	13211685
13511802	13505125
13511804	12967520
13511804	12967522
13511804	12967525
13511804	13211684
13511804	13666573
13511805	13505125
13511806	13501268
13511807	9240624
13511808	3308714
13511810	226885
13511810	10117415
13511810	13535166
13511811	13501268
13511811	13581563
13511819	12117857
13511820	13434193
13511822	2833803
13511824	7261530
13511824	12344658
13511824	12344659
13511824	13511833
13511825	13433021
13511825	13511837
13511826	13511827
13511827	13511826
13511828	13432800
13511829	13505028
13511830	13511831
13511831	13511830
13511832	13455464
13511832	13455555
13511832	13522096
13511832	13522099
13511833	12344657
13511833	13511824
13511833	13511944
13511833	13511947
13511834	13501246
13511835	13511842
13511836	13453942
13511837	13511825
13511839	13476208
13511841	13448121
13511842	13511835
13511844	10292737
13511845	13317601
13511847	11720467
13511847	13511036
13511847	13511761
13511847	13511763
13511847	13511764
13511847	13526723
13511848	8972926
13511848	13211700
13511849	13460150
13511849	13717501
13511850	9621356
13511850	12567093
13511850	13211699
13511851	7888080
13511851	13511039
13511851	13511753
13511851	13511754
13511851	13531154
13511852	13501212
13511853	13459861
13511853	13459866
13511853	13527165
13511855	10458151
13511856	13458149
13511860	8802221
13511860	13469938
13511862	9421649
13511865	13466793
13511865	13466911
13511865	13522087
13511866	2354357
13511866	2354358
13511866	3472141
13511866	3472152
13511869	13501211
13511870	5702493
13511871	2052917
13511871	3472141
13511872	9132187
13511875	13501094
13511878	13501094
13511879	13511884
13511879	13511887
13511879	13511892
13511879	13511900
13511879	13511906
13511879	13511910
13511879	13511919
13511879	13511925
13511879	13511932
13511879	13511939
13511879	13511943
13511879	13511949
13511879	13511952
13511881	6070205
13511884	13511879
13511886	11173813
13511887	13511879
13511889	7330411
13511892	13511879
13511895	11608317
13511899	13511691
13511900	13511879
13511901	10299151
13511904	13500944
13511905	13500944
13511906	13511879
13511907	9113315
13511908	13553871
13511910	13511879
13511914	11464011
13511916	12735580
13511916	13787996
13511918	10141687
13511919	13511879
13511920	11994354
13511924	12735578
13511925	13511879
13511926	12825723
13511927	13511587
13511929	2739964
13511929	2867945
13511929	3772838
13511929	3775924
13511932	13511879
13511933	13511502
13511933	13511503
13511935	2110997
13511935	6563426
13511936	11410100
13511937	8386538
13511938	11299596
13511939	13511879
13511940	1969364
13511941	12832611
13511942	13499423
13511943	13511879
13511944	13511833
13511946	10197313
13511947	13511833
13511949	13511879
13511950	13166868
13511950	13513645
13511950	13513646
13511950	13513647
13511950	13513925
13511950	13685192
13511950	13685193
13511951	9106763
13511952	13511879
13511953	13587870
13511954	9169274
13511955	8905763
13511957	11355679
13511959	9771444
13511960	5905764
13511961	13511346
13511962	11187454
13511964	11409446
13511965	7338356
13511966	8660141
13511968	11287376
13511970	6062315
13511971	7459318
13511972	13498937
13511973	11192430
13511974	5738033
13511975	13498937
13511975	13511976
13511976	2950506
13511976	13511352
13511976	13511975
13511976	13512540
13511976	13513644
13511976	13514718
13511976	13529676
13511976	13529978
13511977	13498936
13511978	12193437
13511979	9077380
13511980	10283016
13511981	13498936
13511982	11878684
13511984	9844251
13511985	4929929
13511986	11128210
13511987	11125033
13511988	8134632
13511989	13498916
13511990	8148508
13511991	13498908
13511992	11202406
13511992	13514189
13511992	13514191
13511993	3472141
13511994	10609484
13511994	13514234
13511995	13497777
13511996	13497765
13511996	13833954
13511997	5714806
13511997	13531581
13511999	2545665
13511999	5302742
13512000	13497080
13512001	13512080
13512002	13512082
13512003	13496685
13512004	13496681
13512005	13496681
13512006	13496681
13512007	13512009
13512008	13496672
13512009	13512007
13512011	13496006
13512012	13496002
13512013	13495993
13512014	13495990
13512015	13495990
13512016	13495981
13512017	13495981
13512018	13495977
13512019	13495909
13512019	13508084
13512019	13508360
13512019	13509077
13512019	13509723
13512019	13511405
13512020	13495909
13512020	13508084
13512020	13508360
13512020	13509077
13512020	13509723
13512020	13511405
13512021	13495907
13512022	13495907
13512023	13495883
13512023	13508087
13512024	13495883
13512024	13508087
13512025	13495819
13512026	13495768
13512027	2123579
13512028	2799156
13512029	8000887
13512030	13495400
13512031	13495400
13512032	13495400
13512033	13495400
13512034	13495400
13512036	13495400
13512038	13495393
13512039	13495374
13512040	13495054
13512041	13495369
13512042	13495055
13512043	13495055
13512044	13495053
13512045	13495052
13512046	13512047
13512047	13512046
13512049	13512050
13512050	13512049
13512051	13512070
13512052	13471334
13512052	13495046
13512052	13495207
13512053	13512054
13512053	13512447
13512053	13513922
13512054	13512053
13512055	13512056
13512056	13512055
13512059	13512060
13512059	13512068
13512059	13512069
13512059	13513643
13512060	13512059
13512061	13495038
13512062	13512063
13512062	13512446
13512063	13512062
13512064	13512065
13512065	13512064
13512066	13512067
13512067	13512066
13512068	13512059
13512069	13512059
13512070	13512051
13512072	8407681
13512072	10032661
13512072	10047089
13512073	13512079
13512075	2743326
13512075	11979229
13512075	13512083
13512076	13495030
13512077	10767038
13512078	13495030
13512079	13512073
13512079	13512444
13512079	13512445
13512080	13512001
13512081	13495026
13512082	13512002
13512083	13512075
13512084	13495014
13512084	13516603
13512085	13493649
13512086	13489894
13512087	13493649
13512088	13489543
13512089	13484241
13512090	11827458
13512092	6122801
13512092	9677454
13512093	6122801
13512093	12861200
13512094	6122801
13512094	12861208
13512095	454814
13512096	13493259
13512097	10526580
13512097	10526581
13512097	13381353
13512098	10526582
13512098	13381279
13512099	9542845
13512100	11308613
13512100	13512104
13512101	7492311
13512101	13512103
13512102	11233094
13512102	13512105
13512103	13512101
13512103	13520183
13512103	13527102
13512103	13542038
13512103	13549073
13512104	13512100
13512105	13512102
13512106	10380280
13512108	13508670
13512109	13508670
13512110	8138889
13512110	13512167
13512110	13807316
13512111	13508239
13512112	9440812
13512112	13512117
13512113	13508216
13512114	11416674
13512114	13512116
13512115	13508048
13512116	13512114
13512116	13805747
13512117	13512112
13512118	11184148
13512118	13512164
13512119	13493256
13512120	13508056
13512121	13508056
13512122	9408906
13512122	13512165
13512122	13512166
13512123	13507988
13512124	7522934
13512125	13506862
13512126	13506862
13512127	13484339
13512127	13493255
13512128	13506863
13512129	11435816
13512130	13506859
13512131	13506363
13512132	13506360
13512133	13506350
13512134	13505599
13512135	13505598
13512136	13505598
13512137	13505574
13512138	13505521
13512139	13505521
13512140	13505519
13512141	13505516
13512142	13505514
13512142	13520182
13512142	13527106
13512142	13542036
13512143	13505505
13512143	13527190
13512144	11448396
13512144	13505505
13512144	13519559
13512144	13630896
13512144	13630898
13512145	13505485
13512146	13504203
13512147	13503597
13512148	13503580
13512149	13503576
13512150	13503576
13512151	13503576
13512152	13503576
13512153	13505497
13512154	13503547
13512155	13503547
13512156	13503453
13512157	13503360
13512158	13503360
13512159	13503371
13512159	13503372
13512160	13503371
13512161	13503372
13512161	13620945
13512162	4642224
13512162	5657412
13512163	5657412
13512164	13512118
13512165	13512122
13512166	13512122
13512167	13512110
13512168	13508693
13512169	2360741
13512170	11821314
13512171	13493252
13512172	13493252
13512173	6101743
13512174	13508231
13512175	12572673
13512176	13508231
13512177	13508218
13512178	5171376
13512179	13508197
13512180	13493251
13512181	13493251
13512182	8246144
13512183	13508266
13512184	13508268
13512185	13508075
13512185	13508078
13512186	13508067
13512186	13508068
13512187	13493251
13512188	13493251
13512189	13507943
13512190	13507943
13512191	13506345
13512192	13506343
13512193	13512411
13512194	13493250
13512195	13492891
13512196	8978195
13512197	13503521
13512198	13503500
13512199	13503501
13512200	13492793
13512201	13491790
13512202	10785557
13512202	10785561
13512203	8530071
13512204	8628274
13512205	8318362
13512208	12696649
13512209	12696649
13512210	13169440
13512211	13420456
13512212	13094704
13512213	11110719
13512213	11110720
13512214	8459631
13512215	5526656
13512216	10572155
13512217	11107478
13512218	9689686
13512219	1533281
13512220	13248431
13512221	13024060
13512221	13564695
13512221	13564696
13512221	13564697
13512222	11112153
13512223	13563702
13512226	1533355
13512227	10808567
13512231	10572153
13512233	13563787
13512234	13563786
13512235	8466160
13512236	13563784
13512237	13563783
13512238	13187914
13512239	10572156
13512240	13563756
13512241	13563754
13512242	13187915
13512243	13563697
13512243	13564693
13512244	10572154
13512248	13250694
13512249	13563753
13512251	13563751
13512252	11104751
13512253	1586939
13512255	13118599
13512259	13563748
13512261	8363287
13512262	10144683
13512264	13512265
13512265	13512264
13512271	13563744
13512273	13689539
13512278	13689668
13512282	13024052
13512285	13563739
13512287	13818903
13512288	13563738
13512289	13563737
13512290	1218665
13512312	8383977
13512313	13543787
13512319	13595786
13512321	13551916
13512324	13603283
13512329	13605429
13512337	13250679
13512342	13605445
13512372	13605453
13512375	13679884
13512376	13514272
13512376	13514273
13512376	13514278
13512376	13514280
13512377	13514268
13512377	13514269
13512377	13514270
13512377	13514271
13512377	13514275
13512377	13514276
13512378	13514262
13512378	13514264
13512378	13820615
13512379	13514254
13512379	13514257
13512379	13514287
13512379	13514289
13512379	13800365
13512380	13514304
13512380	13514306
13512380	13514313
13512380	13514314
13512380	13675240
13512381	13679880
13512382	13514249
13512382	13514250
13512382	13514285
13512382	13514286
13512382	13535406
13512382	13679879
13512383	13514366
13512383	13514367
13512383	13675239
13512384	13679963
13512385	13675248
13512386	13679962
13512387	13679913
13512388	13679912
13512389	13679961
13512390	13679959
13512393	13605427
13512394	13679958
13512395	13675247
13512396	13679911
13512397	13679910
13512398	13679919
13512399	3912658
13512399	3912659
13512400	13675247
13512401	13514266
13512401	13514267
13512401	13514298
13512401	13514300
13512402	434314
13512402	434315
13512402	568095
13512402	568097
13512402	730153
13512402	1607334
13512402	4747794
13512403	13679956
13512404	13605425
13512405	13679908
13512406	13679904
13512407	13675246
13512408	13514282
13512408	13514284
13512409	13556961
13512410	13679903
13512411	13512193
13512412	13679902
13512413	13512425
13512414	13679955
13512415	13679954
13512416	13679953
13512417	13679952
13512418	13679951
13512419	13679950
13512420	13679901
13512421	1103440
13512422	13679900
13512424	13826769
13512425	13512413
13512428	2329623
13512429	13679899
13512430	2329623
13512431	13679898
13512432	12875100
13512433	12851431
13512434	13679948
13512435	12851430
13512436	13675256
13512437	13675245
13512438	2647154
13512439	1334932
13512439	13519295
13512440	2639970
13512441	9019957
13512442	11209208
13512443	10489048
13512444	13512079
13512445	13512079
13512446	13512062
13512447	13512053
13512448	13511770
13512449	13511736
13512450	4514116
13512450	13512451
13512451	13512450
13512452	13512453
13512452	13512454
13512453	13512452
13512454	13512452
13512455	13573539
13512456	7727911
13512457	13679947
13512458	6272628
13512458	6867969
13512459	13605359
13512459	13679946
13512460	13679945
13512461	13600666
13512462	12719318
13512463	13605424
13512464	13679943
13512465	1105566
13512466	2578435
13512467	13679942
13512468	13512469
13512469	13512468
13512470	13512472
13512470	13512476
13512471	13657095
13512472	13512470
13512472	13512476
13512476	13512470
13512476	13512472
13512476	13513422
13512476	13513502
13512476	13513503
13512477	13512478
13512478	13512477
13512479	13545311
13512480	13605436
13512481	13512483
13512482	13679941
13512483	13512481
13512484	13675244
13512486	13514310
13512486	13530534
13512487	13675252
13512488	13512491
13512490	13679940
13512491	13512488
13512492	6424001
13512494	13529762
13512495	13679939
13512496	13512497
13512497	13512496
13512498	341204
13512499	13514293
13512499	13514295
13512500	13679938
13512501	8652648
13512501	8652650
13512501	8652652
13512501	8665687
13512501	10069861
13512502	13481964
13512503	13737229
13512504	13512505
13512505	13512504
13512507	13512508
13512508	13512507
13512509	6411424
13512510	13529188
13512510	13529192
13512510	13529211
13512510	13529212
13512510	13605422
13512511	6421475
13512512	13512514
13512513	13679937
13512514	13512512
13512514	13512862
13512515	13679936
13512516	13675255
13512517	13512521
13512517	13512526
13512518	13679935
13512519	13679934
13512520	6427389
13512521	13512517
13512522	7376812
13512523	13563734
13512523	13738728
13512523	13738729
13512524	6425419
13512525	7379877
13512526	13512517
13512527	13563730
13512527	13738727
13512528	13679933
13512529	13512530
13512530	13512529
13512531	13605410
13512532	13605409
13512533	380142
13512533	1023125
13512533	10128046
13512534	10925974
13512535	7376018
13512536	7376018
13512537	7378595
13512538	7376011
13512539	7376011
13512540	13511976
13512541	7394461
13512542	3732323
13512543	6960238
13512544	12766499
13512545	6412634
13512546	6420904
13512547	11133499
13512548	6424865
13512549	6412775
13512550	6424865
13512551	7375401
13512552	7375401
13512553	7375401
13512554	6398326
13512555	7375401
13512556	9353965
13512557	6427132
13512557	7377217
13512558	6427132
13512558	7377217
13512559	8001855
13512560	7379509
13512561	7379509
13512562	5791774
13512563	2006411
13512564	6427940
13512565	6427940
13512566	11678066
13512567	6425621
13512568	6425621
13512569	2079051
13512570	11527152
13512571	7380900
13512572	7380900
13512573	6425561
13512574	7381313
13512575	6498739
13512576	7381313
13512577	50020
13512578	7380001
13512579	7380001
13512580	5796907
13512581	3422081
13512582	12995640
13512583	6427374
13512584	6505315
13512585	6427374
13512586	6427374
13512587	6427374
13512588	6429224
13512589	6429224
13512590	6429224
13512591	6420996
13512592	6420996
13512593	6420996
13512594	6420996
13512595	9478743
13512596	6421535
13512597	6415432
13512597	7349584
13512598	6415432
13512598	7349584
13512599	6415432
13512599	7349584
13512600	6415432
13512600	7349584
13512601	6408735
13512602	6408735
13512603	6408735
13512604	6408735
13512605	14142
13512605	12127462
13512605	12127464
13512606	7378858
13512607	7378858
13512608	7376345
13512609	7376345
13512610	6417832
13512611	6417832
13512612	6426203
13512613	13500532
13512614	13500531
13512615	13500528
13512616	13500528
13512617	13488572
13512617	13512621
13512618	6986442
13512618	7930421
13512618	7930422
13512618	8011650
13512618	9209584
13512618	11996321
13512618	12301147
13512618	13512635
13512619	13488566
13512620	7349584
13512621	13512617
13512622	11934013
13512623	7379890
13512624	7379890
13512625	6425033
13512626	6425033
13512627	6425033
13512628	13488563
13512629	13488561
13512629	13530722
13512630	6409849
13512631	6409849
13512632	13512634
13512634	13512632
13512635	7930421
13512635	7930422
13512635	8011650
13512635	9209584
13512635	11996321
13512635	12301147
13512635	13512618
13512636	13467061
13512636	13668818
13512637	11443565
13512637	13326445
13512637	13510997
13512639	7381358
13512640	7381358
13512641	13512643
13512642	13512644
13512642	13513629
13512642	13513914
13512642	13524948
13512642	13527146
13512642	13529062
13512642	13529675
13512642	13529974
13512642	13531126
13512642	13531137
13512643	13512641
13512644	13512642
13512645	1720322
13512646	7718268
13512647	5673057
13512647	13512655
13512647	13512657
13512647	13512658
13512647	13514186
13512648	12610370
13512649	12541904
13512650	12795596
13512651	3012711
13512652	5931887
13512654	13512656
13512655	13512647
13512656	13512654
13512657	13512647
13512658	13512647
13512659	13512660
13512660	13512659
13512661	13512662
13512661	13514183
13512661	13514184
13512662	13512661
13512663	2648883
13512663	2802897
13512663	5868837
13512663	5919200
13512663	5919202
13512663	7072092
13512663	9855742
13512664	9621356
13512664	12567093
13512664	13287554
13512664	13512793
13512665	8972926
13512665	13286892
13512665	13512786
13512666	13512667
13512667	13512666
13512670	13512671
13512671	13512670
13512672	8246999
13512673	8246999
13512674	13512675
13512675	13512674
13512676	13320543
13512677	13512678
13512678	13512677
13512679	13495916
13512679	13767188
13512680	13102650
13512681	13512683
13512682	12962410
13512682	12963913
13512682	13513357
13512683	13512681
13512684	12902002
13512685	13320701
13512686	13112988
13512687	13512689
13512688	13120173
13512689	13512687
13512690	13105800
13512691	5628247
13512692	13236979
13512693	13155148
13512693	13514551
13512693	13524943
13512693	13524944
13512693	13529672
13512693	13531115
13512693	13531119
13512694	3163668
13512695	2889593
13512696	7358764
13512697	9053990
13512698	5470331
13512699	5470331
13512700	2940644
13512701	4456909
13512702	6468462
13512703	12098129
13512704	2438458
13512705	10690145
13512705	13689199
13512706	12060616
13512707	12060616
13512708	11757554
13512709	11757554
13512710	11757558
13512711	11757558
13512712	4135081
13512712	13529844
13512713	13512717
13512714	11070993
13512715	11070993
13512716	11070993
13512717	13512713
13512718	6717570
13512719	11050698
13512720	10926478
13512721	10926478
13512722	10855003
13512723	10498573
13512724	10212937
13512725	10212937
13512726	3623866
13512726	13647311
13512726	13647314
13512727	9456722
13512728	9406982
13512729	2611517
13512729	13640201
13512730	9025208
13512731	9110212
13512732	9209842
13512733	8914425
13512734	8987620
13512735	8987620
13512736	8979055
13512737	8979055
13512738	8916491
13512739	8916491
13512740	12073944
13512741	8729302
13512742	11459194
13512742	11459196
13512743	8400326
13512744	8400326
13512745	13512750
13512746	8116740
13512747	8116740
13512748	11177436
13512749	8069477
13512750	13512745
13512751	8069477
13512752	8039540
13512753	8039540
13512754	8039543
13512755	8039543
13512757	8047105
13512758	8365088
13512759	13512764
13512760	6088849
13512761	6459777
13512762	4975559
13512763	6459777
13512764	13512759
13512765	5840361
13512766	5840361
13512767	4572270
13512768	7253714
13512769	4572270
13512770	2957500
13512771	2957500
13512772	8254534
13512773	2956190
13512774	2956190
13512775	2891874
13512776	2891874
13512777	6475915
13512778	2891874
13512779	2549018
13512780	3708658
13512781	1272300
13512782	463530
13512782	1233916
13512783	12327281
13512784	7912994
13512785	13512787
13512786	8972926
13512786	13286892
13512786	13512665
13512787	13512785
13512788	8230153
13512789	13019153
13512790	12377804
13512791	12066206
13512792	4953737
13512793	9621356
13512793	12567093
13512793	13287554
13512793	13512664
13512794	12375850
13512795	12774235
13512796	2751050
13512797	13512803
13512798	10363248
13512799	9994633
13512801	6948012
13512802	7425483
13512803	13512797
13512804	12202133
13512805	13480432
13512806	13510117
13512807	13510116
13512809	13355651
13512811	13355646
13512812	13277779
13512813	13022845
13512813	13530034
13512814	13512818
13512815	13022845
13512817	12476685
13512817	13530037
13512818	13512814
13512819	12476685
13512820	11091897
13512821	13505663
13512824	13512827
13512825	13512826
13512826	13512825
13512827	13512824
13512828	13512830
13512830	13512828
13512832	13512834
13512834	13512832
13512835	13505655
13512837	11091897
13512838	13512842
13512838	13512846
13512838	13512848
13512839	13505655
13512841	12740436
13512842	13512838
13512843	13512847
13512844	12201283
13512845	12201283
13512846	13512838
13512847	13512843
13512848	13512838
13512850	13028279
13512851	13512856
13512852	5259874
13512853	12718145
13512854	13505654
13512854	13511552
13512854	13512858
13512854	13524594
13512854	13524595
13512855	12855551
13512856	13512851
13512857	12319647
13512858	13511552
13512858	13512854
13512858	13513909
13512858	13524594
13512858	13524595
13512858	13524940
13512858	13529671
13512858	13529677
13512858	13529678
13512858	13529960
13512858	13531110
13512858	13531111
13512859	6897085
13512860	10805621
13512861	4516633
13512862	13512514
13512863	4516633
13512863	13686924
13512864	9080840
13512865	13512870
13512866	3542103
13512867	13505638
13512868	13505513
13512868	13678581
13512869	13281735
13512870	13512865
13512871	13281735
13512871	13605387
13512872	12855523
13512873	9283445
13512874	13512876
13512875	600078
13512876	13512874
13512876	13537415
13512876	13537416
13512876	13537417
13512877	3339812
13512877	13512881
13512878	13505499
13512879	13512882
13512879	13512884
13512880	6475848
13512880	13620665
13512881	13512877
13512881	13512887
13512882	13512879
13512883	3746980
13512884	13512879
13512885	13512886
13512886	13512885
13512887	13512881
13512888	414388
13512888	1671185
13512888	13512891
13512888	13512892
13512889	13512894
13512890	2693511
13512890	3187024
13512890	3681426
13512890	5258517
13512890	6825010
13512890	6825014
13512890	13518386
13512891	13512888
13512892	414388
13512892	1671185
13512892	13512888
13512893	3746985
13512894	13512889
13512895	13505492
13512896	13512900
13512897	13252717
13512897	13252718
13512897	13252720
13512898	1766684
13512898	7801990
13512898	13252698
13512898	13252699
13512898	13252704
13512898	13535091
13512899	8306482
13512900	13512896
13512901	13253036
13512902	3747198
13512903	961606
13512903	13138468
13512904	11106183
13512905	938501
13512906	11104840
13512907	9628522
13512908	4748096
13512910	938500
13512911	13512914
13512912	13503468
13512913	2247559
13512913	13272555
13512914	13512911
13512915	12137502
13512916	12137502
13512917	12024015
13512918	12024015
13512919	3823944
13512920	13512921
13512921	13512920
13512922	2744299
13512923	2744299
13512925	4625948
13512926	11925934
13512927	11672647
13512928	11672647
13512929	11535708
13512930	11535708
13512931	13503432
13512932	11406840
13512933	11406840
13512934	13450108
13512935	13512942
13512936	13503137
13512937	13503137
13512938	11567326
13512939	1848936
13512940	13368510
13512941	2870456
13512942	13512935
13512943	3573768
13512944	13512947
13512945	13372810
13512946	13047713
13512947	13512944
13512947	13512949
13512948	13503119
13512949	13512947
13512950	13342613
13512951	13503093
13512952	1103088
13512952	1207638
13512953	4100936
13512954	1207638
13512956	13501278
13512957	13501278
13512958	3304192
13512959	7406209
13512959	7406685
13512959	7439354
13512959	7440269
13512959	8351560
13512960	13389282
13512960	13518789
13512961	12310787
13512961	13513136
13512962	13301039
13512963	315688
13512963	506667
13512963	8046514
13512964	13501272
13512965	2423296
13512966	8279709
13512966	8282337
13512966	13226701
13512966	13513009
13512966	13513093
13512967	8278186
13512967	8279709
13512967	8282338
13512967	13226704
13512967	13513101
13512968	10463978
13512968	10487515
13512968	10487700
13512969	10463978
13512969	10487515
13512969	10487700
13512970	10463978
13512970	10487734
13512970	10487855
13512971	4119885
13512971	13518788
13512972	13501268
13512972	13581563
13512973	13506675
13512973	13512975
13512973	13522883
13512973	13522962
13512974	2862602
13512974	5628672
13512974	13331574
13512975	13506675
13512975	13512973
13512975	13522883
13512975	13522962
13512976	13506673
13512976	13506674
13512976	13512977
13512977	9387861
13512977	9487632
13512977	13506673
13512977	13512976
13512977	13514076
13512977	13514078
13512977	13514081
13512978	2388162
13512978	4604553
13512978	4999749
13512978	5825588
13512979	4116178
13512980	2388162
13512980	4604553
13512980	4999749
13512980	5825588
13512981	13512984
13512981	13514831
13512982	5331228
13512983	247918
13512983	808586
13512983	3990125
13512984	13512981
13512984	13512986
13512984	13518403
13512985	3988854
13512986	13512984
13512986	13514831
13512987	13348347
13512988	4116375
13512989	13501253
13512990	13369928
13512991	13501252
13512992	1815552
13512992	4100915
13512993	13495388
13512993	13501212
13512994	13368284
13512995	13501211
13512996	630893
13512996	13368367
13512997	13368284
13512998	12974181
13512998	13368483
13512999	13368483
13513000	470957
13513001	2721148
13513002	13501094
13513003	12111739
13513004	12111739
13513005	2357460
13513005	3986693
13513006	12111739
13513007	12111739
13513008	12071957
13513009	8279709
13513009	8282337
13513009	13512966
13513009	13513093
13513009	13513127
13513010	7941079
13513011	10525955
13513011	11038821
13513011	13513111
13513012	12746477
13513013	8270061
13513014	2853375
13513015	8821157
13513016	4960732
13513017	2929685
13513017	13591666
13513018	8183420
13513019	8183420
13513020	9054885
13513021	9054885
13513022	2366736
13513022	13680073
13513023	13500944
13513024	8684593
13513025	8237441
13513026	1190256
13513027	8237441
13513028	6811093
13513029	8828749
13513030	3832319
13513030	13559380
13513031	13012994
13513032	10033787
13513033	362167
13513034	13500943
13513035	2792079
13513036	13500943
13513037	617531
13513038	13500943
13513039	13500943
13513040	9979744
13513041	4159254
13513042	7456873
13513043	13116951
13513044	10899347
13513044	11789741
13513045	9231284
13513046	10168384
13513047	9998318
13513048	8030301
13513048	8253605
13513049	13500923
13513050	13500923
13513051	6672699
13513052	12219784
13513053	3668636
13513054	2343735
13513055	598575
13513055	11031349
13513056	443470
13513056	3494961
13513057	2230632
13513058	9850447
13513059	12619576
13513060	4182572
13513061	341592
13513062	8188467
13513063	6232626
13513064	7830729
13513065	12761112
13513066	4267988
13513067	7175414
13513068	2563169
13513069	10168390
13513069	12858099
13513070	10678683
13513071	13499423
13513072	9937020
13513073	6260698
13513074	6036164
13513075	5280847
13513076	5280847
13513076	13518397
13513076	13518399
13513077	11005490
13513078	10639222
13513079	10639222
13513080	238771
13513081	10226534
13513082	10542936
13513083	1650229
13513084	3279691
13513085	3279691
13513086	6429508
13513087	6429508
13513088	6429508
13513089	6518633
13513090	6518633
13513091	6518633
13513092	9365455
13513093	8279709
13513093	8282337
13513093	13512966
13513093	13513009
13513094	51780
13513095	51780
13513096	8376013
13513097	5109400
13513098	13498936
13513099	12947521
13513101	8278186
13513101	8279709
13513101	8282338
13513101	13512967
13513102	7252235
13513103	7919717
13513104	3366526
13513105	11449522
13513106	12169775
13513106	13605339
13513107	7237718
13513108	6433169
13513109	4844413
13513110	11002535
13513111	8575973
13513111	10525955
13513111	11038821
13513111	11038925
13513111	13513011
13513112	4464407
13513113	13498916
13513114	3709792
13513114	10525954
13513114	11038821
13513115	12836675
13513116	12975590
13513117	5594275
13513118	12041318
13513119	11947898
13513120	10252942
13513120	13513122
13513121	10252942
13513122	13513120
13513123	13498908
13513124	13511273
13513125	13497777
13513127	8279709
13513127	8282337
13513127	13513009
13513128	8278186
13513128	8278193
13513128	8279402
13513128	8279709
13513129	8278186
13513129	8279709
13513129	8282338
13513131	13530043
13513132	3421632
13513133	3421632
13513134	784766
13513135	8237736
13513136	12310787
13513136	13512961
13513137	463308
13513138	10933288
13513139	556985
13513141	13316393
13513142	408293
13513144	5621318
13513145	70623
13513146	7223136
13513148	13497080
13513149	5621318
13513150	3608193
13513151	7547484
13513151	13513158
13513153	11236033
13513154	1860538
13513155	1860538
13513158	13513151
13513159	1752470
13513159	4901830
13513159	13513160
13513160	13513159
13513161	13497078
13513162	264355
13513163	1793821
13513164	264355
13513165	7697340
13513166	13432010
13513167	2509332
13513168	13240549
13513169	13369349
13513170	7636383
13513171	12803005
13513171	13833624
13513172	2738413
13513173	1703305
13513174	4368269
13513175	4368269
13513176	13496702
13513176	13576510
13513178	8982564
13513178	13361631
13513178	13513195
13513178	13513215
13513178	13513219
13513178	13513227
13513178	13513230
13513178	13513234
13513181	13255282
13513182	13496685
13513183	365818
13513184	13180600
13513185	13192989
13513186	13442736
13513187	1695200
13513188	13433681
13513189	12119112
13513190	12119112
13513191	12945203
13513192	13496681
13513193	13496681
13513194	13281653
13513195	8982564
13513195	13513178
13513195	13513215
13513195	13513219
13513195	13513227
13513195	13513230
13513195	13513234
13513196	13496672
13513197	11930877
13513198	11930877
13513199	13496006
13513200	13496006
13513201	6796407
13513202	11930877
13513202	13637962
13513203	13049330
13513204	5293939
13513205	12321719
13513205	13271639
13513205	13516036
13513205	13516195
13513205	13516196
13513206	4673096
13513207	2945075
13513208	4673096
13513209	13496002
13513210	4620125
13513211	8967447
13513212	2374446
13513213	7005341
13513213	13542390
13513214	8994599
13513215	8982564
13513215	13361631
13513215	13513178
13513215	13513195
13513215	13513219
13513215	13513234
13513215	13562321
13513216	13495993
13513217	415912
13513219	8982564
13513219	13513178
13513219	13513195
13513219	13513215
13513219	13513223
13513219	13513227
13513219	13513230
13513219	13513234
13513220	13495981
13513221	13495981
13513222	1984336
13513223	8982564
13513223	13513219
13513224	7367520
13513225	8982564
13513226	5266925
13513226	13787897
13513227	8982564
13513227	13513178
13513227	13513195
13513227	13513219
13513227	13513234
13513228	5673941
13513229	1536275
13513230	8982564
13513230	13513178
13513230	13513195
13513230	13513219
13513230	13513234
13513231	6167472
13513233	2806708
13513234	8982564
13513234	13513178
13513234	13513195
13513234	13513215
13513234	13513219
13513234	13513227
13513234	13513230
13513234	13518415
13513235	12721134
13513238	13506670
13513238	13716515
13513240	12894656
13513241	12154869
13513242	10287877
13513243	13506665
13513243	13506666
13513243	13513245
13513244	8625684
13513244	8625685
13513245	8087506
13513245	10729916
13513245	12091249
13513245	12091250
13513245	12663546
13513245	13506665
13513245	13506666
13513245	13513243
13513245	13514074
13513248	13504743
13513248	13506660
13513248	13506661
13513249	4050476
13513250	5681858
13513250	13640204
13513251	13506657
13513251	13506658
13513251	13724543
13513252	1678163
13513253	13506652
13513253	13506654
13513255	6450476
13513255	11373037
13513256	10178225
13513258	9032402
13513258	9032403
13513259	7680375
13513260	11373037
13513260	13513988
13513260	13513990
13513260	13513994
13513261	5878689
13513262	10035340
13513263	13506549
13513264	13506544
13513265	2785812
13513267	13505908
13513267	13505910
13513267	13505911
13513270	4438989
13513271	13505350
13513272	7921861
13513274	444041
13513274	13816827
13513276	34902
13513276	895875
13513276	3502663
13513276	3502664
13513276	3689802
13513276	3690048
13513276	7785052
13513278	5277949
13513281	13513284
13513283	7530982
13513284	13513281
13513285	4139129
13513286	687401
13513286	728334
13513286	4581033
13513286	5018484
13513288	11770440
13513289	11547782
13513290	7421915
13513291	13513293
13513292	2761324
13513293	13513291
13513294	6475567
13513295	11618778
13513295	13657168
13513297	5508779
13513299	7128959
13513300	5190920
13513301	3274644
13513302	9336184
13513305	5971227
13513307	12956142
13513310	10770644
13513311	9131820
13513311	13657118
13513312	13513315
13513313	13513323
13513314	13513316
13513314	13513319
13513315	13513312
13513315	13818009
13513316	13513314
13513318	6512644
13513319	13513314
13513323	13513313
13513327	461908
13513327	1886591
13513327	2293103
13513330	5621949
13513333	12450399
13513334	12334793
13513336	5851923
13513336	6072206
13513336	13514061
13513336	13514063
13513336	13514064
13513336	13514066
13513337	5851923
13513338	5182124
13513339	13051073
13513339	13513412
13513339	13513413
13513340	12231156
13513340	13513342
13513342	12231156
13513342	13513340
13513342	13514054
13513343	2980734
13513345	1940734
13513347	5732725
13513353	13495977
13513355	13495977
13513356	6298268
13513357	12962410
13513357	12963913
13513357	13512682
13513359	12407789
13513360	11628143
13513361	13513364
13513362	1177418
13513364	13513361
13513365	3986968
13513366	265546
13513366	589842
13513366	637951
13513366	4292670
13513368	366474
13513369	7028182
13513370	7028182
13513371	1361656
13513374	9501576
13513374	9501577
13513374	11677038
13513375	13495883
13513375	13508087
13513377	11982588
13513378	6297298
13513379	1025487
13513379	1946718
13513379	1946719
13513379	2706463
13513379	3674912
13513379	3707597
13513379	13514049
13513380	9026250
13513381	3456365
13513382	6568057
13513382	6568093
13513382	8108407
13513385	13495819
13513386	13495400
13513387	13514047
13513387	13555377
13513388	13495400
13513389	13495400
13513390	6687893
13513390	6687894
13513390	6823393
13513390	6823394
13513390	7996519
13513390	10723646
13513390	11817954
13513390	11817955
13513391	8913166
13513392	8913166
13513393	10641463
13513393	13513416
13513393	13513417
13513393	13513789
13513393	13513790
13513394	13495393
13513395	13513399
13513395	13513400
13513395	13519553
13513395	13527193
13513395	13568721
13513395	13602964
13513395	13604212
13513395	13604287
13513395	13604562
13513395	13604568
13513395	13604572
13513396	60338
13513396	425636
13513397	6678826
13513398	6678826
13513399	13513395
13513400	13513395
13513400	13519553
13513400	13568721
13513400	13602964
13513401	2954600
13513401	4286595
13513401	13833340
13513402	13327581
13513403	3467784
13513405	3467784
13513406	6102322
13513407	8174693
13513408	10200501
13513409	13513418
13513409	13513420
13513409	13513423
13513409	13513426
13513409	13513430
13513409	13513433
13513409	13513438
13513409	13513447
13513409	13513467
13513409	13513472
13513409	13513481
13513409	13513483
13513409	13513486
13513409	13513491
13513409	13513495
13513409	13513499
13513409	13513535
13513412	13513339
13513413	13513339
13513414	6121821
13513415	1458614
13513416	13513393
13513416	13513790
13513417	13513393
13513417	13513789
13513418	13513409
13513419	5469130
13513420	13513409
13513421	9985280
13513422	13512476
13513423	13513409
13513424	3929497
13513425	1736950
13513426	13513409
13513427	1736950
13513428	4745373
13513429	4493615
13513430	13513409
13513431	13495054
13513431	13495374
13513432	6455394
13513433	13513409
13513434	7682426
13513437	1950448
13513438	13513409
13513439	5654540
13513441	7438911
13513441	7439882
13513441	9211452
13513441	9211453
13513441	9211454
13513441	9211455
13513444	13495055
13513446	3431380
13513447	13513409
13513448	13513490
13513449	7378302
13513449	12523726
13513449	12523727
13513450	1107930
13513451	5654570
13513452	13513490
13513452	13513545
13513453	11772961
13513454	5035534
13513455	13495055
13513456	13495055
13513457	13495055
13513458	35727
13513459	7688586
13513460	4388857
13513461	5960091
13513462	1249318
13513463	6378167
13513464	3267595
13513466	13495053
13513467	13513409
13513469	4135801
13513471	13495052
13513472	13513409
13513473	6038313
13513477	9950665
13513481	13513409
13513483	13513409
13513484	6778104
13513486	13513409
13513488	6165554
13513488	11358909
13513488	13513986
13513490	13513448
13513490	13513452
13513490	13513545
13513490	13514025
13513490	13514140
13513491	13513409
13513494	10646622
13513495	13513409
13513496	7949621
13513497	12095774
13513498	3474936
13513499	13513409
13513500	10617202
13513501	10617202
13513502	13512476
13513503	13512476
13513504	2197017
13513505	13495038
13513506	11382080
13513507	7948933
13513508	12408399
13513509	10152649
13513510	7034102
13513511	12304772
13513513	13495030
13513514	13495030
13513515	10181091
13513516	9593308
13513517	13495027
13513518	13495026
13513519	13495015
13513520	9306476
13513520	9347119
13513522	13495014
13513522	13516603
13513524	7330774
13513524	13513536
13513524	13513537
13513528	10373311
13513529	13513530
13513529	13513538
13513530	13513529
13513530	13513540
13513532	10373311
13513534	6513682
13513535	13513409
13513536	13513524
13513537	13513524
13513538	13513529
13513538	13513624
13513540	13513530
13513541	11972923
13513541	13513985
13513545	13513452
13513545	13513490
13513545	13514020
13513545	13514021
13513545	13514025
13513545	13514140
13513547	13111467
13513548	13111467
13513549	13138808
13513550	647264
13513550	1830499
13513550	12204663
13513550	13138860
13513550	13781568
13513550	13781571
13513551	13150954
13513552	13493649
13513553	13129761
13513555	13129761
13513556	13337178
13513557	2711995
13513557	8463416
13513557	13274643
13513558	13199844
13513559	13199844
13513559	13513622
13513560	10544818
13513561	12145946
13513564	8716177
13513565	8452302
13513565	13818908
13513566	4256261
13513568	8037758
13513569	5684006
13513570	3640224
13513571	7863194
13513572	4945945
13513574	3303087
13513575	12350831
13513576	11629985
13513577	2633095
13513578	12825676
13513579	11772654
13513580	1550104
13513582	4555282
13513583	10717545
13513584	13513716
13513590	3545991
13513590	10115350
13513591	13514428
13513591	13514431
13513592	12775154
13513593	12565434
13513594	10124227
13513595	8334370
13513596	5860585
13513597	9579378
13513598	13019860
13513599	12925198
13513600	12775175
13513601	12775060
13513602	9145150
13513602	13513656
13513602	13513657
13513603	10684513
13513604	9459009
13513605	9250706
13513606	8555505
13513607	7294398
13513608	6447730
13513609	5902934
13513610	5754389
13513611	9459009
13513612	13514417
13513613	13514414
13513614	13514412
13513615	11341284
13513616	13514392
13513617	11380133
13513618	11372279
13513618	13513619
13513618	13513620
13513618	13513621
13513618	13513623
13513618	13513625
13513618	13513626
13513618	13513634
13513619	13513618
13513619	13514381
13513620	13513618
13513620	13514382
13513621	13513618
13513622	13513559
13513623	13513618
13513623	13514383
13513624	13513538
13513625	13513618
13513625	13514384
13513626	13513618
13513627	13514390
13513628	3593982
13513628	3599391
13513628	8440819
13513628	13514386
13513629	13512642
13513630	3599391
13513630	13514388
13513631	3599391
13513631	13514389
13513632	3599391
13513633	9150110
13513634	13513618
13513635	1676730
13513635	1676765
13513635	1678714
13513635	1679156
13513635	1686403
13513636	3409515
13513637	613577
13513637	1275406
13513637	1881639
13513638	1676731
13513638	1676763
13513638	1678718
13513638	1679150
13513639	2633415
13513640	11309351
13513641	11283195
13513642	12137922
13513643	13512059
13513644	13511976
13513645	13511950
13513646	13511950
13513647	13511950
13513648	13511633
13513650	13514374
13513651	13511504
13513652	13514364
13513653	13511022
13513655	13510999
13513656	13513602
13513656	13514333
13513656	13520164
13513656	13520175
13513657	13513602
13513657	13514331
13513657	13520163
13513657	13520173
13513658	13514322
13513658	13514325
13513659	13514108
13513659	13514110
13513660	13514102
13513660	13514105
13513661	11656395
13513662	8303796
13513663	8303796
13513664	13514077
13513664	13514087
13513664	13514092
13513665	12329471
13513666	12329471
13513667	8274897
13513669	8274897
13513670	8017515
13513671	7981523
13513672	7981523
13513673	12759848
13513674	12759848
13513675	12759848
13513676	11656353
13513677	5360220
13513678	11656353
13513679	8303355
13513680	8303355
13513681	3437599
13513682	8303355
13513683	12617050
13513683	12617051
13513684	3280047
13513685	11667912
13513686	13404814
13513687	779365
13513687	3455707
13513688	13514040
13513688	13514055
13513689	2819374
13513690	13514029
13513690	13514034
13513692	6371552
13513693	13514023
13513696	7276248
13513697	7276248
13513701	11064993
13513701	13514006
13513701	13514009
13513702	11064993
13513702	13513993
13513703	13513987
13513705	13513972
13513706	13513947
13513706	13513949
13513707	13513926
13513707	13513937
13513707	13513942
13513711	1650184
13513711	2094465
13513711	3203630
13513713	1650184
13513713	4136329
13513715	2874287
13513715	4015835
13513716	13513584
13513716	13514032
13513718	1124685
13513719	8274868
13513720	8274868
13513721	8274868
13513723	13507332
13513725	7869094
13513727	6225125
13513728	4497278
13513729	2955695
13513730	8045258
13513731	11996876
13513733	6238598
13513733	13593701
13513733	13593702
13513734	11444276
13513735	10221261
13513740	10754057
13513740	10754059
13513742	7106916
13513742	10761604
13513746	13513769
13513746	13513894
13513746	13513904
13513746	13515018
13513746	13515022
13513746	13700376
13513747	11168361
13513747	13513903
13513747	13513906
13513747	13513908
13513747	13513912
13513748	12907298
13513748	13513892
13513750	11985549
13513751	13513755
13513751	13513766
13513751	13513772
13513751	13513776
13513751	13513779
13513751	13513780
13513751	13513782
13513751	13513783
13513751	13513784
13513751	13513787
13513751	13513794
13513751	13513804
13513751	13513816
13513751	13513845
13513751	13513865
13513751	13513873
13513752	9444362
13513753	9434990
13513753	13543055
13513753	13543056
13513754	7113133
13513755	13513751
13513756	6033827
13513757	6659571
13513758	306758
13513759	48721
13513760	7136374
13513761	6907750
13513762	4666419
13513763	10512672
13513764	10979886
13513764	13837688
13513765	8246173
13513765	8246174
13513766	13513751
13513767	8018207
13513767	13622258
13513768	8018207
13513768	13622257
13513768	13622258
13513769	13513746
13513769	13513894
13513769	13513904
13513770	792261
13513771	8017447
13513772	13513751
13513773	11656352
13513774	8317043
13513775	8317043
13513776	13513751
13513777	7981520
13513778	7981520
13513779	13513751
13513780	13513751
13513781	9972101
13513782	13513751
13513783	13513751
13513784	13513751
13513785	1717253
13513785	8574759
13513786	10831843
13513787	13513751
13513788	10074849
13513789	13513393
13513789	13513417
13513790	13513393
13513790	13513416
13513791	12078462
13513792	6400230
13513794	13513751
13513796	6400230
13513802	7031968
13513804	13513751
13513810	1877140
13513812	13540978
13513812	13540979
13513812	13540980
13513813	7797665
13513813	8862818
13513813	8862821
13513815	13537577
13513815	13537578
13513815	13537579
13513816	13513751
13513817	11648248
13513823	11496796
13513827	13538330
13513827	13538331
13513827	13538332
13513831	13513886
13513841	11849259
13513842	11849259
13513845	13513751
13513847	11643978
13513848	13535318
13513848	13535319
13513848	13535321
13513848	13535322
13513853	9559683
13513855	9559683
13513856	13535390
13513856	13535391
13513856	13535392
13513858	9036392
13513860	12444606
13513863	9036393
13513864	13535458
13513864	13535460
13513864	13535462
13513865	13513751
13513873	13513751
13513875	11676999
13513882	2862464
13513884	2862455
13513885	10226139
13513886	13513831
13513887	12272507
13513888	7005227
13513889	13505273
13513890	12272508
13513891	13505293
13513892	13513748
13513893	11353589
13513894	13513746
13513894	13513769
13513895	13505297
13513896	13505297
13513897	12737005
13513899	11669401
13513900	13509139
13513901	10753843
13513902	13505371
13513903	13513747
13513904	13513746
13513904	13513769
13513905	11398594
13513906	13513747
13513907	25571
13513907	5092981
13513907	5111776
13513908	13513747
13513909	13512858
13513910	13169791
13513911	13509142
13513912	13513747
13513914	13512642
13513917	13507649
13513918	9150110
13513919	1342635
13513920	13507640
13513921	11299193
13513922	13512053
13513923	11201454
13513924	13513938
13513924	13513943
13513924	13513952
13513924	13513957
13513924	13513960
13513924	13513965
13513924	13513970
13513924	13513975
13513924	13513984
13513924	13513989
13513924	13514038
13513924	13514041
13513924	13514045
13513924	13514048
13513924	13520721
13513925	13511950
13513926	13513707
13513927	9066325
13513928	5288793
13513930	13511573
13513931	13507636
13513932	11287040
13513933	6991464
13513934	13507632
13513935	11306244
13513936	7802384
13513937	13513707
13513938	13513924
13513939	13511504
13513940	5119955
13513941	13507624
13513942	13513707
13513943	13513924
13513944	13511499
13513945	7000864
13513945	7904379
13513945	7904380
13513945	13511253
13513945	13516051
13513945	13516055
13513945	13516059
13513946	11280535
13513947	13513706
13513948	376990
13513949	13513706
13513950	13507618
13513951	11788014
13513952	13513924
13513953	9138465
13513954	8988268
13513955	13508264
13513956	13508264
13513957	13513924
13513958	906870
13513959	9105909
13513960	13513924
13513961	498979
13513962	13508270
13513963	11014317
13513964	13508270
13513965	13513924
13513966	3918558
13513967	11933305
13513969	13508279
13513970	13513924
13513971	13508281
13513972	13513705
13513973	12203805
13513973	13520479
13513974	7185640
13513975	13513924
13513976	13508283
13513977	8024050
13513978	13508286
13513979	9142700
13513979	13586146
13513980	13509506
13513980	13513982
13513981	370734
13513982	13513980
13513983	370734
13513984	13513924
13513985	13513541
13513986	13513488
13513987	13513703
13513988	13513260
13513989	13513924
13513990	13513260
13513991	13508306
13513992	11238852
13513993	13513702
13513994	13513260
13513995	2244992
13513996	11275552
13513996	13514005
13513997	1409179
13513998	3619119
13513999	3481068
13514000	10444150
13514000	13514340
13514001	7854797
13514002	10444150
13514002	13514338
13514003	7532091
13514004	5157879
13514005	13513996
13514005	13514332
13514006	13513701
13514007	5157879
13514008	2600270
13514009	13513701
13514010	2600269
13514011	7778871
13514012	1894406
13514013	1894406
13514014	11973120
13514015	9083634
13514016	5923794
13514019	9279438
13514020	13513545
13514021	13513545
13514022	10008999
13514023	13513693
13514024	10008996
13514024	13798163
13514025	13513490
13514025	13513545
13514026	10629062
13514027	13514028
13514028	13514027
13514029	13513690
13514030	7216506
13514032	13513716
13514033	12809406
13514034	13513690
13514035	11147610
13514036	11987933
13514037	7764110
13514038	13513924
13514039	11987933
13514040	13513688
13514041	13513924
13514042	11359087
13514043	458556
13514044	375726
13514045	13513924
13514047	13513387
13514047	13555377
13514047	13555812
13514048	13513924
13514049	1946718
13514049	2983934
13514049	5718227
13514049	7325954
13514049	13513379
13514050	2340479
13514051	1946719
13514052	2340479
13514053	11441584
13514054	12231156
13514054	13513342
13514055	13513688
13514056	13514062
13514056	13514065
13514056	13514067
13514056	13514070
13514056	13514071
13514056	13514073
13514056	13514080
13514056	13514083
13514056	13514089
13514056	13514093
13514056	13514095
13514056	13514097
13514056	13514099
13514056	13514101
13514056	13514104
13514056	13514106
13514061	13513336
13514062	13514056
13514063	13513336
13514063	13514088
13514064	6072206
13514064	13513336
13514065	13514056
13514066	6072206
13514066	6323942
13514066	13513336
13514067	13514056
13514068	11413866
13514069	9475213
13514070	13514056
13514071	13514056
13514072	13484898
13514072	13691300
13514073	13514056
13514074	10729916
13514074	12091249
13514074	12091250
13514074	13513245
13514074	13518409
13514074	13518412
13514075	11277544
13514076	9487632
13514076	13512977
13514077	13513664
13514078	9487632
13514078	13512977
13514078	13514081
13514079	6629422
13514080	13514056
13514081	13512977
13514081	13514078
13514082	4793343
13514083	13514056
13514083	13514095
13514084	5471660
13514085	5243174
13514086	1887651
13514086	2501683
13514087	13513664
13514088	5851923
13514088	13514063
13514089	13514056
13514091	13348980
13514092	13513664
13514093	13514056
13514094	13393205
13514095	13514056
13514095	13514083
13514096	7900452
13514097	13514056
13514097	13514104
13514098	4834989
13514099	13514056
13514100	2781743
13514101	13514056
13514102	13513660
13514103	10338917
13514104	13514056
13514104	13514097
13514105	13513660
13514106	13514056
13514107	13484336
13514107	13484338
13514107	13493256
13514108	13513659
13514109	13484339
13514109	13493255
13514110	13513659
13514111	13493250
13514112	13514114
13514112	13514116
13514112	13514117
13514112	13514120
13514112	13514123
13514112	13514124
13514112	13514126
13514112	13514127
13514112	13514129
13514112	13514134
13514112	13514137
13514112	13514138
13514112	13514141
13514112	13514145
13514112	13514148
13514112	13514151
13514113	13492891
13514114	13514112
13514115	11043923
13514116	13514112
13514117	13514112
13514118	13514119
13514119	13514118
13514120	13514112
13514121	13514122
13514122	13514121
13514123	13514112
13514124	13514112
13514125	12418197
13514126	13514112
13514127	13514112
13514127	13514137
13514128	12415867
13514129	13514112
13514130	13514131
13514131	13514130
13514132	13491790
13514133	12428197
13514134	13514112
13514135	12428195
13514136	12440708
13514137	13514112
13514137	13514127
13514138	13514112
13514139	12451194
13514140	13513490
13514140	13513545
13514141	13514112
13514142	12450856
13514143	1348276
13514144	1381450
13514145	13514112
13514146	12721509
13514146	12721510
13514146	13312367
13514147	5567907
13514148	13514112
13514149	12472527
13514150	1737321
13514151	13514112
13514152	13514155
13514152	13514157
13514153	1958989
13514154	12470963
13514155	13514152
13514156	1930009
13514157	13514152
13514158	5630880
13514159	5550450
13514160	2027432
13514161	1376209
13514162	7077643
13514163	9069162
13514163	13656258
13514164	3697740
13514165	3697740
13514166	3697740
13514166	13723468
13514166	13723469
13514167	9157916
13514168	9548631
13514168	13697377
13514168	13697379
13514169	13514170
13514169	13514237
13514169	13514238
13514170	13514169
13514171	10619145
13514171	13514172
13514172	13514171
13514173	13514174
13514173	13514178
13514174	13514173
13514175	13514176
13514175	13514245
13514176	13514175
13514177	5557697
13514178	13514173
13514179	13514181
13514179	13514241
13514180	11232708
13514181	13514179
13514182	11424847
13514183	13512661
13514184	13512661
13514185	12689425
13514186	3330995
13514186	13368168
13514186	13512647
13514187	13514190
13514187	13514192
13514187	13514242
13514188	7712784
13514189	13511992
13514190	13514187
13514191	13511992
13514192	13514187
13514193	13511713
13514194	13511713
13514195	13511136
13514196	13511115
13514197	13511105
13514198	13511103
13514199	12859202
13514199	13511091
13514200	13509522
13514200	13509532
13514201	9157323
13514202	13511138
13514203	9060281
13514204	7786982
13514205	2365360
13514205	6051492
13514205	7154310
13514205	9122738
13514206	10751126
13514207	5938315
13514207	6363052
13514208	1454247
13514209	10579686
13514209	12216268
13514209	13514365
13514209	13524939
13514209	13525493
13514209	13529668
13514209	13529670
13514209	13529955
13514209	13531106
13514210	13514212
13514210	13514221
13514211	12859202
13514211	13511091
13514212	13514210
13514212	13514339
13514212	13514341
13514212	13514342
13514213	11356365
13514213	13514418
13514214	4945719
13514214	13514216
13514214	13514217
13514215	5752113
13514215	13514349
13514215	13514351
13514215	13514352
13514215	13514356
13514215	13524932
13514215	13524934
13514216	13514214
13514217	13514214
13514218	5752113
13514218	13514357
13514218	13514358
13514218	13514360
13514218	13514361
13514218	13524932
13514218	13524934
13514219	7890072
13514220	4879941
13514220	4897189
13514220	5108115
13514220	13514343
13514220	13514345
13514220	13514348
13514220	13524927
13514220	13524929
13514220	13525491
13514220	13527138
13514220	13529667
13514220	13529951
13514220	13531101
13514221	13514210
13514221	13514334
13514221	13514335
13514221	13514336
13514222	3536385
13514222	13514323
13514222	13514324
13514222	13514327
13514222	13524923
13514222	13524925
13514222	13529666
13514222	13529950
13514222	13531087
13514223	11398586
13514224	11435327
13514225	1966430
13514225	7702280
13514225	7762308
13514225	12562233
13514226	13514228
13514227	2944016
13514227	3413914
13514227	5823701
13514227	11166717
13514227	13514291
13514227	13514294
13514227	13514296
13514227	13514299
13514227	13524920
13514227	13525490
13514227	13527132
13514227	13529022
13514227	13529665
13514227	13529939
13514227	13529940
13514227	13531070
13514227	13531076
13514228	13514226
13514229	11397965
13514230	3330995
13514230	3338549
13514230	3470468
13514230	13368168
13514230	13467400
13514231	13514232
13514232	13514231
13514233	5373420
13514233	8367575
13514233	8367737
13514233	8367738
13514233	11170138
13514233	13281496
13514233	13514279
13514233	13514281
13514233	13514283
13514233	13524917
13514233	13524919
13514233	13525488
13514233	13525489
13514233	13527131
13514233	13529664
13514233	13529928
13514233	13531060
13514233	13531064
13514234	13511994
13514235	9066169
13514236	5155007
13514236	12950619
13514237	13514169
13514238	13514169
13514239	8952597
13514239	13529150
13514240	8952597
13514240	13528137
13514240	13529150
13514241	13514179
13514241	13514321
13514242	13514187
13514243	8952597
13514245	13514175
13514246	9472996
13514246	13638868
13514247	11688675
13514247	13533479
13514248	8784231
13514248	13594467
13514249	13512382
13514249	13514285
13514250	13512382
13514250	13514286
13514251	8376245
13514252	13514253
13514253	13514252
13514254	13512379
13514254	13514287
13514255	1825013
13514256	1825013
13514256	13784447
13514256	13784452
13514257	13512379
13514257	13514289
13514258	1825013
13514259	11398597
13514260	9465078
13514261	13514263
13514262	13512378
13514262	13514290
13514262	13820615
13514263	13514261
13514264	13512378
13514264	13514292
13514264	13820615
13514265	13667218
13514266	13512401
13514266	13514298
13514267	13512401
13514267	13514300
13514268	13512377
13514268	13514276
13514269	13512377
13514269	13514275
13514270	13512377
13514270	13514276
13514271	13512377
13514271	13514275
13514272	13512376
13514272	13514280
13514273	13512376
13514273	13514278
13514274	12847268
13514275	13512377
13514275	13514269
13514275	13514271
13514276	13512377
13514276	13514268
13514276	13514270
13514277	12209037
13514278	13512376
13514278	13514273
13514279	8367737
13514279	13514233
13514280	13512376
13514280	13514272
13514281	8367738
13514281	13514233
13514282	13512408
13514282	13514305
13514283	13514233
13514284	13512408
13514284	13514307
13514285	13512382
13514285	13514249
13514286	13512382
13514286	13514250
13514287	13512379
13514287	13514254
13514288	10009779
13514288	13514420
13514288	13514421
13514289	13512379
13514289	13514257
13514290	13514262
13514291	13514227
13514292	13514264
13514293	13512499
13514294	13514227
13514295	13512499
13514296	13514227
13514297	1621541
13514297	13514317
13514297	13514318
13514297	13555371
13514297	13674402
13514298	13512401
13514298	13514266
13514298	13524185
13514298	13524186
13514299	13514227
13514300	13512401
13514300	13514267
13514301	13094929
13514302	13514309
13514303	2639502
13514303	8397160
13514303	8397161
13514303	12246493
13514303	13514308
13514303	13514312
13514304	13512380
13514304	13514313
13514305	13514282
13514306	13512380
13514306	13514314
13514307	13514284
13514308	2639502
13514308	8397162
13514308	12246493
13514308	13514303
13514308	13514312
13514309	13514302
13514310	13512486
13514310	13514315
13514311	9455712
13514312	8397160
13514312	13514303
13514312	13514308
13514312	13518428
13514313	13512380
13514313	13514304
13514314	13512380
13514314	13514306
13514314	13552014
13514314	13552015
13514315	13514310
13514316	11809377
13514317	13514297
13514317	13674402
13514318	13514297
13514318	13674402
13514319	9351961
13514320	1561511
13514320	1561642
13514320	1621541
13514320	2833629
13514320	13674402
13514321	13514241
13514322	13513658
13514323	13514222
13514323	13514327
13514324	13514222
13514324	13514327
13514325	13513658
13514326	13514328
13514327	13514222
13514327	13514323
13514327	13514324
13514328	13514326
13514329	13514330
13514330	13514329
13514331	13513657
13514332	13514005
13514333	13513656
13514334	13514221
13514335	13514221
13514336	13514221
13514337	3344838
13514337	13514362
13514337	13524592
13514337	13524912
13514337	13524913
13514337	13525487
13514337	13527128
13514337	13529021
13514337	13529662
13514337	13529663
13514337	13529927
13514337	13531057
13514338	13514002
13514339	13514212
13514339	13514342
13514340	13514000
13514341	13514212
13514342	13514212
13514342	13514339
13514343	13514220
13514344	3536385
13514345	13514220
13514346	6988636
13514346	13514363
13514346	13514380
13514346	13524591
13514346	13524910
13514346	13524911
13514346	13525486
13514346	13527117
13514346	13527120
13514346	13529018
13514346	13529661
13514346	13529923
13514346	13531053
13514346	13598369
13514347	3536385
13514348	13514220
13514349	13514215
13514350	4792238
13514350	13514354
13514351	13514215
13514352	13514215
13514353	5131303
13514353	13522901
13514354	13514350
13514355	5131303
13514355	13523831
13514355	13524909
13514355	13527116
13514355	13529660
13514355	13531051
13514356	13514215
13514357	13514218
13514358	13514218
13514359	3657180
13514359	13514603
13514359	13515459
13514359	13515886
13514359	13524590
13514359	13524908
13514359	13527107
13514359	13527108
13514359	13529015
13514359	13529654
13514359	13529922
13514359	13531046
13514359	13579971
13514359	13588302
13514360	13514218
13514361	13514218
13514362	13514337
13514362	13518248
13514362	13518249
13514362	13524592
13514363	13514346
13514363	13514380
13514363	13518246
13514363	13524591
13514364	13513652
13514365	10579684
13514365	10579686
13514365	12216268
13514365	13514209
13514366	13512383
13514366	13514368
13514366	13514371
13514367	13512383
13514367	13514369
13514367	13514372
13514368	13514366
13514368	13518236
13514369	13514367
13514369	13518232
13514370	2669698
13514370	2669699
13514370	4789196
13514370	7088162
13514371	13514366
13514371	13518233
13514372	13514367
13514372	13518220
13514373	13502511
13514373	13514376
13514373	13820616
13514374	13513650
13514375	13502511
13514375	13514377
13514375	13820616
13514376	13514373
13514376	13518219
13514377	13514375
13514377	13518217
13514378	8794745
13514379	8794745
13514380	13514346
13514380	13514363
13514380	13524591
13514381	13513619
13514382	13513620
13514383	13513623
13514384	13513625
13514386	13513628
13514387	5406566
13514388	13513630
13514389	13513631
13514390	13513627
13514391	7027274
13514391	7903847
13514391	8643709
13514392	13513616
13514397	13555886
13514397	13555889
13514399	13514400
13514400	13514399
13514401	13514444
13514401	13514446
13514402	13514403
13514402	13514407
13514402	13514408
13514402	13514409
13514402	13514413
13514402	13514426
13514403	13514402
13514403	13514407
13514403	13514408
13514403	13516172
13514404	13514406
13514405	13485990
13514406	13514404
13514406	13514423
13514406	13514424
13514407	13514402
13514407	13514403
13514407	13514426
13514407	13516172
13514407	13528870
13514408	13514402
13514408	13514403
13514408	13514426
13514408	13516172
13514409	13514402
13514410	13514411
13514411	13514410
13514412	13513614
13514413	13514402
13514413	13528870
13514414	13513613
13514415	13514416
13514416	13514415
13514416	13728555
13514417	13513612
13514418	13514213
13514418	13518215
13514419	13174458
13514420	13514288
13514421	13514288
13514421	13518212
13514421	13518214
13514422	11295889
13514422	13514429
13514423	13514406
13514423	13518201
13514423	13518203
13514424	13514406
13514424	13518201
13514424	13518203
13514425	1643516
13514425	13523860
13514426	13514402
13514426	13514407
13514426	13514408
13514426	13518189
13514427	11233092
13514428	13513591
13514429	13514422
13514429	13518185
13514430	11648585
13514430	13518162
13514431	13513591
13514432	11648586
13514433	3293471
13514434	11648586
13514434	13518152
13514435	13514436
13514435	13514437
13514435	13514438
13514435	13514439
13514435	13514440
13514435	13514441
13514435	13514442
13514435	13514507
13514435	13514509
13514435	13514511
13514435	13514512
13514435	13514514
13514435	13514516
13514435	13514518
13514435	13514519
13514435	13514521
13514436	13514435
13514437	13514435
13514438	13514435
13514439	13514435
13514440	13514435
13514441	13514435
13514442	13514435
13514443	13514455
13514444	13514401
13514446	13514401
13514446	13518129
13514447	13514450
13514447	13514452
13514448	12849602
13514449	12849602
13514450	13514447
13514451	7782988
13514452	13514447
13514453	13514454
13514453	13514456
13514454	13514453
13514455	13514443
13514456	13514453
13514457	13514459
13514457	13514460
13514458	11480973
13514458	13518063
13514459	13514457
13514459	13518080
13514460	13514457
13514461	13514462
13514461	13514463
13514462	13514461
13514463	13514461
13514463	13518079
13514464	12746926
13514464	13518040
13514464	13518047
13514466	8654597
13514466	11134376
13514466	13699334
13514468	13518026
13514470	13518021
13514471	13518018
13514476	11134369
13514478	13435298
13514478	13517999
13514478	13518002
13514479	13435298
13514479	13517993
13514481	13505693
13514482	13516352
13514490	13234496
13514501	13514506
13514502	13514505
13514503	13514504
13514504	13514503
13514505	13514502
13514506	13514501
13514507	13514435
13514508	13505663
13514509	13514435
13514510	13505638
13514511	13514435
13514512	13514435
13514513	13503432
13514514	13514435
13514515	13503137
13514516	13514435
13514517	13503137
13514518	13514435
13514519	13514435
13514520	13501278
13514521	13514435
13514522	13501253
13514523	13501252
13514524	13501246
13514525	13501212
13514526	13501094
13514527	13500944
13514528	13498908
13514529	11363142
13514529	13516548
13514531	13497080
13514532	11421677
13514532	13516547
13514532	13658235
13514533	13496685
13514534	9232711
13514535	9232711
13514536	13496681
13514537	13496672
13514538	13496002
13514539	13495993
13514540	13495990
13514541	13495990
13514542	13495981
13514543	13495981
13514544	13495977
13514545	13495937
13514546	13495937
13514547	13495909
13514548	13495907
13514549	13495883
13514549	13508087
13514550	3456365
13514551	13512693
13514551	13531119
13514552	13495400
13514553	13495393
13514554	13495054
13514554	13495374
13514555	13514556
13514556	13514555
13514557	13514558
13514558	13514557
13514559	13514560
13514560	13514559
13514561	13495053
13514562	13495052
13514563	13514564
13514564	13514563
13514564	13528963
13514565	13495038
13514566	13514568
13514568	13514566
13514569	13495030
13514570	13495030
13514571	13495030
13514572	13514575
13514573	13495027
13514574	13495026
13514575	13514572
13514575	13543226
13514575	13543227
13514575	13543228
13514576	13495015
13514577	13514580
13514578	13493649
13514579	13493649
13514580	13514577
13514581	13493256
13514582	13514585
13514583	13484339
13514583	13493255
13514585	13514582
13514586	13493251
13514586	13493252
13514588	13514594
13514589	13492891
13514590	13492891
13514591	13492793
13514592	13491790
13514592	13531402
13514592	13531403
13514592	13531404
13514594	13514588
13514595	13491790
13514596	13514599
13514599	13514596
13514602	8341175
13514603	13514359
13514603	13524590
13514603	13529922
13514604	13514609
13514605	13170816
13514608	13596019
13514609	13514604
13514610	13514611
13514611	13514610
13514611	13537589
13514611	13537590
13514611	13537591
13514612	13514613
13514613	13514612
13514613	13591583
13514613	13591584
13514614	13514615
13514615	13514614
13514616	13514617
13514617	13514616
13514618	13514619
13514619	13514618
13514620	13514621
13514621	13514620
13514622	13514623
13514623	13514622
13514623	13545855
13514623	13545856
13514623	13545858
13514624	13514625
13514625	13514624
13514626	13514627
13514627	13514626
13514628	13514629
13514629	6787811
13514629	13514628
13514630	13514631
13514631	13514630
13514632	13505693
13514633	13514635
13514634	13505693
13514635	13514633
13514636	13505690
13514637	13514638
13514638	13514637
13514639	13514641
13514640	13505673
13514641	13514639
13514642	13514643
13514643	13514642
13514644	13505663
13514645	13505655
13514646	13505655
13514647	13505654
13514647	13511552
13514648	13505654
13514648	13511552
13514649	13514650
13514650	13514649
13514651	13505638
13514652	13514654
13514653	13505638
13514654	13514652
13514655	13505499
13514656	13514657
13514657	13514656
13514658	13505492
13514659	13514661
13514660	13505492
13514661	13514659
13514662	13514665
13514663	13504528
13514664	13504528
13514665	13514662
13514666	13504525
13514667	13514670
13514668	13503468
13514669	13503463
13514670	13514667
13514670	13543200
13514670	13543201
13514670	13543202
13514671	13514673
13514672	13503452
13514673	13514671
13514674	13514677
13514675	13503432
13514676	13503432
13514677	13514674
13514678	13514681
13514679	13503432
13514680	13503432
13514681	13514678
13514682	13503137
13514683	13503137
13514684	13503119
13514685	13503093
13514686	13501278
13514687	13501278
13514688	13501278
13514689	13501278
13514690	13501272
13514690	13514691
13514691	13501272
13514691	13514690
13514692	13501268
13514692	13581563
13514693	13501268
13514694	13501253
13514695	13501252
13514696	13501252
13514697	13501246
13514698	13501243
13514699	13501212
13514700	13501211
13514701	13501094
13514702	13500944
13514703	13500944
13514704	3537644
13514705	13500943
13514706	13500943
13514707	6068
13514707	1783778
13514708	13500923
13514709	6068
13514709	36584
13514709	442070
13514709	824719
13514709	832927
13514709	3078820
13514710	13500923
13514711	11837650
13514712	9433052
13514713	6559036
13514714	13499423
13514715	13498962
13514716	13498939
13514717	13498938
13514718	13498937
13514718	13511976
13514719	13498936
13514720	13498920
13514721	13498916
13514722	13498908
13514723	13497777
13514724	13497765
13514724	13833954
13514724	13833956
13514725	13497080
13514726	13496702
13514726	13576510
13514727	13496702
13514727	13576510
13514728	13496685
13514729	13496681
13514730	13496681
13514731	13496672
13514732	13496006
13514733	13496002
13514734	13495993
13514735	13495990
13514736	13495990
13514737	13495990
13514738	13495981
13514739	13495981
13514740	13495977
13514741	13495937
13514742	13495909
13514743	13495909
13514744	13495907
13514745	13495907
13514746	13495907
13514747	13495907
13514748	13495907
13514749	13495907
13514750	13495883
13514750	13508087
13514751	13495883
13514751	13508087
13514752	13495819
13514753	7610183
13514754	13495768
13514755	6165353
13514756	7525994
13514757	3656890
13514757	13691312
13514758	6836033
13514759	13495400
13514760	12574267
13514761	13495400
13514762	4940409
13514763	12416476
13514764	13495393
13514765	13495393
13514766	2723421
13514767	13495389
13514768	2748866
13514768	13592480
13514769	13495374
13514770	3698123
13514771	13495054
13514772	3074105
13514772	13624028
13514773	10235924
13514774	8025699
13514775	4802564
13514776	13495053
13514777	424322
13514777	13691324
13514778	9072177
13514779	2785811
13514780	13495052
13514781	8600662
13514781	13561381
13514782	11406487
13514783	5475912
13514784	2871507
13514785	7245018
13514786	8996116
13514787	7254546
13514788	6703800
13514789	5498796
13514790	12308581
13514791	8259861
13514792	11185864
13514793	2368139
13514794	13495038
13514795	13421043
13514796	13495038
13514797	7844282
13514798	13495030
13514799	13495027
13514800	13495027
13514801	13495026
13514802	13495026
13514804	13495015
13514805	13495014
13514806	12022049
13514807	13493649
13514808	6771928
13514809	13493649
13514810	341200
13514811	353743
13514812	396871
13514813	7635794
13514814	13493263
13514815	11390288
13514816	10094252
13514817	5952379
13514818	13493261
13514818	13493262
13514818	13817861
13514819	13308875
13514820	3581988
13514821	13484332
13514821	13493259
13514821	13495546
13514822	13493256
13514823	13484339
13514823	13493255
13514824	13493253
13514824	13636331
13514825	13493252
13514826	13493252
13514827	13493252
13514828	13493252
13514829	13493251
13514830	13493251
13514831	13512981
13514831	13512986
13514832	13493250
13514833	13492891
13514835	13491790
13514836	1286389
13514836	13514837
13514836	13679694
13514837	13514836
13514838	13491713
13514841	10043383
13514842	10771206
13514843	13125232
13514844	10518720
13514845	6497453
13514846	6651801
13514847	3721688
13514848	6349604
13514848	13557287
13514850	1590
13514850	1560686
13514850	6375076
13514851	9023349
13514852	11327091
13514853	5318290
13514853	5318981
13514854	6842267
13514855	10153104
13514856	10153104
13514857	10358089
13514858	7006840
13514859	7006840
13514860	7460655
13514861	12960640
13514862	9000275
13514863	7581671
13514864	3690532
13514865	5655213
13514866	13514867
13514866	13514868
13514867	13514866
13514868	13514866
13514869	12007231
13514871	5218111
13514872	6618223
13514873	4918757
13514873	13618531
13514874	995596
13514875	6794110
13514876	1991584
13514877	5966648
13514878	4766442
13514879	4327186
13514880	4327186
13514881	5113618
13514882	8932292
13514883	8557765
13514884	5190223
13514885	9933248
13514886	8398062
13514888	5157572
13514889	4597045
13514890	1677388
13514891	2432835
13514892	8851675
13514893	3953479
13514894	5878807
13514895	3574149
13514896	2590322
13514897	2632901
13514898	8740521
13514898	13700387
13514899	6176417
13514900	7391258
13514900	9530265
13514901	753595
13514902	11224354
13514903	5341241
13514904	6541098
13514904	13422101
13514905	12533347
13514906	2653170
13514907	3383358
13514908	917497
13514909	8430296
13514909	13678400
13514910	12452015
13514911	10084393
13514912	948635
13514913	2815195
13514914	5843441
13514915	1685762
13514915	1685909
13514915	1772299
13514915	1926707
13514915	3690589
13514915	10244464
13514915	10752331
13514915	13514935
13514915	13515824
13514915	13515826
13514916	12009842
13514916	12009845
13514916	12009848
13514916	12009855
13514916	12009872
13514917	3976802
13514918	5546502
13514919	6274316
13514919	6622295
13514919	9710652
13514920	3522488
13514921	3721430
13514922	2252561
13514922	2269503
13514922	2478115
13514922	2478120
13514922	2524114
13514922	2616186
13514922	2900860
13514922	2900861
13514922	4301739
13514922	7771338
13514922	8622451
13514922	9116971
13514922	11250064
13514923	6998871
13514924	412352
13514925	3721430
13514926	10690548
13514927	3345005
13514928	9434706
13514929	908346
13514930	5570753
13514931	4990651
13514932	8609170
13514933	10242182
13514934	7657551
13514935	13514915
13514935	13515824
13514935	13515826
13514936	4797754
13514937	3560508
13514938	6314494
13514939	1793139
13514941	4550684
13514941	13580682
13514942	7915840
13514943	7914680
13514944	5305207
13514945	7581241
13514946	10574980
13514947	7583928
13514948	4234721
13514949	4182607
13514950	1540959
13514951	9176143
13514952	13076220
13514953	12967588
13514954	13501833
13514955	11172385
13514956	13308593
13514957	13458715
13514958	12653317
13514959	4597238
13514960	1953795
13514961	7442536
13514962	11604517
13514963	12421635
13514964	12106876
13514965	10849012
13514966	6151504
13514967	11190501
13514968	8929739
13514969	11344184
13514970	12417937
13514972	12125730
13514972	13822768
13514973	5816341
13514974	4282346
13514975	11002445
13514976	3073589
13514977	11247604
13514978	8812248
13514979	10121926
13514980	2878393
13514981	10810702
13514982	11835272
13514983	758713
13514984	7993513
13514985	7003179
13514986	9163912
13514987	13515001
13514987	13515089
13514988	6533495
13514989	13504361
13514990	12107029
13514991	10849050
13514992	6151512
13514993	13504361
13514994	8929759
13514995	11344421
13514996	12417978
13514997	12125827
13514998	12734235
13514999	12734235
13515000	5816346
13515001	13514987
13515002	5341000
13515002	10508449
13515003	12619946
13515004	5879765
13515005	2251684
13515006	5943825
13515006	13552599
13515006	13647307
13515007	5397497
13515008	9443384
13515009	10696173
13515010	3036498
13515011	10170288
13515012	10696173
13515013	2247210
13515014	6578499
13515015	13515034
13515015	13515042
13515016	9016302
13515017	4813859
13515018	13513746
13515019	8743549
13515020	8053110
13515021	8743549
13515022	13513746
13515023	13515025
13515024	8588171
13515025	13515023
13515025	13531627
13515026	7781009
13515027	1984454
13515028	3522194
13515029	8977229
13515030	12873458
13515031	4865296
13515032	6360684
13515032	13607478
13515033	4810432
13515034	13515015
13515035	8067251
13515037	1881828
13515037	1881851
13515037	2860598
13515037	12466870
13515038	12267838
13515039	5129512
13515040	1881803
13515040	2660177
13515040	11791766
13515040	13517986
13515041	3428915
13515042	13515015
13515043	3876844
13515044	1881803
13515044	13517983
13515045	11599441
13515046	2773970
13515047	13515049
13515047	13515053
13515048	8932290
13515049	13515047
13515050	10959852
13515052	2590624
13515053	13515047
13515054	12692639
13515055	1749892
13515056	6948024
13515057	901620
13515057	929820
13515057	1256178
13515057	2310107
13515057	2658752
13515057	2658754
13515057	4143053
13515057	5290840
13515057	5552514
13515057	9364617
13515057	9831499
13515057	10119095
13515058	13515072
13515058	13515087
13515058	13515088
13515059	7863092
13515060	6591714
13515061	6800637
13515062	13181532
13515063	12784859
13515065	6310929
13515066	2717487
13515067	10355652
13515068	10355652
13515069	12577498
13515070	7244687
13515071	7296675
13515071	13688994
13515072	13515058
13515073	8561556
13515074	13515794
13515075	9210652
13515075	13577425
13515076	5516816
13515077	7784043
13515078	6208896
13515079	4392167
13515079	4394759
13515079	10614774
13515079	13515080
13515080	4392167
13515080	4394759
13515080	10614774
13515080	13515079
13515081	13515082
13515081	13515084
13515082	13515081
13515083	13515090
13515084	13515081
13515084	13516330
13515084	13516332
13515085	6662869
13515085	7245998
13515085	13516324
13515086	6662869
13515086	7245999
13515086	13516322
13515087	13515058
13515087	13516320
13515088	13515058
13515088	13516316
13515089	13514987
13515089	13516313
13515090	13515083
13515092	31195
13515095	13515197
13515096	13565323
13515096	13567099
13515096	13567101
13515104	7814186
13515106	13515108
13515108	13515106
13515111	4032433
13515112	13531626
13515113	13531626
13515114	2654544
13515114	2654546
13515114	2654548
13515123	11871527
13515123	13515822
13515124	3884336
13515125	6967270
13515126	385115
13515127	1679832
13515131	8967499
13515133	13515134
13515134	13515133
13515136	5654674
13515138	11112169
13515140	11541603
13515142	5086102
13515143	6503
13515143	257643
13515143	695876
13515143	1122882
13515143	2988176
13515143	6872982
13515144	9314126
13515149	4613165
13515151	10598486
13515153	6166393
13515154	6199086
13515156	6439079
13515156	6452879
13515156	13515820
13515156	13515821
13515157	3691606
13515157	13816829
13515159	4248181
13515161	8439914
13515162	11514607
13515163	4015432
13515163	4289171
13515164	6292270
13515165	8693883
13515166	6918897
13515166	13515816
13515166	13515817
13515166	13515818
13515166	13515819
13515167	446101
13515168	2259546
13515169	5924702
13515170	2259545
13515170	2259546
13515170	9121467
13515170	13515171
13515170	13515813
13515170	13515814
13515171	2259545
13515171	2259546
13515171	13515170
13515172	2731557
13515173	2348911
13515174	3686498
13515175	6859194
13515176	10152978
13515177	13563727
13515178	938850
13515179	11188265
13515179	13516091
13515179	13516092
13515180	12683535
13515181	3782883
13515182	1257639
13515183	8562603
13515184	13515185
13515185	13515184
13515186	8302544
13515187	5357220
13515188	5116819
13515189	10759788
13515190	5357220
13515191	1969870
13515192	7914309
13515193	6856144
13515193	13530070
13515194	10607057
13515194	10607058
13515195	6007735
13515196	10515038
13515197	13515095
13515198	4461255
13515198	13679857
13515199	7497221
13515200	4534295
13515201	13250591
13515203	2655591
13515204	5654143
13515205	3478902
13515206	2139001
13515207	1953847
13515208	4026679
13515209	860697
13515210	11017588
13515211	13109212
13515212	5861047
13515213	9706158
13515214	3093909
13515215	8136173
13515216	5148916
13515217	1533118
13515218	7487061
13515219	5919467
13515220	7787098
13515221	11153308
13515222	5600821
13515223	5933427
13515224	2234894
13515225	4534320
13515226	3478928
13515227	2139347
13515228	1953891
13515229	4026687
13515230	860718
13515231	5861075
13515231	13603145
13515232	8136278
13515233	5148969
13515234	7487247
13515235	5919483
13515236	9042841
13515237	11535900
13515238	7747668
13515239	9675302
13515240	3282148
13515241	5600861
13515241	5600863
13515242	7737120
13515243	2235106
13515244	12342966
13515245	11154324
13515246	10620563
13515247	3210378
13515247	3716400
13515248	3029572
13515249	11892550
13515250	2358668
13515251	5680058
13515252	8366709
13515253	11104862
13515254	1622
13515256	7385285
13515257	1219168
13515258	16255
13515259	4981467
13515259	13603167
13515260	8926029
13515262	10930375
13515263	13515266
13515264	10851929
13515265	8613682
13515266	13515263
13515266	13515458
13515266	13681521
13515267	9836306
13515268	8793199
13515269	1984321
13515270	6360699
13515271	11450970
13515272	5641941
13515272	13524773
13515273	7506105
13515274	13301284
13515275	7364047
13515276	13515281
13515278	242777
13515278	3018834
13515279	242777
13515279	3018834
13515280	242777
13515280	3018834
13515280	13516308
13515281	13515276
13515282	13515284
13515283	7127074
13515284	13515282
13515285	13515289
13515286	7737120
13515287	2988008
13515288	6543279
13515289	13515285
13515290	6038056
13515291	8926029
13515292	5258849
13515293	4757420
13515294	5363792
13515295	1261173
13515296	5428775
13515297	4625687
13515298	4625687
13515299	1664589
13515300	8088331
13515301	8088331
13515302	5935550
13515303	924388
13515304	4568788
13515305	1164728
13515306	9934662
13515306	13530038
13515307	6002603
13515308	2315284
13515308	2422017
13515308	2422018
13515308	4841461
13515308	11675031
13515308	11684475
13515308	12082257
13515308	13516296
13515309	3551104
13515310	9749398
13515311	3058638
13515312	371341
13515313	4752360
13515314	9251400
13515315	1269183
13515316	13515318
13515317	6001889
13515318	13515316
13515319	4371961
13515320	6414591
13515321	5309576
13515322	4656019
13515323	6423369
13515324	7320471
13515325	7127074
13515326	7377538
13515327	6422070
13515328	6422070
13515329	5750669
13515330	6422070
13515331	13122492
13515332	6419757
13515333	1251614
13515334	1251614
13515335	559933
13515336	6419757
13515337	6419757
13515338	4164681
13515339	11747807
13515340	13147808
13515341	7291791
13515342	2049480
13515343	3309683
13515343	13816825
13515344	370916
13515345	6419847
13515346	719188
13515347	12152986
13515348	6729951
13515349	8416483
13515350	8416483
13515351	6583841
13515352	6583841
13515353	1372945
13515354	11635070
13515355	12946805
13515356	12946805
13515357	461859
13515358	12107870
13515359	12107870
13515360	9823043
13515360	9823496
13515361	11962349
13515362	3744273
13515363	7470383
13515364	9947469
13515364	9947482
13515365	371316
13515366	9165328
13515367	9822008
13515367	9822009
13515368	9822008
13515368	9822009
13515369	9822008
13515369	9822009
13515370	616425
13515371	7406743
13515372	32237
13515373	7406568
13515374	7384422
13515375	7384421
13515376	2541269
13515376	13520607
13515377	7384412
13515378	9814682
13515378	9814684
13515379	6518568
13515380	8792492
13515381	6651067
13515382	10444629
13515383	10444629
13515384	7407110
13515385	10954018
13515386	802935
13515387	6437730
13515388	8403204
13515388	8403206
13515389	4411156
13515390	13315265
13515391	1936562
13515392	13329892
13515393	3061432
13515394	12259760
13515395	11628371
13515396	13481973
13515396	13515774
13515397	2920519
13515398	11656195
13515398	13631764
13515399	12142733
13515400	13481976
13515400	13515777
13515401	13344401
13515402	1543170
13515403	13481985
13515403	13515776
13515404	12849654
13515405	13481986
13515405	13515769
13515406	11466503
13515407	3918459
13515407	13631754
13515408	11075533
13515408	13515773
13515408	13516291
13515409	13481981
13515409	13515774
13515409	13516292
13515410	13515411
13515410	13515773
13515410	13516289
13515411	13515410
13515411	13515457
13515412	13481984
13515412	13515770
13515412	13516287
13515413	13481988
13515413	13515769
13515413	13516284
13515414	18799
13515414	572733
13515414	572950
13515414	868316
13515414	4356258
13515414	4363868
13515414	4364155
13515414	13515768
13515414	13516282
13515415	18799
13515415	572733
13515415	572950
13515415	868316
13515415	4356258
13515415	4363868
13515415	4364155
13515415	13515767
13515416	18799
13515416	572733
13515416	572950
13515416	868316
13515416	4356258
13515416	4363868
13515416	4364155
13515416	13515766
13515417	18799
13515417	572733
13515417	572950
13515417	868316
13515417	4356258
13515417	4363868
13515417	4364155
13515417	13515765
13515418	6979501
13515419	10351210
13515420	7178098
13515421	7337710
13515422	130191
13515422	13515764
13515422	13516271
13515423	130191
13515423	13515764
13515423	13516267
13515424	10993761
13515425	3204404
13515425	13515809
13515425	13515810
13515425	13515811
13515426	9550208
13515426	9552227
13515426	9780111
13515426	10549206
13515427	8766498
13515428	8766496
13515429	3157840
13515430	3401941
13515430	3410053
13515430	3410054
13515430	3414120
13515430	3562277
13515430	13515762
13515430	13516259
13515431	8480434
13515432	360398
13515432	1772229
13515432	3233405
13515434	12197364
13515435	12295278
13515435	12295279
13515435	13515760
13515435	13583944
13515436	12295278
13515436	12295279
13515436	13515759
13515436	13583929
13515437	10720872
13515438	12295316
13515438	12295321
13515438	13515757
13515438	13515758
13515438	13516257
13515439	12295316
13515439	12295321
13515439	13515756
13515439	13515758
13515439	13516256
13515440	13249862
13515441	12905213
13515442	12850801
13515453	9947287
13515454	9947287
13515455	9947287
13515456	7383454
13515457	13515411
13515458	13515266
13515459	13514359
13515460	13515462
13515461	1697951
13515462	13515460
13515463	13515464
13515464	13515463
13515465	13515466
13515466	13515465
13515467	10287088
13515467	13309219
13515467	13380672
13515468	13515471
13515469	6640158
13515470	13839802
13515471	13515468
13515472	13515475
13515474	2502584
13515474	2508618
13515474	2924891
13515474	13039370
13515475	13515472
13515476	13515480
13515477	6640158
13515480	13515476
13515481	13515484
13515482	2547616
13515483	2547616
13515484	13515481
13515486	6640158
13515489	6637462
13515490	8225858
13515493	9492730
13515494	9492730
13515496	2648817
13515496	4211648
13515497	1805782
13515498	8445944
13515499	3442630
13515499	3468001
13515500	13415895
13515501	1898502
13515501	5244763
13515502	13515504
13515502	13515507
13515502	13515533
13515502	13515543
13515502	13515558
13515502	13515565
13515502	13515594
13515502	13515600
13515502	13515677
13515502	13515712
13515502	13515719
13515502	13515729
13515502	13515735
13515502	13515739
13515502	13515747
13515502	13515748
13515503	13515505
13515504	13515502
13515505	13515503
13515506	13515513
13515507	13515502
13515508	5550810
13515510	4577992
13515511	548616
13515512	4894873
13515513	13515506
13515514	4130799
13515515	13515520
13515516	11939040
13515518	2494443
13515520	13515515
13515521	4873166
13515522	13515526
13515524	892295
13515526	13515522
13515527	4724471
13515527	13557257
13515528	12481833
13515529	13515532
13515530	10688240
13515531	6306517
13515532	13515529
13515533	13515502
13515534	4364524
13515535	13515540
13515536	5169661
13515537	2289718
13515538	6848320
13515539	4779438
13515540	13515535
13515541	13515544
13515542	5356033
13515543	13515502
13515544	13515541
13515545	13515551
13515546	13515548
13515547	8602528
13515548	13515546
13515548	13515549
13515549	13515548
13515550	6787269
13515551	13515545
13515552	6787269
13515553	2289718
13515554	6785885
13515554	13560804
13515554	13560807
13515555	3431485
13515556	11078152
13515557	6785884
13515557	13560801
13515557	13560803
13515558	13515502
13515558	13515600
13515559	6444053
13515560	12717554
13515561	4266098
13515562	3431379
13515563	12717554
13515564	13515567
13515565	13515502
13515566	12717554
13515567	13515564
13515567	13515576
13515568	11394387
13515568	13516545
13515569	5369645
13515570	11454051
13515570	13516544
13515570	13582881
13515570	13582964
13515571	6050852
13515573	9321682
13515576	13515567
13515580	8334178
13515581	11293080
13515584	13515585
13515585	13515584
13515585	13515587
13515585	13528861
13515587	13515585
13515588	13515591
13515590	13515593
13515591	13515588
13515593	13515590
13515593	13517484
13515594	13515502
13515594	13515600
13515595	6265130
13515596	6265130
13515597	6265130
13515600	13515502
13515600	13515558
13515600	13515594
13515600	13515677
13515600	13515729
13515602	13839842
13515614	3073042
13515619	6103566
13515622	11946209
13515624	8852952
13515627	13598228
13515631	11724280
13515637	13435597
13515639	11995171
13515641	11861922
13515642	11643536
13515644	9421837
13515645	321497
13515646	371455
13515647	371455
13515648	1167136
13515650	1167136
13515653	11723241
13515653	11723246
13515654	11358675
13515654	13515754
13515656	11723242
13515658	11723243
13515659	9339280
13515660	9339280
13515661	9067348
13515661	13516543
13515663	11896307
13515664	13647528
13515665	9291118
13515666	417658
13515667	417658
13515669	417658
13515672	9297467
13515673	11228978
13515675	11228978
13515677	13515502
13515677	13515600
13515679	13505302
13515680	13499312
13515682	13494236
13515684	13484478
13515685	9062545
13515687	13484407
13515688	5431
13515689	13484406
13515690	11609174
13515692	1017440
13515694	5515337
13515695	13484402
13515696	1017440
13515698	372147
13515699	13484401
13515703	13426624
13515704	13477372
13515705	13426624
13515706	672099
13515708	13474891
13515710	13459866
13515711	617165
13515712	13515502
13515713	13452408
13515714	617165
13515715	13449981
13515716	8805126
13515717	13449980
13515718	7426833
13515719	13515502
13515720	13449978
13515721	407006
13515722	407006
13515723	13449977
13515724	13449975
13515725	13363114
13515725	13449973
13515726	11702584
13515727	13449951
13515728	13449949
13515728	13531394
13515728	13531396
13515729	13515502
13515729	13515600
13515730	13418774
13515730	13531389
13515731	3456894
13515732	13405666
13515732	13531386
13515732	13531387
13515732	13531388
13515733	13393131
13515733	13531384
13515733	13531385
13515734	13142913
13515734	13391081
13515735	13515502
13515736	13380426
13515737	13371253
13515737	13531376
13515737	13531377
13515738	13371252
13515739	13515502
13515740	13371253
13515741	13369827
13515741	13531374
13515742	13369821
13515742	13531371
13515743	13368977
13515744	13350017
13515744	13531369
13515745	13350016
13515745	13531369
13515746	13341313
13515747	13515502
13515748	13515502
13515749	12276323
13515750	10680663
13515750	13520161
13515750	13527122
13515751	10680663
13515751	13520162
13515751	13527118
13515752	10680663
13515752	13527123
13515753	10629002
13515753	13515775
13515754	13515654
13515754	13515755
13515754	13516252
13515754	13519630
13515755	13515754
13515755	13519630
13515756	13515439
13515757	13515438
13515758	13515438
13515758	13515439
13515759	13515436
13515760	13515435
13515761	5657834
13515761	11399990
13515761	13516541
13515761	13522081
13515761	13522083
13515762	13515430
13515762	13529818
13515763	3058028
13515763	3979740
13515763	4006422
13515763	5843020
13515763	13519627
13515764	13515422
13515764	13515423
13515765	13515417
13515766	13515416
13515767	13515415
13515768	13515414
13515769	13515405
13515769	13515413
13515770	13515412
13515771	13516249
13515771	13699333
13515772	13699333
13515773	13515408
13515773	13515410
13515774	13515396
13515774	13515409
13515774	13529769
13515775	13515753
13515775	13516248
13515776	13515403
13515777	13515400
13515778	3387698
13515778	13516242
13515779	3387698
13515779	13516244
13515780	3387698
13515780	13516245
13515781	3387698
13515781	13516235
13515782	10623023
13515782	13515798
13515782	13515799
13515783	7133216
13515784	11433870
13515785	12360584
13515786	12467548
13515787	6761127
13515788	5627772
13515789	12449872
13515790	10619541
13515790	13515791
13515790	13515792
13515790	13515793
13515791	13515790
13515792	13515790
13515792	13516230
13515793	13515790
13515793	13516225
13515794	13515074
13515795	10625755
13515795	13516217
13515796	10625755
13515796	13516220
13515796	13739025
13515797	10625755
13515797	13516215
13515798	13515782
13515798	13516207
13515798	13516209
13515799	13515782
13515799	13516204
13515799	13516205
13515800	8692469
13515800	13516200
13515801	8692469
13515801	13516199
13515802	8692470
13515802	13516198
13515803	8692470
13515803	13516197
13515804	3272777
13515804	3272778
13515804	3493518
13515804	13516151
13515804	13516155
13515805	3272778
13515805	13516139
13515805	13516144
13515806	12520942
13515806	13516131
13515806	13516133
13515806	13561276
13515807	12520942
13515807	13516123
13515807	13516124
13515808	13516120
13515809	13515425
13515809	13515811
13515810	13515425
13515811	13515425
13515811	13515809
13515811	13515812
13515812	13515811
13515813	9121467
13515813	13515170
13515814	13515170
13515815	9121467
13515816	13515166
13515817	13515166
13515818	13515166
13515819	13515166
13515820	6452879
13515820	13515156
13515820	13515821
13515821	6439079
13515821	6452879
13515821	13515156
13515821	13515820
13515822	13515123
13515823	13515825
13515823	13517482
13515824	13514915
13515824	13514935
13515824	13515826
13515825	13515823
13515826	13514915
13515826	13514935
13515826	13515824
13515827	13453654
13515828	7014108
13515828	12772242
13515828	13515831
13515828	13515832
13515828	13515833
13515828	13515835
13515828	13515836
13515828	13524905
13515828	13524906
13515828	13529652
13515828	13529919
13515828	13531043
13515829	12785467
13515829	12807555
13515830	12847980
13515831	13515828
13515832	13515828
13515833	13515828
13515834	13239438
13515835	13515828
13515836	13515828
13515837	12994637
13515837	13046309
13515837	13515838
13515837	13515839
13515837	13515840
13515837	13524903
13515837	13526695
13515837	13529650
13515837	13529918
13515837	13531039
13515838	13515837
13515839	13515837
13515840	13515837
13515840	13515841
13515840	13515848
13515841	13515840
13515841	13515848
13515842	13498600
13515843	13515844
13515844	13515843
13515844	13517481
13515846	13702325
13515848	13515840
13515848	13515841
13515848	13516115
13515848	13667756
13515849	13319790
13515850	13473856
13515851	986315
13515851	1519328
13515851	9800695
13515851	9800697
13515851	13516105
13515852	986315
13515852	1519328
13515852	9800695
13515852	13516106
13515853	986315
13515853	9800695
13515853	13516108
13515854	986315
13515854	9800695
13515854	13516112
13515855	9800695
13515855	13516103
13515856	13056769
13515857	13344054
13515857	13515860
13515857	13515861
13515857	13524899
13515857	13524900
13515857	13526687
13515857	13526688
13515857	13527101
13515857	13529012
13515857	13529648
13515857	13529649
13515857	13529915
13515857	13529916
13515857	13529917
13515857	13531032
13515857	13531033
13515858	13471343
13515858	13515859
13515858	13524898
13515858	13526681
13515858	13529647
13515858	13529914
13515858	13581733
13515859	13471343
13515859	13515858
13515859	13516101
13515859	13581733
13515860	13344054
13515860	13515857
13515860	13516098
13515860	13516099
13515861	13344054
13515861	13515857
13515861	13516096
13515861	13516097
13515862	682379
13515862	689635
13515862	690363
13515862	1044196
13515862	13516094
13515864	682379
13515864	689636
13515864	689637
13515864	690363
13515864	877402
13515864	1593740
13515864	13516090
13515866	1969808
13515866	13516083
13515867	2030033
13515868	3324315
13515869	5827336
13515869	13559702
13515870	45293
13515871	2280399
13515872	5937210
13515872	6366979
13515873	6367317
13515873	13515874
13515874	5937210
13515874	6366979
13515874	6367317
13515874	13515873
13515875	10751264
13515875	13515876
13515876	10751264
13515876	13515875
13515877	13516082
13515878	13516080
13515879	13516074
13515880	471835
13515880	9440444
13515880	13265155
13515881	3044324
13515881	12081014
13515882	2851407
13515882	13515883
13515882	13726868
13515883	2851407
13515883	3468604
13515883	12081014
13515883	13515882
13515883	13726868
13515884	3097909
13515884	12463807
13515884	12463808
13515884	12463809
13515884	12996020
13515885	12770051
13515886	3657180
13515886	13514359
13515886	13515897
13515886	13524590
13515886	13529922
13515887	12190223
13515889	6148006
13515890	13516070
13515891	13516063
13515892	13516062
13515893	10284153
13515893	13517480
13515894	12162967
13515894	13517478
13515895	13516061
13515896	13516060
13515897	13515886
13515900	8496712
13515901	11191605
13515901	13516539
13515902	8675608
13515902	11283221
13515902	12263756
13515903	9078335
13515904	11355425
13515904	13515916
13515905	11201899
13515906	13515907
13515907	13515906
13515908	13515909
13515909	13515908
13515910	13527260
13515910	13527263
13515911	7547374
13515912	5817058
13515912	10720360
13515912	13516552
13515913	73430
13515913	357808
13515913	402997
13515913	409799
13515913	440862
13515914	944719
13515914	946350
13515915	12025379
13515916	13515904
13515916	13516058
13515917	11321927
13515918	11428578
13515918	12557146
13515918	13515925
13515919	9089629
13515920	13515922
13515921	11966019
13515921	12193077
13515922	13515920
13515923	10669750
13515924	9273442
13515924	9791772
13515925	12556131
13515925	12557146
13515925	13515918
13515926	8903169
13515927	255219
13515927	5026220
13515927	11166451
13515927	11517101
13515927	13516054
13515928	12417055
13515929	13515931
13515929	13515935
13515929	13515938
13515929	13515939
13515929	13515940
13515929	13515942
13515929	13515983
13515929	13515985
13515929	13515986
13515929	13515987
13515929	13515991
13515929	13515992
13515929	13515995
13515929	13515996
13515930	13515933
13515930	13515934
13515931	13515929
13515932	13501139
13515933	13515930
13515934	13515930
13515935	13515929
13515936	12358374
13515937	8232467
13515938	13515929
13515939	13515929
13515940	13515929
13515942	13515929
13515943	5885027
13515944	4837415
13515944	4837417
13515944	5637270
13515944	13515947
13515944	13524897
13515944	13525485
13515944	13527099
13515944	13529646
13515944	13529913
13515944	13531027
13515944	13531029
13515945	862547
13515945	2585452
13515945	3320706
13515945	8914466
13515945	13515948
13515945	13517489
13515945	13524895
13515945	13527087
13515945	13529645
13515946	2564818
13515947	13515944
13515947	13516049
13515947	13516050
13515948	2585452
13515948	13515945
13515948	13516047
13515948	13516048
13515949	5909343
13515950	13515956
13515951	4900573
13515952	2677158
13515953	2677158
13515954	2566922
13515955	12857689
13515956	13515950
13515956	13515961
13515957	12857689
13515958	5925861
13515958	13572277
13515959	4960727
13515959	13517487
13515959	13524588
13515959	13524894
13515959	13527084
13515959	13529644
13515959	13529911
13515959	13531020
13515959	13531021
13515960	2770676
13515961	13515956
13515962	2770676
13515963	12857695
13515963	13517477
13515963	13524568
13515963	13524893
13515963	13527082
13515963	13528901
13515963	13529643
13515963	13529909
13515963	13531011
13515964	4962457
13515964	13515970
13515964	13515971
13515964	13524567
13515964	13525479
13515964	13525480
13515964	13527080
13515964	13529642
13515964	13529910
13515964	13531007
13515964	13531009
13515965	3042997
13515965	3042998
13515965	5513504
13515965	7769818
13515965	11448875
13515967	5851731
13515968	6627640
13515969	7396903
13515970	13515964
13515971	13515964
13515972	13209798
13515972	13526563
13515973	8823797
13515974	3825656
13515975	11938048
13515975	11938050
13515975	11938055
13515975	11938361
13515975	13516030
13515976	11938048
13515976	11938051
13515976	11938055
13515976	11938359
13515976	11938362
13515976	13516029
13515977	5211963
13515978	5211963
13515979	3155393
13515980	8834394
13515981	2939349
13515982	243129
13515982	970140
13515982	12548570
13515983	13515929
13515984	2368667
13515984	5614759
13515984	6678711
13515984	13516026
13515985	13515929
13515986	13515929
13515987	13515929
13515988	1117850
13515988	1335676
13515988	12890629
13515988	13516009
13515989	6637565
13515989	13516004
13515991	13515929
13515992	13515929
13515993	6459803
13515994	6485496
13515995	13515929
13515996	13515929
13515997	11966019
13515997	12193078
13515997	12193080
13515998	13236542
13515999	3878262
13516000	5592701
13516001	5592701
13516002	1090220
13516002	3990074
13516002	13516089
13516003	6285971
13516004	13515989
13516005	5954596
13516006	5954596
13516007	13516008
13516007	13516010
13516007	13516011
13516007	13516013
13516007	13516014
13516007	13516015
13516007	13516016
13516007	13516017
13516007	13516018
13516007	13516019
13516007	13516020
13516007	13516021
13516007	13516023
13516007	13516024
13516007	13516025
13516007	13516027
13516008	13516007
13516009	13515988
13516010	13516007
13516011	13516007
13516012	11245732
13516013	13516007
13516014	13516007
13516015	13516007
13516016	13516007
13516017	13516007
13516018	13516007
13516019	13516007
13516020	13516007
13516021	13516007
13516023	13516007
13516024	13516007
13516025	13516007
13516026	13515984
13516027	13516007
13516028	1272381
13516028	1272383
13516028	1272750
13516028	1273384
13516028	2879997
13516028	3623447
13516028	13516125
13516028	13562309
13516029	13515976
13516030	13515975
13516031	10630076
13516031	11188265
13516032	368670
13516032	423302
13516032	441311
13516032	452958
13516032	8517100
13516032	9960726
13516033	13516034
13516034	13516033
13516035	11144406
13516035	13516042
13516035	13516113
13516035	13516114
13516036	13513205
13516036	13516038
13516036	13516195
13516036	13517472
13516036	13517473
13516036	13517474
13516036	13517475
13516036	13520297
13516037	12321719
13516037	13516196
13516038	13516036
13516038	13516195
13516039	1851092
13516039	13516109
13516040	9406471
13516041	9406471
13516042	13516035
13516043	13516044
13516044	13516043
13516045	13516046
13516045	13517471
13516046	13516045
13516047	13515948
13516048	13515948
13516049	13515947
13516050	13515947
13516051	7000864
13516051	7904379
13516051	7904380
13516051	13511253
13516051	13513945
13516052	10553562
13516052	13516338
13516052	13516339
13516053	5637270
13516054	13515927
13516055	7904379
13516055	13511253
13516055	13513945
13516055	13516059
13516056	13516057
13516057	13516056
13516057	13516069
13516057	13516071
13516058	13515916
13516059	13511253
13516059	13513945
13516059	13516055
13516060	13515896
13516061	13515895
13516062	13515892
13516063	13515891
13516064	13434786
13516065	13458534
13516065	13757378
13516066	13458436
13516066	13516068
13516067	13456042
13516068	13458434
13516068	13458436
13516068	13516066
13516069	13516057
13516070	13515890
13516071	13516057
13516072	11734747
13516072	11734863
13516072	13516095
13516073	13470723
13516073	13516078
13516074	13515879
13516075	13470619
13516075	13516076
13516076	4789818
13516076	9626375
13516076	13470618
13516076	13470619
13516076	13516075
13516077	10483033
13516077	13470604
13516078	13470723
13516078	13516073
13516079	13516102
13516079	13516116
13516080	13515878
13516081	13470434
13516082	13515877
13516083	13515866
13516084	13470422
13516084	13516087
13516085	13516086
13516086	12911928
13516086	13516085
13516087	10607664
13516087	13470422
13516087	13470423
13516087	13516084
13516088	13462210
13516089	675632
13516089	13516002
13516089	13518431
13516090	13515864
13516091	13515179
13516091	13518432
13516092	13515179
13516092	13518433
13516093	1708179
13516094	13515862
13516095	13516072
13516096	13515861
13516097	13515861
13516098	13515860
13516099	13515860
13516100	13505673
13516101	13515859
13516102	13516079
13516103	13515855
13516104	2532169
13516105	13515851
13516106	13515852
13516107	10483033
13516107	13470604
13516108	13515853
13516109	13516039
13516109	13658777
13516110	10483033
13516110	13470604
13516111	10483033
13516111	13470604
13516112	13515854
13516113	13516035
13516113	13658776
13516114	13516035
13516114	13658775
13516115	13515848
13516116	13516079
13516118	11296551
13516119	11296551
13516120	13515808
13516122	2222061
13516122	2880847
13516122	13518435
13516123	13515807
13516124	13515807
13516125	13516028
13516125	13518438
13516126	13499312
13516127	10854227
13516127	12476781
13516128	10854227
13516128	13069962
13516129	9686581
13516129	10181008
13516130	11234446
13516130	13516138
13516131	13515806
13516132	11086152
13516132	13516136
13516133	13515806
13516134	13516137
13516134	13516140
13516134	13516141
13516134	13516146
13516134	13516148
13516134	13516153
13516134	13516157
13516134	13516161
13516134	13516166
13516134	13516170
13516134	13516176
13516134	13516182
13516134	13516184
13516135	11154603
13516136	13516132
13516137	13516134
13516138	13516130
13516139	13515805
13516140	13516134
13516141	13516134
13516144	13515805
13516145	3083896
13516146	13516134
13516147	8409501
13516148	13516134
13516149	13333414
13516150	8409502
13516151	13515804
13516152	8409498
13516152	8409499
13516153	13516134
13516154	8409571
13516155	13515804
13516156	8409509
13516157	13516134
13516158	8409509
13516159	8409508
13516160	13516191
13516160	13516193
13516161	13516134
13516162	593880
13516162	594149
13516162	594160
13516162	594290
13516162	13164562
13516162	13562317
13516163	13359554
13516164	13516187
13516165	4921668
13516166	13516134
13516168	13359522
13516169	13359512
13516170	13516134
13516171	13359492
13516172	13514403
13516172	13514407
13516172	13514408
13516173	6804853
13516173	10750209
13516173	13352255
13516173	13352256
13516174	13359481
13516175	13359481
13516175	13526748
13516175	13526749
13516176	13516134
13516177	13359474
13516178	12890893
13516179	13359474
13516179	13526746
13516180	11819643
13516180	12799956
13516181	13328752
13516182	13516134
13516183	13359582
13516184	13516134
13516185	12192826
13516186	11732857
13516187	13516164
13516188	9105295
13516188	11547507
13516189	11124579
13516190	9151925
13516191	13516160
13516192	11138268
13516193	13516160
13516195	13513205
13516195	13516036
13516195	13516038
13516196	12321719
13516196	13513205
13516196	13516037
13516197	13515803
13516198	13515802
13516199	13515801
13516200	13515800
13516201	13505663
13516202	13516210
13516202	13516212
13516202	13516216
13516202	13516218
13516202	13516222
13516202	13516224
13516202	13516226
13516202	13516227
13516202	13516229
13516202	13516234
13516202	13516236
13516202	13516238
13516202	13516241
13516202	13516243
13516202	13516246
13516202	13516247
13516203	10778614
13516204	13515799
13516205	13515799
13516206	12236918
13516207	13515798
13516208	12236918
13516209	13515798
13516210	13516202
13516211	13505654
13516211	13511552
13516212	13516202
13516213	19486
13516213	24056
13516214	13505638
13516215	13515797
13516216	13516202
13516217	13515795
13516218	13516202
13516219	12792366
13516220	13515796
13516221	13505513
13516222	13516202
13516223	11990509
13516224	13516202
13516225	13515793
13516226	13516202
13516227	13516202
13516228	10799874
13516229	13516202
13516230	13515792
13516231	13505499
13516232	13505499
13516233	297166
13516234	13516202
13516235	13515781
13516236	13516202
13516237	13374316
13516238	13516202
13516239	7463505
13516240	13504528
13516241	13516202
13516242	13515778
13516243	13516202
13516244	13515779
13516245	13515780
13516246	13516202
13516247	13516202
13516248	13515775
13516249	13515771
13516250	4209348
13516251	4209348
13516252	13515754
13516253	11232728
13516254	11704738
13516255	11702127
13516256	13515439
13516257	13515438
13516258	12715493
13516259	13515430
13516260	3406103
13516261	623990
13516262	4792284
13516262	6026552
13516262	6026553
13516262	13516263
13516262	13516264
13516262	13606395
13516262	13606396
13516263	4792284
13516263	13516262
13516264	4792284
13516264	13516262
13516265	11946214
13516266	11946213
13516267	13515423
13516268	10616829
13516268	10619375
13516268	13516274
13516269	11946216
13516270	11946216
13516271	13515422
13516272	394022
13516273	394022
13516274	10616829
13516274	10619375
13516274	13516268
13516275	394022
13516276	13371972
13516277	394022
13516278	8338381
13516279	8338381
13516280	13371965
13516281	2606015
13516282	13515414
13516283	11499402
13516284	13515413
13516285	656683
13516286	6975064
13516287	13515412
13516288	11500271
13516289	13515410
13516290	12717727
13516291	13515408
13516292	13515409
13516293	432389
13516294	3986692
13516296	13515308
13516300	2263244
13516302	4898334
13516304	12293816
13516305	13516309
13516306	11716657
13516308	13515280
13516309	13516305
13516311	11984316
13516313	13515089
13516316	13515088
13516318	11487435
13516320	13515087
13516322	13515086
13516323	4109107
13516324	13515085
13516325	13190258
13516327	11791888
13516328	13312123
13516329	13329156
13516330	13515084
13516331	11979333
13516332	13515084
13516333	13333289
13516334	11979333
13516335	11979333
13516336	3067710
13516337	8801781
13516338	13516052
13516339	13516052
13516340	13315151
13516341	10896949
13516342	3991090
13516343	9898218
13516344	13333329
13516345	13370813
13516348	3990085
13516349	11990387
13516351	4106791
13516351	13834036
13516352	13514482
13516358	13516362
13516359	384074
13516361	13358717
13516362	13516358
13516362	13517469
13516362	13518595
13516362	13518596
13516364	10849976
13516365	3986702
13516368	7183693
13516369	7183693
13516370	13516499
13516371	7183692
13516372	7183692
13516373	4090411
13516375	11580434
13516377	665459
13516378	12533462
13516379	1594402
13516383	1597708
13516384	371547
13516386	371547
13516388	5548235
13516389	5548235
13516394	7238059
13516396	11994367
13516399	11994367
13516401	2694718
13516403	450168
13516406	10760568
13516406	10760780
13516406	10760781
13516406	10760784
13516406	10760786
13516407	10760568
13516407	10760780
13516407	10760781
13516407	10760784
13516407	10760786
13516407	13618154
13516409	927957
13516416	13504525
13516418	13503468
13516420	13503463
13516421	13503463
13516426	13627068
13516435	6527132
13516441	13503093
13516443	13501278
13516449	598578
13516451	13501272
13516454	7905881
13516456	8312407
13516458	583888
13516458	8312407
13516464	598579
13516466	13501268
13516466	13581563
13516467	13501268
13516467	13581563
13516470	7905884
13516472	8312408
13516473	12481189
13516474	10795107
13516475	13501253
13516476	13501252
13516477	8059353
13516478	13501212
13516479	13501094
13516480	13345097
13516481	13334956
13516482	13305996
13516482	13337800
13516482	13545469
13516483	13516485
13516484	8602766
13516485	13516483
13516485	13543741
13516485	13543742
13516487	10321307
13516488	7418090
13516488	13562642
13516488	13562644
13516488	13562646
13516488	13562650
13516489	6834045
13516491	11215403
13516493	13500944
13516495	13500944
13516499	13516370
13516502	13500943
13516503	13500943
13516505	11060543
13516505	13516533
13516507	5675154
13516507	11325484
13516507	13516525
13516507	13516528
13516507	13516529
13516509	9449725
13516510	11464414
13516510	13516524
13516511	13498962
13516512	13498962
13516513	7076550
13516513	10792846
13516513	13217153
13516514	11433459
13516514	13516551
13516516	11433459
13516518	12960704
13516519	9322322
13516524	13516510
13516525	13516507
13516527	3291027
13516527	11489034
13516527	13516536
13516528	13516507
13516529	13516507
13516531	11305488
13516531	13516538
13516533	13516505
13516534	13498920
13516536	13516527
13516538	13516531
13516539	13515901
13516541	18093
13516541	766650
13516541	1314679
13516541	1315408
13516541	1422026
13516541	1422029
13516541	9459283
13516541	9459447
13516541	12008532
13516541	13163057
13516541	13515761
13516541	13531359
13516542	18093
13516542	1314680
13516542	1315409
13516542	1422026
13516542	1731719
13516542	9459283
13516542	9459448
13516542	9459450
13516542	13163057
13516542	13531357
13516543	13515661
13516544	13515570
13516545	13515568
13516546	9360793
13516547	13514532
13516547	13583424
13516548	13514529
13516549	11411360
13516549	13516550
13516550	13516549
13516551	13516514
13516552	13515912
13516554	9340009
13516556	13498908
13516561	13497080
13516562	13497080
13516564	13430596
13516564	13430597
13516566	9115327
13516566	13516567
13516567	13516566
13516572	13497080
13516573	13497080
13516574	13496685
13516575	18093
13516575	54094
13516575	766650
13516575	1314679
13516575	1315408
13516575	1422026
13516575	1422029
13516575	9459283
13516575	9459447
13516576	18093
13516576	54094
13516576	1314680
13516576	1315409
13516576	1422026
13516576	1731719
13516576	9459283
13516576	9459448
13516576	9459450
13516579	13496681
13516580	13496672
13516581	13496006
13516582	13496006
13516583	13496006
13516584	13495909
13516585	13495909
13516586	13495907
13516587	13495907
13516588	13495883
13516588	13508087
13516589	13495883
13516589	13508087
13516590	13495819
13516591	13495819
13516592	13495389
13516593	13495389
13516594	13495374
13516595	13495054
13516596	13495053
13516597	13495053
13516598	13495053
13516599	13495053
13516600	13495052
13516601	13495026
13516602	13495015
13516603	12407166
13516603	13472764
13516603	13479896
13516603	13479897
13516603	13482377
13516603	13488082
13516603	13488085
13516603	13489614
13516603	13495014
13516603	13495304
13516603	13495308
13516603	13495310
13516603	13495326
13516603	13495416
13516603	13508393
13516603	13511469
13516603	13512084
13516603	13513522
13516604	13516605
13516605	13516604
13516606	13516607
13516607	13516606
13516608	8366688
13516609	13516610
13516610	13516609
13516611	13516612
13516612	13516611
13516613	13516615
13516614	13493649
13516615	13516613
13516616	13516617
13516617	13516616
13516619	13516620
13516620	13516619
13516621	13516623
13516623	13516621
13516624	13516625
13516625	13516624
13516626	13493256
13516627	13493256
13516628	13484339
13516628	13493255
13516629	13493252
13516630	13493251
13516630	13493252
13516631	13493251
13516632	13491790
13516633	80
13516633	449942
13516633	7844267
13516633	13798637
13516633	13798638
13516633	13798639
13516634	4736699
13516635	12624077
13516636	325079
13516637	7493530
13516637	13595784
13516638	2028384
13516639	8015736
13516640	3392160
13516640	13556671
13516641	3392160
13516642	3123514
13516642	13689091
13516643	395614
13516644	3436693
13516644	13592471
13516645	13404279
13516646	2326314
13516647	3971035
13516648	12546742
13516649	13316365
13516650	4106886
13516650	13534596
13516650	13534914
13516651	4412921
13516652	13305996
13516652	13372932
13516653	5366726
13516654	13372210
13516655	13369916
13516656	13330157
13516656	13782254
13516657	4412797
13516658	13375040
13516659	4410910
13516660	2844094
13516660	13369944
13516661	13368989
13516662	13344206
13516663	3771592
13516664	6884773
13516665	1406060
13516666	13634945
13516670	13742700
13516678	13822598
13516684	7485511
13516684	13517468
13516685	13822592
13516688	2983496
13516694	8418148
13516695	12069581
13516695	12069583
13516698	9451650
13516698	13517464
13516698	13517466
13516700	6672082
13516700	13517463
13516703	5664453
13516703	13517462
13516706	8157881
13516706	13519364
13516706	13519366
13516707	6800312
13516707	13517461
13516709	7570892
13516715	10090979
13516716	10329118
13516716	13517459
13516718	8150671
13516718	13517456
13516718	13517458
13516720	4729668
13516720	13517454
13516724	13654751
13516725	3659359
13516727	3659359
13516728	13753015
13516729	11142800
13516729	11142821
13516729	11143908
13516738	10047384
13516738	10047526
13516738	10451168
13516738	10455254
13516738	10456187
13516742	9293187
13516742	13516761
13516742	13516762
13516743	5239911
13516743	7529745
13516743	8352053
13516743	12132236
13516744	8675211
13516744	13516785
13516744	13516787
13516744	13516788
13516744	13516790
13516744	13517873
13516745	4779655
13516745	13516782
13516745	13516783
13516746	3532757
13516746	13516759
13516746	13516760
13516746	13516761
13516746	13516762
13516747	2255172
13516747	3532756
13516747	11889747
13516747	13516757
13516747	13516758
13516749	2590025
13516749	12594782
13516749	12594784
13516749	13516755
13516749	13516756
13516751	13677418
13516752	13516753
13516752	13516754
13516752	13518000
13516753	13516752
13516753	13518000
13516754	13516752
13516754	13518000
13516754	13658772
13516754	13658773
13516755	2590025
13516755	13516749
13516756	2590025
13516756	13516749
13516757	3532756
13516757	13516747
13516758	3532756
13516758	13516747
13516759	3532757
13516759	13516746
13516760	3532757
13516760	13516746
13516761	2279853
13516761	3532757
13516761	9293187
13516761	13516742
13516761	13516746
13516762	3532757
13516762	9293187
13516762	13516742
13516762	13516746
13516763	13133870
13516763	13816832
13516764	7376741
13516765	10805717
13516766	8445464
13516767	556702
13516768	4941070
13516769	2810163
13516770	10794058
13516771	5309265
13516772	8689608
13516773	6402029
13516774	6175096
13516775	2611433
13516776	5335794
13516777	6485659
13516777	13816813
13516778	2659713
13516779	3894350
13516780	13516800
13516780	13516802
13516780	13516805
13516780	13516807
13516780	13516809
13516780	13516811
13516780	13605441
13516781	8028465
13516782	4779655
13516782	13516745
13516783	4779655
13516783	13516745
13516784	10960955
13516785	8675211
13516785	13516744
13516785	13543696
13516786	1772595
13516787	13516744
13516787	13517873
13516787	13658771
13516788	8675211
13516788	13516744
13516789	8761966
13516790	13516744
13516790	13517873
13516791	7808723
13516791	8436099
13516792	8302955
13516793	5460798
13516794	808474
13516795	2984157
13516796	3034416
13516796	13552576
13516797	9031677
13516798	10760214
13516798	13751760
13516799	3382002
13516800	13516780
13516800	13517871
13516801	11165217
13516801	13691277
13516802	13516780
13516802	13517871
13516803	11165217
13516804	2480375
13516805	13516780
13516805	13517871
13516806	2587291
13516806	13642947
13516806	13642948
13516806	13689224
13516807	13516780
13516807	13517871
13516808	13469444
13516809	13516780
13516809	13517871
13516810	4024442
13516811	13516780
13516811	13517871
13516812	9082617
13516813	12562357
13516814	11206707
13516815	12220839
13516815	13516832
13516815	13516835
13516815	13516837
13516815	13516838
13516816	5460792
13516817	8215672
13516818	12873380
13516819	2027075
13516820	6831966
13516821	6836935
13516822	2652707
13516823	3055717
13516824	12601933
13516825	6542478
13516826	425304
13516827	5795760
13516828	2141378
13516829	13407988
13516830	13160397
13516831	13423494
13516832	12220839
13516832	13516815
13516833	5675009
13516834	12946070
13516835	12220839
13516835	13516815
13516835	13518443
13516836	775488
13516837	12220839
13516837	13516815
13516837	13619099
13516838	12220839
13516838	13516815
13516839	6423970
13516839	6706411
13516840	9027851
13516840	10571909
13516841	13402215
13516842	7723328
13516842	13470581
13516843	12808281
13516844	2144367
13516845	12807527
13516846	13453699
13516847	6470837
13516848	13201759
13516849	12877233
13516850	5095462
13516851	13153155
13516852	13346080
13516853	13489771
13516854	13100199
13516855	12926339
13516856	12926339
13516857	8833450
13516858	5500645
13516859	3729404
13516860	3233274
13516861	12849407
13516862	13450051
13516863	4620405
13516863	13554190
13516863	13554191
13516864	7353368
13516865	8699796
13516865	13516866
13516866	13516865
13516867	13516876
13516868	5580435
13516868	13184383
13516869	5580434
13516869	13531350
13516870	5580431
13516870	13531354
13516871	5580430
13516871	13531352
13516871	13531353
13516872	5580429
13516872	13531350
13516873	5580428
13516873	13531347
13516873	13531348
13516873	13531349
13516874	13594785
13516875	13499160
13516876	13516867
13516877	13376242
13516878	13376242
13516879	10276520
13516880	10276520
13516881	12726518
13516881	13708214
13516882	10744019
13516883	8129508
13516884	6838456
13516885	5865967
13516886	5841238
13516887	12286755
13516888	5077159
13516889	12273293
13516890	12300243
13516891	12286864
13516891	12286865
13516891	13518464
13516891	13518467
13516892	12326721
13516893	13516896
13516893	13516928
13516893	13518286
13516894	12323996
13516895	12403819
13516895	13518469
13516895	13518470
13516896	13516893
13516897	8129508
13516897	8537138
13516897	8860997
13516897	13736422
13516898	2789068
13516898	5693648
13516898	13516899
13516899	13516898
13516900	4011272
13516900	13686850
13516901	3515856
13516902	7066955
13516903	8941627
13516904	12847374
13516905	11242669
13516906	8026860
13516907	12151955
13516908	12260652
13516909	8567050
13516909	13640191
13516910	1945803
13516911	13516918
13516912	4933724
13516913	4085154
13516913	13751753
13516914	958531
13516915	10360970
13516916	13516929
13516916	13518283
13516916	13518284
13516917	639003
13516918	13516911
13516919	4306339
13516920	13516933
13516921	4570276
13516922	6937343
13516923	543658
13516924	4458971
13516925	745644
13516926	6887590
13516927	543686
13516927	4082532
13516927	6872939
13516928	13516893
13516929	13516916
13516930	13483759
13516931	5057583
13516932	5161040
13516933	13516920
13516934	13516944
13516935	2401173
13516935	6642319
13516935	7560330
13516935	8861836
13516936	13516937
13516937	13516936
13516938	7230610
13516938	7230611
13516939	7959657
13516940	11480091
13516940	13516941
13516941	13516940
13516942	8566657
13516942	8568325
13516942	13716969
13516943	13516945
13516943	13516947
13516943	13518281
13516944	13516934
13516945	13516943
13516946	13516951
13516947	13516943
13516948	3767577
13516948	3767578
13516948	4977405
13516949	13516950
13516949	13518280
13516950	13516949
13516951	13516946
13516952	11480089
13516952	13516953
13516953	13516952
13516954	13516961
13516955	13516956
13516956	13516955
13516956	13517428
13516957	13516958
13516958	13516957
13516958	13517427
13516959	13516960
13516960	13516959
13516961	13516954
13516963	13516964
13516964	13516963
13516964	13517415
13516964	13517416
13516964	13517417
13516965	13516966
13516966	13516965
13516966	13517429
13516967	8361219
13516967	13531346
13516968	13516973
13516969	13516970
13516969	13516971
13516970	13516969
13516970	13517412
13516971	13516969
13516971	13517413
13516973	13516968
13516976	9141952
13516977	13516979
13516978	13516980
13516979	13516977
13516980	13516978
13516981	13516983
13516982	13516986
13516983	13516981
13516984	13516985
13516985	13516984
13516986	13516982
13516987	13516988
13516988	13516987
13516991	12259685
13516992	12155460
13516995	1711474
13516995	8160894
13516995	9983483
13516995	13517181
13516996	10565040
13516997	5659447
13517001	8441786
13517002	4706945
13517003	6327293
13517004	4027979
13517004	13612795
13517005	500097
13517006	8363563
13517007	12579769
13517008	9833976
13517009	13265348
13517010	6768685
13517011	12588753
13517012	6714737
13517013	794151
13517014	6861389
13517015	13023287
13517016	12663463
13517017	3900622
13517018	11401945
13517019	10294115
13517020	7110176
13517021	4342900
13517022	5490326
13517023	11719404
13517024	12430418
13517025	6627610
13517026	6627610
13517027	11618691
13517031	3159027
13517032	3159027
13517032	13517452
13517032	13524890
13517032	13524891
13517032	13527079
13517032	13529641
13517032	13529908
13517032	13530999
13517034	2277984
13517035	3874699
13517036	1454150
13517036	3110911
13517036	11067600
13517036	13517450
13517036	13524886
13517036	13525477
13517036	13525478
13517036	13527058
13517036	13527064
13517036	13529638
13517036	13529907
13517036	13530975
13517036	13530978
13517036	13530980
13517036	13530983
13517036	13576530
13517037	8143572
13517038	8143572
13517038	8143574
13517038	13517449
13517038	13524885
13517038	13525476
13517038	13529637
13517038	13529906
13517038	13530969
13517038	13820490
13517039	1975262
13517039	4242629
13517039	5324189
13517039	12702220
13517039	13517448
13517039	13524884
13517039	13525475
13517039	13527052
13517039	13529633
13517039	13529635
13517039	13529636
13517039	13529905
13517039	13530967
13517040	11570404
13517042	1139741
13517042	1141853
13517042	1141855
13517042	1142505
13517042	13517446
13517042	13524882
13517042	13524883
13517042	13525473
13517042	13525474
13517042	13527043
13517042	13527046
13517042	13528895
13517042	13529630
13517042	13529631
13517042	13529904
13517042	13530960
13517042	13530961
13517042	13530962
13517042	13530963
13517044	4907910
13517046	1381350
13517046	1381351
13517046	13517442
13517046	13524881
13517046	13529628
13517046	13529629
13517055	13517056
13517055	13517057
13517056	13517055
13517057	13517055
13517058	6226715
13517058	6226716
13517059	370585
13517060	370586
13517061	370588
13517062	370595
13517063	370599
13517064	370599
13517065	370599
13517066	370605
13517067	6633207
13517068	370607
13517069	9687353
13517070	370607
13517070	13531728
13517071	9476578
13517072	7136533
13517073	370609
13517074	370609
13517075	370624
13517076	370624
13517077	8174505
13517077	12712086
13517077	13517178
13517078	370628
13517079	370630
13517080	370632
13517081	370632
13517082	370632
13517083	370634
13517084	370645
13517085	370645
13517086	370647
13517087	370647
13517088	370649
13517089	370649
13517090	8829268
13517091	370651
13517092	370651
13517093	13333094
13517094	370653
13517095	370653
13517096	370653
13517097	3986531
13517098	370653
13517099	7790573
13517100	13332347
13517101	370656
13517102	370671
13517103	13312150
13517104	370673
13517105	370677
13517106	370679
13517107	370681
13517108	4174419
13517109	370683
13517110	370683
13517111	370685
13517112	370685
13517113	11897322
13517114	370687
13517115	370691
13517116	13332256
13517117	13167895
13517117	13374449
13517118	370691
13517119	13167894
13517120	370706
13517121	370706
13517122	370708
13517123	370708
13517124	370712
13517125	372551
13517126	7463747
13517127	372551
13517128	370716
13517129	6980718
13517130	11505056
13517131	13368275
13517132	13368275
13517133	13313109
13517134	13180014
13517135	4036681
13517136	12067215
13517137	12067215
13517138	13375040
13517139	13315109
13517140	13329584
13517141	13369920
13517142	7026926
13517143	7026926
13517144	7003417
13517145	5599165
13517146	5599165
13517147	6998162
13517148	6998162
13517149	6998162
13517150	11946617
13517151	7739583
13517152	370665
13517153	12067218
13517154	7155013
13517154	7155015
13517155	1759567
13517156	4109172
13517157	11876744
13517158	10782089
13517159	10782089
13517160	13317797
13517161	6877407
13517161	6878280
13517161	12250813
13517161	13572115
13517162	11866477
13517163	13316062
13517164	6877407
13517164	6878281
13517165	12083916
13517166	12083916
13517167	6890598
13517168	2092629
13517169	12083919
13517170	12083919
13517171	12083926
13517172	12083926
13517173	12083928
13517174	12083928
13517175	4302527
13517176	12083930
13517177	2222061
13517177	2880847
13517177	13517445
13517178	13517077
13517179	12083936
13517180	12083937
13517181	13516995
13517182	12083944
13517183	12083949
13517184	12083951
13517185	12083954
13517186	12083954
13517187	13147376
13517188	12083957
13517189	12083957
13517190	134923
13517191	12083959
13517192	12083961
13517193	12083963
13517194	968523
13517195	12083963
13517196	12083966
13517197	12274422
13517198	450246
13517199	2899504
13517199	10734283
13517200	1460843
13517201	6091199
13517201	6932230
13517201	9988883
13517201	13517203
13517202	13413205
13517203	6091199
13517203	6932230
13517203	6932231
13517203	9988883
13517203	13517201
13517203	13517204
13517204	6091199
13517204	6932231
13517204	13517203
13517205	22881
13517206	13331348
13517207	7802608
13517208	13331347
13517209	5317049
13517210	5317049
13517211	12867077
13517212	11003197
13517213	5317049
13517214	12734096
13517215	11385642
13517216	6354434
13517217	13226595
13517218	10193004
13517219	6356186
13517220	13381274
13517221	2066121
13517222	2066121
13517223	1094154
13517224	4076664
13517225	13345971
13517226	13343326
13517227	7988735
13517227	11116878
13517229	13517230
13517230	13517229
13517231	6099770
13517231	10015419
13517232	6099770
13517233	13517234
13517234	13517233
13517234	13517379
13517234	13517380
13517235	13517236
13517235	13517377
13517236	13517235
13517239	2957500
13517239	3505273
13517241	6099770
13517241	10015419
13517242	6099770
13517243	13517244
13517244	13517243
13517244	13517384
13517245	2144899
13517246	2144899
13517247	2144899
13517248	9736135
13517249	13517251
13517250	11856573
13517251	13517249
13517251	13517382
13517251	13517383
13517252	13517253
13517252	13517256
13517253	13517252
13517254	11856573
13517255	1789948
13517256	13517252
13517257	8074815
13517258	13517260
13517258	13517262
13517259	1935603
13517259	13517263
13517260	13517258
13517261	1935603
13517261	4655985
13517262	13517258
13517263	13517259
13517264	5768766
13517265	9950787
13517266	5768766
13517267	2457029
13517268	8411409
13517269	3332080
13517270	13517307
13517270	13517310
13517271	13517288
13517271	13517290
13517272	13330116
13517273	10230899
13517273	13517279
13517274	13517320
13517274	13517325
13517275	12296310
13517276	12296310
13517277	13517312
13517277	13517314
13517278	3756481
13517278	6589902
13517279	13517273
13517280	13517300
13517280	13517304
13517281	367256
13517282	6818486
13517282	6821242
13517282	8434278
13517283	6818486
13517283	6821242
13517283	8434278
13517284	6449259
13517285	13517292
13517285	13517295
13517286	13330119
13517287	12246097
13517288	13517271
13517289	2761185
13517290	13517271
13517291	7171719
13517292	13517285
13517293	13316429
13517294	8176949
13517295	13517285
13517296	6798286
13517297	9454443
13517297	9455182
13517297	9522694
13517298	2575317
13517300	13517280
13517301	2713510
13517302	2713510
13517302	2789572
13517303	4777821
13517304	13517280
13517305	5536460
13517306	7761158
13517307	13517270
13517307	13517440
13517308	6170793
13517309	2920509
13517310	13517270
13517312	13517277
13517313	8357895
13517314	13517277
13517315	7373360
13517316	13476421
13517317	10877300
13517318	10960974
13517318	13530530
13517319	3312696
13517319	3402722
13517320	13517274
13517321	12146859
13517321	13517329
13517322	4632018
13517323	7809076
13517324	5159795
13517325	13517274
13517326	4329681
13517327	1806300
13517327	2260365
13517327	2517896
13517328	12372822
13517329	13517321
13517330	5005838
13517331	8592666
13517332	8638220
13517333	10126966
13517334	12326608
13517335	9601129
13517335	12654771
13517336	12408968
13517337	9601129
13517337	12654773
13517338	9601129
13517338	12654774
13517339	7717609
13517340	13092431
13517341	1184300
13517342	6550157
13517343	8876989
13517344	1369871
13517346	11125485
13517347	9072337
13517348	8641512
13517349	1508492
13517350	11179740
13517351	5204977
13517352	20388
13517353	20388
13517354	71573
13517355	71573
13517356	8699883
13517357	6738256
13517358	4709131
13517359	11020412
13517360	12875059
13517361	12757331
13517362	426558
13517362	1250525
13517362	8327310
13517363	2162879
13517364	12328138
13517365	2929314
13517366	2192407
13517367	3623700
13517368	3563095
13517371	13336534
13517372	1519526
13517373	10787700
13517374	10787700
13517375	1480927
13517376	7356788
13517377	13517235
13517378	276414
13517379	13517234
13517380	13517234
13517381	13482641
13517382	13517251
13517383	13517251
13517384	13517244
13517385	1095603
13517385	13551928
13517386	13339007
13517387	7961758
13517388	1160867
13517389	6362623
13517390	24699
13517391	4955897
13517392	7307475
13517393	4955897
13517394	12651306
13517395	5757446
13517396	12230934
13517397	11868413
13517398	11423722
13517398	11423723
13517399	9814539
13517400	10603182
13517401	9418711
13517402	7111701
13517403	392183
13517404	7518838
13517405	13517407
13517407	13517405
13517409	13517410
13517410	13517409
13517410	13517434
13517411	6294037
13517412	13516970
13517413	13516971
13517414	13517418
13517415	13516964
13517416	13516964
13517417	13516964
13517418	13517414
13517418	13517435
13517418	13517436
13517419	11466193
13517420	13517422
13517422	13517420
13517422	13517438
13517423	12316433
13517424	6377800
13517424	9580261
13517425	13517426
13517426	6576783
13517426	13517425
13517427	13516958
13517428	13516956
13517429	13516966
13517430	10214140
13517431	13517432
13517432	13517431
13517432	13518278
13517433	7591148
13517433	13523434
13517433	13523435
13517434	13517410
13517434	13517826
13517434	13517827
13517435	13517418
13517435	13517823
13517436	13517418
13517436	13517823
13517437	11347925
13517438	13517422
13517439	13087751
13517440	13517307
13517441	13517443
13517442	13517046
13517443	13517441
13517443	13518276
13517444	10561964
13517445	13517177
13517446	13517042
13517447	9039163
13517448	13517039
13517449	13517038
13517450	13517036
13517451	12006790
13517452	13517032
13517453	12022756
13517454	13516720
13517455	13517457
13517455	13517460
13517456	13516718
13517457	13517455
13517458	13516718
13517459	13516716
13517460	13517455
13517461	13516707
13517462	13516703
13517463	13516700
13517464	13516698
13517465	13517467
13517465	13517470
13517466	13516698
13517467	13517465
13517467	13517470
13517467	13517892
13517468	13516684
13517469	13516362
13517470	13517465
13517470	13517467
13517470	13517894
13517471	13516045
13517472	13516036
13517473	13516036
13517474	13516036
13517475	13516036
13517476	13517483
13517476	13517485
13517477	13515963
13517478	13515894
13517480	13515893
13517481	13515844
13517482	13515823
13517483	13517476
13517483	13517597
13517484	13515593
13517485	13517476
13517485	13517597
13517486	13517488
13517486	13517490
13517487	13515959
13517488	13517486
13517488	13517492
13517488	13517499
13517488	13517600
13517489	13515945
13517490	13517486
13517490	13517600
13517491	11233668
13517492	13517488
13517493	11160625
13517493	13518273
13517494	13517495
13517494	13517496
13517495	13517494
13517496	13517494
13517497	9164120
13517498	9164120
13517499	13517488
13517500	13517501
13517500	13517503
13517501	13517500
13517503	13517500
13517504	13517507
13517504	13517509
13517505	2293989
13517506	2327922
13517507	13517504
13517507	13517510
13517508	1950265
13517509	13517504
13517510	13517507
13517511	3081104
13517512	13517513
13517512	13517521
13517513	13517512
13517513	13517888
13517514	50868
13517515	50868
13517516	50868
13517517	50868
13517518	50868
13517519	50868
13517521	13517512
13517522	13517524
13517522	13517526
13517523	12303252
13517524	13517522
13517526	13517522
13517527	13517531
13517527	13517533
13517528	8603003
13517529	7478607
13517530	10731526
13517531	13517527
13517532	13452204
13517533	13517527
13517534	781375
13517535	781375
13517536	12742687
13517537	8658991
13517538	12742689
13517538	13518087
13517539	3934151
13517539	3934153
13517539	6007870
13517540	4197006
13517541	5244338
13517542	943113
13517543	3551982
13517544	13517545
13517545	13517544
13517545	13517548
13517546	405379
13517547	11813874
13517548	13517545
13517549	11531428
13517549	13517551
13517549	13524879
13517549	13527035
13517549	13529626
13517549	13529903
13517549	13530952
13517550	1768241
13517550	1778375
13517550	1778425
13517550	1986254
13517550	2100123
13517550	8138896
13517550	8138903
13517550	8335412
13517550	13517552
13517551	13517549
13517551	13524879
13517551	13529903
13517551	13530952
13517552	8138903
13517552	13517550
13517553	8836746
13517554	2719329
13517554	2721162
13517555	11810986
13517557	8836746
13517558	7837802
13517559	8885188
13517560	5260284
13517561	7582330
13517562	634005
13517563	2009423
13517564	5056485
13517565	8272025
13517566	4336774
13517567	7666324
13517568	11940568
13517569	12429276
13517570	2470463
13517570	2470725
13517570	2470824
13517570	9072239
13517571	11724124
13517572	11724124
13517573	11026804
13517574	8733813
13517575	375591
13517576	1200089
13517577	13517579
13517578	375591
13517579	13517577
13517580	11676664
13517581	34312
13517581	336342
13517581	694879
13517582	12184073
13517583	12392978
13517583	13518472
13517583	13518475
13517584	12392978
13517585	12392978
13517586	1015556
13517587	1063664
13517588	11237010
13517589	10700736
13517590	11636858
13517591	6009450
13517592	3368554
13517593	5070463
13517594	12551141
13517595	10709575
13517596	2349565
13517597	13517483
13517597	13517485
13517597	13517820
13517598	11748001
13517599	11748001
13517600	13517488
13517600	13517490
13517600	13517819
13517601	5688953
13517602	5640441
13517603	11979990
13517604	11477421
13517604	13518142
13517604	13787933
13517605	7976227
13517606	7502897
13517606	13517864
13517606	13517865
13517606	13517872
13517607	7206005
13517608	399135
13517609	399135
13517610	11001886
13517610	13517611
13517611	13517610
13517616	746384
13517618	10552911
13517618	13166114
13517618	13531343
13517620	13517621
13517621	13517620
13517621	13517859
13517621	13517860
13517621	13518272
13517623	13517624
13517624	1018428
13517624	13517623
13517624	13517855
13517625	9209966
13517626	13557128
13517627	8393133
13517628	13517629
13517629	13517628
13517630	11957839
13517631	13259327
13517632	13517634
13517633	13254487
13517634	2336273
13517634	13517632
13517636	13254246
13517637	12200436
13517639	13517640
13517639	13531339
13517639	13531340
13517640	13517639
13517641	13237755
13517642	13169664
13517642	13829443
13517643	13187640
13517645	12085805
13517647	12022823
13517648	11723526
13517649	11723526
13517650	11723525
13517650	13518682
13517651	11723525
13517652	13517653
13517653	13517652
13517653	13517828
13517653	13517830
13517653	13518268
13517653	13518269
13517654	13517656
13517655	13517657
13517655	13517660
13517656	13517654
13517656	13517797
13517656	13517799
13517656	13518270
13517656	13518361
13517657	13517655
13517657	13517821
13517657	13517825
13517658	13517659
13517659	13517658
13517659	13517797
13517659	13517799
13517660	13517655
13517661	13517662
13517662	13517661
13517662	13517795
13517663	13517669
13517663	13517672
13517664	13517816
13517664	13517869
13517665	13517666
13517666	13517665
13517666	13517790
13517666	13517791
13517667	13517668
13517668	13517667
13517668	13517787
13517668	13517789
13517668	13518193
13517669	13517663
13517670	13517671
13517671	13517670
13517671	13517735
13517671	13517737
13517671	13517747
13517671	13517749
13517671	13518194
13517671	13518195
13517672	13517663
13517672	13517782
13517673	13517674
13517674	13517673
13517674	13517730
13517674	13517731
13517674	13517732
13517674	13518196
13517674	13518199
13517675	12611511
13517676	13517678
13517676	13517679
13517677	12611511
13517677	12611519
13517678	13517676
13517678	13517728
13517678	13517729
13517679	13517676
13517680	6907019
13517681	4705474
13517682	6525520
13517683	7544414
13517684	8553061
13517685	11839664
13517686	13374846
13517686	13374847
13517686	13519446
13517686	13524565
13517686	13524878
13517686	13525432
13517686	13527032
13517686	13527034
13517686	13529625
13517686	13529902
13517686	13530949
13517686	13638430
13517687	3915037
13517688	5057467
13517688	5058600
13517688	13517692
13517688	13519018
13517688	13519443
13517688	13519448
13517688	13524564
13517688	13524873
13517688	13524875
13517688	13525428
13517688	13525429
13517688	13527024
13517688	13528890
13517688	13528891
13517688	13529623
13517688	13529624
13517688	13529901
13517688	13530944
13517688	13530946
13517689	5057467
13517689	5058600
13517689	13517692
13517690	13120156
13517691	4983084
13517691	10564512
13517691	13519434
13517691	13524563
13517691	13524585
13517691	13524870
13517691	13525424
13517691	13527021
13517691	13529614
13517691	13529899
13517691	13529900
13517691	13530939
13517691	13530940
13517692	5057467
13517692	5058599
13517692	13517688
13517692	13517689
13517693	1012136
13517693	1663586
13517693	4798103
13517694	13517697
13517694	13517699
13517695	10109817
13517696	10109817
13517697	13517694
13517698	10109817
13517699	13517694
13517699	13517727
13517700	13517701
13517700	13517702
13517701	13517700
13517701	13517726
13517702	13517700
13517703	13517704
13517703	13517706
13517704	13517703
13517704	13517707
13517704	13531619
13517705	13309376
13517706	13517703
13517706	13517724
13517706	13517767
13517707	13517704
13517707	13517709
13517708	8628331
13517709	13517707
13517709	13517724
13517709	13517767
13517710	506446
13517711	13517713
13517711	13517715
13517712	506446
13517713	13517711
13517714	13309014
13517714	13309378
13517714	13521549
13517714	13758724
13517715	13517711
13517716	11042293
13517717	8641060
13517717	9460539
13517719	39002
13517720	1239030
13517721	12046804
13517721	13668819
13517721	13698523
13517722	10864892
13517722	10865319
13517722	13520003
13517722	13520011
13517722	13520014
13517722	13524812
13517722	13525358
13517722	13526980
13517722	13528876
13517722	13529590
13517722	13529591
13517722	13529883
13517722	13530879
13517723	7025292
13517724	13517706
13517724	13517709
13517725	7025292
13517725	13519420
13517725	13524562
13517725	13524866
13517725	13529613
13517725	13529898
13517725	13530933
13517725	13530935
13517726	13517701
13517727	13517699
13517728	13517678
13517728	13517729
13517728	13520308
13517729	13517678
13517729	13517728
13517730	13517674
13517730	13517732
13517730	13518196
13517730	13518199
13517730	13520302
13517730	13520304
13517731	13517674
13517731	13517733
13517731	13518196
13517731	13518199
13517731	13520301
13517731	13520306
13517732	13517674
13517732	13517730
13517732	13518196
13517732	13518199
13517732	13518486
13517732	13518488
13517733	13517731
13517733	13518489
13517733	13518490
13517734	9130696
13517734	10072938
13517734	13519416
13517734	13524561
13517734	13524862
13517734	13524863
13517734	13525470
13517734	13525471
13517734	13527007
13517734	13529610
13517734	13529611
13517734	13529897
13517734	13530921
13517734	13530922
13517734	13588692
13517735	13517671
13517735	13517747
13517735	13518194
13517735	13520300
13517736	4877955
13517736	5418601
13517736	5420890
13517736	13519016
13517736	13524860
13517736	13529609
13517736	13529896
13517736	13530912
13517737	13517671
13517737	13517749
13517737	13518195
13517737	13520300
13517738	13517740
13517739	13520280
13517739	13520282
13517739	13524560
13517739	13524856
13517739	13524857
13517739	13525393
13517739	13526999
13517739	13527000
13517739	13528885
13517739	13529607
13517739	13529608
13517739	13529893
13517739	13529894
13517739	13529895
13517739	13530898
13517739	13530899
13517740	13517738
13517740	13517765
13517740	13517766
13517740	13517775
13517740	13517776
13517740	13520311
13517740	13520313
13517740	13528841
13517741	13264048
13517742	13227624
13517742	13519228
13517743	13517744
13517743	13518313
13517744	13289420
13517744	13517743
13517744	13517771
13517745	13517748
13517745	13518309
13517746	4149109
13517746	13519214
13517747	13517671
13517747	13517735
13517747	13518194
13517747	13518495
13517747	13518496
13517748	13517745
13517748	13517754
13517748	13517755
13517748	13517763
13517748	13517764
13517748	13520298
13517749	13517671
13517749	13517737
13517749	13518195
13517750	13517752
13517750	13517774
13517752	13517750
13517752	13517757
13517752	13517759
13517752	13517760
13517752	13517762
13517753	288121
13517753	13530040
13517753	13530050
13517754	13517748
13517754	13517755
13517754	13520298
13517754	13520299
13517755	13517748
13517755	13517754
13517755	13517764
13517755	13520298
13517755	13520299
13517756	288121
13517757	13517752
13517757	13520294
13517758	13517761
13517758	13517772
13517759	13517752
13517759	13517762
13517759	13517774
13517759	13520293
13517760	13517752
13517760	13517762
13517760	13520293
13517760	13520294
13517761	4263923
13517761	13517758
13517761	13517769
13517761	13517770
13517762	13517752
13517762	13517759
13517762	13517760
13517763	13517748
13517763	13520299
13517763	13520974
13517764	13517748
13517764	13517755
13517764	13520298
13517764	13520299
13517765	13517740
13517765	13520292
13517766	13517740
13517766	13520292
13517766	13520970
13517767	13517706
13517767	13517709
13517767	13520936
13517767	13520938
13517767	13520941
13517767	13520959
13517768	4263923
13517769	4263923
13517769	13517761
13517769	13520932
13517769	13520933
13517770	4263923
13517770	13517761
13517770	13517818
13517771	13289417
13517771	13517744
13517771	13518313
13517772	13517758
13517773	4263923
13517773	13517817
13517773	13520918
13517773	13520922
13517774	13517750
13517774	13517759
13517775	13517740
13517775	13520292
13517776	13517740
13517776	13517777
13517776	13520290
13517776	13528841
13517777	13517776
13517777	13520290
13517777	13528841
13517778	13517990
13517778	13517991
13517779	13517886
13517779	13517887
13517780	13559714
13517781	13517889
13517781	13517890
13517782	13517672
13517782	13517784
13517783	1229601
13517784	13517782
13517785	1229601
13517786	11128247
13517786	13322288
13517786	13519433
13517786	13524559
13517786	13524848
13517786	13524849
13517786	13525381
13517786	13525383
13517786	13525384
13517786	13525385
13517786	13526996
13517786	13526997
13517786	13528882
13517786	13529604
13517786	13529605
13517786	13529887
13517786	13529888
13517786	13529889
13517786	13529890
13517786	13529891
13517786	13529892
13517786	13530894
13517786	13530896
13517787	13517668
13517787	13520289
13517788	12734994
13517788	12734999
13517788	13519430
13517788	13519474
13517788	13524558
13517788	13524847
13517788	13525374
13517788	13526993
13517788	13528860
13517788	13528879
13517788	13528881
13517788	13529493
13517788	13529494
13517788	13529602
13517788	13529886
13517788	13530892
13517789	13517668
13517789	13518193
13517789	13518502
13517789	13518503
13517789	13520288
13517790	13517666
13517790	13517791
13517790	13518506
13517790	13520286
13517791	13517666
13517791	13517790
13517791	13561026
13517792	12111743
13517793	12111749
13517793	13517885
13517794	11103914
13517794	11103918
13517794	13519407
13517794	13519408
13517794	13524557
13517794	13524846
13517794	13529600
13517794	13529885
13517794	13576332
13517794	13576420
13517795	13517662
13517795	13520285
13517796	13517885
13517797	13480507
13517797	13517656
13517797	13517659
13517797	13517799
13517797	13518270
13517798	13517877
13517798	13517880
13517799	13517656
13517799	13517659
13517799	13517797
13517799	13518270
13517800	13517891
13517800	13517893
13517801	13517870
13517801	13517874
13517802	13517803
13517803	13517802
13517803	13517848
13517803	13517851
13517803	13517852
13517803	13518161
13517803	13520213
13517803	13524809
13517804	13517805
13517805	13517804
13517805	13517846
13517805	13517847
13517806	3409552
13517807	6231394
13517808	1231846
13517808	13517838
13517808	13517842
13517809	12095787
13517810	7581945
13517811	7581945
13517812	7581945
13517813	3774608
13517814	12372548
13517815	12372548
13517816	13517664
13517816	13517829
13517816	13517869
13517817	13517773
13517817	13517831
13517818	13517770
13517818	13517833
13517819	13517600
13517819	13517834
13517820	13517597
13517820	13517835
13517821	13517657
13517821	13517825
13517821	13517836
13517821	13520219
13517822	12729883
13517823	13517435
13517823	13517436
13517823	13517837
13517824	7275192
13517825	13517657
13517825	13517821
13517825	13517836
13517826	13517434
13517827	13517434
13517828	13517653
13517828	13517830
13517828	13517832
13517829	13517816
13517830	13517653
13517830	13517828
13517830	13517832
13517830	13520216
13517831	13517817
13517832	13517828
13517832	13517830
13517832	13518268
13517832	13518269
13517832	13519361
13517833	13517818
13517833	13531332
13517833	13531333
13517833	13531335
13517833	13796851
13517833	13796852
13517834	13517819
13517835	13517820
13517836	13517821
13517836	13517825
13517837	13517823
13517838	13517808
13517838	13517842
13517839	533031
13517840	533031
13517841	8126379
13517842	13517808
13517842	13517838
13517843	533031
13517844	9801637
13517844	13531323
13517844	13531324
13517844	13531325
13517844	13545468
13517844	13838797
13517845	9801636
13517845	13202447
13517845	13545467
13517846	13517805
13517846	13517847
13517846	13520214
13517847	13517805
13517847	13517846
13517848	13517803
13517848	13517851
13517848	13517852
13517848	13520213
13517848	13524809
13517849	6457041
13517851	13517803
13517851	13517848
13517851	13517852
13517851	13520213
13517851	13524809
13517852	13517803
13517852	13517848
13517852	13517851
13517853	9730100
13517853	9839063
13517853	12802129
13517853	13531327
13517853	13545466
13517854	12601240
13517855	1018428
13517855	13517624
13517856	4196813
13517857	2643216
13517858	2643216
13517859	12769753
13517859	13517621
13517859	13517860
13517859	13518272
13517859	13520212
13517860	13517621
13517860	13517859
13517860	13518272
13517861	10629194
13517862	5986789
13517863	8975749
13517864	13517606
13517864	13517865
13517864	13517866
13517864	13517872
13517865	13517606
13517865	13517864
13517866	13517864
13517866	13517868
13517867	8881215
13517868	13517866
13517869	13517664
13517869	13517816
13517869	13520914
13517870	13517801
13517870	13518077
13517871	13516800
13517871	13516802
13517871	13516805
13517871	13516807
13517871	13516809
13517871	13516811
13517871	13520910
13517872	13517606
13517872	13517864
13517873	9753645
13517873	13516744
13517873	13516787
13517873	13516790
13517873	13520884
13517874	13517801
13517874	13518077
13517874	13518078
13517875	9206580
13517876	9696750
13517877	13517798
13517878	8349871
13517878	9206575
13517879	26656
13517880	13517798
13517881	9802462
13517882	9729775
13517883	9774165
13517884	9727278
13517884	13530572
13517885	13517793
13517885	13517796
13517885	13522069
13517885	13522072
13517885	13522074
13517885	13522076
13517886	13517779
13517887	13517779
13517888	13517513
13517888	13520208
13517888	13520211
13517889	13517781
13517890	13517781
13517891	13517800
13517892	13517467
13517892	13517894
13517892	13517895
13517893	13517800
13517894	13517470
13517894	13517892
13517894	13517895
13517895	13517892
13517895	13517894
13517896	9698337
13517897	9730119
13517898	9802132
13517899	9615624
13517900	405860
13517901	1218800
13517902	9728317
13517903	1386360
13517904	12000812
13517905	9697031
13517906	9210167
13517907	7071669
13517908	9697102
13517909	1895222
13517910	11644857
13517911	9210156
13517912	498722
13517913	9209748
13517914	10239485
13517915	9697302
13517916	9332727
13517917	4615522
13517918	506687
13517919	13517951
13517919	13517953
13517919	13517955
13517920	13517970
13517920	13517974
13517921	1165942
13517922	13517978
13517922	13517980
13517923	8158713
13517923	13519233
13517924	9728451
13517926	12184710
13517927	372173
13517928	13517966
13517928	13517968
13517929	11044841
13517930	13518279
13517930	13518282
13517931	11897449
13517932	13517981
13517932	13517982
13517933	13517984
13517933	13517985
13517934	383067
13517935	13517988
13517935	13517989
13517936	9802444
13517937	11615854
13517938	13517990
13517938	13517991
13517939	13518013
13517939	13518015
13517940	9616106
13517941	12632839
13517942	13517994
13517942	13517997
13517943	13518001
13517943	13518003
13517944	2943326
13517945	20272
13517946	5788283
13517947	3257126
13517948	10221542
13517949	5892106
13517950	9209913
13517951	13517919
13517952	9616672
13517953	13517919
13517954	4921091
13517955	13517919
13517956	10240389
13517957	2501466
13517959	3855248
13517960	2280442
13517961	9697315
13517962	11704578
13517963	7739605
13517964	1776584
13517965	3855244
13517966	13517928
13517967	10101834
13517968	13517928
13517969	3497919
13517970	13517920
13517971	13453000
13517972	3037309
13517974	13517920
13517975	11621674
13517976	11621674
13517977	3594047
13517978	13517922
13517979	12442424
13517980	13517922
13517981	13517932
13517982	13517932
13517983	13515044
13517984	13517933
13517985	13517933
13517986	13515040
13517987	4725637
13517988	13517935
13517989	13517935
13517990	13517778
13517990	13517938
13517991	13517778
13517991	13517938
13517992	8023783
13517993	13514479
13517994	13517942
13517995	1935669
13517996	11747581
13517997	13517942
13517999	13514478
13518000	13516752
13518000	13516753
13518000	13516754
13518000	13520877
13518000	13520879
13518000	13520882
13518000	13520883
13518001	13517943
13518002	13514478
13518003	13517943
13518004	13518005
13518004	13518007
13518005	13518004
13518006	5366115
13518007	13518004
13518008	8614370
13518010	13412915
13518011	13412915
13518012	8407058
13518013	13517939
13518013	13518014
13518013	13519015
13518014	13518013
13518014	13531328
13518015	13517939
13518016	12888668
13518017	929772
13518018	13514471
13518019	13518020
13518019	13518025
13518020	13518019
13518021	13514470
13518022	2042571
13518023	11125127
13518024	2042571
13518025	13518019
13518026	13514468
13518027	13518028
13518027	13518030
13518028	13518027
13518029	11119893
13518030	13518027
13518031	12351626
13518032	5090708
13518033	3402558
13518034	3402558
13518035	13377842
13518036	13432049
13518037	13432049
13518038	13377842
13518039	12944831
13518040	13514464
13518041	12944831
13518042	12937425
13518043	12937425
13518044	12937425
13518045	12937425
13518046	12926843
13518047	13514464
13518048	1145790
13518049	12926843
13518050	12823059
13518051	12236163
13518052	12199405
13518053	12055269
13518054	12049747
13518055	11970891
13518056	11970891
13518057	11849803
13518058	11849803
13518059	8753718
13518060	13519014
13518060	13524556
13518060	13524842
13518060	13524843
13518060	13525369
13518060	13526990
13518060	13528878
13518060	13529597
13518060	13529884
13518060	13530884
13518061	11847134
13518062	11847134
13518063	13514458
13518064	11748433
13518065	11748433
13518066	11717761
13518067	11717761
13518068	4791870
13518069	11714930
13518070	11714930
13518071	11639196
13518072	11639196
13518073	11093393
13518073	13518190
13518074	12889918
13518075	10956453
13518076	10956453
13518077	13517870
13518077	13517874
13518077	13520872
13518077	13520874
13518078	13517874
13518078	13520862
13518078	13520864
13518079	13514463
13518079	13520861
13518080	13514459
13518080	13520859
13518081	1566400
13518082	1393683
13518083	1629659
13518084	10780023
13518085	10780023
13518086	56506
13518087	13517538
13518088	6043084
13518089	6043084
13518090	4558278
13518091	7269627
13518092	7269628
13518093	10695166
13518094	1045566
13518095	2154927
13518096	2154927
13518097	1045566
13518098	2154927
13518099	10775725
13518100	1045566
13518101	1183824
13518102	1045566
13518103	13302015
13518104	13302015
13518105	13237520
13518106	1045566
13518107	1045566
13518108	13158619
13518109	13158619
13518110	13158619
13518111	13158619
13518112	1049483
13518113	1049483
13518114	9728273
13518115	7544157
13518115	7665049
13518116	1053030
13518117	9210133
13518118	2913056
13518119	9698050
13518120	1183548
13518121	5281564
13518122	9697082
13518123	9728467
13518124	5054472
13518125	12767207
13518126	12767207
13518127	12767207
13518128	2422035
13518128	5014125
13518129	13514446
13518130	7389308
13518131	6842774
13518132	9615585
13518133	1053030
13518134	1054156
13518135	488951
13518136	1054164
13518137	12501811
13518138	5376961
13518139	12501811
13518140	12501811
13518141	9210203
13518142	11477421
13518142	13517604
13518142	13520856
13518143	9728373
13518144	1054194
13518145	9210122
13518146	9209989
13518147	13520853
13518148	12418898
13518149	12240139
13518150	12240139
13518151	6168841
13518152	13514434
13518153	9727286
13518154	1054462
13518155	1054462
13518156	12233202
13518157	9698360
13518158	12233202
13518159	1063664
13518160	10491757
13518160	13520849
13518161	13517803
13518161	13520844
13518162	13514430
13518163	1065011
13518164	9616609
13518165	9616601
13518166	407739
13518167	1066060
13518168	9209969
13518169	12099994
13518170	12091803
13518171	9206507
13518171	13242414
13518172	7679758
13518173	11889070
13518174	9802111
13518175	11847068
13518176	11847068
13518177	1069816
13518178	1069816
13518179	1070112
13518180	9210151
13518181	8304505
13518182	9616708
13518183	7451585
13518184	1072699
13518185	13514429
13518186	11748656
13518187	1346756
13518188	6220331
13518189	13514426
13518190	13518073
13518190	13520842
13518191	1072700
13518192	1072700
13518193	13517668
13518193	13517789
13518193	13520288
13518193	13520289
13518193	13520834
13518193	13520837
13518194	3258974
13518194	13517671
13518194	13517735
13518194	13517747
13518195	13517671
13518195	13517737
13518195	13517749
13518195	13520300
13518195	13520815
13518196	13517674
13518196	13517730
13518196	13517731
13518196	13517732
13518196	13520301
13518196	13520302
13518196	13520304
13518196	13520306
13518196	13561035
13518197	9209963
13518198	1593566
13518199	13517674
13518199	13517730
13518199	13517731
13518199	13517732
13518199	13520810
13518200	1593566
13518201	13514423
13518201	13514424
13518202	11057122
13518203	13514423
13518203	13514424
13518204	11024916
13518205	8723621
13518206	12113234
13518206	13520805
13518207	12113234
13518207	13520802
13518208	6405166
13518209	480581
13518210	1072704
13518211	1072705
13518212	13514421
13518213	1072706
13518214	13514421
13518215	13514418
13518216	1072707
13518217	13514377
13518218	1072714
13518219	13514376
13518220	13514372
13518221	1072715
13518222	1072721
13518223	1072731
13518224	1072731
13518225	7782216
13518226	13518229
13518226	13518231
13518227	7782213
13518228	7782213
13518229	13518226
13518230	7782213
13518231	13518226
13518232	13514369
13518233	13514371
13518234	13518237
13518234	13518238
13518234	13518239
13518234	13518240
13518235	7782212
13518236	13514368
13518237	13518234
13518238	13518234
13518239	13518234
13518240	13518234
13518241	13518242
13518241	13518245
13518242	13518241
13518243	7782211
13518244	7782209
13518245	13518241
13518246	13514363
13518247	7764807
13518248	13514362
13518249	13514362
13518250	7763686
13518251	11707722
13518252	11707722
13518253	377040
13518254	7981123
13518255	11580422
13518256	1581513
13518257	602582
13518258	602576
13518259	602576
13518260	13518265
13518260	13518274
13518261	2863115
13518262	2863115
13518262	11735004
13518263	7036039
13518263	7046714
13518263	7046717
13518263	13520792
13518264	7046714
13518264	7046716
13518264	13520793
13518265	13518260
13518266	7036044
13518266	7046714
13518267	11980306
13518268	13517653
13518268	13517832
13518269	13517653
13518269	13517832
13518269	13520790
13518270	13517656
13518270	13517797
13518270	13517799
13518270	13520788
13518271	9985904
13518272	12769753
13518272	13517621
13518272	13517859
13518272	13517860
13518272	13520780
13518273	13517493
13518273	13520770
13518273	13520773
13518273	13520775
13518273	13520778
13518274	13518260
13518275	12853620
13518276	13517443
13518276	13520767
13518277	10672891
13518278	13517432
13518278	13520764
13518279	13517930
13518280	13516949
13518280	13520761
13518281	13516943
13518281	13520749
13518281	13520755
13518282	13517930
13518282	13519855
13518283	13516916
13518283	13520746
13518284	13516916
13518284	13520744
13518285	13518288
13518285	13518291
13518286	13516893
13518286	13520737
13518286	13520738
13518287	10259889
13518288	13518285
13518289	9796249
13518290	416814
13518291	13518285
13518292	13422247
13518293	11982789
13518294	13386054
13518295	13518298
13518295	13518301
13518296	11994308
13518297	13386052
13518298	13518295
13518298	13518303
13518298	13518305
13518298	13519011
13518299	13206874
13518300	13315666
13518301	13518295
13518301	13518388
13518302	13277441
13518303	13518298
13518303	13520734
13518304	13277442
13518305	13518298
13518305	13520731
13518306	13520726
13518306	13520727
13518306	13520729
13518307	13520711
13518307	13520713
13518307	13520724
13518309	13517745
13518310	3839273
13518310	3839280
13518310	13520709
13518310	13520710
13518311	3839273
13518311	3839281
13518312	3839273
13518312	13520702
13518312	13520704
13518313	13517743
13518313	13517771
13518313	13519010
13518314	12299355
13518314	13518316
13518315	12299355
13518315	13518316
13518316	12299355
13518316	13518314
13518316	13518315
13518316	13518317
13518316	13518318
13518316	13518320
13518316	13518322
13518317	13518316
13518318	12299355
13518318	13518316
13518319	36458
13518320	13518316
13518321	36458
13518322	12299355
13518322	13518316
13518323	4680021
13518324	36459
13518325	5243611
13518325	13519067
13518326	36460
13518327	36461
13518328	36461
13518329	13518332
13518330	36462
13518331	36463
13518332	13518329
13518333	36464
13518333	13814442
13518333	13814444
13518334	36469
13518335	13518336
13518336	2820592
13518336	13518335
13518337	36471
13518339	36472
13518340	36473
13518342	36474
13518343	36475
13518344	36476
13518345	36477
13518346	36478
13518347	13518349
13518348	36479
13518349	13518347
13518349	13518362
13518350	36479
13518351	36480
13518352	3076515
13518353	36481
13518354	13518375
13518354	13518381
13518355	36482
13518356	13518357
13518357	13518356
13518358	36484
13518359	36486
13518360	36487
13518361	13517656
13518362	13518349
13518362	13520699
13518363	12456666
13518364	13518368
13518364	13518370
13518365	36491
13518366	36493
13518367	36494
13518368	13518364
13518369	12762399
13518370	13518364
13518370	13518493
13518371	36495
13518372	36496
13518373	36497
13518374	36498
13518375	13518354
13518375	13518378
13518376	13518379
13518377	2331583
13518378	13518375
13518378	13520693
13518378	13520694
13518378	13520696
13518378	13520697
13518379	13518376
13518379	13518380
13518380	13518379
13518380	13520691
13518381	13518354
13518381	13519849
13518381	13519852
13518382	12299355
13518382	13520683
13518382	13520684
13518383	12299355
13518383	13520681
13518383	13520682
13518384	5362420
13518385	36501
13518386	13512890
13518387	5326375
13518387	5326376
13518388	13518301
13518388	13520676
13518390	325745
13518391	13518393
13518391	13518395
13518392	1723117
13518393	2580497
13518393	13518391
13518394	13360094
13518395	2580499
13518395	13518391
13518396	13360095
13518397	13513076
13518398	13518407
13518398	13518413
13518399	13513076
13518400	8864821
13518401	4091700
13518402	7079663
13518403	13512984
13518404	8523035
13518405	8508778
13518406	8508778
13518407	13518398
13518407	13519007
13518408	10527766
13518409	13514074
13518410	8382457
13518412	13514074
13518413	13518398
13518414	8193909
13518415	13513234
13518416	8180050
13518417	8120244
13518418	6874261
13518419	7901922
13518420	4666838
13518421	13518424
13518421	13518426
13518422	2648227
13518423	7832441
13518424	13518421
13518425	7791979
13518425	13588200
13518426	13518421
13518426	13519845
13518427	3916123
13518428	13514312
13518429	7357036
13518430	7254994
13518431	13516089
13518432	13516091
13518433	13516092
13518434	7137380
13518435	13516122
13518436	7033970
13518437	6678542
13518438	13516125
13518439	4921331
13518440	13199600
13518441	6480619
13518442	5847273
13518443	13516835
13518444	2111476
13518445	2111476
13518446	10715087
13518447	3909903
13518448	5797290
13518449	5165092
13518450	13518452
13518450	13518454
13518451	2014689
13518452	13518450
13518452	13519840
13518453	383646
13518454	13518450
13518454	13518479
13518455	13238361
13518456	13236165
13518457	8479031
13518457	13518459
13518457	13518460
13518458	13127649
13518459	13518457
13518459	13518481
13518460	13518457
13518460	13518482
13518461	13518462
13518461	13518463
13518462	13518461
13518462	13519005
13518463	13518461
13518463	13518484
13518464	13516891
13518465	1126087
13518466	2684689
13518467	13516891
13518468	6269459
13518469	13516895
13518470	13516895
13518471	5651139
13518472	13517583
13518473	3287010
13518473	13826850
13518474	3006945
13518475	13517583
13518476	2871047
13518477	2642736
13518478	2434812
13518479	13518454
13518479	13520668
13518479	13520669
13518480	2396035
13518481	13518459
13518481	13520663
13518482	13518460
13518482	13520662
13518483	2292309
13518484	13518463
13518484	13520653
13518485	3357817
13518486	13517732
13518487	3319243
13518488	13517732
13518488	13520304
13518489	13517733
13518490	13517733
13518491	2542139
13518492	2542105
13518493	13518370
13518493	13520631
13518494	2276556
13518495	13517747
13518496	13517747
13518497	1654337
13518500	2077
13518501	2077
13518502	13517789
13518503	13517789
13518504	13518531
13518504	13518534
13518505	256268
13518505	1316338
13518505	1354152
13518505	1369623
13518505	6873227
13518505	13520576
13518506	13517790
13518507	13363930
13518508	13331742
13518509	7637268
13518510	13140469
13518511	13240499
13518512	13240498
13518513	13460927
13518514	13422386
13518515	13392469
13518516	13382087
13518517	13363979
13518518	13363978
13518519	13363974
13518520	13363971
13518521	13363959
13518521	13700505
13518522	13363954
13518523	13363928
13518524	13363926
13518525	13363923
13518529	12947236
13518530	13167793
13518531	13518504
13518532	13437715
13518534	13518504
13518534	13519002
13518535	13518536
13518535	13518537
13518535	13518538
13518536	13518535
13518537	13518535
13518538	13518535
13518539	13331361
13518540	13354581
13518541	10854328
13518542	10854328
13518543	13311267
13518545	13235958
13518546	13235957
13518547	13518554
13518547	13518556
13518548	7118362
13518549	13518558
13518549	13518559
13518551	13518560
13518551	13518561
13518553	13518572
13518553	13518575
13518554	13518547
13518556	13518547
13518558	13518549
13518559	13518549
13518560	13518551
13518561	13518551
13518562	1406841
13518563	12715452
13518563	13520570
13518564	12883230
13518565	12715455
13518565	13520567
13518566	12715456
13518566	13520563
13518567	11898531
13518568	12172577
13518569	11898531
13518570	11405150
13518571	6998327
13518572	13518553
13518573	10231055
13518574	2392433
13518575	13518553
13518576	13520560
13518576	13520561
13518577	11615799
13518578	5636748
13518579	5539873
13518580	11859845
13518581	11580402
13518582	1406930
13518583	11676883
13518584	8058490
13518585	11990852
13518586	11734985
13518587	11648959
13518588	11622927
13518589	11622927
13518590	10800166
13518591	13371566
13518592	13360013
13518593	13359919
13518594	13354580
13518595	13516362
13518595	13520557
13518596	13516362
13518596	13520552
13518597	11366128
13518597	13518600
13518598	13520550
13518599	4475537
13518599	5151190
13518599	5705012
13518599	7277191
13518599	7277196
13518599	11405458
13518599	13518601
13518599	13518605
13518600	13518597
13518600	13520548
13518601	2111317
13518601	2152546
13518601	4729921
13518601	13518599
13518602	12334611
13518603	9412959
13518604	1808128
13518605	13518599
13518605	13520543
13518606	2549833
13518607	11534463
13518608	9652798
13518609	623791
13518610	675720
13518611	2000533
13518612	2000533
13518612	13518705
13518613	2000533
13518613	13518705
13518614	6274896
13518614	6275006
13518614	6633852
13518614	7609931
13518614	9278146
13518614	11839511
13518614	13520540
13518615	1361512
13518615	13518616
13518615	13519065
13518616	1361512
13518616	13518615
13518617	12521779
13518618	701220
13518619	6833980
13518620	9464559
13518621	13520533
13518622	11635028
13518623	2918703
13518624	2325942
13518625	12591905
13518626	2046821
13518626	6198173
13518626	8194880
13518627	2046821
13518627	6198173
13518627	8194880
13518628	1056459
13518629	2046821
13518629	2049533
13518629	8194880
13518630	2046821
13518630	2049533
13518630	8194880
13518631	2046821
13518631	8194880
13518632	2046821
13518632	8194880
13518633	9430612
13518634	8526944
13518635	8526944
13518636	8526945
13518637	8526945
13518638	1536778
13518639	13370724
13518640	1084857
13518640	5117311
13518641	1084857
13518641	5117311
13518641	13226331
13518642	11564556
13518642	13533107
13518642	13533109
13518642	13757393
13518643	12558123
13518644	10589186
13518644	13518659
13518644	13519064
13518645	10589186
13518645	13518659
13518645	13518660
13518646	10219013
13518647	2998371
13518648	2998371
13518649	2396178
13518649	2397662
13518649	2588219
13518649	5005988
13518649	13520272
13518650	6806438
13518651	1422175
13518652	12732822
13518653	12732822
13518654	2639535
13518655	9969176
13518656	11744469
13518657	12071172
13518658	11515455
13518659	10589186
13518659	13518644
13518659	13518645
13518660	10589186
13518660	13518645
13518660	13518948
13518660	13518949
13518661	893033
13518662	12424312
13518663	12586630
13518664	7493018
13518665	9361051
13518665	13533111
13518665	13533112
13518666	7493018
13518667	12828695
13518668	5531093
13518669	12696076
13518670	12696076
13518671	4830260
13518672	2394004
13518673	11923483
13518674	11923483
13518675	9770940
13518676	1720062
13518677	1720062
13518678	12866358
13518679	3912818
13518679	4987440
13518680	3341730
13518681	693735
13518682	13517650
13518683	1199969
13518684	7756434
13518685	6163131
13518686	5175096
13518687	12843572
13518688	11307511
13518688	13523419
13518689	2861712
13518690	5829143
13518691	1145606
13518691	1145607
13518691	1487248
13518691	1715677
13518691	1716132
13518691	1786913
13518691	1789868
13518691	1794820
13518691	2301826
13518691	3606967
13518691	3607375
13518691	4331067
13518691	4387292
13518691	5248381
13518691	5266312
13518691	6068443
13518691	7451614
13518691	8390841
13518691	8640582
13518691	8676350
13518691	8676351
13518691	8765661
13518691	9722916
13518691	12904354
13518691	12905103
13518691	13518693
13518691	13525359
13518691	13530880
13518692	9169175
13518693	13518691
13518695	9169175
13518696	6292943
13518697	3556240
13518698	9604841
13518698	13628120
13518699	1467637
13518700	2999996
13518701	3168543
13518702	1551911
13518703	1484043
13518704	9463403
13518705	1588845
13518705	13518612
13518705	13518613
13518705	13520236
13518706	1121321
13518706	13543692
13518707	7284990
13518707	7285111
13518708	1121321
13518708	13531316
13518708	13531317
13518708	13531318
13518709	10311722
13518709	13518712
13518710	12754524
13518711	13279342
13518712	13518709
13518712	13520235
13518713	12517266
13518714	8157879
13518714	8157881
13518714	13520276
13518714	13520277
13518715	10749574
13518715	13586419
13518716	8317684
13518716	13523417
13518717	1931474
13518718	12043827
13518718	13518721
13518719	12043827
13518720	671755
13518721	12043827
13518721	12043887
13518721	12044106
13518721	13518718
13518721	13519496
13518721	13520227
13518721	13542044
13518721	13542045
13518722	13518946
13518722	13518947
13518722	13520222
13518723	422869
13518724	13518943
13518724	13518944
13518724	13520218
13518725	5778397
13518726	8680401
13518726	8774479
13518726	9145436
13518727	4159666
13518728	3416677
13518728	3418343
13518728	5180737
13518728	13520215
13518729	11381889
13518729	13523401
13518730	466622
13518730	11292319
13518731	6827119
13518732	12416802
13518732	13520199
13518733	414284
13518733	1079793
13518733	11189593
13518733	13520194
13518734	414284
13518734	1079793
13518734	11189593
13518734	13518941
13518734	13520193
13518735	11229012
13518736	873760
13518737	9129228
13518738	13352189
13518739	12656459
13518740	12656459
13518741	273858
13518741	13520192
13518742	273858
13518742	13520185
13518743	5250547
13518744	307604
13518745	9365656
13518746	8212772
13518747	8212772
13518748	9611441
13518748	12516734
13518749	2260603
13518750	12054098
13518751	1989760
13518751	11542333
13518751	13520179
13518752	13520180
13518752	13520181
13518753	12054098
13518754	13520176
13518755	13520160
13518756	301187
13518758	7962409
13518759	10037509
13518760	1107280
13518761	11915943
13518762	11915943
13518763	12707324
13518764	12313927
13518764	13588352
13518764	13598889
13518764	13598890
13518764	13599269
13518766	1392374
13518767	12962292
13518769	12869931
13518770	10496335
13518771	1349267
13518771	13225341
13518771	13531314
13518772	4664501
13518773	13025246
13518774	7931496
13518774	8607562
13518775	10113345
13518776	3531057
13518776	10927888
13518776	10927889
13518777	2112313
13518777	11948955
13518778	10685331
13518779	10512690
13518780	9440634
13518781	10728061
13518782	10579721
13518783	13518784
13518784	13518783
13518785	13518786
13518786	13518785
13518787	13518790
13518788	13512971
13518788	13518924
13518788	13586417
13518789	13512960
13518789	13518928
13518790	13518787
13518791	13518794
13518792	12088263
13518793	9086298
13518794	13518791
13518795	13518796
13518796	13518795
13518797	13518798
13518798	13518797
13518799	13518800
13518800	13518799
13518801	13518802
13518802	13518801
13518803	13518806
13518803	13803751
13518804	9955398
13518805	4898201
13518806	13518803
13518806	13803751
13518807	13518812
13518808	5222366
13518809	5387849
13518810	3287612
13518812	13518807
13518813	5141835
13518814	6832700
13518815	11815639
13518816	6116774
13518817	10410853
13518818	13261724
13518819	2757271
13518820	7801603
13518821	6457371
13518822	6177104
13518823	5033481
13518824	11040752
13518824	13784246
13518825	5258285
13518826	9512501
13518827	10413181
13518828	13261897
13518829	2757273
13518830	7801965
13518831	6457386
13518832	6177446
13518833	5033503
13518834	5033503
13518835	11040959
13518836	5258332
13518837	12123551
13518838	13456785
13518839	12981736
13518840	5599347
13518841	11074917
13518842	5318111
13518843	6798012
13518844	575951
13518845	9834507
13518846	2679840
13518846	13749648
13518847	8886845
13518847	13654715
13518848	6162547
13518849	2488823
13518849	13689192
13518850	7995140
13518851	12641468
13518851	13554186
13518851	13554187
13518852	12124579
13518853	11541750
13518854	10323090
13518854	13620466
13518855	10118267
13518856	5396227
13518857	11744710
13518858	9731349
13518859	12879496
13518860	5503733
13518861	12949076
13518862	2526334
13518863	5606796
13518864	12140637
13518865	8602382
13518866	3415980
13518867	11762790
13518868	5335878
13518869	4830321
13518870	12655035
13518871	6323466
13518872	11654917
13518873	2223932
13518874	10540784
13518875	12378005
13518876	9843163
13518877	3153101
13518878	4673130
13518879	11825370
13518880	6063913
13518881	11690633
13518882	2588259
13518883	12099671
13518884	10621855
13518885	10753783
13518886	3675711
13518887	11080050
13518888	11762750
13518889	10830094
13518890	9550125
13518891	11910210
13518892	6796509
13518893	11317221
13518894	11675014
13518895	4499306
13518895	4758944
13518895	4989295
13518896	12674435
13518897	5729077
13518898	3149551
13518899	10364951
13518900	8561588
13518900	13654789
13518901	3421227
13518901	5072458
13518902	12961299
13518903	2588355
13518904	3361201
13518905	12591540
13518906	10176572
13518907	2508937
13518908	6630382
13518908	8546285
13518909	6886600
13518910	1740966
13518911	3216860
13518912	10176978
13518913	3380436
13518915	12591601
13518916	10176614
13518917	6630389
13518917	13577156
13518918	8546471
13518919	6886611
13518920	3217056
13518921	10176992
13518921	13591661
13518922	6840992
13518923	10851664
13518923	13561322
13518924	13518788
13518924	13586417
13518925	9521389
13518926	6369860
13518926	13554155
13518926	13554157
13518927	11736792
13518928	13518789
13518929	7402950
13518929	7908022
13518930	7694092
13518931	6561977
13518932	2781791
13518933	12905369
13518934	12364374
13518935	10937930
13518936	7034104
13518937	3971421
13518938	8179612
13518939	13270196
13518940	4203452
13518940	13688993
13518941	13518734
13518942	3203881
13518942	5351016
13518943	13518724
13518943	13538045
13518944	13518724
13518945	3403125
13518946	13518722
13518947	13518722
13518947	13746674
13518948	13518660
13518949	13518660
13518950	5642570
13518951	5229421
13518951	13022780
13518951	13022781
13518951	13520166
13518952	5229421
13518952	13022780
13518952	13022781
13518952	13520165
13518952	13520166
13518953	1887288
13518954	2011766
13518955	4888333
13518956	8646521
13518957	11822567
13518958	3770954
13518959	8590471
13518960	4390793
13518961	3817347
13518962	5373240
13518963	4836439
13518964	2563348
13518965	589947
13518965	3882875
13518965	13369846
13518966	5996790
13518967	6164750
13518968	10345006
13518969	13519001
13518970	3825798
13518970	7862403
13518971	8051891
13518972	10122568
13518973	3929247
13518974	8738733
13518975	4836454
13518975	13593852
13518976	2563349
13518977	2360613
13518978	3882887
13518979	5997076
13518980	5819234
13518980	6164769
13518981	4888364
13518982	4888364
13518983	8646579
13518984	11822595
13518985	1998209
13518986	3770957
13518987	8590486
13518988	6294029
13518989	10686656
13518989	13689278
13518990	4390859
13518991	3817389
13518992	13084257
13518992	13531303
13518993	13084257
13518993	13531303
13518994	3817389
13518995	2245016
13518996	2245015
13518997	2245015
13518998	5373328
13518999	4836487
13519000	2563371
13519001	13518969
13519002	13518534
13519003	11855727
13519004	6815124
13519005	13518462
13519006	3883017
13519007	13518407
13519008	5997356
13519008	13753004
13519009	6164785
13519010	13518313
13519011	13518298
13519012	10345651
13519013	41817
13519014	13518060
13519015	13518013
13519016	13517736
13519017	10122655
13519017	10625245
13519018	13517688
13519019	5641941
13519020	4275890
13519021	4021632
13519022	12490400
13519024	8609666
13519025	1226150
13519026	6315996
13519027	3472706
13519028	9391332
13519029	6820363
13519030	3620873
13519031	3663896
13519032	4163600
13519033	9084656
13519034	10321401
13519035	11917270
13519036	5324892
13519037	13497282
13519037	13691725
13519038	3093947
13519039	8927396
13519039	13692922
13519040	8938342
13519041	12132083
13519042	541280
13519042	1010498
13519042	2012314
13519043	9135098
13519044	2888253
13519045	12392459
13519045	13806273
13519046	11595076
13519046	13519294
13519047	12793917
13519048	7921285
13519049	12378022
13519051	12415096
13519052	12408539
13519053	2012328
13519054	3044462
13519055	5516514
13519056	10695188
13519057	8196550
13519060	4324743
13519060	12249710
13519060	13657388
13519061	11125284
13519062	4239706
13519063	12432891
13519064	13518644
13519065	13518615
13519067	13518325
13519068	12476700
13519069	1361512
13519070	2012335
13519071	3044470
13519072	5516569
13519073	10695234
13519074	10695234
13519074	13622340
13519075	8196577
13519076	9492671
13519077	9492671
13519078	9005076
13519079	8996565
13519080	2408227
13519080	2408229
13519080	6230920
13519080	7168121
13519081	12249841
13519083	3556588
13519084	13519086
13519085	2134507
13519086	13519084
13519087	5824110
13519088	5974050
13519089	5501818
13519090	1793516
13519091	7101626
13519092	1642194
13519094	5321784
13519095	10038240
13519097	13149000
13519098	13187818
13519099	8361753
13519100	2012960
13519101	13155937
13519102	9165070
13519103	13155892
13519104	6842929
13519105	2012354
13519106	13235748
13519107	13238026
13519108	3044476
13519109	8130570
13519110	13238028
13519110	13547295
13519110	13547296
13519112	7997573
13519113	13224656
13519114	10695296
13519115	8196642
13519116	6879929
13519117	9493094
13519118	9005119
13519119	13198914
13519121	13237773
13519122	8996618
13519123	13187514
13519123	13543047
13519123	13543049
13519123	13543050
13519124	8996618
13519125	13519128
13519126	13237760
13519127	12249950
13519128	13519125
13519129	13237772
13519130	4239732
13519131	13237534
13519132	13187811
13519133	3556616
13519134	2134515
13519135	5824769
13519136	13244180
13519137	5501842
13519138	1793522
13519139	3556616
13519140	13155971
13519140	13537450
13519140	13537452
13519140	13537453
13519141	7101979
13519142	13147203
13519143	1793522
13519144	7101979
13519145	13237738
13519146	13198845
13519147	1642865
13519148	13519151
13519149	13187475
13519150	13188102
13519151	13519148
13519152	13174781
13519153	10038823
13519154	13519164
13519154	13521097
13519155	13237736
13519156	13115830
13519156	13115834
13519156	13537530
13519156	13537537
13519156	13537539
13519157	13174777
13519158	3644250
13519159	13130060
13519160	13519163
13519161	13187808
13519162	13201688
13519163	13519160
13519164	13519154
13519165	11945271
13519165	13561290
13519166	13131838
13519167	10925976
13519168	5695280
13519168	8171534
13519169	13244042
13519170	8579874
13519171	13166619
13519172	13155912
13519173	13148498
13519173	13537593
13519174	10147172
13519175	13244050
13519176	8151702
13519177	3148571
13519178	13194119
13519180	1092891
13519181	13128316
13519182	13519194
13519182	13521130
13519183	6695740
13519184	13212754
13519185	9180644
13519186	13155906
13519187	7999426
13519188	13155918
13519189	1797779
13519189	5662140
13519190	1772840
13519191	598520
13519192	4615791
13519193	13237734
13519194	13519182
13519195	4615791
13519196	12706372
13519197	13237618
13519198	4615791
13519199	13238027
13519200	13161040
13519201	13174848
13519202	5507858
13519203	13237570
13519204	7546132
13519205	13185723
13519206	13237754
13519207	13141849
13519208	13164662
13519209	13244039
13519209	13244040
13519210	13192529
13519213	13155947
13519214	13517746
13519215	13167454
13519216	13168082
13519217	5914110
13519217	13519219
13519217	13519222
13519218	7034203
13519219	13519217
13519219	13594973
13519220	13237530
13519221	13155842
13519222	13519217
13519222	13594973
13519223	5975476
13519224	7099335
13519225	13235750
13519226	6540731
13519227	13146432
13519228	13517742
13519229	13237751
13519230	13155920
13519231	13206410
13519232	13188103
13519233	13517923
13519234	13185254
13519234	13185255
13519235	13117623
13519236	4846038
13519236	13692907
13519237	13170304
13519238	7116722
13519239	13117719
13519240	13128369
13519241	6803526
13519242	13155943
13519242	13155945
13519243	13230760
13519244	13152372
13519245	796423
13519246	13237524
13519247	8586534
13519248	13507388
13519249	13156026
13519250	5969871
13519251	13161717
13519252	13187504
13519253	6403735
13519253	13816810
13519254	13121420
13519255	13389294
13519256	10004904
13519257	2805000
13519258	10004904
13519259	13131496
13519260	7386141
13519261	13237520
13519262	2836070
13519263	3181883
13519264	13261455
13519265	12843165
13519265	13507377
13519266	13111924
13519267	13509993
13519268	3324307
13519269	13203503
13519270	2853435
13519271	13237743
13519272	3290139
13519273	7405131
13519274	2876271
13519275	2878832
13519276	4448965
13519276	13519289
13519277	7137166
13519278	7137166
13519279	7137166
13519280	13192453
13519281	13165487
13519282	13295830
13519283	4255308
13519284	13137560
13519285	10144858
13519286	13194416
13519287	13281440
13519288	13147214
13519289	13519276
13519290	13199174
13519291	13185339
13519292	13172640
13519292	13657404
13519293	13014122
13519294	13519046
13519295	13512439
13519296	13256436
13519297	756549
13519297	8418687
13519297	13519299
13519297	13519304
13519298	7078304
13519299	13519297
13519300	13184372
13519301	655550
13519302	13185504
13519303	909635
13519304	13519297
13519305	13238029
13519306	5370891
13519306	6460973
13519306	9757084
13519307	13155956
13519308	13216316
13519309	13155899
13519310	13156024
13519311	11509645
13519312	13161039
13519313	12967841
13519314	2375756
13519315	13161031
13519316	2375756
13519317	685801
13519317	2092964
13519317	13519322
13519318	13291166
13519319	13192442
13519320	3994154
13519320	13657132
13519321	13237528
13519322	13519317
13519323	13161001
13519324	3265395
13519325	13155877
13519326	3748614
13519327	13237744
13519328	13237780
13519329	13519341
13519329	13521132
13519329	13586037
13519330	13192444
13519331	13237752
13519333	13146228
13519334	13151215
13519335	6133717
13519335	6135279
13519335	6135305
13519335	6384950
13519336	9996034
13519336	9996035
13519336	9996707
13519336	9996711
13519336	11540036
13519337	13151378
13519338	2361527
13519338	13187520
13519338	13535202
13519338	13535203
13519339	13161008
13519340	13471534
13519341	13519329
13519342	13508779
13519343	13194125
13519344	910876
13519345	13237732
13519346	13508778
13519347	13237564
13519348	13237783
13519349	13237559
13519350	7678380
13519351	13237759
13519352	7678380
13519353	13169776
13519354	13237757
13519355	988598
13519356	276147
13519357	13185248
13519358	13348622
13519359	13244096
13519360	36078
13519360	8107518
13519361	13517832
13519362	13165879
13519363	3951183
13519364	13516706
13519365	3951183
13519366	13516706
13519367	9928246
13519368	990029
13519369	13259171
13519369	13552327
13519370	13510825
13519371	12624693
13519371	13532494
13519372	916576
13519373	2377156
13519374	13261655
13519375	13519377
13519375	13519378
13519376	3917900
13519377	13519375
13519377	13521134
13519378	13519375
13519378	13521134
13519379	264824
13519380	264824
13519381	4623148
13519382	4222577
13519383	425707
13519384	4819297
13519384	13687029
13519385	13687032
13519386	2051386
13519387	13188021
13519388	12979815
13519389	4606501
13519389	13527220
13519389	13527224
13519390	6005430
13519391	5597150
13519392	9753129
13519393	7380593
13519394	7380593
13519395	4027724
13519396	13826768
13519397	4027726
13519398	2897047
13519398	13692902
13519399	5589915
13519400	7376435
13519401	4526418
13519402	13507773
13519402	13610476
13519403	6309512
13519404	3413139
13519405	13231622
13519405	13657380
13519406	5865175
13519407	13517794
13519408	13517794
13519409	4262488
13519410	5384375
13519411	3238566
13519411	13610498
13519412	6170509
13519413	13155917
13519414	13199283
13519415	13143873
13519416	13517734
13519417	8229408
13519417	13519418
13519418	13519417
13519419	7443476
13519420	13517725
13519421	3256103
13519422	6643664
13519423	11657040
13519424	11657040
13519425	2323416
13519425	13677397
13519426	1500025
13519426	3875136
13519427	13187479
13519428	13237593
13519429	3525047
13519430	12734999
13519430	13517788
13519430	13519474
13519430	13528860
13519431	4007531
13519432	13201729
13519432	13535113
13519432	13535114
13519432	13535116
13519433	13517786
13519433	13526744
13519433	13526745
13519433	13528882
13519434	13517691
13519435	3057534
13519436	5683962
13519437	13203698
13519438	10789465
13519439	13117395
13519440	13118986
13519441	9410533
13519442	11142653
13519443	13517688
13519444	13117667
13519445	6930606
13519446	13374846
13519446	13374847
13519446	13517686
13519446	13527032
13519446	13638430
13519447	13187809
13519448	13517688
13519449	13147193
13519450	13161009
13519451	6930606
13519452	13201793
13519452	13550702
13519452	13550705
13519453	13155942
13519453	13559166
13519453	13559167
13519454	13237587
13519455	13237737
13519456	13237782
13519457	13198856
13519458	13117663
13519459	4398849
13519460	13237747
13519461	13128391
13519462	316173
13519463	11657040
13519464	13237753
13519465	646050
13519466	13112014
13519467	11657040
13519468	13198786
13519469	13237756
13519469	13537393
13519469	13537394
13519470	11657040
13519471	13199375
13519472	13237537
13519472	13537404
13519472	13537405
13519472	13537406
13519472	13576080
13519472	13593677
13519473	13187628
13519473	13587247
13519473	13587248
13519473	13587250
13519474	13517788
13519474	13519430
13519474	13519478
13519474	13519482
13519475	573199
13519476	13185483
13519477	13237739
13519478	13519474
13519479	13155888
13519480	13237770
13519481	13161038
13519482	13519474
13519483	13394603
13519484	8643179
13519485	8560467
13519486	13192438
13519487	8550116
13519488	13271731
13519489	13237749
13519490	13187508
13519491	13155891
13519492	8541575
13519493	8541575
13519494	8541575
13519495	10164748
13519496	13518721
13519496	13542044
13519496	13542045
13519497	12630010
13519498	13146442
13519499	12627840
13519500	13511600
13519500	13530294
13519500	13530295
13519500	13530296
13519500	13531300
13519500	13531301
13519501	13115927
13519502	2187226
13519503	2187226
13519504	2187226
13519505	2187226
13519506	13117666
13519507	11252463
13519508	11252463
13519509	12274342
13519510	11252463
13519511	10946223
13519512	13115731
13519513	10946223
13519514	11252463
13519515	12276043
13519516	3826976
13519517	8633585
13519517	13551478
13519518	2982295
13519519	13260811
13519520	12286870
13519521	69243
13519522	69243
13519523	13148425
13519524	13077137
13519525	2421
13519526	2421
13519527	13191993
13519528	252798
13519529	252798
13519530	5267083
13519531	5267083
13519531	13519536
13519532	13117611
13519533	747841
13519534	3738430
13519535	3738430
13519536	13519531
13519537	11959512
13519538	8782301
13519539	11959516
13519540	5585543
13519541	8312539
13519542	2721845
13519543	4583065
13519544	2262818
13519545	4583065
13519546	3735045
13519547	3735045
13519548	3735045
13519549	10995371
13519550	13519555
13519550	13519557
13519551	4583065
13519551	13593848
13519552	13111897
13519553	13513395
13519553	13513400
13519553	13568721
13519553	13604212
13519553	13604287
13519553	13604562
13519553	13604568
13519553	13604572
13519554	9115262
13519555	13519550
13519555	13519835
13519556	5475897
13519557	13519550
13519558	6727516
13519559	13512144
13519560	10223247
13519561	10472704
13519562	5807665
13519563	4922957
13519565	13226023
13519566	10761921
13519567	11511743
13519568	6561848
13519569	13224746
13519570	3019004
13519571	12536282
13519571	13509443
13519571	13542039
13519572	3508719
13519573	622794
13519574	13183648
13519575	10116699
13519576	13519579
13519576	13519585
13519577	9105207
13519578	11527989
13519579	13519576
13519580	9846811
13519581	13142087
13519581	13142101
13519581	13142105
13519581	13537663
13519582	2978770
13519583	13519591
13519584	3675280
13519585	13519576
13519585	13519833
13519586	11825960
13519587	559921
13519588	559921
13519589	12650873
13519589	13742745
13519590	11784172
13519591	13519583
13519591	13520205
13519591	13520206
13519592	11492996
13519593	3999344
13519594	11492996
13519595	12627783
13519596	8569787
13519597	8538615
13519598	11492996
13519599	4417408
13519600	13519609
13519600	13519612
13519601	3047179
13519602	13170126
13519603	10601820
13519606	13519611
13519606	13520384
13519606	13520385
13519606	13527077
13519607	2907428
13519608	372804
13519609	13519600
13519610	2465412
13519611	13519606
13519611	13520384
13519611	13520385
13519612	13519600
13519613	13259035
13519614	13519617
13519614	13519624
13519615	7669533
13519616	11071007
13519617	13519614
13519617	13519832
13519618	13519643
13519619	7669533
13519620	4817245
13519621	13180109
13519622	3885429
13519623	7201645
13519624	13519614
13519625	3116749
13519627	3058028
13519627	4006422
13519627	5674300
13519627	5843020
13519627	13361789
13519627	13515763
13519628	2530573
13519629	5471089
13519630	13515754
13519630	13515755
13519631	24574
13519631	13152254
13519631	13536149
13519631	13536151
13519631	13536154
13519631	13536156
13519632	4873468
13519633	88248
13519633	315459
13519633	13172320
13519633	13172321
13519633	13536216
13519635	12662375
13519636	13298896
13519637	13519647
13519637	13519649
13519638	10527785
13519639	5296969
13519640	7036084
13519641	7015021
13519642	2534596
13519643	13519618
13519643	13520203
13519644	5876958
13519644	13679997
13519645	6991219
13519646	3971296
13519647	13519637
13519648	13507627
13519648	13510531
13519648	13510575
13519649	13519637
13519650	823734
13519651	5768704
13519652	6702565
13519653	9475562
13519654	12120036
13519655	7256371
13519657	13603312
13519658	13680004
13519659	13111913
13519660	2392252
13519661	13231943
13519662	8857951
13519663	8481064
13519663	13175053
13519664	7919055
13519665	5361190
13519666	13235969
13519667	2196601
13519668	6360764
13519669	13155903
13519670	3060845
13519671	5596484
13519672	13117382
13519673	13117382
13519674	13117382
13519675	13231362
13519675	13231366
13519676	10701917
13519677	3857207
13519677	8034333
13519678	2668647
13519679	7977432
13519680	12525178
13519681	12172592
13519682	11159125
13519682	13552353
13519683	4438007
13519684	7932256
13519684	13519686
13519685	9640479
13519686	13519684
13519687	9640479
13519688	10789540
13519690	13519694
13519691	7986357
13519692	5728161
13519694	13519690
13519695	13209515
13519696	3603425
13519699	1453909
13519699	13519767
13519701	11736580
13519703	13231293
13519704	11722597
13519705	375587
13519706	375587
13519707	11979322
13519708	11979289
13519710	11229013
13519711	11229013
13519712	11825911
13519713	11229013
13519715	11229013
13519716	13225049
13519717	11229014
13519718	11229014
13519719	11613516
13519720	11229014
13519721	11613516
13519722	13519732
13519722	13519739
13519723	13218494
13519724	11229016
13519725	11613514
13519726	13519750
13519727	13202192
13519728	11229016
13519729	10799330
13519730	13519732
13519731	13228472
13519732	13519722
13519732	13519730
13519733	11229019
13519734	11229019
13519735	11229019
13519736	1829639
13519736	13220312
13519736	13543260
13519737	11229021
13519738	11229022
13519739	13519722
13519740	13202292
13519741	13121262
13519742	2647761
13519742	3062079
13519742	3135470
13519743	9755183
13519743	9755184
13519744	11229024
13519745	1079247
13519745	1754342
13519745	4471531
13519745	4471534
13519747	11229026
13519748	13152182
13519749	11229027
13519750	13519726
13519751	11229030
13519752	11722595
13519753	13243087
13519753	13243093
13519754	11229033
13519755	13231313
13519756	6455190
13519757	11229033
13519758	1043814
13519759	11100654
13519759	13523399
13519759	13523405
13519760	1043814
13519761	11100654
13519761	13523398
13519761	13523405
13519762	11229037
13519763	3760477
13519764	10198568
13519767	13519699
13519769	10198568
13519770	616514
13519771	13519776
13519772	616420
13519773	10198569
13519774	376227
13519775	9598535
13519776	13519771
13519777	10198569
13519779	13519782
13519780	647527
13519782	13519779
13519783	10198570
13519784	11432032
13519785	3906822
13519786	11432032
13519787	11432032
13519788	4932909
13519789	11432032
13519790	11432032
13519791	13519794
13519791	13519802
13519792	666317
13519793	3168878
13519793	3169557
13519793	11219767
13519793	11219768
13519794	13519791
13519795	10198572
13519796	10198573
13519797	384023
13519798	21011
13519801	13034594
13519802	13519791
13519804	13519807
13519804	13519817
13519805	8818538
13519807	13519804
13519808	13527141
13519809	13527137
13519814	5915552
13519814	10731374
13519816	5171281
13519817	13519804
13519819	13519822
13519819	13519824
13519820	5171281
13519821	2401995
13519822	13519819
13519824	13519819
13519825	13519827
13519825	13519828
13519826	617391
13519827	13519825
13519828	13519825
13519828	13519830
13519829	7731024
13519830	13519828
13519831	1572121
13519832	13519617
13519833	13519585
13519835	13519555
13519836	5822637
13519837	1408816
13519838	13519886
13519838	13519893
13519840	13518452
13519841	13519897
13519841	13519904
13519843	10198577
13519844	384024
13519845	13518426
13519849	13518381
13519851	10198578
13519852	13518381
13519855	13518282
13519856	13147407
13519858	371968
13519860	10198579
13519863	10198580
13519865	10198580
13519867	10198580
13519869	13195318
13519875	1397441
13519877	1397441
13519879	10228133
13519880	13382086
13519881	10220957
13519883	5158222
13519885	10225023
13519886	13519838
13519888	10225023
13519891	10225024
13519893	13519838
13519894	13308311
13519895	13519899
13519897	13519841
13519898	13211675
13519899	13519895
13519900	10225027
13519903	4385215
13519903	4385218
13519903	4385220
13519903	13406704
13519904	13519841
13519905	13519922
13519905	13519926
13519907	13406483
13519909	13520591
13519910	13037747
13519911	10225028
13519912	13520591
13519913	8316748
13519913	13523396
13519913	13523397
13519914	3905946
13519915	13519927
13519916	13433736
13519917	10225029
13519918	13411755
13519920	10225030
13519921	10225030
13519922	13519905
13519923	13461192
13519924	10225032
13519926	13519905
13519927	13519915
13519929	10225036
13519930	10225036
13519931	13519932
13519932	13519931
13519933	10225041
13519935	10225048
13519936	10225048
13519937	12831986
13519938	7289673
13519939	13120216
13519941	12881194
13519943	10225051
13519944	13213264
13519944	13213266
13519946	13311485
13519950	5752093
13519952	10225057
13519954	10225059
13519955	13379610
13519956	10225060
13519957	10225061
13519958	10225062
13519959	13379652
13519960	5272908
13519960	12832926
13519961	10225065
13519963	13433771
13519964	10225066
13519965	10225066
13519967	13120245
13519968	12881199
13519969	10225067
13519969	10225068
13519970	13323541
13519974	10225070
13519975	4216679
13519976	10225676
13519977	10225678
13519979	9526916
13519980	8010448
13519981	10237374
13519982	10237374
13519983	10237535
13519985	10237595
13519987	10237601
13519991	13530784
13519993	13451414
13519994	44186
13519995	12655120
13519996	9013826
13519997	13150693
13519999	13478032
13520001	13286518
13520002	13286518
13520003	10864892
13520003	10865319
13520003	13517722
13520003	13520011
13520003	13520014
13520003	13524812
13520003	13525358
13520003	13526980
13520003	13528876
13520003	13529590
13520003	13529591
13520003	13529883
13520003	13530879
13520004	2543195
13520006	6973392
13520007	10225681
13520008	6973392
13520009	13071554
13520010	10225681
13520011	10865319
13520011	13517722
13520011	13520003
13520012	10225685
13520013	13183533
13520014	10865319
13520014	13517722
13520014	13520003
13520015	10225688
13520016	3189143
13520016	3597358
13520016	4644854
13520017	3189143
13520017	3597358
13520017	4644854
13520018	13384598
13520021	10225693
13520022	12663583
13520023	11204528
13520024	11204528
13520025	11204528
13520026	11204528
13520028	10225694
13520029	13211969
13520031	13055874
13520031	13560792
13520031	13560796
13520032	10225729
13520034	10225729
13520035	10225729
13520036	11672078
13520037	10225730
13520038	10225730
13520039	9676437
13520039	13560785
13520040	10225734
13520041	10225734
13520042	8960505
13520042	13560699
13520042	13560700
13520042	13560703
13520043	13600351
13520044	10225738
13520046	12701013
13520046	13560697
13520048	10225741
13520051	10225742
13520052	10225742
13520053	10225742
13520055	10225990
13520056	10225990
13520057	6710528
13520058	6710528
13520059	13249471
13520060	7746839
13520061	5321798
13520062	10225993
13520064	9167817
13520064	13657139
13520065	10204578
13520066	1997668
13520068	6597300
13520070	12105080
13520071	6487738
13520073	10226062
13520074	12815042
13520075	6162828
13520077	5876645
13520078	10226062
13520079	5650832
13520080	2960905
13520081	5914426
13520081	13561324
13520083	6596957
13520084	10226065
13520085	12914539
13520086	12322547
13520087	7050789
13520088	4536271
13520089	12229275
13520090	12592710
13520091	12229275
13520092	12229275
13520093	12229275
13520094	2764578
13520095	10226066
13520096	4475464
13520097	10226068
13520106	4040296
13520107	9924614
13520108	12437147
13520109	2380198
13520110	9124099
13520111	4526005
13520112	11508195
13520113	6914858
13520114	10226070
13520115	4244930
13520116	10226070
13520117	6386671
13520118	6881085
13520119	5503852
13520120	5514606
13520121	8782215
13520122	5471093
13520123	4099952
13520124	11255366
13520125	10226071
13520126	5056493
13520127	10226071
13520128	10226071
13520129	3593007
13520130	5672524
13520130	13554153
13520130	13554154
13520130	13554159
13520130	13554160
13520131	5503872
13520132	5514638
13520133	8782294
13520133	13610713
13520134	4100536
13520134	4526280
13520134	12605943
13520134	13531298
13520135	5056515
13520136	10226075
13520137	10226075
13520138	10226075
13520139	11255526
13520140	3593009
13520141	10226077
13520142	5672560
13520143	13253001
13520143	13520144
13520144	13520143
13520145	4666977
13520145	10558091
13520145	13520146
13520146	13520145
13520147	10226078
13520148	10226078
13520149	10226078
13520150	12854043
13520150	12854044
13520151	6345863
13520152	7408682
13520153	2255807
13520154	10226079
13520155	1730473
13520156	6710528
13520157	6710528
13520158	11142327
13520159	2848837
13520160	13518755
13520161	10680663
13520161	13515750
13520162	10680663
13520162	13515751
13520163	13513657
13520163	13520173
13520164	13513656
13520164	13520175
13520164	13520482
13520164	13520483
13520165	13518952
13520166	13518951
13520166	13518952
13520167	13489444
13520168	13489444
13520169	13489444
13520170	13489444
13520170	13520393
13520171	13489444
13520171	13520394
13520172	13489444
13520172	13520395
13520173	13513657
13520173	13520163
13520174	12814116
13520174	13523394
13520175	13513656
13520175	13520164
13520176	13518754
13520177	13442492
13520178	9545830
13520179	13518751
13520180	13518752
13520181	13518752
13520182	13512142
13520182	13542036
13520183	13512103
13520183	13542038
13520183	13548985
13520184	13511088
13520184	13520187
13520185	13518742
13520186	9649535
13520187	13520184
13520188	11367606
13520189	13505912
13520190	11196912
13520190	11300870
13520191	13505393
13520191	13542046
13520191	13542048
13520192	13518741
13520193	13518734
13520194	13518733
13520195	11207127
13520195	13523393
13520196	2222061
13520196	13542043
13520197	10454887
13520198	10454887
13520199	13518732
13520200	9528422
13520201	11287540
13520201	13523391
13520201	13523392
13520202	9305411
13520203	13519643
13520204	9305411
13520205	13519591
13520206	13519591
13520207	5150121
13520208	13517888
13520209	9312344
13520210	3288676
13520210	11374564
13520211	13517888
13520212	11550842
13520212	13517859
13520212	13520269
13520212	13524811
13520212	13526978
13520212	13528863
13520212	13529588
13520212	13529880
13520212	13530875
13520213	13517803
13520213	13517848
13520213	13517851
13520213	13520267
13520213	13524809
13520213	13526972
13520213	13528862
13520213	13529587
13520213	13529879
13520214	13517846
13520215	13518728
13520216	13517830
13520217	9857871
13520218	13518724
13520219	13517821
13520220	9920461
13520221	9920461
13520222	13518722
13520223	11955189
13520224	13091007
13520225	13091007
13520226	12001137
13520227	13518721
13520228	10592572
13520234	533469
13520235	13518712
13520236	13518705
13520238	2870134
13520238	13520240
13520239	12386147
13520240	13520238
13520241	266050
13520242	266050
13520243	1272418
13520243	2676408
13520243	4960108
13520243	5331646
13520243	5712457
13520243	6615221
13520243	13520244
13520243	13520245
13520244	13520243
13520245	13520243
13520246	2918727
13520247	5156450
13520248	7233074
13520249	383074
13520250	6982366
13520251	13520252
13520252	13520251
13520253	6558533
13520254	6558533
13520255	11825934
13520256	11825934
13520257	24563
13520258	4459080
13520259	4459080
13520260	892
13520260	2101
13520260	3910
13520260	394287
13520260	757168
13520260	928528
13520260	3292555
13520260	3515288
13520260	12214613
13520261	3952701
13520262	2101
13520262	3462614
13520262	3515288
13520262	12214615
13520262	12214930
13520262	12215184
13520262	13520309
13520264	6710528
13520265	6710528
13520266	9731977
13520267	13520213
13520268	10894760
13520269	13520212
13520270	12688186
13520271	10894755
13520272	13518649
13520273	10072103
13520275	10497155
13520276	13518714
13520277	13518714
13520278	7712471
13520279	10894755
13520280	13517739
13520281	10894757
13520282	13517739
13520283	11446431
13520284	11446431
13520285	13517795
13520286	13517790
13520288	13517789
13520288	13518193
13520288	13529478
13520289	13517787
13520289	13518193
13520289	13529477
13520290	13517776
13520290	13517777
13520290	13520311
13520290	13520313
13520290	13524807
13520290	13525344
13520290	13526963
13520290	13528839
13520290	13528841
13520290	13529476
13520290	13529586
13520290	13529878
13520290	13530867
13520290	13588320
13520291	3386863
13520292	13517765
13520292	13517766
13520292	13517775
13520292	13529475
13520293	13517759
13520293	13517760
13520293	13529472
13520293	13529473
13520294	13517757
13520294	13517760
13520294	13529472
13520294	13529473
13520295	1408742
13520296	2425712
13520296	2489249
13520296	4852047
13520297	13516036
13520298	13517748
13520298	13517754
13520298	13517755
13520298	13517764
13520298	13529471
13520299	13517754
13520299	13517755
13520299	13517763
13520299	13517764
13520299	13520316
13520299	13524805
13520299	13525339
13520299	13526952
13520299	13528836
13520299	13528837
13520299	13529471
13520299	13529585
13520299	13529877
13520299	13530863
13520300	10580567
13520300	13517735
13520300	13517737
13520300	13518195
13520300	13520303
13520300	13521569
13520300	13524803
13520300	13525336
13520300	13525338
13520300	13526925
13520300	13528834
13520300	13529470
13520300	13529876
13520300	13530859
13520300	13531616
13520301	13517731
13520301	13518196
13520301	13529469
13520301	13531614
13520302	13517730
13520302	13518196
13520302	13529462
13520303	13520300
13520304	13517730
13520304	13518196
13520304	13518488
13520304	13520310
13520304	13524795
13520304	13525331
13520304	13526914
13520304	13528833
13520304	13529459
13520304	13529584
13520304	13530855
13520304	13531614
13520305	6710528
13520306	13517731
13520306	13518196
13520306	13529431
13520307	6710528
13520308	13517728
13520309	2101
13520309	3462614
13520309	3462615
13520309	3515288
13520309	12214615
13520309	12214930
13520309	12215184
13520309	13520262
13520310	13520304
13520311	13517740
13520311	13520290
13520311	13520973
13520312	11979972
13520313	13517740
13520313	13520290
13520315	10030442
13520316	13520299
13520317	4198324
13520318	9599768
13520319	8242550
13520320	13520321
13520321	13520320
13520321	13520375
13520323	8242550
13520324	13520325
13520325	6391587
13520325	13520324
13520326	1876389
13520327	13520328
13520328	13520327
13520328	13532717
13520329	11666234
13520330	13520332
13520332	13520330
13520332	13532718
13520332	13532719
13520332	13532728
13520333	13537498
13520333	13600588
13520334	13520335
13520335	6177510
13520335	13520334
13520336	10298438
13520337	13520338
13520338	13520337
13520338	13532720
13520338	13532723
13520339	958299
13520340	13520565
13520340	13520566
13520340	13520568
13520340	13520569
13520340	13520573
13520340	13520574
13520340	13520575
13520340	13520577
13520340	13520578
13520340	13520581
13520340	13520582
13520340	13520583
13520340	13520584
13520340	13520585
13520340	13520586
13520340	13520587
13520340	13520612
13520341	6710528
13520342	6710528
13520343	10038591
13520345	3264420
13520345	8582215
13520345	8582257
13520346	6355794
13520348	6355794
13520349	2990232
13520350	6355794
13520351	4630407
13520352	4630407
13520353	4630407
13520354	1690528
13520355	1690528
13520356	1259327
13520357	1259327
13520358	1259327
13520359	1259327
13520360	12215061
13520361	1259327
13520362	11745690
13520363	11927322
13520364	11927322
13520365	11927322
13520366	11927322
13520367	11745690
13520368	11927322
13520369	10719433
13520369	13524706
13520370	10719433
13520370	13524706
13520371	10719433
13520372	10719433
13520372	13524706
13520373	10782904
13520374	2996280
13520374	5570780
13520374	13520381
13520374	13527078
13520375	13520321
13520376	11676837
13520377	11877207
13520378	11877207
13520379	11994473
13520380	7990789
13520381	13520374
13520382	7005200
13520383	7005200
13520384	13519606
13520384	13519611
13520384	13520385
13520385	13519606
13520385	13519611
13520385	13520384
13520386	6963637
13520387	6963637
13520388	1575531
13520389	7981771
13520390	10226081
13520391	11987423
13520392	11987423
13520393	13520170
13520394	13520171
13520395	13520172
13520396	11987423
13520397	11987423
13520398	11987425
13520399	11987426
13520400	11987427
13520401	11987428
13520402	11987429
13520403	418919
13520404	11669198
13520404	11669199
13520405	11987430
13520406	11669202
13520407	11987432
13520408	7684837
13520409	8235716
13520410	11987433
13520411	11987434
13520412	10226082
13520414	10226083
13520415	10226085
13520416	10226086
13520417	10206698
13520418	10206698
13520419	5389532
13520420	10206699
13520421	10206699
13520422	12754123
13520423	10206699
13520424	5389532
13520425	10206701
13520426	6096587
13520427	11829322
13520428	11829322
13520429	11251536
13520430	10987181
13520431	10987181
13520432	2540970
13520433	13157797
13520434	12906285
13520435	12208302
13520436	12099245
13520437	12099245
13520438	7384560
13520438	7677020
13520439	7384561
13520439	7384563
13520439	7677020
13520439	7940479
13520440	10135019
13520441	8601158
13520441	13520455
13520441	13520456
13520442	5002478
13520443	11638935
13520444	11638935
13520445	11251535
13520446	11251535
13520447	13520603
13520447	13533137
13520447	13533138
13520447	13533438
13520448	10198641
13520449	10129838
13520450	8382596
13520451	8017711
13520452	7113072
13520453	13218437
13520454	12210973
13520455	8601158
13520455	13520441
13520456	8601158
13520456	13520441
13520457	11251538
13520458	11173447
13520459	11173447
13520460	11157249
13520461	11157249
13520462	11077942
13520463	11077942
13520464	11077942
13520464	13579824
13520465	11077942
13520466	11077942
13520467	11077942
13520468	11043175
13520469	10875740
13520470	10875740
13520471	10573597
13520472	4193844
13520473	9869910
13520474	9869910
13520475	9705376
13520476	9705376
13520477	4595106
13520477	11217520
13520477	11499653
13520478	7979996
13520478	11339420
13520478	13520670
13520479	10745073
13520479	10745074
13520479	12203805
13520479	13513973
13520480	8779013
13520481	12122090
13520481	13520638
13520482	13520164
13520483	13520164
13520484	13236879
13520485	8006128
13520485	13520675
13520485	13520677
13520485	13520679
13520485	13520680
13520486	12916738
13520487	9735146
13520488	12223464
13520489	12223464
13520490	6571219
13520490	13789524
13520491	6571220
13520492	13520493
13520492	13520497
13520492	13520499
13520492	13520502
13520492	13520503
13520492	13520504
13520492	13520505
13520492	13520507
13520492	13520508
13520492	13520511
13520492	13520516
13520492	13520517
13520492	13520518
13520492	13520520
13520492	13520521
13520492	13520522
13520493	13520492
13520494	11598113
13520495	11438453
13520496	11438453
13520497	13520492
13520498	5466970
13520498	5467067
13520498	13463742
13520498	13520500
13520499	13520492
13520500	5466970
13520500	5467067
13520500	13463742
13520500	13520498
13520501	9844713
13520502	13520492
13520503	13520492
13520504	13520492
13520505	13520492
13520506	3557406
13520506	3559367
13520506	5594658
13520506	12241210
13520507	13520492
13520508	13520492
13520509	7130457
13520509	13520510
13520510	7130457
13520510	13520509
13520511	13520492
13520512	2814298
13520513	6040305
13520513	7925295
13520514	6040305
13520514	7925297
13520514	7925298
13520515	7157194
13520515	7157516
13520515	7157529
13520515	7778173
13520515	10066150
13520515	13520712
13520516	13520492
13520517	13520492
13520518	13520492
13520519	6386006
13520520	13520492
13520521	13520492
13520522	13520492
13520523	967197
13520524	967197
13520525	507401
13520526	437383
13520527	7275246
13520528	1541872
13520529	9967988
13520530	7275246
13520531	13424417
13520531	13424957
13520532	13499343
13520533	13518621
13520534	5596292
13520535	12141175
13520536	5596292
13520537	11987435
13520538	11987436
13520539	11987437
13520540	13518614
13520541	8589846
13520542	2029929
13520543	13518605
13520544	2029931
13520544	13827591
13520545	4475537
13520546	5196290
13520547	5273715
13520548	13518600
13520549	549318
13520550	13518598
13520551	5647134
13520552	13518596
13520553	2937450
13520553	13522890
13520554	7983001
13520555	4706619
13520555	12397002
13520555	13522888
13520557	13518595
13520558	5352304
13520559	1066173
13520560	13518576
13520561	13518576
13520562	1301036
13520563	13518566
13520564	12355030
13520565	13520340
13520566	13520340
13520567	13518565
13520568	13520340
13520569	13520340
13520569	13520583
13520570	13518563
13520571	13433795
13520572	13433794
13520573	13520340
13520574	13520340
13520575	13520340
13520576	13518505
13520577	13520340
13520578	13520340
13520579	1408984
13520580	2771379
13520581	13520340
13520582	13520340
13520583	13520340
13520583	13520569
13520584	13520340
13520585	13520340
13520586	13520340
13520587	13520340
13520588	13390815
13520589	13363950
13520590	13337620
13520591	13519909
13520591	13519912
13520592	6220713
13520593	6220713
13520594	12027324
13520594	13533128
13520594	13533129
13520594	13533132
13520595	12027324
13520596	1652263
13520597	13400389
13520598	13520600
13520598	13520601
13520599	13379441
13520600	13520598
13520601	13520598
13520601	13533125
13520601	13533126
13520602	13394864
13520603	13520447
13520604	13520606
13520604	13520609
13520605	13418433
13520606	13520604
13520607	13515376
13520608	13340003
13520609	13520604
13520610	13520611
13520610	13520614
13520611	13520610
13520612	13520340
13520613	12479185
13520614	13520610
13520615	13520616
13520615	13520617
13520616	13520615
13520616	13657857
13520617	13520615
13520617	13657857
13520617	13657859
13520617	13657860
13520618	9986042
13520618	13531291
13520618	13531293
13520618	13545465
13520619	13520620
13520619	13520621
13520620	13520619
13520620	13839301
13520621	13520619
13520622	13520625
13520622	13520626
13520623	9774440
13520623	13159505
13520623	13545464
13520623	13838795
13520623	13838796
13520624	9728160
13520625	13520622
13520626	13520622
13520627	10564504
13520628	9792603
13520629	9728232
13520630	10537625
13520631	13518493
13520633	9158925
13520634	10611408
13520635	10564467
13520636	8733719
13520636	13521574
13520636	13521575
13520636	13521576
13520636	13521577
13520636	13521578
13520636	13521579
13520636	13521580
13520637	12005857
13520638	8941424
13520638	13520481
13520639	894821
13520639	2029018
13520639	8941424
13520640	12005857
13520641	10484867
13520642	10476749
13520643	10471134
13520644	13520645
13520644	13520646
13520645	13520644
13520646	13520644
13520647	13520651
13520647	13520654
13520648	10549259
13520649	10555388
13520650	10535593
13520650	13520968
13520650	13520969
13520650	13520971
13520650	13520972
13520650	13521352
13520651	13520647
13520652	9163175
13520652	13520964
13520652	13520965
13520652	13520966
13520652	13520967
13520652	13521353
13520652	13522868
13520652	13526894
13520653	13518484
13520654	13520647
13520655	13520657
13520655	13520661
13520657	13520655
13520658	10480195
13520660	9209983
13520660	13520962
13520660	13522869
13520660	13525307
13520661	13520655
13520662	13518482
13520663	13518481
13520664	10504774
13520665	13520666
13520665	13520672
13520665	13520674
13520666	13520665
13520667	9802508
13520668	13518479
13520669	13518479
13520670	13520478
13520671	9728039
13520671	13537547
13520672	13520665
13520673	9152320
13520673	13528124
13520673	13528125
13520673	13534909
13520673	13534910
13520673	13534911
13520674	13520665
13520675	13520485
13520676	13518388
13520677	13520485
13520679	13520485
13520680	13520485
13520681	13518383
13520682	13518383
13520683	13518382
13520684	13518382
13520685	906218
13520686	906218
13520686	3433943
13520688	77358
13520689	13520812
13520689	13520814
13520691	13518380
13520693	13518378
13520694	13518378
13520696	13518378
13520697	13518378
13520699	13518362
13520701	9574797
13520701	13520984
13520702	13518312
13520703	12830554
13520704	13518312
13520705	9204860
13520706	5891530
13520707	5891530
13520708	8136739
13520709	13518310
13520710	13518310
13520711	13518307
13520712	7157194
13520712	7157516
13520712	7157529
13520712	13520515
13520713	13518307
13520714	10561814
13520715	11141609
13520716	250795
13520717	11395750
13520718	11286634
13520719	13520730
13520720	9138573
13520721	13513924
13520722	11525198
13520723	11938964
13520724	13518307
13520725	11279710
13520726	13518306
13520727	13518306
13520728	11099138
13520729	13518306
13520730	13520719
13520731	13518305
13520732	9140115
13520733	9140115
13520734	13518303
13520735	11277198
13520736	7532320
13520737	13518286
13520738	13518286
13520739	9064409
13520740	13520741
13520741	13520740
13520741	13520743
13520742	11316817
13520743	13520741
13520744	13518284
13520745	7210727
13520746	13518283
13520747	11841444
13520748	13520753
13520749	13518281
13520750	3456403
13520751	3456403
13520752	3456403
13520753	13520748
13520755	13518281
13520756	9083728
13520759	13520760
13520759	13521137
13520760	13520759
13520761	13518280
13520762	9209872
13520763	9698363
13520763	13520956
13520763	13521356
13520763	13521368
13520763	13521370
13520763	13521372
13520763	13521374
13520763	13521377
13520763	13521378
13520763	13522870
13520763	13527942
13520763	13527943
13520763	13534612
13520764	13518278
13520766	9448263
13520767	13518276
13520769	11397609
13520770	13518273
13520771	13520772
13520771	13521141
13520772	13520771
13520773	13518273
13520774	9697004
13520775	13518273
13520776	11442047
13520777	9729804
13520777	13520953
13520778	13518273
13520779	9210004
13520779	13520946
13520779	13522872
13520780	13518272
13520781	9985569
13520782	9985567
13520783	13520785
13520783	13521143
13520784	9986008
13520785	13520783
13520786	9969151
13520786	13520939
13520786	13520942
13520786	13520943
13520786	13528122
13520786	13528123
13520786	13534513
13520786	13534575
13520787	9658229
13520788	13518270
13520789	13520791
13520789	13521145
13520789	13521146
13520790	13518269
13520791	13520789
13520792	13518263
13520793	13518264
13520794	9728418
13520795	13396197
13520796	13396197
13520797	10559742
13520798	13520800
13520798	13521817
13520799	9727294
13520799	13520915
13520799	13520917
13520799	13522880
13520800	13520798
13520801	9697131
13520801	13520924
13520801	13520925
13520801	13520926
13520801	13520927
13520801	13520929
13520801	13520930
13520801	13520931
13520802	13518207
13520803	13520804
13520803	13521148
13520803	13521149
13520804	13520803
13520805	13518206
13520806	13467712
13520807	13054195
13520809	13155182
13520810	13518199
13520811	13103323
13520812	13520689
13520813	13449777
13520814	13520689
13520815	13518195
13520816	13467714
13520817	13520820
13520817	13520822
13520818	13077178
13520819	9209715
13520819	13521462
13520819	13521463
13520819	13521464
13520819	13521465
13520819	13521467
13520819	13521469
13520819	13521571
13520819	13528121
13520819	13528428
13520820	13520817
13520821	12581585
13520822	13520817
13520823	13520824
13520823	13520826
13520824	13520823
13520824	13520949
13520825	12753011
13520826	13520823
13520827	13421493
13520828	12732303
13520828	13257247
13520829	13520831
13520829	13520835
13520830	9069572
13520831	13520829
13520832	12982241
13520834	13518193
13520835	13520829
13520836	13370703
13520837	13518193
13520838	13364304
13520839	8136430
13520839	13520945
13520840	4597053
13520840	13520843
13520841	13147373
13520841	13520907
13520841	13520908
13520841	13554193
13520842	13518190
13520843	13520840
13520843	13531275
13520844	13518161
13520845	7712864
13520846	5509151
13520846	11288499
13520847	9060386
13520848	13242567
13520849	13518160
13520850	9063664
13520851	11356781
13520852	11329722
13520853	13518147
13520854	13456401
13520855	10780531
13520856	13518142
13520857	11435676
13520858	13456401
13520859	13518080
13520860	9066257
13520861	13518079
13520862	13518078
13520863	9648717
13520864	13518078
13520866	6612105
13520866	6830662
13520867	13520869
13520868	11463739
13520869	13520867
13520870	9983393
13520870	13520958
13520871	11754027
13520872	13518077
13520873	4035352
13520873	7715345
13520874	13518077
13520875	11399790
13520875	13520937
13520877	13518000
13520878	13520880
13520879	13518000
13520880	13520878
13520881	11368425
13520882	13518000
13520883	13518000
13520884	13517873
13520885	9837099
13520886	11004803
13520886	11004804
13520887	13520888
13520888	13520887
13520889	7534051
13520889	13520986
13520889	13520987
13520889	13520988
13520889	13520989
13520889	13520990
13520889	13520991
13520890	11896879
13520891	11554285
13520891	13520980
13520892	10705616
13520893	10705616
13520894	8118546
13520895	5866468
13520896	13520954
13520896	13520955
13520897	13520957
13520898	11236350
13520898	13523390
13520899	4459151
13520900	370753
13520901	370753
13520902	11293043
13520903	9158570
13520903	13520921
13520904	13504111
13520904	13522883
13520905	6985616
13520906	6985616
13520907	12227385
13520907	13520841
13520907	13522881
13520907	13582076
13520908	12227385
13520908	13520841
13520908	13522881
13520908	13582076
13520909	8539875
13520910	13517871
13520911	9374271
13520911	13534461
13520911	13534462
13520912	7085396
13520913	9169496
13520914	13517869
13520915	13520799
13520915	13522880
13520915	13538980
13520916	7085396
13520917	13520799
13520917	13522880
13520917	13538980
13520918	5329674
13520918	13517773
13520919	10225027
13520920	9401974
13520920	13534457
13520920	13534458
13520921	13520903
13520922	5329674
13520922	13517773
13520924	13520801
13520924	13522874
13520925	13520801
13520925	13522874
13520926	13520801
13520926	13522874
13520927	13520801
13520927	13522874
13520928	11269768
13520929	13520801
13520930	13520801
13520930	13522876
13520931	13520801
13520932	13517769
13520933	13517769
13520934	11371169
13520934	13534454
13520934	13534455
13520935	11304686
13520935	13534419
13520935	13534423
13520935	13534425
13520935	13542140
13520936	13517767
13520937	13520875
13520938	13517767
13520939	13520786
13520939	13522873
13520939	13522936
13520940	11113223
13520940	13534416
13520940	13534418
13520940	13535504
13520940	13601412
13520940	13684794
13520941	13517767
13520942	13520786
13520942	13522873
13520942	13522936
13520943	13520786
13520943	13522873
13520943	13522936
13520944	12250511
13520944	13523117
13520944	13534426
13520944	13534430
13520944	13542139
13520944	13566832
13520944	13577803
13520945	13520839
13520946	13520779
13520946	13522872
13520946	13523022
13520947	13206734
13520947	13527677
13520948	13206733
13520949	13520824
13520950	9379114
13520950	13520975
13520950	13534432
13520950	13534434
13520950	13534436
13520950	13534437
13520950	13534440
13520950	13542142
13520951	13261458
13520952	13261457
13520953	13520777
13520954	13520896
13520955	13520896
13520956	13520763
13520956	13522870
13520957	13520897
13520958	9983393
13520958	13520870
13520958	13684636
13520959	13517767
13520962	13520660
13520962	13522869
13520962	13525307
13520963	6394845
13520964	13520652
13520964	13522868
13520964	13526894
13520965	13520652
13520965	13522868
13520965	13526894
13520966	13520652
13520966	13522868
13520966	13526894
13520967	13520652
13520967	13522868
13520967	13526894
13520968	2011470
13520968	13520650
13520969	2011470
13520969	13520650
13520970	13517766
13520971	2011470
13520971	13520650
13520972	2011470
13520972	13520650
13520973	13520311
13520974	13517763
13520975	13520950
13520976	5242187
13520977	987754
13520978	987754
13520978	8354279
13520979	5242187
13520980	13520891
13520981	13497323
13520981	13497324
13520981	13520985
13520981	13534442
13520984	13520701
13520985	13520981
13520986	13520889
13520987	13520889
13520988	13520889
13520989	13520889
13520990	13520889
13520991	13520889
13520992	5173675
13520993	5173677
13520994	5173674
13520995	549183
13520996	2451653
13520997	454490
13520997	1419348
13520997	8287541
13520998	1850091
13520999	1850091
13521000	1850091
13521001	8704156
13521001	9698474
13521002	1937116
13521003	1142614
13521005	8488780
13521005	9698475
13521005	13402002
13521006	8010413
13521007	13521009
13521007	13521010
13521007	13521011
13521007	13521012
13521008	5065447
13521008	13531268
13521008	13531270
13521009	13521007
13521010	13521007
13521011	13521007
13521012	13521007
13521013	13521015
13521013	13521016
13521013	13521017
13521014	4468685
13521015	13521013
13521016	13521013
13521017	13521013
13521018	13521019
13521018	13521020
13521018	13521021
13521018	13521022
13521019	13521018
13521020	13521018
13521021	13521018
13521022	13521018
13521025	13521030
13521026	13521045
13521026	13521046
13521027	13521042
13521028	13521036
13521028	13521040
13521029	13521031
13521029	13521034
13521030	13521025
13521031	13521029
13521032	13025688
13521032	13521035
13521033	11397815
13521034	13521029
13521035	13025688
13521035	13521032
13521036	13521028
13521037	13521043
13521040	13521028
13521042	13521027
13521043	13521037
13521045	13521026
13521046	13521026
13521047	8601157
13521047	13521051
13521048	1796752
13521049	13477003
13521051	8601157
13521051	13521047
13521051	13521069
13521051	13521175
13521053	2631526
13521054	2631517
13521055	2631521
13521056	11987655
13521057	5117842
13521058	1714598
13521059	13521083
13521060	1713952
13521061	5117836
13521063	12371272
13521064	13521066
13521064	13521077
13521064	13524555
13521064	13524792
13521064	13525328
13521064	13526911
13521064	13529424
13521064	13529583
13521064	13529875
13521064	13530853
13521066	13521064
13521066	13521076
13521066	13521077
13521068	13521081
13521069	13521051
13521069	13521175
13521070	13784450
13521071	13536044
13521073	13521078
13521073	13521080
13521073	13521086
13521073	13521107
13521073	13521111
13521073	13521119
13521073	13521122
13521073	13521127
13521073	13521140
13521073	13521158
13521073	13521162
13521073	13521169
13521073	13521173
13521073	13521187
13521074	9603147
13521075	8042246
13521076	13521066
13521077	13521064
13521077	13521066
13521078	13521073
13521080	13521073
13521081	13521068
13521083	13521059
13521084	9603169
13521085	2808241
13521085	2808242
13521085	2808992
13521085	12579817
13521085	13041931
13521086	13521073
13521087	9603175
13521088	9603175
13521093	9607435
13521095	9607435
13521097	13519154
13521099	9607457
13521103	9607468
13521107	13521073
13521109	9607478
13521110	10888288
13521110	13521165
13521110	13606357
13521110	13606363
13521110	13606364
13521111	13521073
13521112	3417453
13521113	3417453
13521114	332191
13521115	3417453
13521116	3417453
13521117	8021782
13521117	10888287
13521117	13521129
13521118	332192
13521119	13521073
13521120	332192
13521121	332222
13521122	13521073
13521123	10857899
13521124	10857899
13521125	332223
13521127	13521073
13521128	332223
13521129	10888287
13521129	13521117
13521129	13606393
13521130	13519182
13521131	332224
13521132	13519329
13521133	332224
13521134	13519377
13521134	13519378
13521136	332226
13521137	13520759
13521138	332226
13521140	13521073
13521141	13520771
13521142	332229
13521143	13520783
13521143	13600118
13521144	5493914
13521144	5494113
13521144	13521155
13521144	13606360
13521144	13606370
13521145	13520789
13521146	13520789
13521147	332368
13521148	13520803
13521149	13520803
13521150	332368
13521151	336064
13521152	336151
13521154	336151
13521155	5493914
13521155	13521144
13521155	13606360
13521155	13606370
13521156	336152
13521157	336153
13521158	13521073
13521159	2245997
13521159	13521166
13521161	336155
13521162	13521073
13521163	336157
13521164	336157
13521165	8021794
13521165	10888288
13521165	13521110
13521165	13606357
13521166	13521159
13521167	336157
13521168	130830
13521169	13521073
13521171	336158
13521172	336158
13521173	13521073
13521174	336159
13521175	13521051
13521175	13521069
13521177	13521181
13521177	13521184
13521177	13521186
13521179	336160
13521180	336160
13521181	13521177
13521184	13521177
13521185	336161
13521186	13521177
13521187	13521073
13521188	336162
13521189	13521191
13521189	13521194
13521189	13521200
13521190	336163
13521191	13521189
13521194	13521189
13521196	13521198
13521196	13521202
13521198	13521196
13521200	13521189
13521202	13521196
13521202	13521203
13521203	13521202
13521204	8651191
13521204	13521206
13521206	13521204
13521213	13521229
13521213	13521231
13521216	12962292
13521217	13521225
13521217	13521228
13521218	10026701
13521218	11276201
13521218	11713410
13521220	12652339
13521220	13521251
13521222	12652339
13521223	10016536
13521223	10154242
13521223	10154243
13521224	10016536
13521224	10154248
13521224	10154250
13521225	13521217
13521226	10016536
13521227	10016536
13521228	13521217
13521228	13521256
13521229	13521213
13521231	13521213
13521233	2466802
13521234	2466802
13521235	2466802
13521236	2466802
13521237	12415551
13521238	12415551
13521239	12415551
13521240	12415551
13521241	7096157
13521243	7030143
13521246	7770308
13521246	11412247
13521250	10600994
13521251	13521220
13521252	10600994
13521254	11306502
13521254	13522631
13521256	13521228
13521257	2647248
13521257	7699966
13521259	2647248
13521259	7699966
13521260	2647248
13521260	2766564
13521260	2783043
13521260	5247498
13521261	11306502
13521262	13521264
13521262	13521265
13521263	3695923
13521263	13594531
13521264	4311377
13521264	13521262
13521265	13521262
13521265	13522629
13521267	4625421
13521268	13473072
13521270	5796317
13521272	7806886
13521273	13276529
13521274	7097539
13521276	7923339
13521277	5078201
13521277	13691292
13521278	7204872
13521278	13521281
13521278	13521282
13521281	11444105
13521281	13521278
13521281	13560824
13521282	13521278
13521282	13522628
13521282	13522630
13521282	13522727
13521282	13522728
13521282	13522730
13521283	13521284
13521284	13521283
13521288	12380828
13521289	12380842
13521290	13327208
13521290	13521294
13521290	13585897
13521290	13585898
13521293	13327208
13521293	13521294
13521293	13585897
13521293	13585898
13521294	13327208
13521294	13345476
13521294	13345496
13521294	13345499
13521294	13355564
13521294	13355873
13521294	13521290
13521294	13521293
13521294	13521295
13521294	13521304
13521294	13585897
13521294	13585898
13521295	13327208
13521295	13345476
13521295	13521294
13521295	13562924
13521295	13585897
13521295	13585898
13521296	134723
13521296	317634
13521297	134723
13521297	317634
13521300	284950
13521300	476088
13521300	524961
13521300	9497414
13521301	9497414
13521301	13521375
13521302	284950
13521302	524961
13521302	9497411
13521303	9497411
13521303	13521375
13521304	13327208
13521304	13521294
13521304	13585897
13521304	13585898
13521317	13523091
13521317	13523104
13521318	9360375
13521319	9360375
13521320	9627527
13521320	13523388
13521321	9360375
13521322	9543772
13521323	13357728
13521323	13523078
13521324	13357726
13521324	13357727
13521324	13523066
13521325	12968720
13521326	12968720
13521327	13357727
13521327	13523069
13521328	12968720
13521329	13357726
13521329	13357727
13521329	13523071
13521330	13357727
13521330	13523062
13521331	12968720
13521332	12968720
13521334	12968720
13521337	13357741
13521337	13523056
13521337	13523058
13521340	12968720
13521341	12968720
13521342	12968720
13521344	12968720
13521345	12968720
13521346	12968720
13521348	2876960
13521348	2876994
13521348	11252562
13521348	13523049
13521349	2876960
13521349	11252562
13521349	13523047
13521351	13523036
13521351	13523039
13521352	13520650
13521353	13520652
13521353	13521360
13521353	13522868
13521353	13526894
13521354	13523014
13521354	13523020
13521356	13520763
13521357	13523009
13521358	13523004
13521359	13522996
13521360	13521353
13521360	13522868
13521360	13524554
13521360	13526894
13521361	13522991
13521361	13522993
13521362	13522989
13521363	13522983
13521364	13522981
13521365	13522972
13521365	13522975
13521366	13522959
13521367	13522951
13521368	13520763
13521369	12606748
13521370	13520763
13521371	13522941
13521372	13520763
13521373	12606748
13521374	13520763
13521375	9497411
13521375	9497414
13521375	13521301
13521375	13521303
13521376	11327431
13521377	13520763
13521378	13520763
13521378	13521381
13521379	10209456
13521379	10897441
13521379	13628131
13521380	9133043
13521380	12488526
13521381	13521378
13521382	13522938
13521383	13522937
13521384	10699062
13521385	10699062
13521385	13522935
13521386	10699063
13521386	13522934
13521387	10699064
13521388	10699064
13521388	13522933
13521389	10699065
13521390	10699065
13521390	13522932
13521391	13486754
13521392	73983
13521392	135722
13521392	1446507
13521392	13522923
13521393	73983
13521393	135722
13521393	353669
13521393	1446507
13521393	13522925
13521394	73983
13521394	135722
13521394	353669
13521394	558155
13521394	1318830
13521394	13522927
13521395	73983
13521395	135722
13521395	558155
13521395	13522930
13521396	73983
13521396	558155
13521396	13522915
13521397	13521403
13521398	13008370
13521398	13521399
13521399	13008370
13521399	13084015
13521399	13388718
13521399	13388722
13521399	13388725
13521399	13388726
13521399	13521398
13521399	13521404
13521399	13521406
13521399	13521407
13521399	13521408
13521399	13521411
13521399	13521417
13521399	13524790
13521399	13525325
13521399	13525327
13521399	13528830
13521399	13528831
13521399	13529871
13521400	1318830
13521400	13522912
13521401	1318830
13521401	13522914
13521402	1318830
13521402	13522909
13521403	13521397
13521404	13008370
13521404	13521399
13521404	13521407
13521405	12556345
13521406	13008370
13521406	13521399
13521407	12973031
13521407	13008370
13521407	13084015
13521407	13388718
13521407	13521399
13521407	13521404
13521408	13008370
13521408	13521399
13521411	13008370
13521411	13521399
13521414	13486754
13521414	13522623
13521414	13522625
13521414	13522626
13521414	13522627
13521417	13008370
13521417	13521399
13521420	13486754
13521429	13521430
13521429	13521447
13521429	13521555
13521429	13522620
13521430	13521429
13521430	13521433
13521430	13521436
13521430	13521447
13521430	13521448
13521430	13521450
13521430	13521555
13521430	13521560
13521433	13521430
13521433	13521447
13521436	13521430
13521439	13136795
13521439	13526910
13521444	13203052
13521444	13521453
13521444	13521454
13521444	13521457
13521444	13521568
13521444	13521572
13521444	13521573
13521444	13522616
13521444	13522622
13521444	13524783
13521444	13526910
13521444	13526912
13521444	13529422
13521444	13529423
13521444	13529582
13521444	13529870
13521444	13530843
13521447	13521429
13521447	13521430
13521447	13521433
13521447	13521450
13521448	13521430
13521449	12393289
13521450	13521430
13521450	13521447
13521451	3625345
13521452	12393289
13521453	13521444
13521453	13521454
13521453	13521457
13521453	13521568
13521453	13521572
13521453	13521573
13521454	13521444
13521454	13521453
13521454	13526910
13521455	12393289
13521456	12393289
13521457	13521444
13521457	13521453
13521458	13522765
13521458	13522768
13521458	13522871
13521459	13522751
13521459	13522754
13521459	13522762
13521460	13522738
13521460	13522741
13521461	13522726
13521461	13522743
13521462	13520819
13521462	13521463
13521462	13521464
13521462	13521465
13521462	13521467
13521462	13521469
13521462	13521550
13521462	13521571
13521462	13522611
13521462	13522614
13521462	13527312
13521462	13528121
13521463	13520819
13521463	13521462
13521463	13521464
13521463	13521571
13521464	13520819
13521464	13521462
13521464	13521463
13521464	13521467
13521464	13521469
13521464	13521571
13521464	13522713
13521465	13520819
13521465	13521462
13521465	13521467
13521466	13522690
13521467	13520819
13521467	13521462
13521467	13521464
13521467	13521465
13521467	13521571
13521469	13520819
13521469	13521462
13521469	13521464
13521469	13521571
13521475	8733778
13521477	13048361
13521477	13076015
13521477	13076320
13521477	13521484
13521477	13770923
13521480	13522689
13521484	13048361
13521484	13076015
13521484	13076320
13521484	13521477
13521484	13770923
13521486	11309593
13521486	12463990
13521486	12463992
13521486	13522684
13521487	12463988
13521487	13522678
13521488	2109706
13521488	3854367
13521488	3854368
13521488	3854371
13521488	11531053
13521492	27138
13521492	13522656
13521492	13522657
13521493	27138
13521493	13522632
13521493	13522636
13521496	13522587
13521497	13522604
13521497	13522606
13521502	11189498
13521502	11189499
13521502	11189512
13521502	13522576
13521505	11189498
13521505	11189499
13521507	11189498
13521507	11189499
13521508	11189498
13521508	13522565
13521509	7852386
13521509	7855714
13521509	9654719
13521509	13522538
13521516	10794520
13521517	13522532
13521518	13522527
13521523	13521525
13521524	13522480
13521525	13521523
13521525	13522608
13521525	13522610
13521529	13522475
13521529	13522477
13521530	13522470
13521530	13522472
13521532	13522462
13521532	13522464
13521536	13522453
13521536	13522456
13521537	13627026
13521540	11815879
13521540	12525340
13521541	12154449
13521542	13522452
13521543	13320650
13521544	8396409
13521545	13320650
13521546	426616
13521547	13522448
13521547	13522449
13521548	13522443
13521548	13522445
13521549	8808791
13521549	13517714
13521549	13522420
13521549	13522428
13521550	13521462
13521551	13522416
13521552	13522413
13521553	13522410
13521554	17103
13521554	943710
13521554	13521556
13521554	13527318
13521554	13527319
13521554	13527320
13521555	13521429
13521555	13521430
13521556	13521554
13521557	3494182
13521557	13522401
13521560	13521430
13521561	316446
13521561	586195
13521561	586301
13521561	800913
13521561	13522381
13521561	13522390
13521562	316446
13521562	586195
13521562	586301
13521562	800913
13521562	13522378
13521562	13522381
13521563	13522365
13521563	13522368
13521568	13521444
13521568	13521453
13521569	13520300
13521570	5331226
13521570	5335889
13521570	7712471
13521570	9967746
13521571	13520819
13521571	13521462
13521571	13521463
13521571	13521464
13521571	13521467
13521571	13521469
13521572	13521444
13521572	13521453
13521573	13521444
13521573	13521453
13521574	13520636
13521575	13520636
13521576	13520636
13521576	13524325
13521577	13520636
13521578	13520636
13521579	13520636
13521580	13520636
13521581	12896152
13521582	4424563
13521583	10819469
13521584	10819469
13521585	5570942
13521586	8921067
13521586	13556665
13521587	3813661
13521588	10680831
13521589	2519586
13521590	7846016
13521591	9464319
13521591	13554151
13521592	10209456
13521592	13628131
13521593	10209456
13521593	13628131
13521594	1369838
13521595	3583324
13521596	3583324
13521597	3852464
13521598	10483074
13521599	12287093
13521600	5263180
13521601	4807998
13521602	3852464
13521603	11654595
13521604	12335808
13521605	12335808
13521606	2249066
13521607	2249066
13521608	2249066
13521609	2249066
13521610	2249066
13521611	10457538
13521612	10457538
13521613	12424305
13521615	12668686
13521615	13588323
13521616	2099245
13521617	13112033
13521618	12729378
13521618	12729495
13521618	12730028
13521618	12748598
13521618	12748599
13521618	12748600
13521619	13393761
13521620	6578473
13521621	12423669
13521622	5868099
13521623	8066915
13521624	7431596
13521625	9086073
13521625	9086494
13521625	13411240
13521626	10526391
13521627	7480058
13521628	13521630
13521628	13521632
13521628	13521638
13521629	4160871
13521630	13521628
13521631	12710205
13521632	13521628
13521633	2686107
13521633	13737236
13521634	13407157
13521635	7808838
13521636	11225092
13521637	11452950
13521637	13689013
13521638	13521628
13521639	8304470
13521640	9186503
13521641	12372181
13521642	5879318
13521643	4756802
13521644	5627814
13521645	2496271
13521646	8069666
13521647	5375576
13521648	7958921
13521649	2223873
13521649	13733898
13521649	13772597
13521650	469595
13521651	11020327
13521652	5664226
13521653	13240724
13521653	13657413
13521654	3592465
13521655	5787707
13521656	3114369
13521657	5561128
13521658	1465543
13521658	13556970
13521659	5047324
13521660	7646192
13521661	3821274
13521661	6309490
13521662	4235370
13521663	1175751
13521664	7019709
13521665	3762120
13521666	4172900
13521667	3767773
13521668	3310686
13521669	10864278
13521670	4292589
13521670	13657420
13521671	8152006
13521671	13109340
13521672	6332260
13521673	1882208
13521674	4802114
13521675	7026277
13521676	1414813
13521677	3754326
13521678	2576842
13521679	12056726
13521680	3472399
13521681	3962671
13521682	12278075
13521683	8416073
13521684	6524932
13521685	2361053
13521685	13689194
13521686	11936213
13521687	12135163
13521688	1094146
13521689	6661336
13521690	11584868
13521691	410791
13521692	2020939
13521693	281426
13521694	10699517
13521695	995335
13521695	13620412
13521696	3494557
13521697	3355250
13521698	11830143
13521699	6262829
13521700	8827201
13521701	6620387
13521702	12319646
13521703	10669036
13521704	2241546
13521705	1913259
13521706	2373975
13521707	8946772
13521708	1095367
13521709	9435491
13521710	6526390
13521711	3178380
13521712	2111914
13521712	13531244
13521712	13531245
13521712	13803672
13521713	8307771
13521714	5827638
13521715	2956984
13521715	13688942
13521716	8232224
13521717	11477057
13521718	6900599
13521719	3151472
13521720	13437133
13521721	6220621
13521722	1655635
13521723	10010950
13521724	8390613
13521725	12138603
13521726	6869801
13521727	4664471
13521728	3908058
13521729	7735428
13521730	12612453
13521731	7515703
13521732	12942024
13521733	5419794
13521733	13634439
13521734	11959178
13521735	7201703
13521736	8409915
13521737	8409915
13521738	20882
13521739	6340313
13521739	13545317
13521740	7163940
13521741	8837103
13521742	11392357
13521743	6490553
13521744	3472450
13521745	3962726
13521746	9455078
13521747	7837607
13521747	7841007
13521747	7843390
13521747	7909437
13521748	12278358
13521749	8416140
13521750	6524978
13521750	13561378
13521751	11936351
13521752	12135675
13521753	1094156
13521754	6661385
13521755	11585474
13521756	410819
13521757	2021169
13521758	10699979
13521759	3494831
13521760	3355983
13521761	7329246
13521762	11830206
13521763	6262857
13521764	8827693
13521765	11027364
13521765	13614512
13521766	6620486
13521767	12319721
13521768	10669607
13521769	2241559
13521770	8946824
13521771	11807617
13521772	11807617
13521773	1159156
13521774	2291870
13521774	2292116
13521774	2292140
13521774	3008057
13521775	11770967
13521776	1146395
13521776	1469784
13521776	1725404
13521776	3466399
13521777	9020427
13521777	13530030
13521778	2550816
13521778	10751699
13521778	13521780
13521779	2092760
13521780	2550816
13521780	13521778
13521781	2092760
13521782	12005538
13521783	2218646
13521784	2218646
13521785	12678862
13521785	13522596
13521786	6569756
13521787	8686098
13521788	8686098
13521789	5958738
13521790	5341715
13521791	12488284
13521791	13522593
13521792	10870539
13521793	10870539
13521794	457384
13521795	10020
13521796	2826196
13521797	2826196
13521798	2320101
13521798	13526805
13521798	13526806
13521799	6463119
13521799	8660672
13521800	13521801
13521801	13521800
13521801	13522213
13521801	13522214
13521801	13522589
13521802	10054844
13521802	13522216
13521802	13522588
13521802	13522601
13521803	13522210
13521803	13522580
13521804	13229253
13521804	13522209
13521804	13522583
13521805	5575272
13521805	13521806
13521805	13522208
13521805	13522573
13521805	13522574
13521806	13521805
13521807	13238523
13521808	13565308
13521809	1734340
13521809	13168031
13521810	13158658
13521811	13259057
13521811	13547310
13521812	13148507
13521812	13535333
13521812	13535334
13521812	13535335
13521813	13180013
13521814	13115862
13521815	134154
13521815	312551
13521815	614066
13521815	1059909
13521815	1170695
13521815	1508232
13521815	1664909
13521815	1664910
13521816	13565310
13521817	13520798
13521818	9725214
13521819	7493094
13521819	13318982
13521820	13001617
13521821	431539
13521821	13150918
13521821	13537568
13521822	12711695
13521823	5774476
13521824	13170200
13521825	3573736
13521826	11984721
13521827	13205083
13521828	3735225
13521829	2359000
13521830	13174758
13521831	8451011
13521832	12319608
13521833	13117281
13521833	13117284
13521833	13535405
13521834	11802746
13521835	717319
13521836	8296834
13521837	6132645
13521838	2956003
13521839	13218096
13521840	5607347
13521841	13115784
13521842	8783616
13521843	2869242
13521844	6660060
13521845	13441470
13521846	12969452
13521847	12969452
13521848	10186717
13521849	11873504
13521850	12845152
13521851	13179657
13521852	13224658
13521853	9004164
13521854	6257373
13521855	1661129
13521855	13169819
13521855	13535475
13521856	6257373
13521857	13177860
13521858	8533119
13521859	282779
13521860	13216832
13521861	1617084
13521862	1928982
13521863	13209370
13521864	10627399
13521865	1597378
13521866	13115802
13521867	6547415
13521868	9050738
13521869	1479174
13521870	6341857
13521872	7437351
13521874	13565322
13521875	13115921
13521876	13586131
13521877	11238820
13521879	9062162
13521881	13521883
13521882	8971342
13521883	13521881
13521884	5018285
13521885	12822804
13521886	13521889
13521887	9831954
13521888	2549827
13521888	4997831
13521888	9254516
13521888	10082791
13521889	13521886
13521890	4639350
13521891	7965751
13521892	12646926
13521893	6838945
13521894	6838945
13521895	5192569
13521896	10178685
13521896	13529765
13521897	13521898
13521898	13521897
13521899	12015380
13521900	10743831
13521901	9155233
13521902	2897739
13521902	13657409
13521903	2383849
13521904	6677575
13521905	8135638
13521906	13521908
13521906	13521912
13521906	13521914
13521907	6400350
13521908	13521906
13521909	9976735
13521910	2723939
13521911	10823723
13521912	13521906
13521913	8316199
13521914	13521906
13521915	12458121
13521916	9204234
13521917	6642244
13521917	6821699
13521917	13539420
13521918	3035232
13521919	10634533
13521921	4674363
13521922	3966603
13521923	8482902
13521924	10577747
13521925	5640210
13521925	13689143
13521926	12944085
13521927	12085153
13521929	5450979
13521930	5614730
13521931	3015411
13521932	1968028
13521934	6986420
13521935	13521936
13521936	13521935
13521938	10326955
13521939	3299128
13521940	2600709
13521941	12606325
13521943	13521944
13521944	13521943
13521945	13521946
13521946	13521945
13521947	13521948
13521947	13521949
13521948	13521947
13521949	13521947
13521950	6986429
13521951	10326964
13521952	3299231
13521952	13654901
13521953	2600716
13521954	12606351
13521955	13325422
13521956	10293885
13521956	13564714
13521956	13564715
13521957	3152318
13521958	2334015
13521959	10583543
13521960	1313128
13521961	2580296
13521962	11055522
13521963	5609380
13521964	3572505
13521965	7578747
13521966	5495449
13521967	6793252
13521968	12635606
13521969	3980876
13521970	13047381
13521971	4105953
13521972	4625086
13521974	12982312
13521975	2275841
13521975	2496514
13521975	13521976
13521976	2275841
13521976	2496514
13521976	4862244
13521976	5550740
13521976	13521975
13521977	10926117
13521978	5206831
13521979	7854458
13521980	10986694
13521981	5692089
13521982	2199822
13521983	13521985
13521983	13521986
13521984	13521987
13521984	13521988
13521985	13521983
13521986	13521983
13521986	13522572
13521986	13528857
13521987	13521984
13521987	13522567
13521987	13528857
13521988	13521984
13521989	410498
13521989	2917081
13521990	13521998
13521990	13521999
13521991	13522000
13521991	13522002
13521993	13536380
13521994	6739944
13521994	13737588
13521995	13522009
13521995	13522010
13521996	13522009
13521997	13522005
13521997	13522006
13521998	13521990
13521998	13522562
13521999	13521990
13522000	13521991
13522001	5923963
13522001	5923964
13522001	5969960
13522001	5969962
13522001	6130845
13522001	13522003
13522001	13522004
13522001	13522430
13522001	13522432
13522001	13522433
13522001	13522434
13522001	13522436
13522001	13522437
13522001	13522439
13522001	13522441
13522002	13521991
13522002	13522564
13522003	5923963
13522003	5923964
13522003	5969960
13522003	13522001
13522004	5923963
13522004	5923964
13522004	5969962
13522004	13522001
13522005	13521997
13522005	13522206
13522005	13522561
13522006	13521997
13522007	5924411
13522008	7409424
13522008	7414391
13522008	7803402
13522008	7803403
13522008	7921932
13522008	7921933
13522008	9079812
13522008	13522418
13522008	13522419
13522008	13522424
13522008	13522425
13522008	13522426
13522009	13521995
13522009	13521996
13522010	13521995
13522010	13522559
13522010	13522560
13522011	10338874
13522012	10338874
13522013	2304815
13522014	11700806
13522015	11700806
13522017	3737820
13522017	4689380
13522019	3915939
13522025	11879053
13522026	10710315
13522026	13526808
13522027	10710315
13522028	884893
13522029	1097541
13522029	13526813
13522030	884893
13522031	7862781
13522031	13526816
13522032	6445185
13522033	6445185
13522034	5675255
13522035	5148622
13522036	3621118
13522037	7307968
13522038	4535971
13522040	513687
13522041	13443389
13522043	5108942
13522044	6698267
13522045	10576034
13522046	5317233
13522047	374764
13522048	3947882
13522049	374764
13522050	4970454
13522051	374767
13522052	5294195
13522053	4142144
13522054	374768
13522055	12409464
13522056	13476609
13522056	13531239
13522056	13531241
13522057	13075876
13522058	6708717
13522059	13476609
13522059	13531241
13522060	5249883
13522060	12206825
13522060	13784423
13522061	374771
13522063	3304205
13522064	374771
13522065	374771
13522066	13070596
13522067	7948407
13522068	374774
13522069	13517885
13522071	374774
13522072	13517885
13522073	7995539
13522074	13517885
13522075	5278694
13522076	13517885
13522077	374775
13522078	13014445
13522079	374777
13522080	6362808
13522081	13515761
13522082	13296209
13522083	13515761
13522084	374778
13522085	8918062
13522086	374779
13522087	13511865
13522088	374779
13522089	6601359
13522090	12994040
13522091	12214702
13522092	12994040
13522093	374781
13522094	374781
13522095	374782
13522096	13511832
13522097	374783
13522098	2363916
13522098	13817476
13522099	13511832
13522099	13522107
13522099	13522108
13522099	13522112
13522101	374784
13522102	374784
13522103	11225252
13522104	5194370
13522105	2605829
13522106	11846230
13522107	13522099
13522108	13522099
13522109	11846230
13522110	6967412
13522111	12687137
13522112	13522099
13522113	13487075
13522114	5189727
13522115	4107874
13522116	374785
13522117	4072871
13522117	13753311
13522119	374788
13522120	374788
13522121	374789
13522122	374790
13522123	7141945
13522124	374790
13522125	374791
13522126	13412895
13522128	4241797
13522129	12347401
13522130	2984333
13522131	374793
13522132	6976064
13522133	374793
13522134	374793
13522135	6997706
13522136	374793
13522138	4933650
13522139	1597560
13522140	1597560
13522141	6395374
13522142	4616558
13522143	4603024
13522144	10199416
13522145	3455680
13522146	6970048
13522147	4936217
13522148	2896466
13522149	11615331
13522150	1597563
13522151	2571636
13522152	13522159
13522152	13522162
13522153	9096560
13522155	13522163
13522155	13522164
13522156	13522165
13522156	13522166
13522157	4732134
13522158	4732134
13522159	13522152
13522159	13522555
13522160	4732134
13522161	4732134
13522162	13522152
13522163	13522155
13522164	13522155
13522164	13522558
13522165	13522156
13522165	13522555
13522166	13522156
13522167	13522168
13522167	13522169
13522168	13522167
13522169	13522167
13522170	11682851
13522171	11682851
13522172	11682852
13522173	11682852
13522174	9385354
13522174	13523386
13522174	13523387
13522175	11682853
13522176	11682854
13522177	11682856
13522178	11682858
13522179	5424569
13522180	9923489
13522181	11682859
13522182	5922849
13522183	11682862
13522184	9059572
13522184	13205481
13522185	11682862
13522186	2474973
13522187	2429946
13522188	13522190
13522189	11651879
13522190	13522188
13522190	13536238
13522190	13536240
13522190	13536241
13522191	1956390
13522192	7005225
13522193	493625
13522194	3243993
13522195	6057802
13522196	6630328
13522197	5108627
13522198	2263248
13522199	12576867
13522200	12576867
13522201	2888818
13522202	1347111
13522202	13679990
13522203	5198410
13522204	5198410
13522205	367989
13522206	13522005
13522207	12497198
13522208	13521805
13522209	13521804
13522210	13521803
13522211	2119227
13522212	10160606
13522213	13521801
13522214	13521801
13522215	11495501
13522216	13521802
13522217	6619166
13522218	12658741
13522219	3715987
13522220	3715987
13522222	10266615
13522223	11121099
13522223	13691831
13522223	13691832
13522224	1226408
13522225	6443173
13522226	6703456
13522227	1224941
13522227	13595789
13522228	392440
13522229	12779810
13522231	2119263
13522232	10030430
13522233	8393339
13522234	6338663
13522235	10152304
13522235	13531578
13522235	13531579
13522235	13531580
13522236	10152304
13522236	13531587
13522236	13531588
13522236	13531589
13522236	13531592
13522236	13531593
13522236	13531595
13522237	13484707
13522238	12568038
13522239	6664936
13522240	10758783
13522241	3264516
13522241	13526369
13522242	3264516
13522242	13526369
13522243	4211776
13522244	10104753
13522245	1395117
13522246	1395117
13522250	12581360
13522251	5861142
13522252	5861142
13522253	11685660
13522254	1449090
13522254	1449098
13522254	1449105
13522254	3923188
13522254	5997430
13522254	13794488
13522256	6162027
13522258	11682863
13522259	11682863
13522260	11093375
13522260	13523389
13522261	6827441
13522262	10119896
13522263	3239323
13522263	4562604
13522264	12158140
13522264	13689626
13522266	11784425
13522267	11682871
13522268	11682874
13522269	11682878
13522270	325734
13522271	4386537
13522272	11682882
13522273	4748883
13522274	4748883
13522275	11682882
13522276	13346017
13522277	7730640
13522278	4748883
13522279	11682882
13522280	6404404
13522281	12189129
13522282	8827428
13522283	1908609
13522284	11682889
13522285	11682889
13522286	2056651
13522287	11682895
13522288	11682898
13522289	12703158
13522290	5112626
13522291	2305137
13522293	234934
13522294	11682903
13522295	11682910
13522296	9406520
13522299	10833281
13522301	3238561
13522302	176573
13522303	11682915
13522304	1483649
13522304	10265575
13522304	13642956
13522304	13642957
13522304	13642959
13522305	7733365
13522305	13531571
13522305	13531572
13522306	2985769
13522307	11682916
13522308	11682916
13522309	11682916
13522310	11682918
13522311	431677
13522312	2012024
13522313	11682920
13522314	410016
13522315	3291669
13522316	11682922
13522317	3698812
13522318	11682924
13522319	11682924
13522320	2621003
13522321	2666340
13522322	9442985
13522323	1012243
13522324	3920315
13522325	5608422
13522326	806393
13522327	4037751
13522327	13654863
13522328	5676698
13522329	745823
13522330	2462677
13522331	2072887
13522332	939879
13522333	2362040
13522334	5676698
13522335	51944
13522335	450032
13522335	622012
13522335	1337183
13522335	1397095
13522336	711718
13522337	401964
13522338	12917654
13522339	542452
13522340	12917653
13522341	8023889
13522342	12917602
13522342	13522346
13522343	12917600
13522344	12917597
13522344	13522347
13522345	5676698
13522346	13522342
13522347	13522344
13522348	10548538
13522349	10548538
13522350	8861342
13522351	10548538
13522352	429686
13522353	2549206
13522354	2549206
13522355	2549206
13522356	440006
13522357	2549206
13522358	2549206
13522359	395845
13522360	5453370
13522361	1492496
13522362	8643021
13522363	8643021
13522364	779468
13522365	13521563
13522366	6042085
13522366	6941721
13522367	427285
13522368	13521563
13522369	905980
13522370	2261289
13522371	11682924
13522372	4441521
13522374	568558
13522375	554328
13522376	12390907
13522377	553809
13522377	13678686
13522378	13521562
13522380	599266
13522381	13521561
13522381	13521562
13522382	2195220
13522383	405719
13522384	446851
13522385	533389
13522386	2118072
13522386	13645023
13522387	396667
13522388	2180332
13522389	810584
13522389	13612596
13522390	13521561
13522391	831622
13522392	683250
13522393	5982255
13522394	1992069
13522395	5982255
13522396	447940
13522397	11992002
13522397	12348825
13522397	12348828
13522398	2347640
13522399	741362
13522399	13551915
13522400	694550
13522401	13521557
13522402	482583
13522403	3550543
13522403	3550556
13522403	3550808
13522403	3557521
13522403	7957305
13522403	8507381
13522403	13214525
13522404	505965
13522404	505966
13522404	5179706
13522404	11708391
13522404	13554182
13522405	2895327
13522408	2195927
13522409	3289232
13522410	13521553
13522411	1581475
13522412	405960
13522413	13521552
13522414	3291925
13522414	13556668
13522415	2069492
13522416	13521551
13522417	806379
13522417	13612618
13522418	7921932
13522418	7921933
13522418	13522008
13522419	7921932
13522419	7921933
13522419	13522008
13522420	13521549
13522421	11992002
13522422	661092
13522423	2335950
13522424	7921932
13522424	7921933
13522424	13522008
13522425	7803402
13522425	7803403
13522425	13522008
13522426	7921932
13522426	7921933
13522426	13522008
13522427	401448
13522428	13521549
13522429	7465966
13522430	5969960
13522430	6130845
13522430	13522001
13522431	454751
13522432	5969960
13522432	6130845
13522432	13522001
13522433	5969960
13522433	6130845
13522433	13522001
13522434	5969960
13522434	6130845
13522434	13522001
13522435	578174
13522436	5969962
13522436	13522001
13522437	5969962
13522437	13522001
13522438	520937
13522439	5969962
13522439	13522001
13522440	2355914
13522441	5969962
13522441	13522001
13522442	2034351
13522443	13521548
13522444	1837174
13522445	13521548
13522446	522089
13522447	12173319
13522448	13521547
13522449	13521547
13522450	1990297
13522451	811977
13522452	13521542
13522453	13521536
13522454	408948
13522455	2062673
13522456	13521536
13522457	485737
13522458	2462619
13522459	690416
13522460	2462620
13522461	2462620
13522462	13521532
13522463	2442236
13522464	13521532
13522465	1837174
13522466	1040003
13522467	1040003
13522467	13576154
13522468	10121486
13522469	10121486
13522470	13521530
13522471	2852184
13522472	13521530
13522473	1309004
13522474	8157445
13522475	13521529
13522477	13521529
13522478	13522483
13522478	13522486
13522479	7371900
13522480	13521524
13522481	10976856
13522482	644396
13522483	13522478
13522484	13455555
13522484	13575384
13522485	13455464
13522485	13575383
13522486	13522478
13522487	681853
13522488	681853
13522488	709478
13522489	1206129
13522489	1206139
13522490	11916821
13522492	6345721
13522493	4988525
13522494	4988525
13522495	8990118
13522496	8990118
13522497	8990118
13522498	8990118
13522499	29441
13522500	13312747
13522500	13687025
13522502	920970
13522503	3444549
13522504	6353301
13522504	13522552
13522505	12994520
13522506	12815270
13522507	2983851
13522508	12090141
13522509	10021099
13522510	11884822
13522511	1809303
13522513	8639032
13522514	582904
13522515	1350125
13522516	1802148
13522517	7185191
13522517	8045466
13522518	12057701
13522519	11682924
13522520	11286058
13522520	11608413
13522520	13524380
13522520	13532641
13522520	13535258
13522520	13733069
13522520	13783295
13522521	1413752
13522522	11777213
13522523	282312
13522525	3109616
13522526	6829505
13522527	13521518
13522528	12627061
13522528	13528120
13522528	13528425
13522528	13528430
13522528	13528432
13522529	12627006
13522530	12000835
13522531	12000835
13522532	13521517
13522534	498311
13522535	13526730
13522535	13526731
13522535	13590160
13522536	5924151
13522536	5965137
13522537	13639769
13522538	13521509
13522539	11661989
13522539	13576563
13522540	8809740
13522541	8631941
13522542	12000837
13522543	12000837
13522544	13526741
13522544	13692030
13522545	8750105
13522546	13526739
13522546	13612650
13522547	4808452
13522548	2392943
13522549	13639773
13522550	3938433
13522551	8300967
13522551	13577160
13522551	13577162
13522552	13522504
13522553	6352316
13522554	6352316
13522555	13522159
13522555	13522165
13522556	6352316
13522557	6352316
13522558	13522164
13522559	13522010
13522560	13522010
13522561	13522005
13522562	13521998
13522562	13826790
13522563	12766708
13522564	13522002
13522565	13521508
13522566	5986117
13522567	13521987
13522568	10047591
13522569	11524592
13522570	11189511
13522571	11524592
13522572	13521986
13522573	13521805
13522574	13521805
13522576	13521502
13522577	3371058
13522578	9360011
13522579	3371058
13522580	13521803
13522581	11897038
13522582	11897038
13522583	13521804
13522584	2246008
13522585	11897038
13522586	2260805
13522586	3626282
13522586	3626296
13522587	13521496
13522588	13521802
13522589	13521801
13522590	2260805
13522590	3626282
13522590	3626296
13522591	11293939
13522592	10228144
13522593	13521791
13522594	10228144
13522595	13612532
13522596	13521785
13522597	13600269
13522598	10228146
13522599	10228146
13522600	9232717
13522601	13521802
13522602	9699440
13522602	13578959
13522603	10618081
13522604	13521497
13522605	8389648
13522606	13521497
13522607	1329661
13522608	13521525
13522609	336164
13522610	13521525
13522611	13521462
13522612	336164
13522613	11101023
13522613	13523382
13522613	13523384
13522614	13521462
13522615	336165
13522616	13521444
13522617	10486945
13522618	2706252
13522619	10486945
13522620	13521429
13522621	337469
13522622	13521444
13522623	13521414
13522624	9187224
13522625	13521414
13522626	13521414
13522627	13521414
13522628	13521282
13522628	13834720
13522629	13521265
13522630	13521282
13522631	13521254
13522632	13521493
13522635	2245878
13522636	13521493
13522637	2245878
13522638	13113277
13522639	12221211
13522642	3854371
13522643	13522648
13522644	4975519
13522644	11429915
13522644	13524949
13522644	13524950
13522645	3854371
13522646	3165510
13522646	11817971
13522646	12928796
13522647	13044261
13522648	13522643
13522649	10258195
13522649	13523375
13522650	8046774
13522650	13523381
13522651	3854368
13522652	9397388
13522653	3854368
13522654	9303554
13522655	9303554
13522656	13521492
13522657	13521492
13522658	13500537
13522659	13500523
13522660	13500519
13522661	13500474
13522662	13500414
13522663	13500402
13522664	13500582
13522665	13501253
13522666	13501252
13522667	13475157
13522668	13501246
13522669	13501242
13522670	12881187
13522670	13131672
13522670	13131674
13522671	12948588
13522671	12948589
13522671	13374204
13522672	13501188
13522673	1429442
13522673	1431823
13522673	13041058
13522674	13501094
13522675	13500946
13522676	13401841
13522676	13401855
13522677	13500944
13522678	13521487
13522682	9280283
13522683	7799561
13522683	7799566
13522683	8493934
13522684	13521486
13522685	3822630
13522685	6907306
13522686	10979864
13522687	6264020
13522687	6688164
13522687	6759711
13522687	10767001
13522687	10767002
13522687	11387745
13522688	5822892
13522689	13521480
13522690	13521466
13522698	7009517
13522699	6713677
13522700	9387793
13522700	9387794
13522700	9387880
13522700	9387881
13522700	9398548
13522700	12762409
13522700	12762411
13522700	12762414
13522701	7009528
13522702	13472404
13522703	10053242
13522704	1622
13522705	1622
13522706	1690
13522707	7009529
13522708	1717
13522709	1718
13522710	1718
13522711	1723
13522711	13826867
13522712	1771
13522713	13521464
13522714	11992002
13522715	1862
13522716	2040
13522717	2176
13522717	13524379
13522718	2176
13522719	6107792
13522719	6107875
13522719	6111305
13522720	1369863
13522721	2319
13522722	6358173
13522722	7015601
13522723	8677868
13522723	8677870
13522723	12548674
13522724	12621
13522725	15863
13522726	13521461
13522727	13521282
13522728	13521282
13522729	15877
13522730	13521282
13522731	15913
13522732	15913
13522733	16164
13522733	13524378
13522733	13531233
13522734	16216
13522735	16268
13522736	16274
13522737	16274
13522738	13521460
13522740	16428
13522741	13521460
13522742	17188
13522743	13521461
13522744	244843
13522745	7936780
13522745	13522746
13522746	13522745
13522747	10730202
13522747	13522749
13522748	13527075
13522748	13527076
13522749	13522747
13522750	13527066
13522750	13527073
13522751	13521459
13522752	7009531
13522753	7009531
13522754	13521459
13522755	2202816
13522756	2202816
13522757	13522767
13522757	13522769
13522757	13522771
13522757	13522772
13522757	13522775
13522757	13522777
13522757	13522783
13522757	13522785
13522757	13522791
13522757	13522792
13522757	13522796
13522757	13522798
13522757	13522801
13522757	13522803
13522758	2202817
13522759	2202818
13522760	2202819
13522761	2202820
13522762	13521459
13522763	2202821
13522764	2202822
13522765	13521458
13522766	3148329
13522767	13522757
13522768	13521458
13522769	13522757
13522770	1406700
13522771	13522757
13522772	13522757
13522773	7460247
13522773	12299562
13522774	5081308
13522775	13522757
13522776	2753772
13522777	13522757
13522778	792970
13522778	13529420
13522779	763368
13522781	12144936
13522781	12145086
13522781	12145090
13522781	12145094
13522782	2013371
13522782	2017482
13522782	3340303
13522782	13522891
13522782	13524778
13522782	13529579
13522782	13529581
13522782	13529868
13522782	13530836
13522783	13522757
13522784	2671781
13522785	13522757
13522786	12000923
13522787	5407804
13522787	13529418
13522787	13731441
13522788	12000923
13522789	1654123
13522789	1654124
13522790	2140165
13522790	13522889
13522790	13524769
13522790	13525414
13522790	13528826
13522790	13529578
13522790	13529865
13522790	13530830
13522790	13530831
13522791	13522757
13522792	13522757
13522794	2969281
13522794	2971513
13522794	2971514
13522794	2971540
13522794	3299442
13522794	5541189
13522794	5542038
13522794	12420317
13522794	12420903
13522794	12420904
13522794	13522882
13522794	13524767
13522794	13524768
13522794	13525315
13522794	13525317
13522794	13526900
13522794	13526902
13522794	13528807
13522794	13528808
13522794	13529576
13522794	13529577
13522794	13529861
13522794	13529862
13522794	13529863
13522794	13529864
13522794	13530823
13522794	13530824
13522794	13530827
13522794	13530828
13522794	13531612
13522794	13733149
13522794	13733150
13522795	8733400
13522795	12190669
13522795	12190670
13522795	13522806
13522795	13522807
13522795	13524761
13522795	13524762
13522795	13524763
13522795	13525310
13522795	13525312
13522795	13528739
13522795	13529575
13522795	13529859
13522795	13529860
13522795	13530819
13522795	13530821
13522795	13530822
13522796	13522757
13522797	12000925
13522798	13522757
13522799	12000925
13522800	12000927
13522801	13522757
13522802	12000928
13522803	13522757
13522804	12000928
13522805	12000928
13522806	8733400
13522806	13522795
13522807	13522795
13522807	13524763
13522808	12000929
13522809	12000929
13522810	12000930
13522811	12000930
13522812	12000930
13522813	10228148
13522814	10228148
13522815	10228150
13522816	10228150
13522817	10228148
13522818	10228148
13522819	1374957
13522819	5244446
13522819	13522820
13522819	13522821
13522819	13522822
13522819	13522823
13522819	13522824
13522819	13522825
13522819	13522826
13522819	13522827
13522819	13522828
13522819	13522829
13522819	13522830
13522819	13522831
13522819	13522832
13522819	13522907
13522820	13522819
13522821	13522819
13522822	13522819
13522823	13522819
13522824	13522819
13522824	13522907
13522825	13522819
13522826	13522819
13522827	13522819
13522828	1374957
13522828	5244446
13522828	13522819
13522828	13522829
13522829	1374957
13522829	13522819
13522829	13522828
13522830	13522819
13522831	13522819
13522832	13522819
13522832	13522887
13522832	13522907
13522833	8764148
13522833	9384666
13522834	12099969
13522834	13523376
13522835	11282452
13522836	3724257
13522837	9377696
13522837	13523380
13522838	11388757
13522838	13523377
13522838	13523378
13522839	10468501
13522840	7556345
13522840	13523379
13522841	11878408
13522841	13523024
13522842	13005832
13522843	5452137
13522844	11368032
13522844	13523025
13522845	6027186
13522846	6242435
13522847	5877762
13522847	5878758
13522847	5880444
13522847	6691344
13522848	7498588
13522849	2767807
13522850	13565906
13522851	6240726
13522851	8268687
13522852	11315605
13522852	13523027
13522853	12586414
13522854	5242655
13522854	11359935
13522854	13304696
13522855	13384115
13522856	55030
13522857	13320579
13522857	13321748
13522858	10488470
13522859	13019904
13522859	13131635
13522859	13131637
13522860	13205804
13522860	13400736
13522860	13411210
13522861	13495921
13522862	13522863
13522863	13522862
13522863	13522867
13522864	12889509
13522864	12891876
13522864	13172896
13522865	7727434
13522865	13523064
13522866	10219668
13522866	12956475
13522867	13522863
13522868	13520652
13522868	13520964
13522868	13520965
13522868	13520966
13522868	13520967
13522868	13521353
13522868	13521360
13522868	13522879
13522868	13524554
13522868	13524759
13522868	13524760
13522868	13525297
13522868	13525298
13522868	13526894
13522868	13526895
13522868	13526903
13522868	13526905
13522868	13528735
13522868	13529415
13522868	13529416
13522868	13529417
13522868	13529573
13522868	13529574
13522868	13529856
13522868	13529857
13522868	13529858
13522868	13530810
13522868	13530811
13522868	13530812
13522868	13530813
13522868	13538074
13522868	13538082
13522868	13538083
13522869	9209983
13522869	9403426
13522869	13520660
13522869	13520962
13522869	13522878
13522869	13524553
13522869	13524758
13522869	13525307
13522869	13526893
13522869	13529572
13522869	13529855
13522869	13530808
13522870	13520763
13522870	13520956
13522870	13522877
13522870	13524549
13522870	13524550
13522870	13524551
13522870	13524552
13522870	13524756
13522870	13524757
13522870	13525294
13522870	13525296
13522870	13526887
13522870	13526888
13522870	13526889
13522870	13526891
13522870	13529570
13522870	13529571
13522870	13529853
13522870	13529854
13522870	13530804
13522870	13530805
13522870	13534607
13522870	13534609
13522870	13534612
13522870	13534617
13522870	13534912
13522871	13521458
13522872	13520779
13522872	13520946
13522872	13523022
13522872	13524548
13522872	13524747
13522872	13524751
13522872	13524752
13522872	13524753
13522872	13525254
13522872	13525255
13522872	13525261
13522872	13525266
13522872	13526878
13522872	13526880
13522872	13528730
13522872	13529566
13522872	13529567
13522872	13529568
13522872	13529569
13522872	13529845
13522872	13529847
13522872	13529848
13522872	13529850
13522872	13529851
13522872	13529852
13522872	13530787
13522872	13530788
13522872	13530794
13522872	13530795
13522872	13530797
13522872	13530799
13522872	13530800
13522872	13530801
13522872	13814647
13522873	13520939
13522873	13520942
13522873	13520943
13522873	13522875
13522873	13522936
13522873	13523019
13522873	13523021
13522873	13524714
13522873	13525240
13522873	13525245
13522873	13526874
13522873	13526875
13522873	13529565
13522873	13529842
13522873	13530781
13522873	13530782
13522873	13530783
13522873	13530785
13522873	13624069
13522873	13624070
13522873	13624071
13522874	13520924
13522874	13520925
13522874	13520926
13522874	13520927
13522875	13522873
13522876	13520930
13522877	13522870
13522878	13522869
13522879	13522868
13522880	13520799
13522880	13520915
13522880	13520917
13522880	13525739
13522880	13538980
13522880	13538981
13522881	13520907
13522881	13520908
13522881	13523017
13522881	13524544
13522881	13524545
13522881	13524711
13522881	13524712
13522881	13525290
13522881	13525291
13522881	13525738
13522881	13526869
13522881	13526871
13522881	13529564
13522881	13529840
13522881	13530779
13522881	13582076
13522882	13522794
13522883	1119332
13522883	13504111
13522883	13506675
13522883	13512973
13522883	13512975
13522883	13520904
13522883	13522962
13522883	13524710
13522883	13525171
13522883	13526866
13522883	13529563
13522883	13529839
13522883	13530778
13522885	1839560
13522887	13522832
13522888	4939339
13522888	12396933
13522888	12397002
13522888	12397003
13522888	13520555
13522889	13522790
13522890	13520553
13522891	13522782
13522892	6532442
13522893	13501760
13522893	13523010
13522893	13524543
13522893	13524709
13522893	13525283
13522893	13526864
13522893	13529562
13522893	13529836
13522893	13530777
13522894	13501758
13522894	13523013
13522894	13523015
13522894	13524539
13522894	13524708
13522894	13529561
13522894	13529832
13522894	13530775
13522897	13405768
13522897	13412551
13522899	13350277
13522899	13633466
13522901	5131303
13522901	13514353
13522902	13069614
13522903	13437306
13522903	13522905
13522903	13523431
13522903	13523432
13522905	13437306
13522905	13522903
13522906	11156583
13522906	13524321
13522906	13524322
13522907	13522819
13522907	13522824
13522907	13522832
13522907	13524320
13522908	6971507
13522908	6971511
13522908	13168319
13522908	13168320
13522908	13278143
13522909	13521402
13522911	13495811
13522912	13521400
13522914	13521401
13522915	13521396
13522916	2841207
13522917	13523126
13522918	13522919
13522919	13522918
13522919	13527673
13522919	13528079
13522919	13528080
13522919	13528081
13522919	13528082
13522919	13528083
13522919	13528084
13522919	13528085
13522919	13528086
13522919	13528087
13522919	13528088
13522919	13528089
13522919	13528090
13522919	13534602
13522920	3715197
13522923	13521392
13522925	13521393
13522927	13521394
13522928	13522929
13522929	13522928
13522930	13521395
13522932	13521390
13522933	13521388
13522934	13521386
13522935	13521385
13522936	13520939
13522936	13520942
13522936	13520943
13522936	13522873
13522936	13523019
13522936	13523021
13522937	13521383
13522938	13521382
13522941	13521371
13522943	9615109
13522943	13522956
13522944	10228152
13522945	10228153
13522946	10228153
13522947	6704137
13522947	6739880
13522947	13522953
13522948	11295159
13522949	10228154
13522950	10228155
13522951	13521367
13522952	10228155
13522953	13522947
13522954	10228155
13522955	8156461
13522956	13522943
13522958	10228156
13522959	13521366
13522960	10228159
13522962	13506675
13522962	13512973
13522962	13512975
13522962	13522883
13522963	10228159
13522964	10228161
13522965	10228161
13522966	11202944
13522966	13523063
13522967	10228161
13522968	10228161
13522969	13522970
13522969	13522976
13522970	13522969
13522971	11407454
13522972	13521365
13522973	9469239
13522975	13521365
13522976	13522969
13522976	13522978
13522977	9184923
13522978	13522976
13522979	11320163
13522980	10455458
13522981	13521364
13522982	7264895
13522982	11299898
13522983	13521363
13522984	5923310
13522984	13523000
13522984	13523005
13522984	13680692
13522985	11308384
13522987	11288048
13522987	13523002
13522987	13523121
13522987	13523122
13522989	13521362
13522991	13521361
13522992	9106139
13522992	13522999
13522992	13693908
13522993	13521361
13522994	11527985
13522996	13521359
13522998	7074302
13522999	13522992
13522999	13693898
13522999	13693908
13522999	13693909
13522999	13693910
13523000	5050636
13523000	13522984
13523000	13523005
13523002	13522987
13523003	9514202
13523004	13521358
13523005	5050636
13523005	5923310
13523005	11311500
13523005	13522984
13523005	13523000
13523006	9401964
13523008	11317368
13523009	13521357
13523010	13522893
13523011	7779945
13523011	13523034
13523013	13522894
13523014	13521354
13523015	13522894
13523016	11424194
13523017	13522881
13523017	13563334
13523017	13564604
13523017	13582076
13523018	9184750
13523019	13522873
13523019	13522936
13523020	13521354
13523021	13522873
13523021	13522936
13523022	13520946
13523022	13522872
13523022	13524752
13523022	13525261
13523023	11148697
13523024	13522841
13523025	13522844
13523026	10756490
13523026	13523031
13523026	13523032
13523027	13522852
13523030	12243355
13523031	13523026
13523032	13523026
13523033	12243355
13523034	13523011
13523035	8518481
13523036	13521351
13523037	8518481
13523038	8477112
13523039	13521351
13523040	8477112
13523042	8477112
13523043	9590216
13523044	8477112
13523046	9069658
13523047	13521349
13523049	13521348
13523050	7027578
13523052	12117871
13523052	13523068
13523053	12262614
13523055	12262614
13523056	13521337
13523057	11289065
13523057	11623383
13523058	13521337
13523060	12742840
13523061	9060597
13523062	13521330
13523063	13522966
13523064	13522865
13523065	12258516
13523065	12258517
13523065	12258518
13523066	13521324
13523067	11329997
13523068	13523052
13523069	13521327
13523070	11339594
13523071	13521329
13523072	9330720
13523073	11192275
13523073	13571054
13523074	13184905
13523076	13184905
13523077	13184905
13523078	13521323
13523080	9592694
13523082	7957804
13523083	11400206
13523083	13523119
13523085	11295840
13523086	9420736
13523089	8969220
13523091	13521317
13523093	13523123
13523093	13527037
13523094	7082731
13523096	9154855
13523099	11191881
13523102	11493474
13523103	2606757
13523103	11491645
13523104	13521317
13523105	12757095
13523105	13523120
13523106	8111336
13523107	8277763
13523109	13383993
13523110	129064
13523110	3750112
13523110	3750555
13523110	9833521
13523110	9833522
13523111	10586791
13523111	13523116
13523112	9448425
13523113	9374433
13523115	9169635
13523116	13523111
13523117	13520944
13523117	13534426
13523117	13534430
13523119	13523083
13523120	13523105
13523121	13522987
13523122	13522987
13523123	13523093
13523124	11299132
13523126	13522917
13523127	13049030
13523128	11695680
13523129	10019067
13523132	10761463
13523132	13523138
13523133	2832070
13523133	5378356
13523133	11331632
13523135	8243839
13523135	13523136
13523136	13523135
13523137	7822320
13523137	13575041
13523138	13523132
13523142	823265
13523142	2232511
13523142	6145963
13523142	6146027
13523142	8859081
13523145	10228164
13523146	12289196
13523147	10228164
13523149	10228165
13523151	10228165
13523152	12289196
13523153	12289196
13523154	46359
13523155	10228167
13523156	10228168
13523157	10228168
13523158	10228169
13523160	10228171
13523161	12761554
13523162	10228171
13523163	12761554
13523164	4329680
13523164	10977103
13523165	10228171
13523166	7997240
13523166	10475134
13523167	12761554
13523168	10228172
13523169	10228173
13523171	11141342
13523174	2300709
13523174	2306462
13523174	2506853
13523174	2506855
13523174	2506856
13523174	8471063
13523175	10704892
13523177	10228173
13523178	10228173
13523179	2300709
13523180	10228174
13523181	11537778
13523181	13523297
13523181	13523299
13523182	10228176
13523183	11306638
13523184	10228176
13523186	10228177
13523187	3041158
13523187	3041159
13523187	11559399
13523188	10228178
13523190	10228178
13523191	10228178
13523193	10228179
13523195	10228179
13523198	13523293
13523201	10228187
13523202	10228187
13523203	10228188
13523204	10228189
13523205	10228189
13523206	10228191
13523207	1657270
13523207	9998915
13523208	10228191
13523209	10228191
13523211	10228192
13523212	10228193
13523213	12486345
13523213	12536217
13523213	13525053
13523214	1623995
13523214	1623997
13523214	11940142
13523214	13523265
13523214	13523883
13523216	3185602
13523216	3807058
13523216	6355506
13523216	11979152
13523216	11979153
13523216	13523257
13523216	13525047
13523217	10228194
13523218	11271872
13523218	13523241
13523218	13524977
13523218	13542787
13523218	13542901
13523219	10228195
13523220	10228195
13523221	10228196
13523222	7559644
13523222	13523240
13523224	10228198
13523225	9532770
13523226	10228199
13523227	10228201
13523227	10228203
13523228	10228201
13523229	10228202
13523230	10228203
13523231	10228203
13523233	10228208
13523234	13523256
13523235	13523285
13523235	13523287
13523236	13523251
13523237	4679084
13523238	4679084
13523240	13523222
13523241	13523218
13523241	13523282
13523241	13523283
13523241	13524977
13523241	13524983
13523241	13524985
13523241	13524987
13523241	13542901
13523245	1152846
13523245	1153481
13523245	1444148
13523245	11094211
13523245	11098935
13523246	11421977
13523246	13523247
13523246	13523248
13523247	13523246
13523248	13523246
13523249	13523252
13523249	13523255
13523249	13523259
13523249	13523261
13523249	13523266
13523249	13523284
13523249	13523294
13523249	13523295
13523249	13523298
13523249	13523301
13523249	13523302
13523249	13523303
13523249	13523305
13523249	13523307
13523249	13523309
13523249	13523310
13523250	13525734
13523251	13523236
13523252	13523249
13523255	13523249
13523256	13523234
13523257	13523216
13523259	13523249
13523261	13523249
13523263	130719
13523265	1623995
13523265	13523214
13523265	13523880
13523265	13523883
13523266	13523249
13523267	10293995
13523267	13582065
13523267	13586033
13523268	10293994
13523268	13582065
13523268	13586033
13523270	7466072
13523270	10293992
13523271	13523274
13523271	13523277
13523271	13527026
13523271	13527028
13523271	13600278
13523272	7466072
13523272	10293993
13523273	7466072
13523273	10293992
13523273	13582063
13523274	11144857
13523274	13523271
13523274	13600278
13523276	611958
13523277	13523271
13523278	12455195
13523278	12455196
13523279	12455195
13523279	12455196
13523280	858363
13523280	2467673
13523280	6857638
13523280	7060450
13523280	12051825
13523282	13523241
13523282	13524992
13523282	13658782
13523283	13523241
13523283	13658781
13523284	13523249
13523285	13523235
13523286	57167
13523286	560621
13523286	560623
13523286	597994
13523286	1463193
13523287	13523235
13523290	395272
13523290	846932
13523291	1813101
13523293	13523198
13523294	13523249
13523295	13523249
13523296	13527018
13523296	13527019
13523297	13523181
13523298	13523249
13523299	13523181
13523301	13523249
13523302	13523249
13523303	13523249
13523305	13523249
13523307	13523249
13523309	13523249
13523310	13523249
13523314	13505302
13523315	11766961
13523316	13525064
13523316	13525065
13523317	13505302
13523318	13505302
13523334	13525050
13523334	13525052
13523335	39002
13523338	6468753
13523339	382151
13523341	2813182
13523343	5147367
13523346	4299264
13523346	11446011
13523348	13259120
13523355	1286959
13523357	10586653
13523357	13523373
13523358	39892
13523358	139633
13523358	1578110
13523358	1958763
13523358	2259621
13523358	12390281
13523361	7558151
13523361	11632658
13523363	7558151
13523364	11362524
13523367	7499423
13523369	6036079
13523370	6036079
13523370	13582062
13523371	9535274
13523371	13524971
13523371	13524972
13523371	13526541
13523372	7100837
13523373	13523357
13523374	11263359
13523375	13522649
13523376	13522834
13523377	13522838
13523378	13522838
13523379	13522840
13523380	13522837
13523381	13522650
13523382	13522613
13523383	9059782
13523383	13524956
13523383	13524958
13523383	13524959
13523383	13524960
13523383	13526542
13523384	13522613
13523385	13506360
13523386	13522174
13523387	13522174
13523388	13521320
13523389	13522260
13523390	13520898
13523391	13520201
13523392	13520201
13523393	13520195
13523394	13520174
13523395	11490861
13523395	13523525
13523395	13524264
13523395	13524266
13523396	13519913
13523397	13519913
13523398	13519761
13523399	13519759
13523400	11125061
13523400	13523408
13523400	13524252
13523400	13524254
13523400	13524255
13523401	2203242
13523401	13518729
13523401	13582060
13523402	13523403
13523403	13523402
13523403	13523433
13523403	13524249
13523403	13524250
13523403	13524251
13523404	13523406
13523405	13519759
13523405	13519761
13523405	13582059
13523406	13523404
13523406	13523409
13523406	13524244
13523406	13524245
13523406	13524246
13523408	13523400
13523409	13523406
13523417	13518716
13523419	13518688
13523420	5797542
13523420	5797842
13523420	5804779
13523420	7668934
13523420	13313121
13523423	11375914
13523423	13523450
13523423	13523451
13523423	13524231
13523423	13524235
13523423	13524238
13523426	13431544
13523427	13693531
13523428	13523429
13523428	13524535
13523428	13524701
13523428	13529559
13523428	13530770
13523429	13523428
13523430	4872241
13523430	13410299
13523430	13527669
13523431	13437306
13523431	13522903
13523432	13437306
13523432	13522903
13523433	13523403
13523434	13517433
13523434	13587878
13523435	13517433
13523436	548936
13523437	548936
13523438	548936
13523439	548936
13523440	13344998
13523441	13377791
13523441	13523449
13523442	4580830
13523443	3229763
13523444	10766119
13523445	10445403
13523446	7281569
13523446	13523448
13523446	13530044
13523447	12476991
13523448	13523446
13523449	13523441
13523450	13523423
13523451	13523423
13523452	11700997
13523453	372180
13523454	372181
13523455	372182
13523456	372182
13523457	372182
13523458	372184
13523459	2113130
13523460	2113130
13523461	10685693
13523462	10685696
13523463	10685705
13523464	10685707
13523465	10685710
13523466	10685711
13523467	10685711
13523468	5174913
13523469	5174913
13523469	11183501
13523470	5189562
13523471	7544314
13523471	7552609
13523471	7552612
13523472	13218011
13523473	12087027
13523474	6534871
13523475	13218060
13523476	6534871
13523477	6534871
13523478	13218060
13523479	6534871
13523484	13218479
13523485	13218479
13523486	13218479
13523487	13218479
13523488	13219117
13523489	13219117
13523490	13219117
13523491	13219117
13523492	13219117
13523493	13219118
13523494	13219118
13523495	13219121
13523496	13220099
13523497	13220101
13523498	13220101
13523499	13220102
13523500	13220197
13523501	13220197
13523502	13220325
13523502	13524377
13523503	13220325
13523503	13524377
13523504	59928
13523504	4804475
13523505	4804475
13523506	59928
13523506	4804475
13523507	4804475
13523508	4804475
13523509	7198419
13523510	4804478
13523513	4804488
13523514	4804491
13523515	4804491
13523516	5130614
13523517	13525140
13523518	5130614
13523519	13525140
13523520	5130614
13523521	5131437
13523522	129518
13523523	6806384
13523523	6806395
13523523	9816101
13523524	12286551
13523525	13523395
13523526	5912684
13523527	12829837
13523527	12957114
13523528	4801352
13523529	9940822
13523530	87550
13523530	472115
13523530	484581
13523530	9670771
13523532	4804475
13523533	4804475
13523534	6239181
13523534	13525121
13523534	13525127
13523534	13525135
13523534	13525136
13523535	6239181
13523535	13525120
13523535	13525123
13523535	13525128
13523535	13525132
13523536	6099207
13523536	6140183
13523536	13525117
13523537	6099207
13523537	13525115
13523538	2249197
13523538	7820316
13523538	13525113
13523539	2249197
13523539	7820317
13523539	13525112
13523540	2249197
13523540	7820318
13523540	13525110
13523541	2249197
13523541	7820319
13523541	13525101
13523541	13525103
13523541	13525106
13523542	13151198
13523542	13525100
13523543	13151198
13523543	13525098
13523543	13525099
13523544	8477112
13523545	8477112
13523546	315408
13523546	446454
13523546	3523742
13523546	4901262
13523546	8475634
13523546	8477112
13523546	13470453
13523546	13524373
13523546	13524374
13523546	13524375
13523546	13524376
13523546	13538081
13523546	13538920
13523546	13538921
13523547	8735129
13523547	13525093
13523547	13561002
13523548	11081463
13523548	13525092
13523549	11967281
13523552	276085
13523552	523469
13523552	523552
13523552	13524428
13523553	8477112
13523554	9438230
13523554	9438238
13523555	13209905
13523555	13210193
13523555	13210195
13523556	13209905
13523556	13210194
13523556	13210196
13523556	13210198
13523557	46795
13523557	446628
13523557	2160251
13523557	2864753
13523557	7811904
13523558	46790
13523558	2974727
13523558	5320656
13523558	7669347
13523559	46790
13523559	2974727
13523559	5320656
13523559	7669347
13523560	3738792
13523560	3744160
13523561	3738792
13523562	13415537
13523563	13378272
13523564	13378277
13523565	13378270
13523566	6340252
13523567	6659105
13523568	255252
13523569	8328045
13523569	13524421
13523570	8968391
13523570	8968393
13523570	9692941
13523571	13429736
13523572	2550190
13523573	2550191
13523574	52746
13523575	4019277
13523576	1776322
13523577	52747
13523578	7082188
13523579	7082188
13523580	11965208
13523580	13528018
13523581	11066653
13523582	2765911
13523583	5793969
13523584	52748
13523585	4933615
13523586	6739205
13523587	6310864
13523588	7943128
13523589	12138958
13523590	5347385
13523591	2251105
13523592	6715274
13523592	6806940
13523593	5296100
13523595	2370647
13523596	61091
13523597	2649293
13523598	8415953
13523598	13591449
13523599	7937812
13523600	13263525
13523601	3165590
13523602	13039816
13523603	67635
13523604	4902027
13523605	8695409
13523606	7154291
13523607	12597142
13523608	9991691
13523609	5784680
13523610	5089865
13523611	1784578
13523612	2528026
13523613	12712553
13523614	5745716
13523614	13530544
13523615	3467998
13523616	13447793
13523617	12419135
13523618	4263829
13523618	13580500
13523619	3574998
13523620	4029807
13523621	1725266
13523622	5768874
13523623	5768874
13523624	12211607
13523625	13102504
13523626	8056695
13523627	6570181
13523628	7705612
13523629	8550603
13523630	3666308
13523630	13529761
13523631	5345185
13523632	381009
13523633	5480981
13523634	4787375
13523635	5638226
13523636	13177573
13523637	7362024
13523637	13657115
13523638	6826824
13523639	12474667
13523640	10080190
13523641	10080190
13523641	12345691
13523642	13115937
13523643	5622587
13523644	8963335
13523645	2985660
13523646	13111884
13523647	3257246
13523648	3043864
13523649	11845607
13523650	5220353
13523651	13209429
13523652	3210592
13523653	937922
13523654	4007091
13523655	3989854
13523656	6393641
13523656	12947028
13523656	12947032
13523657	13156083
13523658	13563725
13523658	13564711
13523659	13175023
13523660	6962716
13523661	13523663
13523661	13523664
13523662	4006872
13523663	13523661
13523664	13523661
13523665	13141843
13523666	13369830
13523667	11243765
13523668	13213600
13523669	6325662
13523670	5599035
13523670	6272861
13523671	5621404
13523672	2616618
13523673	2102654
13523674	13150755
13523675	794850
13523676	12405046
13523676	13686852
13523677	2747817
13523678	13170185
13523679	7919712
13523680	5685697
13523681	8296296
13523682	8296296
13523683	13175461
13523684	13226025
13523685	13226025
13523686	13369991
13523687	10450711
13523689	11243875
13523690	3507223
13523690	13194090
13523691	13213680
13523692	6325681
13523693	5621480
13523694	2616620
13523695	1553532
13523695	1688178
13523695	10787702
13523695	10787704
13523695	13191977
13523696	2102656
13523698	2871574
13523699	7911886
13523700	5969583
13523701	6920368
13523702	8644807
13523702	13752996
13523703	2411213
13523704	6572988
13523705	4479536
13523706	2529718
13523707	10928690
13523708	3235813
13523709	2609591
13523710	7937088
13523711	13254547
13523712	6386076
13523713	4121844
13523713	13822600
13523714	13254547
13523715	13231356
13523716	13231356
13523717	13231356
13523718	13231356
13523719	13231356
13523720	13189526
13523721	13189526
13523722	13192411
13523723	13192411
13523724	13192411
13523725	13209511
13523726	13209511
13523727	13209511
13523728	13194535
13523729	2529808
13523729	13657386
13523730	13563721
13523731	6511389
13523732	2259587
13523733	4561548
13523734	4959417
13523735	10913053
13523736	2892532
13523737	8267276
13523738	4664251
13523739	4834392
13523740	88413
13523741	315294
13523742	6372966
13523743	5161360
13523744	4484117
13523745	12634572
13523746	12224203
13523747	295295
13523748	102388
13523748	7390937
13523748	13543261
13523748	13543262
13523749	108391
13523750	2815065
13523751	640587
13523751	706912
13523751	4787543
13523752	1951939
13523753	8478217
13523754	2346054
13523755	4336209
13523756	11386500
13523757	1487689
13523758	6858596
13523759	8475592
13523760	3472993
13523761	2238797
13523762	4914981
13523763	4956199
13523764	4956199
13523765	7786197
13523766	7539157
13523767	4649650
13523767	13814995
13523768	6382402
13523769	11180104
13523770	769121
13523770	8865692
13523771	11843148
13523772	8736493
13523773	6049378
13523774	13523796
13523774	13523828
13523775	13523797
13523776	13523800
13523777	13523801
13523778	13523803
13523779	13523804
13523780	13523805
13523781	13523806
13523782	13523807
13523783	13523808
13523784	13523809
13523785	13523810
13523786	13523811
13523787	13523812
13523788	13523814
13523788	13547811
13523788	13547812
13523789	13523815
13523790	13523816
13523791	13523817
13523792	13523820
13523793	13523822
13523794	11791435
13523795	8667833
13523796	13523774
13523797	13523775
13523798	11017139
13523799	11017139
13523800	13523776
13523801	13523777
13523802	7943502
13523803	13523778
13523804	13523779
13523805	13523780
13523806	13523781
13523806	13525741
13523807	13523782
13523808	13523783
13523809	13523784
13523810	13523785
13523811	13523786
13523812	13523787
13523813	12901583
13523814	13523788
13523815	13523789
13523816	13523790
13523817	13523791
13523820	13523792
13523822	13523793
13523828	13523774
13523829	3085975
13523830	3085975
13523831	13514355
13523834	13525742
13523847	13525743
13523849	13523862
13523849	13523864
13523850	11103229
13523851	10512739
13523852	1290848
13523853	12336313
13523854	11883125
13523855	13523858
13523855	13523859
13523856	9630819
13523857	12336313
13523857	13582625
13523857	13582626
13523858	13523855
13523859	13523855
13523860	13514425
13523861	13510132
13523861	13524372
13523862	13523849
13523863	13495169
13523864	13523849
13523865	934068
13523865	13551718
13523866	934068
13523867	934068
13523868	13478542
13523869	934068
13523869	13523875
13523870	13478542
13523871	934068
13523871	13650016
13523872	6524663
13523873	934068
13523873	13613518
13523874	13457613
13523875	934068
13523875	13523869
13523875	13650016
13523876	13452430
13523877	13452430
13523878	13452428
13523879	13452428
13523880	1623995
13523880	13523265
13523880	13523883
13523881	13452066
13523882	13452066
13523883	1623997
13523883	11940142
13523883	13523214
13523883	13523265
13523883	13523880
13523887	13525744
13523887	13525745
13523888	13450871
13523892	11373676
13523894	2360614
13523896	13417132
13523898	13417132
13523899	13525746
13523902	400213
13523904	13412370
13523906	400213
13523908	13525758
13523909	13406920
13523910	11466174
13523912	1817925
13523912	13523945
13523913	13406920
13523915	12106404
13523917	7131468
13523918	12478598
13523920	13525747
13523922	13523950
13523922	13525757
13523924	432443
13523924	13638136
13523927	9836358
13523929	10659588
13523932	432443
13523938	13523946
13523939	10547878
13523940	7542413
13523941	13525756
13523941	13526683
13523941	13526684
13523945	1817925
13523945	13523912
13523946	13523938
13523946	13524420
13523946	13525043
13523946	13525044
13523947	12223746
13523948	7542413
13523949	12223746
13523950	13523922
13523950	13525041
13523951	11377458
13523953	2382424
13523953	3063074
13523953	4440296
13523954	2612597
13523958	247040
13523959	2888448
13523961	29918
13523962	13526680
13523962	13526682
13523962	13550662
13523962	13560921
13523963	9462706
13523964	4650191
13523965	9462706
13523966	7379490
13523968	5318018
13523969	2266984
13523969	2301692
13523969	6154170
13523969	6154172
13523970	2240173
13523971	13207602
13523972	6990809
13523972	6991058
13523974	3822353
13523974	4045776
13523974	4548419
13523974	6817718
13523974	11865263
13523976	13679931
13523977	1444575
13523977	1444578
13523979	13207602
13523979	13525280
13523982	5443075
13523982	5444214
13523982	5444215
13523982	5444693
13523982	13523987
13523983	11155414
13523985	13525755
13523986	1777453
13523987	13523982
13523988	13525748
13523988	13525749
13523988	13550660
13523988	13560927
13523989	2402274
13523990	9190473
13523991	13525750
13523991	13539182
13523991	13550654
13523991	13560932
13523992	2402274
13523993	13526670
13523993	13526671
13523993	13550654
13523993	13560932
13523994	7395634
13523994	13747897
13523995	12010907
13523997	6391913
13523998	6421627
13523999	6391913
13524000	2036086
13524001	6391913
13524002	6391913
13524003	11367653
13524004	13525754
13524004	13550652
13524005	10261548
13524005	13524010
13524006	10148052
13524007	1451294
13524008	1451294
13524009	13524018
13524009	13550648
13524010	10261548
13524010	13524005
13524011	11031406
13524011	13524416
13524011	13525035
13524012	13524017
13524014	10148052
13524015	10148052
13524016	7787304
13524017	13524012
13524018	13524009
13524018	13524414
13524018	13550648
13524019	9564764
13524020	11743110
13524021	8885664
13524022	1048510
13524022	13538276
13524022	13538279
13524022	13538287
13524022	13538298
13524023	8883876
13524023	13525021
13524024	3771363
13524024	6309854
13524025	320505
13524026	320505
13524027	6112327
13524028	320505
13524029	42323
13524030	8905742
13524031	8944360
13524032	3634563
13524032	5596700
13524032	13573035
13524033	3920347
13524034	602790
13524035	11685819
13524036	3386874
13524036	11063832
13524036	11063834
13524036	13525004
13524036	13525014
13524037	4495227
13524038	12564053
13524039	8873677
13524041	9250309
13524042	1963963
13524043	5220155
13524044	3574593
13524045	4908388
13524046	6435891
13524047	6435891
13524048	2502170
13524049	286325
13524050	1951468
13524051	5736648
13524052	1045278
13524053	2635568
13524054	3436486
13524055	4132508
13524056	12629392
13524057	4132508
13524058	307837
13524059	8653466
13524060	12060778
13524061	1349059
13524062	12875048
13524063	2628946
13524064	3178354
13524065	8983690
13524065	13524998
13524066	4035278
13524067	287072
13524068	2257541
13524069	11690650
13524070	1894856
13524071	4232511
13524072	8836729
13524073	7794478
13524074	3658290
13524075	3592218
13524076	9678206
13524077	2948061
13524078	2948061
13524079	10689655
13524079	13524410
13524080	260480
13524081	12437126
13524081	12459412
13524081	12459414
13524081	13524083
13524081	13524409
13524081	13524448
13524081	13524918
13524081	13524930
13524082	1122743
13524083	13524081
13524084	2464366
13524085	13524089
13524085	13524219
13524086	6657436
13524087	7834022
13524088	7242820
13524089	13524085
13524089	13524219
13524089	13524224
13524090	1741002
13524090	5626481
13524090	10455393
13524090	13524914
13524090	13524915
13524091	9998214
13524091	10004166
13524091	13524904
13524092	9464798
13524092	13524406
13524092	13524407
13524092	13524902
13524093	11960236
13524094	2205260
13524094	11960236
13524094	13524896
13524095	8089707
13524095	11563141
13524095	13524892
13524096	10760200
13524096	11451650
13524096	13524889
13524097	11111144
13524097	13542384
13524097	13542387
13524098	4509860
13524099	6080406
13524100	6900107
13524100	10112631
13524101	4457883
13524102	7728737
13524102	10602306
13524102	13524404
13524102	13524872
13524103	9465981
13524104	6370823
13524104	13600656
13524105	5285702
13524105	11231898
13524105	13524402
13524105	13524861
13524106	3077689
13524107	2736929
13524108	8857366
13524108	11158085
13524109	1803365
13524110	6212153
13524111	9866039
13524112	499169
13524112	664058
13524112	989091
13524112	2250583
13524112	6723413
13524113	7788120
13524114	12048548
13524115	13414005
13524116	6950720
13524117	11455283
13524117	13524850
13524118	4015833
13524118	5389182
13524118	6307318
13524118	9037732
13524119	2643670
13524119	5160442
13524120	3601136
13524120	3603055
13524120	3603057
13524120	4781822
13524120	4781823
13524121	13436090
13524122	4868135
13524123	5797881
13524124	8923248
13524125	10520016
13524126	4870987
13524127	5314796
13524128	2894286
13524128	13689001
13524129	12086661
13524129	13524844
13524130	6961702
13524131	10906050
13524132	6321469
13524133	10676047
13524133	13524840
13524135	3685407
13524136	3755363
13524136	12823464
13524136	13524827
13524137	13122896
13524138	3843743
13524139	13450044
13524140	13326479
13524141	6798496
13524142	6798496
13524143	4990455
13524144	4120066
13524145	4009463
13524146	1436743
13524147	2262009
13524148	11604870
13524149	1102794
13524150	3825180
13524150	4666953
13524150	13547300
13524151	428091
13524152	8897981
13524153	2126438
13524154	434852
13524155	6426342
13524156	7912462
13524157	6163309
13524158	306813
13524159	9777949
13524160	7912462
13524161	30479
13524162	296796
13524163	7912462
13524164	11513542
13524166	906963
13524167	8838504
13524168	8401017
13524169	69902
13524170	5158785
13524170	13535099
13524170	13535101
13524171	37759
13524172	1893747
13524173	2296177
13524174	3765014
13524175	313573
13524176	1177437
13524177	8133576
13524178	9483583
13524179	6169656
13524180	2538081
13524181	2547656
13524182	6922560
13524183	9182164
13524184	6426694
13524185	13514298
13524186	13514298
13524187	13147594
13524188	13147594
13524188	13575405
13524189	12979528
13524190	10327791
13524190	10644177
13524190	11684742
13524190	13524191
13524191	13524190
13524192	6734532
13524193	11952374
13524194	11952374
13524195	11952375
13524196	1632291
13524196	12957586
13524197	11952375
13524198	11977431
13524199	11977431
13524200	11977440
13524201	11977440
13524202	11977443
13524203	11977443
13524204	11977443
13524205	11977457
13524206	11977457
13524207	11977465
13524208	11977467
13524209	11977467
13524210	11977467
13524211	11977467
13524212	11977467
13524213	11977470
13524214	8866096
13524214	9963664
13524214	13524215
13524215	8866096
13524215	9963664
13524215	13524214
13524216	11977477
13524217	11977480
13524218	11977482
13524219	3241767
13524219	12828128
13524219	12828129
13524219	13524085
13524219	13524089
13524219	13524221
13524219	13524224
13524220	12753445
13524221	3241767
13524221	12828129
13524221	13524219
13524222	13367638
13524223	12753445
13524224	13524089
13524224	13524219
13524225	7970528
13524226	9818154
13524227	11861931
13524228	1888550
13524229	1888550
13524230	1888550
13524231	13523423
13524231	13524238
13524232	10515042
13524233	10310000
13524235	13523423
13524235	13524238
13524236	10310000
13524238	13523423
13524238	13524231
13524238	13524235
13524239	12858335
13524240	10321180
13524241	12172777
13524242	10321181
13524243	12172777
13524244	13523406
13524244	13524246
13524245	13523406
13524245	13524246
13524246	13523406
13524246	13524244
13524246	13524245
13524247	10321184
13524248	11080827
13524249	13523403
13524249	13524251
13524250	13523403
13524250	13524251
13524251	13523403
13524251	13524249
13524251	13524250
13524252	13523400
13524252	13524254
13524252	13524255
13524253	7156144
13524254	13523400
13524254	13524252
13524255	13523400
13524255	13524252
13524256	3052164
13524257	3052164
13524258	2943106
13524259	8018427
13524260	3052173
13524260	13524291
13524261	2943106
13524262	8018427
13524263	308471
13524263	3052205
13524264	13523395
13524264	13524266
13524264	13524269
13524264	13524270
13524264	13524272
13524265	308471
13524265	3052205
13524266	13523395
13524266	13524264
13524267	308471
13524267	3052205
13524268	13134882
13524269	13524264
13524269	13524272
13524270	13524264
13524270	13524272
13524271	3053441
13524272	13524264
13524272	13524269
13524272	13524270
13524273	13496842
13524273	13527665
13524274	3053442
13524275	12015008
13524276	9948242
13524277	313193
13524277	11671653
13524277	13524370
13524278	13496840
13524278	13527663
13524279	417653
13524280	417653
13524281	9830525
13524282	6009310
13524283	10732237
13524283	11943893
13524283	13474542
13524283	13528117
13524283	13528118
13524284	1579626
13524285	10240622
13524287	11715475
13524288	513843
13524289	10948811
13524290	8040653
13524291	13524260
13524291	13525764
13524293	7976294
13524294	7976294
13524295	8399340
13524296	2546713
13524296	2633077
13524296	5342158
13524297	370989
13524298	2546713
13524298	2633076
13524298	2828811
13524298	5342158
13524299	8399344
13524300	9974779
13524300	13524302
13524301	9974779
13524302	13524300
13524303	11671655
13524304	13422375
13524304	13528115
13524304	13528116
13524304	13534586
13524304	13545462
13524304	13545463
13524304	13838794
13524305	11609820
13524306	11609822
13524307	13396079
13524307	13527660
13524307	13528112
13524307	13528113
13524307	13528119
13524308	11609823
13524309	8661850
13524309	8941275
13524309	13396078
13524309	13524344
13524309	13524356
13524309	13528114
13524309	13534588
13524309	13534916
13524310	12418568
13524311	11609823
13524312	4510953
13524313	11609824
13524314	1153433
13524314	1153436
13524314	1153437
13524314	11054015
13524315	3239219
13524316	11609825
13524317	11609827
13524318	11609828
13524319	5507976
13524320	13522907
13524321	13522906
13524322	13522906
13524323	13499842
13524324	4948866
13524325	13521576
13524325	13628483
13524326	13499819
13524327	13499821
13524328	7367129
13524329	3264824
13524330	7415570
13524331	7415570
13524332	2832414
13524333	8625758
13524334	3944840
13524335	13499816
13524336	8083377
13524337	3221996
13524338	13499813
13524339	13499813
13524340	926115
13524340	1884847
13524340	11815925
13524340	11816124
13524341	926115
13524341	5483687
13524341	11815925
13524341	11815955
13524341	11816124
13524342	13499810
13524343	13499810
13524344	4980302
13524344	5759006
13524344	8661850
13524344	8686064
13524344	8941275
13524344	8941809
13524344	13524309
13524344	13524356
13524344	13524942
13524344	13524946
13524344	13524947
13524345	13499808
13524346	13499792
13524347	13499777
13524348	13499777
13524349	13499775
13524350	13499740
13524351	13499738
13524352	10283447
13524352	13527016
13524353	13499738
13524354	13499735
13524355	13499735
13524356	8661850
13524356	8941275
13524356	13524309
13524356	13524344
13524357	8740829
13524358	12509894
13524359	6323802
13524360	1953123
13524361	12580048
13524362	12084068
13524362	13524401
13524362	13524820
13524363	13492794
13524364	13492794
13524365	13492775
13524366	13492769
13524367	1329473
13524368	28714
13524369	12094062
13524370	13524277
13524371	13481525
13524372	13523861
13524373	13523546
13524374	13523546
13524375	13523546
13524376	13523546
13524377	13523502
13524377	13523503
13524378	13522733
13524379	13522717
13524380	13522520
13524381	13471593
13524382	9026037
13524383	8980612
13524384	13471592
13524385	384386
13524386	384386
13524387	13471580
13524388	13440125
13524389	13440125
13524390	13440118
13524391	13440117
13524392	13440108
13524393	13440107
13524394	13433218
13524395	13433217
13524396	13433217
13524397	11359418
13524397	11359419
13524397	13524816
13524398	13433216
13524399	13433216
13524400	13433142
13524401	13524362
13524402	13524105
13524404	13524102
13524405	445119
13524406	13524092
13524407	13524092
13524409	7787363
13524409	12459412
13524409	12459414
13524409	13524081
13524410	13524079
13524410	13524978
13524413	3449021
13524413	13524936
13524414	13524018
13524414	13550648
13524414	13550656
13524415	13166147
13524416	13524011
13524417	13373777
13524418	12268392
13524419	13373775
13524420	13523946
13524421	13523569
13524421	13658780
13524422	4531549
13524423	8448024
13524424	13346315
13524424	13527655
13524425	8448024
13524426	13346314
13524426	13527657
13524427	13126418
13524428	13523552
13524429	13126418
13524430	9996829
13524431	11863993
13524432	11716807
13524433	11688205
13524434	11688204
13524435	9990726
13524436	9990726
13524437	6142507
13524438	13305301
13524439	371564
13524440	13296124
13524440	13527651
13524441	12935125
13524442	12723339
13524443	12723339
13524444	12874776
13524445	3819475
13524446	3819475
13524447	458394
13524447	13151174
13524448	13524081
13524449	12827451
13524450	10464049
13524450	13269707
13524450	13528111
13524450	13534593
13524450	13534915
13524450	13537627
13524451	11613137
13524452	11250327
13524453	10007980
13524454	13273861
13524455	13253448
13524456	13253447
13524457	10776330
13524458	13273861
13524459	10503968
13524460	12847825
13524461	464296
13524461	464297
13524461	10649740
13524461	11760446
13524462	7367444
13524462	13247953
13524462	13528108
13524463	16456
13524464	16456
13524465	8284009
13524466	7367447
13524466	13247952
13524466	13528109
13524466	13528110
13524467	8007262
13524468	7040264
13524469	5568102
13524470	13273861
13524471	1876994
13524472	1876994
13524473	1876994
13524474	5040394
13524475	13453954
13524476	3064674
13524477	5412315
13524478	3196473
13524479	1813663
13524480	3053497
13524481	4992451
13524482	11907699
13524483	11898515
13524483	13141606
13524484	1597691
13524485	617420
13524486	13453827
13524487	8052159
13524488	394955
13524489	13266026
13524490	11999064
13524491	9025385
13524492	11999064
13524493	12528567
13524494	10633245
13524496	12339512
13524496	13524499
13524498	12129565
13524499	13524496
13524500	11453570
13524501	3843794
13524502	3140295
13524503	13524507
13524504	6639390
13524505	6639390
13524506	3031639
13524507	13524503
13524507	13555885
13524508	13365901
13524509	13524511
13524510	13281389
13524511	13524509
13524511	13555884
13524512	1663853
13524513	13524514
13524514	13524513
13524514	13555882
13524514	13829262
13524515	13524516
13524516	13524515
13524516	13555879
13524516	13829269
13524517	13524519
13524519	13524517
13524519	13555855
13524520	13524521
13524521	13524520
13524521	13555851
13524522	13524523
13524523	13524522
13524523	13555847
13524524	13524525
13524525	13524524
13524525	13555874
13524526	13524527
13524527	13524526
13524527	13555866
13524527	13555867
13524528	13524529
13524529	13524528
13524529	13555844
13524530	13524531
13524531	13524530
13524531	13555359
13524532	13524533
13524533	13524532
13524533	13524707
13524533	13555355
13524534	13524536
13524535	13523428
13524536	9069134
13524536	9069136
13524536	13524534
13524536	13555353
13524537	430233
13524537	13524569
13524538	13524540
13524538	13524581
13524539	13522894
13524540	13524538
13524540	13555350
13524541	9228404
13524541	13524933
13524541	13524935
13524541	13527391
13524542	903959
13524542	1643278
13524542	9061815
13524542	13524928
13524543	13522893
13524544	13522881
13524544	13582076
13524545	13522881
13524545	13582076
13524547	1020598
13524547	1021518
13524547	1045026
13524547	1633379
13524548	13522872
13524548	13524752
13524549	13522870
13524550	13522870
13524551	13522870
13524552	13522870
13524553	13522869
13524553	13525307
13524554	13521360
13524554	13522868
13524554	13526894
13524554	13526895
13524554	13526903
13524554	13526905
13524554	13538074
13524555	13521064
13524556	13518060
13524557	13517794
13524557	13576332
13524557	13576420
13524558	13517788
13524559	13517786
13524559	13528882
13524560	13517739
13524561	13517734
13524562	13517725
13524563	13517691
13524564	13517688
13524565	13517686
13524565	13527032
13524566	9172370
13524566	13527392
13524567	13515964
13524568	13515963
13524569	13524537
13524570	13526998
13524577	13526985
13524577	13526989
13524577	13526991
13524577	13526992
13524578	13526979
13524579	13526976
13524580	13526970
13524581	13524538
13524582	13526956
13524582	13526958
13524582	13526960
13524582	13526961
13524583	13526949
13524583	13541468
13524584	13541465
13524584	13568718
13524584	13582058
13524585	13517691
13524586	9320043
13524587	9320043
13524588	4960727
13524588	13515959
13524588	13524894
13524589	3244634
13524590	3657180
13524590	13514359
13524590	13514603
13524590	13515886
13524590	13524908
13524590	13529922
13524591	6988636
13524591	13514346
13524591	13514363
13524591	13514380
13524591	13524910
13524591	13524911
13524592	3344838
13524592	13514337
13524592	13514362
13524592	13524912
13524592	13524913
13524593	3244634
13524593	13555348
13524594	13511552
13524594	13512854
13524594	13512858
13524594	13524940
13524595	13511552
13524595	13512854
13524595	13512858
13524595	13524940
13524596	3244636
13524597	13220447
13524597	13527644
13524597	13528091
13524598	7095151
13524598	8784281
13524598	9648062
13524598	12656320
13524598	13206818
13524598	13527643
13524598	13704448
13524598	13771915
13524599	11855218
13524600	13507084
13524600	13525006
13524601	11478192
13524601	13199594
13524602	13196864
13524602	13527641
13524602	13704552
13524602	13704553
13524603	12869122
13524603	13196862
13524603	13527640
13524604	11855219
13524605	11855219
13524606	13192976
13524606	13527639
13524607	11855220
13524608	13524611
13524608	13524614
13524608	13524654
13524608	13524655
13524608	13524660
13524608	13524717
13524608	13524721
13524608	13524724
13524608	13524735
13524608	13524737
13524608	13524738
13524608	13524743
13524608	13524746
13524608	13524748
13524608	13524750
13524608	13524754
13524608	13524766
13524609	11855220
13524610	11855221
13524611	13524608
13524612	11855223
13524613	11855224
13524614	13524608
13524615	11855224
13524616	11855225
13524617	13140540
13524618	13140538
13524619	11855225
13524620	3884888
13524621	3884890
13524622	5017571
13524622	13016241
13524622	13528107
13524623	3884891
13524623	13531088
13524624	3884891
13524624	13531088
13524625	3884891
13524625	13531088
13524626	3884891
13524626	13531085
13524626	13531088
13524627	1136392
13524627	12970837
13524627	13525395
13524627	13525396
13524627	13528105
13524627	13528106
13524627	13534596
13524627	13534914
13524627	13537606
13524629	3884892
13524630	3884892
13524631	3884895
13524632	3884895
13524633	3884895
13524634	710313
13524634	12937217
13524634	13528104
13524635	12508858
13524635	13531082
13524635	13545461
13524636	3884915
13524637	3884915
13524638	3884915
13524639	13504699
13524639	13511592
13524640	3893567
13524641	3893571
13524642	3893571
13524643	3893571
13524644	3893571
13524645	3893571
13524646	3893571
13524647	3893571
13524648	3893571
13524649	3893571
13524649	13524704
13524649	13524705
13524649	13525711
13524650	3893590
13524651	3893590
13524652	13524653
13524653	13524652
13524653	13525714
13524653	13526654
13524653	13531607
13524654	13524608
13524655	13524608
13524656	3893614
13524657	308471
13524658	3893614
13524659	3893614
13524660	13524608
13524661	7824933
13524662	3893645
13524663	3893645
13524665	7716788
13524665	7716795
13524665	7717181
13524665	7717182
13524665	13505641
13524667	11245286
13524667	12769483
13524667	12771936
13524667	13501242
13524668	13495886
13524668	13509578
13524668	13531078
13524668	13542783
13524670	13488094
13524670	13488096
13524670	13489844
13524670	13493499
13524671	8351544
13524671	8351547
13524671	13487836
13524671	13493498
13524672	7093869
13524672	13487827
13524672	13493521
13524672	13493522
13524673	12200957
13524673	12200959
13524673	13487823
13524673	13493519
13524673	13493520
13524673	13638975
13524675	6989217
13524675	13477999
13524675	13481883
13524675	13499255
13524676	13470494
13524676	13482928
13524677	13470494
13524677	13482928
13524678	13460412
13524678	13462733
13524678	13470491
13524678	13479812
13524678	13482929
13524679	13449752
13524679	13455261
13524679	13469337
13524679	13482930
13524679	13482931
13524679	13482933
13524680	13420313
13524680	13468779
13524680	13468995
13524680	13469306
13524680	13482965
13524680	13482966
13524681	12717177
13524681	13524921
13524681	13524922
13524684	13355476
13524684	13355530
13524684	13357738
13524684	13357739
13524684	13463448
13524684	13562824
13524685	3185659
13524685	3206380
13524685	5515302
13524685	9463380
13524685	10340578
13524685	12003490
13524685	13080919
13524685	13358922
13524685	13384130
13524685	13463438
13524687	13463434
13524688	13358910
13524688	13358941
13524688	13463434
13524690	13360491
13524690	13360530
13524690	13360573
13524690	13360575
13524690	13360819
13524690	13463433
13524691	13360530
13524691	13360572
13524691	13360574
13524691	13360821
13524691	13463431
13524698	6114522
13524700	13526562
13524700	13526571
13524700	13526640
13524700	13526882
13524700	13527289
13524700	13527323
13524700	13527333
13524700	13527478
13524700	13527491
13524700	13527494
13524700	13529397
13524700	13542773
13524701	13523428
13524702	8635219
13524703	11594420
13524704	13524649
13524705	13524649
13524706	13520369
13524706	13520370
13524706	13520372
13524707	13524533
13524708	13522894
13524709	13522893
13524710	13522883
13524711	13522881
13524711	13582076
13524712	13522881
13524712	13582076
13524713	6881088
13524714	13522873
13524715	13524716
13524716	12711648
13524716	13524715
13524716	13525682
13524716	13532725
13524717	13524608
13524718	7981820
13524719	13524720
13524720	13524719
13524720	13524722
13524720	13524744
13524720	13524868
13524720	13524916
13524721	13524608
13524722	13524720
13524723	11619731
13524724	13524608
13524725	8727193
13524726	7844823
13524727	7844823
13524728	1879764
13524729	1879764
13524730	11897600
13524731	11897600
13524732	11788003
13524733	7121119
13524734	11897590
13524735	13524608
13524736	6810895
13524737	13524608
13524738	13524608
13524738	13524748
13524739	11668705
13524740	1098237
13524740	2040714
13524740	7288852
13524740	13524742
13524741	5068371
13524741	5068649
13524742	13524740
13524743	13524608
13524744	13524720
13524744	13524868
13524745	12739524
13524746	13524608
13524747	13522872
13524748	13524608
13524748	13524738
13524749	4665357
13524749	6454523
13524750	13524608
13524751	13522872
13524752	13522872
13524752	13523022
13524752	13524548
13524753	13522872
13524754	13524608
13524754	13525761
13524755	8018357
13524755	8932103
13524756	13522870
13524757	13522870
13524758	13522869
13524758	13525307
13524759	13522868
13524759	13526894
13524760	13522868
13524760	13526894
13524760	13526895
13524760	13538074
13524761	13522795
13524762	13522795
13524762	13524763
13524763	13522795
13524763	13522807
13524763	13524762
13524763	13525312
13524764	13376138
13524764	13524765
13524765	13376138
13524765	13524764
13524766	13524608
13524767	13522794
13524768	13522794
13524769	13522790
13524770	13524771
13524771	13524770
13524771	13524774
13524771	13524775
13524771	13525716
13524773	13515272
13524773	13555343
13524773	13555346
13524774	13524771
13524775	13524771
13524776	2649187
13524776	3506851
13524776	4491425
13524776	5453050
13524776	5967021
13524776	13524777
13524777	2649187
13524777	3506851
13524777	4491425
13524777	5453050
13524777	5967021
13524777	13524776
13524778	13522782
13524779	370662
13524780	13524781
13524781	13164437
13524781	13524780
13524782	13524784
13524783	13521444
13524783	13526910
13524784	13164437
13524784	13164440
13524784	13524782
13524785	13117103
13524786	13117103
13524788	13524789
13524789	13524788
13524789	13555340
13524789	13555341
13524790	13521399
13524791	13524793
13524792	13521064
13524793	13524791
13524793	13555336
13524794	13524796
13524795	13520304
13524796	13524794
13524796	13555333
13524796	13555334
13524797	13524798
13524797	13524800
13524797	13524801
13524797	13524802
13524797	13524804
13524797	13524806
13524797	13524808
13524797	13524810
13524797	13524829
13524797	13524830
13524797	13524831
13524797	13524834
13524797	13524836
13524797	13524839
13524797	13524841
13524797	13524845
13524797	13524859
13524797	13524907
13524797	13524931
13524798	13524797
13524799	11926430
13524800	13524797
13524801	13524797
13524801	13524831
13524801	13524834
13524802	13524797
13524803	13520300
13524804	13524797
13524804	13524810
13524804	13524831
13524805	13520299
13524806	13524797
13524806	13524831
13524807	13520290
13524807	13528841
13524808	13524797
13524808	13524831
13524809	13517803
13524809	13517848
13524809	13517851
13524809	13520213
13524810	13524797
13524810	13524804
13524810	13524845
13524811	13520212
13524812	13517722
13524812	13520003
13524813	13433130
13524815	12058702
13524816	13524397
13524817	5824506
13524817	11013582
13524817	11013583
13524817	13524825
13524817	13524855
13524818	1723448
13524818	13526942
13524818	13526944
13524818	13541461
13524818	13568715
13524819	1723448
13524819	13526935
13524819	13526939
13524819	13541459
13524819	13568713
13524820	13524362
13524821	11990428
13524822	12037594
13524823	12037594
13524824	7745538
13524824	11137981
13524825	13524817
13524826	11137981
13524826	13524864
13524826	13524865
13524827	13524136
13524828	13491809
13524828	13526922
13524828	13526923
13524829	13524797
13524830	13524797
13524831	13524797
13524831	13524801
13524831	13524804
13524831	13524806
13524831	13524808
13524831	13524834
13524831	13524841
13524832	13524833
13524833	3301062
13524833	3927646
13524833	13524832
13524833	13524874
13524834	13524797
13524834	13524801
13524834	13524831
13524834	13524841
13524835	13524837
13524836	13524797
13524837	13524835
13524837	13524838
13524837	13524867
13524837	13524869
13524837	13527083
13524838	13524837
13524839	13524797
13524840	13524133
13524841	13524797
13524841	13524831
13524841	13524834
13524842	13518060
13524843	13518060
13524844	13524129
13524845	13524797
13524845	13524810
13524846	13517794
13524846	13576332
13524846	13576420
13524847	13517788
13524848	13517786
13524849	13517786
13524849	13528882
13524850	13524117
13524851	9368658
13524852	4416420
13524852	13525717
13524852	13550642
13524852	13554919
13524852	13567251
13524853	4138690
13524854	7466563
13524855	13524817
13524856	13517739
13524857	13517739
13524858	597316
13524859	13524797
13524860	13517736
13524861	13524105
13524862	13517734
13524863	13517734
13524864	13524826
13524865	13524826
13524866	13517725
13524867	13524837
13524867	13524869
13524867	13527083
13524868	13524720
13524868	13524744
13524868	13524916
13524869	13524837
13524869	13524867
13524869	13527083
13524870	13517691
13524871	471707
13524872	13524102
13524873	13517688
13524874	13524833
13524874	13524876
13524875	13517688
13524876	13524874
13524878	13517686
13524878	13527032
13524879	11531428
13524879	13517549
13524879	13517551
13524879	13527035
13524879	13529626
13524879	13529903
13524879	13530952
13524880	13524887
13524880	13524888
13524881	13517046
13524882	13517042
13524883	13517042
13524884	13517039
13524885	13517038
13524886	13517036
13524887	13524880
13524887	13524888
13524888	13524880
13524888	13524887
13524889	13524096
13524890	13517032
13524891	13517032
13524892	13524095
13524893	13515963
13524894	13515959
13524894	13524588
13524895	13515945
13524896	13524094
13524897	13515944
13524898	13515858
13524898	13581733
13524899	13515857
13524900	13515857
13524902	13524092
13524903	13515837
13524904	13524091
13524905	13515828
13524906	13515828
13524907	13524797
13524908	13514359
13524908	13524590
13524908	13529922
13524909	13514355
13524910	13514346
13524910	13524591
13524911	13514346
13524911	13524591
13524912	13514337
13524912	13524592
13524913	13514337
13524913	13524592
13524914	13524090
13524915	13524090
13524916	13524720
13524916	13524868
13524917	13514233
13524918	13524081
13524919	13514233
13524920	13514227
13524921	12717177
13524921	13524681
13524922	12717177
13524922	13524681
13524923	13514222
13524924	12004278
13524925	13514222
13524926	12004278
13524927	13514220
13524928	13524542
13524929	13514220
13524930	13524081
13524931	13524797
13524932	13514215
13524932	13514218
13524933	13524541
13524933	13524935
13524933	13526543
13524933	13527391
13524934	13514215
13524934	13514218
13524935	13524541
13524935	13524933
13524935	13527391
13524935	13527397
13524936	13524413
13524936	13524937
13524936	13539398
13524937	13524936
13524937	13539398
13524938	1026232
13524938	1026233
13524938	1524093
13524938	1524094
13524938	3449021
13524938	4100995
13524938	5392656
13524939	13514209
13524940	13511552
13524940	13512858
13524940	13524594
13524940	13524595
13524941	4980303
13524941	5759006
13524941	13567715
13524941	13567716
13524941	13567718
13524942	13524344
13524943	13512693
13524944	13512693
13524945	3058977
13524945	4980302
13524945	5759006
13524946	13524344
13524947	13524344
13524948	13512642
13524949	13522644
13524950	13522644
13524951	13510479
13524952	13511045
13524953	13191026
13524954	13191026
13524955	13511043
13524956	13523383
13524956	13526542
13524957	13199693
13524958	13523383
13524958	13526542
13524959	13523383
13524959	13526542
13524960	13523383
13524960	13526542
13524961	13235094
13524962	13235094
13524963	13233110
13524964	13511039
13524964	13531154
13524965	13511039
13524965	13531154
13524966	11720467
13524966	13511036
13524966	13526723
13524967	11720467
13524967	13511036
13524967	13526723
13524968	13243241
13524969	13243240
13524970	13510997
13524971	13523371
13524971	13526541
13524972	13523371
13524972	13526541
13524973	13240430
13524974	13235247
13524974	13530049
13524975	13509789
13524975	13526752
13524976	13235247
13524977	13523218
13524977	13523241
13524977	13524980
13524977	13524981
13524977	13524983
13524977	13524985
13524977	13524987
13524977	13524992
13524977	13526540
13524977	13542787
13524977	13542901
13524978	13524410
13524979	13243665
13524980	13524977
13524980	13524992
13524980	13542901
13524981	13524977
13524981	13524992
13524981	13542901
13524982	13243665
13524983	13523241
13524983	13524977
13524983	13542787
13524983	13542901
13524984	13507090
13524985	13523241
13524985	13524977
13524985	13542787
13524985	13542901
13524986	13257700
13524987	13523241
13524987	13524977
13524987	13542787
13524987	13542901
13524988	13257700
13524989	13507088
13524989	13529089
13524990	13256551
13524991	13256551
13524992	13523282
13524992	13524977
13524992	13524980
13524992	13524981
13524992	13542901
13524993	13249491
13524994	13249491
13524995	13258460
13524996	13507087
13524996	13529091
13524997	13258460
13524998	13524065
13524999	13507085
13524999	13529092
13525000	13507085
13525000	13529092
13525001	13358556
13525002	13358556
13525003	13272563
13525004	13524036
13525005	13272563
13525006	13507084
13525006	13524600
13525007	13275431
13525008	13507083
13525008	13529117
13525009	13507083
13525009	13529117
13525010	13507080
13525010	13529123
13525011	13277794
13525011	13531058
13525012	13507080
13525012	13529123
13525013	13277794
13525014	13524036
13525015	13507079
13525015	13529147
13525016	12735132
13525016	13525081
13525017	13507070
13525018	13507070
13525019	13507068
13525020	13507067
13525020	13529155
13525021	13524023
13525022	1682550
13525023	13507066
13525024	13507066
13525025	13507065
13525026	9520611
13525027	13507064
13525027	13529161
13525028	9520611
13525029	13506460
13525029	13525347
13525030	13505711
13525031	13505711
13525032	6999430
13525033	7546605
13525034	7546605
13525035	13524011
13525036	12215417
13525037	8885664
13525038	12215415
13525038	13525725
13525039	13525040
13525040	13525039
13525041	13523950
13525042	11708352
13525043	13523946
13525044	13523946
13525045	11296935
13525046	11295756
13525047	13523216
13525048	6535935
13525049	4143810
13525050	13523334
13525050	13526651
13525051	12851346
13525052	13523334
13525052	13532831
13525053	13523213
13525054	10225738
13525055	2037840
13525056	24693
13525057	24693
13525058	10760694
13525059	9799606
13525060	376082
13525061	376082
13525062	2537979
13525063	2690100
13525064	13523316
13525065	13523316
13525065	13526649
13525065	13526650
13525066	9342703
13525066	13528515
13525066	13528516
13525067	419555
13525068	13094284
13525068	13528789
13525069	11979350
13525070	11256387
13525071	11979350
13525072	8154632
13525073	3469315
13525074	5087999
13525075	8932268
13525075	11283441
13525076	5088239
13525077	9163011
13525078	7753846
13525078	13528512
13525079	5088239
13525081	13525016
13525081	13658779
13525082	11308615
13525083	11307033
13525084	5890769
13525085	11287016
13525086	5890770
13525087	4681880
13525088	4682120
13525089	12543222
13525090	5304177
13525091	8883881
13525092	13523548
13525092	13658778
13525093	7895419
13525093	13523547
13525093	13527287
13525093	13527288
13525094	10345298
13525094	10345336
13525094	12163766
13525095	8418349
13525095	13525096
13525096	13525095
13525096	13525097
13525097	13525096
13525098	13523543
13525099	13523543
13525100	13523542
13525101	13523541
13525102	11097716
13525103	13523541
13525104	13525105
13525104	13525107
13525105	13525104
13525105	13525721
13525105	13525722
13525105	13714165
13525105	13714166
13525106	13523541
13525107	13525104
13525107	13525762
13525107	13525763
13525107	13714165
13525107	13714166
13525108	11524534
13525109	7610545
13525110	13523540
13525111	11524534
13525112	13523539
13525113	13523538
13525114	401154
13525115	13523537
13525116	8511097
13525117	13523536
13525118	3846733
13525119	10600736
13525120	13523535
13525121	13523534
13525122	8474375
13525123	13523535
13525124	1584509
13525124	8983705
13525125	6865121
13525125	8983705
13525126	3543723
13525127	13523534
13525128	13523535
13525129	4940368
13525130	8178445
13525131	5614492
13525132	13523535
13525133	8643536
13525133	9086289
13525134	5614493
13525135	13523534
13525136	13523534
13525137	366943
13525138	756539
13525139	4454306
13525140	13523517
13525140	13523519
13525141	10339464
13525142	2338133
13525142	10502044
13525143	516410
13525144	299589
13525144	12188624
13525145	856222
13525146	2062258
13525146	11162126
13525146	12586939
13525146	13525148
13525146	13525198
13525147	626228
13525148	13525146
13525149	3666652
13525150	3666652
13525151	4801825
13525152	3666652
13525153	12586847
13525154	3667053
13525155	4801828
13525156	965273
13525157	3667091
13525158	3667091
13525159	3667091
13525160	3667093
13525161	3667093
13525162	3667093
13525163	3667101
13525164	3667101
13525165	3667101
13525166	3667108
13525167	6320317
13525168	13525169
13525168	13525688
13525169	13525168
13525170	3667108
13525171	13522883
13525172	3667108
13525173	11581754
13525174	3667132
13525175	3667132
13525176	3667182
13525176	4925877
13525177	3667201
13525178	3667201
13525179	3667201
13525180	3667201
13525181	3667201
13525182	3667201
13525183	3667203
13525184	5919855
13525185	3667203
13525186	3667203
13525187	2593960
13525188	3667217
13525189	10672529
13525189	13525194
13525190	3667217
13525191	10194568
13525191	10672526
13525192	357706
13525193	3667226
13525194	13525189
13525195	3667226
13525196	353935
13525197	11539141
13525198	13525146
13525199	8696242
13525200	3583001
13525201	6989620
13525202	11492476
13525203	1531394
13525203	13525207
13525204	10543934
13525205	11242006
13525206	11779160
13525207	13525203
13525208	9243611
13525209	665423
13525210	9402147
13525211	3667227
13525212	665424
13525213	3667227
13525214	12469736
13525215	11759083
13525216	3667228
13525217	7806719
13525218	7761556
13525219	11977340
13525220	7959669
13525221	3667243
13525222	3667243
13525223	3667243
13525224	3667243
13525225	9065155
13525226	5715114
13525227	13119714
13525228	10287198
13525229	4492653
13525230	7415276
13525231	7422343
13525232	8310191
13525232	13678677
13525233	11200330
13525234	4025224
13525235	7700839
13525236	5932720
13525237	12684471
13525238	12392812
13525239	9083921
13525239	13525279
13525240	13522873
13525241	10779982
13525242	7700839
13525243	9184881
13525244	6482416
13525245	13522873
13525246	2769401
13525246	9476197
13525247	11149872
13525248	7260945
13525249	1230587
13525249	5335785
13525249	7883174
13525249	12483324
13525250	5691657
13525251	11324278
13525252	12270397
13525253	1178542
13525253	1181618
13525253	1451371
13525253	2935571
13525253	7700839
13525253	13525356
13525254	13522872
13525255	13522872
13525255	13575040
13525256	12273231
13525257	9448553
13525258	3667254
13525259	3667254
13525260	9419389
13525261	13522872
13525261	13523022
13525262	11675276
13525263	12545056
13525264	11675278
13525265	11675279
13525266	13522872
13525266	13575039
13525267	11675280
13525268	11675280
13525269	2754801
13525269	6190949
13525270	9093025
13525271	11675281
13525272	13525274
13525272	13527338
13525273	10119704
13525274	13525272
13525274	13527338
13525275	401185
13525276	8089360
13525277	11841197
13525278	8501314
13525278	10936808
13525278	13529180
13525279	13525239
13525280	13523979
13525280	13527637
13525280	13527638
13525280	13528076
13525280	13528077
13525282	11359212
13525283	13522893
13525284	9113558
13525284	13528509
13525285	7304650
13525286	11426526
13525287	7713004
13525288	9060759
13525289	10758758
13525289	13525323
13525290	13522881
13525290	13582076
13525291	13522881
13525291	13582076
13525292	2567367
13525292	10789496
13525293	11400469
13525293	13525299
13525294	13522870
13525295	11398714
13525296	13522870
13525297	13522868
13525297	13526894
13525297	13575029
13525298	13522868
13525298	13526894
13525298	13526895
13525298	13538074
13525298	13575033
13525299	13525293
13525299	13525348
13525299	13525349
13525300	9132333
13525301	2910910
13525302	2910913
13525303	2910918
13525304	2910922
13525305	2910935
13525305	2910938
13525306	11400468
13525307	9209983
13525307	9403426
13525307	13520660
13525307	13520962
13525307	13522869
13525307	13524553
13525307	13524758
13525308	11493839
13525308	13528396
13525308	13528397
13525309	8142048
13525310	13522795
13525311	8111437
13525312	13522795
13525312	13524763
13525313	11932703
13525313	13525330
13525314	11305790
13525315	13522794
13525317	13522794
13525318	11293875
13525318	13528501
13525319	7121340
13525320	8359271
13525320	13528497
13525321	13525341
13525321	13525343
13525322	13525345
13525322	13525346
13525323	13525289
13525324	13525355
13525324	13525357
13525325	13521399
13525326	13525350
13525326	13525351
13525327	13521399
13525328	13521064
13525329	755753
13525330	13525313
13525331	13520304
13525331	13575018
13525332	9636106
13525332	10971446
13525333	9636106
13525334	3733283
13525334	10971446
13525335	3733283
13525336	13520300
13525336	13575012
13525337	9849987
13525337	10738772
13525338	13520300
13525339	13520299
13525340	3151553
13525340	4587247
13525340	6644894
13525340	9458658
13525341	13525321
13525342	3151553
13525343	13525321
13525343	13525760
13525344	13520290
13525344	13528841
13525345	13525322
13525345	13695588
13525345	13695589
13525345	13695590
13525345	13695591
13525346	13525322
13525347	13506460
13525347	13506992
13525347	13506993
13525347	13525029
13525348	13525299
13525348	13658792
13525349	13525299
13525349	13658790
13525349	13833336
13525350	13525326
13525350	13525352
13525351	13525326
13525351	13525352
13525351	13525686
13525352	13525350
13525352	13525351
13525352	13525362
13525352	13525364
13525352	13525365
13525353	13525360
13525353	13525361
13525354	13151772
13525355	13525324
13525356	13525253
13525357	13525324
13525357	13525685
13525357	13733610
13525357	13733611
13525358	13517722
13525358	13520003
13525359	13518691
13525360	13525353
13525361	13525353
13525361	13658786
13525361	13658787
13525361	13724549
13525362	13525352
13525363	3293209
13525363	13213390
13525363	13525391
13525364	13525352
13525365	13525352
13525367	13455868
13525368	13455727
13525369	13518060
13525370	12010842
13525370	13323709
13525370	13525372
13525371	6462447
13525371	13267228
13525371	13525376
13525372	13525370
13525372	13525373
13525372	13525403
13525372	13525405
13525372	13527281
13525372	13527282
13525373	12010842
13525373	12010843
13525373	13525372
13525373	13525403
13525373	13525405
13525373	13526909
13525374	13517788
13525375	12010839
13525375	13525399
13525375	13525400
13525375	13525404
13525375	13526920
13525376	13525371
13525376	13527279
13525377	3293209
13525377	13213388
13525377	13528100
13525377	13528101
13525377	13528102
13525377	13528103
13525377	13534597
13525378	6875121
13525378	13213387
13525378	13525406
13525379	3743604
13525379	6875121
13525379	13213387
13525379	13525406
13525379	13528095
13525380	13194440
13525380	13527636
13525381	13517786
13525382	4854214
13525382	10738756
13525382	12428399
13525383	13517786
13525384	13517786
13525384	13528882
13525385	13517786
13525385	13528882
13525386	4854214
13525386	10535711
13525386	10738756
13525386	12428399
13525387	11716652
13525388	13416409
13525388	13525401
13525388	13525402
13525389	13400533
13525389	13527635
13525389	13528096
13525389	13528097
13525389	13528098
13525389	13528099
13525390	13400532
13525390	13525500
13525390	13525501
13525390	13525502
13525390	13525503
13525390	13527634
13525391	3293223
13525391	13525363
13525392	10468072
13525392	13367707
13525392	13525397
13525392	13525398
13525393	13517739
13525394	13364303
13525395	13524627
13525396	13524627
13525396	13658785
13525397	12931459
13525397	13525392
13525397	13525425
13525398	12931459
13525398	13525392
13525399	12010839
13525399	13525375
13525399	13525404
13525399	13626859
13525400	12010839
13525400	13525375
13525400	13525404
13525400	13525679
13525401	13525388
13525401	13527278
13525401	13529200
13525401	13658784
13525402	13525388
13525402	13658783
13525403	12010842
13525403	13525372
13525403	13525373
13525403	13525405
13525404	12010839
13525404	13525375
13525404	13525399
13525404	13525400
13525405	12010842
13525405	13525372
13525405	13525373
13525405	13525403
13525405	13525680
13525406	3112839
13525406	13525378
13525406	13525379
13525407	532494
13525407	951428
13525407	1000874
13525407	1000943
13525407	2896274
13525407	13526906
13525408	5746238
13525408	13526897
13525408	13541452
13525409	13582055
13525409	13582057
13525410	5746238
13525410	13541452
13525411	13525413
13525413	13525411
13525414	13522790
13525415	11596414
13525415	13525426
13525415	13526886
13525415	13541450
13525416	7699394
13525416	13525417
13525416	13557706
13525416	13612885
13525417	13525416
13525417	13548824
13525417	13557706
13525417	13612885
13525420	13246229
13525420	13246232
13525420	13246238
13525422	7013787
13525422	13527394
13525422	13527395
13525424	13517691
13525424	13575007
13525425	10468062
13525425	10468064
13525425	13525397
13525426	13525415
13525426	13527277
13525427	13525431
13525428	13517688
13525429	13517688
13525431	13525427
13525432	13517686
13525432	13527032
13525432	13575005
13525432	13575006
13525433	4192653
13525433	11362714
13525434	4192653
13525434	11362714
13525435	11360292
13525435	13527390
13525436	11360292
13525437	2091209
13525437	2091651
13525437	4012888
13525437	6149073
13525437	6870230
13525437	8933105
13525437	8938656
13525437	12034190
13525438	11297322
13525439	128041
13525439	262411
13525439	344326
13525439	591453
13525440	13293210
13525441	577680
13525442	13062244
13525442	13594076
13525443	9454869
13525443	13525448
13525444	9688302
13525444	9688303
13525445	9688303
13525448	13525443
13525449	13525450
13525449	13525451
13525449	13525452
13525449	13525453
13525449	13525454
13525449	13525455
13525449	13525456
13525449	13525457
13525449	13525458
13525449	13525459
13525449	13525460
13525449	13525461
13525449	13525462
13525449	13525463
13525449	13525464
13525449	13525465
13525449	13525472
13525449	13527311
13525450	13525449
13525451	13525449
13525452	13525449
13525453	13525449
13525454	13525449
13525455	13525449
13525456	13525449
13525457	13525449
13525458	13525449
13525459	13525449
13525460	13525449
13525461	13525449
13525462	13525449
13525463	13525449
13525464	13525449
13525465	13525449
13525465	13527311
13525466	13051298
13525466	13051300
13525467	13051298
13525468	7330619
13525469	7330619
13525470	13517734
13525471	13517734
13525472	13525449
13525473	13517042
13525474	13517042
13525475	13517039
13525476	13517038
13525477	3503241
13525477	13517036
13525478	12395416
13525478	13517036
13525479	13515964
13525480	13515964
13525482	3817981
13525483	2111827
13525483	6884380
13525484	16582
13525484	13535384
13525484	13535386
13525484	13535387
13525485	13515944
13525486	13514346
13525487	13514337
13525488	13514233
13525489	13514233
13525490	13514227
13525491	13514220
13525492	5620771
13525493	13514209
13525494	2262019
13525495	5409514
13525496	4142093
13525497	8739644
13525498	1552596
13525498	13535447
13525498	13535449
13525498	13535451
13525499	8562730
13525500	13525390
13525501	13525390
13525502	13525390
13525503	13525390
13525504	11985449
13525505	8528249
13525507	3325344
13525507	13530046
13525508	3325344
13525509	375327
13525509	13530045
13525510	375327
13525511	4411802
13525511	13530033
13525512	4234928
13525513	4411802
13525514	8751757
13525515	4411802
13525516	9171047
13525517	5929772
13525518	6441831
13525519	10474759
13525520	9816783
13525521	4862752
13525522	7455747
13525523	12335103
13525524	5755458
13525525	131470
13525526	6363013
13525527	6684161
13525527	13529803
13525528	12633994
13525529	12511023
13525530	11964034
13525531	427798
13525532	5762765
13525533	5762765
13525534	4091280
13525535	6594657
13525536	337207
13525537	10558467
13525538	12585464
13525538	13573564
13525539	433245
13525540	10984548
13525540	13787869
13525541	1791868
13525542	5240136
13525543	3207913
13525544	5240136
13525545	1787404
13525545	2752625
13525546	12425782
13525547	130634
13525548	13564761
13525549	14051
13525550	3207923
13525551	2752637
13525552	8384496
13525553	12646486
13525554	6892842
13525555	2521406
13525556	12258092
13525557	597766
13525558	749112
13525559	2184217
13525560	4854347
13525561	10903446
13525562	7995408
13525563	3280161
13525564	11216756
13525565	3965371
13525565	13529814
13525566	7988754
13525567	12993305
13525568	593274
13525569	11859364
13525570	2285052
13525571	2401820
13525572	2345012
13525573	5451021
13525574	2683601
13525575	5945643
13525576	134254
13525577	5962292
13525578	3452622
13525578	13545366
13525579	4620565
13525580	7580519
13525581	132175
13525582	10477560
13525583	2367608
13525584	11828509
13525585	6264184
13525586	7396136
13525587	6610879
13525588	7402713
13525589	12126800
13525590	3826506
13525591	13525593
13525592	9496202
13525593	13525591
13525593	13526647
13525593	13526648
13525594	11816623
13525596	10616987
13525597	12627576
13525598	7010875
13525599	5560678
13525600	10258364
13525601	9008638
13525602	6683292
13525603	6195398
13525604	11027659
13525604	13525678
13525604	13550641
13525605	11027659
13525605	13588869
13525606	333858
13525607	333849
13525608	11126053
13525609	11126030
13525610	11125974
13525611	2235811
13525611	3860202
13525611	8088940
13525612	9116268
13525612	11242226
13525613	8982051
13525613	8982958
13525613	11240108
13525614	1098687
13525624	7330690
13525626	7051138
13525635	13827404
13525643	13525645
13525645	13525643
13525649	13557108
13525658	13647130
13525672	13525752
13525678	13525604
13525679	13525400
13525680	13525405
13525682	13524716
13525684	13546585
13525685	13525357
13525686	13525351
13525688	13525168
13525696	4675643
13525696	13585051
13525711	13524649
13525714	13524653
13525715	13525718
13525715	13816817
13525715	13816818
13525716	13524771
13525717	13524852
13525718	13525715
13525721	13525105
13525722	13525105
13525723	13692919
13525725	13525038
13525734	13523250
13525736	59928
13525738	13522881
13525739	13522880
13525740	13460709
13525741	13523806
13525742	13523834
13525743	13523847
13525744	13523887
13525745	13523887
13525746	13523899
13525747	13523920
13525748	13523988
13525749	13523988
13525750	13523991
13525751	2771535
13525752	13525672
13525753	1675186
13525754	13524004
13525755	13523985
13525756	13523941
13525757	13523922
13525758	13523908
13525759	6625574
13525760	13525343
13525761	13524754
13525762	13525107
13525763	13525107
13525764	13524291
13525765	3819771
13525765	13554081
13525766	660451
13525767	8920197
13525768	16775
13525769	13525771
13525770	12424440
13525771	13525769
13525771	13525783
13525772	3956430
13525773	3734808
13525774	4495638
13525775	4042820
13525776	6966699
13525777	3096252
13525778	6611792
13525779	130134
13525779	285034
13525779	12256524
13525780	10704317
13525781	10704317
13525782	3652413
13525783	13525771
13525784	10091581
13525784	10091583
13525784	10091584
13525784	10091585
13525785	10091581
13525785	10091583
13525785	10091584
13525785	10091585
13525785	13529166
13525786	10314483
13525786	13529159
13525787	5141673
13525787	12554168
13525787	13529149
13525788	11679941
13525788	13529145
13525789	11157103
13525789	11157104
13525789	13529143
13525790	779391
13525790	819896
13525790	13529136
13525791	10121734
13525791	13529133
13525792	8395602
13525792	12119212
13525792	12119214
13525792	13529121
13525793	10281875
13525793	13529113
13525795	13525796
13525795	13525821
13525796	13525795
13525798	13823290
13525799	215444
13525801	9096905
13525801	13529110
13525803	10478136
13525803	13529106
13525804	10478136
13525804	13529105
13525805	9681654
13525806	215445
13525807	11828550
13525807	13529097
13525809	10778542
13525809	13529096
13525812	316825
13525812	13529090
13525815	10506113
13525815	13529081
13525819	13539102
13525821	13525795
13525821	13525822
13525822	13525821
13525827	6534148
13525828	5692535
13525829	4862375
13525830	3586161
13525831	3586160
13525831	13530074
13525833	1591412
13525835	13605408
13525838	13089660
13525840	13543809
13525842	13679930
13525844	13679897
13525846	13193010
13525846	13369214
13525846	13529184
13525846	13529185
13525846	13529186
13525846	13591328
13525846	13599181
13525846	13602704
13525846	13602706
13525847	9990103
13525847	9998953
13525847	10600306
13525847	12407154
13525849	11981944
13525850	401186
13525850	12555080
13525852	12216456
13525852	13605327
13525853	13603121
13525854	13525925
13525854	13535407
13525854	13679896
13525855	13525923
13525855	13679894
13525856	13605405
13525858	11903022
13525859	11770264
13525860	13603285
13525866	13679892
13525867	13679891
13525872	10108615
13525872	10108636
13525872	10108637
13525872	10109011
13525876	9948005
13525877	9948004
13525878	9794230
13525878	12851965
13525878	13747922
13525879	13805322
13525885	8741533
13525885	8741698
13525885	8743141
13525885	13633258
13525885	13633260
13525894	6560118
13525901	13561296
13525905	13525912
13525907	5374094
13525907	5374097
13525907	13526433
13525907	13526434
13525907	13526437
13525907	13550040
13525907	13591423
13525907	13591424
13525910	4749476
13525910	4749478
13525911	12216456
13525911	13526538
13525911	13542782
13525911	13544294
13525912	13525905
13525914	10591942
13525914	13529182
13525915	11840243
13525916	6806147
13525917	11686990
13525918	373557
13525919	507647
13525920	4532448
13525921	8893087
13525921	13529066
13525921	13529068
13525922	7151162
13525923	13525855
13525924	12850147
13525925	13525854
13525925	13529059
13525926	10294265
13525927	402344
13525928	1594412
13525929	11672290
13525930	7422325
13525931	13443423
13525932	13443420
13525933	6734521
13525934	6734521
13525935	11896955
13525936	11896955
13525937	12824542
13525938	7120951
13525939	12003256
13525940	7320348
13525941	7320348
13525941	8127769
13525942	11672825
13525943	11720573
13525943	11720574
13525944	11720573
13525944	11720574
13525945	11720572
13525946	11720569
13525947	11677022
13525948	11677020
13525949	4833618
13525949	13526101
13525950	11672831
13525951	11672828
13525952	11672827
13525953	11672827
13525954	3893647
13525955	11672827
13525956	11672822
13525957	7754689
13525958	13244339
13525958	13538926
13525959	3664710
13525960	461819
13525961	461819
13525962	371642
13525963	12818708
13525964	12622070
13525965	11978452
13525966	11978094
13525967	11978094
13525968	11896330
13525969	7481859
13525969	10686609
13525969	13531055
13525970	11720570
13525971	12216828
13525972	11237885
13525973	11675272
13525974	5393322
13525975	11671756
13525976	11671756
13525977	1451176
13525978	11492999
13525979	10248997
13525980	10248997
13525981	10228986
13525982	8127781
13525983	8127772
13525984	7739574
13525985	6998315
13525986	6991518
13525987	6319762
13525988	3664915
13525989	1937046
13525990	1937046
13525991	422598
13525992	415424
13525993	392829
13525994	7707344
13525995	371643
13525996	12743710
13525997	12737020
13525998	11986998
13525999	8969213
13525999	13527389
13526000	11984232
13526001	11377019
13526001	13527388
13526002	11981435
13526003	11978764
13526004	11978590
13526005	11672819
13526006	13130202
13526007	11677019
13526008	11677015
13526009	11648935
13526010	12003625
13526011	12074758
13526012	11987527
13526013	11987518
13526014	11985981
13526015	11742298
13526016	2254510
13526016	3110351
13526016	3110352
13526017	11720578
13526018	11720575
13526019	11688145
13526020	11688143
13526021	7440615
13526021	7440948
13526022	11688140
13526023	11688136
13526024	11672839
13526025	11670231
13526026	11670231
13526027	11670231
13526028	11623045
13526029	11609331
13526030	11609330
13526031	10799562
13526032	10799561
13526033	10240565
13526034	7782212
13526035	7782212
13526036	7782211
13526037	5830169
13526038	5172943
13526039	4227126
13526040	13527059
13526042	13526052
13526042	13531605
13526042	13541446
13526043	13526050
13526046	11671691
13526048	11973066
13526049	13679890
13526050	13526043
13526051	13679888
13526052	13526042
13526052	13531605
13526053	9401464
13526055	11723192
13526056	13543794
13526057	7038542
13526058	13526063
13526058	13526088
13526060	6963587
13526061	6963587
13526063	13526058
13526066	13679929
13526069	13526072
13526069	13550637
13526069	13555323
13526069	13560489
13526072	13526069
13526072	13526645
13526072	13550637
13526072	13550638
13526072	13550765
13526072	13560489
13526073	7740813
13526075	1593951
13526076	13816812
13526078	11724030
13526079	11724030
13526080	8165438
13526081	13527055
13526082	2699747
13526082	2699750
13526087	13610433
13526088	13526058
13526089	2276009
13526089	13526091
13526089	13526099
13526091	13526089
13526092	13526093
13526093	13526092
13526095	13552322
13526096	13526097
13526096	13526098
13526096	13568806
13526096	13578796
13526097	13526096
13526097	13568806
13526097	13578796
13526098	13526096
13526099	13526089
13526101	13525949
13526102	3579483
13526107	12843142
13526108	6561398
13526110	10259583
13526112	5898011
13526113	11676400
13526114	11684513
13526116	12849838
13526118	11723979
13526120	11723979
13526121	7298873
13526122	7298872
13526123	7298876
13526125	7298874
13526126	7298877
13526127	10864875
13526127	13526426
13526128	7298875
13526130	7298887
13526132	13559695
13526133	7298878
13526134	11609829
13526135	1306608
13526136	7087281
13526137	11609832
13526138	8389589
13526138	10704060
13526139	11609835
13526140	9922535
13526141	268563
13526142	11648055
13526143	6521605
13526144	6521605
13526145	11723098
13526146	702032
13526147	11505487
13526148	11117663
13526148	13528751
13526149	11734906
13526150	1931813
13526151	11702116
13526152	1904999
13526153	11248790
13526154	3542588
13526155	11398191
13526156	9307438
13526157	375536
13526158	7981758
13526159	7354099
13526160	11295735
13526161	7611328
13526161	7611350
13526162	11294445
13526163	6347667
13526164	2038397
13526164	7900647
13526165	12958794
13526165	12958932
13526166	5277798
13526167	6012680
13526168	11828751
13526169	5939043
13526170	4351107
13526171	2111421
13526172	3356438
13526173	3356438
13526174	368327
13526175	368327
13526176	8100269
13526177	8100269
13526178	8634287
13526179	1994495
13526180	7240731
13526181	7593102
13526182	2325488
13526183	7078832
13526183	13527385
13526184	5903696
13526186	10795830
13526187	12140491
13526188	6610895
13526189	5397916
13526189	11405306
13526189	13527383
13526190	388756
13526191	2376414
13526192	11293534
13526193	32219
13526194	11293534
13526195	266406
13526196	9421076
13526197	51041
13526198	51041
13526199	5252824
13526200	5252824
13526201	13429045
13526204	64113
13526205	1795977
13526206	11151367
13526207	2624514
13526208	5699009
13526209	6771540
13526210	7592567
13526211	7592567
13526212	9828784
13526213	3094295
13526214	3094296
13526215	1256088
13526215	2586584
13526216	421572
13526217	421572
13526218	10082122
13526218	10082501
13526219	12129764
13526219	12249382
13526219	12326202
13526220	54515
13526221	54515
13526222	54515
13526223	22664
13526223	1630638
13526223	3042945
13526224	20322
13526224	3839834
13526225	43230
13526225	1899152
13526225	2311312
13526225	12820507
13526226	10105769
13526226	10105958
13526227	10456110
13526230	10031074
13526230	10031476
13526231	10496988
13526236	2806816
13526240	13319073
13526248	12050515
13526248	12055210
13526249	6619096
13526251	1495738
13526252	1495738
13526253	18093
13526254	18093
13526255	6000123
13526255	6000133
13526256	4135167
13526257	4135167
13526258	4135167
13526261	5629403
13526262	5629403
13526265	10031570
13526266	10031570
13526268	953445
13526269	953445
13526272	953445
13526273	953445
13526277	9403978
13526279	11379426
13526279	13527380
13526280	10792840
13526282	10568065
13526283	4921606
13526284	973053
13526287	3602765
13526290	713481
13526291	4436797
13526292	1177836
13526293	9172952
13526293	13527378
13526293	13527379
13526294	8409407
13526294	11375824
13526295	599717
13526296	5379506
13526297	11318988
13526298	11318988
13526299	9486276
13526299	13527376
13526299	13527377
13526300	9486276
13526300	13527372
13526300	13527373
13526300	13527374
13526300	13527375
13526301	900909
13526302	13364300
13526302	13364302
13526303	7261546
13526303	13527371
13526304	13213265
13526304	13527633
13526304	13528092
13526304	13528093
13526306	10756062
13526307	12725921
13526309	10726690
13526309	13527632
13526310	7960501
13526311	7184632
13526312	1354212
13526314	13247597
13526314	13364313
13526315	13605404
13526316	3095368
13526317	1409694
13526318	13526421
13526318	13526424
13526318	13526425
13526318	13529205
13526318	13535408
13526318	13605420
13526320	13364301
13526321	9069872
13526321	9069931
13526322	13030741
13526322	13030760
13526322	13483285
13526322	13483996
13526322	13526397
13526322	13605418
13526323	13309740
13526323	13527630
13526323	13527631
13526324	13526378
13526324	13526380
13526324	13526381
13526324	13605415
13526325	10327829
13526325	12409077
13526325	13096511
13526327	2622785
13526327	2622787
13526327	13031703
13526330	13526375
13526330	13679968
13526331	13238614
13526331	13242758
13526332	8921348
13526333	13238609
13526333	13242757
13526334	5332650
13526334	11376449
13526335	13204917
13526335	13527629
13526335	13528094
13526336	13132454
13526336	13527626
13526337	4108304
13526338	13132453
13526338	13527625
13526339	11293631
13526339	11299131
13526343	12877588
13526344	9324390
13526346	12410396
13526347	13526416
13526347	13749631
13526348	8687102
13526348	13526412
13526348	13526414
13526349	13309639
13526353	13204926
13526354	13527048
13526355	13204925
13526356	13132461
13526357	13132460
13526358	5966607
13526359	13529192
13526359	13529198
13526359	13605414
13526360	5966592
13526361	366056
13526363	632016
13526364	13308213
13526365	936091
13526367	10191184
13526367	12964925
13526369	13522241
13526369	13522242
13526370	368977
13526372	359201
13526373	359027
13526375	13526330
13526377	4430565
13526378	13526324
13526378	13531519
13526379	12331896
13526379	13526406
13526380	13526324
13526380	13531331
13526380	13531519
13526381	13526324
13526381	13526386
13526381	13531329
13526381	13531519
13526382	12586573
13526384	8748893
13526385	12453680
13526386	13526381
13526386	13575272
13526387	2261043
13526387	13608905
13526391	1093415
13526393	49172
13526394	2075583
13526395	8322917
13526396	8322917
13526397	13483285
13526397	13526322
13526397	13526398
13526398	13526397
13526398	13575270
13526399	13526401
13526400	6769077
13526401	13526399
13526402	13476083
13526403	7780452
13526403	11250989
13526403	11250997
13526403	11250998
13526403	13466534
13526403	13466535
13526403	13527622
13526403	13527623
13526404	602614
13526405	13464847
13526406	13526379
13526406	13526411
13526407	4896325
13526407	7892053
13526407	13531022
13526409	12502001
13526410	12502001
13526411	13526406
13526412	13526348
13526412	13704878
13526413	3423498
13526414	13526348
13526415	13308215
13526415	13429280
13526416	13286046
13526416	13526347
13526417	10559624
13526418	13429248
13526419	13429247
13526420	8379592
13526421	13526318
13526421	13526428
13526421	13529205
13526421	13529210
13526422	5287401
13526423	13400712
13526424	13526318
13526424	13526428
13526424	13529205
13526424	13529210
13526424	13605412
13526425	13526318
13526425	13529205
13526425	13529210
13526425	13605412
13526426	10864875
13526426	13526127
13526426	13526429
13526426	13784686
13526426	13785839
13526426	13794792
13526426	13795248
13526427	357308
13526428	13526421
13526428	13526424
13526428	13526432
13526429	13526426
13526429	13526430
13526429	13784686
13526429	13785673
13526429	13794792
13526429	13795248
13526430	13526429
13526431	6173320
13526432	13526428
13526432	13541968
13526433	5374094
13526433	5374106
13526433	13525907
13526433	13550040
13526433	13591423
13526433	13591424
13526433	13684902
13526433	13684923
13526434	5374097
13526434	13525907
13526434	13531322
13526434	13550040
13526434	13591423
13526434	13591424
13526437	5374094
13526437	13061159
13526437	13525907
13526437	13550040
13526437	13591423
13526437	13591424
13526438	1801373
13526438	2050130
13526439	1801373
13526441	2271872
13526441	2282598
13526441	5654172
13526442	12454232
13526443	1860750
13526444	1860750
13526445	13000297
13526445	13526447
13526446	2774761
13526447	13526445
13526448	364263
13526449	7970823
13526450	3744792
13526451	3744792
13526452	5909125
13526452	13526537
13526453	8743674
13526454	8046608
13526455	1217
13526455	349101
13526456	5909125
13526457	13228084
13526458	7463417
13526459	2176454
13526459	13714726
13526460	2891334
13526462	11368835
13526462	13527365
13526462	13527366
13526462	13527367
13526462	13527368
13526463	8982008
13526464	9306322
13526465	8982008
13526466	8982008
13526467	8982008
13526468	10685795
13526468	13527364
13526469	10685795
13526469	13527363
13526470	9271913
13526471	9320007
13526472	5902579
13526472	5903452
13526473	8533204
13526473	13526994
13526473	13526995
13526473	13527360
13526473	13527361
13526473	13527369
13526477	1977900
13526477	5686384
13526477	11137216
13526477	13527358
13526479	11093525
13526479	13526981
13526479	13527355
13526479	13527356
13526480	753850
13526482	9213480
13526482	13526967
13526482	13526968
13526482	13527352
13526482	13527353
13526484	6360131
13526485	7708850
13526485	13526965
13526485	13527351
13526487	6684233
13526488	11300539
13526488	13526962
13526488	13526964
13526488	13577556
13526489	7002871
13526490	8717707
13526490	13526959
13526491	599719
13526492	735784
13526493	8539942
13526494	1358351
13526498	6063624
13526498	11108205
13526499	9309882
13526499	13526950
13526504	3631691
13526507	4101477
13526512	720201
13526517	10727193
13526517	13526953
13526517	13658348
13526518	10727193
13526518	13526945
13526518	13527346
13526519	369239
13526520	9598176
13526520	13526940
13526520	13526941
13526520	13526943
13526520	13527344
13526520	13527345
13526520	13527486
13526520	13527487
13526522	10456110
13526524	10456110
13526525	10456110
13526525	13526899
13526527	11576160
13526527	13526936
13526527	13526938
13526527	13527343
13526528	3991349
13526529	3991349
13526530	7376082
13526530	13526532
13526531	11374280
13526531	13526924
13526532	7376082
13526532	13526530
13526533	11296226
13526533	13526913
13526533	13526917
13526534	6320672
13526537	13526452
13526538	13525911
13526538	13529413
13526538	13538914
13526538	13542782
13526538	13544294
13526540	13524977
13526540	13529403
13526540	13529405
13526540	13529406
13526540	13529408
13526540	13529409
13526540	13529411
13526540	13531603
13526540	13538910
13526540	13542787
13526540	13542901
13526541	13523371
13526541	13524971
13526541	13524972
13526541	13526643
13526542	13523383
13526542	13524956
13526542	13524958
13526542	13524959
13526542	13524960
13526542	13529399
13526542	13529401
13526543	13524933
13526543	13527391
13526546	10465567
13526547	10933093
13526547	13529398
13526547	13538903
13526550	2839422
13526550	4387314
13526550	4387315
13526550	5989380
13526550	11387980
13526550	13527342
13526551	9015864
13526551	9015865
13526551	13526641
13526551	13538901
13526551	13542780
13526553	2839426
13526553	2983049
13526553	4387313
13526553	5989380
13526553	11387980
13526554	2998295
13526558	2605133
13526561	5488005
13526562	13524700
13526562	13526571
13526562	13526640
13526562	13526882
13526562	13527289
13526562	13527323
13526562	13527333
13526562	13527478
13526562	13527491
13526562	13527494
13526562	13529397
13526562	13542773
13526563	13515972
13526564	13503091
13526564	13529395
13526565	529431
13526566	13076008
13526566	13529387
13526566	13538891
13526568	1665142
13526571	13524700
13526571	13526562
13526571	13526640
13526571	13526882
13526571	13527289
13526571	13527323
13526571	13527333
13526571	13527478
13526571	13527491
13526571	13527494
13526571	13529397
13526571	13542773
13526574	10456110
13526578	367711
13526580	10456110
13526581	3711184
13526582	10456110
13526584	8773691
13526585	10456110
13526586	10456110
13526587	10456110
13526587	13526612
13526587	13526890
13526587	13526892
13526588	12368053
13526589	5914826
13526590	10456110
13526593	10456110
13526594	12305034
13526594	12305814
13526594	12305815
13526594	13526652
13526595	12258824
13526596	10547735
13526598	10456110
13526600	12191505
13526601	12344071
13526602	10456110
13526603	12475204
13526604	12216752
13526604	12217117
13526605	12203796
13526605	12203849
13526606	8686214
13526606	12203796
13526606	12203849
13526607	12200342
13526607	13720340
13526608	12205053
13526608	12205267
13526609	12487189
13526610	12479196
13526610	12479253
13526611	10456110
13526612	10456110
13526612	13526587
13526615	10456110
13526616	10456110
13526617	13593923
13526619	11714260
13526619	12861403
13526620	11714260
13526620	12861401
13526621	11714260
13526621	12861404
13526622	11714260
13526624	13526626
13526624	13526628
13526624	13526631
13526624	13526634
13526624	13526637
13526624	13526642
13526624	13526644
13526624	13526646
13526624	13526885
13526624	13526896
13526624	13526901
13526624	13526904
13526624	13526908
13526624	13527309
13526625	13526629
13526626	13526624
13526628	13526624
13526629	13526625
13526630	13526632
13526630	13526633
13526631	13526624
13526632	13526630
13526633	13526630
13526634	13526624
13526635	5736175
13526636	5736175
13526637	13526624
13526637	13526646
13526638	13526639
13526639	13526638
13526640	13524700
13526640	13526562
13526640	13526571
13526640	13526882
13526640	13527289
13526640	13527323
13526640	13527333
13526640	13529397
13526640	13542773
13526641	13526551
13526641	13526881
13526641	13542780
13526642	13526624
13526643	13526541
13526643	13526867
13526643	13526870
13526644	13526624
13526645	13526072
13526645	13526848
13526645	13541442
13526645	13550637
13526645	13550687
13526645	13560489
13526646	13526624
13526646	13526637
13526647	13525593
13526648	13525593
13526649	13525065
13526649	13526845
13526649	13541438
13526650	13525065
13526650	13541438
13526651	13525050
13526651	13526753
13526651	13526756
13526651	13526759
13526651	13526761
13526652	12305034
13526652	12305814
13526652	13526594
13526654	13524653
13526654	13526738
13526654	13526740
13526654	13531607
13526655	13526658
13526655	13526659
13526657	6421224
13526658	13526655
13526659	13526655
13526663	13539169
13526668	13526669
13526669	13526668
13526670	13523993
13526670	13526736
13526670	13560932
13526671	13523993
13526671	13526732
13526671	13560932
13526676	8736861
13526677	8736861
13526678	8736861
13526679	8736861
13526680	13523962
13526680	13541433
13526680	13550662
13526681	13515858
13526681	13574995
13526681	13581733
13526682	13523962
13526682	13526696
13526682	13526697
13526682	13541433
13526682	13550662
13526682	13550668
13526682	13550671
13526683	13523941
13526683	13526694
13526684	13523941
13526684	13526693
13526685	8736861
13526686	8736861
13526687	13515857
13526688	13515857
13526689	253952
13526689	6873279
13526690	253952
13526690	6873279
13526691	6418367
13526692	47987
13526693	13526684
13526694	13526683
13526695	13515837
13526696	13526682
13526697	13526682
13526699	7376312
13526700	7376312
13526701	7376312
13526702	7376312
13526704	6425019
13526705	6425019
13526706	6425019
13526708	13526733
13526709	13526726
13526711	13511043
13526712	13526726
13526714	13526726
13526716	6416303
13526717	6416303
13526718	13511039
13526718	13531154
13526719	6424259
13526720	6424259
13526721	6415212
13526722	6520226
13526723	11720467
13526723	11736802
13526723	13511036
13526723	13511761
13526723	13511763
13526723	13511764
13526723	13511847
13526723	13524966
13526723	13524967
13526724	7393303
13526725	11720467
13526725	13511036
13526725	13574993
13526726	13526709
13526726	13526712
13526726	13526714
13526726	13528855
13526730	13522535
13526731	13522535
13526732	13526671
13526733	13526708
13526735	13510997
13526736	13526670
13526738	13526654
13526739	13522546
13526740	13526654
13526741	13522544
13526744	13519433
13526744	13527211
13526744	13527213
13526745	13519433
13526745	13527214
13526746	13516179
13526748	13516175
13526749	13516175
13526749	13527234
13526750	13526755
13526750	13526757
13526751	13526765
13526752	13482559
13526752	13493739
13526752	13509789
13526752	13509804
13526752	13524975
13526752	13526768
13526752	13529685
13526752	13529993
13526752	13531160
13526752	13538885
13526753	13526651
13526755	13526750
13526755	13555322
13526756	13526651
13526757	13526750
13526758	13507088
13526758	13529089
13526759	13526651
13526761	13526651
13526762	13507087
13526762	13529091
13526763	13507087
13526763	13529091
13526764	13507085
13526764	13529092
13526764	13574990
13526765	13526751
13526766	13507085
13526766	13529092
13526767	13507084
13526768	1867744
13526768	13526752
13526769	13507083
13526769	13529117
13526770	7380169
13526771	7380169
13526772	7377102
13526773	7377102
13526774	13507080
13526774	13529123
13526774	13574987
13526775	13507080
13526775	13529123
13526775	13574988
13526776	13507079
13526776	13529147
13526779	13507067
13526779	13529155
13526780	9172922
13526780	13526884
13526780	13527339
13526780	13527340
13526781	13526783
13526782	7678977
13526782	13526883
13526782	13527341
13526783	13526781
13526784	12555078
13526785	2859526
13526787	13507065
13526787	13507066
13526788	13507064
13526788	13529161
13526789	11648971
13526790	2859652
13526790	13640236
13526791	371499
13526792	5300198
13526793	11991903
13526794	6571830
13526795	4173844
13526796	6571830
13526797	6571830
13526798	10881697
13526799	7804002
13526800	10979401
13526801	7803764
13526802	11715525
13526803	9622828
13526804	498933
13526805	13521798
13526806	13521798
13526807	498935
13526808	13522026
13526809	11615378
13526810	11615378
13526811	6624270
13526812	11692316
13526813	13522029
13526814	11750331
13526815	8049873
13526816	13522031
13526817	8049873
13526818	12147152
13526819	8038312
13526820	6900496
13526822	11380699
13526823	6995998
13526824	6995998
13526825	11106087
13526827	10474436
13526827	13529381
13526827	13529382
13526830	5718077
13526831	12490011
13526832	13485566
13526833	12913784
13526834	11248298
13526835	11248298
13526836	7803333
13526837	6417156
13526838	6417156
13526839	6538703
13526840	11825129
13526841	2568148
13526842	5713914
13526843	13529367
13526843	13529368
13526843	13529369
13526843	13538078
13526843	13538879
13526843	13803637
13526843	13803922
13526845	13526649
13526846	13762825
13526848	13526645
13526849	13225083
13526850	13192388
13526851	13156098
13526852	13164329
13526853	13257184
13526854	13187108
13526855	13237883
13526856	13167180
13526858	7377640
13526859	462654
13526860	6422085
13526861	6422085
13526862	6422085
13526863	6422085
13526864	13522893
13526865	11676731
13526866	13522883
13526867	13526643
13526868	13526872
13526868	13526873
13526869	13522881
13526870	13526643
13526871	13522881
13526871	13582076
13526872	13526868
13526873	13526868
13526874	13522873
13526875	13522873
13526876	13526877
13526876	13526879
13526877	13526876
13526878	13522872
13526879	13526876
13526880	13522872
13526881	13526641
13526882	13524700
13526882	13526562
13526882	13526571
13526882	13526640
13526882	13529397
13526882	13542773
13526883	13526782
13526883	13527341
13526884	13526780
13526884	13527339
13526884	13527340
13526885	13526624
13526886	13525415
13526887	13522870
13526888	13522870
13526889	13522870
13526890	13526587
13526891	13522870
13526892	13526587
13526893	13522869
13526894	13520652
13526894	13520964
13526894	13520965
13526894	13520966
13526894	13520967
13526894	13521353
13526894	13521360
13526894	13522868
13526894	13524554
13526894	13524759
13526894	13524760
13526894	13525297
13526894	13525298
13526894	13526905
13526894	13528735
13526894	13529415
13526894	13529416
13526894	13529573
13526894	13529574
13526894	13529856
13526894	13529857
13526894	13530810
13526894	13530811
13526894	13530812
13526894	13530813
13526894	13538077
13526895	13522868
13526895	13524554
13526895	13524760
13526895	13525298
13526895	13526903
13526895	13529417
13526895	13529858
13526895	13538074
13526896	13526624
13526897	13525408
13526899	13526525
13526900	13522794
13526901	13526624
13526902	13522794
13526903	13522868
13526903	13524554
13526903	13526895
13526903	13538074
13526904	13526624
13526905	13522868
13526905	13524554
13526905	13526894
13526906	13525407
13526907	4387314
13526908	13526624
13526908	13527309
13526909	13525373
13526910	13136795
13526910	13203052
13526910	13521439
13526910	13521444
13526910	13521454
13526910	13524783
13526910	13526912
13526910	13529422
13526910	13529423
13526910	13529582
13526910	13529870
13526910	13530843
13526910	13538071
13526911	13521064
13526912	13521444
13526912	13526910
13526913	13526533
13526914	13520304
13526917	13526533
13526920	13525375
13526922	13524828
13526923	13524828
13526924	13526531
13526925	13520300
13526926	13475450
13526928	3941309
13526929	13475450
13526931	3941306
13526932	3941306
13526933	8311566
13526935	13524819
13526936	13526527
13526938	13526527
13526939	13524819
13526940	13526520
13526941	13526520
13526942	13524818
13526943	13526520
13526944	13524818
13526945	13526518
13526945	13526946
13526945	13526947
13526945	13526948
13526945	13527346
13526945	13527347
13526946	13526945
13526946	13527346
13526947	13526945
13526947	13527347
13526948	13526945
13526948	13527347
13526949	13524583
13526950	13526499
13526950	13526951
13526951	13526950
13526952	13520299
13526953	13526517
13526953	13526954
13526953	13526955
13526953	13526957
13526953	13658347
13526953	13658348
13526954	13526953
13526954	13658347
13526955	13526953
13526955	13658348
13526956	13524582
13526957	13526953
13526957	13658347
13526958	13524582
13526959	13526490
13526960	13524582
13526961	13524582
13526962	13526488
13526963	13520290
13526963	13528841
13526964	13526488
13526965	12734593
13526965	13526485
13526965	13526966
13526965	13527351
13526966	13526965
13526966	13527351
13526967	13526482
13526967	13526975
13526967	13526977
13526967	13527352
13526968	13526482
13526968	13526969
13526968	13526971
13526968	13526973
13526968	13526974
13526968	13527353
13526968	13555368
13526968	13555370
13526969	13526968
13526969	13527352
13526969	13527353
13526970	13524580
13526971	13526968
13526971	13527353
13526972	13520213
13526973	13526968
13526973	13527353
13526974	13526968
13526974	13527352
13526974	13527353
13526975	13526967
13526975	13527352
13526976	13524579
13526977	13526967
13526977	13527352
13526978	13520212
13526979	13524578
13526980	13517722
13526980	13520003
13526981	13526479
13526981	13526983
13526981	13526984
13526981	13526986
13526981	13526987
13526981	13526988
13526981	13527355
13526981	13527356
13526983	13526981
13526983	13527355
13526983	13527356
13526984	13526981
13526984	13527355
13526985	13524577
13526986	13526981
13526986	13527355
13526986	13527356
13526987	13526981
13526987	13527355
13526988	13526981
13526988	13527355
13526988	13527356
13526989	13524577
13526990	13518060
13526991	13524577
13526992	13524577
13526993	13517788
13526994	13526473
13526994	13527360
13526995	13526473
13526995	13527369
13526995	13555366
13526996	13517786
13526997	13517786
13526997	13528882
13526998	13524570
13526999	13517739
13527000	13517739
13527001	6323802
13527003	11218641
13527003	13529050
13527004	8740829
13527005	464340
13527006	8740829
13527007	13517734
13527009	13556328
13527013	6429636
13527013	6429639
13527014	6429636
13527014	6429639
13527016	13524352
13527018	13523296
13527019	13523296
13527021	13517691
13527024	13517688
13527026	13523271
13527027	7374505
13527028	611958
13527028	13523271
13527032	13374846
13527032	13374847
13527032	13517686
13527032	13519446
13527032	13524565
13527032	13524878
13527032	13525432
13527032	13527034
13527032	13529625
13527032	13529902
13527032	13530949
13527034	13374846
13527034	13517686
13527034	13527032
13527034	13638430
13527035	13517549
13527035	13524879
13527035	13529903
13527035	13530952
13527037	13523093
13527038	9510062
13527038	9930153
13527038	9930155
13527038	13529042
13527038	13529046
13527039	7377591
13527040	7377591
13527042	13556330
13527042	13556332
13527043	13517042
13527044	13556329
13527044	13556331
13527044	13557223
13527046	13517042
13527048	13526354
13527048	13529037
13527052	13517039
13527055	13526081
13527055	13529034
13527056	6426874
13527057	6426874
13527058	13517036
13527059	13526040
13527059	13529031
13527063	12377114
13527063	13528762
13527064	13517036
13527066	13522750
13527069	7379479
13527071	6421571
13527072	6421571
13527073	13522750
13527075	13522748
13527076	13522748
13527077	13519606
13527078	13520374
13527079	13517032
13527080	13515964
13527081	2222061
13527082	13515963
13527083	13524837
13527083	13524867
13527083	13524869
13527084	13515959
13527085	2880847
13527086	13505393
13527087	13515945
13527088	13505393
13527089	13505912
13527090	13527091
13527091	13527090
13527092	13505907
13527093	6424194
13527094	6424194
13527095	13505909
13527096	6424560
13527097	13527098
13527098	13527097
13527099	13515944
13527100	13511088
13527101	13515857
13527102	13512103
13527103	13527109
13527104	7375623
13527105	7375623
13527106	13512142
13527107	13514359
13527107	13529922
13527108	13514359
13527108	13529922
13527109	13527103
13527110	7377871
13527111	7377871
13527112	7377871
13527113	7377871
13527114	7377871
13527115	7377871
13527116	13514355
13527117	13514346
13527118	13515751
13527119	6415196
13527120	13514346
13527121	6415196
13527122	13515750
13527123	13515752
13527124	8284006
13527125	6423435
13527126	8284006
13527127	6423435
13527128	13514337
13527129	12339115
13527130	11683524
13527131	13514233
13527132	13514227
13527133	1924062
13527134	6417386
13527135	6417386
13527136	6417386
13527137	13519809
13527138	13514220
13527139	6424832
13527140	6424832
13527141	13519808
13527142	448343
13527143	884087
13527144	1924062
13527145	13510575
13527146	13512642
13527148	6561415
13527149	6561415
13527150	13510575
13527151	6561415
13527152	416834
13527153	13510575
13527155	5118696
13527156	12272354
13527156	12272356
13527156	12272547
13527157	10541550
13527157	12272354
13527157	12272355
13527157	12272546
13527158	11734806
13527159	4006422
13527160	7191592
13527160	7191593
13527161	8566815
13527161	8566816
13527161	11854664
13527161	12258082
13527162	5674300
13527163	11946411
13527164	8566815
13527164	8566816
13527164	11854664
13527164	12258082
13527165	13511853
13527166	8566815
13527166	8566817
13527167	8566815
13527167	8566817
13527169	8566815
13527169	8566817
13527170	8566815
13527170	8566816
13527170	8704143
13527170	11854664
13527170	12258082
13527170	13527275
13527170	13527276
13527171	13509443
13527172	12076058
13527172	13531017
13527173	13509404
13527174	11929066
13527174	13531010
13527174	13531012
13527174	13531014
13527175	3729586
13527175	4185073
13527175	7505640
13527175	13527247
13527176	11664958
13527176	13531003
13527176	13531006
13527177	8344777
13527178	11662421
13527178	13531001
13527179	6417619
13527180	11662421
13527180	13531001
13527181	6419146
13527181	7376189
13527182	11736714
13527182	11743552
13527183	6419146
13527184	7765386
13527184	7799233
13527184	7799234
13527184	7799235
13527184	8935789
13527184	8935790
13527184	13527187
13527184	13580363
13527185	11545098
13527186	7765386
13527186	7799232
13527186	8935789
13527186	8935790
13527186	13527187
13527187	7765386
13527187	7799232
13527187	7799233
13527187	7799234
13527187	7799235
13527187	8935789
13527187	8935790
13527187	10737320
13527187	13527184
13527187	13527186
13527188	10867951
13527188	13530987
13527188	13530989
13527189	10867951
13527189	13530984
13527189	13530985
13527189	13530986
13527190	13512143
13527191	13399132
13527192	11930758
13527193	13513395
13527194	11929064
13527194	13530981
13527195	10371339
13527196	10799297
13527197	11694961
13527197	13530974
13527198	9254334
13527199	7401376
13527200	7401375
13527201	2976629
13527201	4011742
13527202	6409138
13527203	2976629
13527203	4011742
13527204	2976629
13527204	4011742
13527205	9555953
13527206	9555953
13527207	9513546
13527208	9505741
13527209	13374847
13527210	9505741
13527211	13526744
13527212	376378
13527212	461880
13527213	13526744
13527214	13526745
13527215	6998250
13527216	11567816
13527217	11813654
13527217	13527219
13527218	8981129
13527219	11813654
13527219	13527217
13527220	13519389
13527221	1579765
13527222	2760786
13527223	11750691
13527224	13519389
13527225	11652015
13527226	11466586
13527227	13527229
13527227	13527231
13527228	5120206
13527229	13527227
13527230	375752
13527231	13527227
13527232	4455863
13527233	4455863
13527234	13526749
13527235	13527238
13527235	13527240
13527236	13408543
13527237	7299682
13527238	13527235
13527239	13408542
13527240	13527235
13527240	13528363
13527241	13408545
13527242	13408546
13527243	13408549
13527244	13408550
13527245	13527251
13527245	13527252
13527246	10181008
13527247	3729586
13527247	7505640
13527247	13527175
13527248	13499312
13527248	13530968
13527249	2014539
13527249	13530965
13527250	11722918
13527251	13527245
13527252	13527245
13527253	13527256
13527253	13527258
13527254	13499404
13527254	13499405
13527255	11783041
13527256	13527253
13527257	11783041
13527258	6403632
13527258	13527253
13527259	13527261
13527260	13515910
13527261	13527259
13527262	8812080
13527263	13515910
13527264	12489527
13527265	11644058
13527266	2560552
13527266	4425872
13527267	10978390
13527267	13527270
13527268	2560553
13527269	13527271
13527270	13527267
13527271	13527269
13527272	4887472
13527273	11665279
13527274	8975211
13527275	13527170
13527276	13527170
13527277	13525426
13527278	13525401
13527279	13525376
13527280	13261126
13527281	13525372
13527282	13525372
13527283	13527290
13527283	13527292
13527284	13261126
13527285	8975211
13527286	6977073
13527287	13525093
13527288	13525093
13527289	13524700
13527289	13526562
13527289	13526571
13527289	13526640
13527289	13527323
13527289	13527333
13527289	13527478
13527289	13527491
13527289	13527494
13527289	13529397
13527289	13542773
13527290	13527283
13527290	13527321
13527291	8975211
13527292	13527283
13527292	13527321
13527293	616421
13527294	8975211
13527295	6966576
13527296	6670054
13527297	13426148
13527298	8975211
13527299	8975211
13527300	11671804
13527301	13527305
13527301	13527307
13527302	11671804
13527303	8975211
13527304	8975211
13527305	13527301
13527306	8975211
13527307	13527301
13527308	8975211
13527309	13526624
13527309	13526908
13527310	10456110
13527311	13525449
13527311	13525465
13527312	13521462
13527313	1580557
13527314	9194504
13527315	7307970
13527316	7321277
13527317	5846978
13527318	13521554
13527318	13527433
13527318	13527617
13527318	13531602
13527319	13521554
13527319	13527434
13527319	13527617
13527319	13531602
13527320	13521554
13527321	13527290
13527321	13527292
13527323	13524700
13527323	13526562
13527323	13526571
13527323	13526640
13527323	13527289
13527323	13527333
13527323	13527478
13527323	13529397
13527323	13542773
13527324	729171
13527325	11295700
13527326	11432581
13527326	13527398
13527327	8336464
13527327	13527328
13527328	8336464
13527328	13527327
13527329	2225658
13527329	5189374
13527329	5850118
13527329	11675335
13527330	9834369
13527331	170871
13527331	243609
13527332	9268799
13527332	13527409
13527333	13524700
13527333	13526562
13527333	13526571
13527333	13526640
13527333	13527289
13527333	13527323
13527333	13527478
13527333	13527491
13527333	13527494
13527333	13529397
13527333	13542773
13527334	11720467
13527334	13511036
13527335	11376107
13527336	11389450
13527337	10565370
13527338	13525272
13527338	13525274
13527339	13526780
13527339	13526884
13527340	13526780
13527340	13526884
13527341	13526782
13527341	13526883
13527342	2839422
13527342	13526550
13527343	13526527
13527344	13526520
13527345	13526520
13527346	13526518
13527346	13526945
13527346	13526946
13527347	13526945
13527347	13526947
13527347	13526948
13527351	13526485
13527351	13526965
13527351	13526966
13527352	13526482
13527352	13526967
13527352	13526969
13527352	13526974
13527352	13526975
13527352	13526977
13527353	13526482
13527353	13526968
13527353	13526969
13527353	13526971
13527353	13526973
13527353	13526974
13527354	10014871
13527354	10266029
13527355	13526479
13527355	13526981
13527355	13526983
13527355	13526984
13527355	13526986
13527355	13526987
13527355	13526988
13527356	13526479
13527356	13526981
13527356	13526983
13527356	13526986
13527356	13526988
13527357	7126228
13527358	1977900
13527358	1977902
13527358	13526477
13527359	10343826
13527360	13526473
13527360	13526994
13527361	13526473
13527362	10343826
13527362	13530022
13527362	13530024
13527363	13526469
13527364	13526468
13527365	13526462
13527366	13526462
13527367	13526462
13527368	13526462
13527369	13526473
13527369	13526995
13527370	3354033
13527371	13526303
13527372	13526300
13527373	13526300
13527374	13526300
13527375	13526300
13527376	13526299
13527377	13526299
13527378	13526293
13527379	13526293
13527380	13526279
13527381	11849903
13527382	11849903
13527383	13526189
13527384	11849904
13527385	13526183
13527386	11849907
13527387	3396688
13527388	13526001
13527389	13525999
13527390	13525435
13527391	13524541
13527391	13524933
13527391	13524935
13527391	13526543
13527392	13524566
13527393	10197738
13527393	13527396
13527394	13525422
13527395	13525422
13527396	13527393
13527397	13524935
13527398	13527326
13527399	12010488
13527400	7209339
13527401	7798546
13527402	7798546
13527403	7798546
13527404	7798546
13527405	11505102
13527406	11505102
13527407	3724220
13527407	3880289
13527407	5740089
13527407	5740090
13527408	7798547
13527409	13527332
13527410	11601813
13527411	11601810
13527412	9572098
13527413	617297
13527414	617297
13527415	5172914
13527417	1938155
13527419	9854635
13527421	11612748
13527423	1938167
13527424	7040465
13527425	11896854
13527426	11724064
13527427	11724064
13527428	12009257
13527429	12009257
13527430	11723368
13527431	11723368
13527432	11723367
13527433	13527318
13527434	13527319
13527435	17103
13527435	428852
13527435	2052939
13527435	2381620
13527436	17103
13527436	428852
13527436	476849
13527436	477042
13527436	2052939
13527436	2381620
13527437	11722948
13527438	11692261
13527439	11672053
13527440	11672050
13527441	11669261
13527442	8620073
13527442	10615942
13527442	13126983
13527442	13126991
13527443	4592676
13527444	11669260
13527445	11609130
13527446	12179895
13527447	11283489
13527449	11283367
13527450	244514
13527450	361445
13527450	483334
13527450	578526
13527450	585094
13527450	2314699
13527451	11283326
13527452	10165324
13527453	244514
13527453	578526
13527454	10799317
13527455	10799316
13527456	10799316
13527457	10228959
13527458	7320356
13527459	1572153
13527461	12012966
13527462	12012966
13527463	4363332
13527468	238733
13527469	3591359
13527469	3591486
13527470	3591359
13527470	3591487
13527471	3591359
13527471	3591486
13527472	3591359
13527472	3591487
13527472	6144414
13527475	12223254
13527476	13736307
13527478	13524700
13527478	13526562
13527478	13526571
13527478	13527289
13527478	13527323
13527478	13527333
13527478	13529397
13527478	13542773
13527479	11720467
13527479	13511036
13527480	59198
13527480	2150193
13527480	2152298
13527480	3175842
13527480	5854207
13527480	8861960
13527480	9636977
13527481	11348
13527481	59198
13527481	2150193
13527481	2152298
13527481	8861960
13527481	9636977
13527482	59198
13527482	2150193
13527482	2152298
13527482	3175842
13527482	5854207
13527482	8861960
13527482	9636977
13527483	11348
13527483	59198
13527483	2150193
13527483	2152298
13527483	8861960
13527483	9636977
13527484	59198
13527484	2150193
13527484	2152298
13527484	3175842
13527484	5854207
13527484	8861960
13527484	9636977
13527484	13565114
13527485	11348
13527485	59198
13527485	2150193
13527485	2152298
13527485	8861960
13527485	9636977
13527486	13526520
13527487	13526520
13527490	11720467
13527490	13511036
13527491	13524700
13527491	13526562
13527491	13526571
13527491	13527289
13527491	13527333
13527491	13529397
13527491	13542773
13527492	13438267
13527493	7934932
13527494	13524700
13527494	13526562
13527494	13526571
13527494	13527289
13527494	13527333
13527494	13529397
13527494	13542773
13527495	887511
13527495	1346747
13527495	1351628
13527495	3802808
13527496	11720467
13527496	13511036
13527498	4983078
13527498	4983133
13527498	11071581
13527499	987282
13527500	11134096
13527500	13550683
13527500	13554079
13527501	12003945
13527501	12003948
13527502	11720467
13527502	13511036
13527503	12074000
13527503	13563345
13527503	13564543
13527504	12074018
13527505	13485717
13527506	13481471
13527507	13481471
13527508	11622517
13527509	2960454
13527509	3859393
13527509	3859394
13527509	12073973
13527509	12075813
13527509	12962903
13527510	4329212
13527510	13528026
13527510	13528128
13527511	13481471
13527512	13481471
13527513	13424249
13527514	13424249
13527515	13424135
13527516	3859393
13527517	13424135
13527518	12339158
13527519	11992048
13527520	10694624
13527521	11975273
13527522	2960454
13527522	3859391
13527522	3859392
13527522	12073973
13527522	12962903
13527523	3859391
13527524	7114126
13527525	3859391
13527526	2552853
13527527	456709
13527528	12074018
13527529	456709
13527530	2891067
13527531	2648064
13527532	12675392
13527532	12675393
13527533	12675399
13527533	12675400
13527534	12675401
13527535	5927089
13527536	13214971
13527537	2220330
13527538	3912660
13527539	5155175
13527540	2253881
13527541	2253881
13527542	3312695
13527543	11020070
13527543	11033916
13527544	11020070
13527544	11033916
13527545	3731180
13527545	10712855
13527545	12110702
13527546	3259544
13527546	3259545
13527547	13724005
13527548	3375543
13527549	1996411
13527554	4729734
13527554	13530035
13527555	13527556
13527556	13527555
13527556	13670015
13527556	13670016
13527556	13670018
13527556	13670019
13527556	13670020
13527556	13670021
13527556	13670022
13527556	13670023
13527556	13670025
13527556	13670026
13527556	13670027
13527556	13670028
13527557	6473232
13527558	457403
13527558	13533234
13527559	6473232
13527560	12966397
13527561	12507004
13527562	7840027
13527563	13430668
13527564	12344150
13527565	11952704
13527566	11694475
13527566	13537388
13527566	13537391
13527566	13537392
13527567	6892215
13527568	504623
13527569	4591081
13527570	12966396
13527570	13304830
13527570	13537401
13527570	13537402
13527570	13537403
13527571	15736
13527571	325713
13527571	747137
13527571	1072542
13527571	1880085
13527571	1910785
13527571	2052928
13527571	13533229
13527572	485243
13527573	485243
13527574	7478077
13527575	6892214
13527576	1334932
13527577	12154076
13527578	5545304
13527578	13527615
13527579	12110973
13527580	1891025
13527580	1892428
13527580	4486460
13527580	10288304
13527580	10332316
13527580	12822414
13527580	13533224
13527581	11516478
13527582	4910637
13527583	10112845
13527584	9199479
13527585	6319357
13527586	7705139
13527586	13533210
13527586	13533212
13527587	6820773
13527587	13533202
13527587	13533206
13527588	4062937
13527589	13235507
13527590	506948
13527591	12390103
13527592	10178936
13527592	13527614
13527593	10178936
13527593	13527613
13527594	8119371
13527595	1479166
13527596	11946926
13527596	11946927
13527596	13533200
13527597	11946926
13527597	11946927
13527597	13533198
13527598	11946931
13527598	11946932
13527598	13533196
13527599	11946931
13527599	11946932
13527599	13533195
13527600	329695
13527601	13441208
13527601	13533191
13527601	13533194
13527602	13441207
13527602	13533187
13527602	13533189
13527603	13441207
13527603	13533181
13527603	13533182
13527604	13441205
13527604	13533180
13527605	13441190
13527605	13533173
13527606	13441219
13527606	13533170
13527607	13441235
13527607	13533161
13527608	13441235
13527608	13533162
13527609	13441235
13527609	13533165
13527610	13441235
13527610	13533160
13527611	2153650
13527611	13441236
13527611	13533159
13527612	13415330
13527612	13441106
13527612	13441249
13527612	13533156
13527612	13533158
13527613	13527593
13527614	13527592
13527615	13527578
13527616	13415330
13527616	13441106
13527616	13441249
13527616	13533148
13527616	13533150
13527617	13527318
13527617	13527319
13527618	13441422
13527618	13533140
13527618	13533141
13527619	13441460
13527619	13533127
13527620	13441467
13527620	13533123
13527621	13441469
13527621	13528075
13527621	13528282
13527621	13533121
13527622	7781926
13527622	13526403
13527622	13528995
13527623	11250988
13527623	13526403
13527624	13441471
13527624	13533120
13527625	13526338
13527625	13527627
13527626	13526336
13527626	13527628
13527627	13527625
13527627	13533117
13527628	13527626
13527628	13533115
13527629	13526335
13527630	5150241
13527630	13526323
13527631	5589045
13527631	13526323
13527632	7837048
13527632	7837049
13527632	13526309
13527633	13526304
13527633	13527645
13527633	13527647
13527634	13390088
13527634	13525390
13527634	13527648
13527634	13527650
13527634	13527652
13527635	13390086
13527635	13525389
13527635	13527649
13527635	13527653
13527635	13527654
13527636	8827095
13527636	8827097
13527636	13525380
13527637	13214377
13527637	13525280
13527638	2630040
13527638	13525280
13527639	13524606
13527639	13527658
13527640	6611730
13527640	12869122
13527640	13524603
13527641	13524602
13527641	13527659
13527641	13704552
13527641	13704553
13527643	8815327
13527643	13524598
13527643	13527661
13527643	13533053
13527643	13533056
13527643	13704448
13527643	13771915
13527644	13524597
13527644	13527664
13527644	13527687
13527645	13527633
13527645	13533096
13527647	13527633
13527647	13533108
13527648	13527634
13527649	13527635
13527649	13533061
13527650	13527634
13527651	3710100
13527651	3710101
13527651	13524440
13527651	13527666
13527651	13527667
13527652	13527634
13527652	13533074
13527653	13527635
13527653	13533062
13527654	13527635
13527654	13533051
13527655	6316058
13527655	13524424
13527656	8685413
13527657	10601473
13527657	13524426
13527658	1488190
13527658	13527639
13527658	13533047
13527658	13533048
13527659	13527641
13527659	13533043
13527659	13727041
13527659	13727042
13527660	4980303
13527660	13524307
13527661	13527643
13527661	13533033
13527662	389277
13527663	13524278
13527663	13527668
13527663	13527671
13527664	13527644
13527664	13533017
13527665	13524273
13527665	13527670
13527665	13527672
13527666	13527651
13527667	13527651
13527667	13533028
13527668	13527663
13527668	13533025
13527669	4196617
13527669	13523430
13527670	13527665
13527670	13533021
13527671	13527663
13527671	13533024
13527672	13527665
13527672	13533020
13527673	2063363
13527673	13522919
13527674	1347422
13527675	9241280
13527676	8849862
13527677	12133913
13527677	13520947
13527678	3867787
13527678	3868270
13527679	2874713
13527680	1519858
13527681	9240947
13527682	7910583
13527683	6167972
13527684	6167622
13527685	710360
13527686	11040303
13527687	13527644
13527687	13533015
13527688	9279934
13527689	65991
13527690	46459
13527690	363374
13527690	497525
13527690	8841120
13527690	13441501
13527690	13532998
13527690	13533006
13527691	13441502
13527691	13532997
13527692	13441503
13527692	13532993
13527692	13532995
13527693	12228311
13527694	71663
13527695	13441504
13527695	13532990
13527696	13441505
13527696	13532988
13527697	13441509
13527697	13532985
13527698	10504467
13527699	13441529
13527699	13532982
13527699	13532983
13527699	13532984
13527700	3486985
13527701	13441553
13527701	13532980
13527702	8788362
13527703	13442008
13527703	13532973
13527703	13532976
13527703	13532978
13527704	7371428
13527705	6577805
13527705	7219996
13527706	12076561
13527706	13557558
13527707	5729827
13527708	5410385
13527709	12864781
13527710	11804929
13527711	10196158
13527712	7371429
13527713	7209563
13527713	7266291
13527714	7237619
13527715	13442037
13527715	13532970
13527716	7205475
13527717	13442037
13527717	13532968
13527718	7183295
13527719	13136820
13527720	13442039
13527721	13442039
13527721	13532966
13527721	13532967
13527722	11892214
13527723	13442041
13527723	13532961
13527724	7183366
13527725	2990964
13527726	13442046
13527726	13532960
13527727	12958552
13527728	13442046
13527728	13532957
13527729	10215001
13527729	10215009
13527729	10215012
13527729	10215016
13527729	13543215
13527729	13543216
13527729	13543217
13527730	17000
13527730	549372
13527730	637113
13527730	637115
13527730	13532646
13527731	17000
13527731	637110
13527731	637113
13527731	637115
13527731	13532644
13527732	2012445
13527732	2087330
13527732	8834165
13527732	9009755
13527732	13532623
13527732	13532626
13527732	13532629
13527732	13532630
13527732	13532636
13527732	13532640
13527733	2012445
13527733	13532603
13527733	13532606
13527733	13532615
13527734	12681769
13527734	13532496
13527734	13532500
13527734	13532505
13527735	12738219
13527736	11974049
13527737	11734772
13527738	11772700
13527739	11772700
13527740	13049013
13527740	13050166
13527740	13050554
13527740	13050556
13527740	13532484
13527741	13532476
13527741	13532478
13527742	5938484
13527743	9889069
13527743	13528198
13527743	13528199
13527743	13530042
13527744	11159999
13527744	13528200
13527745	11159999
13527746	13532369
13527747	4936191
13527748	4936191
13527749	4936191
13527750	6777258
13527751	11929157
13527752	10690588
13527753	11444614
13527753	13532349
13527754	5939859
13527755	4282321
13527756	2276558
13527756	3541819
13527756	5370067
13527756	8943296
13527756	8949884
13527756	11151466
13527756	13532328
13527757	11979614
13527757	13532311
13527757	13532313
13527758	718864
13527758	8063716
13527758	13532308
13527758	13532310
13527759	11649398
13527759	13532303
13527759	13532305
13527759	13532309
13527760	8977330
13527761	7205909
13527762	11994983
13527763	11212804
13527764	10196157
13527765	6874130
13527765	6874131
13527766	5935073
13527767	12078233
13527768	11744087
13527769	8657765
13527770	239585
13527782	13657142
13527789	13573537
13527790	13675251
13527798	13752999
13527799	1693577
13527800	9622320
13527804	8415793
13527807	2990132
13527809	12876783
13527810	6143173
13527812	4058789
13527813	11758287
13527815	11461347
13527817	11744142
13527818	11994711
13527819	1516900
13527823	12296449
13527826	8527151
13527827	8527151
13527828	12094759
13527829	13155495
13527830	10977312
13527831	12908077
13527832	11075893
13527833	9668274
13527834	9366676
13527835	9169869
13527836	8826269
13527837	13782261
13527838	8818363
13527839	8397940
13527844	13087957
13527846	13087956
13527846	13087958
13527847	13530682
13527848	10885896
13527848	13530675
13527851	10367579
13527852	10367579
13527853	10367579
13527854	12575578
13527855	12575578
13527856	12575578
13527860	6328950
13527860	13530686
13527860	13530691
13527862	13527868
13527865	11608214
13527866	11608214
13527866	13528976
13527868	13527862
13527870	6265683
13527872	7152753
13527881	9109809
13527889	8191505
13527889	8457918
13527889	8457920
13527889	8629987
13527889	13203999
13527889	13490988
13527889	13490989
13527889	13490990
13527893	13511036
13527895	10913346
13527895	10913364
13527902	5828735
13527904	13270754
13527906	10719770
13527906	11552358
13527907	10078409
13527909	13679998
13527910	8510439
13527910	11732632
13527915	5707100
13527919	13691337
13527920	13680005
13527921	4037062
13527927	13426343
13527928	13426341
13527929	13426329
13527930	13427334
13527931	13426352
13527932	13440250
13527933	13437829
13527934	13437827
13527935	13437808
13527936	13428107
13527937	13507065
13527938	13507064
13527938	13529161
13527939	5768120
13527940	4901345
13527941	5182530
13527942	13520763
13527942	13534607
13527942	13534609
13527943	13520763
13527943	13534607
13527943	13534609
13527944	10566535
13527944	13527976
13527952	13529822
13527953	8917971
13527956	5261847
13527970	6985644
13527971	1241132
13527972	13580613
13527972	13657996
13527973	12093910
13527973	13527985
13527973	13531311
13527974	13580630
13527974	13580634
13527976	10566535
13527976	13527944
13527977	13527996
13527977	13527998
13527978	13528000
13527979	13528002
13527980	6976638
13527983	13530698
13527983	13530699
13527983	13530700
13527983	13552604
13527985	12093910
13527985	13527973
13527985	13531311
13527986	967156
13527990	13421247
13527994	13529780
13527996	13527977
13527998	13527977
13528000	13527978
13528001	1743538
13528002	13527979
13528007	10832439
13528009	12755322
13528010	13546573
13528013	13591670
13528018	13523580
13528018	13824975
13528019	13413101
13528026	13527510
13528027	2111462
13528027	2111463
13528027	2251080
13528027	2251242
13528027	2612634
13528027	13607489
13528027	13627327
13528028	2422826
13528028	4514083
13528028	5516159
13528029	13510736
13528030	3821650
13528030	6395860
13528030	7369643
13528030	9095363
13528030	9095365
13528030	12724120
13528031	8998272
13528031	9669082
13528031	13510603
13528031	13510605
13528032	7540885
13528032	13528033
13528033	7540885
13528033	7610014
13528033	13528032
13528034	8823651
13528035	6738036
13528036	10124933
13528036	13528037
13528037	10124933
13528037	13528036
13528038	12601886
13528038	12601893
13528038	13706464
13528039	13507088
13528039	13529089
13528040	5850259
13528040	13016906
13528041	12386594
13528041	13528042
13528041	13614797
13528042	12386594
13528042	13528041
13528043	13465107
13528044	13528045
13528045	13528044
13528046	8596841
13528046	8598590
13528047	6348449
13528048	6348449
13528049	6348449
13528050	6348449
13528051	13528052
13528052	13528051
13528053	10138546
13528054	13528055
13528055	13528054
13528056	13528057
13528057	13528056
13528058	13507087
13528058	13529091
13528059	13507087
13528059	13529091
13528060	13507085
13528060	13529092
13528061	13507085
13528061	13529092
13528062	13528063
13528063	13528062
13528064	5193357
13528064	5194562
13528064	5194674
13528064	6111053
13528064	6111648
13528064	8269860
13528064	8990667
13528065	5193357
13528065	5194564
13528065	8269863
13528065	8990667
13528065	11935936
13528066	13507080
13528066	13529123
13528067	13507080
13528067	13529123
13528068	2725494
13528068	7636866
13528069	12169920
13528070	1695481
13528071	6931590
13528072	3171148
13528073	8718077
13528074	773892
13528075	13527621
13528075	13528282
13528075	13542763
13528076	13525280
13528077	13525280
13528079	13522919
13528080	13522919
13528081	13522919
13528082	13522919
13528083	13522919
13528084	13522919
13528085	13522919
13528086	13522919
13528087	13522919
13528088	13522919
13528089	13522919
13528090	13522919
13528091	13524597
13528092	13526304
13528093	13526304
13528094	13526335
13528095	13525379
13528096	13525389
13528097	13525389
13528098	13525389
13528099	13525389
13528100	13525377
13528101	13525377
13528102	13525377
13528103	13525377
13528104	13524634
13528105	13524627
13528106	13524627
13528107	13524622
13528108	13524462
13528109	13524466
13528110	13524466
13528111	13524450
13528112	13524307
13528113	13524307
13528114	13524309
13528115	13524304
13528115	13530695
13528116	13524304
13528116	13530695
13528117	13524283
13528118	13524283
13528119	13524307
13528120	13522528
13528121	13520819
13528121	13521462
13528122	13520786
13528123	13520786
13528124	13520673
13528125	13520673
13528126	7356054
13528127	3457166
13528128	13527510
13528129	16313
13528130	13528131
13528130	13528132
13528130	13528133
13528131	13528130
13528132	13528130
13528133	13528130
13528134	12829663
13528134	13529158
13528134	13529160
13528135	617510
13528136	12538040
13528136	13529152
13528136	13529153
13528136	13529154
13528136	13529156
13528136	13529157
13528136	13538855
13528137	8952598
13528137	13514240
13528138	12933887
13528138	12938070
13528138	13529144
13528138	13538851
13528139	823703
13528140	7361674
13528140	13015496
13528140	13529141
13528140	13529142
13528141	823703
13528143	12833713
13528143	13529138
13528143	13529139
13528143	13538848
13528143	13813806
13528144	10800145
13528145	10800145
13528146	1777642
13528146	12807092
13528146	13529125
13528146	13529126
13528146	13538842
13528146	13538844
13528148	7531774
13528152	6120095
13528154	13536259
13528154	13536261
13528154	13536263
13528155	12808301
13528155	13529119
13528155	13529122
13528155	13538836
13528158	4931462
13528161	11700993
13528177	4523958
13528178	19460
13528179	6955175
13528180	372795
13528181	4480011
13528182	13528185
13528182	13528186
13528183	13528184
13528183	13528185
13528184	13528183
13528185	13528182
13528185	13528183
13528186	13528182
13528187	13416562
13528188	13416561
13528189	13401548
13528190	13394772
13528191	13390503
13528192	13386076
13528193	11707998
13528194	11707998
13528195	2603061
13528196	6710316
13528197	2602786
13528198	13527743
13528199	13527743
13528200	13527744
13528201	1152943
13528201	13528204
13528202	2371221
13528203	2371214
13528204	1152943
13528204	1765219
13528204	1765220
13528204	2721077
13528204	13528201
13528204	13529116
13528205	5051473
13528206	10979435
13528207	10979435
13528208	10979437
13528209	11676318
13528210	371686
13528211	7387504
13528211	8322930
13528211	8322932
13528212	419560
13528213	8322931
13528213	13644486
13528214	11861959
13528215	11861959
13528216	11676320
13528217	11861960
13528218	11676321
13528219	11676321
13528220	11676320
13528221	11676322
13528222	11676322
13528223	11676323
13528224	669324
13528225	11676323
13528226	2044703
13528227	11676324
13528228	11676324
13528229	11676326
13528230	1849383
13528231	11676326
13528232	3722376
13528232	5700331
13528233	11676327
13528234	11676329
13528235	11676329
13528236	11676329
13528237	11676329
13528238	11676329
13528239	11676329
13528240	11676330
13528241	11676330
13528242	11676330
13528242	13528994
13528243	12881217
13528243	13529109
13528243	13529112
13528244	13159972
13528244	13529101
13528245	13210227
13528245	13529093
13528246	6009312
13528247	7274537
13528248	11772598
13528249	11572210
13528250	372507
13528251	11676332
13528252	1554999
13528253	1554999
13528254	3736209
13528255	11676332
13528255	13528992
13528256	3417502
13528257	11676334
13528258	6679798
13528259	8539923
13528260	8539925
13528261	8539925
13528262	8539927
13528263	12825372
13528264	6981747
13528265	8539929
13528266	13528278
13528266	13528303
13528267	7484135
13528268	7484135
13528269	11849282
13528270	7484136
13528271	7484136
13528272	7484136
13528273	7484136
13528274	13528275
13528274	13528302
13528275	13528274
13528275	13528394
13528276	7484136
13528277	13528279
13528278	13528266
13528278	13528303
13528278	13528391
13528278	13550616
13528279	13528277
13528279	13531601
13528280	7484136
13528281	7484137
13528281	13528294
13528281	13528790
13528281	13528806
13528281	13528809
13528281	13528810
13528282	13527621
13528282	13528075
13528282	13528851
13528282	13528852
13528282	13529364
13528282	13538544
13528282	13542763
13528283	7893604
13528284	7484230
13528285	598721
13528285	4031349
13528285	5755925
13528285	8743182
13528285	8743183
13528285	8743185
13528285	10794090
13528285	13528399
13528285	13528402
13528285	13538507
13528285	13542762
13528286	827395
13528287	6923004
13528288	13529363
13528288	13538068
13528288	13538498
13528288	13538499
13528289	6621553
13528290	11297368
13528291	10553168
13528291	13528991
13528291	13531599
13528291	13538830
13528292	728209
13528293	5252723
13528293	5678070
13528293	5678071
13528293	13528990
13528293	13538496
13528294	468419
13528294	8342992
13528294	13528281
13528294	13559862
13528295	11296106
13528296	556851
13528296	2062209
13528296	2078672
13528296	3682111
13528296	13528988
13528296	13529358
13528296	13529359
13528296	13529361
13528296	13542728
13528297	649377
13528298	10763627
13528298	13528478
13528298	13550613
13528299	11627176
13528299	11627185
13528299	11627452
13528299	13303562
13528299	13528986
13528299	13528987
13528299	13529356
13528299	13538481
13528299	13542725
13528300	347495
13528300	559700
13528300	1613071
13528300	13528985
13528300	13529355
13528300	13538475
13528300	13542607
13528301	8477641
13528301	11958039
13528302	13528274
13528302	13528394
13528303	13528266
13528303	13528278
13528303	13528391
13528303	13550616
13528304	2605762
13528304	11283817
13528305	11321037
13528306	8896557
13528306	13528475
13528307	12833758
13528307	13528470
13528308	5736241
13528308	5997264
13528308	5997265
13528308	13529087
13528308	13529088
13528308	13542597
13528309	11300598
13528309	13528469
13528310	6412555
13528310	13529082
13528310	13529083
13528310	13529086
13528310	13542596
13528311	11742599
13528311	11742600
13528311	13529075
13528311	13529077
13528311	13529078
13528311	13529079
13528311	13538448
13528311	13538453
13528312	1123571
13528312	13529070
13528312	13540917
13528312	13540918
13528313	5418254
13528313	13529061
13528313	13538424
13528314	11289011
13528315	2282847
13528315	5222214
13528315	5222952
13528315	13529055
13528315	13529056
13528315	13529057
13528315	13529058
13528315	13538416
13528316	13113331
13528316	13529054
13528316	13538410
13528317	13528320
13528317	13528335
13528318	11960783
13528319	11332107
13528319	13528468
13528320	13528317
13528321	9243780
13528322	13528328
13528322	13528334
13528323	12388494
13528323	12448404
13528323	13529053
13528323	13538405
13528324	7236711
13528324	13529051
13528324	13529052
13528324	13540916
13528325	11843556
13528325	13529047
13528325	13529048
13528325	13529049
13528325	13538403
13528325	13540732
13528326	11318085
13528326	13528444
13528326	13528445
13528326	13528446
13528326	13528453
13528326	13528454
13528327	13275419
13528327	13276906
13528327	13276907
13528327	13529044
13528327	13529045
13528327	13529224
13528327	13529225
13528327	13538396
13528327	13538397
13528327	13540720
13528328	13528322
13528329	9473226
13528330	9084449
13528331	11425158
13528331	13775350
13528331	13775351
13528332	9185066
13528333	7217060
13528334	13528322
13528335	13528317
13528336	11286018
13528337	11438271
13528338	13528339
13528338	13528344
13528339	13528338
13528340	9074637
13528340	13635676
13528341	11398389
13528342	11730268
13528343	9229110
13528343	13528388
13528344	13528338
13528345	11730268
13528346	9229110
13528346	13528387
13528347	7384556
13528347	13528586
13528347	13528607
13528348	9231804
13528349	9231804
13528350	11642456
13528350	13528447
13528351	11278915
13528351	12436642
13528352	10327879
13528352	13529349
13528352	13529350
13528352	13529351
13528352	13529352
13528352	13529353
13528352	13529354
13528352	13531596
13528352	13538063
13528352	13538402
13528352	13540915
13528353	272849
13528354	11950366
13528354	13528383
13528354	13528385
13528355	11950366
13528355	13528384
13528355	13528385
13528356	11238663
13528356	13528381
13528357	2973706
13528358	12128254
13528358	13528382
13528359	2973706
13528360	9643017
13528360	13528443
13528361	2327339
13528362	4801204
13528363	13527240
13528363	13531129
13528364	10328823
13528365	3086987
13528366	7713072
13528367	7210742
13528369	13505690
13528370	2382828
13528370	2382927
13528370	3754525
13528370	5030237
13528370	13529342
13528370	13529344
13528370	13529345
13528370	13529346
13528370	13529347
13528370	13529348
13528370	13538062
13528370	13540730
13528371	10895312
13528371	10895313
13528371	10895317
13528372	2494244
13528373	3817662
13528374	7993777
13528374	13713066
13528375	12786763
13528375	13635674
13528376	9640153
13528377	9086308
13528377	13529337
13528377	13529338
13528377	13529339
13528377	13538059
13528377	13538060
13528377	13538401
13528377	13540728
13528378	12786763
13528378	13635671
13528379	6804915
13528379	13647944
13528380	8814240
13528381	13528356
13528381	13531122
13528381	13531123
13528382	13528358
13528382	13531117
13528383	13528354
13528383	13531103
13528383	13582054
13528384	13528355
13528384	13531108
13528385	13528354
13528385	13528355
13528385	13531089
13528385	13582053
13528385	13582054
13528386	7386779
13528387	13528346
13528387	13531068
13528387	13531072
13528388	13528343
13528388	13531059
13528388	13531062
13528389	11399854
13528390	7494814
13528391	13528278
13528391	13528303
13528391	13531042
13528391	13531048
13528391	13550639
13528392	9064086
13528393	9571027
13528394	13528275
13528394	13528302
13528394	13531037
13528395	7122029
13528395	13528465
13528396	13525308
13528396	13531023
13528397	13525308
13528397	13531016
13528398	11457116
13528398	12608662
13528398	12608663
13528399	8741422
13528399	10794090
13528399	13079161
13528399	13528285
13528399	13530996
13528400	2726540
13528401	11330800
13528402	8741422
13528402	10794090
13528402	13079161
13528402	13528285
13528403	11437095
13528405	11192764
13528405	13528463
13528406	12355690
13528406	12355691
13528407	7042688
13528409	12381827
13528410	9398647
13528410	13528426
13528412	9156073
13528414	8142155
13528415	12389881
13528415	12389929
13528415	13586925
13528416	13528418
13528418	13528416
13528418	13528441
13528418	13528980
13528418	13528981
13528418	13550614
13528420	12774242
13528421	12420055
13528422	12420054
13528423	11939921
13528424	8121326
13528425	13522528
13528425	13613517
13528426	13528410
13528426	13530993
13528427	7683175
13528428	13520819
13528428	13613515
13528429	9212273
13528429	13528433
13528430	13522528
13528430	13528432
13528431	11306142
13528431	13528461
13528432	13522528
13528432	13528430
13528433	13528429
13528433	13530982
13528436	407574
13528436	2248407
13528436	13528449
13528437	10590865
13528439	9244962
13528440	11086161
13528441	13528418
13528441	13530956
13528441	13530971
13528441	13530977
13528441	13550614
13528441	13550688
13528441	13550689
13528441	13550690
13528441	13550692
13528442	10677094
13528443	13528360
13528443	13530947
13528444	13528326
13528444	13530881
13528444	13530883
13528445	13528326
13528445	13530885
13528446	13528326
13528446	13530881
13528446	13530883
13528446	13530916
13528447	13528350
13528447	13530938
13528449	13528436
13528450	407574
13528450	2248407
13528450	13528451
13528451	13528450
13528452	7050197
13528453	13528326
13528453	13530900
13528453	13530902
13528454	13528326
13528454	13530876
13528455	2218017
13528455	4962155
13528455	13530871
13528456	12607607
13528457	11550634
13528457	13528460
13528457	13530868
13528458	2768653
13528460	13528457
13528461	13528431
13528461	13530861
13528462	8993634
13528463	13528405
13528463	13528467
13528463	13530860
13528464	8212633
13528465	13528395
13528465	13530856
13528466	5109573
13528467	13528463
13528468	13528319
13528468	13530849
13528469	13528309
13528469	13528471
13528469	13530848
13528470	13528307
13528470	13528472
13528470	13530845
13528471	13528469
13528472	13528470
13528473	13528474
13528474	13528473
13528475	13528306
13528475	13530840
13528475	13530842
13528477	2943344
13528478	13528298
13528478	13528488
13528478	13528490
13528478	13530817
13528478	13530825
13528480	12435523
13528481	1306429
13528483	13528485
13528484	12475082
13528485	13528483
13528487	12475043
13528488	13528478
13528490	13528478
13528490	13528979
13528490	13550613
13528491	10476991
13528491	13530814
13528492	10476990
13528492	13530809
13528493	13528503
13528494	10477006
13528494	13530806
13528495	12522138
13528496	12508228
13528497	13525320
13528497	13530786
13528497	13530791
13528497	13530796
13528498	12554134
13528499	11974687
13528500	3555378
13528501	13525318
13528501	13530780
13528502	11962439
13528503	13528493
13528504	4225952
13528506	1905354
13528507	2326392
13528509	13525284
13528509	13528514
13528509	13530773
13528510	4844856
13528511	1566616
13528512	13525078
13528512	13530768
13528512	13530769
13528513	300791
13528514	13528509
13528515	13525066
13528515	13530356
13528516	13525066
13528516	13530354
13528517	362298
13528518	8244973
13528519	13371588
13528520	2158891
13528521	13371583
13528522	1885928
13528522	2355641
13528523	431138
13528524	1557940
13528526	13528542
13528526	13528545
13528528	12824530
13528529	5256998
13528529	6005492
13528529	13541759
13528531	4495366
13528531	13528553
13528532	6981353
13528533	6005492
13528535	6981353
13528536	6005492
13528537	3732093
13528538	276462
13528539	276462
13528540	7275238
13528541	832671
13528542	12418611
13528542	13528526
13528542	13528545
13528542	13528546
13528542	13528547
13528542	13550612
13528542	13550618
13528543	6005683
13528544	7275238
13528545	13528526
13528545	13528542
13528545	13528546
13528545	13528547
13528545	13550612
13528545	13550629
13528546	12418611
13528546	13528542
13528546	13528545
13528546	13528549
13528546	13530352
13528546	13550618
13528547	12418611
13528547	13528542
13528547	13528545
13528547	13528551
13528547	13530353
13528547	13550618
13528548	2255948
13528549	13528546
13528551	13528547
13528552	12197506
13528553	4790400
13528553	13528531
13528553	13528560
13528555	1659028
13528556	1659028
13528558	351985
13528559	4495366
13528559	7074195
13528559	12418611
13528559	12418613
13528559	13530350
13528560	4495366
13528560	12418612
13528560	13528553
13528560	13530347
13528561	12111540
13528562	8886906
13528563	8886906
13528564	4495366
13528565	4495366
13528566	12116270
13528567	12116270
13528568	12114064
13528569	12114064
13528570	9960344
13528572	719693
13528573	1740017
13528574	13528577
13528574	13528578
13528574	13530346
13528575	13530342
13528576	1787804
13528577	13528574
13528577	13612649
13528578	13528574
13528579	12114070
13528580	12129557
13528584	526948
13528585	5489475
13528586	13528347
13528587	11683562
13528589	5773753
13528590	11683562
13528591	11683562
13528592	11683562
13528593	13528594
13528593	13528600
13528593	13528608
13528594	13528593
13528595	11624160
13528596	13528603
13528597	462480
13528598	462480
13528599	11624160
13528600	13528593
13528601	751776
13528602	12014208
13528603	13528596
13528604	6541964
13528605	11619744
13528606	11619744
13528607	13528347
13528608	13528593
13528609	2602851
13528610	4834143
13528611	10573961
13528612	12644888
13528613	13528618
13528613	13528625
13528614	7981864
13528615	1815379
13528615	12392431
13528615	12392501
13528616	616348
13528617	3116533
13528618	13528613
13528618	13528625
13528618	13528629
13528618	13528630
13528618	13550609
13528619	4071238
13528620	11896549
13528621	11896549
13528622	5280292
13528623	6485904
13528624	360962
13528625	13528613
13528625	13528618
13528625	13528629
13528625	13528630
13528625	13550609
13528626	11504987
13528627	10586679
13528628	11752376
13528629	13528618
13528629	13528625
13528630	13528618
13528630	13528625
13528631	10599141
13528632	12012384
13528633	393922
13528634	393922
13528635	1888624
13528636	11245518
13528637	11897972
13528638	12054996
13528639	11671570
13528640	4819203
13528641	6306720
13528642	4790184
13528643	5961833
13528644	6320851
13528645	7981904
13528646	13528651
13528646	13528652
13528646	13550606
13528647	13528649
13528647	13528650
13528648	983729
13528649	13528647
13528650	13528647
13528651	13528646
13528652	13528646
13528653	13528655
13528653	13528658
13528654	1815379
13528654	12392501
13528654	13528813
13528655	13528653
13528656	11651865
13528657	11528584
13528658	13528653
13528659	13459135
13528660	13459135
13528661	418928
13528662	11528074
13528663	13528665
13528663	13528667
13528664	7802463
13528665	13528663
13528666	10896921
13528667	13528663
13528668	13217502
13528669	11692293
13528670	11990467
13528671	1886584
13528671	1993803
13528671	13528811
13528671	13530336
13528672	10717123
13528673	10231090
13528674	13528675
13528674	13528676
13528675	13528674
13528676	13528674
13528676	13528720
13528677	11250077
13528678	11723296
13528679	11723296
13528680	3053632
13528681	13528682
13528681	13528683
13528682	13528681
13528683	13528681
13528683	13528719
13528684	11616140
13528685	11671660
13528686	13528687
13528686	13528689
13528687	13528686
13528688	1597537
13528689	13528686
13528689	13528718
13528690	13528695
13528690	13528696
13528690	13528697
13528690	13528698
13528690	13528699
13528690	13528700
13528690	13528705
13528690	13528706
13528690	13528708
13528690	13528709
13528690	13528710
13528690	13528713
13528690	13528714
13528690	13528717
13528690	13528722
13528690	13528723
13528690	13528741
13528691	11613447
13528692	1575983
13528693	5817141
13528694	1573416
13528695	13528690
13528696	13528690
13528697	13528690
13528698	13528690
13528699	13528690
13528700	13528690
13528701	11881
13528701	52005
13528701	400019
13528701	438313
13528701	602784
13528701	2647674
13528701	13530331
13528702	10601030
13528702	10601037
13528702	13530330
13528703	2355729
13528703	10601030
13528703	10601034
13528703	13530327
13528704	2355729
13528704	10601044
13528704	10601046
13528704	13530326
13528705	13528690
13528706	13528690
13528707	456205
13528708	13528690
13528709	13528690
13528710	13528690
13528711	12922950
13528712	12922950
13528713	13528690
13528714	13528690
13528715	13528716
13528716	13528715
13528717	13528690
13528718	13528689
13528719	13528683
13528720	13528676
13528722	13528690
13528723	13528690
13528724	4341710
13528725	5961726
13528726	5961726
13528727	10877002
13528728	9968039
13528729	6994425
13528730	13522872
13528731	13528732
13528731	13528733
13528732	13528731
13528732	13531594
13528732	13550603
13528732	13550607
13528732	13550610
13528732	13550632
13528732	13550633
13528732	13550752
13528732	13550754
13528732	13550781
13528732	13550786
13528733	13528731
13528735	13522868
13528735	13526894
13528737	13528738
13528737	13528740
13528738	13528737
13528739	13522795
13528740	13528737
13528741	13528690
13528743	13528744
13528743	13528746
13528744	13528743
13528745	12119314
13528745	13528754
13528746	13528743
13528747	13528753
13528747	13528931
13528747	13528935
13528747	13528939
13528747	13528941
13528747	13528942
13528747	13528943
13528747	13528944
13528747	13528945
13528747	13528950
13528747	13528951
13528747	13528953
13528747	13528957
13528747	13528960
13528747	13528961
13528747	13528964
13528747	13528967
13528747	13528978
13528748	8341745
13528749	11627622
13528749	13530323
13528749	13530325
13528750	12667942
13528751	13526148
13528751	13528793
13528751	13530322
13528752	11736374
13528753	13528747
13528754	13528745
13528755	11064023
13528755	13528757
13528756	11895012
13528756	13529028
13528757	13528755
13528758	11895012
13528758	13529025
13528760	12869056
13528760	13529023
13528762	13527063
13528763	11975789
13528763	13529017
13528763	13529019
13528763	13529020
13528765	13541431
13528767	13541430
13528768	7404899
13528769	7404899
13528770	7404899
13528772	7404899
13528773	3071083
13528773	13528786
13528774	3071083
13528774	13528786
13528775	3071083
13528775	13528786
13528776	3071083
13528776	13528786
13528777	3071083
13528777	13528786
13528778	8419294
13528779	9116187
13528780	7428387
13528780	13528782
13528781	13529181
13528781	13814873
13528782	7428387
13528782	13528780
13528782	13529032
13528782	13529038
13528782	13529040
13528783	7428387
13528784	11231427
13528785	3422277
13528785	4232976
13528785	5707692
13528785	10901055
13528785	13530318
13528786	3071083
13528786	13528773
13528786	13528774
13528786	13528775
13528786	13528776
13528786	13528777
13528787	131606
13528787	293952
13528787	556628
13528787	1878897
13528787	13530317
13528788	131606
13528788	293952
13528788	556628
13528788	1878897
13528788	13530315
13528789	13525068
13528789	13530310
13528789	13530313
13528790	13528281
13528791	8589773
13528791	13529013
13528791	13529014
13528792	8589773
13528792	13529003
13528792	13529006
13528792	13529007
13528793	13528751
13528793	13534744
13528793	13544417
13528794	11066241
13528794	13528999
13528795	12211725
13528795	13528993
13528795	13528997
13528796	13530308
13528798	9096707
13528798	13528984
13528799	11297531
13528800	9096707
13528800	13528983
13528801	11296215
13528802	9926269
13528803	12095918
13528804	8940488
13528804	8940489
13528804	13528971
13528805	12786749
13528805	13528962
13528806	13528281
13528807	13522794
13528808	13522794
13528809	13528281
13528810	13528281
13528811	13528671
13528812	10718369
13528812	13528815
13528813	13528654
13528815	13528812
13528815	13530303
13528816	9185282
13528817	12495538
13528818	11283906
13528819	9323043
13528820	7753938
13528821	11143755
13528822	12786749
13528822	13528958
13528823	11397634
13528824	9591372
13528825	13528829
13528825	13528832
13528826	13522790
13528827	11287863
13528828	9106451
13528829	13528825
13528830	13521399
13528831	13521399
13528832	13528825
13528833	13520304
13528834	13520300
13528835	11280994
13528836	13520299
13528837	13520299
13528838	13528840
13528838	13528842
13528839	13520290
13528839	13528841
13528840	13528838
13528841	13517740
13528841	13517776
13528841	13517777
13528841	13520290
13528841	13524807
13528841	13525344
13528841	13526963
13528841	13528839
13528841	13529476
13528841	13529586
13528841	13529878
13528841	13530661
13528841	13530662
13528841	13530867
13528842	13528838
13528843	11104188
13528844	9514705
13528845	9243838
13528848	9402464
13528849	7761725
13528850	13528854
13528850	13528856
13528851	13528282
13528852	13528282
13528852	13542763
13528852	13555332
13528853	11278867
13528854	13528850
13528855	13526726
13528856	13528850
13528857	13521986
13528857	13521987
13528858	7532826
13528859	13528864
13528859	13528865
13528860	13517788
13528860	13519430
13528861	13515585
13528862	13520213
13528863	13520212
13528864	13528859
13528865	13528859
13528866	9066236
13528867	11360376
13528868	11438383
13528870	13514407
13528870	13514413
13528871	13505811
13528872	13500940
13528873	11445848
13528874	13489505
13528875	9158576
13528876	13517722
13528876	13520003
13528877	11359710
13528878	13518060
13528879	13517788
13528880	9217561
13528881	13517788
13528882	13322288
13528882	13517786
13528882	13519433
13528882	13524559
13528882	13524849
13528882	13525384
13528882	13525385
13528882	13526997
13528882	13529605
13528882	13529889
13528882	13529892
13528882	13530658
13528882	13530896
13528883	12129281
13528884	9101137
13528885	13517739
13528886	12596350
13528886	13528897
13528887	13528893
13528888	9060999
13528888	11125283
13528890	703932
13528890	13517688
13528891	13517688
13528893	13528887
13528895	13517042
13528896	9480273
13528897	13528886
13528897	13555320
13528898	10166462
13528898	13530302
13528899	12250990
13528900	12247160
13528901	13515963
13528902	7530412
13528903	12639639
13528904	13531918
13528905	13530300
13528906	9067082
13528907	11192842
13528908	3733582
13528909	3733582
13528910	13530639
13528910	13530641
13528910	13827599
13528911	13530638
13528912	10900131
13528913	13530635
13528913	13530637
13528913	13827593
13528913	13827595
13528913	13827596
13528914	9132512
13528916	7722509
13528916	7722510
13528916	13784768
13528917	9074728
13528917	9130642
13528917	13528922
13528917	13529027
13528919	9074728
13528919	9130643
13528919	13528922
13528919	13529026
13528921	9074728
13528921	9130643
13528921	13528922
13528921	13529026
13528922	9074728
13528922	9130642
13528922	9130643
13528922	13528917
13528922	13528919
13528922	13528921
13528922	13529026
13528922	13529027
13528924	11440800
13528925	3202301
13528926	9588357
13528927	7063761
13528928	7347522
13528929	7347522
13528930	7347522
13528931	13528747
13528932	12946898
13528933	12946898
13528934	12946898
13528935	13528747
13528936	7137015
13528937	7137015
13528938	7137015
13528939	13528747
13528940	5165754
13528940	5858591
13528940	5860571
13528941	13528747
13528941	13528944
13528941	13528953
13528942	13528747
13528943	13528747
13528944	13528747
13528944	13528941
13528944	13528953
13528945	13528747
13528946	12068245
13528947	3912204
13528948	12946898
13528949	3859246
13528950	13528747
13528951	13528747
13528952	319756
13528953	13528747
13528953	13528941
13528953	13528944
13528954	8175659
13528955	8175659
13528956	5363363
13528956	11232755
13528957	13528747
13528958	13528822
13528959	2013081
13528960	13528747
13528961	13528747
13528962	13528805
13528963	13514564
13528964	13528747
13528964	13556598
13528965	5420274
13528966	13111437
13528967	13528747
13528968	11300766
13528969	13111437
13528970	13137906
13528971	13528804
13528972	13175380
13528973	6579297
13528974	6579297
13528975	3146926
13528976	13527866
13528977	697218
13528978	13528747
13528979	13528490
13528980	13528418
13528981	13528418
13528982	9447519
13528983	13528800
13528984	13528798
13528985	13528300
13528986	13528299
13528987	13528299
13528988	13528296
13528989	7318604
13528989	13635661
13528990	13528293
13528991	13528291
13528992	13528255
13528993	13528795
13528994	13528242
13528995	13527622
13528996	11250989
13528997	13528795
13528998	7042690
13528999	13528794
13529000	2719741
13529001	7347522
13529002	2013674
13529003	13528792
13529004	7347522
13529005	11401913
13529006	13528792
13529007	13528792
13529008	11332311
13529009	11048133
13529010	11202426
13529011	9398749
13529012	13515857
13529013	13528791
13529014	13528791
13529015	13514359
13529015	13529922
13529016	11370916
13529017	13528763
13529018	13514346
13529019	13528763
13529020	13528763
13529021	13514337
13529022	13514227
13529023	13528760
13529024	9156126
13529025	13528758
13529026	13528919
13529026	13528921
13529026	13528922
13529026	13704999
13529026	13705000
13529026	13705002
13529027	13528917
13529027	13528922
13529028	13528756
13529029	8280050
13529030	8121351
13529031	13527059
13529032	13528782
13529033	9311156
13529034	13527055
13529035	7683200
13529036	7428387
13529037	13527048
13529037	13695171
13529038	13528782
13529039	11306238
13529040	13528782
13529041	13529043
13529042	13527038
13529043	13529041
13529044	13275419
13529044	13276906
13529044	13276907
13529044	13528327
13529044	13529045
13529044	13529224
13529045	13275419
13529045	13528327
13529045	13529044
13529046	13527038
13529047	13528325
13529047	13529049
13529048	13528325
13529048	13529049
13529049	13528325
13529049	13529047
13529049	13529048
13529050	13527003
13529051	13528324
13529051	13540916
13529052	13528324
13529052	13540916
13529053	12388494
13529053	13528323
13529054	13528316
13529055	13528315
13529056	13528315
13529057	13528315
13529058	13528315
13529059	13525925
13529060	2282846
13529060	2282847
13529061	13528313
13529062	13512642
13529063	7718383
13529064	7718383
13529065	7718383
13529065	7718389
13529066	13525921
13529067	1015473
13529068	13525921
13529069	13511039
13529069	13531154
13529070	13528312
13529071	11651941
13529072	12216456
13529073	12018365
13529074	370556
13529075	13528311
13529076	5479496
13529076	7146085
13529076	11398510
13529077	13528311
13529078	11742600
13529078	13528311
13529079	11742600
13529079	13528311
13529080	11636448
13529081	13525815
13529082	13528310
13529082	13542596
13529083	13528310
13529084	7666729
13529085	11208844
13529085	11208849
13529085	13529094
13529085	13529095
13529086	6412555
13529086	13528310
13529087	5997264
13529087	13528308
13529087	13542597
13529088	5997264
13529088	5997265
13529088	13528308
13529088	13542597
13529089	6191049
13529089	6196775
13529089	8619863
13529089	8620668
13529089	13507088
13529089	13507311
13529089	13524989
13529089	13526758
13529089	13528039
13529090	13525812
13529091	7270346
13529091	9756160
13529091	11556760
13529091	13507087
13529091	13507313
13529091	13507314
13529091	13524996
13529091	13526762
13529091	13526763
13529091	13528058
13529091	13528059
13529091	13529688
13529091	13529997
13529091	13530632
13529092	12145830
13529092	12145838
13529092	12145840
13529092	13507085
13529092	13524999
13529092	13525000
13529092	13526764
13529092	13526766
13529092	13528060
13529092	13528061
13529092	13529689
13529092	13529998
13529092	13530630
13529092	13530631
13529092	13531174
13529092	13538054
13529093	13528245
13529094	13529085
13529094	13530299
13529095	13529085
13529095	13530298
13529096	13525809
13529097	13525807
13529098	8983718
13529098	8983719
13529099	11788056
13529100	13530297
13529101	13528244
13529102	8983718
13529102	8983719
13529103	3092440
13529103	5441383
13529103	13530293
13529104	321133
13529105	13525804
13529106	13525803
13529107	11563183
13529108	2491771
13529109	13528243
13529109	13529112
13529110	13525801
13529111	13507087
13529111	13530618
13529111	13530621
13529111	13530623
13529111	13530624
13529111	13538053
13529111	13540724
13529111	13540726
13529112	13528243
13529112	13529109
13529113	13525793
13529114	7125798
13529115	13507084
13529116	13528204
13529117	4689879
13529117	13507083
13529117	13525008
13529117	13525009
13529117	13526769
13529118	10345161
13529119	13528155
13529120	4751223
13529121	13525792
13529122	13528155
13529123	811791
13529123	1150980
13529123	1157376
13529123	1862303
13529123	1875807
13529123	2954433
13529123	7432214
13529123	13507080
13529123	13525010
13529123	13525012
13529123	13526774
13529123	13526775
13529123	13528066
13529123	13528067
13529123	13530605
13529124	9972068
13529125	13528146
13529126	13528146
13529127	10291563
13529128	1777642
13529128	8719394
13529129	1777642
13529129	12807085
13529130	3908953
13529131	3908953
13529132	13286560
13529133	13525791
13529134	1777642
13529134	12807085
13529135	384066
13529136	13525790
13529137	12632928
13529138	12833713
13529138	13528143
13529138	13813806
13529139	12833713
13529139	13528143
13529139	13813806
13529140	1580574
13529141	7361674
13529141	13528140
13529142	7361674
13529142	13528140
13529143	13525789
13529144	12938070
13529144	13528138
13529145	13525788
13529146	11734675
13529147	2940722
13529147	13507079
13529147	13507320
13529147	13507321
13529147	13525015
13529147	13526776
13529148	11866579
13529149	13525787
13529150	5852702
13529150	8952597
13529150	8952598
13529150	9465710
13529150	9465713
13529150	9465959
13529150	13514239
13529150	13514240
13529151	5143745
13529152	13528136
13529152	13529156
13529153	13528136
13529153	13529157
13529154	13528136
13529154	13529157
13529155	677471
13529155	1170194
13529155	13507067
13529155	13525020
13529155	13526779
13529156	13528136
13529156	13529152
13529157	13528136
13529157	13529153
13529157	13529154
13529157	13813275
13529158	13528134
13529159	13525786
13529160	12829663
13529160	13528134
13529160	13529162
13529160	13529169
13529161	8764631
13529161	9757287
13529161	13507064
13529161	13507573
13529161	13507574
13529161	13507575
13529161	13507576
13529161	13525027
13529161	13526788
13529161	13527938
13529161	13529701
13529161	13530014
13529161	13530598
13529161	13531200
13529162	13529160
13529162	13529169
13529163	11428170
13529164	13529168
13529164	13533534
13529165	11428170
13529166	13525785
13529167	11299190
13529168	13529164
13529168	13533534
13529169	12829663
13529169	13529160
13529169	13529162
13529170	11910006
13529171	703194
13529172	12881217
13529173	703194
13529174	703194
13529175	8019631
13529176	434170
13529177	8019631
13529178	8019631
13529179	10681999
13529180	13525278
13529181	13528781
13529182	13525914
13529183	7759319
13529183	12692627
13529183	12692628
13529184	13193010
13529184	13369214
13529184	13525846
13529184	13529189
13529184	13591331
13529184	13599167
13529184	13599181
13529184	13602704
13529184	13602706
13529185	13193010
13529185	13369171
13529185	13369214
13529185	13525846
13529185	13529189
13529185	13591328
13529185	13591331
13529185	13599181
13529185	13602704
13529185	13602706
13529185	13684871
13529186	13193010
13529186	13369214
13529186	13525846
13529186	13529189
13529186	13591328
13529186	13591331
13529186	13599181
13529186	13602704
13529186	13602706
13529187	13465482
13529188	13512510
13529188	13529204
13529188	13529211
13529188	13632821
13529188	13678206
13529188	13678208
13529189	13369171
13529189	13369214
13529189	13529184
13529189	13529185
13529189	13529186
13529189	13591328
13529189	13599181
13529189	13602704
13529189	13602706
13529190	13226885
13529191	13226883
13529192	13485232
13529192	13512510
13529192	13526359
13529192	13529198
13529192	13529201
13529192	13529203
13529192	13529212
13529192	13605414
13529192	13678206
13529192	13678208
13529193	10346517
13529195	3033484
13529196	8804448
13529196	13529199
13529197	8804448
13529197	13529199
13529198	13485232
13529198	13526359
13529198	13529192
13529198	13529203
13529199	8804448
13529199	13529196
13529199	13529197
13529200	13525401
13529200	13561011
13529201	13529192
13529201	13529212
13529201	13530291
13529202	11171338
13529202	13541425
13529203	13529192
13529203	13529198
13529203	13530290
13529204	13529188
13529204	13529211
13529204	13530289
13529205	13526318
13529205	13526421
13529205	13526424
13529205	13526425
13529205	13529210
13529206	11018118
13529207	6425996
13529207	7375364
13529208	6425996
13529208	7375364
13529209	6425996
13529209	7375364
13529210	13526421
13529210	13526424
13529210	13526425
13529210	13529205
13529210	13530288
13529211	13512510
13529211	13529188
13529211	13529204
13529212	13512510
13529212	13529192
13529212	13529201
13529213	12256098
13529214	7376349
13529215	6427093
13529215	7377156
13529216	6421299
13529217	6421299
13529218	6421299
13529219	6421299
13529220	7375644
13529221	7375525
13529221	7377302
13529222	7375525
13529222	7377302
13529223	10268738
13529224	13275419
13529224	13276906
13529224	13276907
13529224	13528327
13529224	13529044
13529224	13529225
13529224	13538396
13529224	13538397
13529224	13540720
13529225	13528327
13529225	13529224
13529226	12530504
13529226	13542881
13529227	1123221
13529227	13530285
13529228	13192922
13529228	13531523
13529229	7378113
13529230	7378113
13529231	7378113
13529232	7378113
13529233	13530281
13529234	12389616
13529234	13530570
13529234	13530575
13529240	13411289
13529240	13530573
13529241	13411289
13529241	13530391
13529242	13411289
13529242	13530312
13529243	12780732
13529243	13529247
13529243	13529251
13529243	13529252
13529244	1590021
13529244	13121445
13529244	13530387
13529245	1590021
13529245	13530311
13529245	13530387
13529246	1590021
13529246	13121445
13529246	13530311
13529247	13529243
13529248	1606556
13529248	10821892
13529249	12875189
13529250	13407403
13529250	13407404
13529251	13529243
13529252	13529243
13529253	6932320
13529254	11026236
13529254	13530385
13529255	10924126
13529255	13530309
13529256	11389010
13529257	6932320
13529258	6151427
13529258	13529265
13529258	13733372
13529258	13733373
13529259	7451132
13529259	7451133
13529260	7935352
13529260	10161887
13529260	13530386
13529261	9826875
13529262	13369048
13529263	13369048
13529264	10079671
13529265	6151427
13529265	13529258
13529266	9959725
13529266	13542883
13529267	9014883
13529268	9959648
13529269	10919081
13529269	10919082
13529271	9935359
13529272	9849871
13529272	13146036
13529272	13375661
13529273	13529276
13529274	9156357
13529274	13530306
13529274	13530307
13529275	10919081
13529276	13529273
13529277	9156028
13529277	13542885
13529278	9155985
13529279	9136102
13529279	13103642
13529280	10919081
13529281	9136102
13529281	13103642
13529283	9120580
13529283	13542888
13529284	9145258
13529285	8405004
13529285	8405005
13529285	8405006
13529286	8985676
13529287	8985445
13529287	13530301
13529288	8985398
13529288	8985399
13529288	13530294
13529288	13530295
13529288	13530296
13529289	10680898
13529289	13529290
13529289	13529293
13529289	13529294
13529289	13550601
13529290	10680898
13529290	10680899
13529290	10680900
13529290	13529289
13529290	13550601
13529290	13550730
13529292	10680898
13529292	10680900
13529293	13529289
13529293	13550601
13529293	13550730
13529294	13529289
13529294	13550601
13529294	13550732
13529295	1780568
13529296	1780568
13529297	1780568
13529299	6600997
13529299	13586058
13529300	6600997
13529300	13586059
13529301	8980668
13529301	13146010
13529303	8980646
13529303	13530292
13529305	13367064
13529306	8980645
13529306	13530292
13529308	5792146
13529309	10144849
13529310	8980644
13529310	13542890
13529311	6411149
13529312	11999507
13529313	12205107
13529314	7378543
13529316	6425190
13529317	6425190
13529318	8886304
13529319	12582428
13529321	6415224
13529322	6415224
13529323	6998674
13529323	13531590
13529323	13550596
13529323	13550600
13529324	6415224
13529325	6415224
13529326	6425134
13529327	6425134
13529328	6425134
13529329	6425134
13529330	6425134
13529331	7271853
13529331	7271854
13529331	13802208
13529331	13802210
13529332	7271853
13529332	7271854
13529333	7271853
13529333	7271854
13529335	10011440
13529336	6977111
13529337	13528377
13529338	13528377
13529339	13528377
13529340	8570886
13529340	8570887
13529340	8570889
13529340	8570891
13529341	4944081
13529342	13528370
13529343	12533334
13529344	13528370
13529345	13528370
13529346	13528370
13529347	13528370
13529348	13528370
13529349	13528352
13529350	13528352
13529351	13528352
13529352	13528352
13529353	13528352
13529354	13528352
13529355	13528300
13529355	13542607
13529356	13528299
13529356	13542725
13529357	6963922
13529357	6963923
13529358	13528296
13529358	13542728
13529359	13528296
13529359	13542728
13529360	6963922
13529360	6963923
13529361	13528296
13529362	8886241
13529362	8886242
13529362	13111543
13529363	13528288
13529363	13538068
13529364	13528282
13529364	13542763
13529365	9091051
13529365	9091052
13529366	9091051
13529366	9091052
13529367	13526843
13529367	13803922
13529368	13526843
13529369	13526843
13529370	8765356
13529370	13542891
13529371	8766361
13529372	7339746
13529372	7339747
13529373	8755418
13529373	13530287
13529373	13542893
13529374	11021426
13529375	12431600
13529375	12431601
13529375	13529504
13529375	13529505
13529375	13550593
13529375	13554970
13529376	12431600
13529376	12431601
13529377	8751776
13529378	13285519
13529378	13285520
13529379	8728260
13529379	13530283
13529379	13530284
13529380	8688083
13529381	13526827
13529382	13526827
13529383	3670423
13529384	9548956
13529385	8687785
13529385	13530282
13529386	10921332
13529387	13526566
13529388	8676363
13529389	8672004
13529389	13530280
13529390	7546376
13529391	7546376
13529392	2525636
13529393	7412923
13529394	2340311
13529395	13526564
13529396	2340311
13529397	13524700
13529397	13526562
13529397	13526571
13529397	13526640
13529397	13526882
13529397	13527289
13529397	13527323
13529397	13527333
13529397	13527478
13529397	13527491
13529397	13527494
13529397	13542773
13529398	13526547
13529399	13526542
13529400	3578398
13529401	13526542
13529402	11581974
13529403	13526540
13529403	13542787
13529403	13542901
13529404	4615484
13529405	13526540
13529405	13542787
13529405	13542901
13529406	13526540
13529406	13542787
13529406	13542901
13529407	7302071
13529408	13526540
13529408	13542787
13529408	13542901
13529409	13526540
13529409	13542787
13529409	13542901
13529410	13529506
13529410	13529507
13529410	13550590
13529410	13550591
13529410	13562957
13529411	13526540
13529411	13542787
13529411	13542901
13529412	3797790
13529412	7726689
13529412	13531586
13529412	13550589
13529413	13526538
13529413	13542782
13529413	13544294
13529414	5012556
13529415	13522868
13529415	13526894
13529416	13522868
13529416	13526894
13529417	13522868
13529417	13526895
13529417	13538074
13529418	5407804
13529418	13522787
13529418	13529912
13529419	6794245
13529420	13522778
13529421	7413457
13529422	13521444
13529422	13526910
13529423	13521444
13529423	13526910
13529424	13521064
13529425	9636890
13529426	11997320
13529427	11997320
13529428	8672004
13529428	13542896
13529429	9636890
13529430	11997320
13529431	13520306
13529432	12681884
13529432	13529491
13529432	13548631
13529432	13563074
13529433	12681884
13529434	8649354
13529435	6814541
13529436	6419027
13529437	6424345
13529438	6424345
13529439	2991667
13529440	7375106
13529441	8625249
13529442	11766038
13529443	6423282
13529444	6423282
13529445	5943802
13529446	2642989
13529447	2642989
13529448	11545046
13529449	6662351
13529450	11545046
13529451	8303935
13529451	13542897
13529452	11545046
13529453	8303816
13529453	13217435
13529453	13259279
13529454	8303699
13529454	13530275
13529454	13542895
13529455	315549
13529455	13339648
13529456	4123619
13529456	13529508
13529456	13529509
13529456	13529534
13529456	13529536
13529456	13548633
13529457	13122243
13529457	13529522
13529457	13548634
13529458	3863923
13529458	13529510
13529458	13529511
13529458	13529512
13529458	13529513
13529458	13529535
13529458	13548637
13529458	13549052
13529459	13520304
13529460	8303659
13529462	13520302
13529463	8303658
13529464	8303295
13529464	8303298
13529464	13530269
13529464	13530270
13529464	13530272
13529465	8566704
13529466	8566704
13529467	315548
13529468	315548
13529469	13520301
13529470	13520300
13529471	13520298
13529471	13520299
13529472	13520293
13529472	13520294
13529473	13520293
13529473	13520294
13529475	13520292
13529476	13520290
13529476	13528841
13529477	13520289
13529478	13520288
13529479	6423771
13529479	7380609
13529480	6423771
13529480	7380609
13529481	8294948
13529481	13530262
13529481	13530266
13529481	13530267
13529482	8211117
13529482	13530260
13529482	13530261
13529483	8716228
13529484	8194435
13529485	7522832
13529485	8132467
13529486	7951489
13529486	13530247
13529487	7951478
13529488	7936326
13529489	7936328
13529489	13530246
13529490	297798
13529491	13529432
13529492	9592573
13529493	13517788
13529494	13517788
13529495	9328639
13529496	11296780
13529503	7528158
13529504	13529375
13529504	13530277
13529505	13529375
13529506	11846498
13529506	13529410
13529507	11846498
13529507	13529410
13529507	13530276
13529508	4123619
13529508	13529456
13529508	13530249
13529508	13549060
13529509	13529456
13529509	13549060
13529510	3822246
13529510	3860289
13529510	3863923
13529510	5909927
13529510	13529458
13529510	13530273
13529511	3860289
13529511	3863923
13529511	5909927
13529511	13529458
13529511	13530274
13529512	3860289
13529512	3863923
13529512	5909927
13529512	13529458
13529513	3860289
13529513	3863923
13529513	5909927
13529513	13529458
13529513	13530271
13529514	4132512
13529514	12408073
13529514	12422547
13529514	12422549
13529514	13530263
13529515	3822246
13529515	4132512
13529515	12408073
13529515	12422547
13529515	12422549
13529515	13530268
13529516	4132512
13529516	12422547
13529517	4132512
13529517	12422547
13529517	13530258
13529519	11935646
13529519	11949250
13529519	13530253
13529521	258818
13529522	13529457
13529522	13530257
13529529	914861
13529529	13530254
13529529	13530256
13529530	13529531
13529531	13529530
13529532	2644384
13529532	11935646
13529532	13530250
13529534	4123619
13529534	13529456
13529534	13549060
13529535	3863923
13529535	13529458
13529536	13529456
13529536	13530248
13529536	13549060
13529539	8300792
13529540	8300794
13529541	5698933
13529542	6533342
13529543	10914781
13529544	10444404
13529544	13530245
13529545	10444404
13529545	13530244
13529549	3096072
13529549	4140393
13529549	4140394
13529549	6156163
13529549	11952969
13529551	9799775
13529551	12421123
13529551	13530233
13529552	9799775
13529552	12421123
13529552	13530234
13529553	9799775
13529553	13530236
13529554	9799775
13529554	13530238
13529555	9799775
13529555	13530239
13529556	9799775
13529556	13530240
13529557	9799775
13529557	13530241
13529558	9799775
13529558	13530229
13529559	13523428
13529560	8186212
13529561	13522894
13529562	13522893
13529563	13522883
13529564	13522881
13529564	13582076
13529565	13522873
13529566	13522872
13529567	13522872
13529568	13522872
13529569	13522872
13529570	13522870
13529571	13522870
13529572	13522869
13529573	13522868
13529573	13526894
13529574	13522868
13529574	13526894
13529575	13522795
13529576	13522794
13529577	13522794
13529578	13522790
13529579	13522782
13529581	13522782
13529582	13521444
13529582	13526910
13529583	13521064
13529584	13520304
13529585	13520299
13529586	13520290
13529586	13528841
13529587	13520213
13529588	13520212
13529589	2621379
13529590	13517722
13529590	13520003
13529591	13517722
13529591	13520003
13529597	13518060
13529600	13517794
13529600	13576332
13529600	13576420
13529602	13517788
13529604	13517786
13529605	13517786
13529605	13528882
13529607	13517739
13529608	13517739
13529609	13517736
13529610	13517734
13529611	13517734
13529612	4666222
13529612	8725114
13529613	13517725
13529614	13517691
13529623	13517688
13529624	13517688
13529625	13517686
13529625	13527032
13529626	13517549
13529626	13524879
13529626	13529903
13529626	13530952
13529628	13517046
13529629	13517046
13529630	13517042
13529631	13517042
13529633	13517039
13529635	13517039
13529636	13517039
13529637	13517038
13529638	13517036
13529639	9668280
13529640	9668280
13529641	13517032
13529642	13515964
13529643	13515963
13529644	13515959
13529645	13515945
13529646	13515944
13529647	13515858
13529647	13581733
13529648	13515857
13529649	13515857
13529650	13515837
13529652	13515828
13529654	13514359
13529654	13529922
13529655	333371
13529655	13530225
13529656	333371
13529656	13530223
13529657	698693
13529657	700804
13529657	10113951
13529657	13530218
13529657	13530221
13529658	944799
13529658	944860
13529658	944931
13529658	13530207
13529660	13514355
13529661	13514346
13529662	13514337
13529663	13514337
13529664	13514233
13529665	13514227
13529666	13514222
13529667	13514220
13529668	13514209
13529669	7347100
13529669	13530216
13529670	13514209
13529671	13512858
13529672	13512693
13529673	13155148
13529673	13531119
13529674	9033970
13529674	13530214
13529675	13512642
13529676	13511976
13529677	13512858
13529678	13512858
13529679	13511045
13529680	13511043
13529681	944931
13529681	13530206
13529682	13511039
13529682	13531154
13529683	13430973
13529683	13530204
13529684	13510997
13529685	13509789
13529685	13526752
13529686	13507090
13529687	13507088
13529688	13507087
13529688	13529091
13529689	13507085
13529689	13529092
13529690	13530202
13529691	13507084
13529692	13507083
13529693	11990326
13529693	11990328
13529693	11990336
13529693	11990356
13529693	13530191
13529694	13507080
13529695	13507080
13529696	13507079
13529697	13507070
13529698	13507068
13529699	13507067
13529700	13507065
13529700	13507066
13529701	13507064
13529701	13529161
13529702	13506460
13529703	13505711
13529712	12968349
13529712	13530242
13529712	13530243
13529713	12970925
13529713	13530237
13529713	13823293
13529714	4233272
13529715	13258802
13529716	13199139
13529717	13226460
13529718	5427899
13529719	936381
13529719	13434966
13529720	4091521
13529721	13242417
13529722	12969110
13529723	12981516
13529724	13138091
13529725	13185022
13529726	13218668
13529728	7287371
13529729	12968167
13529731	6379192
13529732	13529733
13529733	13529732
13529734	13221487
13529735	3294592
13529737	13529738
13529738	13529737
13529739	13153410
13529742	2850513
13529744	988365
13529745	13185337
13529748	12710510
13529752	4561352
13529755	13005957
13529756	5651781
13529757	5142352
13529758	4956755
13529758	13530235
13529759	4713044
13529760	13159935
13529761	13523630
13529762	13512494
13529763	13196510
13529764	13255611
13529765	13521896
13529766	13212862
13529767	13235774
13529768	13228557
13529769	13515774
13529770	5879190
13529771	4616281
13529772	4616281
13529773	13253267
13529773	13530230
13529773	13530231
13529773	13530232
13529773	13819781
13529774	13505667
13529775	13504625
13529776	13262875
13529777	13503210
13529778	4141969
13529779	13003713
13529780	13527994
13529781	13254793
13529784	9513855
13529784	13535106
13529784	13535107
13529785	13217180
13529787	13239881
13529788	11134172
13529789	13196995
13529790	3292870
13529791	4048143
13529792	11002048
13529793	13164487
13529794	3134996
13529795	13208903
13529796	4995726
13529797	13165934
13529798	2848421
13529799	13255286
13529800	13201532
13529801	13216310
13529802	13201366
13529803	13525527
13529804	13221556
13529805	12710512
13529808	13201571
13529809	13216327
13529813	13201378
13529814	13525565
13529815	13222313
13529816	12710527
13529817	13262135
13529818	13515762
13529819	6025513
13529820	1055935
13529821	13211921
13529822	13527952
13529823	4786881
13529824	13255294
13529825	13504679
13529826	13178706
13529827	13261455
13529828	13425823
13529828	13633144
13529828	13633147
13529829	916522
13529830	13228663
13529831	2876610
13529832	13522894
13529833	13262898
13529834	2829668
13529835	4274766
13529836	13522893
13529837	13201365
13529838	12970095
13529839	13522883
13529840	13522881
13529840	13582076
13529841	1066248
13529842	13522873
13529843	13005426
13529844	13512712
13529845	13522872
13529846	13238846
13529847	13522872
13529848	13522872
13529849	13251087
13529850	13522872
13529851	13522872
13529852	13522872
13529853	13522870
13529854	13522870
13529855	13522869
13529856	13522868
13529856	13526894
13529857	13522868
13529857	13526894
13529858	13522868
13529858	13526895
13529858	13538074
13529859	13522795
13529860	13522795
13529861	13522794
13529862	13522794
13529863	13522794
13529864	13522794
13529865	13522790
13529866	13233299
13529867	13233299
13529868	13522782
13529869	13233299
13529870	13521444
13529870	13526910
13529871	13521399
13529872	4388450
13529872	7644622
13529872	11657543
13529872	11657545
13529872	13111639
13529872	13530802
13529872	13533531
13529872	13533532
13529872	13550587
13529872	13550800
13529872	13550801
13529873	2135064
13529873	3055530
13529873	13111639
13529873	13537474
13529873	13537477
13529873	13537478
13529874	13111639
13529875	13521064
13529876	13520300
13529877	13520299
13529878	13520290
13529878	13528841
13529879	13520213
13529880	13520212
13529881	12462786
13529881	12462790
13529881	13529882
13529882	12462786
13529882	12462790
13529882	13529881
13529883	13517722
13529883	13520003
13529884	13518060
13529885	13517794
13529885	13576332
13529885	13576420
13529886	13517788
13529887	13517786
13529888	13517786
13529889	13517786
13529889	13528882
13529890	13517786
13529891	13517786
13529892	13517786
13529892	13528882
13529893	13517739
13529894	13517739
13529895	13517739
13529896	13517736
13529897	13517734
13529898	13517725
13529899	13517691
13529900	13517691
13529901	13517688
13529902	13517686
13529902	13527032
13529903	11531428
13529903	13517549
13529903	13517551
13529903	13524879
13529903	13527035
13529903	13529626
13529903	13530952
13529904	13517042
13529905	13517039
13529906	13517038
13529907	13517036
13529908	13517032
13529909	13515963
13529910	13515964
13529911	13515959
13529912	5407804
13529912	13529418
13529912	13731441
13529913	13515944
13529914	13515858
13529914	13581733
13529915	13515857
13529916	13515857
13529917	13515857
13529918	13515837
13529919	13515828
13529920	13529921
13529921	13529920
13529922	3657180
13529922	13514359
13529922	13514603
13529922	13515886
13529922	13524590
13529922	13524908
13529922	13527107
13529922	13527108
13529922	13529015
13529922	13529654
13529923	13514346
13529924	13529925
13529925	13529924
13529926	13529932
13529927	13514337
13529928	13514233
13529929	13529930
13529930	13529929
13529931	3272663
13529931	13799860
13529932	13529926
13529933	1849400
13529934	1849400
13529935	13529936
13529936	13529935
13529937	1984915
13529939	13514227
13529940	13514227
13529941	1460632
13529942	13529943
13529943	13529942
13529944	5318671
13529945	5802151
13529946	1832519
13529947	13529948
13529948	13529947
13529949	13042007
13529950	13514222
13529951	13514220
13529952	10651862
13529953	13529954
13529954	13529953
13529955	13514209
13529956	13529962
13529956	13529992
13529956	13530115
13529956	13779444
13529957	13529958
13529957	13529994
13529957	13530114
13529958	13529957
13529958	13555329
13529958	13555330
13529959	13529961
13529960	13512858
13529961	13529959
13529962	13529956
13529962	13555327
13529962	13555331
13529963	13529964
13529963	13530047
13529963	13530113
13529964	13529963
13529964	13530113
13529964	13555318
13529964	13821523
13529965	13529966
13529965	13530113
13529966	13529965
13529966	13530113
13529966	13530198
13529966	13530201
13529966	13555317
13529966	13821525
13529966	13821526
13529967	13529979
13529967	13530112
13529968	13529980
13529968	13530111
13529969	13529982
13529969	13530109
13529970	7632217
13529970	13530109
13529971	13529984
13529971	13530108
13529972	13529986
13529972	13530108
13529973	13529987
13529973	13530109
13529974	13512642
13529975	13529988
13529975	13530109
13529976	13529989
13529976	13530110
13529977	13529990
13529977	13530110
13529978	13511976
13529979	13529967
13529979	13555316
13529979	13821527
13529980	13529968
13529980	13555314
13529980	13821528
13529980	13821529
13529981	13511045
13529982	13529969
13529982	13555312
13529982	13821532
13529982	13821534
13529983	13511043
13529984	13529971
13529984	13555311
13529984	13821537
13529984	13821541
13529985	13511039
13529985	13531154
13529986	13529972
13529986	13530011
13529986	13555310
13529986	13821544
13529986	13821548
13529987	13529973
13529987	13530009
13529987	13555308
13529987	13821553
13529988	13529975
13529988	13530007
13529988	13555307
13529988	13821557
13529989	13529976
13529989	13530006
13529989	13555305
13529989	13555306
13529989	13821560
13529990	13529977
13529990	13530003
13529990	13555303
13529990	13821561
13529991	13510997
13529992	13529956
13529993	13509789
13529993	13526752
13529994	13529957
13529995	13507090
13529996	13507088
13529997	13507087
13529997	13529091
13529998	13507085
13529998	13529092
13529999	13530001
13530000	13507084
13530001	13529999
13530002	13507083
13530003	13529990
13530004	13507079
13530005	13017595
13530006	13529989
13530007	13529988
13530008	13507068
13530009	13529987
13530010	13507067
13530011	13529986
13530012	13507066
13530013	13507065
13530014	13507064
13530014	13529161
13530014	13575455
13530015	13530017
13530016	13506460
13530017	13530015
13530018	13506460
13530019	13506460
13530020	13505711
13530021	13505711
13530022	13527362
13530023	13505711
13530024	13527362
13530025	13530026
13530026	13530025
13530027	13530029
13530028	13506715
13530029	13530027
13530030	13521777
13530031	13530036
13530032	13451434
13530033	13525511
13530034	13512813
13530034	13530228
13530035	13527554
13530036	13530031
13530037	13512817
13530037	13530224
13530037	13530226
13530038	13515306
13530039	13530041
13530040	13517753
13530041	13530039
13530042	13527743
13530043	13513131
13530044	13523446
13530045	13525509
13530046	13525507
13530047	13529963
13530048	13452593
13530049	13524974
13530050	13517753
13530051	13530052
13530051	13555300
13530051	13821562
13530052	13530051
13530053	11160254
13530054	13530055
13530055	13530054
13530056	13530057
13530057	13530056
13530058	13530059
13530059	13530058
13530060	13530061
13530061	13530060
13530062	13530064
13530063	431215
13530064	13530062
13530065	13530066
13530066	13530065
13530067	11234584
13530068	13530069
13530069	13530068
13530070	13515193
13530071	12976186
13530072	11070637
13530073	12970118
13530074	13525831
13530075	13184283
13530076	13249891
13530077	3134974
13530078	11086668
13530079	13144148
13530080	5400165
13530081	2923710
13530082	13281905
13530083	11232758
13530084	11232758
13530085	8716308
13530085	13530222
13530086	8732010
13530087	2911902
13530087	7482812
13530087	13548574
13530088	247120
13530088	1174883
13530088	13548568
13530089	6045762
13530089	12016899
13530089	13548567
13530089	13582052
13530089	13586045
13530090	5569528
13530091	1441761
13530091	13548562
13530092	7954447
13530092	13548546
13530093	2062163
13530093	13548526
13530094	10687237
13530095	4582227
13530095	13548525
13530096	10311106
13530096	13548524
13530097	1822021
13530097	13548522
13530097	13548523
13530098	1822021
13530099	13192103
13530100	4122860
13530101	13009369
13530102	3624219
13530103	13110190
13530103	13820691
13530104	4046104
13530105	954758
13530106	954758
13530107	954758
13530108	13529971
13530108	13529972
13530109	13529969
13530109	13529970
13530109	13529973
13530109	13529975
13530110	13529976
13530110	13529977
13530111	13529968
13530112	13529967
13530113	13529963
13530113	13529964
13530113	13529965
13530113	13529966
13530113	13530198
13530114	13529957
13530114	13770997
13530114	13770999
13530115	13529956
13530116	13530118
13530117	4773421
13530117	13532259
13530118	13530116
13530119	954759
13530120	11722630
13530121	11722630
13530122	11722630
13530123	5831655
13530124	5831655
13530125	5831655
13530126	5831659
13530127	5831659
13530128	5831661
13530129	5831665
13530130	13530131
13530131	13530130
13530132	5832090
13530133	5832092
13530134	13530158
13530135	5832093
13530136	1024026
13530137	1024026
13530138	1024027
13530139	1024027
13530140	13530147
13530141	13530150
13530142	13530151
13530143	1024028
13530144	13530152
13530145	13530154
13530146	1024029
13530147	13530140
13530147	13555298
13530148	1024030
13530149	1024030
13530150	13530141
13530150	13554629
13530150	13771001
13530151	13530142
13530151	13554628
13530152	13530144
13530152	13554627
13530153	371310
13530154	13530145
13530154	13554626
13530155	4398141
13530156	13530165
13530156	13530186
13530157	13530167
13530157	13530187
13530158	13530134
13530159	13530169
13530159	13530209
13530160	13530171
13530160	13530188
13530161	5817156
13530162	11779267
13530163	13530173
13530163	13530189
13530164	11779267
13530165	13530156
13530165	13554624
13530166	2868276
13530166	11779270
13530167	13530157
13530167	13537902
13530167	13554623
13530168	11779270
13530169	13530159
13530169	13554622
13530170	2243346
13530170	11779271
13530171	13530160
13530171	13554621
13530172	2243346
13530172	11779271
13530173	13530163
13530173	13554620
13530174	2243346
13530174	11779273
13530175	11179164
13530175	11179170
13530176	13530196
13530177	11179164
13530177	11179170
13530178	9867662
13530179	13530180
13530180	13530179
13530180	13530607
13530181	11188673
13530182	11188673
13530183	11235144
13530184	4666625
13530184	11188675
13530185	11283550
13530185	11527925
13530186	13530156
13530186	13530197
13530187	13530157
13530187	13530195
13530188	12797303
13530188	13530160
13530189	12797303
13530189	13530163
13530190	11855216
13530190	13530193
13530191	13529693
13530192	11990359
13530193	13530190
13530194	341393
13530195	13530187
13530195	13730698
13530196	13530176
13530197	13530186
13530197	13730676
13530197	13730677
13530198	13529966
13530198	13530113
13530201	13529966
13530202	13529690
13530204	13529683
13530205	7279622
13530205	7279623
13530206	13529681
13530207	13529658
13530208	11741812
13530209	12786490
13530209	13530159
13530209	13530702
13530210	5407804
13530210	13731441
13530211	11237002
13530212	6211916
13530213	515065
13530214	13529674
13530215	515065
13530216	13529669
13530217	1412741
13530218	13529657
13530219	9799469
13530220	9799469
13530221	13529657
13530222	13530085
13530223	13529656
13530224	13530037
13530225	13529655
13530226	13530037
13530227	12340365
13530228	13530034
13530229	13529558
13530230	13529773
13530231	13529773
13530232	13529773
13530233	13529551
13530234	13529552
13530235	13529758
13530236	13529553
13530237	13529713
13530238	13529554
13530239	13529555
13530240	13529556
13530241	13529557
13530242	13529712
13530243	13529712
13530244	13529545
13530245	13529544
13530246	13529489
13530247	1262620
13530247	13529486
13530248	13529536
13530249	13529508
13530250	13529532
13530251	9306030
13530252	9545398
13530253	13529519
13530254	13529529
13530255	12203187
13530255	13635653
13530255	13635654
13530256	13529529
13530257	13529522
13530258	13529517
13530259	2360024
13530260	13529482
13530261	13529482
13530262	13529481
13530263	13529514
13530264	8371645
13530265	8371645
13530266	13529481
13530267	13529481
13530268	13529515
13530269	13529464
13530270	13529464
13530271	13529513
13530272	13529464
13530273	13529510
13530274	13529511
13530275	13529454
13530275	13623943
13530276	13529507
13530277	13529504
13530278	12431600
13530279	9301074
13530280	9036429
13530280	13529389
13530281	13529233
13530282	13529385
13530283	13529379
13530284	13529379
13530285	13529227
13530286	652337
13530287	13529373
13530288	13529210
13530289	13529204
13530290	13529203
13530291	13529201
13530292	13529303
13530292	13529306
13530293	13529103
13530294	13519500
13530294	13529288
13530295	13519500
13530295	13529288
13530296	13519500
13530296	13529288
13530297	13529100
13530298	13529095
13530299	13529094
13530300	13528905
13530301	13529287
13530302	13528898
13530303	13528815
13530304	5158577
13530305	5158579
13530306	13529274
13530307	13529274
13530308	13528796
13530309	13529255
13530310	13528789
13530311	13529245
13530311	13529246
13530311	13547844
13530311	13547845
13530312	13529242
13530313	13528789
13530314	8326776
13530315	13528788
13530316	10233965
13530317	13528787
13530318	13528785
13530319	7371078
13530320	3603912
13530321	7371078
13530322	13528751
13530323	13528749
13530324	1369995
13530325	13528749
13530326	13528704
13530327	13528703
13530328	1017646
13530328	8751442
13530328	13824379
13530329	4984148
13530330	13528702
13530331	13528701
13530332	6148910
13530333	10152185
13530334	3850376
13530335	13530339
13530335	13747717
13530336	13528671
13530337	5570859
13530338	7128730
13530339	13530335
13530340	13530357
13530341	3615099
13530342	13528575
13530343	13530345
13530344	1386574
13530345	13530343
13530346	13528574
13530347	13528560
13530348	4790400
13530349	4790401
13530350	13528559
13530351	5870923
13530352	13528546
13530353	13528547
13530354	13528516
13530355	3786309
13530356	13528515
13530357	13530340
13530358	13530361
13530361	13530358
13530362	13530371
13530363	13530364
13530364	13530363
13530365	12133065
13530367	13530369
13530368	9640744
13530369	13530367
13530371	13530362
13530372	13530373
13530373	13530372
13530373	13530376
13530374	2737386
13530375	5872827
13530376	13530373
13530377	1895697
13530378	13530382
13530379	13530380
13530380	13530379
13530381	5840009
13530381	5841754
13530382	13530378
13530383	3219941
13530384	13530388
13530385	13529254
13530386	13529260
13530387	13529244
13530387	13529245
13530388	13530384
13530391	13529241
13530392	1089306
13530393	2029524
13530394	5089851
13530395	5089850
13530401	3068172
13530402	7557936
13530402	13834244
13530403	11374026
13530403	13635645
13530403	13635647
13530404	11374026
13530404	13635647
13530405	11374026
13530405	13635645
13530406	11387540
13530406	13635644
13530407	13239435
13530408	7556791
13530408	11428678
13530409	12647246
13530410	9614425
13530410	13635641
13530410	13635643
13530411	12829345
13530412	11982294
13530412	13635636
13530412	13635667
13530413	12877240
13530414	13470906
13530415	12900091
13530416	13001825
13530417	13385705
13530418	13385705
13530419	13235614
13530420	12878932
13530421	2494611
13530422	6423933
13530423	5396493
13530424	5396493
13530425	6425460
13530426	6421541
13530427	6423964
13530428	6423964
13530429	6692786
13530429	8347328
13530430	2830262
13530430	13530697
13530430	13538368
13530430	13540709
13530430	13540716
13530430	13540717
13530431	3393847
13530432	3036707
13530432	3036708
13530432	13043530
13530432	13530696
13530432	13538366
13530433	3036708
13530434	2599262
13530435	6425763
13530436	4617602
13530437	1902431
13530438	11943503
13530439	11943503
13530440	13530442
13530441	7378204
13530442	13530440
13530443	12078595
13530444	7376333
13530445	7376333
13530446	4624288
13530447	7374320
13530448	7374444
13530449	6423639
13530450	6423639
13530451	7381627
13530452	6426366
13530453	6426366
13530454	10553574
13530457	7381466
13530458	6414363
13530460	6414363
13530461	12265608
13530462	12265608
13530463	12265608
13530464	12265608
13530465	12237441
13530466	9174406
13530466	12300349
13530466	12302067
13530466	12302101
13530466	12312741
13530466	12313131
13530466	13531584
13530466	13538350
13530466	13540665
13530466	13552915
13530466	13553165
13530466	13640143
13530467	12237441
13530468	9741521
13530469	1242558
13530469	9741521
13530470	11799680
13530470	13596739
13530470	13596741
13530471	9703786
13530472	9703786
13530473	9392721
13530474	9392721
13530475	7876642
13530476	7876642
13530477	470099
13530478	6273821
13530479	6273821
13530480	5237572
13530481	10603464
13530481	10603468
13530481	13530600
13530481	13538221
13530482	5237572
13530483	1113149
13530484	1113149
13530485	12479809
13530486	12479809
13530487	12479809
13530488	12479809
13530490	10553576
13530491	10232265
13530492	8584465
13530492	13561730
13530493	10232265
13530494	10232265
13530495	10232265
13530496	7121451
13530497	6271275
13530498	6271275
13530499	13166189
13530499	13530690
13530499	13530692
13530499	13538044
13530499	13538046
13530499	13538215
13530500	6233402
13530501	6233402
13530502	12789586
13530503	12789586
13530504	2199863
13530504	5171518
13530504	5595284
13530504	9005777
13530504	13530597
13530505	9738011
13530506	9738011
13530507	11281909
13530508	10683134
13530509	7388433
13530510	7388433
13530511	13500569
13530512	13139895
13530513	12646819
13530514	11995138
13530515	1120802
13530515	11827116
13530516	11963481
13530517	11694057
13530518	11249110
13530519	9648089
13530520	9363621
13530521	9363621
13530522	12539402
13530523	7847074
13530524	8163561
13530525	8163561
13530526	6608045
13530527	6599071
13530528	6599071
13530529	13217320
13530530	13517318
13530531	10670476
13530532	13255076
13530533	13250454
13530534	13512486
13530535	1336304
13530536	12916198
13530537	13254833
13530538	1013491
13530539	2843883
13530540	12037667
13530540	12437327
13530541	13192321
13530542	13201495
13530543	12033445
13530544	13523614
13530545	11477726
13530546	4149785
13530547	4149785
13530548	4149785
13530549	13233506
13530550	12664136
13530551	12664136
13530552	12646813
13530553	12874534
13530554	12874534
13530555	12211759
13530556	11249111
13530557	9986710
13530558	9011656
13530559	9011656
13530560	11306760
13530562	7456265
13530563	3084626
13530564	11136397
13530565	3551604
13530570	13529234
13530572	13517884
13530573	13529240
13530575	13529234
13530576	5403742
13530576	11429699
13530576	13635634
13530578	9683028
13530579	11428209
13530579	13635619
13530580	9683028
13530582	6429676
13530586	6226545
13530586	6226546
13530589	8151564
13530589	13635617
13530590	13530591
13530591	13530590
13530596	4879455
13530597	13530504
13530598	13529161
13530600	13530481
13530603	11179170
13530604	5138094
13530604	13121600
13530605	13529123
13530607	13530180
13530608	11111763
13530612	11376757
13530613	11376757
13530615	11396222
13530615	13635616
13530616	13531633
13530618	13529111
13530619	13530620
13530620	13530619
13530621	13529111
13530623	13529111
13530624	13529111
13530625	6995914
13530626	9214488
13530626	13635614
13530626	13635615
13530629	5941813
13530630	13529092
13530631	13529092
13530632	13529091
13530633	13530634
13530633	13530640
13530633	13530644
13530633	13530645
13530633	13530652
13530633	13530654
13530633	13530669
13530633	13530673
13530633	13530701
13530633	13530725
13530633	13530727
13530633	13530731
13530633	13530736
13530633	13530738
13530633	13530742
13530633	13530743
13530633	13530760
13530634	13530633
13530635	13528913
13530635	13827595
13530636	3686953
13530637	13528913
13530638	13528911
13530638	13530650
13530639	13528910
13530640	13530633
13530641	13528910
13530642	13530643
13530643	13530642
13530644	13530633
13530645	13530633
13530646	13530647
13530647	13530646
13530648	619066
13530649	13530651
13530650	13530638
13530651	13530649
13530652	13530633
13530652	13530742
13530653	6424356
13530654	13530633
13530655	7374651
13530656	7374651
13530657	3742814
13530658	13528882
13530659	7378913
13530660	6428206
13530661	13528841
13530662	13528841
13530663	6416001
13530664	6416001
13530665	10609794
13530666	13530667
13530667	13530666
13530668	6422924
13530669	13530633
13530670	7379538
13530671	3516028
13530671	3517753
13530671	6966652
13530671	8699621
13530672	7379538
13530673	13530633
13530674	4296501
13530674	5667009
13530674	5744661
13530674	5746400
13530674	5778797
13530674	5806635
13530674	5806637
13530674	6781719
13530674	10346634
13530675	13527848
13530676	6823833
13530677	6820881
13530678	3373882
13530679	10323425
13530680	6393114
13530681	7589417
13530682	13527847
13530683	7284487
13530684	5869238
13530684	13530750
13530685	7851038
13530686	13527860
13530687	6034990
13530688	800301
13530688	806418
13530688	1833956
13530690	13530499
13530691	13527860
13530692	13530499
13530693	9226729
13530694	1859973
13530695	13528115
13530695	13528116
13530696	13530432
13530697	13530430
13530698	13527983
13530699	13527983
13530700	13527983
13530701	13530633
13530702	13530209
13530703	7378654
13530704	7378654
13530705	7378654
13530706	7378654
13530707	6423974
13530708	6423974
13530709	6426769
13530711	7203271
13530712	4825439
13530713	2702170
13530714	1674323
13530715	6421101
13530716	1422860
13530717	7376840
13530718	7376840
13530719	7375746
13530720	7375746
13530721	7374484
13530722	13512629
13530723	7375953
13530724	6427769
13530725	13530633
13530726	7374496
13530727	13530633
13530728	6427223
13530729	12235442
13530730	10266685
13530731	13530633
13530731	13530742
13530732	6228891
13530733	6419193
13530734	6424063
13530735	6424063
13530736	13530633
13530737	663640
13530738	13530633
13530739	7376998
13530740	7376998
13530741	7379826
13530742	13530633
13530742	13530652
13530742	13530731
13530742	13530743
13530743	13530633
13530743	13530742
13530744	6417058
13530744	6417285
13530745	6417058
13530745	6417285
13530746	7378341
13530747	7378341
13530748	10351972
13530750	5869238
13530750	13530684
13530751	6426078
13530752	6426078
13530753	2337078
13530753	2337080
13530753	2337418
13530753	2341104
13530753	2555103
13530753	3827779
13530753	3827781
13530753	9516926
13530753	9516927
13530754	5182044
13530755	7382171
13530756	7382171
13530757	7382171
13530758	6422933
13530759	6412530
13530760	13530633
13530761	6425426
13530762	6425426
13530763	1349783
13530764	9678858
13530765	962420
13530766	2337381
13530767	7775998
13530768	13528512
13530769	13528512
13530770	13523428
13530771	3241778
13530772	8634617
13530773	13528509
13530774	1277119
13530775	13522894
13530776	9337335
13530777	13522893
13530778	13522883
13530779	13522881
13530779	13582076
13530780	13528501
13530781	13522873
13530781	13624069
13530782	13522873
13530782	13624069
13530783	13522873
13530783	13624070
13530783	13624071
13530784	13519991
13530785	13522873
13530785	13624070
13530785	13624071
13530786	13528497
13530787	13522872
13530788	13522872
13530791	13528497
13530794	13522872
13530795	13522872
13530796	13528497
13530797	13522872
13530798	7128726
13530799	13522872
13530800	13522872
13530801	13522872
13530802	13529872
13530802	13533531
13530802	13533532
13530802	13550587
13530803	5116068
13530804	13522870
13530805	13522870
13530806	13528494
13530807	11710476
13530808	13522869
13530809	13528492
13530810	13522868
13530810	13526894
13530811	13522868
13530811	13526894
13530812	13522868
13530812	13526894
13530813	13522868
13530813	13526894
13530814	13528491
13530815	11086729
13530816	13369801
13530817	13528478
13530818	9775506
13530819	13522795
13530820	9775506
13530821	13522795
13530822	13522795
13530823	13522794
13530824	13522794
13530825	13528478
13530826	4231341
13530827	13522794
13530828	13522794
13530829	9067979
13530830	13522790
13530831	13522790
13530832	1704184
13530832	1710940
13530833	6357525
13530834	6357525
13530834	6403238
13530834	7018444
13530834	7018445
13530835	13348466
13530836	13522782
13530837	3907716
13530838	13348466
13530839	9480521
13530839	13757055
13530840	13528475
13530841	7282843
13530842	13528475
13530843	13521444
13530843	13526910
13530844	6878956
13530845	13528470
13530846	6961043
13530847	4554456
13530848	13528469
13530849	13528468
13530850	11297750
13530851	12307818
13530851	13611866
13530851	13787506
13530851	13787507
13530852	11296374
13530853	13521064
13530854	9523647
13530855	13520304
13530856	13528465
13530857	10885593
13530858	4675227
13530858	6765411
13530859	13520300
13530860	13354440
13530860	13528463
13530861	13528461
13530862	13060197
13530863	13520299
13530864	7861999
13530865	7861999
13530866	7753969
13530867	13520290
13530867	13528841
13530868	13528457
13530869	10544790
13530870	11309388
13530871	13528455
13530873	3266847
13530874	6291838
13530875	13520212
13530876	13528454
13530877	7928734
13530877	13530886
13530878	7928734
13530879	13517722
13530879	13520003
13530880	13518691
13530881	13528444
13530881	13528446
13530882	11282959
13530882	13690469
13530882	13690613
13530883	13528444
13530883	13528446
13530884	13518060
13530885	13528445
13530886	7493888
13530886	7586046
13530886	7928734
13530886	13530877
13530887	9122794
13530888	5790891
13530889	11068880
13530889	13453174
13530889	13453175
13530890	8970112
13530890	8970119
13530890	13530897
13530891	5141192
13530892	13517788
13530893	3904424
13530893	4005607
13530893	4034377
13530893	4034381
13530893	6632750
13530894	13517786
13530895	8154564
13530896	13517786
13530896	13528882
13530897	13530890
13530898	13517739
13530899	13517739
13530900	13528453
13530901	9243899
13530902	13528453
13530903	12190286
13530904	10634559
13530905	9402570
13530906	9795930
13530906	13530914
13530906	13530915
13530906	13530923
13530907	3954863
13530908	6338756
13530909	3954863
13530910	9056471
13530911	6338756
13530912	13517736
13530913	9056471
13530914	13530906
13530915	9795930
13530915	13530906
13530916	13528446
13530917	5298850
13530918	11318486
13530919	2712766
13530920	9378649
13530921	13517734
13530922	13517734
13530923	13530906
13530924	4665097
13530924	13530927
13530925	4665097
13530925	5266378
13530925	13530927
13530926	4665097
13530926	5266378
13530926	13530927
13530927	4665097
13530927	5266378
13530927	13530924
13530927	13530925
13530927	13530926
13530928	12309077
13530929	12309077
13530930	11997468
13530931	1607897
13530931	10505180
13530932	1607897
13530932	10505180
13530933	13517725
13530934	10505180
13530935	13517725
13530936	12174119
13530937	11393883
13530938	13528447
13530939	13517691
13530940	13517691
13530941	10226140
13530942	12228866
13530943	12000466
13530944	13517688
13530946	13517688
13530947	13528443
13530948	11783036
13530949	13517686
13530949	13527032
13530950	7586484
13530950	13530954
13530951	11783036
13530952	11531428
13530952	13517549
13530952	13517551
13530952	13524879
13530952	13527035
13530952	13529626
13530952	13529903
13530953	11324904
13530953	13530957
13530953	13530959
13530954	13530950
13530955	11286320
13530955	13530972
13530956	13528441
13530957	13530953
13530958	9196353
13530959	13530953
13530960	13517042
13530961	13517042
13530962	13517042
13530963	13517042
13530964	9632203
13530964	13530970
13530965	13527249
13530965	13559311
13530966	12656453
13530967	13517039
13530968	13527248
13530969	13517038
13530970	13530964
13530971	13528441
13530972	13530955
13530973	6116195
13530973	12677479
13530974	13527197
13530975	13517036
13530976	12676576
13530977	13528441
13530978	13517036
13530979	9069985
13530979	13531321
13530980	13517036
13530981	13527194
13530982	13528433
13530983	13517036
13530984	13527189
13530985	13527189
13530986	13527189
13530987	13527188
13530988	12718138
13530988	13649744
13530988	13799884
13530989	13527188
13530990	12714492
13530991	10587114
13530991	10587115
13530991	12702607
13530991	13649743
13530991	13649746
13530992	9217622
13530993	13528426
13530994	11187236
13530995	9452491
13530996	13528399
13530997	12213538
13530998	12760676
13530999	13517032
13531000	7069890
13531000	13635367
13531001	13527178
13531001	13527180
13531002	12808051
13531003	13527176
13531004	7232390
13531004	7232391
13531005	12857895
13531006	13527176
13531007	13515964
13531008	12857377
13531009	13515964
13531010	13527174
13531011	13515963
13531012	13527174
13531013	7399597
13531013	8908119
13531013	13531015
13531013	13623072
13531014	13527174
13531015	7399597
13531015	8908119
13531015	13531013
13531016	13528397
13531017	13527172
13531018	11300796
13531019	7591140
13531019	12688900
13531019	12688901
13531020	13515959
13531021	13515959
13531022	13526407
13531023	13528396
13531024	7673165
13531024	13635365
13531025	3117190
13531025	3123570
13531025	5888087
13531025	8287698
13531025	13531030
13531026	11232279
13531026	12490492
13531027	13515944
13531028	13140409
13531029	13515944
13531030	3117190
13531030	3123570
13531030	5888087
13531030	8287698
13531030	13531025
13531031	13125189
13531032	13515857
13531033	13515857
13531034	13260846
13531035	8656412
13531036	12887942
13531037	13528394
13531038	12887942
13531038	12887946
13531039	13515837
13531040	9517588
13531041	13247661
13531042	13528391
13531043	13515828
13531044	13412112
13531045	11221780
13531046	13514359
13531047	11306758
13531047	13635364
13531048	13528391
13531049	11306758
13531049	13635363
13531049	13635364
13531050	12888598
13531050	13482497
13531050	13531054
13531051	13514355
13531052	13510873
13531053	13514346
13531054	12888598
13531054	13482497
13531054	13531050
13531055	13525969
13531056	250129
13531057	13514337
13531058	13525011
13531059	13528388
13531060	13514233
13531061	6335775
13531062	13528388
13531063	6335775
13531064	13514233
13531065	7998256
13531066	6335775
13531067	6335775
13531068	13528387
13531069	6335775
13531070	13514227
13531071	6335775
13531072	13528387
13531073	6335775
13531074	6335775
13531075	6335775
13531076	13514227
13531077	11676591
13531078	13524668
13531079	6335776
13531080	6335776
13531081	6335776
13531082	13524635
13531083	4950593
13531083	11471165
13531084	6261547
13531085	13524626
13531086	8128191
13531086	8128206
13531087	13514222
13531088	13524623
13531088	13524624
13531088	13524625
13531088	13524626
13531089	13528385
13531090	2408177
13531091	7167830
13531091	7167831
13531091	13531100
13531092	7167830
13531092	7167831
13531092	13531100
13531093	7167830
13531093	7167831
13531093	13531100
13531094	7167830
13531094	7167831
13531094	13531100
13531095	7167830
13531095	7167831
13531095	13531100
13531096	7167830
13531096	7167831
13531096	13531100
13531097	2202618
13531097	12392760
13531098	6541453
13531099	11328099
13531100	7167830
13531100	7167831
13531100	13531091
13531100	13531092
13531100	13531093
13531100	13531094
13531100	13531095
13531100	13531096
13531101	13514220
13531102	8306959
13531103	13528383
13531104	3915917
13531105	1741618
13531106	13514209
13531107	4633089
13531107	11351358
13531108	13528384
13531109	10379379
13531110	13512858
13531111	13512858
13531112	4264696
13531113	4782314
13531114	4782314
13531115	13512693
13531116	4782314
13531117	13528382
13531118	12992426
13531119	13155148
13531119	13512693
13531119	13514551
13531119	13529673
13531120	12293469
13531121	5379041
13531122	13528381
13531123	13528381
13531124	4772106
13531125	2786424
13531126	13512642
13531127	7952605
13531128	1919718
13531129	13528363
13531130	12694883
13531131	11269753
13531132	13082923
13531133	13082923
13531134	9248443
13531135	6527453
13531136	3640853
13531137	13512642
13531138	3001199
13531139	3001199
13531140	9954830
13531141	8817494
13531141	13578148
13531141	13578151
13531141	13578179
13531141	13578187
13531141	13645197
13531142	11233252
13531143	1621902
13531144	11434980
13531144	13531171
13531144	13635355
13531145	13511045
13531145	13597046
13531146	3330694
13531147	2505189
13531148	8991503
13531149	13511043
13531150	13154978
13531151	6900525
13531152	12621300
13531153	1339572
13531154	6761941
13531154	7888080
13531154	7888082
13531154	13511039
13531154	13511753
13531154	13511754
13531154	13511851
13531154	13524964
13531154	13524965
13531154	13526718
13531154	13529069
13531154	13529682
13531154	13529985
13531155	2383563
13531156	1914651
13531157	1914651
13531158	13510997
13531159	3821548
13531160	13509789
13531160	13526752
13531161	6286619
13531162	6286619
13531163	6286619
13531164	833446
13531165	833446
13531166	13531183
13531166	13682423
13531167	13507090
13531168	2141113
13531169	10202083
13531169	13531173
13531170	13507088
13531171	13531144
13531171	13635355
13531172	9123087
13531172	13531186
13531173	13531169
13531174	13507085
13531174	13529092
13531175	4848158
13531176	4848158
13531177	791029
13531178	9198374
13531179	791029
13531180	13507084
13531181	13507084
13531182	1935128
13531182	12648500
13531183	13531166
13531184	12648500
13531185	13507083
13531186	13531172
13531187	11296843
13531188	9563290
13531188	13531201
13531188	13531206
13531189	13507079
13531189	13544160
13531190	4378135
13531191	11420427
13531191	13531196
13531192	13507068
13531192	13544158
13531193	4378137
13531194	9064179
13531194	13531199
13531195	13507067
13531195	13544157
13531196	13531191
13531197	11674866
13531198	13507065
13531198	13507066
13531198	13544155
13531199	13531194
13531200	13507064
13531200	13529161
13531200	13544154
13531201	13531188
13531201	13531204
13531201	13531206
13531202	11331115
13531202	13531209
13531202	13531215
13531202	13531216
13531203	4378138
13531204	13531201
13531204	13531206
13531205	13506460
13531205	13544153
13531206	13531188
13531206	13531201
13531206	13531204
13531207	4378139
13531208	11157906
13531209	13531202
13531209	13531210
13531209	13531213
13531209	13531215
13531209	13531216
13531210	13531209
13531210	13531213
13531211	13505711
13531211	13544152
13531212	13505711
13531212	13544151
13531213	13531209
13531213	13531210
13531214	11341778
13531214	13531219
13531214	13531225
13531214	13531231
13531215	13531202
13531215	13531209
13531216	13531202
13531216	13531209
13531217	5700331
13531218	11111230
13531219	13384187
13531219	13531214
13531219	13531220
13531219	13531221
13531219	13531222
13531219	13531224
13531219	13531225
13531219	13531227
13531219	13531231
13531220	13531219
13531220	13531227
13531221	13531219
13531221	13531227
13531222	13531219
13531222	13531227
13531223	11401773
13531224	13531219
13531224	13531227
13531225	13384187
13531225	13531214
13531225	13531219
13531225	13531231
13531225	13531234
13531226	3797960
13531227	13531219
13531227	13531220
13531227	13531221
13531227	13531222
13531227	13531224
13531228	3797961
13531230	10595716
13531230	13531235
13531231	13531214
13531231	13531219
13531231	13531225
13531232	7722549
13531232	13531246
13531232	13531250
13531233	13522733
13531234	13531225
13531235	13531230
13531236	7042765
13531236	13531315
13531236	13531319
13531237	7936325
13531238	7935860
13531239	13522056
13531240	7935860
13531241	13522056
13531241	13522059
13531242	7935667
13531243	9398885
13531244	13521712
13531245	13521712
13531246	13531232
13531247	7935609
13531248	7935609
13531249	12302255
13531249	13531253
13531250	13531232
13531251	7935558
13531252	7935472
13531253	13531249
13531255	7935452
13531256	7935448
13531256	13532704
13531256	13532705
13531256	13532706
13531257	7935431
13531257	13120744
13531258	9596116
13531258	13531308
13531258	13531309
13531259	13531261
13531259	13531299
13531260	7935432
13531260	13120744
13531261	13531259
13531262	10027865
13531262	13531263
13531262	13531264
13531262	13807527
13531263	13531262
13531264	13531262
13531265	7534894
13531265	13531269
13531265	13531273
13531266	7522832
13531267	9457877
13531267	13531295
13531268	13521008
13531269	13531265
13531270	13521008
13531271	13531272
13531271	13531277
13531272	13531271
13531273	13531265
13531274	3241948
13531274	13532707
13531274	13542903
13531275	13520843
13531276	7683246
13531276	13531282
13531276	13531283
13531276	13531284
13531277	13531271
13531277	13531278
13531278	13531277
13531279	9402126
13531280	11306386
13531280	13531285
13531280	13531292
13531281	8000616
13531281	13542902
13531282	13531276
13531283	13531276
13531284	13531276
13531285	13531280
13531285	13531287
13531285	13531289
13531285	13531290
13531285	13531292
13531286	13531288
13531287	13531285
13531287	13531290
13531288	13531286
13531289	13531285
13531289	13531290
13531290	13531285
13531290	13531287
13531290	13531289
13531291	13520618
13531292	13531280
13531292	13531285
13531293	13520618
13531294	12969425
13531295	13531267
13531296	5410339
13531296	5410340
13531296	12969425
13531297	12969425
13531298	13520134
13531298	13612494
13531299	13531259
13531300	13519500
13531301	13519500
13531302	7746103
13531303	13518992
13531303	13518993
13531304	13447676
13531304	13475528
13531305	13531307
13531306	1179574
13531307	13531305
13531308	13531258
13531308	13531309
13531308	13531310
13531308	13531312
13531308	13531313
13531309	13531258
13531309	13531308
13531310	13531308
13531310	13531312
13531310	13531313
13531311	12093910
13531311	13527973
13531311	13527985
13531312	13531308
13531312	13531310
13531313	13531308
13531313	13531310
13531314	13518771
13531315	13531236
13531315	13531319
13531316	13518708
13531317	13518708
13531318	13518708
13531319	13531236
13531319	13531315
13531320	49733
13531321	13530979
13531322	5374097
13531322	13526434
13531322	13550040
13531322	13591423
13531322	13591424
13531323	13517844
13531324	13517844
13531325	13517844
13531327	13517853
13531328	13518014
13531329	13526381
13531329	13531519
13531330	2967024
13531331	13526380
13531331	13531519
13531331	13555365
13531332	13517833
13531333	13517833
13531334	13531336
13531335	13517833
13531336	13531334
13531339	13517639
13531340	13517639
13531343	13517618
13531346	13516967
13531347	13516873
13531348	13516873
13531349	13516873
13531350	13516869
13531350	13516872
13531351	3722750
13531352	13516871
13531353	13516871
13531354	11724016
13531354	13516870
13531355	5123564
13531356	5123564
13531357	13516542
13531358	7845779
13531359	13516541
13531360	6344187
13531361	1555376
13531362	10720626
13531363	1555376
13531364	13400715
13531365	13400714
13531366	13114192
13531367	9443137
13531367	12468500
13531367	13635356
13531368	13373962
13531368	13707848
13531368	13707849
13531369	13515744
13531369	13515745
13531370	13223001
13531371	13446775
13531371	13515742
13531372	13231129
13531373	394150
13531374	13515741
13531375	11302104
13531376	13515737
13531377	13515737
13531378	1521180
13531379	13461071
13531380	13037246
13531381	13037246
13531382	1838885
13531383	13292194
13531384	13515733
13531385	13515733
13531386	13515732
13531387	13515732
13531388	13515732
13531389	13515730
13531390	4692064
13531391	4692064
13531392	13261337
13531393	6639346
13531394	13515728
13531395	7822164
13531395	8274000
13531396	13446795
13531396	13515728
13531397	2632589
13531398	13373923
13531398	13707847
13531399	13334719
13531400	8817877
13531401	10722540
13531402	13514592
13531403	13514592
13531404	13514592
13531405	13209671
13531406	12941512
13531407	12692007
13531407	12692009
13531408	10140589
13531408	13155128
13531408	13532703
13531408	13538006
13531408	13538008
13531408	13538338
13531409	12545507
13531410	251488
13531411	12695644
13531412	13178965
13531412	13638887
13531413	12655035
13531414	12870460
13531415	5687964
13531415	12888814
13531416	1871799
13531417	1871799
13531418	2508941
13531419	7299734
13531420	7299734
13531421	3201602
13531421	8283987
13531422	8283987
13531423	1580626
13531424	1580626
13531425	11723069
13531426	11745793
13531427	11745793
13531428	13416682
13531429	954761
13531430	954761
13531431	954761
13531432	3434436
13531433	1986799
13531434	9539778
13531435	3434437
13531436	3064627
13531437	8838547
13531437	13531559
13531437	13531561
13531437	13531562
13531438	6207497
13531438	11318328
13531439	255203
13531440	2603128
13531441	11444497
13531441	13531558
13531442	371285
13531443	371285
13531444	8909092
13531444	10455353
13531444	11625204
13531445	12263899
13531445	13531555
13531447	66164
13531447	1854317
13531448	11752173
13531449	12235252
13531449	12235254
13531449	13532702
13531450	12235252
13531450	12235254
13531450	13532701
13531451	4775204
13531451	8585266
13531455	3620786
13531457	7317004
13531458	10073485
13531458	10075846
13531458	10081643
13531458	13531551
13531460	592449
13531462	11752742
13531463	371966
13531465	419583
13531468	378269
13531468	2527455
13531468	9968212
13531468	13197309
13531473	9280900
13531475	12471265
13531476	13277465
13531477	7857157
13531478	13720836
13531478	13720842
13531478	13725987
13531479	5973438
13531479	13130872
13531481	5973383
13531485	6972410
13531486	5973383
13531488	7032780
13531489	1571903
13531490	9307430
13531491	5953758
13531492	5953758
13531493	5881752
13531494	5638887
13531495	3224649
13531495	3224651
13531496	5638887
13531497	2755728
13531498	11676277
13531498	13532700
13531499	2666362
13531500	11676277
13531501	13531618
13531502	8405615
13531503	10857070
13531504	1972722
13531504	8405615
13531505	8405615
13531506	2115380
13531506	13101269
13531506	13542898
13531507	393983
13531508	2115380
13531508	13542899
13531510	11355952
13531511	1899758
13531512	2115351
13531513	13531611
13531514	2604846
13531516	8293253
13531517	8236321
13531517	13531533
13531517	13531534
13531519	13526378
13531519	13526380
13531519	13526381
13531519	13531329
13531519	13531331
13531523	13529228
13531525	2491868
13531527	13531550
13531532	13147566
13531532	13531567
13531532	13531568
13531532	13544430
13531533	13531517
13531534	13531517
13531537	7924966
13531538	7924966
13531539	6943378
13531539	13531546
13531539	13544429
13531539	13602123
13531539	13602172
13531539	13602173
13531539	13602174
13531541	4621034
13531542	2970488
13531542	13668817
13531543	6674988
13531544	6673605
13531545	6996302
13531546	13531539
13531546	13544429
13531547	13531548
13531547	13531549
13531548	13531547
13531549	13531547
13531550	13531527
13531551	13531458
13531552	13531553
13531552	13531557
13531553	13531552
13531553	13531570
13531553	13548630
13531554	7869885
13531555	13531445
13531556	314086
13531557	13531552
13531558	13531441
13531559	13531437
13531561	13531437
13531562	13531437
13531563	7290634
13531563	13245585
13531564	5440890
13531564	13532698
13531565	5366772
13531565	13132676
13531566	13568135
13531566	13658796
13531567	13531532
13531568	13531532
13531569	7436170
13531570	13531553
13531571	13522305
13531571	13832692
13531571	13832700
13531572	13522305
13531574	3961065
13531575	6487163
13531576	919364
13531577	789042
13531578	13522235
13531579	13522235
13531580	13522235
13531581	5714803
13531581	13511997
13531582	13363077
13531583	13227030
13531583	13345344
13531584	13530466
13531584	13538350
13531584	13552915
13531584	13553165
13531584	13640143
13531585	1059654
13531586	13529412
13531587	13522236
13531588	13522236
13531589	13522236
13531590	13529323
13531591	3571694
13531592	13522236
13531593	13522236
13531594	13528732
13531594	13550603
13531594	13550781
13531594	13550786
13531595	13522236
13531596	13528352
13531597	3992305
13531598	13071144
13531599	13528291
13531600	3435330
13531601	13528279
13531602	13527318
13531602	13527319
13531603	13526540
13531603	13542787
13531604	13071118
13531605	13526042
13531605	13526052
13531606	11260339
13531607	13524653
13531607	13526654
13531608	1500300
13531608	12913646
13531609	13070076
13531609	13071100
13531610	2905757
13531611	13531513
13531612	13522794
13531612	13809958
13531613	1618461
13531613	13542900
13531614	13520301
13531614	13520304
13531615	13036528
13531615	13600845
13531616	13520300
13531617	8757550
13531618	13531501
13531619	13517704
13531620	7881607
13531621	3524679
13531622	1224049
13531623	2048410
13531624	1125140
13531625	929188
13531626	13515112
13531626	13515113
13531627	13515025
13531628	1010631
13531629	12561814
13531630	13036522
13531631	10928138
13531632	363059
13531633	7589965
13531633	7779580
13531633	13530616
13531634	11018383
13531635	9150110
13531636	10849905
13531636	13542926
13531637	12096826
13531638	7520681
13531639	10330949
13531640	13036517
13531641	13036516
13531642	10330925
13531644	7984282
13531645	6070325
13531645	13542925
13531647	5973366
13531649	5881811
13531649	13542924
13531651	13036498
13531653	13036497
13531655	10226199
13531656	5272570
13531657	6112246
13531658	58465
13531659	4189694
13531660	4189694
13531661	3841883
13531662	3841883
13531663	1908726
13531664	12996272
13531665	11244093
13531666	11763175
13531667	4044718
13531667	13542922
13531668	4044718
13531668	13542923
13531669	9210167
13531670	6996030
13531671	9163139
13531671	13600837
13531672	12001005
13531673	12001005
13531674	3638022
13531675	9727946
13531676	3638022
13531677	443011
13531678	10025343
13531678	10025345
13531678	10025462
13531678	13531784
13531678	13531849
13531678	13538004
13531678	13538324
13531679	3521671
13531680	3521657
13531681	10033959
13531681	10036333
13531681	13531848
13531681	13538002
13531681	13538322
13531682	861913
13531682	861914
13531682	894314
13531682	911646
13531682	992523
13531682	1476031
13531682	1722488
13531682	1726852
13531682	4577458
13531682	13531847
13531682	13537999
13531682	13540662
13531683	3224653
13531684	1436693
13531684	13531846
13531684	13537998
13531685	3220350
13531686	11182776
13531686	11184022
13531686	13312801
13531686	13531736
13531686	13531845
13531686	13537996
13531686	13538321
13531686	13640154
13531687	2290127
13531687	2305671
13531687	13531844
13531688	1471507
13531688	1471509
13531688	2472504
13531688	13531695
13531688	13531843
13531688	13537995
13531688	13540656
13531689	1140604
13531689	1416870
13531689	13531721
13531689	13531842
13531689	13540652
13531690	9802384
13531691	6561855
13531691	9776626
13531691	9806842
13531691	13531713
13531691	13531841
13531692	10543089
13531692	11570772
13531692	13531711
13531692	13531712
13531692	13531718
13531692	13531719
13531692	13531720
13531692	13531727
13531692	13531731
13531692	13531840
13531692	13533172
13531692	13533175
13531692	13533176
13531692	13533192
13531692	13538238
13531692	13668815
13531692	13668816
13531693	9774266
13531694	11494397
13531695	1471507
13531695	13531688
13531695	13537995
13531696	11494397
13531697	12271039
13531698	9229064
13531699	7804032
13531700	13269650
13531701	11581484
13531702	11787027
13531703	11787027
13531705	13531762
13531705	13603927
13531707	595425
13531708	1579767
13531709	1542903
13531709	13533154
13531710	13531724
13531710	13531729
13531710	13603926
13531711	13531692
13531711	13531718
13531711	13531719
13531711	13531720
13531711	13531731
13531711	13533176
13531711	13533192
13531712	13531692
13531712	13533176
13531712	13533192
13531713	13531691
13531714	10685883
13531717	10535670
13531718	11570772
13531718	13531692
13531718	13531711
13531718	13531727
13531718	13531731
13531718	13532694
13531718	13533176
13531718	13533192
13531719	13531692
13531719	13531711
13531719	13531731
13531719	13533176
13531719	13533192
13531720	13531692
13531720	13531711
13531720	13531731
13531720	13533176
13531720	13533192
13531721	13531689
13531721	13532695
13531722	9307374
13531723	12113011
13531724	13531710
13531725	6378983
13531726	2062058
13531727	11570772
13531727	13531692
13531727	13531718
13531727	13532694
13531727	13533176
13531727	13533192
13531728	13517070
13531729	13531710
13531730	9729696
13531731	13531692
13531731	13531711
13531731	13531718
13531731	13531719
13531731	13531720
13531731	13533176
13531731	13533192
13531732	9163158
13531733	3155766
13531734	9162319
13531735	8301278
13531736	13531686
13531737	3155766
13531738	3155766
13531738	3155767
13531739	13506872
13531741	3265834
13531743	3155769
13531746	9727477
13531746	13532403
13531747	9974408
13531747	13531751
13531748	9974408
13531748	13531751
13531749	9974408
13531749	13531751
13531750	7180905
13531750	13531764
13531751	9974408
13531751	9976770
13531751	12140276
13531751	12140281
13531751	13531747
13531751	13531748
13531751	13531749
13531752	7748387
13531752	13531753
13531753	7748387
13531753	13531752
13531754	6978189
13531754	6978190
13531754	7748387
13531755	9995134
13531757	9995134
13531758	4215816
13531762	13531705
13531763	10289607
13531764	7180905
13531764	13531750
13531765	11445648
13531766	7768097
13531767	12339232
13531767	12339769
13531768	4664404
13531769	12339232
13531770	1026601
13531771	12935664
13531772	1240654
13531772	1240884
13531775	8989139
13531777	281283
13531778	5160520
13531779	13482988
13531780	2203045
13531780	13532691
13531781	4501732
13531782	8529380
13531783	4452960
13531783	5758208
13531783	8361658
13531784	13531678
13531785	3185576
13531786	12098902
13531787	5059040
13531788	6091535
13531789	3320255
13531790	1333013
13531791	5857022
13531791	13605390
13531792	3340232
13531793	4609945
13531794	5158903
13531795	398857
13531796	3690306
13531797	6386892
13531798	8368092
13531799	4036400
13531800	398857
13531801	8940502
13531801	8940504
13531801	8975578
13531802	1336040
13531802	3269783
13531803	1336039
13531803	3269783
13531804	1069923
13531805	9935669
13531806	6411084
13531807	13353389
13531808	2639667
13531809	13421368
13531810	3449026
13531812	2517313
13531813	2517313
13531814	4306237
13531815	10574028
13531816	11104842
13531817	2111523
13531817	3256440
13531817	3256441
13531817	4941757
13531817	4941759
13531817	7349284
13531817	7369919
13531817	7369920
13531817	8363464
13531818	8363462
13531819	2111524
13531819	2950045
13531819	3236124
13531819	3236126
13531819	3236127
13531819	3236129
13531819	4557375
13531819	6463276
13531819	7349285
13531819	8363466
13531819	9941763
13531820	13250630
13531821	7964399
13531821	7965163
13531821	8363671
13531821	8363681
13531822	3329440
13531823	8692892
13531824	804176
13531824	876518
13531824	1144684
13531824	8365158
13531825	2850011
13531826	11090429
13531827	374073
13531827	6316629
13531827	6316741
13531827	10603192
13531828	8441020
13531828	8441230
13531828	8447394
13531829	7966257
13531830	4573398
13531831	11106888
13531832	10605608
13531833	8366724
13531833	8366739
13531834	8366715
13531835	13250264
13531836	13016644
13531837	11106911
13531838	10576616
13531840	13531692
13531841	13531691
13531842	13531689
13531843	13531688
13531844	13531687
13531845	13531686
13531846	13531684
13531847	13531682
13531848	13531681
13531849	13531678
13531851	13531852
13531852	13531851
13531853	13531854
13531854	13531853
13531855	6349900
13531856	10764538
13531857	4269112
13531858	6907829
13531858	13556690
13531859	6418730
13531860	6500012
13531861	8007942
13531862	5975046
13531863	1813925
13531864	7493998
13531865	4700873
13531866	11133340
13531867	5207766
13531868	8691276
13531869	7117748
13531870	6421889
13531871	22109
13531872	6696325
13531873	1127858
13531874	12256352
13531875	12215149
13531876	4226315
13531877	1686445
13531878	792465
13531879	10802892
13531880	3044343
13531881	5796129
13531882	6792428
13531883	9495729
13531883	13618511
13531884	4490900
13531885	10188109
13531886	11996224
13531887	12476878
13531888	8025427
13531889	7665914
13531890	9044039
13531891	4823122
13531892	3014624
13531893	4007412
13531894	6321407
13531895	12980238
13531896	2890151
13531896	13692933
13531897	12476894
13531898	8025439
13531899	7665930
13531900	9044067
13531901	11824993
13531902	4823159
13531903	3014626
13531904	4007422
13531905	12980269
13531906	2890153
13531907	2481899
13531907	13554137
13531907	13554138
13531907	13554139
13531907	13554140
13531907	13554141
13531907	13554142
13531908	13102372
13531909	13125802
13531910	5552167
13531911	8125391
13531912	6380306
13531913	3229011
13531914	4950424
13531915	11726133
13531916	3607497
13531917	11823656
13531917	13585061
13531918	13528904
13531919	12610513
13531919	13603120
13531920	11815447
13531921	5107079
13531922	7217294
13531922	13603082
13531923	5524522
13531924	13042815
13531925	4082867
13531925	13677394
13531926	3039852
13531926	13585036
13531927	6150787
13531928	12136454
13531929	3406208
13531930	12557168
13531931	6684690
13531932	4011217
13531933	9133688
13531934	13531939
13531934	13531940
13531935	10150308
13531937	6932381
13531939	13531934
13531940	13531934
13531941	10951939
13531942	5207575
13531943	70129
13531944	11653909
13531945	70129
13531946	2556633
13531947	4048912
13531948	7862673
13531949	6010887
13531950	3790579
13531951	12586267
13531952	8970074
13531953	13429964
13531954	12098775
13531955	5876963
13531956	5876963
13531957	13311884
13531958	2905792
13531959	10620631
13531960	8766984
13531961	11746165
13531962	8766984
13531963	4324470
13531964	11854332
13531965	11840679
13531966	5462122
13531967	8067350
13531968	5507762
13531969	8570265
13531970	9028356
13531971	11560995
13531972	8176904
13531973	10358975
13531974	11095021
13531975	11852394
13531976	2014211
13531977	4939747
13531978	4435560
13531979	8601616
13531980	11097307
13531981	4610286
13531982	12210713
13531983	10771693
13531984	6366868
13531984	13531999
13531984	13532001
13531985	2498798
13531986	12216637
13531987	2142230
13531988	8574786
13531989	8574786
13531990	4476130
13531990	13531993
13531990	13531998
13531991	5957710
13531992	1929970
13531992	13532002
13531992	13532003
13531993	13531990
13531993	13658795
13531994	2110892
13531994	2433449
13531995	8296033
13531996	5928439
13531997	2326650
13531998	4476130
13531998	13531990
13531999	6366868
13531999	13531984
13532000	7378187
13532001	6264412
13532001	6366868
13532001	13531984
13532002	1929970
13532002	13531992
13532003	1929970
13532003	13531992
13532003	13532039
13532004	12455173
13532005	13532016
13532006	8355908
13532007	13532016
13532008	13532018
13532009	13532020
13532010	800762
13532011	13532021
13532012	13532016
13532013	13532016
13532014	13532023
13532015	13532023
13532016	13074087
13532016	13532005
13532016	13532007
13532016	13532012
13532016	13532013
13532016	13681520
13532016	13775369
13532016	13775370
13532017	11106581
13532018	5034112
13532018	13074087
13532018	13074088
13532018	13532008
13532018	13775365
13532019	276047
13532019	409100
13532019	619879
13532019	1248357
13532019	1365255
13532019	5069174
13532019	5583315
13532019	11106580
13532020	5034112
13532020	13074087
13532020	13074088
13532020	13532009
13532020	13775365
13532021	7068916
13532021	13532011
13532021	13717787
13532021	13717788
13532021	13775364
13532021	13775366
13532022	132843
13532022	300899
13532022	362340
13532022	447626
13532022	637478
13532022	1284395
13532022	5027444
13532022	10605460
13532023	5034112
13532023	5278345
13532023	13074086
13532023	13532014
13532023	13532015
13532024	8511387
13532024	8533739
13532025	13250341
13532025	13547304
13532025	13547305
13532026	9689524
13532026	9689525
13532026	9694224
13532027	13191813
13532028	11936774
13532029	4496002
13532029	13105984
13532029	13545944
13532029	13545945
13532029	13545948
13532030	280689
13532030	426353
13532030	1499521
13532030	11106677
13532031	2238723
13532031	2956112
13532031	7463631
13532031	9749130
13532031	11105121
13532032	6596973
13532033	54822
13532033	941482
13532033	941483
13532033	1519228
13532033	1565859
13532033	1591902
13532033	1592662
13532033	2182985
13532033	4013232
13532033	4311204
13532033	6126391
13532033	6683587
13532033	7555280
13532033	9357718
13532034	11909921
13532035	13250621
13532036	815560
13532036	13250343
13532037	13109194
13532038	4305406
13532039	13532003
13532040	316041
13532040	1183991
13532040	11105404
13532041	4053526
13532042	1567421
13532042	1567440
13532042	1568411
13532042	1569929
13532042	1626915
13532042	1911993
13532042	1918685
13532042	2492242
13532042	2543511
13532042	3540802
13532042	4145228
13532042	8362091
13532042	12315320
13532043	4053526
13532044	11864708
13532044	12639777
13532044	13789542
13532045	5986876
13532045	5989197
13532045	7043376
13532045	7077699
13532046	1533084
13532047	324228
13532047	1340893
13532047	1371234
13532047	13248340
13532048	11112130
13532049	2045880
13532049	2797824
13532049	2806264
13532049	4067572
13532049	6821612
13532049	8296962
13532049	8367206
13532049	12026020
13532050	8406257
13532051	1097337
13532051	1621385
13532051	1621993
13532052	9853744
13532052	9853904
13532052	10123165
13532052	10788122
13532053	306361
13532053	766643
13532053	865898
13532053	7766685
13532053	8149004
13532053	11105305
13532054	32794
13532054	876585
13532054	8364881
13532055	13253065
13532056	13250306
13532057	8453567
13532058	8518916
13532058	11866874
13532058	11866875
13532058	11866876
13532059	13016685
13532060	8404079
13532061	12027185
13532062	12009813
13532063	2327390
13532064	6561484
13532065	7988982
13532066	7988982
13532067	36340
13532068	1666049
13532069	978847
13532069	1288603
13532069	13532071
13532070	322090
13532071	978847
13532071	1288603
13532071	13532069
13532072	9093804
13532073	13282472
13532074	5247818
13532075	7818431
13532076	12010081
13532077	2451116
13532077	2484595
13532077	2712535
13532077	7414042
13532077	8363889
13532077	9020728
13532077	9020757
13532077	9036967
13532078	2327395
13532078	13616396
13532079	8123776
13532080	11940532
13532081	5862586
13532082	6662493
13532082	11104826
13532083	10371939
13532083	13532165
13532084	1194050
13532085	11669203
13532086	292107
13532086	1638223
13532086	2850013
13532086	2944655
13532087	6675083
13532088	8878090
13532089	2697372
13532090	2697372
13532091	6573806
13532092	8299098
13532093	3304061
13532094	6675083
13532094	6785005
13532095	3703292
13532096	10357296
13532097	9670452
13532097	13567817
13532097	13568361
13532097	13568578
13532098	10326148
13532099	854587
13532100	8854287
13532100	13535326
13532100	13535328
13532100	13535329
13532101	8437704
13532102	11106651
13532103	1054121
13532104	10201308
13532105	11100834
13532105	13533050
13532105	13533054
13532106	11217264
13532106	13532178
13532106	13532179
13532107	1067139
13532107	8378470
13532108	13441395
13532108	13633747
13532109	1533057
13532110	11581631
13532111	11715598
13532112	585977
13532113	11215288
13532113	13532175
13532114	3687803
13532115	1116669
13532116	11248244
13532117	10230952
13532118	5131515
13532119	10082572
13532120	2365453
13532120	2365455
13532120	4670685
13532120	9142968
13532120	10252916
13532121	12853430
13532122	12853431
13532123	13232806
13532124	497631
13532125	497631
13532126	13474647
13532127	624054
13532128	4480018
13532129	12009608
13532130	1572066
13532131	11676811
13532132	10082547
13532133	10082547
13532134	12012289
13532135	12012289
13532136	3143039
13532137	11946183
13532138	11736685
13532139	12521674
13532139	13633729
13532139	13677073
13532140	13476510
13532141	11643571
13532142	10231235
13532143	11613108
13532144	7716956
13532145	10914947
13532146	10914947
13532147	3584098
13532148	4177804
13532149	11996698
13532150	13453680
13532151	13453680
13532152	10637714
13532155	3982170
13532155	13532161
13532159	982896
13532159	13532329
13532159	13544428
13532160	1785475
13532161	13532155
13532162	13206111
13532163	13202238
13532164	1871646
13532165	10371939
13532165	13532083
13532166	13194495
13532167	13194491
13532168	13194492
13532169	10797028
13532170	13188785
13532171	13164918
13532172	13026261
13532172	13550955
13532173	12849964
13532174	12849963
13532175	13532113
13532176	13446119
13532177	4952181
13532177	11370720
13532177	12328488
13532177	12507691
13532177	12521636
13532177	13532220
13532177	13532395
13532177	13532396
13532177	13532397
13532178	13532106
13532178	13532179
13532179	13532106
13532179	13532178
13532180	13194111
13532181	13194110
13532181	13194111
13532182	13194109
13532183	13194107
13532184	12507691
13532184	13532218
13532185	12354921
13532186	12354921
13532187	12114267
13532188	9457798
13532189	12011791
13532190	12001628
13532191	11993484
13532192	11990135
13532193	11981225
13532194	11896367
13532195	11896367
13532196	11791868
13532197	10175541
13532198	10175541
13532199	11787026
13532200	11787024
13532201	11752231
13532202	13114632
13532203	11752183
13532204	11750696
13532205	11745692
13532206	11745691
13532207	11745689
13532208	11745688
13532209	11741280
13532210	11736756
13532211	11724226
13532212	7546529
13532212	13634886
13532213	11724141
13532214	11724103
13532215	11724103
13532216	11688058
13532217	11418730
13532217	13533032
13532217	13533035
13532217	13634963
13532218	4952181
13532218	4952182
13532218	12507691
13532218	13532184
13532218	13532396
13532218	13532567
13532219	11688058
13532219	13550955
13532220	12507691
13532220	13532177
13532221	6863163
13532222	11672827
13532223	6863163
13532224	11135830
13532225	12214771
13532226	7981812
13532227	7981622
13532228	6998211
13532229	6863164
13532230	6998211
13532231	6863164
13532232	6679533
13532233	6863164
13532234	1638138
13532235	11961666
13532235	13634870
13532235	13634871
13532236	6863164
13532237	372154
13532237	4532420
13532237	6679490
13532238	6679433
13532239	6863166
13532240	10034425
13532241	10034425
13532242	6378155
13532243	5635590
13532244	5635590
13532245	5599149
13532246	5496714
13532247	5466291
13532247	11441752
13532248	4036917
13532249	3053441
13532250	3052153
13532251	2603221
13532252	2113182
13532253	2113181
13532254	3201604
13532255	1888553
13532256	1597611
13532257	1570351
13532258	1570351
13532259	13530117
13532260	2668128
13532261	2668136
13532262	1564454
13532263	1308708
13532264	780036
13532265	780035
13532266	616358
13532267	608274
13532268	607936
13532269	371534
13532269	595418
13532270	2668170
13532271	2668175
13532272	2668179
13532273	2668190
13532273	2668198
13532274	2668193
13532275	2821076
13532275	2824767
13532275	7183707
13532278	3265261
13532278	3273997
13532279	3264768
13532279	6716710
13532279	11651131
13532280	6682052
13532281	12051302
13532284	12160871
13532284	13533475
13532284	13577830
13532285	2588735
13532286	3289517
13532287	3290238
13532289	3290238
13532292	2251268
13532293	2905118
13532293	3341101
13532293	8252664
13532294	2455581
13532295	13154597
13532296	8510448
13532296	11730746
13532296	13532297
13532297	8510448
13532297	11730746
13532297	13532296
13532298	2040379
13532298	5461987
13532299	428412
13532299	1008247
13532299	6843050
13532299	13532300
13532300	128137
13532300	428412
13532300	6843050
13532300	13532299
13532300	13532301
13532301	428412
13532301	1008247
13532301	13532300
13532302	1425781
13532302	13533474
13532303	13527759
13532304	4394807
13532304	13532307
13532305	13527759
13532306	11249668
13532306	11249937
13532307	13532304
13532308	13527758
13532309	13527759
13532310	13527758
13532311	13527757
13532312	303763
13532313	13527757
13532314	12328488
13532315	12328488
13532317	2247915
13532317	2564268
13532317	2564269
13532317	2564270
13532317	2564272
13532317	3267329
13532317	3267330
13532317	13532318
13532317	13532322
13532318	2247915
13532318	2564268
13532318	2564269
13532318	3267329
13532318	13532317
13532318	13532323
13532319	9358385
13532320	9358385
13532321	12328488
13532322	2247915
13532322	2564270
13532322	2564272
13532322	3267330
13532322	13532317
13532323	13532318
13532324	12328488
13532325	586914
13532326	586914
13532327	586914
13532328	13527756
13532329	13532159
13532330	422528
13532331	407064
13532332	384206
13532333	384206
13532334	375572
13532335	13532336
13532336	13532335
13532336	13532418
13532337	374728
13532338	372115
13532339	372115
13532340	13532341
13532341	13532340
13532341	13532525
13532341	13532528
13532342	371541
13532343	4701452
13532345	371517
13532346	13532347
13532347	13532346
13532347	13532435
13532347	13532436
13532348	371516
13532349	13527753
13532350	13532351
13532351	5498799
13532351	13532350
13532352	371516
13532353	371513
13532354	371035
13532355	5546949
13532356	13220101
13532357	13427648
13532358	13532360
13532359	5965173
13532360	13532358
13532360	13532552
13532361	8666634
13532362	8666634
13532364	8703255
13532366	3181213
13532368	1243698
13532369	13527746
13532371	13532372
13532372	5388366
13532372	13532371
13532372	13532416
13532374	13532375
13532375	13532374
13532375	13532377
13532376	10010387
13532377	13532375
13532378	13532379
13532379	13532378
13532379	13532433
13532380	13532381
13532381	13532380
13532381	13532432
13532382	9152952
13532384	13532385
13532385	13532384
13532385	13532386
13532385	13535927
13532386	13532385
13532388	730255
13532389	730255
13532390	1887405
13532391	6250273
13532392	11186986
13532392	13634867
13532392	13634868
13532393	9438827
13532394	11400161
13532394	13634854
13532395	13532177
13532396	4650190
13532396	13532177
13532396	13532218
13532397	13532177
13532400	5237102
13532401	13575402
13532403	13531746
13532404	12361311
13532404	12362677
13532406	2453815
13532406	5381087
13532407	2713738
13532407	13544426
13532408	2677134
13532409	7929722
13532410	5711598
13532411	5711598
13532412	11182944
13532413	2241898
13532414	1860706
13532415	1860706
13532416	13532372
13532417	3684461
13532418	13532336
13532419	3684461
13532420	5705960
13532421	5705960
13532422	6208087
13532423	9857876
13532424	782100
13532425	10344467
13532425	13532428
13532426	6614328
13532426	6616024
13532426	13532434
13532427	6616024
13532428	10344467
13532428	10455465
13532428	13532425
13532429	10077450
13532430	13154597
13532431	11897130
13532432	13532381
13532433	13532379
13532434	13532426
13532435	13532347
13532436	13532347
13532436	13532445
13532438	6321629
13532438	13532443
13532439	11299597
13532441	11702918
13532442	10760660
13532442	13634852
13532443	13532438
13532444	3180158
13532445	13532436
13532446	11433439
13532447	13532448
13532448	13532447
13532449	933946
13532449	13532459
13532450	9923753
13532451	12071972
13532452	11226337
13532453	3636306
13532454	3575945
13532455	6006569
13532456	9610754
13532457	754425
13532458	9497002
13532459	13532449
13532460	4323473
13532460	11382450
13532461	3660241
13532462	2115575
13532462	2366451
13532462	7277085
13532462	11434890
13532462	13533082
13532462	13533090
13532464	10112848
13532465	13433833
13532466	3005635
13532467	10736478
13532468	530194
13532468	899450
13532468	1289889
13532468	2798842
13532468	11441750
13532468	13533075
13532470	11318197
13532470	13532581
13532471	11100835
13532471	13533070
13532471	13533071
13532471	13533072
13532471	13533073
13532471	13533076
13532471	13533077
13532472	11297214
13532472	13533068
13532472	13533069
13532473	49318
13532473	1963666
13532473	11436981
13532473	13634837
13532474	4454257
13532476	13527741
13532478	13527741
13532479	8539550
13532480	9985069
13532481	1750688
13532482	8401837
13532482	13533065
13532482	13533067
13532483	6726357
13532484	13527740
13532485	12543246
13532485	13532504
13532486	12780202
13532487	12543246
13532488	12543246
13532490	11146386
13532491	13532492
13532491	13603922
13532491	13604985
13532491	13614983
13532491	13631778
13532492	13532491
13532493	1275202
13532494	13519371
13532496	13527734
13532497	9523470
13532498	358103
13532499	358103
13532500	13527734
13532501	13261273
13532502	297866
13532503	297866
13532504	13532485
13532505	13527734
13532505	13532512
13532506	13679928
13532507	13679925
13532508	9237052
13532509	11134344
13532509	11148396
13532509	13532534
13532510	13679924
13532511	13679923
13532512	13532505
13532512	13540057
13532512	13540062
13532512	13540071
13532512	13540131
13532512	13540137
13532512	13540141
13532512	13540143
13532512	13540144
13532512	13540145
13532512	13540147
13532512	13540148
13532512	13540149
13532512	13540155
13532512	13540156
13532512	13540165
13532513	13679922
13532514	13679921
13532515	1895572
13532516	1895572
13532517	11122207
13532517	13532532
13532518	10730012
13532519	9814639
13532520	9814639
13532521	9814639
13532522	2670501
13532523	13679920
13532524	13422538
13532525	13532341
13532526	5912728
13532527	13679919
13532528	13532341
13532529	13422538
13532530	13100128
13532531	13100128
13532532	13532517
13532533	13371762
13532534	13532509
13532535	8306760
13532536	6642355
13532536	13293201
13532536	13826007
13532536	13826011
13532539	49752
13532539	321413
13532540	49752
13532540	321413
13532542	10612331
13532543	11788081
13532544	6260289
13532545	11788081
13532546	13605450
13532548	7352366
13532551	816056
13532551	854995
13532552	13532360
13532553	3085254
13532553	13539312
13532553	13539314
13532553	13539316
13532559	10178080
13532561	10178080
13532562	11371002
13532564	11371005
13532566	9056374
13532566	13532590
13532567	4650190
13532567	13532218
13532572	8639177
13532573	8639177
13532576	5836288
13532577	1926408
13532578	2805728
13532579	7436566
13532581	13532470
13532582	9662781
13532583	8144842
13532584	11169046
13532585	6890359
13532586	6692669
13532586	13589465
13532587	12837881
13532588	11454505
13532588	13532595
13532589	10180000
13532590	13532566
13532591	9127326
13532592	411124
13532593	10096577
13532594	4601437
13532594	13232447
13532595	13532588
13532596	470790
13532597	13125625
13532598	11993419
13532598	13532599
13532599	13532598
13532600	7213348
13532601	12958742
13532602	5141010
13532603	13527733
13532604	1223257
13532604	5094232
13532605	2835655
13532606	13527733
13532607	10611442
13532608	1951431
13532609	12958742
13532609	13498726
13532610	287880
13532611	8177723
13532612	12724051
13532613	3118230
13532614	7143008
13532615	13527733
13532616	6114080
13532617	10751428
13532618	655628
13532619	4610905
13532620	12103464
13532621	6596178
13532622	6607781
13532623	13527732
13532624	2663524
13532625	2663524
13532626	13527732
13532627	3803488
13532628	3803488
13532629	13527732
13532630	13527732
13532632	7947992
13532633	7947992
13532634	7947992
13532635	7947992
13532636	13527732
13532637	1888459
13532639	7535360
13532640	13527732
13532641	13522520
13532642	6146975
13532643	2507024
13532644	13527731
13532645	13192568
13532646	13527730
13532647	12952449
13532647	13532679
13532647	13532681
13532648	12952449
13532649	12823115
13532650	12721053
13532650	13118835
13532652	13532670
13532653	45966
13532655	13532665
13532655	13532668
13532656	8654285
13532657	12576419
13532659	12576419
13532660	13296195
13532661	11201476
13532662	11724166
13532663	13234140
13532663	13540055
13532663	13540056
13532665	13532655
13532666	11975101
13532667	11994276
13532668	13532655
13532669	11842605
13532670	13532652
13532671	11535642
13532672	11260035
13532673	7151083
13532674	2741478
13532674	8900263
13532675	11184176
13532676	13381988
13532677	8330307
13532678	276982
13532679	13532647
13532680	9299637
13532681	13532647
13532682	11184176
13532683	11015532
13532684	11015532
13532685	10733825
13532686	10706528
13532687	10700375
13532688	10700371
13532689	1025172
13532690	10857149
13532691	13531780
13532692	10262638
13532693	10262638
13532694	13531718
13532694	13531727
13532695	13531721
13532696	13255260
13532696	13547205
13532697	2223282
13532697	2223284
13532697	13373902
13532697	13540051
13532697	13540052
13532697	13547197
13532697	13707845
13532697	13707846
13532698	13531564
13532700	13531498
13532701	13531450
13532702	13531449
13532703	13531408
13532704	13531256
13532705	13531256
13532706	13531256
13532707	13531274
13532708	10632112
13532709	10632109
13532710	6882266
13532711	12028828
13532712	13510583
13532713	13400110
13532713	13532757
13532714	10314658
13532715	13336538
13532715	13532756
13532716	13174620
13532716	13532752
13532717	13520328
13532718	13520332
13532719	13520332
13532720	13520338
13532721	12964618
13532721	13146010
13532722	3339256
13532722	3339262
13532723	13520338
13532724	12901777
13532724	13532755
13532725	13524716
13532726	742470
13532728	13520332
13532733	13535469
13532733	13535470
13532733	13535471
13532736	12894477
13532738	13559584
13532738	13559585
13532743	3027471
13532744	11700953
13532745	12729395
13532746	13532748
13532746	13532749
13532746	13532750
13532746	13532751
13532747	11700953
13532748	13532746
13532749	13532746
13532750	13532746
13532750	13547194
13532751	13532746
13532752	13532716
13532754	13336538
13532754	13446801
13532755	13532724
13532756	13532715
13532757	7666711
13532757	13532713
13532759	13532762
13532760	8177340
13532761	13446787
13532762	13532759
13532763	13450088
13532764	5442544
13532765	3908942
13532766	4850198
13532767	8133176
13532768	11669004
13532770	1026818
13532771	371661
13532772	10571257
13532773	11896710
13532774	2668205
13532775	8174657
13532775	8175963
13532775	13532776
13532775	13532777
13532775	13597522
13532776	8174657
13532776	13532775
13532777	8174657
13532777	13532775
13532778	11135802
13532779	11292521
13532780	12496434
13532781	12496434
13532782	13044717
13532783	4693651
13532784	12205441
13532785	13532848
13532785	13537991
13532785	13538240
13532786	13532790
13532786	13532812
13532787	10204409
13532788	13434319
13532788	13491821
13532789	7106303
13532790	13532786
13532791	5829156
13532792	10182591
13532792	13230796
13532793	7423005
13532794	7423004
13532795	13428438
13532796	5170134
13532797	7423004
13532798	5170134
13532799	7148073
13532799	7148084
13532799	7149060
13532799	7233400
13532799	12985059
13532800	2873002
13532801	10185558
13532802	7423006
13532803	13495892
13532804	13495849
13532805	1357243
13532806	1868399
13532807	12806308
13532807	12818132
13532808	1868399
13532809	899575
13532809	1499146
13532809	12892195
13532810	6236597
13532811	12926365
13532811	13179549
13532811	13179550
13532812	13532786
13532813	7423003
13532814	7423002
13532815	13324659
13532816	7423002
13532816	13533257
13532817	13532819
13532818	7423002
13532819	13532817
13532820	7423002
13532820	13533257
13532821	7423003
13532822	1552917
13532823	12761063
13532824	372715
13532825	12626501
13532826	9960740
13532827	13206290
13532828	13206307
13532829	13206307
13532830	13206312
13532831	13525052
13532832	7194368
13532833	13209003
13532834	11651946
13532835	646251
13532835	2027698
13532835	13533473
13532836	8874454
13532837	11684605
13532838	9001619
13532838	13533472
13532839	13414093
13532845	1300345
13532846	11990534
13532847	11990534
13532848	13532785
13532849	11990536
13532850	2892490
13532851	11990536
13532855	11990540
13532856	947273
13532856	13533468
13532857	11990540
13532858	11990540
13532859	11990540
13532860	11990543
13532861	13355177
13532861	13547187
13532861	13547189
13532862	11990543
13532863	13377535
13532864	12902222
13532865	12902231
13532865	13547184
13532866	3876970
13532866	3876974
13532866	11229218
13532867	11701162
13532868	12508851
13532869	12767732
13532870	12508851
13532871	12508850
13532872	12508850
13532873	13400370
13532873	13547179
13532874	13284683
13532874	13540014
13532874	13540015
13532874	13540019
13532874	13540021
13532874	13540024
13532874	13540025
13532874	13540028
13532874	13540029
13532874	13540030
13532874	13540031
13532874	13540033
13532874	13540034
13532874	13540075
13532874	13547177
13532874	13551702
13532874	13551733
13532874	13577265
13532874	13578861
13532875	3127464
13532875	13532899
13532875	13532906
13532876	13437674
13532876	13540006
13532876	13540007
13532876	13540009
13532876	13547175
13532877	13437673
13532877	13539995
13532877	13539996
13532877	13539997
13532877	13539998
13532877	13540027
13532877	13547174
13532878	1214090
13532878	13532898
13532878	13532908
13532883	13085231
13532883	13540000
13532883	13540001
13532883	13540002
13532883	13540039
13532883	13540040
13532883	13547173
13532883	13577276
13532884	10623055
13532884	13532888
13532884	13532889
13532888	13532884
13532889	13532884
13532892	13371774
13532892	13371775
13532893	13371471
13532893	13819235
13532895	13016313
13532896	14621
13532896	278438
13532896	11170488
13532898	1214090
13532898	13532878
13532899	3127464
13532899	13532875
13532900	3127464
13532903	7006992
13532903	12265403
13532904	10359205
13532904	10366909
13532905	13401584
13532906	3127464
13532906	13532875
13532906	13607578
13532907	10187482
13532908	1214090
13532908	13532878
13532914	6236597
13532915	6236597
13532916	13532919
13532916	13532920
13532916	13532921
13532916	13532925
13532916	13532931
13532916	13532935
13532916	13532937
13532916	13532940
13532916	13532941
13532916	13532942
13532916	13532944
13532916	13532946
13532916	13532947
13532916	13532949
13532916	13532950
13532916	13532952
13532916	13532954
13532916	13532956
13532916	13533063
13532917	6236597
13532918	6236597
13532919	13532916
13532920	13532916
13532921	13532916
13532922	2891232
13532922	3166200
13532922	13532923
13532923	13532922
13532923	13532929
13532924	3091040
13532925	13532916
13532929	2891232
13532929	3166200
13532929	13532923
13532931	13532916
13532932	11213764
13532932	11213767
13532935	13532916
13532936	11213764
13532936	11213765
13532936	11213767
13532937	13532916
13532940	13532916
13532941	13532916
13532942	13532916
13532944	13532916
13532946	13532916
13532947	13532916
13532948	11926975
13532949	13532916
13532950	13532916
13532951	3003004
13532951	8589927
13532952	13532916
13532953	8634517
13532953	11231996
13532954	13532916
13532955	10575240
13532955	10674660
13532955	10674661
13532956	13532916
13532957	13527728
13532960	13527726
13532961	13527723
13532962	2444234
13532963	2444234
13532964	2444234
13532965	398061
13532966	13527721
13532967	13527721
13532968	13527717
13532969	6342814
13532970	13527715
13532971	2254970
13532971	2254979
13532971	3595167
13532972	9849750
13532973	13527703
13532974	5790207
13532975	7151311
13532975	13532977
13532976	13527703
13532977	13532975
13532978	13527703
13532979	5828322
13532980	13527701
13532981	5707381
13532982	13527699
13532983	13527699
13532984	13527699
13532985	13527697
13532986	2406630
13532986	4218113
13532986	9984885
13532987	9588946
13532987	9606050
13532988	13527696
13532989	8427400
13532990	13527695
13532991	1348060
13532991	1483048
13532991	1670178
13532991	5606786
13532992	4512493
13532993	13527692
13532994	456389
13532994	456390
13532994	563393
13532994	772700
13532994	926517
13532994	1349091
13532994	7878257
13532995	13527692
13532996	1254826
13532997	13527691
13532998	13527690
13532999	2084008
13533000	3950084
13533000	4539299
13533000	10658778
13533001	13533237
13533002	13533236
13533003	13112859
13533006	13527690
13533007	13533233
13533007	13534367
13533008	13533233
13533008	13534367
13533009	6448192
13533014	8685110
13533015	13527687
13533016	8685109
13533017	13527664
13533018	13075478
13533019	13075478
13533020	13527672
13533021	13527670
13533022	11688523
13533023	11688523
13533024	13527671
13533025	13527668
13533026	2093064
13533026	2093065
13533027	2093064
13533028	13527667
13533029	3710100
13533030	3710101
13533031	5237665
13533031	5237822
13533032	13532217
13533032	13533035
13533032	13634963
13533033	13527661
13533034	5883148
13533035	13532217
13533035	13533032
13533035	13634963
13533036	2093065
13533037	8815327
13533038	47407
13533039	2093071
13533040	6015567
13533041	4922114
13533042	8815329
13533043	13527659
13533044	10208301
13533045	251905
13533046	6785170
13533046	12425693
13533046	13533064
13533047	13527658
13533048	13527658
13533049	1671934
13533050	13532105
13533050	13533054
13533051	13527654
13533052	2408470
13533053	2651302
13533053	13527643
13533054	13532105
13533054	13533050
13533055	13390086
13533056	2651302
13533056	13527643
13533056	13533226
13533057	13390088
13533058	36078
13533059	13390089
13533060	6675083
13533061	13527649
13533062	13527653
13533063	13532916
13533064	6785170
13533064	13533046
13533065	13532482
13533066	11231996
13533067	13532482
13533068	13532472
13533068	13533069
13533069	13532472
13533069	13533068
13533070	13532471
13533070	13533071
13533070	13533076
13533071	13532471
13533071	13533070
13533071	13533076
13533072	13532471
13533072	13533073
13533072	13533077
13533073	13532471
13533073	13533072
13533073	13533077
13533074	13527652
13533075	530194
13533075	899450
13533075	13532468
13533076	13532471
13533076	13533070
13533076	13533071
13533077	13532471
13533077	13533072
13533077	13533073
13533078	13533219
13533078	13533222
13533078	13640372
13533078	13650594
13533079	13533213
13533079	13533214
13533079	13650600
13533079	13650603
13533080	11210107
13533081	1048110
13533082	2115575
13533082	2366451
13533082	13532462
13533082	13533086
13533082	13533090
13533083	13533211
13533083	13650596
13533084	11741253
13533084	13533101
13533084	13533102
13533084	13712611
13533085	13533208
13533085	13650598
13533086	2115575
13533086	2366451
13533086	13533082
13533086	13533090
13533087	11298399
13533087	13533092
13533087	13533093
13533088	2366451
13533088	13533090
13533089	11296679
13533090	2366451
13533090	7277085
13533090	8123804
13533090	8299575
13533090	12113421
13533090	13532462
13533090	13533082
13533090	13533086
13533090	13533088
13533091	12064883
13533091	13533097
13533091	13533098
13533092	13533087
13533092	13533093
13533093	13533087
13533093	13533092
13533094	476446
13533094	478797
13533094	7277079
13533094	7291319
13533094	13712538
13533095	478797
13533095	13533203
13533095	13533204
13533096	13527645
13533097	13533091
13533098	13533091
13533098	13533099
13533098	13533285
13533099	13533098
13533099	13533285
13533100	11259396
13533100	13533104
13533100	13533106
13533100	13533288
13533101	13533084
13533101	13533102
13533102	13533084
13533102	13533101
13533102	13712606
13533102	13712611
13533102	13802985
13533103	9205683
13533103	12561501
13533104	13533100
13533104	13533106
13533105	5979568
13533105	11301268
13533106	13533100
13533106	13533104
13533107	13518642
13533107	13533109
13533108	13527647
13533109	13518642
13533109	13533107
13533109	13533458
13533110	7042802
13533110	13533281
13533111	13518665
13533111	13533112
13533112	13518665
13533112	13533111
13533113	11308233
13533114	11398077
13533115	13527628
13533116	11288521
13533117	13527627
13533119	9139342
13533120	13527624
13533121	13527621
13533122	9106732
13533123	13527620
13533124	12825117
13533124	13533279
13533125	13520601
13533126	13520601
13533127	13527619
13533128	13520594
13533129	13520594
13533129	13533132
13533131	11332667
13533132	13520594
13533132	13533129
13533133	13533197
13533133	13533199
13533133	13533201
13533134	12745685
13533134	13533135
13533135	12745685
13533135	13533134
13533136	9402868
13533137	13520447
13533137	13533138
13533137	13533438
13533138	13520447
13533138	13533137
13533138	13533438
13533139	7761949
13533139	13533277
13533139	13534505
13533139	13534506
13533140	13527618
13533141	13527618
13533142	11279261
13533142	13534504
13533143	3519310
13533143	10787701
13533143	10787706
13533144	11319175
13533145	3519310
13533146	13533193
13533147	13533188
13533147	13533190
13533148	13527616
13533149	11151982
13533150	13527616
13533151	11286625
13533152	11323882
13533153	9196503
13533153	13681149
13533153	13681150
13533154	13531709
13533155	11417624
13533156	13527612
13533157	9070266
13533157	13533186
13533158	13527612
13533159	13527611
13533160	13527610
13533161	13527607
13533162	13527608
13533163	13340180
13533164	13340179
13533165	13527609
13533166	13461019
13533167	13533184
13533168	13455929
13533169	13533183
13533170	13527606
13533171	13343719
13533172	13531692
13533172	13533176
13533172	13533192
13533173	13527605
13533174	12961165
13533175	13531692
13533175	13533176
13533175	13533192
13533176	10543089
13533176	11570772
13533176	13531692
13533176	13531711
13533176	13531712
13533176	13531718
13533176	13531719
13533176	13531720
13533176	13531727
13533176	13531731
13533176	13533172
13533176	13533175
13533176	13533192
13533177	13533178
13533177	13533179
13533178	13533177
13533179	13533177
13533180	13527604
13533181	13527603
13533182	13527603
13533183	13533169
13533184	13533167
13533186	13533157
13533187	13527602
13533188	13533147
13533189	13527602
13533190	13533147
13533191	13527601
13533192	10543089
13533192	11570772
13533192	13531692
13533192	13531711
13533192	13531712
13533192	13531718
13533192	13531719
13533192	13531720
13533192	13531727
13533192	13531731
13533192	13533172
13533192	13533175
13533192	13533176
13533193	13533146
13533193	13533452
13533193	13658793
13533194	13527601
13533195	13527599
13533196	13527598
13533197	13533133
13533198	13527597
13533199	13533133
13533200	13527596
13533201	13533133
13533202	13527587
13533203	13533095
13533204	7848302
13533204	13533095
13533205	13536665
13533206	13527587
13533207	1064227
13533207	4703530
13533207	13533209
13533207	13533230
13533208	13533085
13533208	13650598
13533209	1064227
13533209	4703530
13533209	13533207
13533210	13527586
13533211	13533083
13533211	13650596
13533212	13527586
13533213	13533079
13533213	13650600
13533213	13650603
13533214	13533079
13533214	13650598
13533219	13533078
13533219	13650594
13533222	13533078
13533222	13650596
13533224	13527580
13533225	6909541
13533226	13533056
13533227	13729235
13533227	13729236
13533228	13612875
13533229	13527571
13533230	1064227
13533230	1271496
13533230	4575254
13533230	4703263
13533230	4703530
13533230	13533207
13533231	1064227
13533231	1064577
13533232	1573502
13533233	13533007
13533233	13533008
13533233	13534367
13533234	13527558
13533235	10372137
13533236	13533002
13533237	13533001
13533238	13296119
13533238	13534514
13533238	13534515
13533238	13534518
13533238	13534520
13533239	2360929
13533240	6444253
13533241	11231311
13533242	13056093
13533243	1951863
13533243	1952646
13533243	3690882
13533243	3690885
13533243	5732679
13533244	13056094
13533245	13056094
13533246	9387067
13533246	13308239
13533247	13056096
13533248	13313701
13533249	12335230
13533250	9217763
13533250	13533269
13533251	6366513
13533251	11428495
13533252	4394904
13533252	5677400
13533252	12220897
13533253	8150408
13533254	7532690
13533254	10212243
13533255	11651578
13533256	9633515
13533257	13532816
13533257	13532820
13533258	9641527
13533259	11332932
13533259	13534493
13533259	13534494
13533260	13533261
13533260	13533263
13533261	13533260
13533261	13534496
13533261	13534497
13533261	13534499
13533262	11359134
13533263	13533260
13533264	11331763
13533265	11404969
13533265	13533267
13533266	13441826
13533267	13533265
13533269	13533250
13533270	9401587
13533271	2752800
13533271	11442344
13533271	11442365
13533271	12557234
13533271	13534491
13533271	13550309
13533271	13564214
13533272	13533282
13533272	13533292
13533273	12453129
13533273	13533298
13533273	13550308
13533273	13569918
13533274	13205088
13533275	13205088
13533276	7042769
13533277	13533139
13533278	11297004
13533279	13533124
13533280	13177886
13533281	13533110
13533282	13533272
13533283	13174361
13533284	9400412
13533284	13535994
13533284	13535997
13533285	13533098
13533285	13533099
13533286	13174360
13533287	13174360
13533288	13533100
13533289	13130713
13533290	11273510
13533290	13546369
13533291	11051760
13533292	13533272
13533293	12858349
13533294	9156368
13533295	12850007
13533296	12850007
13533297	12849996
13533298	13533273
13533298	13550308
13533299	10364216
13533299	13533309
13533300	12743614
13533300	12849976
13533301	12849976
13533302	13533305
13533303	12831831
13533304	9160519
13533305	13533302
13533306	12809478
13533307	11825495
13533308	12809478
13533309	13533299
13533310	12809478
13533311	7138803
13533312	13533314
13533313	12292208
13533314	13533312
13533315	12809447
13533316	12809372
13533317	13533324
13533317	13533328
13533318	12809324
13533319	9212545
13533320	281119
13533321	12622075
13533322	12622075
13533323	9951482
13533324	13533317
13533324	13539532
13533325	12339206
13533326	9469414
13533327	11246128
13533328	13533317
13533329	12304764
13533330	12022818
13533331	11246128
13533332	11246128
13533333	12022818
13533335	12022815
13533336	12022815
13533337	12022815
13533338	12022813
13533339	13533340
13533340	13533339
13533341	12022811
13533342	13533348
13533342	13533349
13533343	12022770
13533344	4556870
13533344	5876470
13533344	6771890
13533344	13533345
13533344	13533346
13533344	13533347
13533344	13533355
13533344	13548628
13533344	13548629
13533344	13550427
13533345	13533344
13533346	13533344
13533347	13533344
13533348	13533342
13533348	13533350
13533349	13533342
13533349	13533350
13533350	13533348
13533350	13533349
13533351	13533354
13533351	13533358
13533352	13533353
13533353	13533352
13533354	13533351
13533355	13533344
13533356	13533357
13533356	13533381
13533356	13548627
13533357	13533356
13533358	13533351
13533359	401099
13533359	401193
13533359	4335350
13533360	13533361
13533361	13533360
13533363	13533364
13533364	13533363
13533365	13533366
13533365	13533367
13533366	13533365
13533367	13533365
13533369	13441826
13533370	13441826
13533371	13640109
13533377	11240430
13533378	11505624
13533380	18275
13533381	13533356
13533381	13548627
13533381	13549095
13533381	13549096
13533382	13533383
13533383	13533382
13533384	9989782
13533385	13533386
13533385	13533387
13533385	13533388
13533386	13533385
13533387	13533385
13533388	13533385
13533389	13533390
13533389	13533391
13533389	13533393
13533389	13548626
13533390	13533389
13533391	13533389
13533392	13533394
13533393	13533389
13533393	13548626
13533393	13549098
13533393	13549099
13533393	13549100
13533393	13549102
13533393	13549106
13533393	13549107
13533394	13533392
13533397	2782960
13533397	13542921
13533398	4014109
13533398	11960552
13533399	1141036
13533400	4014109
13533400	11960553
13533401	2685053
13533401	13542920
13533402	2658647
13533404	13533405
13533405	13533404
13533406	2496344
13533407	45113
13533407	439230
13533407	439992
13533407	1927140
13533407	3076334
13533408	8422805
13533409	322190
13533410	1773404
13533412	1773404
13533413	1773404
13533415	2793505
13533416	2793505
13533417	2793505
13533418	2793505
13533419	7497188
13533420	1029170
13533421	3142727
13533422	1010998
13533424	11134349
13533425	2955008
13533426	2955008
13533427	2955008
13533428	1198828
13533429	1198828
13533430	1198828
13533431	3890622
13533432	3371352
13533432	3371948
13533432	5815128
13533435	13700969
13533435	13700971
13533436	12025046
13533437	12025046
13533438	13520447
13533438	13533137
13533438	13533138
13533439	6535482
13533440	2495418
13533440	13542917
13533441	5247353
13533441	5247354
13533441	10169854
13533443	4235702
13533444	6535482
13533445	6440725
13533446	5078064
13533447	2311492
13533448	1484572
13533449	5135397
13533450	5490800
13533451	5437716
13533451	13638884
13533452	13533193
13533453	3425120
13533454	3425120
13533455	11161393
13533456	8553236
13533457	12843528
13533457	12843533
13533458	13533109
13533459	5596767
13533459	13566861
13533461	2479054
13533461	13542913
13533462	5388265
13533463	13405314
13533464	13533562
13533464	13533564
13533465	13533554
13533465	13533559
13533466	12843522
13533467	13533549
13533468	13532856
13533469	12843517
13533470	13551196
13533471	13533549
13533471	13533550
13533472	13532838
13533473	13532835
13533474	13532302
13533475	13532284
13533476	13700967
13533477	12913802
13533477	12913807
13533478	13533484
13533479	11688675
13533479	13514247
13533481	13054981
13533483	10092828
13533483	10092829
13533483	10109316
13533484	13533478
13533486	5746736
13533486	9466059
13533487	5746736
13533487	9466059
13533488	13533490
13533489	11793945
13533490	13533488
13533492	6342313
13533492	7230714
13533492	9414416
13533493	13192600
13533494	7439396
13533494	7440295
13533494	13533495
13533495	7439396
13533495	7440295
13533495	13533494
13533495	13533497
13533497	7439396
13533497	7440295
13533497	13533495
13533498	13074959
13533499	7158998
13533499	7158999
13533499	13533500
13533500	7158998
13533500	7158999
13533500	13533499
13533501	4846671
13533501	4902482
13533505	11351239
13533506	252926
13533507	11468334
13533507	11469387
13533508	11468334
13533508	11469386
13533509	13153231
13533510	8520547
13533511	10196842
13533511	10196843
13533511	12805651
13533512	12594355
13533512	12594356
13533512	12594360
13533513	10196842
13533513	10196843
13533513	12805651
13533514	4925700
13533515	4925700
13533516	11607471
13533517	13495872
13533518	11607471
13533519	11607471
13533520	13192591
13533521	10589802
13533521	10806445
13533521	11540359
13533522	13102683
13533523	13185930
13533524	3865860
13533525	3865860
13533526	3865860
13533527	3865860
13533529	257957
13533530	12585372
13533531	13529872
13533531	13530802
13533532	13529872
13533532	13530802
13533532	13550587
13533532	13568581
13533532	13571090
13533532	13583871
13533532	13585774
13533533	1924394
13533533	1924395
13533534	13529164
13533534	13529168
13533536	1950916
13533536	1951013
13533536	1959533
13533536	3640519
13533537	1950916
13533537	1951015
13533537	1959533
13533537	3640518
13533541	13533543
13533541	13533546
13533543	13533541
13533546	13533541
13533549	13533467
13533549	13533471
13533549	13533550
13533549	13533551
13533550	13533471
13533550	13533549
13533550	13533551
13533550	13533555
13533550	13533566
13533550	13533567
13533550	13533568
13533550	13533569
13533551	13533549
13533551	13533550
13533554	13533465
13533554	13533556
13533554	13533557
13533555	13533550
13533555	13533558
13533555	13533579
13533555	13533582
13533555	13544425
13533556	13533554
13533557	13533554
13533558	13533555
13533558	13533579
13533558	13533580
13533558	13533581
13533558	13533582
13533558	13533583
13533558	13533584
13533558	13544425
13533559	13533465
13533562	13533464
13533564	13533464
13533566	13533550
13533566	13533573
13533566	13533574
13533567	13533550
13533567	13533575
13533567	13533576
13533568	13533550
13533568	13533577
13533568	13533578
13533569	13533550
13533569	13533575
13533569	13533576
13533572	5991606
13533573	13533566
13533574	13533566
13533575	13533567
13533575	13533569
13533576	13533567
13533576	13533569
13533577	13533568
13533578	13533568
13533579	13533555
13533579	13533558
13533580	13533558
13533581	13533558
13533582	13533555
13533582	13533558
13533583	13533558
13533584	13533558
13533586	3939415
13533587	3939415
13533588	3573705
13533589	3939415
13533590	3939415
13533591	3321615
13533591	3325051
13533591	13534219
13533593	136567
13533593	13534179
13533594	4401065
13533594	4403955
13533594	4576688
13533594	6729312
13533594	7489855
13533594	7753519
13533594	12330732
13533594	13534172
13533594	13534174
13533595	3325052
13533595	13534168
13533595	13550300
13533595	13555793
13533596	3325052
13533596	13550300
13533596	13555793
13533597	1350132
13533597	13534165
13533598	11909079
13533599	1350132
13533599	13534163
13533600	8078675
13533600	10031937
13533600	12461252
13533600	13534157
13533600	13534159
13533601	60582
13533601	1170350
13533601	13534366
13533602	1448128
13533602	13534363
13533602	13534372
13533603	1448128
13533603	13534362
13533604	1029523
13533604	1045875
13533604	1045876
13533604	1084503
13533604	2177176
13533604	5773486
13533604	13250324
13533605	13250339
13533606	27155
13533606	604322
13533607	12515216
13533609	12515216
13533611	12515216
13533614	10702215
13533617	6258914
13533617	8894521
13533622	10123842
13533622	10133812
13533623	10123842
13533623	10133812
13533625	10123842
13533625	10133812
13533636	4337070
13533637	4119860
13533638	13333373
13533639	4339247
13533640	13334212
13533641	4100919
13533642	13358651
13533643	12129143
13533644	13333363
13533645	13334209
13533646	12794778
13533647	3134331
13533648	3989170
13533649	13334278
13533650	4412812
13533651	13368399
13533652	11505920
13533653	3989923
13533654	32488
13533655	9869343
13533656	7133871
13533657	11064451
13533658	12822832
13533659	2743026
13533660	5758253
13533660	11934987
13533660	13535324
13533660	13535325
13533661	1559601
13533662	10195713
13533663	7153729
13533664	11065819
13533665	1461996
13533666	8888208
13533667	2802536
13533668	2093413
13533669	2812634
13533670	2748342
13533671	2802564
13533672	2812698
13533673	12386129
13533674	9943189
13533674	13610726
13533675	9871245
13533676	9868583
13533677	2403997
13533678	2802434
13533679	11964471
13533680	1358931
13533681	460256
13533682	1358781
13533683	9871647
13533684	11964466
13533685	9871647
13533686	2683389
13533687	2838976
13533687	13688967
13533688	9868726
13533689	9868726
13533690	9871543
13533691	9871543
13533692	10195650
13533693	2748429
13533694	9960018
13533695	7889492
13533696	11087183
13533697	1526948
13533698	9871484
13533699	9870976
13533700	2427125
13533701	10846995
13533702	2092375
13533703	10130712
13533704	2683403
13533705	1585885
13533706	9868751
13533707	9871566
13533708	10195671
13533709	2683415
13533710	2683415
13533711	1586032
13533712	9917342
13533713	9868763
13533714	9871583
13533715	10195690
13533716	2748504
13533717	7889571
13533718	11087224
13533719	1526949
13533720	9871532
13533721	9871090
13533722	2427132
13533722	13726217
13533723	1520204
13533723	10858032
13533724	2092379
13533725	2871935
13533726	2793632
13533727	2793632
13533728	12431199
13533728	13217435
13533728	13803670
13533729	9871653
13533730	2871850
13533731	1573790
13533732	1550931
13533733	2816528
13533734	2816531
13533735	1564119
13533737	3093889
13533737	13747918
13533740	13535393
13533740	13535395
13533740	13535396
13533743	13541044
13533743	13541045
13533743	13541046
13533744	1534081
13533747	1520996
13533750	7889600
13533751	3552576
13533751	13168579
13533751	13803669
13533752	10938270
13533753	9869408
13533754	10195676
13533755	10130688
13533756	9868716
13533757	10195739
13533758	11087832
13533759	9943213
13533760	9943213
13533761	1553012
13533762	3991315
13533763	3298707
13533764	5364200
13533764	13533969
13533764	13533970
13533764	13583871
13533765	3015178
13533766	2903234
13533767	1694746
13533768	11284834
13533769	12508771
13533769	13539176
13533769	13539177
13533770	1694746
13533771	12177276
13533772	2492273
13533773	1356855
13533774	1356855
13533775	11636543
13533776	11636543
13533777	9871681
13533777	13592317
13533778	9871569
13533779	1627716
13533780	4700193
13533781	3093833
13533782	10190101
13533783	10190101
13533784	2732582
13533785	10195664
13533786	12020076
13533787	2277596
13533788	9869450
13533789	9869455
13533790	3087948
13533791	3093879
13533792	1521856
13533792	13675216
13533793	2078337
13533793	13610350
13533794	1358696
13533794	13737238
13533795	9917320
13533796	5126077
13533797	7889481
13533798	1567006
13533799	1356874
13533800	3091307
13533801	9869370
13533802	2839279
13533803	2839050
13533803	13747936
13533804	2427110
13533805	1575383
13533806	2683759
13533807	11087235
13533808	10474728
13533809	2743007
13533810	13411415
13533811	9472647
13533812	1287111
13533813	2137388
13533814	11930771
13533815	11741574
13533816	10514139
13533817	8684679
13533818	136521
13533819	13533820
13533819	13533942
13533819	13534487
13533820	13533819
13533820	13534489
13533821	422809
13533821	13501366
13533823	13476498
13533823	13533905
13533823	13550298
13533823	13550299
13533826	13539410
13533826	13539411
13533826	13539412
13533826	13539413
13533830	13661111
13533832	13689100
13533834	3439114
13533834	6995874
13533834	10678736
13533834	13473810
13533834	13533896
13533834	13533897
13533834	13533898
13533837	6096975
13533837	12552905
13533837	13472787
13533837	13533952
13533843	13618596
13533845	13559389
13533846	13816830
13533861	6977518
13533861	6978031
13533865	13535466
13533865	13535467
13533865	13535468
13533868	13689117
13533874	13596054
13533874	13596056
13533880	13547307
13533880	13547308
13533889	10240346
13533894	4953899
13533895	4953899
13533896	13533834
13533897	13533834
13533898	13533834
13533899	11997858
13533900	11997858
13533901	7740598
13533902	8959729
13533903	370727
13533905	13533823
13533905	13550298
13533906	9667337
13533907	7666388
13533908	7666388
13533909	371584
13533910	4001120
13533913	1777173
13533914	1777173
13533916	13362151
13533919	7925149
13533921	7925149
13533926	13457094
13533927	6376530
13533928	13540077
13533928	13540079
13533928	13540080
13533928	13540081
13533928	13540083
13533928	13540090
13533929	6376530
13533931	13368862
13533936	13372816
13533939	12170570
13533941	13328558
13533942	13533819
13533944	10649956
13533946	10649956
13533951	8824515
13533952	13533837
13533953	13795155
13533954	10912871
13533955	13350471
13533958	6457954
13533960	9415100
13533961	2423292
13533965	13363496
13533969	13533764
13533970	13533764
13533974	13368324
13533976	4388019
13533977	4119875
13533978	3307004
13533979	7970497
13533981	2048643
13533981	4339277
13533982	7203904
13533983	12743653
13533984	2509254
13533985	9079247
13533986	11183501
13533987	12012385
13533988	10298790
13533989	1553013
13533995	13543219
13533995	13543220
13533995	13543222
13533996	13559264
13533996	13559266
13533997	3716627
13533998	1618171
13534000	11900886
13534001	11900886
13534002	12410668
13534003	7482082
13534004	3430132
13534005	6679586
13534006	12489575
13534007	12489575
13534008	722267
13534009	49917
13534010	6387731
13534011	11700766
13534012	11500350
13534013	11688079
13534014	572004
13534015	668390
13534016	11642061
13534017	1259366
13534018	482383
13534019	10601861
13534020	482383
13534021	2604901
13534022	1030707
13534022	2582699
13534022	13575191
13534023	11978095
13534024	11741278
13534025	658409
13534026	11978481
13534027	11978481
13534028	11687866
13534029	6926614
13534030	11687866
13534031	6134021
13534032	7317068
13534033	1053120
13534034	5745274
13534035	5745274
13534036	1103380
13534037	13334637
13534038	2718867
13534039	2195297
13534040	2195297
13534041	13334637
13534042	925144
13534043	11990136
13534044	6679578
13534045	10879130
13534046	11698143
13534047	11698143
13534048	493211
13534049	11993113
13534050	11993113
13534051	3684187
13534052	368001
13534053	7739603
13534054	12183799
13534055	2226510
13534057	11499357
13534058	2045966
13534060	3243433
13534061	2097542
13534062	8360760
13534063	662218
13534064	13414656
13534066	11488108
13534067	4834427
13534068	2215674
13534069	2215674
13534070	2215674
13534071	2975964
13534072	3760524
13534073	10463321
13534074	3904124
13534074	4011195
13534074	6868060
13534074	7763269
13534074	13783373
13534075	3904124
13534075	4011194
13534075	6868060
13534075	7763270
13534075	13783373
13534076	5775269
13534077	5775269
13534078	2623847
13534078	8075453
13534078	13534079
13534078	13534080
13534079	13534078
13534080	13534078
13534080	13534266
13534080	13534267
13534080	13534268
13534080	13548624
13534081	12385800
13534082	6332621
13534083	1963849
13534084	10015631
13534085	8850472
13534086	444998
13534087	7798380
13534088	5912713
13534089	13458439
13534090	3479691
13534091	13534093
13534091	13534094
13534092	13151394
13534093	13534091
13534094	13534091
13534094	13547157
13534095	13260960
13534096	3321794
13534097	13534099
13534098	13211881
13534099	13534097
13534100	4561436
13534101	13534102
13534101	13547404
13534102	13534101
13534102	13547404
13534103	7933233
13534104	5215575
13534104	5215652
13534104	5215699
13534104	8954313
13534105	13534106
13534106	13534105
13534107	9551154
13534108	6738920
13534108	11368695
13534109	12515216
13534110	12515216
13534111	13534112
13534111	13534113
13534111	13534114
13534111	13534265
13534112	13534111
13534112	13534113
13534112	13534114
13534112	13534265
13534113	13534111
13534113	13534112
13534113	13534114
13534114	13534111
13534114	13534112
13534114	13534113
13534114	13534265
13534115	13534116
13534115	13534117
13534115	13534118
13534115	13534264
13534116	13534115
13534116	13534117
13534116	13534118
13534117	13534115
13534117	13534116
13534117	13534118
13534117	13534264
13534118	13534115
13534118	13534116
13534118	13534117
13534118	13534127
13534118	13534264
13534119	10164067
13534120	10164067
13534121	10164067
13534122	6423372
13534123	7379206
13534124	7379206
13534125	13534126
13534126	13534125
13534127	13534118
13534128	13534129
13534129	13534128
13534132	6926658
13534133	13002222
13534134	2099432
13534135	2099432
13534136	1675637
13534137	9722828
13534138	9722828
13534139	2698270
13534140	1666067
13534141	1446738
13534142	1446738
13534143	1446738
13534144	34544
13534145	1831047
13534146	5101984
13534147	5101984
13534148	2928028
13534149	2928028
13534150	60474
13534151	12265407
13534151	13534182
13534152	10232108
13534152	13534180
13534153	8992280
13534155	6861030
13534156	12363225
13534157	13533600
13534158	3465088
13534159	13533600
13534160	1415330
13534161	2410928
13534162	7683705
13534162	13534262
13534162	13534263
13534162	13536009
13534162	13536018
13534162	13550296
13534163	13533599
13534164	1656327
13534165	13533597
13534166	5638204
13534166	5638205
13534166	11412199
13534166	13535998
13534166	13536001
13534167	9344285
13534168	13533595
13534169	71680
13534170	71680
13534171	5436776
13534171	6889166
13534172	13533594
13534173	7424586
13534174	13533594
13534175	3219229
13534176	12508342
13534177	3219229
13534178	13166803
13534179	13533593
13534180	13534152
13534181	2234838
13534182	13534151
13534183	11815232
13534184	11648903
13534185	11648903
13534186	13534187
13534187	13534186
13534189	277704
13534189	5082894
13534189	13352978
13534189	13352981
13534191	277704
13534191	5082894
13534191	13352978
13534191	13352981
13534192	13352960
13534192	13352967
13534193	13352960
13534193	13352967
13534194	13534195
13534195	13534194
13534196	2753231
13534197	2753231
13534198	7206000
13534199	2958010
13534200	2958010
13534201	5925131
13534202	6889160
13534203	2888186
13534204	5928079
13534205	6959956
13534206	13534208
13534207	3373298
13534208	13534206
13534209	1899714
13534210	11880189
13534211	7666732
13534212	7666732
13534213	7666732
13534214	12927497
13534215	13534216
13534216	13534215
13534217	12718005
13534218	6666534
13534219	13533591
13534220	9813419
13534221	10192741
13534222	3726370
13534223	3726370
13534224	13534226
13534225	11946338
13534226	13534224
13534226	13534258
13534226	13550294
13534226	13551308
13534227	377043
13534228	4933237
13534229	12018250
13534230	12018250
13534231	12018250
13534232	12018250
13534234	12018250
13534235	13534237
13534236	11250278
13534237	13534235
13534238	11250278
13534239	11232347
13534240	11250278
13534241	11250266
13534242	11250266
13534243	11250266
13534245	3457095
13534246	710573
13534247	1274182
13534248	1274182
13534249	17086
13534250	4942328
13534251	12574621
13534252	13541422
13534253	6618891
13534254	12387651
13534255	461845
13534256	461845
13534257	586397
13534258	13534226
13534259	8250940
13534260	500442
13534261	4891526
13534262	13534162
13534262	13550296
13534263	13534162
13534264	13534115
13534264	13534117
13534264	13534118
13534265	13534111
13534265	13534112
13534265	13534114
13534266	13534080
13534266	13549110
13534267	13534080
13534268	13534080
13534269	5383107
13534270	4852925
13534271	376359
13534272	376359
13534273	5928483
13534274	5928483
13534275	1959351
13534276	6995981
13534277	11896474
13534278	6794092
13534279	3635988
13534280	7681580
13534281	7121151
13534282	1934618
13534283	629314
13534284	1536223
13534284	13534357
13534284	13534359
13534284	13534360
13534284	13534361
13534284	13550291
13534284	13550292
13534285	13425473
13534286	13534355
13534286	13534356
13534287	12896108
13534288	9849458
13534289	13534353
13534289	13534354
13534289	13550282
13534289	13550285
13534290	13099541
13534292	13465576
13534293	12994219
13534296	13319759
13534297	9361363
13534298	13320330
13534299	6354345
13534300	13485996
13534301	13395354
13534301	13412634
13534302	11693494
13534303	13407296
13534304	902747
13534304	4956886
13534305	2093033
13534306	11779245
13534307	6217251
13534307	8734297
13534308	311720
13534309	11496767
13534309	11496769
13534309	11496777
13534309	11496778
13534310	12172700
13534311	254926
13534312	6982714
13534313	242321
13534314	13258749
13534315	5902881
13534316	11747833
13534317	11747832
13534318	11747425
13534319	11736578
13534320	11692106
13534321	11692106
13534322	13534323
13534323	13534322
13534323	13534324
13534324	13534323
13534325	9152879
13534326	456405
13534327	456405
13534328	11240433
13534329	10612332
13534330	11600984
13534330	13534473
13534330	13534475
13534330	13534476
13534330	13550263
13534330	13550264
13534331	11600984
13534331	13534472
13534331	13534474
13534331	13534477
13534331	13550266
13534331	13550267
13534332	11113916
13534333	10553956
13534334	8641006
13534334	10361084
13534335	13534336
13534335	13534471
13534336	13534335
13534336	13534340
13534336	13534466
13534336	13534467
13534336	13534468
13534336	13542144
13534336	13566830
13534337	1225909
13534338	11043436
13534339	971349
13534339	971350
13534339	1834317
13534340	13534336
13534340	13542144
13534340	13566830
13534341	1149455
13534342	3104970
13534342	3104971
13534342	3104972
13534343	6425809
13534344	6425809
13534345	6415928
13534346	6415928
13534347	6420630
13534348	6532210
13534349	6420630
13534350	9836840
13534351	649140
13534351	971349
13534351	971350
13534351	1834317
13534352	1871615
13534352	13534364
13534352	13534365
13534352	13544423
13534353	13534289
13534354	13534289
13534355	13534286
13534356	13534286
13534357	13534284
13534358	649140
13534359	13534284
13534360	13534284
13534361	13534284
13534362	13533603
13534363	13533602
13534363	13534372
13534364	1871615
13534364	13534352
13534365	13534352
13534366	13533601
13534367	13533007
13534367	13533008
13534367	13533233
13534368	11842050
13534369	258260
13534369	9678857
13534369	13534371
13534370	1470864
13534370	1470946
13534371	13534369
13534372	13533602
13534372	13534363
13534373	11686644
13534374	11018103
13534375	10187501
13534378	13673838
13534380	2209097
13534381	10517886
13534381	13534463
13534381	13534464
13534381	13550270
13534382	11115724
13534383	1339862
13534384	10534527
13534385	7838483
13534385	13534390
13534386	10622960
13534387	6591351
13534388	1143098
13534390	13534385
13534391	10518453
13534392	9128608
13534393	10714603
13534394	3533630
13534395	1821670
13534395	2816197
13534395	13534984
13534396	4082663
13534397	11038420
13534398	1712333
13534399	1216416
13534401	588679
13534401	3611321
13534401	5156465
13534401	13430218
13534402	5786519
13534402	5911394
13534402	13535132
13534402	13550268
13534402	13550283
13534403	5132071
13534403	13534406
13534404	1904813
13534404	1906006
13534404	2046607
13534404	2046618
13534404	2498253
13534404	2498254
13534405	2533000
13534406	13534403
13534407	13534408
13534408	13534407
13534409	2111197
13534410	8115848
13534411	13534412
13534412	13534411
13534413	12749843
13534414	12749843
13534414	13534439
13534415	13534417
13534416	13520940
13534416	13534418
13534416	13535504
13534416	13601412
13534417	13534415
13534418	13520940
13534418	13534416
13534418	13535504
13534418	13601412
13534418	13684794
13534419	13520935
13534419	13534421
13534419	13534422
13534419	13534423
13534419	13534425
13534419	13542140
13534420	7098078
13534421	13534419
13534421	13534422
13534421	13542140
13534422	13534419
13534422	13534421
13534422	13542140
13534423	13520935
13534423	13534419
13534423	13542140
13534425	13520935
13534425	13534419
13534425	13542140
13534426	13520944
13534426	13523117
13534426	13534427
13534426	13534428
13534426	13534429
13534426	13534430
13534426	13534443
13534426	13542139
13534426	13566832
13534426	13577803
13534427	13534426
13534427	13534428
13534427	13534429
13534427	13534443
13534427	13542139
13534427	13566832
13534428	13534426
13534428	13534427
13534428	13534443
13534428	13542139
13534428	13566832
13534429	13534426
13534429	13534427
13534429	13534443
13534429	13542139
13534429	13566832
13534430	4351306
13534430	13520944
13534430	13523117
13534430	13534426
13534430	13542139
13534430	13566832
13534430	13577803
13534432	13520950
13534432	13534435
13534432	13534436
13534432	13534437
13534432	13534438
13534432	13534440
13534432	13542142
13534433	2510826
13534434	13520950
13534434	13534440
13534434	13542142
13534435	13534432
13534435	13534438
13534435	13534696
13534435	13542142
13534436	13520950
13534436	13534432
13534436	13534440
13534436	13542142
13534437	13520950
13534437	13534432
13534437	13534440
13534437	13542142
13534438	13534432
13534438	13534435
13534438	13534441
13534438	13534512
13534438	13542142
13534439	13534414
13534440	13520950
13534440	13534432
13534440	13534434
13534440	13534436
13534440	13534437
13534441	13534438
13534442	13497300
13534442	13520981
13534443	13534426
13534443	13534427
13534443	13534428
13534443	13534429
13534444	5997315
13534445	323598
13534445	5171919
13534445	13181481
13534446	2209073
13534447	2207727
13534448	2201571
13534448	13542904
13534449	2196311
13534450	2196291
13534451	2186521
13534452	2168528
13534452	13542905
13534453	2137802
13534454	13520934
13534454	13534455
13534455	13520934
13534455	13534454
13534456	2131354
13534457	13520920
13534457	13534458
13534458	13520920
13534458	13534457
13534459	9346524
13534460	9346524
13534461	13520911
13534461	13534462
13534462	13520911
13534462	13534461
13534463	13534381
13534463	13534464
13534463	13550270
13534464	13534381
13534464	13534463
13534464	13550270
13534465	9355728
13534466	13534336
13534466	13534468
13534466	13542144
13534466	13566830
13534467	13534336
13534467	13534468
13534467	13534469
13534467	13534470
13534467	13534471
13534467	13542144
13534467	13566830
13534468	13534336
13534468	13534466
13534468	13534467
13534468	13534695
13534468	13542144
13534468	13566830
13534469	13534467
13534469	13534471
13534469	13542144
13534469	13566830
13534470	13534467
13534470	13534471
13534470	13542144
13534470	13566830
13534471	13534335
13534471	13534467
13534471	13534469
13534471	13534470
13534471	13534510
13534471	13534511
13534471	13542144
13534471	13566830
13534472	13534331
13534472	13534474
13534472	13534477
13534472	13550265
13534472	13550266
13534472	13550267
13534473	13534330
13534473	13534475
13534473	13534476
13534473	13550262
13534473	13550263
13534473	13550264
13534474	13534331
13534474	13534472
13534474	13534477
13534475	13534330
13534475	13534473
13534475	13534476
13534476	13534330
13534476	13534473
13534476	13534475
13534476	13550262
13534476	13550263
13534476	13550264
13534477	13534331
13534477	13534472
13534477	13534474
13534477	13550265
13534477	13550266
13534477	13550267
13534478	11444052
13534479	13534482
13534480	11444052
13534481	11444052
13534482	13534479
13534483	3439114
13534483	6163102
13534483	6995873
13534483	10168188
13534483	10678735
13534484	321783
13534485	69622
13534486	5212516
13534486	5213744
13534487	13533819
13534488	11500409
13534489	13533820
13534490	11896561
13534491	12557234
13534491	13533271
13534491	13564214
13534492	5040646
13534493	13533259
13534493	13534494
13534494	13533259
13534494	13534493
13534495	10754172
13534495	10754173
13534496	13533261
13534496	13757070
13534496	13784558
13534497	13533261
13534498	375971
13534499	13533261
13534500	11974469
13534501	11974469
13534502	371019
13534504	13533142
13534505	13533139
13534505	13534506
13534506	13533139
13534506	13534505
13534507	10622922
13534507	13534538
13534507	13534539
13534508	1981879
13534508	3688225
13534509	3688225
13534510	13534471
13534511	13534471
13534512	13534438
13534513	13520786
13534513	13762985
13534513	13762986
13534514	13533238
13534515	13533238
13534515	13798835
13534516	13534540
13534518	13533238
13534520	13533238
13534521	288927
13534521	1390351
13534522	962805
13534523	13412086
13534523	13412090
13534523	13412092
13534524	13412083
13534524	13412093
13534525	6075958
13534526	13534527
13534527	13534526
13534527	13534534
13534527	13548623
13534528	13714
13534528	30098
13534528	486514
13534529	1943236
13534530	13412092
13534531	13714
13534531	486514
13534532	457452
13534533	12354921
13534534	13534527
13534535	13534536
13534536	13534535
13534536	13534537
13534536	13550261
13534537	13534536
13534537	13534545
13534537	13534546
13534537	13534547
13534537	13550261
13534538	13534507
13534538	13534542
13534539	13534507
13534539	13534541
13534540	13534516
13534541	13534539
13534542	13534538
13534542	13658804
13534542	13658805
13534542	13764449
13534543	295147
13534543	13534549
13534544	767296
13534544	8809195
13534545	13534537
13534545	13535503
13534546	13534537
13534546	13535503
13534547	13534537
13534547	13535503
13534548	131814
13534549	13534543
13534549	13534564
13534550	1927567
13534550	5383374
13534550	11790912
13534551	11741317
13534552	297798
13534553	7976215
13534554	11974934
13534555	1927567
13534555	5383374
13534555	11790912
13534556	11763153
13534557	271590
13534557	11855689
13534558	271590
13534558	11855689
13534559	5105339
13534560	271590
13534560	659526
13534561	588398
13534562	357641
13534563	8677534
13534564	295147
13534564	13534549
13534565	970534
13534566	7422990
13534567	11264331
13534568	271590
13534568	497332
13534569	271590
13534569	497333
13534570	13405598
13534570	13649651
13534571	371308
13534572	1604742
13534573	371308
13534574	371308
13534575	13520786
13534576	3781628
13534577	9573338
13534578	4789055
13534579	271590
13534579	659526
13534579	662251
13534580	271590
13534580	659526
13534581	1928128
13534582	10546220
13534583	271590
13534583	11855689
13534584	371318
13534585	371318
13534586	13524304
13534587	670411
13534588	13524309
13534588	13757894
13534589	461001
13534590	371198
13534591	1928125
13534592	3587171
13534593	13524450
13534594	371244
13534595	5665088
13534596	13516650
13534596	13524627
13534597	13525377
13534597	13820928
13534598	10133532
13534599	12449551
13534600	12449549
13534601	9869754
13534602	13522919
13534602	13820902
13534603	10599037
13534604	1886574
13534605	527393
13534606	13534610
13534607	13522870
13534607	13527942
13534607	13527943
13534608	921377
13534609	13522870
13534609	13527942
13534609	13527943
13534609	13534912
13534610	13534606
13534610	13554617
13534611	3070524
13534612	13520763
13534612	13522870
13534612	13559396
13534613	352953
13534614	13534618
13534614	13534620
13534615	484537
13534617	13522870
13534618	13534614
13534618	13534619
13534618	13534818
13534618	13534820
13534618	13538864
13534618	13542138
13534619	13534618
13534619	13671998
13534620	2273903
13534620	13534614
13534620	13534622
13534620	13534666
13534620	13534669
13534620	13534671
13534620	13542135
13534620	13542136
13534620	13566833
13534620	13655765
13534621	13486042
13534622	13534620
13534622	13534630
13534623	2251863
13534624	8507624
13534626	2218032
13534628	13450214
13534630	13534622
13534631	4230089
13534632	13534635
13534634	1048699
13534635	13534632
13534636	13534637
13534637	13534636
13534638	6319991
13534638	12809041
13534638	13534640
13534639	3339774
13534639	6319991
13534640	13534638
13534643	13535754
13534644	3331054
13534644	3534698
13534644	3562643
13534644	3600660
13534645	9250865
13534646	526402
13534647	4837826
13534649	13534677
13534650	4913859
13534651	6326424
13534652	1674502
13534653	1009684
13534654	12345627
13534654	13550998
13534654	13551164
13534654	13551165
13534654	13551167
13534654	13551168
13534655	355678
13534656	11228125
13534657	2495717
13534658	4985124
13534659	11572147
13534660	11331701
13534661	4604717
13534661	13150274
13534662	9968292
13534663	12040548
13534664	2218167
13534664	13553501
13534666	13534620
13534667	3582004
13534668	13534670
13534669	13534620
13534670	13534668
13534671	13534620
13534672	7901708
13534673	972125
13534674	8637832
13534674	8637834
13534674	8637835
13534675	13534676
13534675	13534982
13534675	13548622
13534675	13549122
13534675	13549127
13534675	13549161
13534675	13549162
13534676	13534675
13534677	13534649
13534677	13534683
13534677	13550258
13534677	13552427
13534678	13534679
13534679	13534678
13534680	13534681
13534680	13534682
13534680	13535347
13534680	13550255
13534681	13534680
13534681	13535347
13534682	13534680
13534682	13534684
13534682	13535347
13534682	13550255
13534683	13534677
13534684	13534682
13534684	13535347
13534685	13534686
13534685	13534981
13534685	13548621
13534686	13534685
13534687	13534688
13534688	13534687
13534689	13534690
13534689	13534697
13534689	13534698
13534689	13546525
13534689	13546695
13534689	13546696
13534689	13546699
13534689	13546700
13534690	13534689
13534691	13534692
13534692	13534691
13534693	10282036
13534695	13534468
13534696	13534435
13534697	13534689
13534698	13534689
13534698	13546695
13534698	13546696
13534699	13534701
13534699	13534977
13534699	13548620
13534699	13549131
13534699	13549146
13534701	13534699
13534706	13536210
13534709	13534710
13534709	13534711
13534709	13534713
13534709	13534714
13534709	13534727
13534709	13534728
13534709	13534979
13534709	13548618
13534710	13534709
13534711	13534709
13534712	399184
13534712	2888096
13534712	6872577
13534713	13534709
13534714	13534709
13534715	13534717
13534715	13534724
13534715	13548617
13534715	13549147
13534716	30694
13534717	13534715
13534718	647780
13534719	7871109
13534720	4486178
13534720	7871109
13534722	13534726
13534723	13245271
13534723	13534729
13534723	13534730
13534724	13534715
13534724	13549147
13534725	13245271
13534725	13534729
13534725	13534730
13534725	13544422
13534726	13534722
13534727	13534709
13534727	13548618
13534728	13534709
13534728	13548618
13534729	13534723
13534729	13534725
13534729	13544422
13534730	13534723
13534730	13534725
13534730	13544422
13534731	13534732
13534732	13534731
13534733	9031520
13534733	13534976
13534733	13544421
13534734	6982596
13534735	13534737
13534735	13534756
13534735	13546523
13534736	7820282
13534736	13534757
13534736	13534758
13534736	13534973
13534736	13544419
13534736	13544420
13534737	13534735
13534738	7007154
13534739	13462918
13534740	13462918
13534741	7326145
13534741	13534742
13534742	13534741
13534743	7703419
13534743	13534971
13534743	13544418
13534744	13528793
13534744	13534762
13534744	13534763
13534744	13534970
13534744	13544417
13534745	6639958
13534746	2027142
13534746	13534752
13534746	13544414
13534746	13544415
13534747	2027142
13534747	13534752
13534747	13534753
13534748	2027142
13534748	13534752
13534749	2027142
13534749	13534752
13534749	13534753
13534749	13544414
13534749	13544415
13534750	10033310
13534750	10033316
13534750	11503306
13534751	10033310
13534751	10033316
13534752	13534746
13534752	13534747
13534752	13534748
13534752	13534749
13534753	13534747
13534753	13534749
13534754	13534755
13534755	13534754
13534756	13534735
13534756	13536704
13534756	13546701
13534756	13546703
13534757	13534736
13534757	13536702
13534758	13534736
13534758	13536699
13534758	13536701
13534759	7795156
13534759	7795159
13534759	13536698
13534760	13534761
13534761	13534760
13534762	13534744
13534762	13536697
13534763	13534744
13534763	13536696
13534764	13534765
13534765	13534764
13534767	6135605
13534767	6135606
13534767	10055995
13534767	13536691
13534768	6135605
13534768	6135606
13534768	10055995
13534768	13536695
13534769	13534771
13534770	6135605
13534770	6135607
13534770	10055993
13534770	13536693
13534771	13534769
13534772	6135605
13534772	6135607
13534772	10055993
13534772	13536689
13534773	4509869
13534773	13534774
13534774	13534773
13534775	9133167
13534775	12392116
13534775	13536688
13534776	7887332
13534776	7887342
13534776	13536687
13534777	6637381
13534778	6637381
13534779	13534780
13534780	13534779
13534781	13534782
13534781	13534785
13534781	13534968
13534781	13546519
13534782	13534781
13534783	13536682
13534783	13536683
13534783	13536685
13534784	13536681
13534784	13546483
13534785	13534781
13534785	13536678
13534785	13536679
13534786	13534788
13534787	1001085
13534787	2415273
13534787	13536674
13534787	13576642
13534788	13534786
13534789	8826788
13534790	8826788
13534791	8826788
13534792	13534793
13534792	13534806
13534793	13534792
13534794	13534795
13534795	13534794
13534796	13534797
13534796	13534802
13534796	13546518
13534796	13563131
13534797	13534796
13534798	13534799
13534798	13534803
13534798	13546516
13534798	13563133
13534799	13534798
13534800	6656034
13534800	10776673
13534800	13536663
13534801	6656034
13534801	10776673
13534801	13536667
13534802	13534796
13534802	13535734
13534802	13535735
13534802	13546518
13534802	13546712
13534802	13546713
13534802	13546714
13534802	13546715
13534802	13563131
13534803	13534798
13534803	13535733
13534803	13546516
13534803	13546716
13534803	13563133
13534803	13597506
13534804	10280514
13534804	13535732
13534805	10280514
13534805	13535730
13534805	13535731
13534805	13546480
13534806	13534792
13534807	13534809
13534807	13535727
13534807	13535729
13534808	13534809
13534808	13535726
13534808	13535728
13534809	13534807
13534809	13534808
13534810	13535712
13534810	13535714
13534810	13535717
13534810	13535720
13534810	13535722
13534810	13836758
13534811	4082712
13534812	10566689
13534812	10566690
13534812	13534963
13534812	13544412
13534813	11168740
13534813	11168742
13534814	13534816
13534814	13534874
13534815	11570439
13534816	13534814
13534816	13535677
13534816	13535688
13534817	11103991
13534818	13534618
13534819	6542646
13534819	13534823
13534819	13534826
13534819	13534827
13534819	13544411
13534820	13534618
13534821	7644213
13534822	7644213
13534823	6542646
13534823	13534819
13534824	10339321
13534824	13534828
13534824	13534961
13534824	13544410
13534825	7124939
13534826	6542646
13534826	13534819
13534827	6542646
13534827	13534819
13534828	10339321
13534828	13534824
13534831	7810251
13534834	13100946
13534834	13100947
13534837	13534839
13534837	13534844
13534837	13544408
13534838	7124938
13534839	13534837
13534839	13534844
13534839	13534845
13534839	13534959
13534839	13544408
13534840	13535674
13534841	13535671
13534842	13535662
13534842	13535664
13534843	13535645
13534843	13535647
13534844	13534837
13534844	13534839
13534844	13535640
13534845	13534839
13534845	13535639
13534845	13535640
13534846	1865193
13534846	2366115
13534846	2871076
13534846	6066575
13534847	10796667
13534847	13545460
13534848	10796664
13534848	13535546
13534848	13545459
13534849	5371387
13534849	7910336
13534850	5892772
13534850	7910336
13534851	5892772
13534851	7910336
13534852	5892772
13534852	7910336
13534853	5279212
13534853	7910336
13534854	5279212
13534854	7910336
13534855	5279212
13534855	7910336
13534858	2406828
13534858	2407336
13534858	3793503
13534858	13535629
13534858	13535631
13534858	13535634
13534860	2406828
13534861	13468784
13534863	13466328
13534864	13466328
13534867	1052078
13534867	13535623
13534867	13535626
13534868	1052079
13534868	13535600
13534868	13535619
13534870	13377437
13534873	13535598
13534874	13534814
13534875	1046740
13534875	13535596
13534876	1046740
13534876	13535594
13534876	13535595
13534878	13535593
13534879	13535592
13534879	13546474
13534880	1886285
13534880	2046345
13534880	2053519
13534880	2159345
13534880	2744084
13534880	13535590
13534881	1886285
13534881	2053519
13534881	2159346
13534881	2744085
13534881	13535591
13534882	1886285
13534882	2053519
13534882	2159348
13534882	2159349
13534883	1886285
13534883	2159350
13534883	2159351
13534883	13535589
13534885	13175613
13534887	139072
13534887	285210
13534887	1006518
13534887	1007297
13534887	1007683
13534887	13534908
13534887	13535569
13534887	13535572
13534887	13537613
13534888	139072
13534888	1007683
13534888	13534908
13534888	13535577
13534888	13535579
13534888	13537613
13534889	1007683
13534889	13535582
13534889	13535584
13534890	1007683
13534890	13535567
13534890	13535588
13534898	2761416
13534902	13535505
13534903	8999899
13534904	8999899
13534905	13174351
13534906	13507064
13534906	13820903
13534907	13507066
13534908	13534887
13534908	13534888
13534909	13520673
13534909	13756143
13534910	13520673
13534911	13520673
13534912	13522870
13534912	13534609
13534913	13174351
13534914	13516650
13534914	13524627
13534914	13822659
13534915	13524450
13534916	13524309
13534916	13757894
13534916	13757895
13534923	13534955
13534923	13539168
13534923	13544401
13534927	3682362
13534927	3682833
13534927	10543980
13534927	13534954
13534927	13538234
13534927	13540633
13534927	13540635
13534927	13681756
13534927	13681757
13534927	13681766
13534927	13681769
13534928	4117139
13534929	1013252
13534929	1013256
13534929	13534953
13534929	13538227
13534929	13801911
13534930	13311477
13534931	7093762
13534932	8928245
13534933	4459314
13534934	4609392
13534935	4609392
13534936	580384
13534937	8954723
13534938	6861282
13534939	6861282
13534940	8455557
13534941	3976403
13534942	13034789
13534944	7020877
13534944	13688976
13534945	7020877
13534946	12729403
13534947	5280663
13534948	12926921
13534949	12366655
13534950	11229518
13534951	6462660
13534952	4868219
13534953	13534929
13534954	13534927
13534955	13534923
13534956	12340475
13534957	2940574
13534958	6479055
13534959	13534839
13534960	9426719
13534961	13534824
13534962	879246
13534963	13534812
13534964	10581067
13534965	5297708
13534966	6203480
13534967	11066811
13534968	13534781
13534969	6967058
13534970	13534744
13534971	13534743
13534972	5282633
13534973	13534736
13534975	6597412
13534976	13534733
13534977	13534699
13534978	4965081
13534979	13534709
13534980	6312022
13534981	13534685
13534982	13534675
13534983	5259656
13534984	13534395
13534985	7819718
13534986	9343003
13534986	13657175
13534987	4140354
13534988	9814039
13534989	12657463
13534990	8484583
13534991	5460787
13534992	12711291
13534994	13475449
13534995	12601795
13534996	9343440
13534997	12657651
13534998	8485233
13534999	5460912
13535000	10557296
13535001	12711554
13535002	13475591
13535002	13745915
13535003	12602507
13535003	13587327
13535004	2764599
13535005	2764599
13535006	597344
13535007	13041483
13535008	5507242
13535009	2964955
13535010	12599867
13535011	5474870
13535012	5637946
13535013	5471383
13535014	6405922
13535015	10246317
13535016	5149236
13535017	1016253
13535018	5725198
13535018	13593867
13535019	12056997
13535020	12457406
13535021	4250821
13535022	4871767
13535023	4956386
13535024	11472657
13535025	13491011
13535025	13610717
13535026	5498690
13535027	5380867
13535028	4252554
13535029	5257908
13535030	2816394
13535031	5559075
13535032	4824434
13535033	13453955
13535034	4533430
13535035	5267657
13535036	5267657
13535037	5267657
13535038	6831457
13535039	11170594
13535040	9463859
13535041	3806172
13535042	4588172
13535042	13640235
13535043	11262662
13535044	5209378
13535045	7843778
13535046	6099999
13535047	6031939
13535048	4860974
13535049	4860974
13535050	10358170
13535051	12471374
13535052	11853036
13535053	6452423
13535054	1418740
13535055	2723332
13535056	4327205
13535057	1520701
13535058	1614237
13535059	7209941
13535060	4571385
13535061	4836067
13535062	12191978
13535062	12275794
13535062	12275796
13535073	13504559
13535074	13504559
13535075	13511567
13535076	4036396
13535077	13511567
13535078	6923567
13535079	12443647
13535080	3263796
13535081	8886858
13535082	13289144
13535083	8748029
13535084	13511567
13535085	9364384
13535085	13535094
13535085	13535096
13535086	13504560
13535087	13504560
13535088	13108756
13535089	13108756
13535090	13108756
13535091	13512898
13535092	7309904
13535092	13135820
13535092	13535103
13535092	13535112
13535092	13536763
13535092	13546514
13535092	13546730
13535093	13135820
13535094	9364384
13535094	13535085
13535095	13135820
13535096	9364384
13535096	13535085
13535096	13658801
13535096	13717014
13535096	13717209
13535096	13717210
13535096	13717211
13535096	13717215
13535097	13109254
13535097	13535098
13535098	67056
13535098	13109254
13535098	13535097
13535099	13524170
13535100	1006919
13535101	13524170
13535102	3082754
13535103	7309904
13535103	13535092
13535103	13535112
13535103	13536763
13535103	13546514
13535103	13546730
13535104	6460317
13535105	6460317
13535106	13529784
13535107	13529784
13535108	13507423
13535109	13507423
13535110	9180209
13535111	13507423
13535112	7309904
13535112	13535092
13535112	13535103
13535112	13536763
13535112	13546514
13535113	13519432
13535114	13519432
13535115	3965774
13535116	13519432
13535117	4547410
13535118	5361842
13535120	7260567
13535120	7261194
13535120	7261196
13535122	6441214
13535124	7844902
13535127	5113780
13535130	4230149
13535132	13534402
13535133	5333217
13535135	5333217
13535136	12727270
13535137	13061382
13535138	13276144
13535139	1490320
13535140	13276144
13535141	12579502
13535142	2740426
13535143	13148079
13535144	5622785
13535145	4079519
13535146	13148079
13535147	8949464
13535148	13201729
13535149	5329845
13535150	12822268
13535151	3352963
13535152	13201729
13535153	13504674
13535153	13535161
13535153	13546512
13535153	13552875
13535154	11909189
13535155	13504674
13535156	12348156
13535157	13504674
13535158	5479369
13535159	5161568
13535160	7077713
13535161	13535153
13535162	11113148
13535163	2770987
13535164	8055420
13535165	8620447
13535166	13511810
13535167	10770377
13535168	13138787
13535168	13535176
13535168	13535180
13535168	13535184
13535168	13546506
13535168	13546779
13535168	13546788
13535169	2770987
13535170	13138787
13535170	13591573
13535170	13591574
13535170	13591575
13535171	4437915
13535172	13138787
13535173	13138787
13535174	11808454
13535175	4388219
13535176	13535168
13535177	11529422
13535178	13504565
13535179	13504565
13535180	13535168
13535180	13546506
13535181	7703592
13535182	13504565
13535183	2467322
13535184	13535168
13535184	13546506
13535184	13546757
13535184	13546759
13535184	13546779
13535185	2467322
13535186	8753971
13535187	13504666
13535187	13535194
13535187	13546510
13535188	10861417
13535189	2740413
13535190	13504666
13535190	13535282
13535190	13546508
13535191	11921367
13535192	13504666
13535193	3801506
13535194	13535187
13535194	13546510
13535195	7807579
13535195	13556914
13535196	13504666
13535197	5263773
13535198	13166981
13535199	13166981
13535199	13536227
13535199	13536229
13535199	13536231
13535200	13100124
13535201	7248377
13535202	13519338
13535203	13519338
13535204	2012227
13535205	13168711
13535210	2749668
13535212	3843589
13535217	9079952
13535219	5316929
13535220	6639263
13535220	13203012
13535220	13307455
13535221	5197381
13535222	6718386
13535223	5969346
13535224	10786273
13535225	13180269
13535225	13535281
13535226	5142429
13535228	570724
13535228	13610355
13535229	13180269
13535230	13180269
13535231	13201785
13535231	13535280
13535231	13546502
13535231	13546504
13535232	13201785
13535232	13535279
13535233	13201785
13535234	13201785
13535235	13201785
13535236	13201785
13535237	13167263
13535237	13535241
13535237	13535243
13535237	13535245
13535237	13535278
13535237	13546500
13535238	13167263
13535239	13167263
13535241	13535237
13535241	13546500
13535241	13546776
13535241	13546777
13535241	13546781
13535241	13546783
13535242	13187213
13535242	13535247
13535242	13535277
13535242	13546499
13535242	13546790
13535242	13546859
13535242	13546862
13535243	13535237
13535243	13546500
13535244	13187213
13535245	13535237
13535245	13546500
13535245	13546777
13535245	13546778
13535246	13187213
13535247	13187213
13535247	13535242
13535247	13546499
13535247	13546787
13535247	13546790
13535247	13546862
13535248	799848
13535249	12771236
13535250	6435094
13535251	12601170
13535252	18921
13535253	13187446
13535254	12218084
13535255	9477269
13535255	13559707
13535256	7349388
13535257	7493509
13535258	13522520
13535259	13495886
13535259	13803668
13535260	13450391
13535260	13535542
13535260	13535543
13535260	13535544
13535260	13803667
13535261	13189048
13535261	13363083
13535261	13535541
13535261	13803665
13535262	13363077
13535263	13363075
13535263	13803664
13535264	13363074
13535264	13535539
13535264	13535540
13535264	13803663
13535265	13362289
13535265	13535538
13535265	13803662
13535266	13346021
13535266	13535537
13535266	13803661
13535267	13345349
13535267	13535536
13535267	13803660
13535268	13345346
13535268	13535534
13535268	13803659
13535269	13227030
13535269	13345344
13535269	13803658
13535270	13345341
13535270	13535531
13535270	13803657
13535271	13344904
13535271	13535530
13535271	13803656
13535272	13344902
13535272	13535529
13535272	13803655
13535273	13320083
13535274	13300309
13535274	13803654
13535275	13292720
13535275	13314133
13535275	13314134
13535275	13803652
13535276	13229766
13535277	13535242
13535278	13535237
13535279	13535232
13535279	13612692
13535280	13535231
13535280	13541313
13535281	13535225
13535282	13535190
13535283	3182012
13535284	3182012
13535295	13180275
13535296	13180275
13535297	13180275
13535298	13201789
13535299	3177985
13535299	13201789
13535299	13535301
13535299	13537421
13535300	3024187
13535301	13201789
13535301	13535299
13535302	13201789
13535303	2332737
13535304	6126719
13535305	13174479
13535306	13174479
13535307	395423
13535308	13174479
13535309	6658172
13535310	13187219
13535311	13187219
13535312	13187219
13535313	289324
13535314	13111576
13535315	8775322
13535316	8040102
13535317	11621512
13535318	13513848
13535319	13513848
13535320	7228686
13535321	13513848
13535322	13513848
13535323	8990393
13535324	13533660
13535325	13533660
13535326	13532100
13535327	6250321
13535328	13532100
13535329	13532100
13535330	13206401
13535331	13206401
13535332	13206401
13535333	13521812
13535334	13521812
13535334	13537592
13535334	13537593
13535334	13537594
13535335	13521812
13535336	5850180
13535337	8319062
13535338	11501020
13535340	436423
13535347	13534680
13535347	13534681
13535347	13534682
13535347	13534684
13535347	13550255
13535347	13700004
13535350	13537685
13535350	13537687
13535350	13537688
13535351	5465176
13535352	3050824
13535352	3050885
13535352	10781482
13535352	12883018
13535352	12883019
13535352	13472448
13535353	12151505
13535354	13535369
13535355	7733082
13535355	7860431
13535355	13535357
13535356	6868818
13535357	7733082
13535357	7860431
13535357	13535355
13535358	6425431
13535364	13180279
13535364	13535370
13535365	13180279
13535366	13180279
13535367	456291
13535367	558089
13535367	2833855
13535368	13201807
13535369	13535354
13535369	13535751
13535370	13535364
13535371	13201807
13535372	13201807
13535373	13535374
13535373	13535383
13535373	13537361
13535373	13537362
13535373	13537366
13535373	13546468
13535374	13535373
13535374	13535383
13535374	13537366
13535375	13174482
13535376	6440926
13535376	13543797
13535377	13174482
13535378	5430748
13535378	5432195
13535379	13539290
13535379	13539292
13535379	13563720
13535380	13174482
13535381	13187937
13535382	13187937
13535383	13535373
13535383	13535374
13535383	13537366
13535383	13546468
13535384	13525484
13535385	13535401
13535386	13525484
13535387	13525484
13535388	11158393
13535388	13537350
13535389	13507771
13535390	13513856
13535391	13513856
13535392	13513856
13535393	13533740
13535393	13543764
13535394	4139519
13535395	13533740
13535396	13533740
13535397	13186754
13535398	13111538
13535399	13507769
13535400	13111538
13535401	13535385
13535402	13206406
13535403	13206406
13535404	13206406
13535405	279745
13535405	13521833
13535405	13640125
13535406	13512382
13535407	13525854
13535408	13526318
13535413	13305116
13535416	1858850
13535419	3282336
13535420	13180284
13535421	13180284
13535422	13201817
13535423	13201817
13535424	11309789
13535425	13174484
13535425	13535426
13535425	13538313
13535425	13538314
13535426	13174484
13535426	13535425
13535426	13537095
13535426	13537096
13535427	11842057
13535428	13174484
13535429	9093551
13535430	13327197
13535431	3271561
13535432	4458364
13535432	10899916
13535433	533324
13535434	6253350
13535435	13535436
13535436	13535435
13535437	7879652
13535438	680226
13535439	5940464
13535440	7758151
13535440	13610740
13535441	13187981
13535442	13187981
13535443	7854490
13535444	13187981
13535445	11038055
13535446	13412643
13535447	13525498
13535448	2608075
13535449	13525498
13535450	6096105
13535451	13525498
13535452	10051073
13535453	5456885
13535454	3753378
13535454	13634457
13535455	4350542
13535456	4759077
13535457	12388973
13535458	13513864
13535459	6977330
13535460	13513864
13535461	4377668
13535462	13513864
13535463	7581438
13535464	2498266
13535465	5190916
13535466	13533865
13535467	13533865
13535468	13533865
13535468	13537472
13535468	13537473
13535469	13532733
13535469	13537552
13535470	13532733
13535471	13532733
13535471	13537552
13535471	13537554
13535471	13537556
13535472	13206417
13535473	13206417
13535474	13206417
13535475	13521855
13535476	3533390
13535477	2947398
13535478	990972
13535479	13468136
13535479	13547399
13535480	2154733
13535480	2154734
13535480	13535489
13535481	1837617
13535481	1837630
13535482	8678032
13535483	7316298
13535484	1111859
13535484	1443410
13535484	1468405
13535484	12552218
13535484	13550994
13535485	260305
13535486	11227528
13535487	4751222
13535487	13594521
13535488	10193148
13535489	13535480
13535490	3910634
13535491	7226823
13535492	11943662
13535493	3405598
13535495	4013588
13535496	260306
13535497	11227536
13535498	4751235
13535499	10146887
13535500	13463977
13535501	10184090
13535502	13052590
13535502	13052595
13535502	13052719
13535502	13535953
13535502	13544398
13535503	13534545
13535503	13534546
13535503	13534547
13535504	13520940
13535504	13534416
13535504	13534418
13535504	13601412
13535504	13684794
13535504	13729850
13535505	13534902
13535505	13579785
13535506	7107742
13535507	10150237
13535508	433050
13535509	6837808
13535509	13550017
13535510	11264061
13535511	12434337
13535512	2900489
13535512	13653195
13535513	1597569
13535514	2109470
13535515	1597569
13535516	4902556
13535517	2727075
13535518	1597569
13535519	3276429
13535520	11613469
13535521	10150253
13535522	10150253
13535523	433051
13535524	6837817
13535525	11264070
13535526	13300309
13535527	12434392
13535528	2900491
13535529	13535272
13535530	13446796
13535530	13535271
13535531	13535270
13535532	2109474
13535533	4903075
13535534	13446780
13535534	13535268
13535535	2727076
13535536	13446778
13535536	13535267
13535537	13446775
13535537	13535266
13535538	13535265
13535539	13535264
13535540	13535264
13535541	13535261
13535541	13577791
13535542	13535260
13535543	13535260
13535544	13535260
13535546	13534848
13535547	7910336
13535548	13431633
13535548	13537645
13535548	13539823
13535548	13539826
13535548	13539828
13535549	9673078
13535550	9011853
13535551	5876441
13535552	11112226
13535553	12062022
13535554	2270069
13535555	6419231
13535556	10071219
13535557	5798488
13535557	13752994
13535558	2387587
13535559	8387337
13535560	9496645
13535561	3436781
13535562	318232
13535562	13642995
13535563	4506456
13535564	3155770
13535565	4506456
13535566	3155772
13535567	13534890
13535568	11609263
13535569	13534887
13535570	11609264
13535571	11609264
13535572	13534887
13535573	11609264
13535574	11609265
13535575	11609265
13535576	11609265
13535577	13534888
13535578	11609266
13535579	13534888
13535580	11609266
13535581	11609266
13535582	13534889
13535583	11609268
13535584	13534889
13535585	11609268
13535586	11609268
13535587	11609268
13535588	13534890
13535589	13534883
13535590	13534880
13535591	13534881
13535592	13534879
13535593	13534878
13535594	13534876
13535595	13534876
13535596	13534875
13535597	13535599
13535598	13534873
13535599	13535597
13535600	13534868
13535601	13535602
13535602	13535601
13535603	13535604
13535603	13597515
13535604	13535603
13535604	13597519
13535605	13535606
13535606	13535605
13535607	13535608
13535608	13535607
13535609	13535610
13535610	13535609
13535611	13535612
13535611	13535613
13535611	13535614
13535612	13535611
13535613	13535611
13535614	13535611
13535615	13535616
13535616	13535615
13535617	13535618
13535618	13535617
13535619	13534868
13535620	13535621
13535621	13535620
13535622	10723385
13535623	13534867
13535624	13535625
13535625	13535624
13535626	13534867
13535627	5915408
13535628	13031674
13535629	13534858
13535630	13424536
13535630	13547149
13535631	13534858
13535632	6245523
13535633	13213374
13535634	13534858
13535635	10311102
13535636	1481007
13535636	13535783
13535637	343795
13535638	13433839
13535639	13534845
13535640	13534844
13535640	13534845
13535641	13535642
13535642	13535641
13535643	8319170
13535644	8319170
13535645	13534843
13535646	8319169
13535647	13534843
13535648	289443
13535649	9394654
13535650	9394654
13535651	8339389
13535652	4778975
13535652	13535780
13535653	13535656
13535653	13544482
13535655	2840737
13535655	13535772
13535655	13535775
13535655	13535777
13535656	13535653
13535660	12026278
13535661	4450496
13535662	13534842
13535663	3290867
13535664	13534842
13535665	2228453
13535665	12028772
13535665	12209412
13535666	2228453
13535667	11890445
13535667	12028772
13535667	12209412
13535668	12127724
13535669	4163981
13535670	12127724
13535671	13534841
13535672	12127724
13535673	475775
13535674	13534840
13535676	1977614
13535677	13534816
13535679	1069510
13535680	5741545
13535681	5741545
13535682	11914204
13535685	13535687
13535685	13535691
13535687	13535685
13535688	13534816
13535689	10779693
13535691	13535685
13535693	614807
13535694	364792
13535695	3656598
13535698	12405258
13535699	717622
13535700	717622
13535701	268848
13535702	268848
13535703	12207262
13535704	12207262
13535705	12207262
13535707	8036500
13535708	8675391
13535709	8675391
13535711	6917157
13535712	13534810
13535713	9418980
13535714	13534810
13535717	13534810
13535718	6255648
13535720	13534810
13535721	8553774
13535722	13534810
13535723	7745488
13535724	7228922
13535725	5738373
13535726	13534808
13535727	13534807
13535728	13534808
13535729	13534807
13535730	13534805
13535731	13534805
13535732	13534804
13535733	13534803
13535734	13534802
13535735	13534802
13535736	13239430
13535737	9041941
13535738	9041941
13535739	3952812
13535741	12856659
13535741	12856662
13535741	13443176
13535742	13055047
13535743	13053407
13535744	13053407
13535746	13050178
13535750	9525300
13535751	13535369
13535754	13534643
13535758	9552062
13535759	8664739
13535759	13536657
13535759	13536660
13535760	8664742
13535760	13536649
13535760	13536652
13535761	13535770
13535761	13535966
13535761	13546498
13535762	11393472
13535762	13535767
13535762	13544480
13535762	13546061
13535764	8664743
13535764	13535776
13535764	13536643
13535765	7704793
13535765	13535804
13535765	13535805
13535765	13544478
13535766	8664737
13535766	13536637
13535767	13535762
13535767	13544480
13535767	13546061
13535768	8664736
13535768	13536632
13535769	8664735
13535769	13536615
13535769	13536617
13535769	13536619
13535770	13535761
13535770	13535966
13535770	13536037
13535770	13546498
13535771	10483711
13535772	13535655
13535773	9603635
13535774	6220401
13535774	6220402
13535774	13536614
13535775	13535655
13535776	13535764
13535777	13535655
13535778	8664733
13535778	13536613
13535780	13535652
13535782	11134404
13535782	13535802
13535783	13535636
13535784	7388753
13535784	13536608
13535784	13536610
13535785	7388754
13535785	13536600
13535785	13536601
13535785	13536602
13535785	13536603
13535785	13536605
13535786	7388755
13535786	13536595
13535786	13536598
13535787	7388756
13535787	13536594
13535787	13536599
13535788	7388751
13535788	13536592
13535789	7388752
13535789	13536590
13535790	7388752
13535790	13536589
13535791	8200864
13535792	8664409
13535792	13536587
13535793	8228959
13535794	8664380
13535794	13536581
13535794	13536583
13535795	8664380
13535795	13536576
13535795	13536579
13535796	13536572
13535797	13536565
13535798	5278930
13535798	13539516
13535799	5278930
13535799	13539513
13535800	5278930
13535800	5279146
13535800	13536555
13535800	13536557
13535800	13536559
13535800	13536560
13535800	13542346
13535800	13570350
13535801	12670888
13535802	13535782
13535802	13536543
13535802	13536545
13535803	10434586
13535804	13535765
13535804	13536518
13535805	13535765
13535805	13536514
13535808	11300409
13535809	4907063
13535812	7917648
13535816	1214053
13535817	8614993
13535818	12652481
13535818	13172238
13535818	13172239
13535819	13382853
13535819	13382855
13535819	13451790
13535820	569601
13535821	908738
13535822	908738
13535823	9301078
13535824	7917650
13535825	2056362
13535825	7917650
13535825	13536495
13535826	7958173
13535827	9286898
13535828	2056362
13535828	7917648
13535828	13536502
13535829	451201
13535829	890301
13535829	1860086
13535829	2056362
13535829	7917649
13535829	13536504
13535830	2056362
13535830	7917648
13535830	13536507
13535831	2056362
13535831	7917649
13535831	13536486
13535832	2867700
13535833	1944106
13535834	1944106
13535835	1289782
13535836	8994012
13535836	13536470
13535836	13536473
13535837	8994012
13535838	5758138
13535839	12867394
13535839	13535843
13535839	13535846
13535839	13535850
13535839	13535851
13535839	13546463
13535839	13782160
13535840	7968802
13535841	7968802
13535842	7968802
13535843	13535839
13535843	13536459
13535843	13536462
13535844	12057085
13535844	13535852
13535844	13546460
13535844	13634835
13535845	13279173
13535846	13535839
13535847	13279170
13535848	13090715
13535850	13535839
13535851	13535839
13535852	13535844
13535852	13536456
13535852	13546460
13535853	9376785
13535855	12992461
13535857	12968572
13535858	12964764
13535859	12900262
13535860	10201804
13535861	7909292
13535862	1968301
13535862	4635946
13535862	4916493
13535862	13536450
13535862	13546457
13535862	13546459
13535862	13566811
13535863	4916493
13535863	13536451
13535863	13546457
13535863	13566811
13535864	11306725
13535865	1968301
13535865	4635945
13535865	4916493
13535865	13536442
13535865	13546457
13535865	13566811
13535866	11044497
13535867	10500471
13535869	10500468
13535872	10274947
13535873	10179451
13535874	13535875
13535875	5428508
13535875	13535874
13535876	5320793
13535877	13535878
13535878	13535877
13535878	13535923
13535879	5320793
13535880	13535881
13535881	13535880
13535881	13535921
13535881	13535922
13535882	13535883
13535883	13535882
13535883	13535884
13535883	13535890
13535884	13535883
13535885	9506571
13535886	9506571
13535887	2542996
13535887	11889695
13535887	13536437
13535888	13535889
13535889	13535888
13535889	13535913
13535889	13544457
13535889	13544475
13535889	13566822
13535890	13535883
13535890	13536433
13535891	13535892
13535892	8597074
13535892	13535891
13535893	3793646
13535893	3793648
13535893	3793651
13535893	5743872
13535893	5743875
13535893	11994359
13535893	13536407
13535894	3793646
13535894	3793648
13535894	3793651
13535894	5743872
13535894	5743875
13535894	11994359
13535894	13536394
13535894	13536398
13535894	13536420
13535895	13535896
13535896	8586601
13535896	13535895
13535897	13535898
13535898	13535897
13535898	13535917
13535898	13544470
13535898	13713632
13535899	11568772
13535899	13634834
13535900	11568772
13535900	13634833
13535901	4533026
13535902	2073335
13535903	11905651
13535904	13535905
13535905	13535904
13535905	13535907
13535905	13535908
13535905	13535910
13535905	13535912
13535905	13544465
13535905	13572298
13535905	13584501
13535905	13764217
13535907	13535905
13535907	13535910
13535907	13544465
13535907	13572298
13535907	13584501
13535908	13535905
13535908	13535912
13535908	13544460
13535908	13544465
13535908	13572298
13535908	13584501
13535908	13620539
13535909	13535911
13535910	13535905
13535910	13535907
13535910	13536387
13535910	13544463
13535910	13544465
13535910	13764196
13535910	13766890
13535910	13766891
13535910	13766892
13535911	13535909
13535911	13535932
13535911	13535933
13535911	13535934
13535911	13544461
13535911	13544462
13535911	13566820
13535912	13535905
13535912	13535908
13535912	13536368
13535912	13536369
13535912	13536371
13535912	13544459
13535912	13544460
13535912	13764204
13535912	13764217
13535912	13766890
13535912	13766891
13535913	13535889
13535913	13536364
13535913	13536365
13535913	13536366
13535913	13536367
13535913	13544457
13535913	13544475
13535913	13566822
13535915	11903121
13535915	13634795
13535915	13634796
13535916	13535919
13535917	13535898
13535917	13536357
13535917	13536360
13535917	13536361
13535917	13536362
13535919	13535916
13535919	13535930
13535919	13544454
13535919	13741081
13535921	13535881
13535921	13536350
13535921	13536351
13535921	13536353
13535921	13536354
13535922	13535881
13535922	13536341
13535922	13536343
13535922	13536346
13535922	13536348
13535923	13535878
13535924	3920642
13535924	4628923
13535924	11072420
13535924	13634794
13535925	12569985
13535927	13532385
13535929	11362097
13535930	13535919
13535930	13536340
13535930	13544454
13535932	13535911
13535932	13536338
13535933	13535911
13535933	13536339
13535934	13535911
13535934	13536336
13535935	7548678
13535935	13535941
13535935	13535942
13535935	13535943
13535936	13696388
13535937	1886285
13535937	2046345
13535937	2053519
13535937	2159345
13535937	2744084
13535937	13536327
13535938	1886285
13535938	2053519
13535938	2159346
13535938	2744085
13535938	13536334
13535939	13696380
13535940	1886285
13535940	2053519
13535940	2159348
13535940	2159349
13535940	2159350
13535940	2159351
13535941	13535935
13535942	13535935
13535943	13535935
13535945	3793646
13535945	3793648
13535945	3793651
13535945	5743871
13535945	5743873
13535945	5814367
13535945	13536413
13535950	2607432
13535951	10978412
13535953	13052590
13535953	13052595
13535953	13052718
13535953	13052719
13535953	13053689
13535953	13535502
13535954	11913184
13535954	13535963
13535955	630016
13535956	11913184
13535956	13535964
13535957	11913184
13535957	13535962
13535958	9648058
13535959	9648058
13535960	9648058
13535961	12243445
13535962	13535957
13535963	13535954
13535964	13535956
13535966	13535761
13535966	13535770
13535966	13546498
13535966	13546794
13535967	12576440
13535969	12576440
13535970	12182794
13535971	12070400
13535972	392793
13535972	6009437
13535973	12070400
13535974	12070400
13535975	5416240
13535976	5416240
13535977	11979273
13535978	11979273
13535979	11828909
13535980	11828909
13535981	1969271
13535982	5416240
13535983	11828805
13535984	11828805
13535985	11744503
13535986	11744503
13535987	11513772
13535988	608298
13535989	11513772
13535990	10296749
13535991	10296749
13535994	13533284
13535994	13535997
13535995	4974039
13535996	4974039
13535997	13533284
13535997	13535994
13535998	974914
13535998	975276
13535998	13534166
13535998	13536001
13535999	6991547
13536000	9725618
13536001	13534166
13536001	13535998
13536002	9725618
13536003	9448032
13536004	9344700
13536005	13443971
13536006	13046131
13536008	12190591
13536009	8483897
13536009	13534162
13536009	13536018
13536009	13550296
13536010	12190591
13536011	12190591
13536012	12182353
13536014	12182353
13536015	12065300
13536016	12065300
13536017	12065300
13536018	8483897
13536018	13534162
13536018	13536009
13536018	13550296
13536019	11910105
13536019	13536024
13536020	11653561
13536021	11653561
13536021	13536023
13536023	11653561
13536023	13536021
13536024	11910105
13536024	13536019
13536032	12833653
13536032	13536039
13536032	13544453
13536032	13706125
13536033	13536041
13536035	13495941
13536036	13495941
13536037	13535770
13536037	13546498
13536037	13546799
13536037	13625196
13536039	12833653
13536039	13536032
13536039	13544453
13536041	13536033
13536041	13536049
13536041	13538717
13536044	13521071
13536045	13425472
13536049	13536041
13536051	13538714
13536052	13538713
13536054	13538710
13536055	13538709
13536056	13054987
13536057	13054987
13536058	12752485
13536059	10630927
13536059	12960100
13536062	799062
13536062	13538705
13536062	13538706
13536063	54143
13536064	8438722
13536064	13538699
13536064	13538700
13536064	13538701
13536065	3557505
13536072	11131504
13536072	13536083
13536072	13536084
13536072	13546456
13536072	13546505
13536072	13566815
13536074	3822408
13536077	12012219
13536078	12012219
13536079	13156020
13536080	676732
13536081	1881608
13536082	6661570
13536082	11131504
13536082	13536086
13536082	13536087
13536083	11988754
13536083	13536072
13536083	13538698
13536083	13546456
13536083	13546505
13536083	13566815
13536084	11988754
13536084	13536072
13536084	13538697
13536084	13546456
13536084	13546505
13536084	13566815
13536085	1881611
13536086	13536082
13536086	13538695
13536087	13536082
13536087	13538693
13536088	371280
13536089	371280
13536090	3097328
13536091	10042855
13536092	14522
13536092	303150
13536093	13434125
13536094	4942359
13536095	13538689
13536096	13434125
13536097	4942359
13536098	3660406
13536099	10075532
13536099	10089729
13536100	361278
13536101	13538688
13536102	13538676
13536103	12203781
13536104	12203781
13536105	12203781
13536106	1844984
13536107	12483718
13536108	12483718
13536109	508629
13536110	8589940
13536111	13489769
13536111	13489997
13536112	8263279
13536112	12483718
13536113	8946620
13536114	8798718
13536115	11973212
13536116	11973212
13536117	12169145
13536117	12169146
13536118	13447262
13536119	13447262
13536120	7213298
13536124	7205998
13536126	13538673
13536127	13538670
13536128	9343114
13536130	13538663
13536131	5886550
13536133	5803891
13536133	5803952
13536133	5804642
13536133	5808413
13536133	13536143
13536133	13536155
13536133	13538657
13536134	5803891
13536134	5804644
13536134	5808413
13536134	13538656
13536135	11080708
13536136	11080708
13536137	10336680
13536138	11080708
13536139	6422819
13536139	13536145
13536140	10326373
13536141	975994
13536142	371558
13536143	13536133
13536144	5123845
13536145	6422819
13536145	13536139
13536146	10230943
13536147	1614078
13536147	13538609
13536148	1614078
13536148	13538610
13536149	13519631
13536150	12506669
13536151	13519631
13536152	265741
13536152	568403
13536152	568495
13536152	1432860
13536152	13538646
13536153	265741
13536153	568403
13536153	13538642
13536154	13519631
13536155	13536133
13536156	13519631
13536157	10632951
13536158	13150936
13536159	11968964
13536160	13150936
13536161	11968964
13536162	10459720
13536163	3938361
13536164	402392
13536164	568941
13536164	568995
13536164	584533
13536164	639881
13536164	639882
13536164	639885
13536164	683204
13536164	812165
13536164	13538638
13536165	402392
13536165	568941
13536165	568995
13536165	584533
13536165	639881
13536165	639882
13536165	639885
13536165	683204
13536165	812165
13536165	13538634
13536166	13150936
13536167	13150936
13536167	13591568
13536167	13591570
13536167	13591572
13536168	1289165
13536168	13536170
13536169	265688
13536169	885253
13536169	13538618
13536170	1289165
13536170	13536168
13536171	13209341
13536172	10050264
13536173	13209332
13536174	13209336
13536175	8981780
13536176	11648965
13536177	265688
13536177	13538613
13536178	1693915
13536178	1694375
13536178	1695137
13536178	10673634
13536179	11614263
13536180	867119
13536180	2554026
13536180	13536190
13536181	7298870
13536182	917555
13536182	10993830
13536183	11665438
13536184	11665438
13536185	11748900
13536186	1439325
13536187	7298930
13536188	13119022
13536189	6998174
13536190	13536180
13536191	8000003
13536192	11791851
13536193	4887620
13536194	1328230
13536195	4887650
13536196	403316
13536197	11939987
13536197	11939989
13536198	12217721
13536199	12217721
13536200	9199922
13536201	8641134
13536201	9460496
13536202	595853
13536203	12217930
13536204	13119022
13536205	13119022
13536207	1613091
13536208	13137903
13536209	13137903
13536210	13534706
13536211	10179410
13536212	11875812
13536212	11875813
13536213	13137903
13536214	13137903
13536215	6923551
13536215	9444407
13536216	10183506
13536216	13519633
13536216	13780370
13536217	11976236
13536218	3508264
13536218	3508265
13536218	11045408
13536218	11058720
13536218	11058724
13536219	13112077
13536220	11676632
13536221	8656667
13536221	13112077
13536221	13760002
13536222	8656667
13536222	13112077
13536223	3053746
13536224	8656667
13536224	13112077
13536224	13760002
13536225	13536230
13536225	13536237
13536225	13536269
13536225	13536271
13536225	13536272
13536225	13536274
13536225	13536279
13536226	2113164
13536227	13535199
13536227	13536229
13536228	11994441
13536229	13535199
13536229	13536227
13536230	13536225
13536230	13536262
13536231	13535199
13536232	11613127
13536233	10782864
13536234	12102834
13536235	12007287
13536236	12102834
13536237	13536225
13536237	13536262
13536238	13522190
13536239	12007287
13536240	13522190
13536241	13522190
13536242	11210381
13536242	12007287
13536243	12102834
13536244	11981249
13536245	8920041
13536246	13108771
13536246	13536251
13536246	13546492
13536246	13546831
13536247	13108771
13536248	11981248
13536249	11981247
13536250	9441694
13536251	13536246
13536251	13546492
13536251	13546818
13536251	13546819
13536251	13546820
13536251	13546821
13536252	13108771
13536253	11215826
13536254	11787327
13536255	11787326
13536256	13108771
13536257	11787325
13536258	11787324
13536259	13528154
13536260	11787320
13536261	13528154
13536262	13536230
13536262	13536237
13536262	13536269
13536262	13536271
13536262	13536272
13536262	13536274
13536262	13536279
13536263	13528154
13536264	11613450
13536265	11613450
13536266	134483
13536266	315181
13536267	11210381
13536268	10231182
13536269	13536225
13536269	13536262
13536270	10231182
13536271	13536225
13536271	13536262
13536272	13536225
13536272	13536262
13536273	6811079
13536274	13536225
13536274	13536262
13536275	11800503
13536276	10281876
13536276	12054545
13536277	11800371
13536278	11792464
13536279	13536225
13536279	13536262
13536280	3322666
13536280	3323977
13536281	1614078
13536281	13538611
13536282	1614078
13536283	4997511
13536284	11770971
13536285	11763157
13536286	1614078
13536286	13538612
13536286	13827316
13536287	11120265
13536288	1614078
13536288	13538606
13536288	13538607
13536289	11613452
13536290	13536291
13536290	13537987
13536290	13537988
13536290	13552918
13536290	13833977
13536291	13536290
13536293	13538602
13536294	12180713
13536295	11210384
13536297	270525
13536297	361426
13536297	463510
13536298	11246160
13536299	11246160
13536300	11246160
13536301	8301086
13536302	7200228
13536303	13536304
13536303	13536749
13536303	13538597
13536303	13544397
13536304	13536303
13536304	13536749
13536304	13544397
13536305	2777131
13536306	270525
13536306	361426
13536306	463510
13536306	13538588
13536307	826039
13536308	1099668
13536308	13538571
13536309	2462361
13536309	13542676
13536309	13542677
13536310	1612661
13536311	287257
13536311	709346
13536312	10303790
13536313	1572099
13536314	12777588
13536315	11985571
13536316	13467770
13536316	13538567
13536317	3465148
13536318	11070846
13536318	13542849
13536319	11031299
13536320	11298607
13536321	11410774
13536322	13159315
13536323	8155787
13536324	11285056
13536325	9369296
13536326	9205864
13536327	13535937
13536328	7040801
13536329	7754247
13536330	9318959
13536331	7040801
13536332	11147404
13536333	11086737
13536334	13535938
13536335	11398314
13536336	13535934
13536337	11551961
13536338	13535932
13536339	13535933
13536340	13535930
13536341	13535922
13536342	13536344
13536343	13535922
13536344	13536342
13536345	13538564
13536345	13538566
13536346	13535922
13536347	13538563
13536348	13535922
13536349	11273573
13536350	13535921
13536351	13535921
13536352	2551929
13536353	13535921
13536354	13535921
13536355	9066950
13536356	9033726
13536357	13535917
13536358	7210895
13536358	13642485
13536358	13642486
13536358	13642515
13536358	13642516
13536359	11881652
13536360	13535917
13536361	13535917
13536362	13535917
13536363	11493482
13536364	13535913
13536365	13535913
13536366	13535913
13536367	13535913
13536368	13535912
13536369	13535912
13536370	1643899
13536371	13535912
13536372	13270798
13536372	13270849
13536372	13271365
13536372	13536377
13536373	13270798
13536373	13270849
13536373	13271366
13536373	13536377
13536374	13270798
13536374	13270849
13536374	13271366
13536374	13536377
13536375	11418256
13536376	1593903
13536377	13270798
13536377	13270849
13536377	13271365
13536377	13271366
13536377	13536372
13536377	13536373
13536377	13536374
13536377	13536379
13536377	13536381
13536377	13536383
13536378	416803
13536379	13270798
13536379	13270849
13536379	13271365
13536379	13536377
13536380	13521993
13536381	13270798
13536381	13270849
13536381	13271366
13536381	13536377
13536382	12172597
13536383	13270798
13536383	13270849
13536383	13271366
13536383	13536377
13536384	358960
13536385	11622887
13536386	2218121
13536386	6697957
13536386	6697958
13536386	13697661
13536387	13535910
13536388	11360486
13536389	7735270
13536390	8382752
13536391	11707694
13536392	11707694
13536393	5259620
13536394	13535894
13536395	5259620
13536396	8967341
13536396	8967633
13536396	8968751
13536396	8968761
13536396	8969711
13536396	13536399
13536397	8967341
13536397	8969711
13536397	13536399
13536398	13535894
13536399	8967340
13536399	8967341
13536399	8967633
13536399	8968751
13536399	8968760
13536399	8969711
13536399	12457182
13536399	13536396
13536399	13536397
13536400	493374
13536401	11309978
13536402	4152520
13536403	11429086
13536404	4152520
13536405	8831495
13536406	7715346
13536406	13538196
13536406	13538197
13536407	13535893
13536408	7952146
13536410	10371170
13536410	13538561
13536412	11292612
13536413	13535945
13536414	10371173
13536414	13538551
13536415	11963118
13536416	4152520
13536417	11297533
13536418	13536508
13536418	13538549
13536419	6171997
13536419	13536421
13536420	13535894
13536421	6171997
13536421	13536419
13536422	548705
13536422	2049476
13536422	10361116
13536422	10371176
13536422	13538547
13536423	11421752
13536423	13656257
13536424	11202974
13536425	7542850
13536425	7579943
13536425	13536426
13536426	7542850
13536426	7579943
13536426	13536425
13536426	13537357
13536426	13537358
13536427	12317676
13536428	7374943
13536428	12521423
13536429	9064538
13536430	6229130
13536430	7132533
13536431	6431463
13536432	11539809
13536433	13535890
13536434	7227830
13536434	7227831
13536434	13536447
13536435	11405239
13536436	7227830
13536436	7227831
13536436	13536447
13536437	13535887
13536438	7227830
13536438	7227831
13536438	13536447
13536439	11113782
13536440	7227830
13536440	7227831
13536440	13536447
13536441	7227830
13536441	7227831
13536441	13536447
13536442	13535865
13536443	13536445
13536443	13536446
13536443	13536449
13536443	13536482
13536444	7227830
13536444	7227831
13536444	13536447
13536445	13536443
13536445	13536446
13536445	13536449
13536445	13536482
13536446	13536443
13536446	13536445
13536446	13536449
13536446	13536482
13536447	7227830
13536447	7227831
13536447	13536434
13536447	13536436
13536447	13536438
13536447	13536440
13536447	13536441
13536447	13536444
13536448	9067635
13536449	13536443
13536449	13536445
13536449	13536446
13536450	13535862
13536451	13535863
13536452	7227830
13536452	9152634
13536453	7227830
13536453	9152635
13536454	7227830
13536454	9152635
13536455	8401920
13536455	13538198
13536455	13828864
13536456	13535852
13536458	7722712
13536458	7753765
13536458	12900707
13536459	13535843
13536460	11443422
13536461	6247114
13536462	13535843
13536463	6427774
13536464	8388073
13536464	13536477
13536464	13544448
13536465	7967333
13536466	6898719
13536467	6898719
13536468	10470608
13536468	10470609
13536468	10472866
13536468	10472869
13536468	13538545
13536468	13543653
13536469	6898719
